
> test:noir
> node scripts/test-noir.mjs

[23:39:15.645] INFO: txe:rpc Setting up TXE...
[23:39:15.646] INFO: kv-store:lmdb-v2 Starting data store with maxReaders 2
[23:39:15.832] INFO: txe:rpc TXE listening on port 49162
[billboard_contract] Running 0 test functions
[billboard_contract] [0m[32m0 tests passed[0m
[billboard_test] Running 62 test functions
[23:39:20.329] INFO: kv-store:lmdb-v2 Starting data store with maxReaders 2
[23:39:20.330] INFO: kv-store:lmdb-v2 Starting data store with maxReaders 2
[23:39:20.331] INFO: world-state:database Creating world state data store at directory /var/folders/ym/q1vh2x5n58xbsmpmvs5_6w3r0000gn/T/aztec-world-state-87gMz5/world_state with map sizes {"archiveTreeMapSizeKb":10485760,"nullifierTreeMapSizeKb":10485760,"noteHashTreeMapSizeKb":10485760,"messageTreeMapSizeKb":10485760,"publicDataTreeMapSizeKb":10485760} and 12 threads (ephemeral=true).
[23:39:20.345] INFO: txe_node Aztec Node version: txe
[23:39:20.345] INFO: txe_node Aztec Node started on chain 0x1
[23:39:20.360] INFO: txe:top_level_context Created block 1 with timestamp 1789195160
[23:39:20.434] INFO: txe:top_level_context Created block 2 with timestamp 1789195160
[23:39:20.510] INFO: simulator:public-processor Processed 1 successful txs and 0 failed txs (0 silently skipped, 0ms wasted) in 0.03003612499999963s {"blockNumber":3,"successfulCount":1,"failedCount":0,"duration":0.03003612499999963,"rate":72156611.41375683,"totalPublicGas":{"daGas":3776,"l2Gas":2167305},"totalBlockGas":{"daGas":3776,"l2Gas":2167305},"totalSizeInBytes":3904,"silentlySkippedCount":0,"silentlySkippedDurationMs":0}
[23:39:20.540] INFO: txe:top_level_context Created block 4 with timestamp 1789195160
[23:39:20.769] INFO: simulator:public-processor Processed 1 successful txs and 0 failed txs (0 silently skipped, 0ms wasted) in 0.004553791999999703s {"blockNumber":5,"successfulCount":1,"failedCount":0,"duration":0.004553791999999703,"rate":0,"totalPublicGas":{"daGas":0,"l2Gas":0},"totalBlockGas":{"daGas":1984,"l2Gas":529900},"totalSizeInBytes":1984,"silentlySkippedCount":0,"silentlySkippedDurationMs":0}
[23:39:20.798] INFO: txe:top_level_context Created block 6 with timestamp 1789198761
[23:39:21.276] INFO: simulator:public-processor Processed 1 successful txs and 0 failed txs (0 silently skipped, 0ms wasted) in 0.01952379099999962s {"blockNumber":7,"successfulCount":1,"failedCount":0,"duration":0.01952379099999962,"rate":61263665.44284475,"totalPublicGas":{"daGas":2176,"l2Gas":1196099},"totalBlockGas":{"daGas":3552,"l2Gas":1922849},"totalSizeInBytes":3552,"silentlySkippedCount":0,"silentlySkippedDurationMs":0}
[23:39:21.305] INFO: txe:top_level_context Created block 8 with timestamp 1789202360
[23:39:21.759] INFO: simulator:public-processor Processed 1 successful txs and 0 failed txs (0 silently skipped, 0ms wasted) in 0.01904229200000009s {"blockNumber":9,"successfulCount":1,"failedCount":0,"duration":0.01904229200000009,"rate":62812764.3458043,"totalPublicGas":{"daGas":2176,"l2Gas":1196099},"totalBlockGas":{"daGas":3552,"l2Gas":1922849},"totalSizeInBytes":3552,"silentlySkippedCount":0,"silentlySkippedDurationMs":0}
[23:39:21.787] INFO: txe:top_level_context Created block 10 with timestamp 1789205961
[23:39:22.234] INFO: simulator:public-processor Processed 1 successful txs and 0 failed txs (0 silently skipped, 0ms wasted) in 0.01936754099999962s {"blockNumber":11,"successfulCount":1,"failedCount":0,"duration":0.01936754099999962,"rate":61757917.53842284,"totalPublicGas":{"daGas":2176,"l2Gas":1196099},"totalBlockGas":{"daGas":3552,"l2Gas":1922849},"totalSizeInBytes":3552,"silentlySkippedCount":0,"silentlySkippedDurationMs":0}
[23:39:22.269] INFO: simulator:public-processor Processed 1 successful txs and 0 failed txs (0 silently skipped, 0ms wasted) in 0.0043220000000001165s {"blockNumber":12,"successfulCount":1,"failedCount":0,"duration":0.0043220000000001165,"rate":1618695.0485885728,"totalPublicGas":{"daGas":0,"l2Gas":6996},"totalBlockGas":{"daGas":0,"l2Gas":6996},"totalSizeInBytes":128,"silentlySkippedCount":0,"silentlySkippedDurationMs":0}
[billboard_test] Testing test_censor_window_grandchild_screening ... [0m[32mok[0m
[23:39:24.092] INFO: kv-store:lmdb-v2 Starting data store with maxReaders 2
[23:39:24.093] INFO: world-state:database Creating world state data store at directory /var/folders/ym/q1vh2x5n58xbsmpmvs5_6w3r0000gn/T/aztec-world-state-xcB5KZ/world_state with map sizes {"archiveTreeMapSizeKb":10485760,"nullifierTreeMapSizeKb":10485760,"noteHashTreeMapSizeKb":10485760,"messageTreeMapSizeKb":10485760,"publicDataTreeMapSizeKb":10485760} and 12 threads (ephemeral=true).
[23:39:24.102] INFO: txe_node Aztec Node version: txe
[23:39:24.102] INFO: txe_node Aztec Node started on chain 0x1
[23:39:24.114] INFO: txe:top_level_context Created block 1 with timestamp 1789195164
[23:39:24.148] INFO: txe:top_level_context Created block 2 with timestamp 1789195164
[23:39:24.209] INFO: simulator:public-processor Processed 1 successful txs and 0 failed txs (0 silently skipped, 0ms wasted) in 0.027504166999999143s {"blockNumber":3,"successfulCount":1,"failedCount":0,"duration":0.027504166999999143,"rate":78799150.68869628,"totalPublicGas":{"daGas":3776,"l2Gas":2167305},"totalBlockGas":{"daGas":3776,"l2Gas":2167305},"totalSizeInBytes":3904,"silentlySkippedCount":0,"silentlySkippedDurationMs":0}
[23:39:24.236] INFO: txe:top_level_context Created block 4 with timestamp 1789195164
[23:39:24.391] INFO: simulator:public-processor Processed 1 successful txs and 0 failed txs (0 silently skipped, 0ms wasted) in 0.0036431250000005092s {"blockNumber":5,"successfulCount":1,"failedCount":0,"duration":0.0036431250000005092,"rate":0,"totalPublicGas":{"daGas":0,"l2Gas":0},"totalBlockGas":{"daGas":1984,"l2Gas":529900},"totalSizeInBytes":1984,"silentlySkippedCount":0,"silentlySkippedDurationMs":0}
[23:39:24.418] INFO: txe:top_level_context Created block 6 with timestamp 1789198765
[23:39:24.849] INFO: simulator:public-processor Processed 1 successful txs and 0 failed txs (0 silently skipped, 0ms wasted) in 0.019036416999999348s {"blockNumber":7,"successfulCount":1,"failedCount":0,"duration":0.019036416999999348,"rate":62832149.55839857,"totalPublicGas":{"daGas":2176,"l2Gas":1196099},"totalBlockGas":{"daGas":3552,"l2Gas":1922849},"totalSizeInBytes":3552,"silentlySkippedCount":0,"silentlySkippedDurationMs":0}
[23:39:24.898] INFO: simulator:public-processor Processed 1 successful txs and 0 failed txs (0 silently skipped, 0ms wasted) in 0.017346290999999837s {"blockNumber":8,"successfulCount":1,"failedCount":0,"duration":0.017346290999999837,"rate":69332227.85205272,"totalPublicGas":{"daGas":2176,"l2Gas":1202657},"totalBlockGas":{"daGas":2176,"l2Gas":1202657},"totalSizeInBytes":2304,"silentlySkippedCount":0,"silentlySkippedDurationMs":0}
[23:39:24.935] INFO: simulator:public-processor Processed 1 successful txs and 0 failed txs (0 silently skipped, 0ms wasted) in 0.004450832999998966s {"blockNumber":9,"successfulCount":1,"failedCount":0,"duration":0.004450832999998966,"rate":1961430.5906337148,"totalPublicGas":{"daGas":0,"l2Gas":8730},"totalBlockGas":{"daGas":0,"l2Gas":8730},"totalSizeInBytes":128,"silentlySkippedCount":0,"silentlySkippedDurationMs":0}
[23:39:24.948] INFO: txe:top_level_context Created block 9 with timestamp 1789202364
[23:39:25.381] INFO: simulator:public-processor Processed 1 successful txs and 0 failed txs (0 silently skipped, 0ms wasted) in 0.019375999999998384s {"blockNumber":10,"successfulCount":1,"failedCount":0,"duration":0.019375999999998384,"rate":61730955.82164016,"totalPublicGas":{"daGas":2176,"l2Gas":1196099},"totalBlockGas":{"daGas":3552,"l2Gas":1922849},"totalSizeInBytes":3552,"silentlySkippedCount":0,"silentlySkippedDurationMs":0}
[23:39:25.731] INFO: txe:top_level_context Created block 11 with timestamp 1789205965
[23:39:26.152] INFO: simulator:public-processor Processed 1 successful txs and 0 failed txs (0 silently skipped, 0ms wasted) in 0.02123554100000001s {"blockNumber":12,"successfulCount":1,"failedCount":0,"duration":0.02123554100000001,"rate":56325336.84920009,"totalPublicGas":{"daGas":2176,"l2Gas":1196099},"totalBlockGas":{"daGas":3552,"l2Gas":1922849},"totalSizeInBytes":3552,"silentlySkippedCount":0,"silentlySkippedDurationMs":0}
[billboard_test] Testing test_censor_window_hard_invariant ... [0m[32mok[0m
[23:39:27.948] INFO: kv-store:lmdb-v2 Starting data store with maxReaders 2
[23:39:27.949] INFO: world-state:database Creating world state data store at directory /var/folders/ym/q1vh2x5n58xbsmpmvs5_6w3r0000gn/T/aztec-world-state-5H99Ij/world_state with map sizes {"archiveTreeMapSizeKb":10485760,"nullifierTreeMapSizeKb":10485760,"noteHashTreeMapSizeKb":10485760,"messageTreeMapSizeKb":10485760,"publicDataTreeMapSizeKb":10485760} and 12 threads (ephemeral=true).
[23:39:27.957] INFO: txe_node Aztec Node version: txe
[23:39:27.957] INFO: txe_node Aztec Node started on chain 0x1
[23:39:27.969] INFO: txe:top_level_context Created block 1 with timestamp 1789195167
[23:39:28.002] INFO: txe:top_level_context Created block 2 with timestamp 1789195167
[23:39:28.062] INFO: simulator:public-processor Processed 1 successful txs and 0 failed txs (0 silently skipped, 0ms wasted) in 0.026834583999998357s {"blockNumber":3,"successfulCount":1,"failedCount":0,"duration":0.026834583999998357,"rate":80765366.06642133,"totalPublicGas":{"daGas":3776,"l2Gas":2167305},"totalBlockGas":{"daGas":3776,"l2Gas":2167305},"totalSizeInBytes":3904,"silentlySkippedCount":0,"silentlySkippedDurationMs":0}
[23:39:28.089] INFO: txe:top_level_context Created block 4 with timestamp 1789195167
[23:39:28.242] INFO: simulator:public-processor Processed 1 successful txs and 0 failed txs (0 silently skipped, 0ms wasted) in 0.0035052080000004936s {"blockNumber":5,"successfulCount":1,"failedCount":0,"duration":0.0035052080000004936,"rate":0,"totalPublicGas":{"daGas":0,"l2Gas":0},"totalBlockGas":{"daGas":1984,"l2Gas":529900},"totalSizeInBytes":1984,"silentlySkippedCount":0,"silentlySkippedDurationMs":0}
[23:39:28.269] INFO: txe:top_level_context Created block 6 with timestamp 1789198768
[23:39:28.698] INFO: simulator:public-processor Processed 1 successful txs and 0 failed txs (0 silently skipped, 0ms wasted) in 0.019846459000000323s {"blockNumber":7,"successfulCount":1,"failedCount":0,"duration":0.019846459000000323,"rate":60267627.590391845,"totalPublicGas":{"daGas":2176,"l2Gas":1196099},"totalBlockGas":{"daGas":3552,"l2Gas":1922849},"totalSizeInBytes":3552,"silentlySkippedCount":0,"silentlySkippedDurationMs":0}
[23:39:28.727] INFO: txe:top_level_context Created block 8 with timestamp 1789202367
[23:39:29.162] INFO: simulator:public-processor Processed 1 successful txs and 0 failed txs (0 silently skipped, 0ms wasted) in 0.01946570900000006s {"blockNumber":9,"successfulCount":1,"failedCount":0,"duration":0.01946570900000006,"rate":61446464.652276285,"totalPublicGas":{"daGas":2176,"l2Gas":1196099},"totalBlockGas":{"daGas":3552,"l2Gas":1922849},"totalSizeInBytes":3552,"silentlySkippedCount":0,"silentlySkippedDurationMs":0}
[23:39:29.197] INFO: simulator:public-processor Processed 1 successful txs and 0 failed txs (0 silently skipped, 0ms wasted) in 0.004140583000000334s {"blockNumber":10,"successfulCount":1,"failedCount":0,"duration":0.004140583000000334,"rate":1689617.1384559702,"totalPublicGas":{"daGas":0,"l2Gas":6996},"totalBlockGas":{"daGas":0,"l2Gas":6996},"totalSizeInBytes":128,"silentlySkippedCount":0,"silentlySkippedDurationMs":0}
[billboard_test] Testing test_censor_window_post_too_young_to_screen ... [0m[32mok[0m
[billboard_test] Testing test_cooldown_100x_deposit ... [0m[32mok[0m
[billboard_test] Testing test_cooldown_10x_deposit ... [0m[32mok[0m
[billboard_test] Testing test_cooldown_at_min_deposit ... [0m[32mok[0m
[billboard_test] Testing test_cooldown_halves_when_deposit_doubles ... [0m[32mok[0m
[billboard_test] Testing test_cooldown_minimum_one_second ... [0m[32mok[0m
[billboard_test] Testing test_cooldown_no_overflow_at_large_values ... [0m[32mok[0m
[billboard_test] Testing test_cooldown_truncation ... [0m[32mok[0m
[billboard_test] Testing test_declare_immoral_censor_passes_auth ... [0m[32mok[0m
[23:39:40.836] INFO: kv-store:lmdb-v2 Starting data store with maxReaders 2
[23:39:40.836] INFO: world-state:database Creating world state data store at directory /var/folders/ym/q1vh2x5n58xbsmpmvs5_6w3r0000gn/T/aztec-world-state-chJHEG/world_state with map sizes {"archiveTreeMapSizeKb":10485760,"nullifierTreeMapSizeKb":10485760,"noteHashTreeMapSizeKb":10485760,"messageTreeMapSizeKb":10485760,"publicDataTreeMapSizeKb":10485760} and 12 threads (ephemeral=true).
[23:39:40.845] INFO: txe_node Aztec Node version: txe
[23:39:40.845] INFO: txe_node Aztec Node started on chain 0x1
[23:39:40.857] INFO: txe:top_level_context Created block 1 with timestamp 1789195180
[23:39:40.888] INFO: txe:top_level_context Created block 2 with timestamp 1789195180
[23:39:40.949] INFO: simulator:public-processor Processed 1 successful txs and 0 failed txs (0 silently skipped, 0ms wasted) in 0.02821849999999904s {"blockNumber":3,"successfulCount":1,"failedCount":0,"duration":0.02821849999999904,"rate":76804401.36789957,"totalPublicGas":{"daGas":3776,"l2Gas":2167305},"totalBlockGas":{"daGas":3776,"l2Gas":2167305},"totalSizeInBytes":3904,"silentlySkippedCount":0,"silentlySkippedDurationMs":0}
[23:39:40.986] INFO: simulator:public-processor Processed 1 successful txs and 0 failed txs (0 silently skipped, 0ms wasted) in 0.006462125000001834s {"blockNumber":4,"successfulCount":1,"failedCount":0,"duration":0.006462125000001834,"rate":4819312.532640759,"totalPublicGas":{"daGas":0,"l2Gas":31143},"totalBlockGas":{"daGas":0,"l2Gas":31143},"totalSizeInBytes":128,"silentlySkippedCount":0,"silentlySkippedDurationMs":0}
[23:39:40.989] WARN: txe:top_level_context Could not find function artifact in contract Billboard for function '0x6675867b' when enriching error callstack
[23:39:42.421] INFO: kv-store:lmdb-v2 Starting data store with maxReaders 2
[23:39:42.421] INFO: world-state:database Creating world state data store at directory /var/folders/ym/q1vh2x5n58xbsmpmvs5_6w3r0000gn/T/aztec-world-state-coilu0/world_state with map sizes {"archiveTreeMapSizeKb":10485760,"nullifierTreeMapSizeKb":10485760,"noteHashTreeMapSizeKb":10485760,"messageTreeMapSizeKb":10485760,"publicDataTreeMapSizeKb":10485760} and 12 threads (ephemeral=true).
[23:39:42.430] INFO: txe_node Aztec Node version: txe
[23:39:42.430] INFO: txe_node Aztec Node started on chain 0x1
[23:39:42.441] INFO: txe:top_level_context Created block 1 with timestamp 1789195182
[23:39:42.476] INFO: txe:top_level_context Created block 2 with timestamp 1789195182
[23:39:42.537] INFO: simulator:public-processor Processed 1 successful txs and 0 failed txs (0 silently skipped, 0ms wasted) in 0.027098500000000057s {"blockNumber":3,"successfulCount":1,"failedCount":0,"duration":0.027098500000000057,"rate":79978781.1133456,"totalPublicGas":{"daGas":3776,"l2Gas":2167305},"totalBlockGas":{"daGas":3776,"l2Gas":2167305},"totalSizeInBytes":3904,"silentlySkippedCount":0,"silentlySkippedDurationMs":0}
[23:39:42.576] INFO: simulator:public-processor Processed 1 successful txs and 0 failed txs (0 silently skipped, 0ms wasted) in 0.004794459000000643s {"blockNumber":4,"successfulCount":1,"failedCount":0,"duration":0.004794459000000643,"rate":6183387.948462178,"totalPublicGas":{"daGas":0,"l2Gas":29646},"totalBlockGas":{"daGas":0,"l2Gas":29646},"totalSizeInBytes":128,"silentlySkippedCount":0,"silentlySkippedDurationMs":0}
[23:39:42.577] WARN: txe:top_level_context Could not find function artifact in contract Billboard for function '0x6675867b' when enriching error callstack
[billboard_test] Testing test_declare_immoral_fails_when_no_censor ... [0m[32mok[0m
[billboard_test] Testing test_declare_immoral_rejects_non_censor ... [0m[32mok[0m
[23:39:44.017] INFO: kv-store:lmdb-v2 Starting data store with maxReaders 2
[23:39:44.018] INFO: world-state:database Creating world state data store at directory /var/folders/ym/q1vh2x5n58xbsmpmvs5_6w3r0000gn/T/aztec-world-state-BOvQ7Y/world_state with map sizes {"archiveTreeMapSizeKb":10485760,"nullifierTreeMapSizeKb":10485760,"noteHashTreeMapSizeKb":10485760,"messageTreeMapSizeKb":10485760,"publicDataTreeMapSizeKb":10485760} and 12 threads (ephemeral=true).
[23:39:44.026] INFO: txe_node Aztec Node version: txe
[23:39:44.026] INFO: txe_node Aztec Node started on chain 0x1
[23:39:44.038] INFO: txe:top_level_context Created block 1 with timestamp 1789195184
[23:39:44.068] INFO: txe:top_level_context Created block 2 with timestamp 1789195184
[23:39:44.131] INFO: simulator:public-processor Processed 1 successful txs and 0 failed txs (0 silently skipped, 0ms wasted) in 0.02697404199999801s {"blockNumber":3,"successfulCount":1,"failedCount":0,"duration":0.02697404199999801,"rate":80347802.52808088,"totalPublicGas":{"daGas":3776,"l2Gas":2167305},"totalBlockGas":{"daGas":3776,"l2Gas":2167305},"totalSizeInBytes":3904,"silentlySkippedCount":0,"silentlySkippedDurationMs":0}
[23:39:44.170] INFO: simulator:public-processor Processed 1 successful txs and 0 failed txs (0 silently skipped, 0ms wasted) in 0.004637584000000061s {"blockNumber":4,"successfulCount":1,"failedCount":0,"duration":0.004637584000000061,"rate":6392552.673978436,"totalPublicGas":{"daGas":0,"l2Gas":29646},"totalBlockGas":{"daGas":0,"l2Gas":29646},"totalSizeInBytes":128,"silentlySkippedCount":0,"silentlySkippedDurationMs":0}
[23:39:44.171] WARN: txe:top_level_context Could not find function artifact in contract Billboard for function '0x6675867b' when enriching error callstack
[billboard_test] Testing test_deposit_msg_hash_deterministic ... [0m[32mok[0m
[billboard_test] Testing test_deposit_msg_hash_differs_by_amount ... [0m[32mok[0m
[billboard_test] Testing test_deposit_msg_hash_differs_by_depositor ... [0m[32mok[0m
[23:39:49.843] INFO: kv-store:lmdb-v2 Starting data store with maxReaders 2
[23:39:49.844] INFO: world-state:database Creating world state data store at directory /var/folders/ym/q1vh2x5n58xbsmpmvs5_6w3r0000gn/T/aztec-world-state-eUzEhn/world_state with map sizes {"archiveTreeMapSizeKb":10485760,"nullifierTreeMapSizeKb":10485760,"noteHashTreeMapSizeKb":10485760,"messageTreeMapSizeKb":10485760,"publicDataTreeMapSizeKb":10485760} and 12 threads (ephemeral=true).
[23:39:49.853] INFO: txe_node Aztec Node version: txe
[23:39:49.853] INFO: txe_node Aztec Node started on chain 0x1
[23:39:49.864] INFO: txe:top_level_context Created block 1 with timestamp 1789195189
[23:39:49.911] INFO: txe:top_level_context Created block 2 with timestamp 1789195189
[23:39:49.973] INFO: simulator:public-processor Processed 1 successful txs and 0 failed txs (0 silently skipped, 0ms wasted) in 0.027564040999997815s {"blockNumber":3,"successfulCount":1,"failedCount":0,"duration":0.027564040999997815,"rate":78627984.91702184,"totalPublicGas":{"daGas":3776,"l2Gas":2167305},"totalBlockGas":{"daGas":3776,"l2Gas":2167305},"totalSizeInBytes":3904,"silentlySkippedCount":0,"silentlySkippedDurationMs":0}
[23:39:50.001] INFO: txe:top_level_context Created block 4 with timestamp 1789195189
[23:39:50.168] INFO: simulator:public-processor Processed 1 successful txs and 0 failed txs (0 silently skipped, 0ms wasted) in 0.0036326669999980367s {"blockNumber":5,"successfulCount":1,"failedCount":0,"duration":0.0036326669999980367,"rate":0,"totalPublicGas":{"daGas":0,"l2Gas":0},"totalBlockGas":{"daGas":1984,"l2Gas":529900},"totalSizeInBytes":1984,"silentlySkippedCount":0,"silentlySkippedDurationMs":0}
[23:39:50.196] INFO: txe:top_level_context Created block 6 with timestamp 1789198790
[23:39:50.655] INFO: simulator:public-processor Processed 1 successful txs and 0 failed txs (0 silently skipped, 0ms wasted) in 0.01987433299999975s {"blockNumber":7,"successfulCount":1,"failedCount":0,"duration":0.01987433299999975,"rate":60183101.49075267,"totalPublicGas":{"daGas":2176,"l2Gas":1196099},"totalBlockGas":{"daGas":3552,"l2Gas":1922849},"totalSizeInBytes":3552,"silentlySkippedCount":0,"silentlySkippedDurationMs":0}
[23:39:50.684] INFO: txe:top_level_context Created block 8 with timestamp 1789202391
[23:39:51.117] INFO: simulator:public-processor Processed 1 successful txs and 0 failed txs (0 silently skipped, 0ms wasted) in 0.007347334000005503s {"blockNumber":9,"successfulCount":1,"failedCount":0,"duration":0.007347334000005503,"rate":12967288.543018276,"totalPublicGas":{"daGas":128,"l2Gas":95275},"totalBlockGas":{"daGas":1504,"l2Gas":822025},"totalSizeInBytes":1504,"silentlySkippedCount":0,"silentlySkippedDurationMs":0}
[billboard_test] Testing test_dummy_post_advances_screening ... [0m[32mok[0m
[23:39:52.928] INFO: kv-store:lmdb-v2 Starting data store with maxReaders 2
[23:39:52.929] INFO: world-state:database Creating world state data store at directory /var/folders/ym/q1vh2x5n58xbsmpmvs5_6w3r0000gn/T/aztec-world-state-YBbdUm/world_state with map sizes {"archiveTreeMapSizeKb":10485760,"nullifierTreeMapSizeKb":10485760,"noteHashTreeMapSizeKb":10485760,"messageTreeMapSizeKb":10485760,"publicDataTreeMapSizeKb":10485760} and 12 threads (ephemeral=true).
[23:39:52.937] INFO: txe_node Aztec Node version: txe
[23:39:52.937] INFO: txe_node Aztec Node started on chain 0x1
[23:39:52.949] INFO: txe:top_level_context Created block 1 with timestamp 1789195192
[23:39:52.982] INFO: txe:top_level_context Created block 2 with timestamp 1789195192
[23:39:53.044] INFO: simulator:public-processor Processed 1 successful txs and 0 failed txs (0 silently skipped, 0ms wasted) in 0.02813641600000119s {"blockNumber":3,"successfulCount":1,"failedCount":0,"duration":0.02813641600000119,"rate":77028467.30727568,"totalPublicGas":{"daGas":3776,"l2Gas":2167305},"totalBlockGas":{"daGas":3776,"l2Gas":2167305},"totalSizeInBytes":3904,"silentlySkippedCount":0,"silentlySkippedDurationMs":0}
[23:39:53.072] INFO: txe:top_level_context Created block 4 with timestamp 1789195192
[23:39:53.230] INFO: simulator:public-processor Processed 1 successful txs and 0 failed txs (0 silently skipped, 0ms wasted) in 0.0033857500000012805s {"blockNumber":5,"successfulCount":1,"failedCount":0,"duration":0.0033857500000012805,"rate":0,"totalPublicGas":{"daGas":0,"l2Gas":0},"totalBlockGas":{"daGas":1984,"l2Gas":529900},"totalSizeInBytes":1984,"silentlySkippedCount":0,"silentlySkippedDurationMs":0}
[23:39:53.257] INFO: txe:top_level_context Created block 6 with timestamp 1789198793
[23:39:53.672] INFO: simulator:public-processor Processed 1 successful txs and 0 failed txs (0 silently skipped, 0ms wasted) in 0.007515500000001339s {"blockNumber":7,"successfulCount":1,"failedCount":0,"duration":0.007515500000001339,"rate":12677133.923223076,"totalPublicGas":{"daGas":128,"l2Gas":95275},"totalBlockGas":{"daGas":1504,"l2Gas":822025},"totalSizeInBytes":1504,"silentlySkippedCount":0,"silentlySkippedDurationMs":0}
[23:39:53.707] INFO: simulator:public-processor Processed 1 successful txs and 0 failed txs (0 silently skipped, 0ms wasted) in 0.00394812500000262s {"blockNumber":8,"successfulCount":1,"failedCount":0,"duration":0.00394812500000262,"rate":1771980.3704278253,"totalPublicGas":{"daGas":0,"l2Gas":6996},"totalBlockGas":{"daGas":0,"l2Gas":6996},"totalSizeInBytes":128,"silentlySkippedCount":0,"silentlySkippedDurationMs":0}
[23:39:53.726] INFO: simulator:public-processor Processed 1 successful txs and 0 failed txs (0 silently skipped, 0ms wasted) in 0.0042054579999967244s {"blockNumber":8,"successfulCount":1,"failedCount":0,"duration":0.0042054579999967244,"rate":2040919.2054721948,"totalPublicGas":{"daGas":0,"l2Gas":8583},"totalBlockGas":{"daGas":0,"l2Gas":8583},"totalSizeInBytes":128,"silentlySkippedCount":0,"silentlySkippedDurationMs":0}
[23:39:53.748] INFO: simulator:public-processor Processed 1 successful txs and 0 failed txs (0 silently skipped, 0ms wasted) in 0.005778665999998338s {"blockNumber":8,"successfulCount":1,"failedCount":0,"duration":0.005778665999998338,"rate":21584739.453714035,"totalPublicGas":{"daGas":0,"l2Gas":124731},"totalBlockGas":{"daGas":0,"l2Gas":124731},"totalSizeInBytes":128,"silentlySkippedCount":0,"silentlySkippedDurationMs":0}
[billboard_test] Testing test_dummy_post_does_not_store_content ... [0m[32mok[0m
[23:39:55.550] INFO: kv-store:lmdb-v2 Starting data store with maxReaders 2
[23:39:55.551] INFO: world-state:database Creating world state data store at directory /var/folders/ym/q1vh2x5n58xbsmpmvs5_6w3r0000gn/T/aztec-world-state-gX9xaP/world_state with map sizes {"archiveTreeMapSizeKb":10485760,"nullifierTreeMapSizeKb":10485760,"noteHashTreeMapSizeKb":10485760,"messageTreeMapSizeKb":10485760,"publicDataTreeMapSizeKb":10485760} and 12 threads (ephemeral=true).
[23:39:55.560] INFO: txe_node Aztec Node version: txe
[23:39:55.560] INFO: txe_node Aztec Node started on chain 0x1
[23:39:55.571] INFO: txe:top_level_context Created block 1 with timestamp 1789195195
[23:39:55.605] INFO: txe:top_level_context Created block 2 with timestamp 1789195195
[23:39:55.664] INFO: simulator:public-processor Processed 1 successful txs and 0 failed txs (0 silently skipped, 0ms wasted) in 0.027219042000004266s {"blockNumber":3,"successfulCount":1,"failedCount":0,"duration":0.027219042000004266,"rate":79624587.81612006,"totalPublicGas":{"daGas":3776,"l2Gas":2167305},"totalBlockGas":{"daGas":3776,"l2Gas":2167305},"totalSizeInBytes":3904,"silentlySkippedCount":0,"silentlySkippedDurationMs":0}
[23:39:55.691] INFO: txe:top_level_context Created block 4 with timestamp 1789195195
[23:39:55.852] INFO: simulator:public-processor Processed 1 successful txs and 0 failed txs (0 silently skipped, 0ms wasted) in 0.003738000000004831s {"blockNumber":5,"successfulCount":1,"failedCount":0,"duration":0.003738000000004831,"rate":0,"totalPublicGas":{"daGas":0,"l2Gas":0},"totalBlockGas":{"daGas":1984,"l2Gas":529900},"totalSizeInBytes":1984,"silentlySkippedCount":0,"silentlySkippedDurationMs":0}
[23:39:55.880] INFO: txe:top_level_context Created block 6 with timestamp 1789198796
[23:39:56.307] INFO: simulator:public-processor Processed 1 successful txs and 0 failed txs (0 silently skipped, 0ms wasted) in 0.019383125000000292s {"blockNumber":7,"successfulCount":1,"failedCount":0,"duration":0.019383125000000292,"rate":61708264.27627031,"totalPublicGas":{"daGas":2176,"l2Gas":1196099},"totalBlockGas":{"daGas":3552,"l2Gas":1922849},"totalSizeInBytes":3552,"silentlySkippedCount":0,"silentlySkippedDurationMs":0}
[23:39:56.355] INFO: simulator:public-processor Processed 1 successful txs and 0 failed txs (0 silently skipped, 0ms wasted) in 0.016991540999995777s {"blockNumber":8,"successfulCount":1,"failedCount":0,"duration":0.016991540999995777,"rate":70779748.58197376,"totalPublicGas":{"daGas":2176,"l2Gas":1202657},"totalBlockGas":{"daGas":2176,"l2Gas":1202657},"totalSizeInBytes":2304,"silentlySkippedCount":0,"silentlySkippedDurationMs":0}
[23:39:56.382] INFO: txe:top_level_context Created block 9 with timestamp 1789202396
[23:39:56.828] INFO: simulator:public-processor Processed 1 successful txs and 0 failed txs (0 silently skipped, 0ms wasted) in 0.019710166999997454s {"blockNumber":10,"successfulCount":1,"failedCount":0,"duration":0.019710166999997454,"rate":60684366.601264946,"totalPublicGas":{"daGas":2176,"l2Gas":1196099},"totalBlockGas":{"daGas":3552,"l2Gas":1922849},"totalSizeInBytes":3552,"silentlySkippedCount":0,"silentlySkippedDurationMs":0}
[billboard_test] Testing test_flag_penalty_exact_value ... [0m[32mok[0m
[23:39:58.655] INFO: kv-store:lmdb-v2 Starting data store with maxReaders 2
[23:39:58.656] INFO: world-state:database Creating world state data store at directory /var/folders/ym/q1vh2x5n58xbsmpmvs5_6w3r0000gn/T/aztec-world-state-XWRb20/world_state with map sizes {"archiveTreeMapSizeKb":10485760,"nullifierTreeMapSizeKb":10485760,"noteHashTreeMapSizeKb":10485760,"messageTreeMapSizeKb":10485760,"publicDataTreeMapSizeKb":10485760} and 12 threads (ephemeral=true).
[23:39:58.665] INFO: txe_node Aztec Node version: txe
[23:39:58.665] INFO: txe_node Aztec Node started on chain 0x1
[23:39:58.676] INFO: txe:top_level_context Created block 1 with timestamp 1789195198
[23:39:58.710] INFO: txe:top_level_context Created block 2 with timestamp 1789195198
[23:39:58.769] INFO: simulator:public-processor Processed 1 successful txs and 0 failed txs (0 silently skipped, 0ms wasted) in 0.02674895899999683s {"blockNumber":3,"successfulCount":1,"failedCount":0,"duration":0.02674895899999683,"rate":81023900.78059699,"totalPublicGas":{"daGas":3776,"l2Gas":2167305},"totalBlockGas":{"daGas":3776,"l2Gas":2167305},"totalSizeInBytes":3904,"silentlySkippedCount":0,"silentlySkippedDurationMs":0}
[23:39:58.796] INFO: txe:top_level_context Created block 4 with timestamp 1789195198
[23:39:58.963] INFO: simulator:public-processor Processed 1 successful txs and 0 failed txs (0 silently skipped, 0ms wasted) in 0.0038522500000035508s {"blockNumber":5,"successfulCount":1,"failedCount":0,"duration":0.0038522500000035508,"rate":0,"totalPublicGas":{"daGas":0,"l2Gas":0},"totalBlockGas":{"daGas":1984,"l2Gas":529900},"totalSizeInBytes":1984,"silentlySkippedCount":0,"silentlySkippedDurationMs":0}
[23:39:58.990] INFO: txe:top_level_context Created block 6 with timestamp 1789198799
[23:39:59.418] INFO: simulator:public-processor Processed 1 successful txs and 0 failed txs (0 silently skipped, 0ms wasted) in 0.019316041000005498s {"blockNumber":7,"successfulCount":1,"failedCount":0,"duration":0.019316041000005498,"rate":61922575.12808445,"totalPublicGas":{"daGas":2176,"l2Gas":1196099},"totalBlockGas":{"daGas":3552,"l2Gas":1922849},"totalSizeInBytes":3552,"silentlySkippedCount":0,"silentlySkippedDurationMs":0}
[23:39:59.446] INFO: txe:top_level_context Created block 8 with timestamp 1789202398
[23:39:59.890] INFO: simulator:public-processor Processed 1 successful txs and 0 failed txs (0 silently skipped, 0ms wasted) in 0.018950166999995417s {"blockNumber":9,"successfulCount":1,"failedCount":0,"duration":0.018950166999995417,"rate":63118124.499920726,"totalPublicGas":{"daGas":2176,"l2Gas":1196099},"totalBlockGas":{"daGas":3552,"l2Gas":1922849},"totalSizeInBytes":3552,"silentlySkippedCount":0,"silentlySkippedDurationMs":0}
[23:39:59.938] INFO: simulator:public-processor Processed 1 successful txs and 0 failed txs (0 silently skipped, 0ms wasted) in 0.01673937499999738s {"blockNumber":10,"successfulCount":1,"failedCount":0,"duration":0.01673937499999738,"rate":71845991.86051977,"totalPublicGas":{"daGas":2176,"l2Gas":1202657},"totalBlockGas":{"daGas":2176,"l2Gas":1202657},"totalSizeInBytes":2304,"silentlySkippedCount":0,"silentlySkippedDurationMs":0}
[23:39:59.985] INFO: simulator:public-processor Processed 1 successful txs and 0 failed txs (0 silently skipped, 0ms wasted) in 0.01673695800000132s {"blockNumber":11,"successfulCount":1,"failedCount":0,"duration":0.01673695800000132,"rate":71856367.20842013,"totalPublicGas":{"daGas":2176,"l2Gas":1202657},"totalBlockGas":{"daGas":2176,"l2Gas":1202657},"totalSizeInBytes":2304,"silentlySkippedCount":0,"silentlySkippedDurationMs":0}
[23:40:00.013] INFO: txe:top_level_context Created block 12 with timestamp 1789205999
[23:40:00.450] INFO: simulator:public-processor Processed 1 successful txs and 0 failed txs (0 silently skipped, 0ms wasted) in 0.019575167000002693s {"blockNumber":13,"successfulCount":1,"failedCount":0,"duration":0.019575167000002693,"rate":61102875.903936625,"totalPublicGas":{"daGas":2176,"l2Gas":1196099},"totalBlockGas":{"daGas":3552,"l2Gas":1922849},"totalSizeInBytes":3552,"silentlySkippedCount":0,"silentlySkippedDurationMs":0}
[billboard_test] Testing test_flag_penalty_two_flags ... [0m[32mok[0m
[23:40:02.250] INFO: kv-store:lmdb-v2 Starting data store with maxReaders 2
[23:40:02.251] INFO: world-state:database Creating world state data store at directory /var/folders/ym/q1vh2x5n58xbsmpmvs5_6w3r0000gn/T/aztec-world-state-5k9L3w/world_state with map sizes {"archiveTreeMapSizeKb":10485760,"nullifierTreeMapSizeKb":10485760,"noteHashTreeMapSizeKb":10485760,"messageTreeMapSizeKb":10485760,"publicDataTreeMapSizeKb":10485760} and 12 threads (ephemeral=true).
[23:40:02.259] INFO: txe_node Aztec Node version: txe
[23:40:02.259] INFO: txe_node Aztec Node started on chain 0x1
[23:40:02.271] INFO: txe:top_level_context Created block 1 with timestamp 1789195202
[23:40:02.303] INFO: txe:top_level_context Created block 2 with timestamp 1789195202
[23:40:02.363] INFO: simulator:public-processor Processed 1 successful txs and 0 failed txs (0 silently skipped, 0ms wasted) in 0.02699558299999626s {"blockNumber":3,"successfulCount":1,"failedCount":0,"duration":0.02699558299999626,"rate":80283689.37245402,"totalPublicGas":{"daGas":3776,"l2Gas":2167305},"totalBlockGas":{"daGas":3776,"l2Gas":2167305},"totalSizeInBytes":3904,"silentlySkippedCount":0,"silentlySkippedDurationMs":0}
[23:40:02.390] INFO: txe:top_level_context Created block 4 with timestamp 1789195202
[23:40:02.542] INFO: simulator:public-processor Processed 1 successful txs and 0 failed txs (0 silently skipped, 0ms wasted) in 0.003528500000000349s {"blockNumber":5,"successfulCount":1,"failedCount":0,"duration":0.003528500000000349,"rate":0,"totalPublicGas":{"daGas":0,"l2Gas":0},"totalBlockGas":{"daGas":1984,"l2Gas":529900},"totalSizeInBytes":1984,"silentlySkippedCount":0,"silentlySkippedDurationMs":0}
[23:40:02.569] INFO: txe:top_level_context Created block 6 with timestamp 1789198803
[23:40:02.992] INFO: simulator:public-processor Processed 1 successful txs and 0 failed txs (0 silently skipped, 0ms wasted) in 0.019007417000000713s {"blockNumber":7,"successfulCount":1,"failedCount":0,"duration":0.019007417000000713,"rate":62928013.837964155,"totalPublicGas":{"daGas":2176,"l2Gas":1196099},"totalBlockGas":{"daGas":3552,"l2Gas":1922849},"totalSizeInBytes":3552,"silentlySkippedCount":0,"silentlySkippedDurationMs":0}
[23:40:03.039] INFO: simulator:public-processor Processed 1 successful txs and 0 failed txs (0 silently skipped, 0ms wasted) in 0.016933499999999185s {"blockNumber":8,"successfulCount":1,"failedCount":0,"duration":0.016933499999999185,"rate":71022352.14220674,"totalPublicGas":{"daGas":2176,"l2Gas":1202657},"totalBlockGas":{"daGas":2176,"l2Gas":1202657},"totalSizeInBytes":2304,"silentlySkippedCount":0,"silentlySkippedDurationMs":0}
[23:40:03.066] INFO: txe:top_level_context Created block 9 with timestamp 1789298803
[23:40:03.517] INFO: simulator:public-processor Processed 1 successful txs and 0 failed txs (0 silently skipped, 0ms wasted) in 0.019501374999999824s {"blockNumber":10,"successfulCount":1,"failedCount":0,"duration":0.019501374999999824,"rate":61334085.417054474,"totalPublicGas":{"daGas":2176,"l2Gas":1196099},"totalBlockGas":{"daGas":3552,"l2Gas":1922849},"totalSizeInBytes":3552,"silentlySkippedCount":0,"silentlySkippedDurationMs":0}
[billboard_test] Testing test_flag_penalty_with_save_up ... [0m[32mok[0m
[23:40:05.350] INFO: kv-store:lmdb-v2 Starting data store with maxReaders 2
[23:40:05.351] INFO: world-state:database Creating world state data store at directory /var/folders/ym/q1vh2x5n58xbsmpmvs5_6w3r0000gn/T/aztec-world-state-OkUePT/world_state with map sizes {"archiveTreeMapSizeKb":10485760,"nullifierTreeMapSizeKb":10485760,"noteHashTreeMapSizeKb":10485760,"messageTreeMapSizeKb":10485760,"publicDataTreeMapSizeKb":10485760} and 12 threads (ephemeral=true).
[23:40:05.359] INFO: txe_node Aztec Node version: txe
[23:40:05.359] INFO: txe_node Aztec Node started on chain 0x1
[23:40:05.371] INFO: txe:top_level_context Created block 1 with timestamp 1789195205
[23:40:05.405] INFO: txe:top_level_context Created block 2 with timestamp 1789195205
[23:40:05.467] INFO: simulator:public-processor Processed 1 successful txs and 0 failed txs (0 silently skipped, 0ms wasted) in 0.02759254100000544s {"blockNumber":3,"successfulCount":1,"failedCount":0,"duration":0.02759254100000544,"rate":78546771.02770539,"totalPublicGas":{"daGas":3776,"l2Gas":2167305},"totalBlockGas":{"daGas":3776,"l2Gas":2167305},"totalSizeInBytes":3904,"silentlySkippedCount":0,"silentlySkippedDurationMs":0}
[23:40:05.494] INFO: txe:top_level_context Created block 4 with timestamp 1789195205
[23:40:05.650] INFO: simulator:public-processor Processed 1 successful txs and 0 failed txs (0 silently skipped, 0ms wasted) in 0.003681250000001455s {"blockNumber":5,"successfulCount":1,"failedCount":0,"duration":0.003681250000001455,"rate":0,"totalPublicGas":{"daGas":0,"l2Gas":0},"totalBlockGas":{"daGas":1984,"l2Gas":529900},"totalSizeInBytes":1984,"silentlySkippedCount":0,"silentlySkippedDurationMs":0}
[23:40:05.677] INFO: txe:top_level_context Created block 6 with timestamp 1789198806
[23:40:06.103] INFO: simulator:public-processor Processed 1 successful txs and 0 failed txs (0 silently skipped, 0ms wasted) in 0.01915683299999364s {"blockNumber":7,"successfulCount":1,"failedCount":0,"duration":0.01915683299999364,"rate":62437199.30117871,"totalPublicGas":{"daGas":2176,"l2Gas":1196099},"totalBlockGas":{"daGas":3552,"l2Gas":1922849},"totalSizeInBytes":3552,"silentlySkippedCount":0,"silentlySkippedDurationMs":0}
[23:40:06.151] INFO: simulator:public-processor Processed 1 successful txs and 0 failed txs (0 silently skipped, 0ms wasted) in 0.017177000000003318s {"blockNumber":8,"successfulCount":1,"failedCount":0,"duration":0.017177000000003318,"rate":70015544.04143725,"totalPublicGas":{"daGas":2176,"l2Gas":1202657},"totalBlockGas":{"daGas":2176,"l2Gas":1202657},"totalSizeInBytes":2304,"silentlySkippedCount":0,"silentlySkippedDurationMs":0}
[23:40:06.186] INFO: simulator:public-processor Processed 1 successful txs and 0 failed txs (0 silently skipped, 0ms wasted) in 0.004087041999999201s {"blockNumber":9,"successfulCount":1,"failedCount":0,"duration":0.004087041999999201,"rate":2136019.1551742572,"totalPublicGas":{"daGas":0,"l2Gas":8730},"totalBlockGas":{"daGas":0,"l2Gas":8730},"totalSizeInBytes":128,"silentlySkippedCount":0,"silentlySkippedDurationMs":0}
[23:40:06.206] INFO: simulator:public-processor Processed 1 successful txs and 0 failed txs (0 silently skipped, 0ms wasted) in 0.004159708999999566s {"blockNumber":9,"successfulCount":1,"failedCount":0,"duration":0.004159708999999566,"rate":2085001.6191038617,"totalPublicGas":{"daGas":0,"l2Gas":8673},"totalBlockGas":{"daGas":0,"l2Gas":8673},"totalSizeInBytes":128,"silentlySkippedCount":0,"silentlySkippedDurationMs":0}
[23:40:06.228] INFO: simulator:public-processor Processed 1 successful txs and 0 failed txs (0 silently skipped, 0ms wasted) in 0.006301124999998137s {"blockNumber":9,"successfulCount":1,"failedCount":0,"duration":0.006301124999998137,"rate":19608879.366785537,"totalPublicGas":{"daGas":0,"l2Gas":123558},"totalBlockGas":{"daGas":0,"l2Gas":123558},"totalSizeInBytes":128,"silentlySkippedCount":0,"silentlySkippedDurationMs":0}
[billboard_test] Testing test_full_flow_declare_immoral_after_post ... [0m[32mok[0m
[billboard_test] Testing test_full_flow_deposit_below_minimum ... [0m[32mok[0m
[23:40:07.657] INFO: kv-store:lmdb-v2 Starting data store with maxReaders 2
[23:40:07.658] INFO: world-state:database Creating world state data store at directory /var/folders/ym/q1vh2x5n58xbsmpmvs5_6w3r0000gn/T/aztec-world-state-NnsrXa/world_state with map sizes {"archiveTreeMapSizeKb":10485760,"nullifierTreeMapSizeKb":10485760,"noteHashTreeMapSizeKb":10485760,"messageTreeMapSizeKb":10485760,"publicDataTreeMapSizeKb":10485760} and 12 threads (ephemeral=true).
[23:40:07.667] INFO: txe_node Aztec Node version: txe
[23:40:07.667] INFO: txe_node Aztec Node started on chain 0x1
[23:40:07.678] INFO: txe:top_level_context Created block 1 with timestamp 1789195207
[23:40:07.711] INFO: txe:top_level_context Created block 2 with timestamp 1789195207
[23:40:07.771] INFO: simulator:public-processor Processed 1 successful txs and 0 failed txs (0 silently skipped, 0ms wasted) in 0.02722479200000089s {"blockNumber":3,"successfulCount":1,"failedCount":0,"duration":0.02722479200000089,"rate":79607770.74072519,"totalPublicGas":{"daGas":3776,"l2Gas":2167305},"totalBlockGas":{"daGas":3776,"l2Gas":2167305},"totalSizeInBytes":3904,"silentlySkippedCount":0,"silentlySkippedDurationMs":0}
[23:40:07.799] INFO: txe:top_level_context Created block 4 with timestamp 1789195207
[billboard_test] Testing test_full_flow_double_flag_fails ... [0m[32mok[0m
[23:40:09.389] INFO: kv-store:lmdb-v2 Starting data store with maxReaders 2
[23:40:09.390] INFO: world-state:database Creating world state data store at directory /var/folders/ym/q1vh2x5n58xbsmpmvs5_6w3r0000gn/T/aztec-world-state-FZCW9O/world_state with map sizes {"archiveTreeMapSizeKb":10485760,"nullifierTreeMapSizeKb":10485760,"noteHashTreeMapSizeKb":10485760,"messageTreeMapSizeKb":10485760,"publicDataTreeMapSizeKb":10485760} and 12 threads (ephemeral=true).
[23:40:09.400] INFO: txe_node Aztec Node version: txe
[23:40:09.400] INFO: txe_node Aztec Node started on chain 0x1
[23:40:09.412] INFO: txe:top_level_context Created block 1 with timestamp 1789195209
[23:40:09.445] INFO: txe:top_level_context Created block 2 with timestamp 1789195209
[23:40:09.506] INFO: simulator:public-processor Processed 1 successful txs and 0 failed txs (0 silently skipped, 0ms wasted) in 0.027706290999994963s {"blockNumber":3,"successfulCount":1,"failedCount":0,"duration":0.027706290999994963,"rate":78224292.09309879,"totalPublicGas":{"daGas":3776,"l2Gas":2167305},"totalBlockGas":{"daGas":3776,"l2Gas":2167305},"totalSizeInBytes":3904,"silentlySkippedCount":0,"silentlySkippedDurationMs":0}
[23:40:09.533] INFO: txe:top_level_context Created block 4 with timestamp 1789195209
[23:40:09.695] INFO: simulator:public-processor Processed 1 successful txs and 0 failed txs (0 silently skipped, 0ms wasted) in 0.003461457999997947s {"blockNumber":5,"successfulCount":1,"failedCount":0,"duration":0.003461457999997947,"rate":0,"totalPublicGas":{"daGas":0,"l2Gas":0},"totalBlockGas":{"daGas":1984,"l2Gas":529900},"totalSizeInBytes":1984,"silentlySkippedCount":0,"silentlySkippedDurationMs":0}
[23:40:09.723] INFO: txe:top_level_context Created block 6 with timestamp 1789198810
[23:40:10.176] INFO: simulator:public-processor Processed 1 successful txs and 0 failed txs (0 silently skipped, 0ms wasted) in 0.019043790999996417s {"blockNumber":7,"successfulCount":1,"failedCount":0,"duration":0.019043790999996417,"rate":62807820.14464583,"totalPublicGas":{"daGas":2176,"l2Gas":1196099},"totalBlockGas":{"daGas":3552,"l2Gas":1922849},"totalSizeInBytes":3552,"silentlySkippedCount":0,"silentlySkippedDurationMs":0}
[23:40:10.225] INFO: simulator:public-processor Processed 1 successful txs and 0 failed txs (0 silently skipped, 0ms wasted) in 0.017440083000001324s {"blockNumber":8,"successfulCount":1,"failedCount":0,"duration":0.017440083000001324,"rate":68959362.1773422,"totalPublicGas":{"daGas":2176,"l2Gas":1202657},"totalBlockGas":{"daGas":2176,"l2Gas":1202657},"totalSizeInBytes":2304,"silentlySkippedCount":0,"silentlySkippedDurationMs":0}
[23:40:10.261] INFO: simulator:public-processor Processed 1 successful txs and 0 failed txs (0 silently skipped, 0ms wasted) in 0.004982374999999592s {"blockNumber":9,"successfulCount":1,"failedCount":0,"duration":0.004982374999999592,"rate":6730525.100981508,"totalPublicGas":{"daGas":0,"l2Gas":33534},"totalBlockGas":{"daGas":0,"l2Gas":33534},"totalSizeInBytes":128,"silentlySkippedCount":0,"silentlySkippedDurationMs":0}
[23:40:10.262] WARN: txe:top_level_context Could not find function artifact in contract Billboard for function '0x6675867b' when enriching error callstack
[23:40:11.775] INFO: kv-store:lmdb-v2 Starting data store with maxReaders 2
[23:40:11.775] INFO: world-state:database Creating world state data store at directory /var/folders/ym/q1vh2x5n58xbsmpmvs5_6w3r0000gn/T/aztec-world-state-E670Iz/world_state with map sizes {"archiveTreeMapSizeKb":10485760,"nullifierTreeMapSizeKb":10485760,"noteHashTreeMapSizeKb":10485760,"messageTreeMapSizeKb":10485760,"publicDataTreeMapSizeKb":10485760} and 12 threads (ephemeral=true).
[23:40:11.784] INFO: txe_node Aztec Node version: txe
[23:40:11.784] INFO: txe_node Aztec Node started on chain 0x1
[23:40:11.796] INFO: txe:top_level_context Created block 1 with timestamp 1789195211
[23:40:11.829] INFO: txe:top_level_context Created block 2 with timestamp 1789195211
[23:40:11.890] INFO: simulator:public-processor Processed 1 successful txs and 0 failed txs (0 silently skipped, 0ms wasted) in 0.027138249999996332s {"blockNumber":3,"successfulCount":1,"failedCount":0,"duration":0.027138249999996332,"rate":79861634.40900916,"totalPublicGas":{"daGas":3776,"l2Gas":2167305},"totalBlockGas":{"daGas":3776,"l2Gas":2167305},"totalSizeInBytes":3904,"silentlySkippedCount":0,"silentlySkippedDurationMs":0}
[23:40:11.917] INFO: txe:top_level_context Created block 4 with timestamp 1789195211
[23:40:12.068] INFO: simulator:public-processor Processed 1 successful txs and 0 failed txs (0 silently skipped, 0ms wasted) in 0.0035295419999965814s {"blockNumber":5,"successfulCount":1,"failedCount":0,"duration":0.0035295419999965814,"rate":0,"totalPublicGas":{"daGas":0,"l2Gas":0},"totalBlockGas":{"daGas":1984,"l2Gas":529900},"totalSizeInBytes":1984,"silentlySkippedCount":0,"silentlySkippedDurationMs":0}
[23:40:12.098] INFO: txe:top_level_context Created block 6 with timestamp 1789198812
[23:40:12.523] INFO: simulator:public-processor Processed 1 successful txs and 0 failed txs (0 silently skipped, 0ms wasted) in 0.018992749999997612s {"blockNumber":7,"successfulCount":1,"failedCount":0,"duration":0.018992749999997612,"rate":62976609.495736554,"totalPublicGas":{"daGas":2176,"l2Gas":1196099},"totalBlockGas":{"daGas":3552,"l2Gas":1922849},"totalSizeInBytes":3552,"silentlySkippedCount":0,"silentlySkippedDurationMs":0}
[23:40:12.558] INFO: simulator:public-processor Processed 1 successful txs and 0 failed txs (0 silently skipped, 0ms wasted) in 0.004170125000004191s {"blockNumber":8,"successfulCount":1,"failedCount":0,"duration":0.004170125000004191,"rate":1677647.5525297127,"totalPublicGas":{"daGas":0,"l2Gas":6996},"totalBlockGas":{"daGas":0,"l2Gas":6996},"totalSizeInBytes":128,"silentlySkippedCount":0,"silentlySkippedDurationMs":0}
[23:40:12.580] INFO: simulator:public-processor Processed 1 successful txs and 0 failed txs (0 silently skipped, 0ms wasted) in 0.006532875000004424s {"blockNumber":8,"successfulCount":1,"failedCount":0,"duration":0.006532875000004424,"rate":19092819.01152487,"totalPublicGas":{"daGas":0,"l2Gas":124731},"totalBlockGas":{"daGas":0,"l2Gas":124731},"totalSizeInBytes":128,"silentlySkippedCount":0,"silentlySkippedDurationMs":0}
[23:40:12.600] INFO: simulator:public-processor Processed 1 successful txs and 0 failed txs (0 silently skipped, 0ms wasted) in 0.004020291999993788s {"blockNumber":8,"successfulCount":1,"failedCount":0,"duration":0.004020291999993788,"rate":2134919.5531103867,"totalPublicGas":{"daGas":0,"l2Gas":8583},"totalBlockGas":{"daGas":0,"l2Gas":8583},"totalSizeInBytes":128,"silentlySkippedCount":0,"silentlySkippedDurationMs":0}
[billboard_test] Testing test_full_flow_first_post ... [0m[32mok[0m
[23:40:14.067] INFO: kv-store:lmdb-v2 Starting data store with maxReaders 2
[23:40:14.068] INFO: world-state:database Creating world state data store at directory /var/folders/ym/q1vh2x5n58xbsmpmvs5_6w3r0000gn/T/aztec-world-state-wF2Tmo/world_state with map sizes {"archiveTreeMapSizeKb":10485760,"nullifierTreeMapSizeKb":10485760,"noteHashTreeMapSizeKb":10485760,"messageTreeMapSizeKb":10485760,"publicDataTreeMapSizeKb":10485760} and 12 threads (ephemeral=true).
[23:40:14.077] INFO: txe_node Aztec Node version: txe
[23:40:14.077] INFO: txe_node Aztec Node started on chain 0x1
[23:40:14.088] INFO: txe:top_level_context Created block 1 with timestamp 1789195214
[23:40:14.122] INFO: txe:top_level_context Created block 2 with timestamp 1789195214
[23:40:14.183] INFO: simulator:public-processor Processed 1 successful txs and 0 failed txs (0 silently skipped, 0ms wasted) in 0.027748167000005198s {"blockNumber":3,"successfulCount":1,"failedCount":0,"duration":0.027748167000005198,"rate":78106240.31488617,"totalPublicGas":{"daGas":3776,"l2Gas":2167305},"totalBlockGas":{"daGas":3776,"l2Gas":2167305},"totalSizeInBytes":3904,"silentlySkippedCount":0,"silentlySkippedDurationMs":0}
[23:40:14.211] INFO: txe:top_level_context Created block 4 with timestamp 1789195214
[23:40:14.365] INFO: simulator:public-processor Processed 1 successful txs and 0 failed txs (0 silently skipped, 0ms wasted) in 0.003518208000001323s {"blockNumber":5,"successfulCount":1,"failedCount":0,"duration":0.003518208000001323,"rate":0,"totalPublicGas":{"daGas":0,"l2Gas":0},"totalBlockGas":{"daGas":1984,"l2Gas":529900},"totalSizeInBytes":1984,"silentlySkippedCount":0,"silentlySkippedDurationMs":0}
[23:40:14.392] INFO: txe:top_level_context Created block 6 with timestamp 1789198815
[23:40:14.833] INFO: simulator:public-processor Processed 1 successful txs and 0 failed txs (0 silently skipped, 0ms wasted) in 0.019535125000002155s {"blockNumber":7,"successfulCount":1,"failedCount":0,"duration":0.019535125000002155,"rate":61228121.14075892,"totalPublicGas":{"daGas":2176,"l2Gas":1196099},"totalBlockGas":{"daGas":3552,"l2Gas":1922849},"totalSizeInBytes":3552,"silentlySkippedCount":0,"silentlySkippedDurationMs":0}
[23:40:14.880] INFO: simulator:public-processor Processed 1 successful txs and 0 failed txs (0 silently skipped, 0ms wasted) in 0.016895083999996133s {"blockNumber":8,"successfulCount":1,"failedCount":0,"duration":0.016895083999996133,"rate":71183842.58996731,"totalPublicGas":{"daGas":2176,"l2Gas":1202657},"totalBlockGas":{"daGas":2176,"l2Gas":1202657},"totalSizeInBytes":2304,"silentlySkippedCount":0,"silentlySkippedDurationMs":0}
[23:40:14.907] INFO: txe:top_level_context Created block 9 with timestamp 1789202415
[23:40:15.341] INFO: simulator:public-processor Processed 1 successful txs and 0 failed txs (0 silently skipped, 0ms wasted) in 0.018828708000000915s {"blockNumber":10,"successfulCount":1,"failedCount":0,"duration":0.018828708000000915,"rate":63525282.775639296,"totalPublicGas":{"daGas":2176,"l2Gas":1196099},"totalBlockGas":{"daGas":3552,"l2Gas":1922849},"totalSizeInBytes":3552,"silentlySkippedCount":0,"silentlySkippedDurationMs":0}
[23:40:15.369] INFO: txe:top_level_context Created block 11 with timestamp 1789216813
[billboard_test] Testing test_full_flow_flag_penalty_post3_too_early ... [0m[32mok[0m
[23:40:17.159] INFO: kv-store:lmdb-v2 Starting data store with maxReaders 2
[23:40:17.160] INFO: world-state:database Creating world state data store at directory /var/folders/ym/q1vh2x5n58xbsmpmvs5_6w3r0000gn/T/aztec-world-state-p0RsBD/world_state with map sizes {"archiveTreeMapSizeKb":10485760,"nullifierTreeMapSizeKb":10485760,"noteHashTreeMapSizeKb":10485760,"messageTreeMapSizeKb":10485760,"publicDataTreeMapSizeKb":10485760} and 12 threads (ephemeral=true).
[23:40:17.168] INFO: txe_node Aztec Node version: txe
[23:40:17.168] INFO: txe_node Aztec Node started on chain 0x1
[23:40:17.180] INFO: txe:top_level_context Created block 1 with timestamp 1789195217
[23:40:17.212] INFO: txe:top_level_context Created block 2 with timestamp 1789195217
[23:40:17.272] INFO: simulator:public-processor Processed 1 successful txs and 0 failed txs (0 silently skipped, 0ms wasted) in 0.027161999999996623s {"blockNumber":3,"successfulCount":1,"failedCount":0,"duration":0.027161999999996623,"rate":79791804.72720233,"totalPublicGas":{"daGas":3776,"l2Gas":2167305},"totalBlockGas":{"daGas":3776,"l2Gas":2167305},"totalSizeInBytes":3904,"silentlySkippedCount":0,"silentlySkippedDurationMs":0}
[23:40:17.299] INFO: txe:top_level_context Created block 4 with timestamp 1789195217
[23:40:17.451] INFO: simulator:public-processor Processed 1 successful txs and 0 failed txs (0 silently skipped, 0ms wasted) in 0.0036699999999982537s {"blockNumber":5,"successfulCount":1,"failedCount":0,"duration":0.0036699999999982537,"rate":0,"totalPublicGas":{"daGas":0,"l2Gas":0},"totalBlockGas":{"daGas":1984,"l2Gas":529900},"totalSizeInBytes":1984,"silentlySkippedCount":0,"silentlySkippedDurationMs":0}
[billboard_test] Testing test_full_flow_get_deposit_info ... [0m[32mok[0m
[23:40:19.251] INFO: kv-store:lmdb-v2 Starting data store with maxReaders 2
[23:40:19.252] INFO: world-state:database Creating world state data store at directory /var/folders/ym/q1vh2x5n58xbsmpmvs5_6w3r0000gn/T/aztec-world-state-hi9Tgv/world_state with map sizes {"archiveTreeMapSizeKb":10485760,"nullifierTreeMapSizeKb":10485760,"noteHashTreeMapSizeKb":10485760,"messageTreeMapSizeKb":10485760,"publicDataTreeMapSizeKb":10485760} and 12 threads (ephemeral=true).
[23:40:19.260] INFO: txe_node Aztec Node version: txe
[23:40:19.260] INFO: txe_node Aztec Node started on chain 0x1
[23:40:19.272] INFO: txe:top_level_context Created block 1 with timestamp 1789195219
[23:40:19.306] INFO: txe:top_level_context Created block 2 with timestamp 1789195219
[23:40:19.365] INFO: simulator:public-processor Processed 1 successful txs and 0 failed txs (0 silently skipped, 0ms wasted) in 0.026935834000003524s {"blockNumber":3,"successfulCount":1,"failedCount":0,"duration":0.026935834000003524,"rate":80461774.45256443,"totalPublicGas":{"daGas":3776,"l2Gas":2167305},"totalBlockGas":{"daGas":3776,"l2Gas":2167305},"totalSizeInBytes":3904,"silentlySkippedCount":0,"silentlySkippedDurationMs":0}
[23:40:19.393] INFO: txe:top_level_context Created block 4 with timestamp 1789195219
[23:40:19.546] INFO: simulator:public-processor Processed 1 successful txs and 0 failed txs (0 silently skipped, 0ms wasted) in 0.003590790999995079s {"blockNumber":5,"successfulCount":1,"failedCount":0,"duration":0.003590790999995079,"rate":0,"totalPublicGas":{"daGas":0,"l2Gas":0},"totalBlockGas":{"daGas":1984,"l2Gas":529900},"totalSizeInBytes":1984,"silentlySkippedCount":0,"silentlySkippedDurationMs":0}
[23:40:19.573] INFO: txe:top_level_context Created block 6 with timestamp 1789198820
[23:40:20.003] INFO: simulator:public-processor Processed 1 successful txs and 0 failed txs (0 silently skipped, 0ms wasted) in 0.01909983300000022s {"blockNumber":7,"successfulCount":1,"failedCount":0,"duration":0.01909983300000022,"rate":62623531.839256726,"totalPublicGas":{"daGas":2176,"l2Gas":1196099},"totalBlockGas":{"daGas":3552,"l2Gas":1922849},"totalSizeInBytes":3552,"silentlySkippedCount":0,"silentlySkippedDurationMs":0}
[23:40:20.037] INFO: simulator:public-processor Processed 1 successful txs and 0 failed txs (0 silently skipped, 0ms wasted) in 0.004115082999996958s {"blockNumber":8,"successfulCount":1,"failedCount":0,"duration":0.004115082999996958,"rate":1700087.2157390683,"totalPublicGas":{"daGas":0,"l2Gas":6996},"totalBlockGas":{"daGas":0,"l2Gas":6996},"totalSizeInBytes":128,"silentlySkippedCount":0,"silentlySkippedDurationMs":0}
[23:40:20.050] INFO: txe:top_level_context Created block 8 with timestamp 1789202421
[23:40:20.488] INFO: simulator:public-processor Processed 1 successful txs and 0 failed txs (0 silently skipped, 0ms wasted) in 0.01948083400000178s {"blockNumber":9,"successfulCount":1,"failedCount":0,"duration":0.01948083400000178,"rate":61398757.36325718,"totalPublicGas":{"daGas":2176,"l2Gas":1196099},"totalBlockGas":{"daGas":3552,"l2Gas":1922849},"totalSizeInBytes":3552,"silentlySkippedCount":0,"silentlySkippedDurationMs":0}
[23:40:20.523] INFO: simulator:public-processor Processed 1 successful txs and 0 failed txs (0 silently skipped, 0ms wasted) in 0.004028040999997757s {"blockNumber":10,"successfulCount":1,"failedCount":0,"duration":0.004028040999997757,"rate":1736824.4265646492,"totalPublicGas":{"daGas":0,"l2Gas":6996},"totalBlockGas":{"daGas":0,"l2Gas":6996},"totalSizeInBytes":128,"silentlySkippedCount":0,"silentlySkippedDurationMs":0}
[23:40:20.535] INFO: txe:top_level_context Created block 10 with timestamp 1789206022
[billboard_test] Testing test_full_flow_multiple_posts ... [0m[32mok[0m
[23:40:20.970] INFO: simulator:public-processor Processed 1 successful txs and 0 failed txs (0 silently skipped, 0ms wasted) in 0.018853000000002795s {"blockNumber":11,"successfulCount":1,"failedCount":0,"duration":0.018853000000002795,"rate":63443430.7537168,"totalPublicGas":{"daGas":2176,"l2Gas":1196099},"totalBlockGas":{"daGas":3552,"l2Gas":1922849},"totalSizeInBytes":3552,"silentlySkippedCount":0,"silentlySkippedDurationMs":0}
[23:40:21.005] INFO: simulator:public-processor Processed 1 successful txs and 0 failed txs (0 silently skipped, 0ms wasted) in 0.004189582999999402s {"blockNumber":12,"successfulCount":1,"failedCount":0,"duration":0.004189582999999402,"rate":1669855.9259957373,"totalPublicGas":{"daGas":0,"l2Gas":6996},"totalBlockGas":{"daGas":0,"l2Gas":6996},"totalSizeInBytes":128,"silentlySkippedCount":0,"silentlySkippedDurationMs":0}
[23:40:21.027] INFO: simulator:public-processor Processed 1 successful txs and 0 failed txs (0 silently skipped, 0ms wasted) in 0.006366333000012673s {"blockNumber":12,"successfulCount":1,"failedCount":0,"duration":0.006366333000012673,"rate":19592283.344234698,"totalPublicGas":{"daGas":0,"l2Gas":124731},"totalBlockGas":{"daGas":0,"l2Gas":124731},"totalSizeInBytes":128,"silentlySkippedCount":0,"silentlySkippedDurationMs":0}
[23:40:21.049] INFO: simulator:public-processor Processed 1 successful txs and 0 failed txs (0 silently skipped, 0ms wasted) in 0.006630499999999302s {"blockNumber":12,"successfulCount":1,"failedCount":0,"duration":0.006630499999999302,"rate":18811703.49144305,"totalPublicGas":{"daGas":0,"l2Gas":124731},"totalBlockGas":{"daGas":0,"l2Gas":124731},"totalSizeInBytes":128,"silentlySkippedCount":0,"silentlySkippedDurationMs":0}
[23:40:21.071] INFO: simulator:public-processor Processed 1 successful txs and 0 failed txs (0 silently skipped, 0ms wasted) in 0.007099207999999635s {"blockNumber":12,"successfulCount":1,"failedCount":0,"duration":0.007099207999999635,"rate":17569706.36724638,"totalPublicGas":{"daGas":0,"l2Gas":124731},"totalBlockGas":{"daGas":0,"l2Gas":124731},"totalSizeInBytes":128,"silentlySkippedCount":0,"silentlySkippedDurationMs":0}
[23:40:22.535] INFO: kv-store:lmdb-v2 Starting data store with maxReaders 2
[23:40:22.536] INFO: world-state:database Creating world state data store at directory /var/folders/ym/q1vh2x5n58xbsmpmvs5_6w3r0000gn/T/aztec-world-state-jrfjfx/world_state with map sizes {"archiveTreeMapSizeKb":10485760,"nullifierTreeMapSizeKb":10485760,"noteHashTreeMapSizeKb":10485760,"messageTreeMapSizeKb":10485760,"publicDataTreeMapSizeKb":10485760} and 12 threads (ephemeral=true).
[23:40:22.544] INFO: txe_node Aztec Node version: txe
[23:40:22.544] INFO: txe_node Aztec Node started on chain 0x1
[23:40:22.556] INFO: txe:top_level_context Created block 1 with timestamp 1789195222
[23:40:22.589] INFO: txe:top_level_context Created block 2 with timestamp 1789195222
[23:40:22.648] INFO: simulator:public-processor Processed 1 successful txs and 0 failed txs (0 silently skipped, 0ms wasted) in 0.02724412499999744s {"blockNumber":3,"successfulCount":1,"failedCount":0,"duration":0.02724412499999744,"rate":79551279.4042827,"totalPublicGas":{"daGas":3776,"l2Gas":2167305},"totalBlockGas":{"daGas":3776,"l2Gas":2167305},"totalSizeInBytes":3904,"silentlySkippedCount":0,"silentlySkippedDurationMs":0}
[23:40:22.676] INFO: txe:top_level_context Created block 4 with timestamp 1789195222
[23:40:22.828] INFO: simulator:public-processor Processed 1 successful txs and 0 failed txs (0 silently skipped, 0ms wasted) in 0.0038649160000059054s {"blockNumber":5,"successfulCount":1,"failedCount":0,"duration":0.0038649160000059054,"rate":0,"totalPublicGas":{"daGas":0,"l2Gas":0},"totalBlockGas":{"daGas":1984,"l2Gas":529900},"totalSizeInBytes":1984,"silentlySkippedCount":0,"silentlySkippedDurationMs":0}
[23:40:22.855] INFO: txe:top_level_context Created block 6 with timestamp 1789195322
[billboard_test] Testing test_full_flow_post_too_early ... [0m[32mok[0m
[23:40:24.677] INFO: kv-store:lmdb-v2 Starting data store with maxReaders 2
[23:40:24.678] INFO: world-state:database Creating world state data store at directory /var/folders/ym/q1vh2x5n58xbsmpmvs5_6w3r0000gn/T/aztec-world-state-D4pusn/world_state with map sizes {"archiveTreeMapSizeKb":10485760,"nullifierTreeMapSizeKb":10485760,"noteHashTreeMapSizeKb":10485760,"messageTreeMapSizeKb":10485760,"publicDataTreeMapSizeKb":10485760} and 12 threads (ephemeral=true).
[23:40:24.686] INFO: txe_node Aztec Node version: txe
[23:40:24.686] INFO: txe_node Aztec Node started on chain 0x1
[23:40:24.698] INFO: txe:top_level_context Created block 1 with timestamp 1789195224
[23:40:24.730] INFO: txe:top_level_context Created block 2 with timestamp 1789195224
[23:40:24.789] INFO: simulator:public-processor Processed 1 successful txs and 0 failed txs (0 silently skipped, 0ms wasted) in 0.02699804099999892s {"blockNumber":3,"successfulCount":1,"failedCount":0,"duration":0.02699804099999892,"rate":80276380.05291149,"totalPublicGas":{"daGas":3776,"l2Gas":2167305},"totalBlockGas":{"daGas":3776,"l2Gas":2167305},"totalSizeInBytes":3904,"silentlySkippedCount":0,"silentlySkippedDurationMs":0}
[23:40:24.816] INFO: txe:top_level_context Created block 4 with timestamp 1789195224
[23:40:24.969] INFO: simulator:public-processor Processed 1 successful txs and 0 failed txs (0 silently skipped, 0ms wasted) in 0.003414208000001963s {"blockNumber":5,"successfulCount":1,"failedCount":0,"duration":0.003414208000001963,"rate":0,"totalPublicGas":{"daGas":0,"l2Gas":0},"totalBlockGas":{"daGas":1984,"l2Gas":529900},"totalSizeInBytes":1984,"silentlySkippedCount":0,"silentlySkippedDurationMs":0}
[23:40:24.996] INFO: txe:top_level_context Created block 6 with timestamp 1789198825
[23:40:25.421] INFO: simulator:public-processor Processed 1 successful txs and 0 failed txs (0 silently skipped, 0ms wasted) in 0.01890466600000218s {"blockNumber":7,"successfulCount":1,"failedCount":0,"duration":0.01890466600000218,"rate":63270041.374963306,"totalPublicGas":{"daGas":2176,"l2Gas":1196099},"totalBlockGas":{"daGas":3552,"l2Gas":1922849},"totalSizeInBytes":3552,"silentlySkippedCount":0,"silentlySkippedDurationMs":0}
[23:40:25.449] INFO: txe:top_level_context Created block 8 with timestamp 1789202426
[billboard_test] Testing test_full_flow_second_post_screens_first ... [0m[32mok[0m
[23:40:25.890] INFO: simulator:public-processor Processed 1 successful txs and 0 failed txs (0 silently skipped, 0ms wasted) in 0.01900100000000384s {"blockNumber":9,"successfulCount":1,"failedCount":0,"duration":0.01900100000000384,"rate":62949265.82810158,"totalPublicGas":{"daGas":2176,"l2Gas":1196099},"totalBlockGas":{"daGas":3552,"l2Gas":1922849},"totalSizeInBytes":3552,"silentlySkippedCount":0,"silentlySkippedDurationMs":0}
[23:40:25.924] INFO: simulator:public-processor Processed 1 successful txs and 0 failed txs (0 silently skipped, 0ms wasted) in 0.004081416999993962s {"blockNumber":10,"successfulCount":1,"failedCount":0,"duration":0.004081416999993962,"rate":1714110.5650342393,"totalPublicGas":{"daGas":0,"l2Gas":6996},"totalBlockGas":{"daGas":0,"l2Gas":6996},"totalSizeInBytes":128,"silentlySkippedCount":0,"silentlySkippedDurationMs":0}
[23:40:25.946] INFO: simulator:public-processor Processed 1 successful txs and 0 failed txs (0 silently skipped, 0ms wasted) in 0.006205874999999651s {"blockNumber":10,"successfulCount":1,"failedCount":0,"duration":0.006205874999999651,"rate":20098857.9370366,"totalPublicGas":{"daGas":0,"l2Gas":124731},"totalBlockGas":{"daGas":0,"l2Gas":124731},"totalSizeInBytes":128,"silentlySkippedCount":0,"silentlySkippedDurationMs":0}
[23:40:27.402] INFO: kv-store:lmdb-v2 Starting data store with maxReaders 2
[23:40:27.403] INFO: world-state:database Creating world state data store at directory /var/folders/ym/q1vh2x5n58xbsmpmvs5_6w3r0000gn/T/aztec-world-state-znCJtT/world_state with map sizes {"archiveTreeMapSizeKb":10485760,"nullifierTreeMapSizeKb":10485760,"noteHashTreeMapSizeKb":10485760,"messageTreeMapSizeKb":10485760,"publicDataTreeMapSizeKb":10485760} and 12 threads (ephemeral=true).
[23:40:27.412] INFO: txe_node Aztec Node version: txe
[23:40:27.412] INFO: txe_node Aztec Node started on chain 0x1
[23:40:27.423] INFO: txe:top_level_context Created block 1 with timestamp 1789195227
[23:40:27.457] INFO: txe:top_level_context Created block 2 with timestamp 1789195227
[23:40:27.518] INFO: simulator:public-processor Processed 1 successful txs and 0 failed txs (0 silently skipped, 0ms wasted) in 0.02801533300000301s {"blockNumber":3,"successfulCount":1,"failedCount":0,"duration":0.02801533300000301,"rate":77361386.35224386,"totalPublicGas":{"daGas":3776,"l2Gas":2167305},"totalBlockGas":{"daGas":3776,"l2Gas":2167305},"totalSizeInBytes":3904,"silentlySkippedCount":0,"silentlySkippedDurationMs":0}
[23:40:27.546] INFO: txe:top_level_context Created block 4 with timestamp 1789195227
[23:40:27.699] INFO: simulator:public-processor Processed 1 successful txs and 0 failed txs (0 silently skipped, 0ms wasted) in 0.0035557079999998676s {"blockNumber":5,"successfulCount":1,"failedCount":0,"duration":0.0035557079999998676,"rate":0,"totalPublicGas":{"daGas":0,"l2Gas":0},"totalBlockGas":{"daGas":1984,"l2Gas":529900},"totalSizeInBytes":1984,"silentlySkippedCount":0,"silentlySkippedDurationMs":0}
[23:40:27.726] INFO: txe:top_level_context Created block 6 with timestamp 1789198828
[23:40:28.161] INFO: simulator:public-processor Processed 1 successful txs and 0 failed txs (0 silently skipped, 0ms wasted) in 0.01923958300000231s {"blockNumber":7,"successfulCount":1,"failedCount":0,"duration":0.01923958300000231,"rate":62168655.11065683,"totalPublicGas":{"daGas":2176,"l2Gas":1196099},"totalBlockGas":{"daGas":3552,"l2Gas":1922849},"totalSizeInBytes":3552,"silentlySkippedCount":0,"silentlySkippedDurationMs":0}
[23:40:28.209] INFO: simulator:public-processor Processed 1 successful txs and 0 failed txs (0 silently skipped, 0ms wasted) in 0.017138292000003275s {"blockNumber":8,"successfulCount":1,"failedCount":0,"duration":0.017138292000003275,"rate":70173678.91734895,"totalPublicGas":{"daGas":2176,"l2Gas":1202657},"totalBlockGas":{"daGas":2176,"l2Gas":1202657},"totalSizeInBytes":2304,"silentlySkippedCount":0,"silentlySkippedDurationMs":0}
[23:40:28.236] INFO: txe:top_level_context Created block 9 with timestamp 1789202428
[billboard_test] Testing test_full_flow_second_post_with_flag ... [0m[32mok[0m
[23:40:28.673] INFO: simulator:public-processor Processed 1 successful txs and 0 failed txs (0 silently skipped, 0ms wasted) in 0.019928749999991852s {"blockNumber":10,"successfulCount":1,"failedCount":0,"duration":0.019928749999991852,"rate":60018766.85695235,"totalPublicGas":{"daGas":2176,"l2Gas":1196099},"totalBlockGas":{"daGas":3552,"l2Gas":1922849},"totalSizeInBytes":3552,"silentlySkippedCount":0,"silentlySkippedDurationMs":0}
[23:40:28.708] INFO: simulator:public-processor Processed 1 successful txs and 0 failed txs (0 silently skipped, 0ms wasted) in 0.00416095900000073s {"blockNumber":11,"successfulCount":1,"failedCount":0,"duration":0.00416095900000073,"rate":1681343.171129245,"totalPublicGas":{"daGas":0,"l2Gas":6996},"totalBlockGas":{"daGas":0,"l2Gas":6996},"totalSizeInBytes":128,"silentlySkippedCount":0,"silentlySkippedDurationMs":0}
[23:40:30.167] INFO: kv-store:lmdb-v2 Starting data store with maxReaders 2
[23:40:30.167] INFO: world-state:database Creating world state data store at directory /var/folders/ym/q1vh2x5n58xbsmpmvs5_6w3r0000gn/T/aztec-world-state-vl1vIh/world_state with map sizes {"archiveTreeMapSizeKb":10485760,"nullifierTreeMapSizeKb":10485760,"noteHashTreeMapSizeKb":10485760,"messageTreeMapSizeKb":10485760,"publicDataTreeMapSizeKb":10485760} and 12 threads (ephemeral=true).
[23:40:30.176] INFO: txe_node Aztec Node version: txe
[23:40:30.176] INFO: txe_node Aztec Node started on chain 0x1
[23:40:30.188] INFO: txe:top_level_context Created block 1 with timestamp 1789195230
[23:40:30.221] INFO: txe:top_level_context Created block 2 with timestamp 1789195230
[23:40:30.280] INFO: simulator:public-processor Processed 1 successful txs and 0 failed txs (0 silently skipped, 0ms wasted) in 0.027258958000005804s {"blockNumber":3,"successfulCount":1,"failedCount":0,"duration":0.027258958000005804,"rate":79507991.46466048,"totalPublicGas":{"daGas":3776,"l2Gas":2167305},"totalBlockGas":{"daGas":3776,"l2Gas":2167305},"totalSizeInBytes":3904,"silentlySkippedCount":0,"silentlySkippedDurationMs":0}
[23:40:30.307] INFO: txe:top_level_context Created block 4 with timestamp 1789195230
[23:40:30.458] INFO: simulator:public-processor Processed 1 successful txs and 0 failed txs (0 silently skipped, 0ms wasted) in 0.0034799999999959256s {"blockNumber":5,"successfulCount":1,"failedCount":0,"duration":0.0034799999999959256,"rate":0,"totalPublicGas":{"daGas":0,"l2Gas":0},"totalBlockGas":{"daGas":1984,"l2Gas":529900},"totalSizeInBytes":1984,"silentlySkippedCount":0,"silentlySkippedDurationMs":0}
[23:40:30.486] INFO: txe:top_level_context Created block 6 with timestamp 1789198831
[23:40:30.909] INFO: simulator:public-processor Processed 1 successful txs and 0 failed txs (0 silently skipped, 0ms wasted) in 0.019200041999996757s {"blockNumber":7,"successfulCount":1,"failedCount":0,"duration":0.019200041999996757,"rate":62296686.64267516,"totalPublicGas":{"daGas":2176,"l2Gas":1196099},"totalBlockGas":{"daGas":3552,"l2Gas":1922849},"totalSizeInBytes":3552,"silentlySkippedCount":0,"silentlySkippedDurationMs":0}
[23:40:30.937] INFO: txe:top_level_context Created block 8 with timestamp 1789202432
[billboard_test] Testing test_full_flow_second_post_without_flag ... [0m[32mok[0m
[23:40:31.371] INFO: simulator:public-processor Processed 1 successful txs and 0 failed txs (0 silently skipped, 0ms wasted) in 0.019524749999996857s {"blockNumber":9,"successfulCount":1,"failedCount":0,"duration":0.019524749999996857,"rate":61260656.346441954,"totalPublicGas":{"daGas":2176,"l2Gas":1196099},"totalBlockGas":{"daGas":3552,"l2Gas":1922849},"totalSizeInBytes":3552,"silentlySkippedCount":0,"silentlySkippedDurationMs":0}
[23:40:31.406] INFO: simulator:public-processor Processed 1 successful txs and 0 failed txs (0 silently skipped, 0ms wasted) in 0.004112917000005836s {"blockNumber":10,"successfulCount":1,"failedCount":0,"duration":0.004112917000005836,"rate":1700982.5386678292,"totalPublicGas":{"daGas":0,"l2Gas":6996},"totalBlockGas":{"daGas":0,"l2Gas":6996},"totalSizeInBytes":128,"silentlySkippedCount":0,"silentlySkippedDurationMs":0}
[billboard_test] Testing test_get_post_rejects_invalid_id ... [0m[32mok[0m
[23:40:32.838] INFO: kv-store:lmdb-v2 Starting data store with maxReaders 2
[23:40:32.839] INFO: world-state:database Creating world state data store at directory /var/folders/ym/q1vh2x5n58xbsmpmvs5_6w3r0000gn/T/aztec-world-state-RWZX7g/world_state with map sizes {"archiveTreeMapSizeKb":10485760,"nullifierTreeMapSizeKb":10485760,"noteHashTreeMapSizeKb":10485760,"messageTreeMapSizeKb":10485760,"publicDataTreeMapSizeKb":10485760} and 12 threads (ephemeral=true).
[23:40:32.848] INFO: txe_node Aztec Node version: txe
[23:40:32.848] INFO: txe_node Aztec Node started on chain 0x1
[23:40:32.859] INFO: txe:top_level_context Created block 1 with timestamp 1789195232
[23:40:32.889] INFO: txe:top_level_context Created block 2 with timestamp 1789195232
[23:40:32.949] INFO: simulator:public-processor Processed 1 successful txs and 0 failed txs (0 silently skipped, 0ms wasted) in 0.026977582999999868s {"blockNumber":3,"successfulCount":1,"failedCount":0,"duration":0.026977582999999868,"rate":80337256.30646788,"totalPublicGas":{"daGas":3776,"l2Gas":2167305},"totalBlockGas":{"daGas":3776,"l2Gas":2167305},"totalSizeInBytes":3904,"silentlySkippedCount":0,"silentlySkippedDurationMs":0}
[23:40:32.984] INFO: simulator:public-processor Processed 1 successful txs and 0 failed txs (0 silently skipped, 0ms wasted) in 0.004412291999993613s {"blockNumber":4,"successfulCount":1,"failedCount":0,"duration":0.004412291999993613,"rate":1635204.560353314,"totalPublicGas":{"daGas":0,"l2Gas":7215},"totalBlockGas":{"daGas":0,"l2Gas":7215},"totalSizeInBytes":128,"silentlySkippedCount":0,"silentlySkippedDurationMs":0}
[23:40:32.985] WARN: txe:top_level_context Could not find function artifact in contract Billboard for function '0x3bc1b6cc' when enriching error callstack
[23:40:34.446] INFO: kv-store:lmdb-v2 Starting data store with maxReaders 2
[23:40:34.446] INFO: world-state:database Creating world state data store at directory /var/folders/ym/q1vh2x5n58xbsmpmvs5_6w3r0000gn/T/aztec-world-state-SNU0zM/world_state with map sizes {"archiveTreeMapSizeKb":10485760,"nullifierTreeMapSizeKb":10485760,"noteHashTreeMapSizeKb":10485760,"messageTreeMapSizeKb":10485760,"publicDataTreeMapSizeKb":10485760} and 12 threads (ephemeral=true).
[23:40:34.455] INFO: txe_node Aztec Node version: txe
[23:40:34.455] INFO: txe_node Aztec Node started on chain 0x1
[23:40:34.466] INFO: txe:top_level_context Created block 1 with timestamp 1789195234
[23:40:34.502] INFO: txe:top_level_context Created block 2 with timestamp 1789195234
[23:40:34.562] INFO: simulator:public-processor Processed 1 successful txs and 0 failed txs (0 silently skipped, 0ms wasted) in 0.02708087499999965s {"blockNumber":3,"successfulCount":1,"failedCount":0,"duration":0.02708087499999965,"rate":80030833.56797105,"totalPublicGas":{"daGas":3776,"l2Gas":2167305},"totalBlockGas":{"daGas":3776,"l2Gas":2167305},"totalSizeInBytes":3904,"silentlySkippedCount":0,"silentlySkippedDurationMs":0}
[23:40:34.589] INFO: txe:top_level_context Created block 4 with timestamp 1789195234
[23:40:34.742] INFO: simulator:public-processor Processed 1 successful txs and 0 failed txs (0 silently skipped, 0ms wasted) in 0.003519665999992867s {"blockNumber":5,"successfulCount":1,"failedCount":0,"duration":0.003519665999992867,"rate":0,"totalPublicGas":{"daGas":0,"l2Gas":0},"totalBlockGas":{"daGas":1984,"l2Gas":529900},"totalSizeInBytes":1984,"silentlySkippedCount":0,"silentlySkippedDurationMs":0}
[23:40:34.769] INFO: txe:top_level_context Created block 6 with timestamp 1789202435
[23:40:35.200] INFO: simulator:public-processor Processed 1 successful txs and 0 failed txs (0 silently skipped, 0ms wasted) in 0.019605083000002195s {"blockNumber":7,"successfulCount":1,"failedCount":0,"duration":0.019605083000002195,"rate":61009637.14358496,"totalPublicGas":{"daGas":2176,"l2Gas":1196099},"totalBlockGas":{"daGas":3552,"l2Gas":1922849},"totalSizeInBytes":3552,"silentlySkippedCount":0,"silentlySkippedDurationMs":0}
[23:40:35.228] INFO: txe:top_level_context Created block 8 with timestamp 1789209636
[23:40:35.670] INFO: simulator:public-processor Processed 1 successful txs and 0 failed txs (0 silently skipped, 0ms wasted) in 0.019553291999996874s {"blockNumber":9,"successfulCount":1,"failedCount":0,"duration":0.019553291999996874,"rate":61171233.979433805,"totalPublicGas":{"daGas":2176,"l2Gas":1196099},"totalBlockGas":{"daGas":3552,"l2Gas":1922849},"totalSizeInBytes":3552,"silentlySkippedCount":0,"silentlySkippedDurationMs":0}
[23:40:35.698] INFO: txe:top_level_context Created block 10 with timestamp 1789216837
[23:40:36.133] INFO: simulator:public-processor Processed 1 successful txs and 0 failed txs (0 silently skipped, 0ms wasted) in 0.019056457999991835s {"blockNumber":11,"successfulCount":1,"failedCount":0,"duration":0.019056457999991835,"rate":62766071.21850831,"totalPublicGas":{"daGas":2176,"l2Gas":1196099},"totalBlockGas":{"daGas":3552,"l2Gas":1922849},"totalSizeInBytes":3552,"silentlySkippedCount":0,"silentlySkippedDurationMs":0}
[23:40:36.161] INFO: txe:top_level_context Created block 12 with timestamp 1789224038
[23:40:36.594] INFO: simulator:public-processor Processed 1 successful txs and 0 failed txs (0 silently skipped, 0ms wasted) in 0.018841709000000265s {"blockNumber":13,"successfulCount":1,"failedCount":0,"duration":0.018841709000000265,"rate":63481449.586127415,"totalPublicGas":{"daGas":2176,"l2Gas":1196099},"totalBlockGas":{"daGas":3552,"l2Gas":1922849},"totalSizeInBytes":3552,"silentlySkippedCount":0,"silentlySkippedDurationMs":0}
[23:40:36.622] INFO: txe:top_level_context Created block 14 with timestamp 1789231239
[23:40:37.054] INFO: simulator:public-processor Processed 1 successful txs and 0 failed txs (0 silently skipped, 0ms wasted) in 0.018783875000008266s {"blockNumber":15,"successfulCount":1,"failedCount":0,"duration":0.018783875000008266,"rate":63676903.72723805,"totalPublicGas":{"daGas":2176,"l2Gas":1196099},"totalBlockGas":{"daGas":3552,"l2Gas":1922849},"totalSizeInBytes":3552,"silentlySkippedCount":0,"silentlySkippedDurationMs":0}
[23:40:37.082] INFO: txe:top_level_context Created block 16 with timestamp 1789238440
[23:40:37.526] INFO: simulator:public-processor Processed 1 successful txs and 0 failed txs (0 silently skipped, 0ms wasted) in 0.019877250000005005s {"blockNumber":17,"successfulCount":1,"failedCount":0,"duration":0.019877250000005005,"rate":60174269.5795293,"totalPublicGas":{"daGas":2176,"l2Gas":1196099},"totalBlockGas":{"daGas":3552,"l2Gas":1922849},"totalSizeInBytes":3552,"silentlySkippedCount":0,"silentlySkippedDurationMs":0}
[23:40:37.554] INFO: txe:top_level_context Created block 18 with timestamp 1789245641
[23:40:37.998] INFO: simulator:public-processor Processed 1 successful txs and 0 failed txs (0 silently skipped, 0ms wasted) in 0.019405750000005356s {"blockNumber":19,"successfulCount":1,"failedCount":0,"duration":0.019405750000005356,"rate":61636319.13219895,"totalPublicGas":{"daGas":2176,"l2Gas":1196099},"totalBlockGas":{"daGas":3552,"l2Gas":1922849},"totalSizeInBytes":3552,"silentlySkippedCount":0,"silentlySkippedDurationMs":0}
[23:40:38.026] INFO: txe:top_level_context Created block 20 with timestamp 1789252842
[23:40:38.463] INFO: simulator:public-processor Processed 1 successful txs and 0 failed txs (0 silently skipped, 0ms wasted) in 0.01922637500001292s {"blockNumber":21,"successfulCount":1,"failedCount":0,"duration":0.01922637500001292,"rate":62211363.29647145,"totalPublicGas":{"daGas":2176,"l2Gas":1196099},"totalBlockGas":{"daGas":3552,"l2Gas":1922849},"totalSizeInBytes":3552,"silentlySkippedCount":0,"silentlySkippedDurationMs":0}
[23:40:38.491] INFO: txe:top_level_context Created block 22 with timestamp 1789260043
[23:40:38.925] INFO: simulator:public-processor Processed 1 successful txs and 0 failed txs (0 silently skipped, 0ms wasted) in 0.019030083999998167s {"blockNumber":23,"successfulCount":1,"failedCount":0,"duration":0.019030083999998167,"rate":62853059.39795721,"totalPublicGas":{"daGas":2176,"l2Gas":1196099},"totalBlockGas":{"daGas":3552,"l2Gas":1922849},"totalSizeInBytes":3552,"silentlySkippedCount":0,"silentlySkippedDurationMs":0}
[23:40:38.954] INFO: txe:top_level_context Created block 24 with timestamp 1789267244
[23:40:39.397] INFO: simulator:public-processor Processed 1 successful txs and 0 failed txs (0 silently skipped, 0ms wasted) in 0.01961654199998884s {"blockNumber":25,"successfulCount":1,"failedCount":0,"duration":0.01961654199998884,"rate":60973998.37344831,"totalPublicGas":{"daGas":2176,"l2Gas":1196099},"totalBlockGas":{"daGas":3552,"l2Gas":1922849},"totalSizeInBytes":3552,"silentlySkippedCount":0,"silentlySkippedDurationMs":0}
[23:40:39.425] INFO: txe:top_level_context Created block 26 with timestamp 1789274445
[23:40:39.862] INFO: simulator:public-processor Processed 1 successful txs and 0 failed txs (0 silently skipped, 0ms wasted) in 0.019290124999999533s {"blockNumber":27,"successfulCount":1,"failedCount":0,"duration":0.019290124999999533,"rate":62005767.19954012,"totalPublicGas":{"daGas":2176,"l2Gas":1196099},"totalBlockGas":{"daGas":3552,"l2Gas":1922849},"totalSizeInBytes":3552,"silentlySkippedCount":0,"silentlySkippedDurationMs":0}
[23:40:39.890] INFO: txe:top_level_context Created block 28 with timestamp 1789281646
[23:40:40.325] INFO: simulator:public-processor Processed 1 successful txs and 0 failed txs (0 silently skipped, 0ms wasted) in 0.01934137499998906s {"blockNumber":29,"successfulCount":1,"failedCount":0,"duration":0.01934137499998906,"rate":61841466.80371363,"totalPublicGas":{"daGas":2176,"l2Gas":1196099},"totalBlockGas":{"daGas":3552,"l2Gas":1922849},"totalSizeInBytes":3552,"silentlySkippedCount":0,"silentlySkippedDurationMs":0}
[23:40:40.353] INFO: txe:top_level_context Created block 30 with timestamp 1789288847
[23:40:40.777] INFO: simulator:public-processor Processed 1 successful txs and 0 failed txs (0 silently skipped, 0ms wasted) in 0.018848375000001395s {"blockNumber":31,"successfulCount":1,"failedCount":0,"duration":0.018848375000001395,"rate":63458998.454769254,"totalPublicGas":{"daGas":2176,"l2Gas":1196099},"totalBlockGas":{"daGas":3552,"l2Gas":1922849},"totalSizeInBytes":3552,"silentlySkippedCount":0,"silentlySkippedDurationMs":0}
[23:40:40.805] INFO: txe:top_level_context Created block 32 with timestamp 1789296048
[23:40:41.232] INFO: simulator:public-processor Processed 1 successful txs and 0 failed txs (0 silently skipped, 0ms wasted) in 0.019467917000001764s {"blockNumber":33,"successfulCount":1,"failedCount":0,"duration":0.019467917000001764,"rate":61439495.55568229,"totalPublicGas":{"daGas":2176,"l2Gas":1196099},"totalBlockGas":{"daGas":3552,"l2Gas":1922849},"totalSizeInBytes":3552,"silentlySkippedCount":0,"silentlySkippedDurationMs":0}
[23:40:41.260] INFO: txe:top_level_context Created block 34 with timestamp 1789303249
[23:40:41.687] INFO: simulator:public-processor Processed 1 successful txs and 0 failed txs (0 silently skipped, 0ms wasted) in 0.019060874999995578s {"blockNumber":35,"successfulCount":1,"failedCount":0,"duration":0.019060874999995578,"rate":62751526.35963866,"totalPublicGas":{"daGas":2176,"l2Gas":1196099},"totalBlockGas":{"daGas":3552,"l2Gas":1922849},"totalSizeInBytes":3552,"silentlySkippedCount":0,"silentlySkippedDurationMs":0}
[23:40:41.715] INFO: txe:top_level_context Created block 36 with timestamp 1789310450
[23:40:42.144] INFO: simulator:public-processor Processed 1 successful txs and 0 failed txs (0 silently skipped, 0ms wasted) in 0.01910691699999734s {"blockNumber":37,"successfulCount":1,"failedCount":0,"duration":0.01910691699999734,"rate":62600313.80259654,"totalPublicGas":{"daGas":2176,"l2Gas":1196099},"totalBlockGas":{"daGas":3552,"l2Gas":1922849},"totalSizeInBytes":3552,"silentlySkippedCount":0,"silentlySkippedDurationMs":0}
[23:40:42.180] INFO: simulator:public-processor Processed 1 successful txs and 0 failed txs (0 silently skipped, 0ms wasted) in 0.004304541999998037s {"blockNumber":38,"successfulCount":1,"failedCount":0,"duration":0.004304541999998037,"rate":1625260.0160489061,"totalPublicGas":{"daGas":0,"l2Gas":6996},"totalBlockGas":{"daGas":0,"l2Gas":6996},"totalSizeInBytes":128,"silentlySkippedCount":0,"silentlySkippedDurationMs":0}
[billboard_test] Testing test_history_first_page_control ... [0m[32mok[0m
[23:40:43.984] INFO: kv-store:lmdb-v2 Starting data store with maxReaders 2
[23:40:43.985] INFO: world-state:database Creating world state data store at directory /var/folders/ym/q1vh2x5n58xbsmpmvs5_6w3r0000gn/T/aztec-world-state-TU2RtZ/world_state with map sizes {"archiveTreeMapSizeKb":10485760,"nullifierTreeMapSizeKb":10485760,"noteHashTreeMapSizeKb":10485760,"messageTreeMapSizeKb":10485760,"publicDataTreeMapSizeKb":10485760} and 12 threads (ephemeral=true).
[23:40:43.994] INFO: txe_node Aztec Node version: txe
[23:40:43.994] INFO: txe_node Aztec Node started on chain 0x1
[23:40:44.005] INFO: txe:top_level_context Created block 1 with timestamp 1789195243
[23:40:44.038] INFO: txe:top_level_context Created block 2 with timestamp 1789195243
[23:40:44.098] INFO: simulator:public-processor Processed 1 successful txs and 0 failed txs (0 silently skipped, 0ms wasted) in 0.027746375000002446s {"blockNumber":3,"successfulCount":1,"failedCount":0,"duration":0.027746375000002446,"rate":78111284.80746797,"totalPublicGas":{"daGas":3776,"l2Gas":2167305},"totalBlockGas":{"daGas":3776,"l2Gas":2167305},"totalSizeInBytes":3904,"silentlySkippedCount":0,"silentlySkippedDurationMs":0}
[23:40:44.126] INFO: txe:top_level_context Created block 4 with timestamp 1789195243
[23:40:44.280] INFO: simulator:public-processor Processed 1 successful txs and 0 failed txs (0 silently skipped, 0ms wasted) in 0.0035405420000024605s {"blockNumber":5,"successfulCount":1,"failedCount":0,"duration":0.0035405420000024605,"rate":0,"totalPublicGas":{"daGas":0,"l2Gas":0},"totalBlockGas":{"daGas":1984,"l2Gas":529900},"totalSizeInBytes":1984,"silentlySkippedCount":0,"silentlySkippedDurationMs":0}
[23:40:44.307] INFO: txe:top_level_context Created block 6 with timestamp 1789202444
[23:40:44.742] INFO: simulator:public-processor Processed 1 successful txs and 0 failed txs (0 silently skipped, 0ms wasted) in 0.019194709000003057s {"blockNumber":7,"successfulCount":1,"failedCount":0,"duration":0.019194709000003057,"rate":62313994.96599868,"totalPublicGas":{"daGas":2176,"l2Gas":1196099},"totalBlockGas":{"daGas":3552,"l2Gas":1922849},"totalSizeInBytes":3552,"silentlySkippedCount":0,"silentlySkippedDurationMs":0}
[23:40:44.770] INFO: txe:top_level_context Created block 8 with timestamp 1789209645
[23:40:45.207] INFO: simulator:public-processor Processed 1 successful txs and 0 failed txs (0 silently skipped, 0ms wasted) in 0.019088541999997686s {"blockNumber":9,"successfulCount":1,"failedCount":0,"duration":0.019088541999997686,"rate":62660574.07633045,"totalPublicGas":{"daGas":2176,"l2Gas":1196099},"totalBlockGas":{"daGas":3552,"l2Gas":1922849},"totalSizeInBytes":3552,"silentlySkippedCount":0,"silentlySkippedDurationMs":0}
[23:40:45.235] INFO: txe:top_level_context Created block 10 with timestamp 1789216846
[23:40:45.677] INFO: simulator:public-processor Processed 1 successful txs and 0 failed txs (0 silently skipped, 0ms wasted) in 0.019200832999995327s {"blockNumber":11,"successfulCount":1,"failedCount":0,"duration":0.019200832999995327,"rate":62294120.26031845,"totalPublicGas":{"daGas":2176,"l2Gas":1196099},"totalBlockGas":{"daGas":3552,"l2Gas":1922849},"totalSizeInBytes":3552,"silentlySkippedCount":0,"silentlySkippedDurationMs":0}
[23:40:45.705] INFO: txe:top_level_context Created block 12 with timestamp 1789224047
[23:40:46.146] INFO: simulator:public-processor Processed 1 successful txs and 0 failed txs (0 silently skipped, 0ms wasted) in 0.01927962500001013s {"blockNumber":13,"successfulCount":1,"failedCount":0,"duration":0.01927962500001013,"rate":62039536.55734339,"totalPublicGas":{"daGas":2176,"l2Gas":1196099},"totalBlockGas":{"daGas":3552,"l2Gas":1922849},"totalSizeInBytes":3552,"silentlySkippedCount":0,"silentlySkippedDurationMs":0}
[23:40:46.174] INFO: txe:top_level_context Created block 14 with timestamp 1789231248
[23:40:46.610] INFO: simulator:public-processor Processed 1 successful txs and 0 failed txs (0 silently skipped, 0ms wasted) in 0.019339791999998853s {"blockNumber":15,"successfulCount":1,"failedCount":0,"duration":0.019339791999998853,"rate":61846528.64932937,"totalPublicGas":{"daGas":2176,"l2Gas":1196099},"totalBlockGas":{"daGas":3552,"l2Gas":1922849},"totalSizeInBytes":3552,"silentlySkippedCount":0,"silentlySkippedDurationMs":0}
[23:40:46.638] INFO: txe:top_level_context Created block 16 with timestamp 1789238449
[23:40:47.075] INFO: simulator:public-processor Processed 1 successful txs and 0 failed txs (0 silently skipped, 0ms wasted) in 0.01918741600000067s {"blockNumber":17,"successfulCount":1,"failedCount":0,"duration":0.01918741600000067,"rate":62337680.07114446,"totalPublicGas":{"daGas":2176,"l2Gas":1196099},"totalBlockGas":{"daGas":3552,"l2Gas":1922849},"totalSizeInBytes":3552,"silentlySkippedCount":0,"silentlySkippedDurationMs":0}
[23:40:47.102] INFO: txe:top_level_context Created block 18 with timestamp 1789245650
[23:40:47.533] INFO: simulator:public-processor Processed 1 successful txs and 0 failed txs (0 silently skipped, 0ms wasted) in 0.01921370900000329s {"blockNumber":19,"successfulCount":1,"failedCount":0,"duration":0.01921370900000329,"rate":62252374.073105566,"totalPublicGas":{"daGas":2176,"l2Gas":1196099},"totalBlockGas":{"daGas":3552,"l2Gas":1922849},"totalSizeInBytes":3552,"silentlySkippedCount":0,"silentlySkippedDurationMs":0}
[23:40:47.561] INFO: txe:top_level_context Created block 20 with timestamp 1789252851
[23:40:47.993] INFO: simulator:public-processor Processed 1 successful txs and 0 failed txs (0 silently skipped, 0ms wasted) in 0.01923208399998839s {"blockNumber":21,"successfulCount":1,"failedCount":0,"duration":0.01923208399998839,"rate":62192895.99612408,"totalPublicGas":{"daGas":2176,"l2Gas":1196099},"totalBlockGas":{"daGas":3552,"l2Gas":1922849},"totalSizeInBytes":3552,"silentlySkippedCount":0,"silentlySkippedDurationMs":0}
[23:40:48.021] INFO: txe:top_level_context Created block 22 with timestamp 1789260052
[23:40:48.454] INFO: simulator:public-processor Processed 1 successful txs and 0 failed txs (0 silently skipped, 0ms wasted) in 0.01905304199999955s {"blockNumber":23,"successfulCount":1,"failedCount":0,"duration":0.01905304199999955,"rate":62777324.48183487,"totalPublicGas":{"daGas":2176,"l2Gas":1196099},"totalBlockGas":{"daGas":3552,"l2Gas":1922849},"totalSizeInBytes":3552,"silentlySkippedCount":0,"silentlySkippedDurationMs":0}
[23:40:48.481] INFO: txe:top_level_context Created block 24 with timestamp 1789267253
[23:40:48.912] INFO: simulator:public-processor Processed 1 successful txs and 0 failed txs (0 silently skipped, 0ms wasted) in 0.019204624999998487s {"blockNumber":25,"successfulCount":1,"failedCount":0,"duration":0.019204624999998487,"rate":62281820.13447772,"totalPublicGas":{"daGas":2176,"l2Gas":1196099},"totalBlockGas":{"daGas":3552,"l2Gas":1922849},"totalSizeInBytes":3552,"silentlySkippedCount":0,"silentlySkippedDurationMs":0}
[23:40:48.939] INFO: txe:top_level_context Created block 26 with timestamp 1789274454
[23:40:49.375] INFO: simulator:public-processor Processed 1 successful txs and 0 failed txs (0 silently skipped, 0ms wasted) in 0.01907391700000153s {"blockNumber":27,"successfulCount":1,"failedCount":0,"duration":0.01907391700000153,"rate":62708619.315052286,"totalPublicGas":{"daGas":2176,"l2Gas":1196099},"totalBlockGas":{"daGas":3552,"l2Gas":1922849},"totalSizeInBytes":3552,"silentlySkippedCount":0,"silentlySkippedDurationMs":0}
[23:40:49.403] INFO: txe:top_level_context Created block 28 with timestamp 1789281655
[23:40:49.836] INFO: simulator:public-processor Processed 1 successful txs and 0 failed txs (0 silently skipped, 0ms wasted) in 0.019012375000005705s {"blockNumber":29,"successfulCount":1,"failedCount":0,"duration":0.019012375000005705,"rate":62911603.62656644,"totalPublicGas":{"daGas":2176,"l2Gas":1196099},"totalBlockGas":{"daGas":3552,"l2Gas":1922849},"totalSizeInBytes":3552,"silentlySkippedCount":0,"silentlySkippedDurationMs":0}
[23:40:49.864] INFO: txe:top_level_context Created block 30 with timestamp 1789288856
[23:40:50.301] INFO: simulator:public-processor Processed 1 successful txs and 0 failed txs (0 silently skipped, 0ms wasted) in 0.019270874999987427s {"blockNumber":31,"successfulCount":1,"failedCount":0,"duration":0.019270874999987427,"rate":62067705.79959553,"totalPublicGas":{"daGas":2176,"l2Gas":1196099},"totalBlockGas":{"daGas":3552,"l2Gas":1922849},"totalSizeInBytes":3552,"silentlySkippedCount":0,"silentlySkippedDurationMs":0}
[23:40:50.329] INFO: txe:top_level_context Created block 32 with timestamp 1789296057
[23:40:50.758] INFO: simulator:public-processor Processed 1 successful txs and 0 failed txs (0 silently skipped, 0ms wasted) in 0.019829624999998487s {"blockNumber":33,"successfulCount":1,"failedCount":0,"duration":0.019829624999998487,"rate":60318790.69826541,"totalPublicGas":{"daGas":2176,"l2Gas":1196099},"totalBlockGas":{"daGas":3552,"l2Gas":1922849},"totalSizeInBytes":3552,"silentlySkippedCount":0,"silentlySkippedDurationMs":0}
[23:40:50.786] INFO: txe:top_level_context Created block 34 with timestamp 1789303258
[23:40:51.208] INFO: simulator:public-processor Processed 1 successful txs and 0 failed txs (0 silently skipped, 0ms wasted) in 0.019160166999994545s {"blockNumber":35,"successfulCount":1,"failedCount":0,"duration":0.019160166999994545,"rate":62426334.801796906,"totalPublicGas":{"daGas":2176,"l2Gas":1196099},"totalBlockGas":{"daGas":3552,"l2Gas":1922849},"totalSizeInBytes":3552,"silentlySkippedCount":0,"silentlySkippedDurationMs":0}
[23:40:51.235] INFO: txe:top_level_context Created block 36 with timestamp 1789310459
[23:40:51.662] INFO: simulator:public-processor Processed 1 successful txs and 0 failed txs (0 silently skipped, 0ms wasted) in 0.019416417000000366s {"blockNumber":37,"successfulCount":1,"failedCount":0,"duration":0.019416417000000366,"rate":61602457.34318425,"totalPublicGas":{"daGas":2176,"l2Gas":1196099},"totalBlockGas":{"daGas":3552,"l2Gas":1922849},"totalSizeInBytes":3552,"silentlySkippedCount":0,"silentlySkippedDurationMs":0}
[23:40:51.690] INFO: txe:top_level_context Created block 38 with timestamp 1789317660
[23:40:52.115] INFO: simulator:public-processor Processed 1 successful txs and 0 failed txs (0 silently skipped, 0ms wasted) in 0.019114000000001397s {"blockNumber":39,"successfulCount":1,"failedCount":0,"duration":0.019114000000001397,"rate":62577116.24986463,"totalPublicGas":{"daGas":2176,"l2Gas":1196099},"totalBlockGas":{"daGas":3552,"l2Gas":1922849},"totalSizeInBytes":3552,"silentlySkippedCount":0,"silentlySkippedDurationMs":0}
[23:40:52.150] INFO: simulator:public-processor Processed 1 successful txs and 0 failed txs (0 silently skipped, 0ms wasted) in 0.004084249999999884s {"blockNumber":40,"successfulCount":1,"failedCount":0,"duration":0.004084249999999884,"rate":1712921.5890310826,"totalPublicGas":{"daGas":0,"l2Gas":6996},"totalBlockGas":{"daGas":0,"l2Gas":6996},"totalSizeInBytes":128,"silentlySkippedCount":0,"silentlySkippedDurationMs":0}
[billboard_test] Testing test_history_known_bad_missing_child_after_first_page ... [0m[32mok[0m
[23:40:53.946] INFO: kv-store:lmdb-v2 Starting data store with maxReaders 2
[23:40:53.947] INFO: world-state:database Creating world state data store at directory /var/folders/ym/q1vh2x5n58xbsmpmvs5_6w3r0000gn/T/aztec-world-state-WmCcDS/world_state with map sizes {"archiveTreeMapSizeKb":10485760,"nullifierTreeMapSizeKb":10485760,"noteHashTreeMapSizeKb":10485760,"messageTreeMapSizeKb":10485760,"publicDataTreeMapSizeKb":10485760} and 12 threads (ephemeral=true).
[23:40:53.956] INFO: txe_node Aztec Node version: txe
[23:40:53.956] INFO: txe_node Aztec Node started on chain 0x1
[23:40:53.967] INFO: txe:top_level_context Created block 1 with timestamp 1789195253
[23:40:54.001] INFO: txe:top_level_context Created block 2 with timestamp 1789195253
[23:40:54.063] INFO: simulator:public-processor Processed 1 successful txs and 0 failed txs (0 silently skipped, 0ms wasted) in 0.027238207999995212s {"blockNumber":3,"successfulCount":1,"failedCount":0,"duration":0.027238207999995212,"rate":79568560.45744203,"totalPublicGas":{"daGas":3776,"l2Gas":2167305},"totalBlockGas":{"daGas":3776,"l2Gas":2167305},"totalSizeInBytes":3904,"silentlySkippedCount":0,"silentlySkippedDurationMs":0}
[23:40:54.090] INFO: txe:top_level_context Created block 4 with timestamp 1789195253
[23:40:54.243] INFO: simulator:public-processor Processed 1 successful txs and 0 failed txs (0 silently skipped, 0ms wasted) in 0.003460209000011673s {"blockNumber":5,"successfulCount":1,"failedCount":0,"duration":0.003460209000011673,"rate":0,"totalPublicGas":{"daGas":0,"l2Gas":0},"totalBlockGas":{"daGas":1984,"l2Gas":529900},"totalSizeInBytes":1984,"silentlySkippedCount":0,"silentlySkippedDurationMs":0}
[23:40:54.270] INFO: txe:top_level_context Created block 6 with timestamp 1789202454
[23:40:54.692] INFO: simulator:public-processor Processed 1 successful txs and 0 failed txs (0 silently skipped, 0ms wasted) in 0.019140832999997658s {"blockNumber":7,"successfulCount":1,"failedCount":0,"duration":0.019140832999997658,"rate":62489391.135701686,"totalPublicGas":{"daGas":2176,"l2Gas":1196099},"totalBlockGas":{"daGas":3552,"l2Gas":1922849},"totalSizeInBytes":3552,"silentlySkippedCount":0,"silentlySkippedDurationMs":0}
[23:40:54.720] INFO: txe:top_level_context Created block 8 with timestamp 1789209655
[23:40:55.156] INFO: simulator:public-processor Processed 1 successful txs and 0 failed txs (0 silently skipped, 0ms wasted) in 0.019161166999998386s {"blockNumber":9,"successfulCount":1,"failedCount":0,"duration":0.019161166999998386,"rate":62423076.84078432,"totalPublicGas":{"daGas":2176,"l2Gas":1196099},"totalBlockGas":{"daGas":3552,"l2Gas":1922849},"totalSizeInBytes":3552,"silentlySkippedCount":0,"silentlySkippedDurationMs":0}
[23:40:55.183] INFO: txe:top_level_context Created block 10 with timestamp 1789216856
[23:40:55.612] INFO: simulator:public-processor Processed 1 successful txs and 0 failed txs (0 silently skipped, 0ms wasted) in 0.01918887499999255s {"blockNumber":11,"successfulCount":1,"failedCount":0,"duration":0.01918887499999255,"rate":62332940.310490556,"totalPublicGas":{"daGas":2176,"l2Gas":1196099},"totalBlockGas":{"daGas":3552,"l2Gas":1922849},"totalSizeInBytes":3552,"silentlySkippedCount":0,"silentlySkippedDurationMs":0}
[23:40:55.640] INFO: txe:top_level_context Created block 12 with timestamp 1789224057
[23:40:56.071] INFO: simulator:public-processor Processed 1 successful txs and 0 failed txs (0 silently skipped, 0ms wasted) in 0.018971499999999652s {"blockNumber":13,"successfulCount":1,"failedCount":0,"duration":0.018971499999999652,"rate":63047149.67187739,"totalPublicGas":{"daGas":2176,"l2Gas":1196099},"totalBlockGas":{"daGas":3552,"l2Gas":1922849},"totalSizeInBytes":3552,"silentlySkippedCount":0,"silentlySkippedDurationMs":0}
[23:40:56.099] INFO: txe:top_level_context Created block 14 with timestamp 1789231258
[23:40:56.532] INFO: simulator:public-processor Processed 1 successful txs and 0 failed txs (0 silently skipped, 0ms wasted) in 0.01904649999999674s {"blockNumber":15,"successfulCount":1,"failedCount":0,"duration":0.01904649999999674,"rate":62798886.93461816,"totalPublicGas":{"daGas":2176,"l2Gas":1196099},"totalBlockGas":{"daGas":3552,"l2Gas":1922849},"totalSizeInBytes":3552,"silentlySkippedCount":0,"silentlySkippedDurationMs":0}
[23:40:56.560] INFO: txe:top_level_context Created block 16 with timestamp 1789238459
[23:40:56.999] INFO: simulator:public-processor Processed 1 successful txs and 0 failed txs (0 silently skipped, 0ms wasted) in 0.019540417000011075s {"blockNumber":17,"successfulCount":1,"failedCount":0,"duration":0.019540417000011075,"rate":61211539.13958551,"totalPublicGas":{"daGas":2176,"l2Gas":1196099},"totalBlockGas":{"daGas":3552,"l2Gas":1922849},"totalSizeInBytes":3552,"silentlySkippedCount":0,"silentlySkippedDurationMs":0}
[23:40:57.026] INFO: txe:top_level_context Created block 18 with timestamp 1789245660
[23:40:57.457] INFO: simulator:public-processor Processed 1 successful txs and 0 failed txs (0 silently skipped, 0ms wasted) in 0.01906733299999905s {"blockNumber":19,"successfulCount":1,"failedCount":0,"duration":0.01906733299999905,"rate":62730272.76547063,"totalPublicGas":{"daGas":2176,"l2Gas":1196099},"totalBlockGas":{"daGas":3552,"l2Gas":1922849},"totalSizeInBytes":3552,"silentlySkippedCount":0,"silentlySkippedDurationMs":0}
[23:40:57.484] INFO: txe:top_level_context Created block 20 with timestamp 1789252861
[23:40:57.917] INFO: simulator:public-processor Processed 1 successful txs and 0 failed txs (0 silently skipped, 0ms wasted) in 0.019238249999994878s {"blockNumber":21,"successfulCount":1,"failedCount":0,"duration":0.019238249999994878,"rate":62172962.71751945,"totalPublicGas":{"daGas":2176,"l2Gas":1196099},"totalBlockGas":{"daGas":3552,"l2Gas":1922849},"totalSizeInBytes":3552,"silentlySkippedCount":0,"silentlySkippedDurationMs":0}
[23:40:57.944] INFO: txe:top_level_context Created block 22 with timestamp 1789260062
[23:40:58.387] INFO: simulator:public-processor Processed 1 successful txs and 0 failed txs (0 silently skipped, 0ms wasted) in 0.01974070799999754s {"blockNumber":23,"successfulCount":1,"failedCount":0,"duration":0.01974070799999754,"rate":60590481.354577005,"totalPublicGas":{"daGas":2176,"l2Gas":1196099},"totalBlockGas":{"daGas":3552,"l2Gas":1922849},"totalSizeInBytes":3552,"silentlySkippedCount":0,"silentlySkippedDurationMs":0}
[23:40:58.415] INFO: txe:top_level_context Created block 24 with timestamp 1789267263
[23:40:58.849] INFO: simulator:public-processor Processed 1 successful txs and 0 failed txs (0 silently skipped, 0ms wasted) in 0.01951883300000918s {"blockNumber":25,"successfulCount":1,"failedCount":0,"duration":0.01951883300000918,"rate":61279227.093107335,"totalPublicGas":{"daGas":2176,"l2Gas":1196099},"totalBlockGas":{"daGas":3552,"l2Gas":1922849},"totalSizeInBytes":3552,"silentlySkippedCount":0,"silentlySkippedDurationMs":0}
[23:40:58.876] INFO: txe:top_level_context Created block 26 with timestamp 1789274464
[23:40:59.310] INFO: simulator:public-processor Processed 1 successful txs and 0 failed txs (0 silently skipped, 0ms wasted) in 0.019341915999990307s {"blockNumber":27,"successfulCount":1,"failedCount":0,"duration":0.019341915999990307,"rate":61839737.07675079,"totalPublicGas":{"daGas":2176,"l2Gas":1196099},"totalBlockGas":{"daGas":3552,"l2Gas":1922849},"totalSizeInBytes":3552,"silentlySkippedCount":0,"silentlySkippedDurationMs":0}
[23:40:59.338] INFO: txe:top_level_context Created block 28 with timestamp 1789281665
[23:40:59.774] INFO: simulator:public-processor Processed 1 successful txs and 0 failed txs (0 silently skipped, 0ms wasted) in 0.018925791000001482s {"blockNumber":29,"successfulCount":1,"failedCount":0,"duration":0.018925791000001482,"rate":63199419.24751818,"totalPublicGas":{"daGas":2176,"l2Gas":1196099},"totalBlockGas":{"daGas":3552,"l2Gas":1922849},"totalSizeInBytes":3552,"silentlySkippedCount":0,"silentlySkippedDurationMs":0}
[23:40:59.802] INFO: txe:top_level_context Created block 30 with timestamp 1789288866
[23:41:00.233] INFO: simulator:public-processor Processed 1 successful txs and 0 failed txs (0 silently skipped, 0ms wasted) in 0.019288500000009662s {"blockNumber":31,"successfulCount":1,"failedCount":0,"duration":0.019288500000009662,"rate":62010991.004971914,"totalPublicGas":{"daGas":2176,"l2Gas":1196099},"totalBlockGas":{"daGas":3552,"l2Gas":1922849},"totalSizeInBytes":3552,"silentlySkippedCount":0,"silentlySkippedDurationMs":0}
[23:41:00.261] INFO: txe:top_level_context Created block 32 with timestamp 1789296067
[23:41:00.694] INFO: simulator:public-processor Processed 1 successful txs and 0 failed txs (0 silently skipped, 0ms wasted) in 0.019350334000002477s {"blockNumber":33,"successfulCount":1,"failedCount":0,"duration":0.019350334000002477,"rate":61812834.858553186,"totalPublicGas":{"daGas":2176,"l2Gas":1196099},"totalBlockGas":{"daGas":3552,"l2Gas":1922849},"totalSizeInBytes":3552,"silentlySkippedCount":0,"silentlySkippedDurationMs":0}
[23:41:00.722] INFO: txe:top_level_context Created block 34 with timestamp 1789303268
[23:41:01.148] INFO: simulator:public-processor Processed 1 successful txs and 0 failed txs (0 silently skipped, 0ms wasted) in 0.019530916999996407s {"blockNumber":35,"successfulCount":1,"failedCount":0,"duration":0.019530916999996407,"rate":61241312.93990037,"totalPublicGas":{"daGas":2176,"l2Gas":1196099},"totalBlockGas":{"daGas":3552,"l2Gas":1922849},"totalSizeInBytes":3552,"silentlySkippedCount":0,"silentlySkippedDurationMs":0}
[23:41:01.176] INFO: txe:top_level_context Created block 36 with timestamp 1789310469
[23:41:01.599] INFO: simulator:public-processor Processed 1 successful txs and 0 failed txs (0 silently skipped, 0ms wasted) in 0.018954125000003843s {"blockNumber":37,"successfulCount":1,"failedCount":0,"duration":0.018954125000003843,"rate":63104944.17440834,"totalPublicGas":{"daGas":2176,"l2Gas":1196099},"totalBlockGas":{"daGas":3552,"l2Gas":1922849},"totalSizeInBytes":3552,"silentlySkippedCount":0,"silentlySkippedDurationMs":0}
[23:41:01.626] INFO: txe:top_level_context Created block 38 with timestamp 1789317670
[23:41:02.051] INFO: simulator:public-processor Processed 1 successful txs and 0 failed txs (0 silently skipped, 0ms wasted) in 0.019119833999997355s {"blockNumber":39,"successfulCount":1,"failedCount":0,"duration":0.019119833999997355,"rate":62558022.20877887,"totalPublicGas":{"daGas":2176,"l2Gas":1196099},"totalBlockGas":{"daGas":3552,"l2Gas":1922849},"totalSizeInBytes":3552,"silentlySkippedCount":0,"silentlySkippedDurationMs":0}
[23:41:02.086] INFO: simulator:public-processor Processed 1 successful txs and 0 failed txs (0 silently skipped, 0ms wasted) in 0.004218917000005604s {"blockNumber":40,"successfulCount":1,"failedCount":0,"duration":0.004218917000005604,"rate":1658245.4691549293,"totalPublicGas":{"daGas":0,"l2Gas":6996},"totalBlockGas":{"daGas":0,"l2Gas":6996},"totalSizeInBytes":128,"silentlySkippedCount":0,"silentlySkippedDurationMs":0}
[23:41:02.099] INFO: txe:top_level_context Created block 40 with timestamp 1789324871
[billboard_test] Testing test_history_known_bad_next_post_cannot_progress ... [0m[32mok[0m
[billboard_test] Testing test_init_default_flag_state ... [0m[32mok[0m
[23:41:03.869] INFO: kv-store:lmdb-v2 Starting data store with maxReaders 2
[23:41:03.870] INFO: world-state:database Creating world state data store at directory /var/folders/ym/q1vh2x5n58xbsmpmvs5_6w3r0000gn/T/aztec-world-state-kZ3lFC/world_state with map sizes {"archiveTreeMapSizeKb":10485760,"nullifierTreeMapSizeKb":10485760,"noteHashTreeMapSizeKb":10485760,"messageTreeMapSizeKb":10485760,"publicDataTreeMapSizeKb":10485760} and 12 threads (ephemeral=true).
[23:41:03.878] INFO: txe_node Aztec Node version: txe
[23:41:03.878] INFO: txe_node Aztec Node started on chain 0x1
[23:41:03.890] INFO: txe:top_level_context Created block 1 with timestamp 1789195263
[23:41:03.919] INFO: txe:top_level_context Created block 2 with timestamp 1789195263
[23:41:03.980] INFO: simulator:public-processor Processed 1 successful txs and 0 failed txs (0 silently skipped, 0ms wasted) in 0.02768025000000489s {"blockNumber":3,"successfulCount":1,"failedCount":0,"duration":0.02768025000000489,"rate":78297883.87025468,"totalPublicGas":{"daGas":3776,"l2Gas":2167305},"totalBlockGas":{"daGas":3776,"l2Gas":2167305},"totalSizeInBytes":3904,"silentlySkippedCount":0,"silentlySkippedDurationMs":0}
[23:41:04.015] INFO: simulator:public-processor Processed 1 successful txs and 0 failed txs (0 silently skipped, 0ms wasted) in 0.004284458000009181s {"blockNumber":4,"successfulCount":1,"failedCount":0,"duration":0.004284458000009181,"rate":2037597.287680564,"totalPublicGas":{"daGas":0,"l2Gas":8730},"totalBlockGas":{"daGas":0,"l2Gas":8730},"totalSizeInBytes":128,"silentlySkippedCount":0,"silentlySkippedDurationMs":0}
[billboard_test] Testing test_init_rejects_policy_too_long ... [0m[32mok[0m
[23:41:05.439] INFO: kv-store:lmdb-v2 Starting data store with maxReaders 2
[23:41:05.440] INFO: world-state:database Creating world state data store at directory /var/folders/ym/q1vh2x5n58xbsmpmvs5_6w3r0000gn/T/aztec-world-state-F2h0xj/world_state with map sizes {"archiveTreeMapSizeKb":10485760,"nullifierTreeMapSizeKb":10485760,"noteHashTreeMapSizeKb":10485760,"messageTreeMapSizeKb":10485760,"publicDataTreeMapSizeKb":10485760} and 12 threads (ephemeral=true).
[23:41:05.448] INFO: txe_node Aztec Node version: txe
[23:41:05.448] INFO: txe_node Aztec Node started on chain 0x1
[23:41:05.460] INFO: txe:top_level_context Created block 1 with timestamp 1789195265
[23:41:05.496] INFO: txe:top_level_context Created block 2 with timestamp 1789195265
[23:41:05.535] INFO: simulator:public-processor Processed 1 successful txs and 0 failed txs (0 silently skipped, 0ms wasted) in 0.005674291000002995s {"blockNumber":3,"successfulCount":1,"failedCount":0,"duration":0.005674291000002995,"rate":20990992.531038176,"totalPublicGas":{"daGas":0,"l2Gas":119109},"totalBlockGas":{"daGas":0,"l2Gas":119109},"totalSizeInBytes":128,"silentlySkippedCount":0,"silentlySkippedDurationMs":0}
[23:41:05.536] WARN: txe:top_level_context Could not find function artifact in contract Billboard for function '0x609f9c98' when enriching error callstack
[billboard_test] Testing test_init_rejects_zero_base_cooldown ... [0m[32mok[0m
[23:41:06.958] INFO: kv-store:lmdb-v2 Starting data store with maxReaders 2
[23:41:06.959] INFO: world-state:database Creating world state data store at directory /var/folders/ym/q1vh2x5n58xbsmpmvs5_6w3r0000gn/T/aztec-world-state-ESvmc1/world_state with map sizes {"archiveTreeMapSizeKb":10485760,"nullifierTreeMapSizeKb":10485760,"noteHashTreeMapSizeKb":10485760,"messageTreeMapSizeKb":10485760,"publicDataTreeMapSizeKb":10485760} and 12 threads (ephemeral=true).
[23:41:06.968] INFO: txe_node Aztec Node version: txe
[23:41:06.968] INFO: txe_node Aztec Node started on chain 0x1
[23:41:06.979] INFO: txe:top_level_context Created block 1 with timestamp 1789195266
[23:41:07.017] INFO: txe:top_level_context Created block 2 with timestamp 1789195266
[23:41:07.055] INFO: simulator:public-processor Processed 1 successful txs and 0 failed txs (0 silently skipped, 0ms wasted) in 0.0056721249999973225s {"blockNumber":3,"successfulCount":1,"failedCount":0,"duration":0.0056721249999973225,"rate":20946646.979757335,"totalPublicGas":{"daGas":0,"l2Gas":118812},"totalBlockGas":{"daGas":0,"l2Gas":118812},"totalSizeInBytes":128,"silentlySkippedCount":0,"silentlySkippedDurationMs":0}
[23:41:07.056] WARN: txe:top_level_context Could not find function artifact in contract Billboard for function '0x609f9c98' when enriching error callstack
[billboard_test] Testing test_init_rejects_zero_censor_window ... [0m[32mok[0m
[23:41:08.502] INFO: kv-store:lmdb-v2 Starting data store with maxReaders 2
[23:41:08.502] INFO: world-state:database Creating world state data store at directory /var/folders/ym/q1vh2x5n58xbsmpmvs5_6w3r0000gn/T/aztec-world-state-6LybNR/world_state with map sizes {"archiveTreeMapSizeKb":10485760,"nullifierTreeMapSizeKb":10485760,"noteHashTreeMapSizeKb":10485760,"messageTreeMapSizeKb":10485760,"publicDataTreeMapSizeKb":10485760} and 12 threads (ephemeral=true).
[23:41:08.511] INFO: txe_node Aztec Node version: txe
[23:41:08.511] INFO: txe_node Aztec Node started on chain 0x1
[23:41:08.522] INFO: txe:top_level_context Created block 1 with timestamp 1789195268
[23:41:08.560] INFO: txe:top_level_context Created block 2 with timestamp 1789195268
[23:41:08.601] INFO: simulator:public-processor Processed 1 successful txs and 0 failed txs (0 silently skipped, 0ms wasted) in 0.007640958000003593s {"blockNumber":3,"successfulCount":1,"failedCount":0,"duration":0.007640958000003593,"rate":15567419.687419308,"totalPublicGas":{"daGas":0,"l2Gas":118950},"totalBlockGas":{"daGas":0,"l2Gas":118950},"totalSizeInBytes":128,"silentlySkippedCount":0,"silentlySkippedDurationMs":0}
[23:41:08.602] WARN: txe:top_level_context Could not find function artifact in contract Billboard for function '0x609f9c98' when enriching error callstack
[billboard_test] Testing test_init_rejects_zero_k ... [0m[32mok[0m
[23:41:10.023] INFO: kv-store:lmdb-v2 Starting data store with maxReaders 2
[23:41:10.024] INFO: world-state:database Creating world state data store at directory /var/folders/ym/q1vh2x5n58xbsmpmvs5_6w3r0000gn/T/aztec-world-state-ZH5pks/world_state with map sizes {"archiveTreeMapSizeKb":10485760,"nullifierTreeMapSizeKb":10485760,"noteHashTreeMapSizeKb":10485760,"messageTreeMapSizeKb":10485760,"publicDataTreeMapSizeKb":10485760} and 12 threads (ephemeral=true).
[23:41:10.033] INFO: txe_node Aztec Node version: txe
[23:41:10.033] INFO: txe_node Aztec Node started on chain 0x1
[23:41:10.044] INFO: txe:top_level_context Created block 1 with timestamp 1789195270
[23:41:10.081] INFO: txe:top_level_context Created block 2 with timestamp 1789195270
[23:41:10.119] INFO: simulator:public-processor Processed 1 successful txs and 0 failed txs (0 silently skipped, 0ms wasted) in 0.005757125000003725s {"blockNumber":3,"successfulCount":1,"failedCount":0,"duration":0.005757125000003725,"rate":20649369.259816848,"totalPublicGas":{"daGas":0,"l2Gas":118881},"totalBlockGas":{"daGas":0,"l2Gas":118881},"totalSizeInBytes":128,"silentlySkippedCount":0,"silentlySkippedDurationMs":0}
[23:41:10.120] WARN: txe:top_level_context Could not find function artifact in contract Billboard for function '0x609f9c98' when enriching error callstack
[billboard_test] Testing test_init_rejects_zero_max_save_up ... [0m[32mok[0m
[23:41:11.550] INFO: kv-store:lmdb-v2 Starting data store with maxReaders 2
[23:41:11.551] INFO: world-state:database Creating world state data store at directory /var/folders/ym/q1vh2x5n58xbsmpmvs5_6w3r0000gn/T/aztec-world-state-vlclup/world_state with map sizes {"archiveTreeMapSizeKb":10485760,"nullifierTreeMapSizeKb":10485760,"noteHashTreeMapSizeKb":10485760,"messageTreeMapSizeKb":10485760,"publicDataTreeMapSizeKb":10485760} and 12 threads (ephemeral=true).
[23:41:11.560] INFO: txe_node Aztec Node version: txe
[23:41:11.560] INFO: txe_node Aztec Node started on chain 0x1
[23:41:11.571] INFO: txe:top_level_context Created block 1 with timestamp 1789195271
[23:41:11.609] INFO: txe:top_level_context Created block 2 with timestamp 1789195271
[23:41:11.647] INFO: simulator:public-processor Processed 1 successful txs and 0 failed txs (0 silently skipped, 0ms wasted) in 0.005815833000000567s {"blockNumber":3,"successfulCount":1,"failedCount":0,"duration":0.005815833000000567,"rate":20464652.26907107,"totalPublicGas":{"daGas":0,"l2Gas":119019},"totalBlockGas":{"daGas":0,"l2Gas":119019},"totalSizeInBytes":128,"silentlySkippedCount":0,"silentlySkippedDurationMs":0}
[23:41:11.648] WARN: txe:top_level_context Could not find function artifact in contract Billboard for function '0x609f9c98' when enriching error callstack
[billboard_test] Testing test_init_rejects_zero_min_deposit ... [0m[32mok[0m
[23:41:13.056] INFO: kv-store:lmdb-v2 Starting data store with maxReaders 2
[23:41:13.057] INFO: world-state:database Creating world state data store at directory /var/folders/ym/q1vh2x5n58xbsmpmvs5_6w3r0000gn/T/aztec-world-state-GNSgNs/world_state with map sizes {"archiveTreeMapSizeKb":10485760,"nullifierTreeMapSizeKb":10485760,"noteHashTreeMapSizeKb":10485760,"messageTreeMapSizeKb":10485760,"publicDataTreeMapSizeKb":10485760} and 12 threads (ephemeral=true).
[23:41:13.065] INFO: txe_node Aztec Node version: txe
[23:41:13.065] INFO: txe_node Aztec Node started on chain 0x1
[23:41:13.077] INFO: txe:top_level_context Created block 1 with timestamp 1789195273
[23:41:13.117] INFO: txe:top_level_context Created block 2 with timestamp 1789195273
[23:41:13.156] INFO: simulator:public-processor Processed 1 successful txs and 0 failed txs (0 silently skipped, 0ms wasted) in 0.005822041999999783s {"blockNumber":3,"successfulCount":1,"failedCount":0,"duration":0.005822041999999783,"rate":20389753.285875373,"totalPublicGas":{"daGas":0,"l2Gas":118710},"totalBlockGas":{"daGas":0,"l2Gas":118710},"totalSizeInBytes":128,"silentlySkippedCount":0,"silentlySkippedDurationMs":0}
[23:41:13.157] WARN: txe:top_level_context Could not find function artifact in contract Billboard for function '0x609f9c98' when enriching error callstack
[billboard_test] Testing test_init_sets_all_parameters ... [0m[32mok[0m
[23:41:14.585] INFO: kv-store:lmdb-v2 Starting data store with maxReaders 2
[23:41:14.585] INFO: world-state:database Creating world state data store at directory /var/folders/ym/q1vh2x5n58xbsmpmvs5_6w3r0000gn/T/aztec-world-state-5iaVm7/world_state with map sizes {"archiveTreeMapSizeKb":10485760,"nullifierTreeMapSizeKb":10485760,"noteHashTreeMapSizeKb":10485760,"messageTreeMapSizeKb":10485760,"publicDataTreeMapSizeKb":10485760} and 12 threads (ephemeral=true).
[23:41:14.594] INFO: txe_node Aztec Node version: txe
[23:41:14.594] INFO: txe_node Aztec Node started on chain 0x1
[23:41:14.605] INFO: txe:top_level_context Created block 1 with timestamp 1789195274
[23:41:14.635] INFO: txe:top_level_context Created block 2 with timestamp 1789195274
[23:41:14.695] INFO: simulator:public-processor Processed 1 successful txs and 0 failed txs (0 silently skipped, 0ms wasted) in 0.026926166999997805s {"blockNumber":3,"successfulCount":1,"failedCount":0,"duration":0.026926166999997805,"rate":80490661.74179848,"totalPublicGas":{"daGas":3776,"l2Gas":2167305},"totalBlockGas":{"daGas":3776,"l2Gas":2167305},"totalSizeInBytes":3904,"silentlySkippedCount":0,"silentlySkippedDurationMs":0}
[23:41:14.729] INFO: simulator:public-processor Processed 1 successful txs and 0 failed txs (0 silently skipped, 0ms wasted) in 0.004193749999991269s {"blockNumber":4,"successfulCount":1,"failedCount":0,"duration":0.004193749999991269,"rate":1880655.7377088335,"totalPublicGas":{"daGas":0,"l2Gas":7887},"totalBlockGas":{"daGas":0,"l2Gas":7887},"totalSizeInBytes":128,"silentlySkippedCount":0,"silentlySkippedDurationMs":0}
[23:41:14.749] INFO: simulator:public-processor Processed 1 successful txs and 0 failed txs (0 silently skipped, 0ms wasted) in 0.004089540999993915s {"blockNumber":4,"successfulCount":1,"failedCount":0,"duration":0.004089540999993915,"rate":1948384.9165497683,"totalPublicGas":{"daGas":0,"l2Gas":7968},"totalBlockGas":{"daGas":0,"l2Gas":7968},"totalSizeInBytes":128,"silentlySkippedCount":0,"silentlySkippedDurationMs":0}
[23:41:14.768] INFO: simulator:public-processor Processed 1 successful txs and 0 failed txs (0 silently skipped, 0ms wasted) in 0.004026541999992333s {"blockNumber":4,"successfulCount":1,"failedCount":0,"duration":0.004026541999992333,"rate":1878286.6290763642,"totalPublicGas":{"daGas":0,"l2Gas":7563},"totalBlockGas":{"daGas":0,"l2Gas":7563},"totalSizeInBytes":128,"silentlySkippedCount":0,"silentlySkippedDurationMs":0}
[23:41:14.788] INFO: simulator:public-processor Processed 1 successful txs and 0 failed txs (0 silently skipped, 0ms wasted) in 0.00410479199999827s {"blockNumber":4,"successfulCount":1,"failedCount":0,"duration":0.00410479199999827,"rate":1862213.7248375122,"totalPublicGas":{"daGas":0,"l2Gas":7644},"totalBlockGas":{"daGas":0,"l2Gas":7644},"totalSizeInBytes":128,"silentlySkippedCount":0,"silentlySkippedDurationMs":0}
[23:41:14.807] INFO: simulator:public-processor Processed 1 successful txs and 0 failed txs (0 silently skipped, 0ms wasted) in 0.003986250000001746s {"blockNumber":4,"successfulCount":1,"failedCount":0,"duration":0.003986250000001746,"rate":1937911.5710245508,"totalPublicGas":{"daGas":0,"l2Gas":7725},"totalBlockGas":{"daGas":0,"l2Gas":7725},"totalSizeInBytes":128,"silentlySkippedCount":0,"silentlySkippedDurationMs":0}
[23:41:14.826] INFO: simulator:public-processor Processed 1 successful txs and 0 failed txs (0 silently skipped, 0ms wasted) in 0.003909167000005254s {"blockNumber":4,"successfulCount":1,"failedCount":0,"duration":0.003909167000005254,"rate":1895544.4983522168,"totalPublicGas":{"daGas":0,"l2Gas":7410},"totalBlockGas":{"daGas":0,"l2Gas":7410},"totalSizeInBytes":128,"silentlySkippedCount":0,"silentlySkippedDurationMs":0}
[23:41:14.846] INFO: simulator:public-processor Processed 1 successful txs and 0 failed txs (0 silently skipped, 0ms wasted) in 0.003903249999988475s {"blockNumber":4,"successfulCount":1,"failedCount":0,"duration":0.003903249999988475,"rate":1981425.7349703033,"totalPublicGas":{"daGas":0,"l2Gas":7734},"totalBlockGas":{"daGas":0,"l2Gas":7734},"totalSizeInBytes":128,"silentlySkippedCount":0,"silentlySkippedDurationMs":0}
[23:41:14.865] INFO: simulator:public-processor Processed 1 successful txs and 0 failed txs (0 silently skipped, 0ms wasted) in 0.0038817919999855803s {"blockNumber":4,"successfulCount":1,"failedCount":0,"duration":0.0038817919999855803,"rate":1802260.3993274209,"totalPublicGas":{"daGas":0,"l2Gas":6996},"totalBlockGas":{"daGas":0,"l2Gas":6996},"totalSizeInBytes":128,"silentlySkippedCount":0,"silentlySkippedDurationMs":0}
[23:41:14.885] INFO: simulator:public-processor Processed 1 successful txs and 0 failed txs (0 silently skipped, 0ms wasted) in 0.004106583000000683s {"blockNumber":4,"successfulCount":1,"failedCount":0,"duration":0.004106583000000683,"rate":1995819.8823690247,"totalPublicGas":{"daGas":0,"l2Gas":8196},"totalBlockGas":{"daGas":0,"l2Gas":8196},"totalSizeInBytes":128,"silentlySkippedCount":0,"silentlySkippedDurationMs":0}
[billboard_test] Testing test_init_sets_empty_policy ... [0m[32mok[0m
[23:41:16.318] INFO: kv-store:lmdb-v2 Starting data store with maxReaders 2
[23:41:16.319] INFO: world-state:database Creating world state data store at directory /var/folders/ym/q1vh2x5n58xbsmpmvs5_6w3r0000gn/T/aztec-world-state-ANSoJR/world_state with map sizes {"archiveTreeMapSizeKb":10485760,"nullifierTreeMapSizeKb":10485760,"noteHashTreeMapSizeKb":10485760,"messageTreeMapSizeKb":10485760,"publicDataTreeMapSizeKb":10485760} and 12 threads (ephemeral=true).
[23:41:16.328] INFO: txe_node Aztec Node version: txe
[23:41:16.329] INFO: txe_node Aztec Node started on chain 0x1
[23:41:16.340] INFO: txe:top_level_context Created block 1 with timestamp 1789195276
[23:41:16.370] INFO: txe:top_level_context Created block 2 with timestamp 1789195276
[23:41:16.432] INFO: simulator:public-processor Processed 1 successful txs and 0 failed txs (0 silently skipped, 0ms wasted) in 0.02786525000000256s {"blockNumber":3,"successfulCount":1,"failedCount":0,"duration":0.02786525000000256,"rate":77778056.89881845,"totalPublicGas":{"daGas":3776,"l2Gas":2167305},"totalBlockGas":{"daGas":3776,"l2Gas":2167305},"totalSizeInBytes":3904,"silentlySkippedCount":0,"silentlySkippedDurationMs":0}
[23:41:16.470] INFO: simulator:public-processor Processed 1 successful txs and 0 failed txs (0 silently skipped, 0ms wasted) in 0.006965416999999433s {"blockNumber":4,"successfulCount":1,"failedCount":0,"duration":0.006965416999999433,"rate":16532822.083733015,"totalPublicGas":{"daGas":0,"l2Gas":115158},"totalBlockGas":{"daGas":0,"l2Gas":115158},"totalSizeInBytes":128,"silentlySkippedCount":0,"silentlySkippedDurationMs":0}
[billboard_test] Testing test_init_sets_nonempty_policy ... [0m[32mok[0m
[23:41:17.890] INFO: kv-store:lmdb-v2 Starting data store with maxReaders 2
[23:41:17.891] INFO: world-state:database Creating world state data store at directory /var/folders/ym/q1vh2x5n58xbsmpmvs5_6w3r0000gn/T/aztec-world-state-f3nJG3/world_state with map sizes {"archiveTreeMapSizeKb":10485760,"nullifierTreeMapSizeKb":10485760,"noteHashTreeMapSizeKb":10485760,"messageTreeMapSizeKb":10485760,"publicDataTreeMapSizeKb":10485760} and 12 threads (ephemeral=true).
[23:41:17.900] INFO: txe_node Aztec Node version: txe
[23:41:17.900] INFO: txe_node Aztec Node started on chain 0x1
[23:41:17.911] INFO: txe:top_level_context Created block 1 with timestamp 1789195277
[23:41:17.947] INFO: txe:top_level_context Created block 2 with timestamp 1789195277
[23:41:18.007] INFO: simulator:public-processor Processed 1 successful txs and 0 failed txs (0 silently skipped, 0ms wasted) in 0.027475250000003143s {"blockNumber":3,"successfulCount":1,"failedCount":0,"duration":0.027475250000003143,"rate":78882084.78538874,"totalPublicGas":{"daGas":3776,"l2Gas":2167305},"totalBlockGas":{"daGas":3776,"l2Gas":2167305},"totalSizeInBytes":3904,"silentlySkippedCount":0,"silentlySkippedDurationMs":0}
[23:41:18.044] INFO: simulator:public-processor Processed 1 successful txs and 0 failed txs (0 silently skipped, 0ms wasted) in 0.0069565419999999s {"blockNumber":4,"successfulCount":1,"failedCount":0,"duration":0.0069565419999999,"rate":16553914.286724878,"totalPublicGas":{"daGas":0,"l2Gas":115158},"totalBlockGas":{"daGas":0,"l2Gas":115158},"totalSizeInBytes":128,"silentlySkippedCount":0,"silentlySkippedDurationMs":0}
[23:41:19.523] INFO: kv-store:lmdb-v2 Starting data store with maxReaders 2
[23:41:19.524] INFO: world-state:database Creating world state data store at directory /var/folders/ym/q1vh2x5n58xbsmpmvs5_6w3r0000gn/T/aztec-world-state-6cwZXo/world_state with map sizes {"archiveTreeMapSizeKb":10485760,"nullifierTreeMapSizeKb":10485760,"noteHashTreeMapSizeKb":10485760,"messageTreeMapSizeKb":10485760,"publicDataTreeMapSizeKb":10485760} and 12 threads (ephemeral=true).
[23:41:19.533] INFO: txe_node Aztec Node version: txe
[23:41:19.533] INFO: txe_node Aztec Node started on chain 0x1
[23:41:19.544] INFO: txe:top_level_context Created block 1 with timestamp 1789195279
[23:41:19.577] INFO: txe:top_level_context Created block 2 with timestamp 1789195279
[23:41:19.637] INFO: simulator:public-processor Processed 1 successful txs and 0 failed txs (0 silently skipped, 0ms wasted) in 0.02731037500000093s {"blockNumber":3,"successfulCount":1,"failedCount":0,"duration":0.02731037500000093,"rate":79358302.47662018,"totalPublicGas":{"daGas":3776,"l2Gas":2167305},"totalBlockGas":{"daGas":3776,"l2Gas":2167305},"totalSizeInBytes":3904,"silentlySkippedCount":0,"silentlySkippedDurationMs":0}
[23:41:19.665] INFO: txe:top_level_context Created block 4 with timestamp 1789195279
[23:41:19.822] INFO: simulator:public-processor Processed 1 successful txs and 0 failed txs (0 silently skipped, 0ms wasted) in 0.00354891700000735s {"blockNumber":5,"successfulCount":1,"failedCount":0,"duration":0.00354891700000735,"rate":0,"totalPublicGas":{"daGas":0,"l2Gas":0},"totalBlockGas":{"daGas":1984,"l2Gas":529900},"totalSizeInBytes":1984,"silentlySkippedCount":0,"silentlySkippedDurationMs":0}
[23:41:19.850] INFO: txe:top_level_context Created block 6 with timestamp 1789198880
[23:41:20.280] INFO: simulator:public-processor Processed 1 successful txs and 0 failed txs (0 silently skipped, 0ms wasted) in 0.019437166999996407s {"blockNumber":7,"successfulCount":1,"failedCount":0,"duration":0.019437166999996407,"rate":61536694.107748374,"totalPublicGas":{"daGas":2176,"l2Gas":1196099},"totalBlockGas":{"daGas":3552,"l2Gas":1922849},"totalSizeInBytes":3552,"silentlySkippedCount":0,"silentlySkippedDurationMs":0}
[23:41:20.308] INFO: txe:top_level_context Created block 8 with timestamp 1789298880
[23:41:20.739] INFO: simulator:public-processor Processed 1 successful txs and 0 failed txs (0 silently skipped, 0ms wasted) in 0.01871783300000243s {"blockNumber":9,"successfulCount":1,"failedCount":0,"duration":0.01871783300000243,"rate":63901574.50383519,"totalPublicGas":{"daGas":2176,"l2Gas":1196099},"totalBlockGas":{"daGas":3552,"l2Gas":1922849},"totalSizeInBytes":3552,"silentlySkippedCount":0,"silentlySkippedDurationMs":0}
[23:41:20.773] INFO: simulator:public-processor Processed 1 successful txs and 0 failed txs (0 silently skipped, 0ms wasted) in 0.004144333999996888s {"blockNumber":10,"successfulCount":1,"failedCount":0,"duration":0.004144333999996888,"rate":1688087.8809490867,"totalPublicGas":{"daGas":0,"l2Gas":6996},"totalBlockGas":{"daGas":0,"l2Gas":6996},"totalSizeInBytes":128,"silentlySkippedCount":0,"silentlySkippedDurationMs":0}
[23:41:20.786] INFO: txe:top_level_context Created block 10 with timestamp 1789298881
[23:41:21.214] INFO: simulator:public-processor Processed 1 successful txs and 0 failed txs (0 silently skipped, 0ms wasted) in 0.019846624999991035s {"blockNumber":11,"successfulCount":1,"failedCount":0,"duration":0.019846624999991035,"rate":60267123.503393665,"totalPublicGas":{"daGas":2176,"l2Gas":1196099},"totalBlockGas":{"daGas":3552,"l2Gas":1922849},"totalSizeInBytes":3552,"silentlySkippedCount":0,"silentlySkippedDurationMs":0}
[23:41:21.250] INFO: simulator:public-processor Processed 1 successful txs and 0 failed txs (0 silently skipped, 0ms wasted) in 0.004321458000005805s {"blockNumber":12,"successfulCount":1,"failedCount":0,"duration":0.004321458000005805,"rate":1618898.0663448777,"totalPublicGas":{"daGas":0,"l2Gas":6996},"totalBlockGas":{"daGas":0,"l2Gas":6996},"totalSizeInBytes":128,"silentlySkippedCount":0,"silentlySkippedDurationMs":0}
[billboard_test] Testing test_save_up_allows_burst_after_dormancy ... [0m[32mok[0m
[23:41:22.731] INFO: kv-store:lmdb-v2 Starting data store with maxReaders 2
[23:41:22.732] INFO: world-state:database Creating world state data store at directory /var/folders/ym/q1vh2x5n58xbsmpmvs5_6w3r0000gn/T/aztec-world-state-R8l31v/world_state with map sizes {"archiveTreeMapSizeKb":10485760,"nullifierTreeMapSizeKb":10485760,"noteHashTreeMapSizeKb":10485760,"messageTreeMapSizeKb":10485760,"publicDataTreeMapSizeKb":10485760} and 12 threads (ephemeral=true).
[23:41:22.740] INFO: txe_node Aztec Node version: txe
[23:41:22.740] INFO: txe_node Aztec Node started on chain 0x1
[23:41:22.751] INFO: txe:top_level_context Created block 1 with timestamp 1789195282
[23:41:22.784] INFO: txe:top_level_context Created block 2 with timestamp 1789195282
[23:41:22.844] INFO: simulator:public-processor Processed 1 successful txs and 0 failed txs (0 silently skipped, 0ms wasted) in 0.027636582999999517s {"blockNumber":3,"successfulCount":1,"failedCount":0,"duration":0.027636582999999517,"rate":78421597.92330469,"totalPublicGas":{"daGas":3776,"l2Gas":2167305},"totalBlockGas":{"daGas":3776,"l2Gas":2167305},"totalSizeInBytes":3904,"silentlySkippedCount":0,"silentlySkippedDurationMs":0}
[23:41:22.871] INFO: txe:top_level_context Created block 4 with timestamp 1789195282
[23:41:23.030] INFO: simulator:public-processor Processed 1 successful txs and 0 failed txs (0 silently skipped, 0ms wasted) in 0.0036571249999979047s {"blockNumber":5,"successfulCount":1,"failedCount":0,"duration":0.0036571249999979047,"rate":0,"totalPublicGas":{"daGas":0,"l2Gas":0},"totalBlockGas":{"daGas":1984,"l2Gas":529900},"totalSizeInBytes":1984,"silentlySkippedCount":0,"silentlySkippedDurationMs":0}
[23:41:23.057] INFO: txe:top_level_context Created block 6 with timestamp 1789198883
[23:41:23.484] INFO: simulator:public-processor Processed 1 successful txs and 0 failed txs (0 silently skipped, 0ms wasted) in 0.01917645800000173s {"blockNumber":7,"successfulCount":1,"failedCount":0,"duration":0.01917645800000173,"rate":62373301.68062799,"totalPublicGas":{"daGas":2176,"l2Gas":1196099},"totalBlockGas":{"daGas":3552,"l2Gas":1922849},"totalSizeInBytes":3552,"silentlySkippedCount":0,"silentlySkippedDurationMs":0}
[23:41:23.512] INFO: txe:top_level_context Created block 8 with timestamp 1789298883
[23:41:23.531] INFO: txe:top_level_context Created block 9 with timestamp 1789298883
[23:41:23.965] INFO: simulator:public-processor Processed 1 successful txs and 0 failed txs (0 silently skipped, 0ms wasted) in 0.01870658400001412s {"blockNumber":10,"successfulCount":1,"failedCount":0,"duration":0.01870658400001412,"rate":63940001.0177752,"totalPublicGas":{"daGas":2176,"l2Gas":1196099},"totalBlockGas":{"daGas":3552,"l2Gas":1922849},"totalSizeInBytes":3552,"silentlySkippedCount":0,"silentlySkippedDurationMs":0}
[23:41:23.994] INFO: txe:top_level_context Created block 11 with timestamp 1789298884
[23:41:24.416] INFO: simulator:public-processor Processed 1 successful txs and 0 failed txs (0 silently skipped, 0ms wasted) in 0.019583582999999634s {"blockNumber":12,"successfulCount":1,"failedCount":0,"duration":0.019583582999999634,"rate":61076617.08278931,"totalPublicGas":{"daGas":2176,"l2Gas":1196099},"totalBlockGas":{"daGas":3552,"l2Gas":1922849},"totalSizeInBytes":3552,"silentlySkippedCount":0,"silentlySkippedDurationMs":0}
[23:41:24.444] INFO: txe:top_level_context Created block 13 with timestamp 1789298885
[23:41:24.869] INFO: simulator:public-processor Processed 1 successful txs and 0 failed txs (0 silently skipped, 0ms wasted) in 0.019123875000004772s {"blockNumber":14,"successfulCount":1,"failedCount":0,"duration":0.019123875000004772,"rate":62544803.289066754,"totalPublicGas":{"daGas":2176,"l2Gas":1196099},"totalBlockGas":{"daGas":3552,"l2Gas":1922849},"totalSizeInBytes":3552,"silentlySkippedCount":0,"silentlySkippedDurationMs":0}
[23:41:24.896] INFO: txe:top_level_context Created block 15 with timestamp 1789298886
[23:41:25.329] INFO: simulator:public-processor Processed 1 successful txs and 0 failed txs (0 silently skipped, 0ms wasted) in 0.02032362500000454s {"blockNumber":16,"successfulCount":1,"failedCount":0,"duration":0.02032362500000454,"rate":58852640.70753779,"totalPublicGas":{"daGas":2176,"l2Gas":1196099},"totalBlockGas":{"daGas":3552,"l2Gas":1922849},"totalSizeInBytes":3552,"silentlySkippedCount":0,"silentlySkippedDurationMs":0}
[23:41:25.357] INFO: txe:top_level_context Created block 17 with timestamp 1789298887
[23:41:25.787] INFO: simulator:public-processor Processed 1 successful txs and 0 failed txs (0 silently skipped, 0ms wasted) in 0.019208624999999303s {"blockNumber":18,"successfulCount":1,"failedCount":0,"duration":0.019208624999999303,"rate":62268850.5814468,"totalPublicGas":{"daGas":2176,"l2Gas":1196099},"totalBlockGas":{"daGas":3552,"l2Gas":1922849},"totalSizeInBytes":3552,"silentlySkippedCount":0,"silentlySkippedDurationMs":0}
[23:41:25.815] INFO: txe:top_level_context Created block 19 with timestamp 1789298888
[23:41:26.237] INFO: simulator:public-processor Processed 1 successful txs and 0 failed txs (0 silently skipped, 0ms wasted) in 0.019450333000015235s {"blockNumber":20,"successfulCount":1,"failedCount":0,"duration":0.019450333000015235,"rate":61495039.69927215,"totalPublicGas":{"daGas":2176,"l2Gas":1196099},"totalBlockGas":{"daGas":3552,"l2Gas":1922849},"totalSizeInBytes":3552,"silentlySkippedCount":0,"silentlySkippedDurationMs":0}
[23:41:26.265] INFO: txe:top_level_context Created block 21 with timestamp 1789298889
[23:41:26.687] INFO: simulator:public-processor Processed 1 successful txs and 0 failed txs (0 silently skipped, 0ms wasted) in 0.018829792000004092s {"blockNumber":22,"successfulCount":1,"failedCount":0,"duration":0.018829792000004092,"rate":63521625.73010579,"totalPublicGas":{"daGas":2176,"l2Gas":1196099},"totalBlockGas":{"daGas":3552,"l2Gas":1922849},"totalSizeInBytes":3552,"silentlySkippedCount":0,"silentlySkippedDurationMs":0}
[23:41:26.715] INFO: txe:top_level_context Created block 23 with timestamp 1789298890
[23:41:27.136] INFO: simulator:public-processor Processed 1 successful txs and 0 failed txs (0 silently skipped, 0ms wasted) in 0.019841041000006953s {"blockNumber":24,"successfulCount":1,"failedCount":0,"duration":0.019841041000006953,"rate":60284084.89250039,"totalPublicGas":{"daGas":2176,"l2Gas":1196099},"totalBlockGas":{"daGas":3552,"l2Gas":1922849},"totalSizeInBytes":3552,"silentlySkippedCount":0,"silentlySkippedDurationMs":0}
[23:41:27.164] INFO: txe:top_level_context Created block 25 with timestamp 1789298891
[23:41:27.598] INFO: simulator:public-processor Processed 1 successful txs and 0 failed txs (0 silently skipped, 0ms wasted) in 0.019627707999985432s {"blockNumber":26,"successfulCount":1,"failedCount":0,"duration":0.019627707999985432,"rate":60939310.89666138,"totalPublicGas":{"daGas":2176,"l2Gas":1196099},"totalBlockGas":{"daGas":3552,"l2Gas":1922849},"totalSizeInBytes":3552,"silentlySkippedCount":0,"silentlySkippedDurationMs":0}
[23:41:27.626] INFO: txe:top_level_context Created block 27 with timestamp 1789298892
[23:41:28.051] INFO: simulator:public-processor Processed 1 successful txs and 0 failed txs (0 silently skipped, 0ms wasted) in 0.018911958000011508s {"blockNumber":28,"successfulCount":1,"failedCount":0,"duration":0.018911958000011508,"rate":63245645.95581654,"totalPublicGas":{"daGas":2176,"l2Gas":1196099},"totalBlockGas":{"daGas":3552,"l2Gas":1922849},"totalSizeInBytes":3552,"silentlySkippedCount":0,"silentlySkippedDurationMs":0}
[23:41:28.078] INFO: txe:top_level_context Created block 29 with timestamp 1789298893
[23:41:28.503] INFO: simulator:public-processor Processed 1 successful txs and 0 failed txs (0 silently skipped, 0ms wasted) in 0.01918670800002292s {"blockNumber":30,"successfulCount":1,"failedCount":0,"duration":0.01918670800002292,"rate":62339980.36549945,"totalPublicGas":{"daGas":2176,"l2Gas":1196099},"totalBlockGas":{"daGas":3552,"l2Gas":1922849},"totalSizeInBytes":3552,"silentlySkippedCount":0,"silentlySkippedDurationMs":0}
[23:41:28.531] INFO: txe:top_level_context Created block 31 with timestamp 1789298894
[23:41:28.954] INFO: simulator:public-processor Processed 1 successful txs and 0 failed txs (0 silently skipped, 0ms wasted) in 0.019512000000016995s {"blockNumber":32,"successfulCount":1,"failedCount":0,"duration":0.019512000000016995,"rate":61300686.756814174,"totalPublicGas":{"daGas":2176,"l2Gas":1196099},"totalBlockGas":{"daGas":3552,"l2Gas":1922849},"totalSizeInBytes":3552,"silentlySkippedCount":0,"silentlySkippedDurationMs":0}
[23:41:28.982] INFO: txe:top_level_context Created block 33 with timestamp 1789298895
[23:41:29.411] INFO: simulator:public-processor Processed 1 successful txs and 0 failed txs (0 silently skipped, 0ms wasted) in 0.019115749999997204s {"blockNumber":34,"successfulCount":1,"failedCount":0,"duration":0.019115749999997204,"rate":62571387.468457945,"totalPublicGas":{"daGas":2176,"l2Gas":1196099},"totalBlockGas":{"daGas":3552,"l2Gas":1922849},"totalSizeInBytes":3552,"silentlySkippedCount":0,"silentlySkippedDurationMs":0}
[23:41:29.438] INFO: txe:top_level_context Created block 35 with timestamp 1789298896
[23:41:29.862] INFO: simulator:public-processor Processed 1 successful txs and 0 failed txs (0 silently skipped, 0ms wasted) in 0.019596417000022483s {"blockNumber":36,"successfulCount":1,"failedCount":0,"duration":0.019596417000022483,"rate":61036617.05089393,"totalPublicGas":{"daGas":2176,"l2Gas":1196099},"totalBlockGas":{"daGas":3552,"l2Gas":1922849},"totalSizeInBytes":3552,"silentlySkippedCount":0,"silentlySkippedDurationMs":0}
[23:41:29.890] INFO: txe:top_level_context Created block 37 with timestamp 1789298897
[23:41:30.318] INFO: simulator:public-processor Processed 1 successful txs and 0 failed txs (0 silently skipped, 0ms wasted) in 0.01880158300002222s {"blockNumber":38,"successfulCount":1,"failedCount":0,"duration":0.01880158300002222,"rate":63616930.55305963,"totalPublicGas":{"daGas":2176,"l2Gas":1196099},"totalBlockGas":{"daGas":3552,"l2Gas":1922849},"totalSizeInBytes":3552,"silentlySkippedCount":0,"silentlySkippedDurationMs":0}
[23:41:30.345] INFO: txe:top_level_context Created block 39 with timestamp 1789298898
[23:41:30.773] INFO: simulator:public-processor Processed 1 successful txs and 0 failed txs (0 silently skipped, 0ms wasted) in 0.02046108300000196s {"blockNumber":40,"successfulCount":1,"failedCount":0,"duration":0.02046108300000196,"rate":58457267.389017746,"totalPublicGas":{"daGas":2176,"l2Gas":1196099},"totalBlockGas":{"daGas":3552,"l2Gas":1922849},"totalSizeInBytes":3552,"silentlySkippedCount":0,"silentlySkippedDurationMs":0}
[23:41:30.800] INFO: txe:top_level_context Created block 41 with timestamp 1789298899
[23:41:31.232] INFO: simulator:public-processor Processed 1 successful txs and 0 failed txs (0 silently skipped, 0ms wasted) in 0.01947091599999112s {"blockNumber":42,"successfulCount":1,"failedCount":0,"duration":0.01947091599999112,"rate":61430032.36214185,"totalPublicGas":{"daGas":2176,"l2Gas":1196099},"totalBlockGas":{"daGas":3552,"l2Gas":1922849},"totalSizeInBytes":3552,"silentlySkippedCount":0,"silentlySkippedDurationMs":0}
[23:41:31.260] INFO: txe:top_level_context Created block 43 with timestamp 1789298900
[billboard_test] Testing test_save_up_prevents_excessive_burst ... [0m[32mok[0m
[billboard_test] Testing test_set_moderation_policy_by_censor ... [0m[32mok[0m
[23:41:33.038] INFO: kv-store:lmdb-v2 Starting data store with maxReaders 2
[23:41:33.038] INFO: world-state:database Creating world state data store at directory /var/folders/ym/q1vh2x5n58xbsmpmvs5_6w3r0000gn/T/aztec-world-state-HtEXLv/world_state with map sizes {"archiveTreeMapSizeKb":10485760,"nullifierTreeMapSizeKb":10485760,"noteHashTreeMapSizeKb":10485760,"messageTreeMapSizeKb":10485760,"publicDataTreeMapSizeKb":10485760} and 12 threads (ephemeral=true).
[23:41:33.047] INFO: txe_node Aztec Node version: txe
[23:41:33.047] INFO: txe_node Aztec Node started on chain 0x1
[23:41:33.058] INFO: txe:top_level_context Created block 1 with timestamp 1789195293
[23:41:33.088] INFO: txe:top_level_context Created block 2 with timestamp 1789195293
[23:41:33.148] INFO: simulator:public-processor Processed 1 successful txs and 0 failed txs (0 silently skipped, 0ms wasted) in 0.026882291000016267s {"blockNumber":3,"successfulCount":1,"failedCount":0,"duration":0.026882291000016267,"rate":80622034.78113857,"totalPublicGas":{"daGas":3776,"l2Gas":2167305},"totalBlockGas":{"daGas":3776,"l2Gas":2167305},"totalSizeInBytes":3904,"silentlySkippedCount":0,"silentlySkippedDurationMs":0}
[23:41:33.201] INFO: simulator:public-processor Processed 1 successful txs and 0 failed txs (0 silently skipped, 0ms wasted) in 0.02184929199999897s {"blockNumber":4,"successfulCount":1,"failedCount":0,"duration":0.02184929199999897,"rate":78756968.41801928,"totalPublicGas":{"daGas":3136,"l2Gas":1720784},"totalBlockGas":{"daGas":3136,"l2Gas":1720784},"totalSizeInBytes":3264,"silentlySkippedCount":0,"silentlySkippedDurationMs":0}
[23:41:33.238] INFO: simulator:public-processor Processed 1 successful txs and 0 failed txs (0 silently skipped, 0ms wasted) in 0.006944667000003392s {"blockNumber":5,"successfulCount":1,"failedCount":0,"duration":0.006944667000003392,"rate":16582220.572986977,"totalPublicGas":{"daGas":0,"l2Gas":115158},"totalBlockGas":{"daGas":0,"l2Gas":115158},"totalSizeInBytes":128,"silentlySkippedCount":0,"silentlySkippedDurationMs":0}
[billboard_test] Testing test_set_moderation_policy_fails_when_no_censor ... [0m[32mok[0m
[23:41:34.698] INFO: kv-store:lmdb-v2 Starting data store with maxReaders 2
[23:41:34.698] INFO: world-state:database Creating world state data store at directory /var/folders/ym/q1vh2x5n58xbsmpmvs5_6w3r0000gn/T/aztec-world-state-7SWlnO/world_state with map sizes {"archiveTreeMapSizeKb":10485760,"nullifierTreeMapSizeKb":10485760,"noteHashTreeMapSizeKb":10485760,"messageTreeMapSizeKb":10485760,"publicDataTreeMapSizeKb":10485760} and 12 threads (ephemeral=true).
[23:41:34.707] INFO: txe_node Aztec Node version: txe
[23:41:34.707] INFO: txe_node Aztec Node started on chain 0x1
[23:41:34.718] INFO: txe:top_level_context Created block 1 with timestamp 1789195294
[23:41:34.745] INFO: txe:top_level_context Created block 2 with timestamp 1789195294
[23:41:34.805] INFO: simulator:public-processor Processed 1 successful txs and 0 failed txs (0 silently skipped, 0ms wasted) in 0.027359541999991053s {"blockNumber":3,"successfulCount":1,"failedCount":0,"duration":0.027359541999991053,"rate":79215690.0872357,"totalPublicGas":{"daGas":3776,"l2Gas":2167305},"totalBlockGas":{"daGas":3776,"l2Gas":2167305},"totalSizeInBytes":3904,"silentlySkippedCount":0,"silentlySkippedDurationMs":0}
[23:41:34.846] INFO: simulator:public-processor Processed 1 successful txs and 0 failed txs (0 silently skipped, 0ms wasted) in 0.005262041000009049s {"blockNumber":4,"successfulCount":1,"failedCount":0,"duration":0.005262041000009049,"rate":7763337.457828579,"totalPublicGas":{"daGas":0,"l2Gas":40851},"totalBlockGas":{"daGas":0,"l2Gas":40851},"totalSizeInBytes":128,"silentlySkippedCount":0,"silentlySkippedDurationMs":0}
[23:41:34.847] WARN: txe:top_level_context Could not find function artifact in contract Billboard for function '0xca42e93e' when enriching error callstack
[23:41:36.312] INFO: kv-store:lmdb-v2 Starting data store with maxReaders 2
[23:41:36.313] INFO: world-state:database Creating world state data store at directory /var/folders/ym/q1vh2x5n58xbsmpmvs5_6w3r0000gn/T/aztec-world-state-z9qZEe/world_state with map sizes {"archiveTreeMapSizeKb":10485760,"nullifierTreeMapSizeKb":10485760,"noteHashTreeMapSizeKb":10485760,"messageTreeMapSizeKb":10485760,"publicDataTreeMapSizeKb":10485760} and 12 threads (ephemeral=true).
[23:41:36.321] INFO: txe_node Aztec Node version: txe
[23:41:36.321] INFO: txe_node Aztec Node started on chain 0x1
[23:41:36.333] INFO: txe:top_level_context Created block 1 with timestamp 1789195296
[23:41:36.363] INFO: txe:top_level_context Created block 2 with timestamp 1789195296
[23:41:36.422] INFO: simulator:public-processor Processed 1 successful txs and 0 failed txs (0 silently skipped, 0ms wasted) in 0.027048374999983936s {"blockNumber":3,"successfulCount":1,"failedCount":0,"duration":0.027048374999983936,"rate":80126994.69011676,"totalPublicGas":{"daGas":3776,"l2Gas":2167305},"totalBlockGas":{"daGas":3776,"l2Gas":2167305},"totalSizeInBytes":3904,"silentlySkippedCount":0,"silentlySkippedDurationMs":0}
[23:41:36.461] INFO: simulator:public-processor Processed 1 successful txs and 0 failed txs (0 silently skipped, 0ms wasted) in 0.0047001250000030265s {"blockNumber":4,"successfulCount":1,"failedCount":0,"duration":0.0047001250000030265,"rate":8691470.971511118,"totalPublicGas":{"daGas":0,"l2Gas":40851},"totalBlockGas":{"daGas":0,"l2Gas":40851},"totalSizeInBytes":128,"silentlySkippedCount":0,"silentlySkippedDurationMs":0}
[23:41:36.462] WARN: txe:top_level_context Could not find function artifact in contract Billboard for function '0xca42e93e' when enriching error callstack
[billboard_test] Testing test_set_moderation_policy_rejects_non_censor ... [0m[32mok[0m
[billboard_test] Testing test_set_moderation_policy_rejects_too_long ... [0m[32mok[0m
[23:41:37.879] INFO: kv-store:lmdb-v2 Starting data store with maxReaders 2
[23:41:37.880] INFO: world-state:database Creating world state data store at directory /var/folders/ym/q1vh2x5n58xbsmpmvs5_6w3r0000gn/T/aztec-world-state-Nx5lSD/world_state with map sizes {"archiveTreeMapSizeKb":10485760,"nullifierTreeMapSizeKb":10485760,"noteHashTreeMapSizeKb":10485760,"messageTreeMapSizeKb":10485760,"publicDataTreeMapSizeKb":10485760} and 12 threads (ephemeral=true).
[23:41:37.889] INFO: txe_node Aztec Node version: txe
[23:41:37.889] INFO: txe_node Aztec Node started on chain 0x1
[23:41:37.900] INFO: txe:top_level_context Created block 1 with timestamp 1789195297
[23:41:37.930] INFO: txe:top_level_context Created block 2 with timestamp 1789195297
[23:41:37.993] INFO: simulator:public-processor Processed 1 successful txs and 0 failed txs (0 silently skipped, 0ms wasted) in 0.02729266700000153s {"blockNumber":3,"successfulCount":1,"failedCount":0,"duration":0.02729266700000153,"rate":79409791.64842625,"totalPublicGas":{"daGas":3776,"l2Gas":2167305},"totalBlockGas":{"daGas":3776,"l2Gas":2167305},"totalSizeInBytes":3904,"silentlySkippedCount":0,"silentlySkippedDurationMs":0}
[23:41:38.029] INFO: simulator:public-processor Processed 1 successful txs and 0 failed txs (0 silently skipped, 0ms wasted) in 0.004679208000015933s {"blockNumber":4,"successfulCount":1,"failedCount":0,"duration":0.004679208000015933,"rate":8749557.61741316,"totalPublicGas":{"daGas":0,"l2Gas":40941},"totalBlockGas":{"daGas":0,"l2Gas":40941},"totalSizeInBytes":128,"silentlySkippedCount":0,"silentlySkippedDurationMs":0}
[23:41:38.030] WARN: txe:top_level_context Could not find function artifact in contract Billboard for function '0xca42e93e' when enriching error callstack
[23:41:39.454] INFO: kv-store:lmdb-v2 Starting data store with maxReaders 2
[23:41:39.454] INFO: world-state:database Creating world state data store at directory /var/folders/ym/q1vh2x5n58xbsmpmvs5_6w3r0000gn/T/aztec-world-state-PrziCX/world_state with map sizes {"archiveTreeMapSizeKb":10485760,"nullifierTreeMapSizeKb":10485760,"noteHashTreeMapSizeKb":10485760,"messageTreeMapSizeKb":10485760,"publicDataTreeMapSizeKb":10485760} and 12 threads (ephemeral=true).
[23:41:39.463] INFO: txe_node Aztec Node version: txe
[23:41:39.463] INFO: txe_node Aztec Node started on chain 0x1
[23:41:39.474] INFO: txe:top_level_context Created block 1 with timestamp 1789195299
[23:41:39.501] INFO: txe:top_level_context Created block 2 with timestamp 1789195299
[23:41:39.560] INFO: simulator:public-processor Processed 1 successful txs and 0 failed txs (0 silently skipped, 0ms wasted) in 0.026791792000003624s {"blockNumber":3,"successfulCount":1,"failedCount":0,"duration":0.026791792000003624,"rate":80894364.96072032,"totalPublicGas":{"daGas":3776,"l2Gas":2167305},"totalBlockGas":{"daGas":3776,"l2Gas":2167305},"totalSizeInBytes":3904,"silentlySkippedCount":0,"silentlySkippedDurationMs":0}
[23:41:39.599] INFO: simulator:public-processor Processed 1 successful txs and 0 failed txs (0 silently skipped, 0ms wasted) in 0.004240875000017695s {"blockNumber":4,"successfulCount":1,"failedCount":0,"duration":0.004240875000017695,"rate":1494738.703681092,"totalPublicGas":{"daGas":0,"l2Gas":6339},"totalBlockGas":{"daGas":0,"l2Gas":6339},"totalSizeInBytes":128,"silentlySkippedCount":0,"silentlySkippedDurationMs":0}
[23:41:39.600] WARN: txe:top_level_context Could not find function artifact in contract Billboard for function '0xb6932320' when enriching error callstack
[billboard_test] Testing test_transfer_censor_fails_when_no_censor ... [0m[32mok[0m
[billboard_test] Testing test_transfer_censor_old_censor_loses_rights ... [0m[32mok[0m
[23:41:41.020] INFO: kv-store:lmdb-v2 Starting data store with maxReaders 2
[23:41:41.021] INFO: world-state:database Creating world state data store at directory /var/folders/ym/q1vh2x5n58xbsmpmvs5_6w3r0000gn/T/aztec-world-state-IV2RYo/world_state with map sizes {"archiveTreeMapSizeKb":10485760,"nullifierTreeMapSizeKb":10485760,"noteHashTreeMapSizeKb":10485760,"messageTreeMapSizeKb":10485760,"publicDataTreeMapSizeKb":10485760} and 12 threads (ephemeral=true).
[23:41:41.029] INFO: txe_node Aztec Node version: txe
[23:41:41.029] INFO: txe_node Aztec Node started on chain 0x1
[23:41:41.041] INFO: txe:top_level_context Created block 1 with timestamp 1789195301
[23:41:41.070] INFO: txe:top_level_context Created block 2 with timestamp 1789195301
[23:41:41.130] INFO: simulator:public-processor Processed 1 successful txs and 0 failed txs (0 silently skipped, 0ms wasted) in 0.026972208999999567s {"blockNumber":3,"successfulCount":1,"failedCount":0,"duration":0.026972208999999567,"rate":80353262.87142573,"totalPublicGas":{"daGas":3776,"l2Gas":2167305},"totalBlockGas":{"daGas":3776,"l2Gas":2167305},"totalSizeInBytes":3904,"silentlySkippedCount":0,"silentlySkippedDurationMs":0}
[23:41:41.171] INFO: simulator:public-processor Processed 1 successful txs and 0 failed txs (0 silently skipped, 0ms wasted) in 0.004561541999981273s {"blockNumber":4,"successfulCount":1,"failedCount":0,"duration":0.004561541999981273,"rate":8700785.830792075,"totalPublicGas":{"daGas":64,"l2Gas":39689},"totalBlockGas":{"daGas":64,"l2Gas":39689},"totalSizeInBytes":192,"silentlySkippedCount":0,"silentlySkippedDurationMs":0}
[23:41:41.205] INFO: simulator:public-processor Processed 1 successful txs and 0 failed txs (0 silently skipped, 0ms wasted) in 0.004310624999983702s {"blockNumber":5,"successfulCount":1,"failedCount":0,"duration":0.004310624999983702,"rate":1470552.4140986442,"totalPublicGas":{"daGas":0,"l2Gas":6339},"totalBlockGas":{"daGas":0,"l2Gas":6339},"totalSizeInBytes":128,"silentlySkippedCount":0,"silentlySkippedDurationMs":0}
[23:41:41.206] WARN: txe:top_level_context Could not find function artifact in contract Billboard for function '0xb6932320' when enriching error callstack
[23:41:42.623] INFO: kv-store:lmdb-v2 Starting data store with maxReaders 2
[23:41:42.624] INFO: world-state:database Creating world state data store at directory /var/folders/ym/q1vh2x5n58xbsmpmvs5_6w3r0000gn/T/aztec-world-state-sSBRKU/world_state with map sizes {"archiveTreeMapSizeKb":10485760,"nullifierTreeMapSizeKb":10485760,"noteHashTreeMapSizeKb":10485760,"messageTreeMapSizeKb":10485760,"publicDataTreeMapSizeKb":10485760} and 12 threads (ephemeral=true).
[23:41:42.632] INFO: txe_node Aztec Node version: txe
[23:41:42.633] INFO: txe_node Aztec Node started on chain 0x1
[23:41:42.644] INFO: txe:top_level_context Created block 1 with timestamp 1789195302
[23:41:42.673] INFO: txe:top_level_context Created block 2 with timestamp 1789195302
[23:41:42.733] INFO: simulator:public-processor Processed 1 successful txs and 0 failed txs (0 silently skipped, 0ms wasted) in 0.026918666000012307s {"blockNumber":3,"successfulCount":1,"failedCount":0,"duration":0.026918666000012307,"rate":80513090.80468583,"totalPublicGas":{"daGas":3776,"l2Gas":2167305},"totalBlockGas":{"daGas":3776,"l2Gas":2167305},"totalSizeInBytes":3904,"silentlySkippedCount":0,"silentlySkippedDurationMs":0}
[23:41:42.775] INFO: simulator:public-processor Processed 1 successful txs and 0 failed txs (0 silently skipped, 0ms wasted) in 0.004222957999998471s {"blockNumber":4,"successfulCount":1,"failedCount":0,"duration":0.004222957999998471,"rate":1501080.5222316433,"totalPublicGas":{"daGas":0,"l2Gas":6339},"totalBlockGas":{"daGas":0,"l2Gas":6339},"totalSizeInBytes":128,"silentlySkippedCount":0,"silentlySkippedDurationMs":0}
[23:41:42.776] WARN: txe:top_level_context Could not find function artifact in contract Billboard for function '0xb6932320' when enriching error callstack
[billboard_test] Testing test_transfer_censor_rejects_non_censor ... [0m[32mok[0m
[billboard_test] Testing test_transfer_censor_rejects_zero_address ... [0m[32mok[0m
[23:41:44.193] INFO: kv-store:lmdb-v2 Starting data store with maxReaders 2
[23:41:44.194] INFO: world-state:database Creating world state data store at directory /var/folders/ym/q1vh2x5n58xbsmpmvs5_6w3r0000gn/T/aztec-world-state-FiSs4K/world_state with map sizes {"archiveTreeMapSizeKb":10485760,"nullifierTreeMapSizeKb":10485760,"noteHashTreeMapSizeKb":10485760,"messageTreeMapSizeKb":10485760,"publicDataTreeMapSizeKb":10485760} and 12 threads (ephemeral=true).
[23:41:44.202] INFO: txe_node Aztec Node version: txe
[23:41:44.202] INFO: txe_node Aztec Node started on chain 0x1
[23:41:44.214] INFO: txe:top_level_context Created block 1 with timestamp 1789195304
[23:41:44.243] INFO: txe:top_level_context Created block 2 with timestamp 1789195304
[23:41:44.303] INFO: simulator:public-processor Processed 1 successful txs and 0 failed txs (0 silently skipped, 0ms wasted) in 0.026921958999999333s {"blockNumber":3,"successfulCount":1,"failedCount":0,"duration":0.026921958999999333,"rate":80503242.72464919,"totalPublicGas":{"daGas":3776,"l2Gas":2167305},"totalBlockGas":{"daGas":3776,"l2Gas":2167305},"totalSizeInBytes":3904,"silentlySkippedCount":0,"silentlySkippedDurationMs":0}
[23:41:44.338] INFO: simulator:public-processor Processed 1 successful txs and 0 failed txs (0 silently skipped, 0ms wasted) in 0.004286624999978813s {"blockNumber":4,"successfulCount":1,"failedCount":0,"duration":0.004286624999978813,"rate":1492782.783665851,"totalPublicGas":{"daGas":0,"l2Gas":6399},"totalBlockGas":{"daGas":0,"l2Gas":6399},"totalSizeInBytes":128,"silentlySkippedCount":0,"silentlySkippedDurationMs":0}
[23:41:44.339] WARN: txe:top_level_context Could not find function artifact in contract Billboard for function '0xb6932320' when enriching error callstack
[23:41:45.763] INFO: kv-store:lmdb-v2 Starting data store with maxReaders 2
[23:41:45.764] INFO: world-state:database Creating world state data store at directory /var/folders/ym/q1vh2x5n58xbsmpmvs5_6w3r0000gn/T/aztec-world-state-V9dorO/world_state with map sizes {"archiveTreeMapSizeKb":10485760,"nullifierTreeMapSizeKb":10485760,"noteHashTreeMapSizeKb":10485760,"messageTreeMapSizeKb":10485760,"publicDataTreeMapSizeKb":10485760} and 12 threads (ephemeral=true).
[23:41:45.772] INFO: txe_node Aztec Node version: txe
[23:41:45.772] INFO: txe_node Aztec Node started on chain 0x1
[23:41:45.784] INFO: txe:top_level_context Created block 1 with timestamp 1789195305
[23:41:45.813] INFO: txe:top_level_context Created block 2 with timestamp 1789195305
[23:41:45.877] INFO: simulator:public-processor Processed 1 successful txs and 0 failed txs (0 silently skipped, 0ms wasted) in 0.02939566599999671s {"blockNumber":3,"successfulCount":1,"failedCount":0,"duration":0.02939566599999671,"rate":73728725.86048034,"totalPublicGas":{"daGas":3776,"l2Gas":2167305},"totalBlockGas":{"daGas":3776,"l2Gas":2167305},"totalSizeInBytes":3904,"silentlySkippedCount":0,"silentlySkippedDurationMs":0}
[23:41:45.915] INFO: simulator:public-processor Processed 1 successful txs and 0 failed txs (0 silently skipped, 0ms wasted) in 0.004513291999988724s {"blockNumber":4,"successfulCount":1,"failedCount":0,"duration":0.004513291999988724,"rate":8793802.838393608,"totalPublicGas":{"daGas":64,"l2Gas":39689},"totalBlockGas":{"daGas":64,"l2Gas":39689},"totalSizeInBytes":192,"silentlySkippedCount":0,"silentlySkippedDurationMs":0}
[23:41:45.949] INFO: simulator:public-processor Processed 1 successful txs and 0 failed txs (0 silently skipped, 0ms wasted) in 0.004125582999986364s {"blockNumber":5,"successfulCount":1,"failedCount":0,"duration":0.004125582999986364,"rate":1796109.7861864595,"totalPublicGas":{"daGas":0,"l2Gas":7410},"totalBlockGas":{"daGas":0,"l2Gas":7410},"totalSizeInBytes":128,"silentlySkippedCount":0,"silentlySkippedDurationMs":0}
[billboard_test] Testing test_transfer_censor_success ... [0m[32mok[0m
[billboard_test] Testing test_withdraw_msg_hash_deterministic ... [0m[32mok[0m
[billboard_test] Testing test_withdraw_msg_hash_differs_from_deposit_hash ... [0m[32mok[0m
[billboard_test] Testing test_withdraw_no_posts_too_early ... [0m[32mok[0m
[23:41:50.227] INFO: kv-store:lmdb-v2 Starting data store with maxReaders 2
[23:41:50.227] INFO: world-state:database Creating world state data store at directory /var/folders/ym/q1vh2x5n58xbsmpmvs5_6w3r0000gn/T/aztec-world-state-QnxaI8/world_state with map sizes {"archiveTreeMapSizeKb":10485760,"nullifierTreeMapSizeKb":10485760,"noteHashTreeMapSizeKb":10485760,"messageTreeMapSizeKb":10485760,"publicDataTreeMapSizeKb":10485760} and 12 threads (ephemeral=true).
[23:41:50.236] INFO: txe_node Aztec Node version: txe
[23:41:50.236] INFO: txe_node Aztec Node started on chain 0x1
[23:41:50.247] INFO: txe:top_level_context Created block 1 with timestamp 1789195310
[23:41:50.280] INFO: txe:top_level_context Created block 2 with timestamp 1789195310
[23:41:50.339] INFO: simulator:public-processor Processed 1 successful txs and 0 failed txs (0 silently skipped, 0ms wasted) in 0.02700158400001237s {"blockNumber":3,"successfulCount":1,"failedCount":0,"duration":0.02700158400001237,"rate":80265846.62585007,"totalPublicGas":{"daGas":3776,"l2Gas":2167305},"totalBlockGas":{"daGas":3776,"l2Gas":2167305},"totalSizeInBytes":3904,"silentlySkippedCount":0,"silentlySkippedDurationMs":0}
[23:41:50.367] INFO: txe:top_level_context Created block 4 with timestamp 1789195310
[23:41:50.520] INFO: simulator:public-processor Processed 1 successful txs and 0 failed txs (0 silently skipped, 0ms wasted) in 0.0034771250000048895s {"blockNumber":5,"successfulCount":1,"failedCount":0,"duration":0.0034771250000048895,"rate":0,"totalPublicGas":{"daGas":0,"l2Gas":0},"totalBlockGas":{"daGas":1984,"l2Gas":529900},"totalSizeInBytes":1984,"silentlySkippedCount":0,"silentlySkippedDurationMs":0}
[23:41:50.548] INFO: txe:top_level_context Created block 6 with timestamp 1789195410
[23:41:52.158] INFO: kv-store:lmdb-v2 Starting data store with maxReaders 2
[23:41:52.159] INFO: world-state:database Creating world state data store at directory /var/folders/ym/q1vh2x5n58xbsmpmvs5_6w3r0000gn/T/aztec-world-state-DSF9RG/world_state with map sizes {"archiveTreeMapSizeKb":10485760,"nullifierTreeMapSizeKb":10485760,"noteHashTreeMapSizeKb":10485760,"messageTreeMapSizeKb":10485760,"publicDataTreeMapSizeKb":10485760} and 12 threads (ephemeral=true).
[23:41:52.167] INFO: txe_node Aztec Node version: txe
[23:41:52.167] INFO: txe_node Aztec Node started on chain 0x1
[23:41:52.179] INFO: txe:top_level_context Created block 1 with timestamp 1789195312
[23:41:52.211] INFO: txe:top_level_context Created block 2 with timestamp 1789195312
[23:41:52.270] INFO: simulator:public-processor Processed 1 successful txs and 0 failed txs (0 silently skipped, 0ms wasted) in 0.026906707999994978s {"blockNumber":3,"successfulCount":1,"failedCount":0,"duration":0.026906707999994978,"rate":80548872.7941153,"totalPublicGas":{"daGas":3776,"l2Gas":2167305},"totalBlockGas":{"daGas":3776,"l2Gas":2167305},"totalSizeInBytes":3904,"silentlySkippedCount":0,"silentlySkippedDurationMs":0}
[23:41:52.383] INFO: simulator:public-processor Processed 1 successful txs and 0 failed txs (0 silently skipped, 0ms wasted) in 0.004803417000017362s {"blockNumber":4,"successfulCount":1,"failedCount":0,"duration":0.004803417000017362,"rate":14561092.655446569,"totalPublicGas":{"daGas":128,"l2Gas":69943},"totalBlockGas":{"daGas":256,"l2Gas":660743},"totalSizeInBytes":256,"silentlySkippedCount":0,"silentlySkippedDurationMs":0}
[23:41:52.409] INFO: txe:top_level_context Created block 5 with timestamp 1789195312
[23:41:52.562] INFO: simulator:public-processor Processed 1 successful txs and 0 failed txs (0 silently skipped, 0ms wasted) in 0.0034444579999835696s {"blockNumber":6,"successfulCount":1,"failedCount":0,"duration":0.0034444579999835696,"rate":0,"totalPublicGas":{"daGas":0,"l2Gas":0},"totalBlockGas":{"daGas":1984,"l2Gas":529900},"totalSizeInBytes":1984,"silentlySkippedCount":0,"silentlySkippedDurationMs":0}
[23:41:52.589] INFO: txe:top_level_context Created block 7 with timestamp 1789198913
[23:41:53.030] INFO: simulator:public-processor Processed 1 successful txs and 0 failed txs (0 silently skipped, 0ms wasted) in 0.019388917000003857s {"blockNumber":8,"successfulCount":1,"failedCount":0,"duration":0.019388917000003857,"rate":61689830.32934547,"totalPublicGas":{"daGas":2176,"l2Gas":1196099},"totalBlockGas":{"daGas":3552,"l2Gas":1922849},"totalSizeInBytes":3552,"silentlySkippedCount":0,"silentlySkippedDurationMs":0}
[23:41:53.057] INFO: txe:top_level_context Created block 9 with timestamp 1789202514
[23:41:53.489] INFO: simulator:public-processor Processed 1 successful txs and 0 failed txs (0 silently skipped, 0ms wasted) in 0.007410708999988856s {"blockNumber":10,"successfulCount":1,"failedCount":0,"duration":0.007410708999988856,"rate":12856394.712050261,"totalPublicGas":{"daGas":128,"l2Gas":95275},"totalBlockGas":{"daGas":1504,"l2Gas":822025},"totalSizeInBytes":1504,"silentlySkippedCount":0,"silentlySkippedDurationMs":0}
[23:41:53.856] INFO: simulator:public-processor Processed 1 successful txs and 0 failed txs (0 silently skipped, 0ms wasted) in 0.004527666000009049s {"blockNumber":11,"successfulCount":1,"failedCount":0,"duration":0.004527666000009049,"rate":2087388.954923157,"totalPublicGas":{"daGas":32,"l2Gas":9451},"totalBlockGas":{"daGas":192,"l2Gas":631051},"totalSizeInBytes":192,"silentlySkippedCount":0,"silentlySkippedDurationMs":0}
[billboard_test] Testing test_withdraw_succeeds_after_dummy_post ... [0m[32mok[0m
[23:41:55.650] INFO: kv-store:lmdb-v2 Starting data store with maxReaders 2
[23:41:55.651] INFO: world-state:database Creating world state data store at directory /var/folders/ym/q1vh2x5n58xbsmpmvs5_6w3r0000gn/T/aztec-world-state-jy0wPe/world_state with map sizes {"archiveTreeMapSizeKb":10485760,"nullifierTreeMapSizeKb":10485760,"noteHashTreeMapSizeKb":10485760,"messageTreeMapSizeKb":10485760,"publicDataTreeMapSizeKb":10485760} and 12 threads (ephemeral=true).
[23:41:55.659] INFO: txe_node Aztec Node version: txe
[23:41:55.659] INFO: txe_node Aztec Node started on chain 0x1
[23:41:55.671] INFO: txe:top_level_context Created block 1 with timestamp 1789195315
[23:41:55.703] INFO: txe:top_level_context Created block 2 with timestamp 1789195315
[23:41:55.763] INFO: simulator:public-processor Processed 1 successful txs and 0 failed txs (0 silently skipped, 0ms wasted) in 0.026941791999997803s {"blockNumber":3,"successfulCount":1,"failedCount":0,"duration":0.026941791999997803,"rate":80443980.86067091,"totalPublicGas":{"daGas":3776,"l2Gas":2167305},"totalBlockGas":{"daGas":3776,"l2Gas":2167305},"totalSizeInBytes":3904,"silentlySkippedCount":0,"silentlySkippedDurationMs":0}
[23:41:55.790] INFO: txe:top_level_context Created block 4 with timestamp 1789195315
[23:41:55.941] INFO: simulator:public-processor Processed 1 successful txs and 0 failed txs (0 silently skipped, 0ms wasted) in 0.0034437909999978727s {"blockNumber":5,"successfulCount":1,"failedCount":0,"duration":0.0034437909999978727,"rate":0,"totalPublicGas":{"daGas":0,"l2Gas":0},"totalBlockGas":{"daGas":1984,"l2Gas":529900},"totalSizeInBytes":1984,"silentlySkippedCount":0,"silentlySkippedDurationMs":0}
[23:41:55.969] INFO: txe:top_level_context Created block 6 with timestamp 1789198916
[23:41:56.391] INFO: simulator:public-processor Processed 1 successful txs and 0 failed txs (0 silently skipped, 0ms wasted) in 0.018855624999996507s {"blockNumber":7,"successfulCount":1,"failedCount":0,"duration":0.018855624999996507,"rate":63434598.42886256,"totalPublicGas":{"daGas":2176,"l2Gas":1196099},"totalBlockGas":{"daGas":3552,"l2Gas":1922849},"totalSizeInBytes":3552,"silentlySkippedCount":0,"silentlySkippedDurationMs":0}
[billboard_test] Testing test_withdraw_unscreened_real_posts ... [0m[32mok[0m
[billboard_test] [0m[32m62 tests passed[0m
[23:41:56.580] INFO: txe:rpc Received SIGTERM.
