
> test:noir
> node scripts/test-noir.mjs

[22:57:25.201] INFO: txe:rpc Setting up TXE...
[22:57:25.202] INFO: kv-store:lmdb-v2 Starting data store with maxReaders 2
[22:57:25.396] INFO: txe:rpc TXE listening on port 57372
[billboard_contract] Running 0 test functions
[billboard_contract] [0m[32m0 tests passed[0m
[billboard_test] Running 59 test functions
[22:57:30.165] INFO: kv-store:lmdb-v2 Starting data store with maxReaders 2
[22:57:30.166] INFO: kv-store:lmdb-v2 Starting data store with maxReaders 2
[22:57:30.168] INFO: world-state:database Creating world state data store at directory /var/folders/ym/q1vh2x5n58xbsmpmvs5_6w3r0000gn/T/aztec-world-state-uYs2Vs/world_state with map sizes {"archiveTreeMapSizeKb":10485760,"nullifierTreeMapSizeKb":10485760,"noteHashTreeMapSizeKb":10485760,"messageTreeMapSizeKb":10485760,"publicDataTreeMapSizeKb":10485760} and 12 threads (ephemeral=true).
[22:57:30.178] INFO: txe_node Aztec Node version: txe
[22:57:30.178] INFO: txe_node Aztec Node started on chain 0x1
[22:57:30.201] INFO: txe:top_level_context Created block 1 with timestamp 1789192650
[22:57:30.419] INFO: txe:top_level_context Created block 2 with timestamp 1789192650
[22:57:30.500] INFO: simulator:public-processor Processed 1 successful txs and 0 failed txs (0 silently skipped, 0ms wasted) in 0.03146429099999932s {"blockNumber":3,"successfulCount":1,"failedCount":0,"duration":0.03146429099999932,"rate":68881418.62151119,"totalPublicGas":{"daGas":3776,"l2Gas":2167305},"totalBlockGas":{"daGas":3776,"l2Gas":2167305},"totalSizeInBytes":3904,"silentlySkippedCount":0,"silentlySkippedDurationMs":0}
[22:57:30.533] INFO: txe:top_level_context Created block 4 with timestamp 1789192650
[22:57:30.789] INFO: simulator:public-processor Processed 1 successful txs and 0 failed txs (0 silently skipped, 0ms wasted) in 0.005154790999999932s {"blockNumber":5,"successfulCount":1,"failedCount":0,"duration":0.005154790999999932,"rate":0,"totalPublicGas":{"daGas":0,"l2Gas":0},"totalBlockGas":{"daGas":1984,"l2Gas":529900},"totalSizeInBytes":1984,"silentlySkippedCount":0,"silentlySkippedDurationMs":0}
[22:57:30.819] INFO: txe:top_level_context Created block 6 with timestamp 1789196251
[22:57:31.322] INFO: simulator:public-processor Processed 1 successful txs and 0 failed txs (0 silently skipped, 0ms wasted) in 0.020152750000000195s {"blockNumber":7,"successfulCount":1,"failedCount":0,"duration":0.020152750000000195,"rate":59351651.75968483,"totalPublicGas":{"daGas":2176,"l2Gas":1196099},"totalBlockGas":{"daGas":3552,"l2Gas":1922849},"totalSizeInBytes":3552,"silentlySkippedCount":0,"silentlySkippedDurationMs":0}
[22:57:31.351] INFO: txe:top_level_context Created block 8 with timestamp 1789199850
[22:57:31.819] INFO: simulator:public-processor Processed 1 successful txs and 0 failed txs (0 silently skipped, 0ms wasted) in 0.019972916000000625s {"blockNumber":9,"successfulCount":1,"failedCount":0,"duration":0.019972916000000625,"rate":59886047.68577421,"totalPublicGas":{"daGas":2176,"l2Gas":1196099},"totalBlockGas":{"daGas":3552,"l2Gas":1922849},"totalSizeInBytes":3552,"silentlySkippedCount":0,"silentlySkippedDurationMs":0}
[22:57:31.848] INFO: txe:top_level_context Created block 10 with timestamp 1789203451
[22:57:32.312] INFO: simulator:public-processor Processed 1 successful txs and 0 failed txs (0 silently skipped, 0ms wasted) in 0.01948858299999938s {"blockNumber":11,"successfulCount":1,"failedCount":0,"duration":0.01948858299999938,"rate":61374344.14806034,"totalPublicGas":{"daGas":2176,"l2Gas":1196099},"totalBlockGas":{"daGas":3552,"l2Gas":1922849},"totalSizeInBytes":3552,"silentlySkippedCount":0,"silentlySkippedDurationMs":0}
[22:57:32.348] INFO: simulator:public-processor Processed 1 successful txs and 0 failed txs (0 silently skipped, 0ms wasted) in 0.004417457999999897s {"blockNumber":12,"successfulCount":1,"failedCount":0,"duration":0.004417457999999897,"rate":1583716.245859081,"totalPublicGas":{"daGas":0,"l2Gas":6996},"totalBlockGas":{"daGas":0,"l2Gas":6996},"totalSizeInBytes":128,"silentlySkippedCount":0,"silentlySkippedDurationMs":0}
[billboard_test] Testing test_censor_window_grandchild_screening ... [0m[32mok[0m
[22:57:34.255] INFO: kv-store:lmdb-v2 Starting data store with maxReaders 2
[22:57:34.256] INFO: world-state:database Creating world state data store at directory /var/folders/ym/q1vh2x5n58xbsmpmvs5_6w3r0000gn/T/aztec-world-state-K6BXSb/world_state with map sizes {"archiveTreeMapSizeKb":10485760,"nullifierTreeMapSizeKb":10485760,"noteHashTreeMapSizeKb":10485760,"messageTreeMapSizeKb":10485760,"publicDataTreeMapSizeKb":10485760} and 12 threads (ephemeral=true).
[22:57:34.265] INFO: txe_node Aztec Node version: txe
[22:57:34.265] INFO: txe_node Aztec Node started on chain 0x1
[22:57:34.277] INFO: txe:top_level_context Created block 1 with timestamp 1789192654
[22:57:34.312] INFO: txe:top_level_context Created block 2 with timestamp 1789192654
[22:57:34.376] INFO: simulator:public-processor Processed 1 successful txs and 0 failed txs (0 silently skipped, 0ms wasted) in 0.029674958999999945s {"blockNumber":3,"successfulCount":1,"failedCount":0,"duration":0.029674958999999945,"rate":73034810.25871018,"totalPublicGas":{"daGas":3776,"l2Gas":2167305},"totalBlockGas":{"daGas":3776,"l2Gas":2167305},"totalSizeInBytes":3904,"silentlySkippedCount":0,"silentlySkippedDurationMs":0}
[22:57:34.404] INFO: txe:top_level_context Created block 4 with timestamp 1789192654
[22:57:34.576] INFO: simulator:public-processor Processed 1 successful txs and 0 failed txs (0 silently skipped, 0ms wasted) in 0.003744957999999315s {"blockNumber":5,"successfulCount":1,"failedCount":0,"duration":0.003744957999999315,"rate":0,"totalPublicGas":{"daGas":0,"l2Gas":0},"totalBlockGas":{"daGas":1984,"l2Gas":529900},"totalSizeInBytes":1984,"silentlySkippedCount":0,"silentlySkippedDurationMs":0}
[22:57:34.605] INFO: txe:top_level_context Created block 6 with timestamp 1789196255
[22:57:35.080] INFO: simulator:public-processor Processed 1 successful txs and 0 failed txs (0 silently skipped, 0ms wasted) in 0.019807041000000025s {"blockNumber":7,"successfulCount":1,"failedCount":0,"duration":0.019807041000000025,"rate":60387566.21950742,"totalPublicGas":{"daGas":2176,"l2Gas":1196099},"totalBlockGas":{"daGas":3552,"l2Gas":1922849},"totalSizeInBytes":3552,"silentlySkippedCount":0,"silentlySkippedDurationMs":0}
[22:57:35.129] INFO: simulator:public-processor Processed 1 successful txs and 0 failed txs (0 silently skipped, 0ms wasted) in 0.017011458999999375s {"blockNumber":8,"successfulCount":1,"failedCount":0,"duration":0.017011458999999375,"rate":70696875.5590008,"totalPublicGas":{"daGas":2176,"l2Gas":1202657},"totalBlockGas":{"daGas":2176,"l2Gas":1202657},"totalSizeInBytes":2304,"silentlySkippedCount":0,"silentlySkippedDurationMs":0}
[22:57:35.165] INFO: simulator:public-processor Processed 1 successful txs and 0 failed txs (0 silently skipped, 0ms wasted) in 0.004364417000000685s {"blockNumber":9,"successfulCount":1,"failedCount":0,"duration":0.004364417000000685,"rate":2000267.160539112,"totalPublicGas":{"daGas":0,"l2Gas":8730},"totalBlockGas":{"daGas":0,"l2Gas":8730},"totalSizeInBytes":128,"silentlySkippedCount":0,"silentlySkippedDurationMs":0}
[22:57:35.178] INFO: txe:top_level_context Created block 9 with timestamp 1789199854
[22:57:35.656] INFO: simulator:public-processor Processed 1 successful txs and 0 failed txs (0 silently skipped, 0ms wasted) in 0.021072917000001325s {"blockNumber":10,"successfulCount":1,"failedCount":0,"duration":0.021072917000001325,"rate":56760010.96573032,"totalPublicGas":{"daGas":2176,"l2Gas":1196099},"totalBlockGas":{"daGas":3552,"l2Gas":1922849},"totalSizeInBytes":3552,"silentlySkippedCount":0,"silentlySkippedDurationMs":0}
[22:57:36.035] INFO: txe:top_level_context Created block 11 with timestamp 1789203455
[22:57:36.509] INFO: simulator:public-processor Processed 1 successful txs and 0 failed txs (0 silently skipped, 0ms wasted) in 0.020921666000000186s {"blockNumber":12,"successfulCount":1,"failedCount":0,"duration":0.020921666000000186,"rate":57170351.53892569,"totalPublicGas":{"daGas":2176,"l2Gas":1196099},"totalBlockGas":{"daGas":3552,"l2Gas":1922849},"totalSizeInBytes":3552,"silentlySkippedCount":0,"silentlySkippedDurationMs":0}
[billboard_test] Testing test_censor_window_hard_invariant ... [0m[32mok[0m
[22:57:38.411] INFO: kv-store:lmdb-v2 Starting data store with maxReaders 2
[22:57:38.412] INFO: world-state:database Creating world state data store at directory /var/folders/ym/q1vh2x5n58xbsmpmvs5_6w3r0000gn/T/aztec-world-state-GvmFLU/world_state with map sizes {"archiveTreeMapSizeKb":10485760,"nullifierTreeMapSizeKb":10485760,"noteHashTreeMapSizeKb":10485760,"messageTreeMapSizeKb":10485760,"publicDataTreeMapSizeKb":10485760} and 12 threads (ephemeral=true).
[22:57:38.421] INFO: txe_node Aztec Node version: txe
[22:57:38.421] INFO: txe_node Aztec Node started on chain 0x1
[22:57:38.432] INFO: txe:top_level_context Created block 1 with timestamp 1789192658
[22:57:38.468] INFO: txe:top_level_context Created block 2 with timestamp 1789192658
[22:57:38.529] INFO: simulator:public-processor Processed 1 successful txs and 0 failed txs (0 silently skipped, 0ms wasted) in 0.027835375000000568s {"blockNumber":3,"successfulCount":1,"failedCount":0,"duration":0.027835375000000568,"rate":77861534.10902335,"totalPublicGas":{"daGas":3776,"l2Gas":2167305},"totalBlockGas":{"daGas":3776,"l2Gas":2167305},"totalSizeInBytes":3904,"silentlySkippedCount":0,"silentlySkippedDurationMs":0}
[22:57:38.559] INFO: txe:top_level_context Created block 4 with timestamp 1789192658
[22:57:38.719] INFO: simulator:public-processor Processed 1 successful txs and 0 failed txs (0 silently skipped, 0ms wasted) in 0.003580500000000029s {"blockNumber":5,"successfulCount":1,"failedCount":0,"duration":0.003580500000000029,"rate":0,"totalPublicGas":{"daGas":0,"l2Gas":0},"totalBlockGas":{"daGas":1984,"l2Gas":529900},"totalSizeInBytes":1984,"silentlySkippedCount":0,"silentlySkippedDurationMs":0}
[22:57:38.747] INFO: txe:top_level_context Created block 6 with timestamp 1789196259
[22:57:39.194] INFO: simulator:public-processor Processed 1 successful txs and 0 failed txs (0 silently skipped, 0ms wasted) in 0.01962554200000159s {"blockNumber":7,"successfulCount":1,"failedCount":0,"duration":0.01962554200000159,"rate":60946036.5476736,"totalPublicGas":{"daGas":2176,"l2Gas":1196099},"totalBlockGas":{"daGas":3552,"l2Gas":1922849},"totalSizeInBytes":3552,"silentlySkippedCount":0,"silentlySkippedDurationMs":0}
[22:57:39.222] INFO: txe:top_level_context Created block 8 with timestamp 1789199858
[22:57:39.673] INFO: simulator:public-processor Processed 1 successful txs and 0 failed txs (0 silently skipped, 0ms wasted) in 0.019368415999999344s {"blockNumber":9,"successfulCount":1,"failedCount":0,"duration":0.019368415999999344,"rate":61755127.52307884,"totalPublicGas":{"daGas":2176,"l2Gas":1196099},"totalBlockGas":{"daGas":3552,"l2Gas":1922849},"totalSizeInBytes":3552,"silentlySkippedCount":0,"silentlySkippedDurationMs":0}
[22:57:39.709] INFO: simulator:public-processor Processed 1 successful txs and 0 failed txs (0 silently skipped, 0ms wasted) in 0.004237166000000798s {"blockNumber":10,"successfulCount":1,"failedCount":0,"duration":0.004237166000000798,"rate":1651103.591409608,"totalPublicGas":{"daGas":0,"l2Gas":6996},"totalBlockGas":{"daGas":0,"l2Gas":6996},"totalSizeInBytes":128,"silentlySkippedCount":0,"silentlySkippedDurationMs":0}
[billboard_test] Testing test_censor_window_post_too_young_to_screen ... [0m[32mok[0m
[billboard_test] Testing test_cooldown_100x_deposit ... [0m[32mok[0m
[billboard_test] Testing test_cooldown_10x_deposit ... [0m[32mok[0m
[billboard_test] Testing test_cooldown_at_min_deposit ... [0m[32mok[0m
[billboard_test] Testing test_cooldown_halves_when_deposit_doubles ... [0m[32mok[0m
[billboard_test] Testing test_cooldown_minimum_one_second ... [0m[32mok[0m
[billboard_test] Testing test_cooldown_no_overflow_at_large_values ... [0m[32mok[0m
[billboard_test] Testing test_cooldown_truncation ... [0m[32mok[0m
[22:57:51.765] INFO: kv-store:lmdb-v2 Starting data store with maxReaders 2
[22:57:51.767] INFO: world-state:database Creating world state data store at directory /var/folders/ym/q1vh2x5n58xbsmpmvs5_6w3r0000gn/T/aztec-world-state-UdWzzP/world_state with map sizes {"archiveTreeMapSizeKb":10485760,"nullifierTreeMapSizeKb":10485760,"noteHashTreeMapSizeKb":10485760,"messageTreeMapSizeKb":10485760,"publicDataTreeMapSizeKb":10485760} and 12 threads (ephemeral=true).
[22:57:51.777] INFO: txe_node Aztec Node version: txe
[22:57:51.777] INFO: txe_node Aztec Node started on chain 0x1
[22:57:51.789] INFO: txe:top_level_context Created block 1 with timestamp 1789192671
[22:57:51.827] INFO: txe:top_level_context Created block 2 with timestamp 1789192671
[22:57:51.891] INFO: simulator:public-processor Processed 1 successful txs and 0 failed txs (0 silently skipped, 0ms wasted) in 0.02996612499999901s {"blockNumber":3,"successfulCount":1,"failedCount":0,"duration":0.02996612499999901,"rate":72325167.1679295,"totalPublicGas":{"daGas":3776,"l2Gas":2167305},"totalBlockGas":{"daGas":3776,"l2Gas":2167305},"totalSizeInBytes":3904,"silentlySkippedCount":0,"silentlySkippedDurationMs":0}
[22:57:51.928] INFO: simulator:public-processor Processed 1 successful txs and 0 failed txs (0 silently skipped, 0ms wasted) in 0.0054501659999987165s {"blockNumber":4,"successfulCount":1,"failedCount":0,"duration":0.0054501659999987165,"rate":5714137.881306245,"totalPublicGas":{"daGas":0,"l2Gas":31143},"totalBlockGas":{"daGas":0,"l2Gas":31143},"totalSizeInBytes":128,"silentlySkippedCount":0,"silentlySkippedDurationMs":0}
[22:57:51.932] WARN: txe:top_level_context Could not find function artifact in contract Billboard for function '0x6675867b' when enriching error callstack
[billboard_test] Testing test_declare_immoral_censor_passes_auth ... [0m[32mok[0m
[billboard_test] Testing test_declare_immoral_fails_when_no_censor ... [0m[32mok[0m
[22:57:53.388] INFO: kv-store:lmdb-v2 Starting data store with maxReaders 2
[22:57:53.389] INFO: world-state:database Creating world state data store at directory /var/folders/ym/q1vh2x5n58xbsmpmvs5_6w3r0000gn/T/aztec-world-state-rGfkZi/world_state with map sizes {"archiveTreeMapSizeKb":10485760,"nullifierTreeMapSizeKb":10485760,"noteHashTreeMapSizeKb":10485760,"messageTreeMapSizeKb":10485760,"publicDataTreeMapSizeKb":10485760} and 12 threads (ephemeral=true).
[22:57:53.398] INFO: txe_node Aztec Node version: txe
[22:57:53.398] INFO: txe_node Aztec Node started on chain 0x1
[22:57:53.409] INFO: txe:top_level_context Created block 1 with timestamp 1789192673
[22:57:53.446] INFO: txe:top_level_context Created block 2 with timestamp 1789192673
[22:57:53.509] INFO: simulator:public-processor Processed 1 successful txs and 0 failed txs (0 silently skipped, 0ms wasted) in 0.02859716599999956s {"blockNumber":3,"successfulCount":1,"failedCount":0,"duration":0.02859716599999956,"rate":75787404.94775018,"totalPublicGas":{"daGas":3776,"l2Gas":2167305},"totalBlockGas":{"daGas":3776,"l2Gas":2167305},"totalSizeInBytes":3904,"silentlySkippedCount":0,"silentlySkippedDurationMs":0}
[22:57:53.551] INFO: simulator:public-processor Processed 1 successful txs and 0 failed txs (0 silently skipped, 0ms wasted) in 0.005046291999999085s {"blockNumber":4,"successfulCount":1,"failedCount":0,"duration":0.005046291999999085,"rate":5874808.671397806,"totalPublicGas":{"daGas":0,"l2Gas":29646},"totalBlockGas":{"daGas":0,"l2Gas":29646},"totalSizeInBytes":128,"silentlySkippedCount":0,"silentlySkippedDurationMs":0}
[22:57:53.552] WARN: txe:top_level_context Could not find function artifact in contract Billboard for function '0x6675867b' when enriching error callstack
[billboard_test] Testing test_declare_immoral_rejects_non_censor ... [0m[32mok[0m
[22:57:55.060] INFO: kv-store:lmdb-v2 Starting data store with maxReaders 2
[22:57:55.061] INFO: world-state:database Creating world state data store at directory /var/folders/ym/q1vh2x5n58xbsmpmvs5_6w3r0000gn/T/aztec-world-state-JnQOto/world_state with map sizes {"archiveTreeMapSizeKb":10485760,"nullifierTreeMapSizeKb":10485760,"noteHashTreeMapSizeKb":10485760,"messageTreeMapSizeKb":10485760,"publicDataTreeMapSizeKb":10485760} and 12 threads (ephemeral=true).
[22:57:55.070] INFO: txe_node Aztec Node version: txe
[22:57:55.070] INFO: txe_node Aztec Node started on chain 0x1
[22:57:55.082] INFO: txe:top_level_context Created block 1 with timestamp 1789192675
[22:57:55.117] INFO: txe:top_level_context Created block 2 with timestamp 1789192675
[22:57:55.181] INFO: simulator:public-processor Processed 1 successful txs and 0 failed txs (0 silently skipped, 0ms wasted) in 0.029046792000001005s {"blockNumber":3,"successfulCount":1,"failedCount":0,"duration":0.029046792000001005,"rate":74614263.77136329,"totalPublicGas":{"daGas":3776,"l2Gas":2167305},"totalBlockGas":{"daGas":3776,"l2Gas":2167305},"totalSizeInBytes":3904,"silentlySkippedCount":0,"silentlySkippedDurationMs":0}
[22:57:55.220] INFO: simulator:public-processor Processed 1 successful txs and 0 failed txs (0 silently skipped, 0ms wasted) in 0.004764499999997497s {"blockNumber":4,"successfulCount":1,"failedCount":0,"duration":0.004764499999997497,"rate":6222268.863472678,"totalPublicGas":{"daGas":0,"l2Gas":29646},"totalBlockGas":{"daGas":0,"l2Gas":29646},"totalSizeInBytes":128,"silentlySkippedCount":0,"silentlySkippedDurationMs":0}
[22:57:55.221] WARN: txe:top_level_context Could not find function artifact in contract Billboard for function '0x6675867b' when enriching error callstack
[billboard_test] Testing test_deposit_msg_hash_deterministic ... [0m[32mok[0m
[billboard_test] Testing test_deposit_msg_hash_differs_by_amount ... [0m[32mok[0m
[billboard_test] Testing test_deposit_msg_hash_differs_by_depositor ... [0m[32mok[0m
[22:58:01.169] INFO: kv-store:lmdb-v2 Starting data store with maxReaders 2
[22:58:01.170] INFO: world-state:database Creating world state data store at directory /var/folders/ym/q1vh2x5n58xbsmpmvs5_6w3r0000gn/T/aztec-world-state-yNM5Ox/world_state with map sizes {"archiveTreeMapSizeKb":10485760,"nullifierTreeMapSizeKb":10485760,"noteHashTreeMapSizeKb":10485760,"messageTreeMapSizeKb":10485760,"publicDataTreeMapSizeKb":10485760} and 12 threads (ephemeral=true).
[22:58:01.179] INFO: txe_node Aztec Node version: txe
[22:58:01.179] INFO: txe_node Aztec Node started on chain 0x1
[22:58:01.190] INFO: txe:top_level_context Created block 1 with timestamp 1789192681
[22:58:01.228] INFO: txe:top_level_context Created block 2 with timestamp 1789192681
[22:58:01.291] INFO: simulator:public-processor Processed 1 successful txs and 0 failed txs (0 silently skipped, 0ms wasted) in 0.0291148749999993s {"blockNumber":3,"successfulCount":1,"failedCount":0,"duration":0.0291148749999993,"rate":74439783.78749873,"totalPublicGas":{"daGas":3776,"l2Gas":2167305},"totalBlockGas":{"daGas":3776,"l2Gas":2167305},"totalSizeInBytes":3904,"silentlySkippedCount":0,"silentlySkippedDurationMs":0}
[22:58:01.319] INFO: txe:top_level_context Created block 4 with timestamp 1789192681
[22:58:01.495] INFO: simulator:public-processor Processed 1 successful txs and 0 failed txs (0 silently skipped, 0ms wasted) in 0.003694832999994105s {"blockNumber":5,"successfulCount":1,"failedCount":0,"duration":0.003694832999994105,"rate":0,"totalPublicGas":{"daGas":0,"l2Gas":0},"totalBlockGas":{"daGas":1984,"l2Gas":529900},"totalSizeInBytes":1984,"silentlySkippedCount":0,"silentlySkippedDurationMs":0}
[22:58:01.523] INFO: txe:top_level_context Created block 6 with timestamp 1789196282
[22:58:01.980] INFO: simulator:public-processor Processed 1 successful txs and 0 failed txs (0 silently skipped, 0ms wasted) in 0.019696916000000782s {"blockNumber":7,"successfulCount":1,"failedCount":0,"duration":0.019696916000000782,"rate":60725191.700058654,"totalPublicGas":{"daGas":2176,"l2Gas":1196099},"totalBlockGas":{"daGas":3552,"l2Gas":1922849},"totalSizeInBytes":3552,"silentlySkippedCount":0,"silentlySkippedDurationMs":0}
[22:58:02.009] INFO: txe:top_level_context Created block 8 with timestamp 1789199883
[22:58:02.469] INFO: simulator:public-processor Processed 1 successful txs and 0 failed txs (0 silently skipped, 0ms wasted) in 0.007880875000002561s {"blockNumber":9,"successfulCount":1,"failedCount":0,"duration":0.007880875000002561,"rate":12089393.62697277,"totalPublicGas":{"daGas":128,"l2Gas":95275},"totalBlockGas":{"daGas":1504,"l2Gas":822025},"totalSizeInBytes":1504,"silentlySkippedCount":0,"silentlySkippedDurationMs":0}
[billboard_test] Testing test_dummy_post_advances_screening ... [0m[32mok[0m
[22:58:04.353] INFO: kv-store:lmdb-v2 Starting data store with maxReaders 2
[22:58:04.354] INFO: world-state:database Creating world state data store at directory /var/folders/ym/q1vh2x5n58xbsmpmvs5_6w3r0000gn/T/aztec-world-state-2lJ5hq/world_state with map sizes {"archiveTreeMapSizeKb":10485760,"nullifierTreeMapSizeKb":10485760,"noteHashTreeMapSizeKb":10485760,"messageTreeMapSizeKb":10485760,"publicDataTreeMapSizeKb":10485760} and 12 threads (ephemeral=true).
[22:58:04.363] INFO: txe_node Aztec Node version: txe
[22:58:04.363] INFO: txe_node Aztec Node started on chain 0x1
[22:58:04.375] INFO: txe:top_level_context Created block 1 with timestamp 1789192684
[22:58:04.409] INFO: txe:top_level_context Created block 2 with timestamp 1789192684
[22:58:04.471] INFO: simulator:public-processor Processed 1 successful txs and 0 failed txs (0 silently skipped, 0ms wasted) in 0.028222084000000904s {"blockNumber":3,"successfulCount":1,"failedCount":0,"duration":0.028222084000000904,"rate":76794647.76591022,"totalPublicGas":{"daGas":3776,"l2Gas":2167305},"totalBlockGas":{"daGas":3776,"l2Gas":2167305},"totalSizeInBytes":3904,"silentlySkippedCount":0,"silentlySkippedDurationMs":0}
[22:58:04.499] INFO: txe:top_level_context Created block 4 with timestamp 1789192684
[22:58:04.659] INFO: simulator:public-processor Processed 1 successful txs and 0 failed txs (0 silently skipped, 0ms wasted) in 0.0038902910000033443s {"blockNumber":5,"successfulCount":1,"failedCount":0,"duration":0.0038902910000033443,"rate":0,"totalPublicGas":{"daGas":0,"l2Gas":0},"totalBlockGas":{"daGas":1984,"l2Gas":529900},"totalSizeInBytes":1984,"silentlySkippedCount":0,"silentlySkippedDurationMs":0}
[22:58:04.686] INFO: txe:top_level_context Created block 6 with timestamp 1789196285
[22:58:05.144] INFO: simulator:public-processor Processed 1 successful txs and 0 failed txs (0 silently skipped, 0ms wasted) in 0.007803458000002138s {"blockNumber":7,"successfulCount":1,"failedCount":0,"duration":0.007803458000002138,"rate":12209330.786424927,"totalPublicGas":{"daGas":128,"l2Gas":95275},"totalBlockGas":{"daGas":1504,"l2Gas":822025},"totalSizeInBytes":1504,"silentlySkippedCount":0,"silentlySkippedDurationMs":0}
[22:58:05.179] INFO: simulator:public-processor Processed 1 successful txs and 0 failed txs (0 silently skipped, 0ms wasted) in 0.004398791999999958s {"blockNumber":8,"successfulCount":1,"failedCount":0,"duration":0.004398791999999958,"rate":1590436.6471522334,"totalPublicGas":{"daGas":0,"l2Gas":6996},"totalBlockGas":{"daGas":0,"l2Gas":6996},"totalSizeInBytes":128,"silentlySkippedCount":0,"silentlySkippedDurationMs":0}
[22:58:05.200] INFO: simulator:public-processor Processed 1 successful txs and 0 failed txs (0 silently skipped, 0ms wasted) in 0.00423883300000307s {"blockNumber":8,"successfulCount":1,"failedCount":0,"duration":0.00423883300000307,"rate":2024849.7640727493,"totalPublicGas":{"daGas":0,"l2Gas":8583},"totalBlockGas":{"daGas":0,"l2Gas":8583},"totalSizeInBytes":128,"silentlySkippedCount":0,"silentlySkippedDurationMs":0}
[22:58:05.221] INFO: simulator:public-processor Processed 1 successful txs and 0 failed txs (0 silently skipped, 0ms wasted) in 0.005858583999994152s {"blockNumber":8,"successfulCount":1,"failedCount":0,"duration":0.005858583999994152,"rate":21290298.13349514,"totalPublicGas":{"daGas":0,"l2Gas":124731},"totalBlockGas":{"daGas":0,"l2Gas":124731},"totalSizeInBytes":128,"silentlySkippedCount":0,"silentlySkippedDurationMs":0}
[billboard_test] Testing test_dummy_post_does_not_store_content ... [0m[32mok[0m
[22:58:07.081] INFO: kv-store:lmdb-v2 Starting data store with maxReaders 2
[22:58:07.082] INFO: world-state:database Creating world state data store at directory /var/folders/ym/q1vh2x5n58xbsmpmvs5_6w3r0000gn/T/aztec-world-state-W1P0Ui/world_state with map sizes {"archiveTreeMapSizeKb":10485760,"nullifierTreeMapSizeKb":10485760,"noteHashTreeMapSizeKb":10485760,"messageTreeMapSizeKb":10485760,"publicDataTreeMapSizeKb":10485760} and 12 threads (ephemeral=true).
[22:58:07.091] INFO: txe_node Aztec Node version: txe
[22:58:07.091] INFO: txe_node Aztec Node started on chain 0x1
[22:58:07.103] INFO: txe:top_level_context Created block 1 with timestamp 1789192687
[22:58:07.138] INFO: txe:top_level_context Created block 2 with timestamp 1789192687
[22:58:07.199] INFO: simulator:public-processor Processed 1 successful txs and 0 failed txs (0 silently skipped, 0ms wasted) in 0.027673875000000406s {"blockNumber":3,"successfulCount":1,"failedCount":0,"duration":0.027673875000000406,"rate":78315920.70138237,"totalPublicGas":{"daGas":3776,"l2Gas":2167305},"totalBlockGas":{"daGas":3776,"l2Gas":2167305},"totalSizeInBytes":3904,"silentlySkippedCount":0,"silentlySkippedDurationMs":0}
[22:58:07.227] INFO: txe:top_level_context Created block 4 with timestamp 1789192687
[22:58:07.398] INFO: simulator:public-processor Processed 1 successful txs and 0 failed txs (0 silently skipped, 0ms wasted) in 0.003718124999999418s {"blockNumber":5,"successfulCount":1,"failedCount":0,"duration":0.003718124999999418,"rate":0,"totalPublicGas":{"daGas":0,"l2Gas":0},"totalBlockGas":{"daGas":1984,"l2Gas":529900},"totalSizeInBytes":1984,"silentlySkippedCount":0,"silentlySkippedDurationMs":0}
[22:58:07.426] INFO: txe:top_level_context Created block 6 with timestamp 1789196288
[22:58:07.875] INFO: simulator:public-processor Processed 1 successful txs and 0 failed txs (0 silently skipped, 0ms wasted) in 0.02004070800000045s {"blockNumber":7,"successfulCount":1,"failedCount":0,"duration":0.02004070800000045,"rate":59683470.26462205,"totalPublicGas":{"daGas":2176,"l2Gas":1196099},"totalBlockGas":{"daGas":3552,"l2Gas":1922849},"totalSizeInBytes":3552,"silentlySkippedCount":0,"silentlySkippedDurationMs":0}
[22:58:07.924] INFO: simulator:public-processor Processed 1 successful txs and 0 failed txs (0 silently skipped, 0ms wasted) in 0.0181351250000007s {"blockNumber":8,"successfulCount":1,"failedCount":0,"duration":0.0181351250000007,"rate":66316443.91753317,"totalPublicGas":{"daGas":2176,"l2Gas":1202657},"totalBlockGas":{"daGas":2176,"l2Gas":1202657},"totalSizeInBytes":2304,"silentlySkippedCount":0,"silentlySkippedDurationMs":0}
[22:58:07.953] INFO: txe:top_level_context Created block 9 with timestamp 1789199888
[22:58:08.434] INFO: simulator:public-processor Processed 1 successful txs and 0 failed txs (0 silently skipped, 0ms wasted) in 0.02064837499999703s {"blockNumber":10,"successfulCount":1,"failedCount":0,"duration":0.02064837499999703,"rate":57927028.15597702,"totalPublicGas":{"daGas":2176,"l2Gas":1196099},"totalBlockGas":{"daGas":3552,"l2Gas":1922849},"totalSizeInBytes":3552,"silentlySkippedCount":0,"silentlySkippedDurationMs":0}
[billboard_test] Testing test_flag_penalty_exact_value ... [0m[32mok[0m
[22:58:10.313] INFO: kv-store:lmdb-v2 Starting data store with maxReaders 2
[22:58:10.313] INFO: world-state:database Creating world state data store at directory /var/folders/ym/q1vh2x5n58xbsmpmvs5_6w3r0000gn/T/aztec-world-state-f9LY3d/world_state with map sizes {"archiveTreeMapSizeKb":10485760,"nullifierTreeMapSizeKb":10485760,"noteHashTreeMapSizeKb":10485760,"messageTreeMapSizeKb":10485760,"publicDataTreeMapSizeKb":10485760} and 12 threads (ephemeral=true).
[22:58:10.322] INFO: txe_node Aztec Node version: txe
[22:58:10.323] INFO: txe_node Aztec Node started on chain 0x1
[22:58:10.334] INFO: txe:top_level_context Created block 1 with timestamp 1789192690
[22:58:10.369] INFO: txe:top_level_context Created block 2 with timestamp 1789192690
[22:58:10.430] INFO: simulator:public-processor Processed 1 successful txs and 0 failed txs (0 silently skipped, 0ms wasted) in 0.02820666699999856s {"blockNumber":3,"successfulCount":1,"failedCount":0,"duration":0.02820666699999856,"rate":76836621.63984531,"totalPublicGas":{"daGas":3776,"l2Gas":2167305},"totalBlockGas":{"daGas":3776,"l2Gas":2167305},"totalSizeInBytes":3904,"silentlySkippedCount":0,"silentlySkippedDurationMs":0}
[22:58:10.458] INFO: txe:top_level_context Created block 4 with timestamp 1789192690
[22:58:10.616] INFO: simulator:public-processor Processed 1 successful txs and 0 failed txs (0 silently skipped, 0ms wasted) in 0.003886041000005207s {"blockNumber":5,"successfulCount":1,"failedCount":0,"duration":0.003886041000005207,"rate":0,"totalPublicGas":{"daGas":0,"l2Gas":0},"totalBlockGas":{"daGas":1984,"l2Gas":529900},"totalSizeInBytes":1984,"silentlySkippedCount":0,"silentlySkippedDurationMs":0}
[22:58:10.645] INFO: txe:top_level_context Created block 6 with timestamp 1789196291
[22:58:11.123] INFO: simulator:public-processor Processed 1 successful txs and 0 failed txs (0 silently skipped, 0ms wasted) in 0.020346582999998645s {"blockNumber":7,"successfulCount":1,"failedCount":0,"duration":0.020346582999998645,"rate":58786234.524002366,"totalPublicGas":{"daGas":2176,"l2Gas":1196099},"totalBlockGas":{"daGas":3552,"l2Gas":1922849},"totalSizeInBytes":3552,"silentlySkippedCount":0,"silentlySkippedDurationMs":0}
[22:58:11.151] INFO: txe:top_level_context Created block 8 with timestamp 1789199890
[22:58:11.613] INFO: simulator:public-processor Processed 1 successful txs and 0 failed txs (0 silently skipped, 0ms wasted) in 0.019885833000000276s {"blockNumber":9,"successfulCount":1,"failedCount":0,"duration":0.019885833000000276,"rate":60148297.53422868,"totalPublicGas":{"daGas":2176,"l2Gas":1196099},"totalBlockGas":{"daGas":3552,"l2Gas":1922849},"totalSizeInBytes":3552,"silentlySkippedCount":0,"silentlySkippedDurationMs":0}
[22:58:11.663] INFO: simulator:public-processor Processed 1 successful txs and 0 failed txs (0 silently skipped, 0ms wasted) in 0.018002541000001655s {"blockNumber":10,"successfulCount":1,"failedCount":0,"duration":0.018002541000001655,"rate":66804847.16018085,"totalPublicGas":{"daGas":2176,"l2Gas":1202657},"totalBlockGas":{"daGas":2176,"l2Gas":1202657},"totalSizeInBytes":2304,"silentlySkippedCount":0,"silentlySkippedDurationMs":0}
[22:58:11.712] INFO: simulator:public-processor Processed 1 successful txs and 0 failed txs (0 silently skipped, 0ms wasted) in 0.0183302079999994s {"blockNumber":11,"successfulCount":1,"failedCount":0,"duration":0.0183302079999994,"rate":65610657.55500643,"totalPublicGas":{"daGas":2176,"l2Gas":1202657},"totalBlockGas":{"daGas":2176,"l2Gas":1202657},"totalSizeInBytes":2304,"silentlySkippedCount":0,"silentlySkippedDurationMs":0}
[22:58:11.740] INFO: txe:top_level_context Created block 12 with timestamp 1789203491
[22:58:12.198] INFO: simulator:public-processor Processed 1 successful txs and 0 failed txs (0 silently skipped, 0ms wasted) in 0.020782041000005847s {"blockNumber":13,"successfulCount":1,"failedCount":0,"duration":0.020782041000005847,"rate":57554452.9047779,"totalPublicGas":{"daGas":2176,"l2Gas":1196099},"totalBlockGas":{"daGas":3552,"l2Gas":1922849},"totalSizeInBytes":3552,"silentlySkippedCount":0,"silentlySkippedDurationMs":0}
[billboard_test] Testing test_flag_penalty_two_flags ... [0m[32mok[0m
[22:58:14.140] INFO: kv-store:lmdb-v2 Starting data store with maxReaders 2
[22:58:14.141] INFO: world-state:database Creating world state data store at directory /var/folders/ym/q1vh2x5n58xbsmpmvs5_6w3r0000gn/T/aztec-world-state-44sWr1/world_state with map sizes {"archiveTreeMapSizeKb":10485760,"nullifierTreeMapSizeKb":10485760,"noteHashTreeMapSizeKb":10485760,"messageTreeMapSizeKb":10485760,"publicDataTreeMapSizeKb":10485760} and 12 threads (ephemeral=true).
[22:58:14.150] INFO: txe_node Aztec Node version: txe
[22:58:14.150] INFO: txe_node Aztec Node started on chain 0x1
[22:58:14.161] INFO: txe:top_level_context Created block 1 with timestamp 1789192694
[22:58:14.198] INFO: txe:top_level_context Created block 2 with timestamp 1789192694
[22:58:14.261] INFO: simulator:public-processor Processed 1 successful txs and 0 failed txs (0 silently skipped, 0ms wasted) in 0.029929958000000624s {"blockNumber":3,"successfulCount":1,"failedCount":0,"duration":0.029929958000000624,"rate":72412564.02698442,"totalPublicGas":{"daGas":3776,"l2Gas":2167305},"totalBlockGas":{"daGas":3776,"l2Gas":2167305},"totalSizeInBytes":3904,"silentlySkippedCount":0,"silentlySkippedDurationMs":0}
[22:58:14.290] INFO: txe:top_level_context Created block 4 with timestamp 1789192694
[22:58:14.463] INFO: simulator:public-processor Processed 1 successful txs and 0 failed txs (0 silently skipped, 0ms wasted) in 0.00395662500000617s {"blockNumber":5,"successfulCount":1,"failedCount":0,"duration":0.00395662500000617,"rate":0,"totalPublicGas":{"daGas":0,"l2Gas":0},"totalBlockGas":{"daGas":1984,"l2Gas":529900},"totalSizeInBytes":1984,"silentlySkippedCount":0,"silentlySkippedDurationMs":0}
[22:58:14.491] INFO: txe:top_level_context Created block 6 with timestamp 1789196295
[22:58:14.939] INFO: simulator:public-processor Processed 1 successful txs and 0 failed txs (0 silently skipped, 0ms wasted) in 0.020342375000000176s {"blockNumber":7,"successfulCount":1,"failedCount":0,"duration":0.020342375000000176,"rate":58798394.97600401,"totalPublicGas":{"daGas":2176,"l2Gas":1196099},"totalBlockGas":{"daGas":3552,"l2Gas":1922849},"totalSizeInBytes":3552,"silentlySkippedCount":0,"silentlySkippedDurationMs":0}
[22:58:14.988] INFO: simulator:public-processor Processed 1 successful txs and 0 failed txs (0 silently skipped, 0ms wasted) in 0.017525291999998444s {"blockNumber":8,"successfulCount":1,"failedCount":0,"duration":0.017525291999998444,"rate":68624077.70438899,"totalPublicGas":{"daGas":2176,"l2Gas":1202657},"totalBlockGas":{"daGas":2176,"l2Gas":1202657},"totalSizeInBytes":2304,"silentlySkippedCount":0,"silentlySkippedDurationMs":0}
[22:58:15.016] INFO: txe:top_level_context Created block 9 with timestamp 1789296295
[22:58:15.470] INFO: simulator:public-processor Processed 1 successful txs and 0 failed txs (0 silently skipped, 0ms wasted) in 0.02198291700000118s {"blockNumber":10,"successfulCount":1,"failedCount":0,"duration":0.02198291700000118,"rate":54410386.028384484,"totalPublicGas":{"daGas":2176,"l2Gas":1196099},"totalBlockGas":{"daGas":3552,"l2Gas":1922849},"totalSizeInBytes":3552,"silentlySkippedCount":0,"silentlySkippedDurationMs":0}
[billboard_test] Testing test_flag_penalty_with_save_up ... [0m[32mok[0m
[22:58:17.367] INFO: kv-store:lmdb-v2 Starting data store with maxReaders 2
[22:58:17.368] INFO: world-state:database Creating world state data store at directory /var/folders/ym/q1vh2x5n58xbsmpmvs5_6w3r0000gn/T/aztec-world-state-kf7DCk/world_state with map sizes {"archiveTreeMapSizeKb":10485760,"nullifierTreeMapSizeKb":10485760,"noteHashTreeMapSizeKb":10485760,"messageTreeMapSizeKb":10485760,"publicDataTreeMapSizeKb":10485760} and 12 threads (ephemeral=true).
[22:58:17.377] INFO: txe_node Aztec Node version: txe
[22:58:17.377] INFO: txe_node Aztec Node started on chain 0x1
[22:58:17.389] INFO: txe:top_level_context Created block 1 with timestamp 1789192697
[22:58:17.423] INFO: txe:top_level_context Created block 2 with timestamp 1789192697
[22:58:17.487] INFO: simulator:public-processor Processed 1 successful txs and 0 failed txs (0 silently skipped, 0ms wasted) in 0.028822916000004625s {"blockNumber":3,"successfulCount":1,"failedCount":0,"duration":0.028822916000004625,"rate":75193814.5328409,"totalPublicGas":{"daGas":3776,"l2Gas":2167305},"totalBlockGas":{"daGas":3776,"l2Gas":2167305},"totalSizeInBytes":3904,"silentlySkippedCount":0,"silentlySkippedDurationMs":0}
[22:58:17.515] INFO: txe:top_level_context Created block 4 with timestamp 1789192697
[22:58:17.675] INFO: simulator:public-processor Processed 1 successful txs and 0 failed txs (0 silently skipped, 0ms wasted) in 0.0038445830000055138s {"blockNumber":5,"successfulCount":1,"failedCount":0,"duration":0.0038445830000055138,"rate":0,"totalPublicGas":{"daGas":0,"l2Gas":0},"totalBlockGas":{"daGas":1984,"l2Gas":529900},"totalSizeInBytes":1984,"silentlySkippedCount":0,"silentlySkippedDurationMs":0}
[22:58:17.703] INFO: txe:top_level_context Created block 6 with timestamp 1789196298
[22:58:18.156] INFO: simulator:public-processor Processed 1 successful txs and 0 failed txs (0 silently skipped, 0ms wasted) in 0.020412457999998877s {"blockNumber":7,"successfulCount":1,"failedCount":0,"duration":0.020412457999998877,"rate":58596519.831176914,"totalPublicGas":{"daGas":2176,"l2Gas":1196099},"totalBlockGas":{"daGas":3552,"l2Gas":1922849},"totalSizeInBytes":3552,"silentlySkippedCount":0,"silentlySkippedDurationMs":0}
[22:58:18.205] INFO: simulator:public-processor Processed 1 successful txs and 0 failed txs (0 silently skipped, 0ms wasted) in 0.01755837499999325s {"blockNumber":8,"successfulCount":1,"failedCount":0,"duration":0.01755837499999325,"rate":68494778.13296859,"totalPublicGas":{"daGas":2176,"l2Gas":1202657},"totalBlockGas":{"daGas":2176,"l2Gas":1202657},"totalSizeInBytes":2304,"silentlySkippedCount":0,"silentlySkippedDurationMs":0}
[22:58:18.240] INFO: simulator:public-processor Processed 1 successful txs and 0 failed txs (0 silently skipped, 0ms wasted) in 0.004255166000002646s {"blockNumber":9,"successfulCount":1,"failedCount":0,"duration":0.004255166000002646,"rate":2051623.837940652,"totalPublicGas":{"daGas":0,"l2Gas":8730},"totalBlockGas":{"daGas":0,"l2Gas":8730},"totalSizeInBytes":128,"silentlySkippedCount":0,"silentlySkippedDurationMs":0}
[22:58:18.260] INFO: simulator:public-processor Processed 1 successful txs and 0 failed txs (0 silently skipped, 0ms wasted) in 0.004311458000003768s {"blockNumber":9,"successfulCount":1,"failedCount":0,"duration":0.004311458000003768,"rate":2011616.4879705245,"totalPublicGas":{"daGas":0,"l2Gas":8673},"totalBlockGas":{"daGas":0,"l2Gas":8673},"totalSizeInBytes":128,"silentlySkippedCount":0,"silentlySkippedDurationMs":0}
[22:58:18.283] INFO: simulator:public-processor Processed 1 successful txs and 0 failed txs (0 silently skipped, 0ms wasted) in 0.00687658399999782s {"blockNumber":9,"successfulCount":1,"failedCount":0,"duration":0.00687658399999782,"rate":17967932.915534686,"totalPublicGas":{"daGas":0,"l2Gas":123558},"totalBlockGas":{"daGas":0,"l2Gas":123558},"totalSizeInBytes":128,"silentlySkippedCount":0,"silentlySkippedDurationMs":0}
[billboard_test] Testing test_full_flow_declare_immoral_after_post ... [0m[32mok[0m
[billboard_test] Testing test_full_flow_deposit_below_minimum ... [0m[32mok[0m
[22:58:19.758] INFO: kv-store:lmdb-v2 Starting data store with maxReaders 2
[22:58:19.759] INFO: world-state:database Creating world state data store at directory /var/folders/ym/q1vh2x5n58xbsmpmvs5_6w3r0000gn/T/aztec-world-state-5dzALM/world_state with map sizes {"archiveTreeMapSizeKb":10485760,"nullifierTreeMapSizeKb":10485760,"noteHashTreeMapSizeKb":10485760,"messageTreeMapSizeKb":10485760,"publicDataTreeMapSizeKb":10485760} and 12 threads (ephemeral=true).
[22:58:19.768] INFO: txe_node Aztec Node version: txe
[22:58:19.768] INFO: txe_node Aztec Node started on chain 0x1
[22:58:19.780] INFO: txe:top_level_context Created block 1 with timestamp 1789192699
[22:58:19.814] INFO: txe:top_level_context Created block 2 with timestamp 1789192699
[22:58:19.876] INFO: simulator:public-processor Processed 1 successful txs and 0 failed txs (0 silently skipped, 0ms wasted) in 0.028548875000000407s {"blockNumber":3,"successfulCount":1,"failedCount":0,"duration":0.028548875000000407,"rate":75915600.87744156,"totalPublicGas":{"daGas":3776,"l2Gas":2167305},"totalBlockGas":{"daGas":3776,"l2Gas":2167305},"totalSizeInBytes":3904,"silentlySkippedCount":0,"silentlySkippedDurationMs":0}
[22:58:19.904] INFO: txe:top_level_context Created block 4 with timestamp 1789192699
[22:58:21.521] INFO: kv-store:lmdb-v2 Starting data store with maxReaders 2
[22:58:21.522] INFO: world-state:database Creating world state data store at directory /var/folders/ym/q1vh2x5n58xbsmpmvs5_6w3r0000gn/T/aztec-world-state-M2UCUI/world_state with map sizes {"archiveTreeMapSizeKb":10485760,"nullifierTreeMapSizeKb":10485760,"noteHashTreeMapSizeKb":10485760,"messageTreeMapSizeKb":10485760,"publicDataTreeMapSizeKb":10485760} and 12 threads (ephemeral=true).
[22:58:21.531] INFO: txe_node Aztec Node version: txe
[22:58:21.531] INFO: txe_node Aztec Node started on chain 0x1
[22:58:21.543] INFO: txe:top_level_context Created block 1 with timestamp 1789192701
[22:58:21.578] INFO: txe:top_level_context Created block 2 with timestamp 1789192701
[22:58:21.640] INFO: simulator:public-processor Processed 1 successful txs and 0 failed txs (0 silently skipped, 0ms wasted) in 0.028377290999997057s {"blockNumber":3,"successfulCount":1,"failedCount":0,"duration":0.028377290999997057,"rate":76374626.45748055,"totalPublicGas":{"daGas":3776,"l2Gas":2167305},"totalBlockGas":{"daGas":3776,"l2Gas":2167305},"totalSizeInBytes":3904,"silentlySkippedCount":0,"silentlySkippedDurationMs":0}
[22:58:21.668] INFO: txe:top_level_context Created block 4 with timestamp 1789192701
[22:58:21.835] INFO: simulator:public-processor Processed 1 successful txs and 0 failed txs (0 silently skipped, 0ms wasted) in 0.0038420419999965817s {"blockNumber":5,"successfulCount":1,"failedCount":0,"duration":0.0038420419999965817,"rate":0,"totalPublicGas":{"daGas":0,"l2Gas":0},"totalBlockGas":{"daGas":1984,"l2Gas":529900},"totalSizeInBytes":1984,"silentlySkippedCount":0,"silentlySkippedDurationMs":0}
[22:58:21.863] INFO: txe:top_level_context Created block 6 with timestamp 1789196302
[22:58:22.310] INFO: simulator:public-processor Processed 1 successful txs and 0 failed txs (0 silently skipped, 0ms wasted) in 0.020016292000000248s {"blockNumber":7,"successfulCount":1,"failedCount":0,"duration":0.020016292000000248,"rate":59756272.54038786,"totalPublicGas":{"daGas":2176,"l2Gas":1196099},"totalBlockGas":{"daGas":3552,"l2Gas":1922849},"totalSizeInBytes":3552,"silentlySkippedCount":0,"silentlySkippedDurationMs":0}
[22:58:22.358] INFO: simulator:public-processor Processed 1 successful txs and 0 failed txs (0 silently skipped, 0ms wasted) in 0.017609792000002927s {"blockNumber":8,"successfulCount":1,"failedCount":0,"duration":0.017609792000002927,"rate":68294787.3546604,"totalPublicGas":{"daGas":2176,"l2Gas":1202657},"totalBlockGas":{"daGas":2176,"l2Gas":1202657},"totalSizeInBytes":2304,"silentlySkippedCount":0,"silentlySkippedDurationMs":0}
[22:58:22.395] INFO: simulator:public-processor Processed 1 successful txs and 0 failed txs (0 silently skipped, 0ms wasted) in 0.005158584000004339s {"blockNumber":9,"successfulCount":1,"failedCount":0,"duration":0.005158584000004339,"rate":6500621.100668671,"totalPublicGas":{"daGas":0,"l2Gas":33534},"totalBlockGas":{"daGas":0,"l2Gas":33534},"totalSizeInBytes":128,"silentlySkippedCount":0,"silentlySkippedDurationMs":0}
[22:58:22.396] WARN: txe:top_level_context Could not find function artifact in contract Billboard for function '0x6675867b' when enriching error callstack
[billboard_test] Testing test_full_flow_double_flag_fails ... [0m[32mok[0m
[22:58:23.927] INFO: kv-store:lmdb-v2 Starting data store with maxReaders 2
[22:58:23.929] INFO: world-state:database Creating world state data store at directory /var/folders/ym/q1vh2x5n58xbsmpmvs5_6w3r0000gn/T/aztec-world-state-is9zSH/world_state with map sizes {"archiveTreeMapSizeKb":10485760,"nullifierTreeMapSizeKb":10485760,"noteHashTreeMapSizeKb":10485760,"messageTreeMapSizeKb":10485760,"publicDataTreeMapSizeKb":10485760} and 12 threads (ephemeral=true).
[22:58:23.938] INFO: txe_node Aztec Node version: txe
[22:58:23.938] INFO: txe_node Aztec Node started on chain 0x1
[22:58:23.950] INFO: txe:top_level_context Created block 1 with timestamp 1789192703
[22:58:23.986] INFO: txe:top_level_context Created block 2 with timestamp 1789192703
[22:58:24.048] INFO: simulator:public-processor Processed 1 successful txs and 0 failed txs (0 silently skipped, 0ms wasted) in 0.028443042000006243s {"blockNumber":3,"successfulCount":1,"failedCount":0,"duration":0.028443042000006243,"rate":76198073.32842684,"totalPublicGas":{"daGas":3776,"l2Gas":2167305},"totalBlockGas":{"daGas":3776,"l2Gas":2167305},"totalSizeInBytes":3904,"silentlySkippedCount":0,"silentlySkippedDurationMs":0}
[22:58:24.076] INFO: txe:top_level_context Created block 4 with timestamp 1789192703
[22:58:24.235] INFO: simulator:public-processor Processed 1 successful txs and 0 failed txs (0 silently skipped, 0ms wasted) in 0.0036055840000044554s {"blockNumber":5,"successfulCount":1,"failedCount":0,"duration":0.0036055840000044554,"rate":0,"totalPublicGas":{"daGas":0,"l2Gas":0},"totalBlockGas":{"daGas":1984,"l2Gas":529900},"totalSizeInBytes":1984,"silentlySkippedCount":0,"silentlySkippedDurationMs":0}
[22:58:24.264] INFO: txe:top_level_context Created block 6 with timestamp 1789196304
[22:58:24.715] INFO: simulator:public-processor Processed 1 successful txs and 0 failed txs (0 silently skipped, 0ms wasted) in 0.019620082999994338s {"blockNumber":7,"successfulCount":1,"failedCount":0,"duration":0.019620082999994338,"rate":60962993.88745426,"totalPublicGas":{"daGas":2176,"l2Gas":1196099},"totalBlockGas":{"daGas":3552,"l2Gas":1922849},"totalSizeInBytes":3552,"silentlySkippedCount":0,"silentlySkippedDurationMs":0}
[22:58:24.750] INFO: simulator:public-processor Processed 1 successful txs and 0 failed txs (0 silently skipped, 0ms wasted) in 0.004355749999995169s {"blockNumber":8,"successfulCount":1,"failedCount":0,"duration":0.004355749999995169,"rate":1606152.7865483004,"totalPublicGas":{"daGas":0,"l2Gas":6996},"totalBlockGas":{"daGas":0,"l2Gas":6996},"totalSizeInBytes":128,"silentlySkippedCount":0,"silentlySkippedDurationMs":0}
[22:58:24.773] INFO: simulator:public-processor Processed 1 successful txs and 0 failed txs (0 silently skipped, 0ms wasted) in 0.006799207999996724s {"blockNumber":8,"successfulCount":1,"failedCount":0,"duration":0.006799207999996724,"rate":18344930.762532946,"totalPublicGas":{"daGas":0,"l2Gas":124731},"totalBlockGas":{"daGas":0,"l2Gas":124731},"totalSizeInBytes":128,"silentlySkippedCount":0,"silentlySkippedDurationMs":0}
[22:58:24.793] INFO: simulator:public-processor Processed 1 successful txs and 0 failed txs (0 silently skipped, 0ms wasted) in 0.00418683400000009s {"blockNumber":8,"successfulCount":1,"failedCount":0,"duration":0.00418683400000009,"rate":2049997.683213573,"totalPublicGas":{"daGas":0,"l2Gas":8583},"totalBlockGas":{"daGas":0,"l2Gas":8583},"totalSizeInBytes":128,"silentlySkippedCount":0,"silentlySkippedDurationMs":0}
[billboard_test] Testing test_full_flow_first_post ... [0m[32mok[0m
[22:58:26.346] INFO: kv-store:lmdb-v2 Starting data store with maxReaders 2
[22:58:26.347] INFO: world-state:database Creating world state data store at directory /var/folders/ym/q1vh2x5n58xbsmpmvs5_6w3r0000gn/T/aztec-world-state-59ps1V/world_state with map sizes {"archiveTreeMapSizeKb":10485760,"nullifierTreeMapSizeKb":10485760,"noteHashTreeMapSizeKb":10485760,"messageTreeMapSizeKb":10485760,"publicDataTreeMapSizeKb":10485760} and 12 threads (ephemeral=true).
[22:58:26.356] INFO: txe_node Aztec Node version: txe
[22:58:26.356] INFO: txe_node Aztec Node started on chain 0x1
[22:58:26.368] INFO: txe:top_level_context Created block 1 with timestamp 1789192706
[22:58:26.402] INFO: txe:top_level_context Created block 2 with timestamp 1789192706
[22:58:26.463] INFO: simulator:public-processor Processed 1 successful txs and 0 failed txs (0 silently skipped, 0ms wasted) in 0.02795945799999754s {"blockNumber":3,"successfulCount":1,"failedCount":0,"duration":0.02795945799999754,"rate":77515987.6132145,"totalPublicGas":{"daGas":3776,"l2Gas":2167305},"totalBlockGas":{"daGas":3776,"l2Gas":2167305},"totalSizeInBytes":3904,"silentlySkippedCount":0,"silentlySkippedDurationMs":0}
[22:58:26.491] INFO: txe:top_level_context Created block 4 with timestamp 1789192706
[22:58:26.657] INFO: simulator:public-processor Processed 1 successful txs and 0 failed txs (0 silently skipped, 0ms wasted) in 0.0037751250000001165s {"blockNumber":5,"successfulCount":1,"failedCount":0,"duration":0.0037751250000001165,"rate":0,"totalPublicGas":{"daGas":0,"l2Gas":0},"totalBlockGas":{"daGas":1984,"l2Gas":529900},"totalSizeInBytes":1984,"silentlySkippedCount":0,"silentlySkippedDurationMs":0}
[22:58:26.685] INFO: txe:top_level_context Created block 6 with timestamp 1789196307
[22:58:27.139] INFO: simulator:public-processor Processed 1 successful txs and 0 failed txs (0 silently skipped, 0ms wasted) in 0.02091529199999786s {"blockNumber":7,"successfulCount":1,"failedCount":0,"duration":0.02091529199999786,"rate":57187774.38058825,"totalPublicGas":{"daGas":2176,"l2Gas":1196099},"totalBlockGas":{"daGas":3552,"l2Gas":1922849},"totalSizeInBytes":3552,"silentlySkippedCount":0,"silentlySkippedDurationMs":0}
[22:58:27.188] INFO: simulator:public-processor Processed 1 successful txs and 0 failed txs (0 silently skipped, 0ms wasted) in 0.017839749999999186s {"blockNumber":8,"successfulCount":1,"failedCount":0,"duration":0.017839749999999186,"rate":67414453.67788534,"totalPublicGas":{"daGas":2176,"l2Gas":1202657},"totalBlockGas":{"daGas":2176,"l2Gas":1202657},"totalSizeInBytes":2304,"silentlySkippedCount":0,"silentlySkippedDurationMs":0}
[22:58:27.216] INFO: txe:top_level_context Created block 9 with timestamp 1789199907
[22:58:27.678] INFO: simulator:public-processor Processed 1 successful txs and 0 failed txs (0 silently skipped, 0ms wasted) in 0.019979082999998354s {"blockNumber":10,"successfulCount":1,"failedCount":0,"duration":0.019979082999998354,"rate":59867562.49023534,"totalPublicGas":{"daGas":2176,"l2Gas":1196099},"totalBlockGas":{"daGas":3552,"l2Gas":1922849},"totalSizeInBytes":3552,"silentlySkippedCount":0,"silentlySkippedDurationMs":0}
[22:58:27.707] INFO: txe:top_level_context Created block 11 with timestamp 1789214305
[billboard_test] Testing test_full_flow_flag_penalty_post3_too_early ... [0m[32mok[0m
[22:58:29.587] INFO: kv-store:lmdb-v2 Starting data store with maxReaders 2
[22:58:29.587] INFO: world-state:database Creating world state data store at directory /var/folders/ym/q1vh2x5n58xbsmpmvs5_6w3r0000gn/T/aztec-world-state-TSXiwi/world_state with map sizes {"archiveTreeMapSizeKb":10485760,"nullifierTreeMapSizeKb":10485760,"noteHashTreeMapSizeKb":10485760,"messageTreeMapSizeKb":10485760,"publicDataTreeMapSizeKb":10485760} and 12 threads (ephemeral=true).
[22:58:29.597] INFO: txe_node Aztec Node version: txe
[22:58:29.597] INFO: txe_node Aztec Node started on chain 0x1
[22:58:29.608] INFO: txe:top_level_context Created block 1 with timestamp 1789192709
[22:58:29.643] INFO: txe:top_level_context Created block 2 with timestamp 1789192709
[22:58:29.705] INFO: simulator:public-processor Processed 1 successful txs and 0 failed txs (0 silently skipped, 0ms wasted) in 0.027589542000001528s {"blockNumber":3,"successfulCount":1,"failedCount":0,"duration":0.027589542000001528,"rate":78555309.10951258,"totalPublicGas":{"daGas":3776,"l2Gas":2167305},"totalBlockGas":{"daGas":3776,"l2Gas":2167305},"totalSizeInBytes":3904,"silentlySkippedCount":0,"silentlySkippedDurationMs":0}
[22:58:29.733] INFO: txe:top_level_context Created block 4 with timestamp 1789192709
[22:58:29.892] INFO: simulator:public-processor Processed 1 successful txs and 0 failed txs (0 silently skipped, 0ms wasted) in 0.0036356249999953435s {"blockNumber":5,"successfulCount":1,"failedCount":0,"duration":0.0036356249999953435,"rate":0,"totalPublicGas":{"daGas":0,"l2Gas":0},"totalBlockGas":{"daGas":1984,"l2Gas":529900},"totalSizeInBytes":1984,"silentlySkippedCount":0,"silentlySkippedDurationMs":0}
[billboard_test] Testing test_full_flow_get_deposit_info ... [0m[32mok[0m
[22:58:31.768] INFO: kv-store:lmdb-v2 Starting data store with maxReaders 2
[22:58:31.769] INFO: world-state:database Creating world state data store at directory /var/folders/ym/q1vh2x5n58xbsmpmvs5_6w3r0000gn/T/aztec-world-state-XOeIjD/world_state with map sizes {"archiveTreeMapSizeKb":10485760,"nullifierTreeMapSizeKb":10485760,"noteHashTreeMapSizeKb":10485760,"messageTreeMapSizeKb":10485760,"publicDataTreeMapSizeKb":10485760} and 12 threads (ephemeral=true).
[22:58:31.777] INFO: txe_node Aztec Node version: txe
[22:58:31.777] INFO: txe_node Aztec Node started on chain 0x1
[22:58:31.789] INFO: txe:top_level_context Created block 1 with timestamp 1789192711
[22:58:31.824] INFO: txe:top_level_context Created block 2 with timestamp 1789192711
[22:58:31.885] INFO: simulator:public-processor Processed 1 successful txs and 0 failed txs (0 silently skipped, 0ms wasted) in 0.027976416999998036s {"blockNumber":3,"successfulCount":1,"failedCount":0,"duration":0.027976416999998036,"rate":77468998.26379311,"totalPublicGas":{"daGas":3776,"l2Gas":2167305},"totalBlockGas":{"daGas":3776,"l2Gas":2167305},"totalSizeInBytes":3904,"silentlySkippedCount":0,"silentlySkippedDurationMs":0}
[22:58:31.913] INFO: txe:top_level_context Created block 4 with timestamp 1789192711
[22:58:32.072] INFO: simulator:public-processor Processed 1 successful txs and 0 failed txs (0 silently skipped, 0ms wasted) in 0.0036508330000069693s {"blockNumber":5,"successfulCount":1,"failedCount":0,"duration":0.0036508330000069693,"rate":0,"totalPublicGas":{"daGas":0,"l2Gas":0},"totalBlockGas":{"daGas":1984,"l2Gas":529900},"totalSizeInBytes":1984,"silentlySkippedCount":0,"silentlySkippedDurationMs":0}
[22:58:32.100] INFO: txe:top_level_context Created block 6 with timestamp 1789196312
[22:58:32.544] INFO: simulator:public-processor Processed 1 successful txs and 0 failed txs (0 silently skipped, 0ms wasted) in 0.019533750000002327s {"blockNumber":7,"successfulCount":1,"failedCount":0,"duration":0.019533750000002327,"rate":61232431.048818454,"totalPublicGas":{"daGas":2176,"l2Gas":1196099},"totalBlockGas":{"daGas":3552,"l2Gas":1922849},"totalSizeInBytes":3552,"silentlySkippedCount":0,"silentlySkippedDurationMs":0}
[22:58:32.579] INFO: simulator:public-processor Processed 1 successful txs and 0 failed txs (0 silently skipped, 0ms wasted) in 0.004381832999992184s {"blockNumber":8,"successfulCount":1,"failedCount":0,"duration":0.004381832999992184,"rate":1596592.1111125136,"totalPublicGas":{"daGas":0,"l2Gas":6996},"totalBlockGas":{"daGas":0,"l2Gas":6996},"totalSizeInBytes":128,"silentlySkippedCount":0,"silentlySkippedDurationMs":0}
[22:58:32.592] INFO: txe:top_level_context Created block 8 with timestamp 1789199913
[22:58:33.047] INFO: simulator:public-processor Processed 1 successful txs and 0 failed txs (0 silently skipped, 0ms wasted) in 0.020268834000002244s {"blockNumber":9,"successfulCount":1,"failedCount":0,"duration":0.020268834000002244,"rate":59011732.001942866,"totalPublicGas":{"daGas":2176,"l2Gas":1196099},"totalBlockGas":{"daGas":3552,"l2Gas":1922849},"totalSizeInBytes":3552,"silentlySkippedCount":0,"silentlySkippedDurationMs":0}
[22:58:33.082] INFO: simulator:public-processor Processed 1 successful txs and 0 failed txs (0 silently skipped, 0ms wasted) in 0.004294374999997672s {"blockNumber":10,"successfulCount":1,"failedCount":0,"duration":0.004294374999997672,"rate":1629107.8445649934,"totalPublicGas":{"daGas":0,"l2Gas":6996},"totalBlockGas":{"daGas":0,"l2Gas":6996},"totalSizeInBytes":128,"silentlySkippedCount":0,"silentlySkippedDurationMs":0}
[22:58:33.096] INFO: txe:top_level_context Created block 10 with timestamp 1789203514
[22:58:33.550] INFO: simulator:public-processor Processed 1 successful txs and 0 failed txs (0 silently skipped, 0ms wasted) in 0.021259250000002793s {"blockNumber":11,"successfulCount":1,"failedCount":0,"duration":0.021259250000002793,"rate":56262521.02025437,"totalPublicGas":{"daGas":2176,"l2Gas":1196099},"totalBlockGas":{"daGas":3552,"l2Gas":1922849},"totalSizeInBytes":3552,"silentlySkippedCount":0,"silentlySkippedDurationMs":0}
[22:58:33.585] INFO: simulator:public-processor Processed 1 successful txs and 0 failed txs (0 silently skipped, 0ms wasted) in 0.004318374999988009s {"blockNumber":12,"successfulCount":1,"failedCount":0,"duration":0.004318374999988009,"rate":1620053.8397011436,"totalPublicGas":{"daGas":0,"l2Gas":6996},"totalBlockGas":{"daGas":0,"l2Gas":6996},"totalSizeInBytes":128,"silentlySkippedCount":0,"silentlySkippedDurationMs":0}
[22:58:33.608] INFO: simulator:public-processor Processed 1 successful txs and 0 failed txs (0 silently skipped, 0ms wasted) in 0.006808583000005456s {"blockNumber":12,"successfulCount":1,"failedCount":0,"duration":0.006808583000005456,"rate":18319670.921232812,"totalPublicGas":{"daGas":0,"l2Gas":124731},"totalBlockGas":{"daGas":0,"l2Gas":124731},"totalSizeInBytes":128,"silentlySkippedCount":0,"silentlySkippedDurationMs":0}
[22:58:33.631] INFO: simulator:public-processor Processed 1 successful txs and 0 failed txs (0 silently skipped, 0ms wasted) in 0.0070671670000010635s {"blockNumber":12,"successfulCount":1,"failedCount":0,"duration":0.0070671670000010635,"rate":17649363.599300995,"totalPublicGas":{"daGas":0,"l2Gas":124731},"totalBlockGas":{"daGas":0,"l2Gas":124731},"totalSizeInBytes":128,"silentlySkippedCount":0,"silentlySkippedDurationMs":0}
[22:58:33.654] INFO: simulator:public-processor Processed 1 successful txs and 0 failed txs (0 silently skipped, 0ms wasted) in 0.006839417000010144s {"blockNumber":12,"successfulCount":1,"failedCount":0,"duration":0.006839417000010144,"rate":18237080.73360858,"totalPublicGas":{"daGas":0,"l2Gas":124731},"totalBlockGas":{"daGas":0,"l2Gas":124731},"totalSizeInBytes":128,"silentlySkippedCount":0,"silentlySkippedDurationMs":0}
[billboard_test] Testing test_full_flow_multiple_posts ... [0m[32mok[0m
[22:58:35.179] INFO: kv-store:lmdb-v2 Starting data store with maxReaders 2
[22:58:35.179] INFO: world-state:database Creating world state data store at directory /var/folders/ym/q1vh2x5n58xbsmpmvs5_6w3r0000gn/T/aztec-world-state-1PLFTB/world_state with map sizes {"archiveTreeMapSizeKb":10485760,"nullifierTreeMapSizeKb":10485760,"noteHashTreeMapSizeKb":10485760,"messageTreeMapSizeKb":10485760,"publicDataTreeMapSizeKb":10485760} and 12 threads (ephemeral=true).
[22:58:35.188] INFO: txe_node Aztec Node version: txe
[22:58:35.188] INFO: txe_node Aztec Node started on chain 0x1
[22:58:35.200] INFO: txe:top_level_context Created block 1 with timestamp 1789192715
[22:58:35.234] INFO: txe:top_level_context Created block 2 with timestamp 1789192715
[22:58:35.294] INFO: simulator:public-processor Processed 1 successful txs and 0 failed txs (0 silently skipped, 0ms wasted) in 0.027580624999987778s {"blockNumber":3,"successfulCount":1,"failedCount":0,"duration":0.027580624999987778,"rate":78580706.5648788,"totalPublicGas":{"daGas":3776,"l2Gas":2167305},"totalBlockGas":{"daGas":3776,"l2Gas":2167305},"totalSizeInBytes":3904,"silentlySkippedCount":0,"silentlySkippedDurationMs":0}
[22:58:35.322] INFO: txe:top_level_context Created block 4 with timestamp 1789192715
[22:58:35.480] INFO: simulator:public-processor Processed 1 successful txs and 0 failed txs (0 silently skipped, 0ms wasted) in 0.0036224590000056194s {"blockNumber":5,"successfulCount":1,"failedCount":0,"duration":0.0036224590000056194,"rate":0,"totalPublicGas":{"daGas":0,"l2Gas":0},"totalBlockGas":{"daGas":1984,"l2Gas":529900},"totalSizeInBytes":1984,"silentlySkippedCount":0,"silentlySkippedDurationMs":0}
[22:58:35.508] INFO: txe:top_level_context Created block 6 with timestamp 1789192815
[billboard_test] Testing test_full_flow_post_too_early ... [0m[32mok[0m
[22:58:37.410] INFO: kv-store:lmdb-v2 Starting data store with maxReaders 2
[22:58:37.410] INFO: world-state:database Creating world state data store at directory /var/folders/ym/q1vh2x5n58xbsmpmvs5_6w3r0000gn/T/aztec-world-state-SE0FwQ/world_state with map sizes {"archiveTreeMapSizeKb":10485760,"nullifierTreeMapSizeKb":10485760,"noteHashTreeMapSizeKb":10485760,"messageTreeMapSizeKb":10485760,"publicDataTreeMapSizeKb":10485760} and 12 threads (ephemeral=true).
[22:58:37.419] INFO: txe_node Aztec Node version: txe
[22:58:37.419] INFO: txe_node Aztec Node started on chain 0x1
[22:58:37.431] INFO: txe:top_level_context Created block 1 with timestamp 1789192717
[22:58:37.465] INFO: txe:top_level_context Created block 2 with timestamp 1789192717
[22:58:37.526] INFO: simulator:public-processor Processed 1 successful txs and 0 failed txs (0 silently skipped, 0ms wasted) in 0.027859249999994062s {"blockNumber":3,"successfulCount":1,"failedCount":0,"duration":0.027859249999994062,"rate":77794807.82865518,"totalPublicGas":{"daGas":3776,"l2Gas":2167305},"totalBlockGas":{"daGas":3776,"l2Gas":2167305},"totalSizeInBytes":3904,"silentlySkippedCount":0,"silentlySkippedDurationMs":0}
[22:58:37.554] INFO: txe:top_level_context Created block 4 with timestamp 1789192717
[22:58:37.715] INFO: simulator:public-processor Processed 1 successful txs and 0 failed txs (0 silently skipped, 0ms wasted) in 0.003719582999998238s {"blockNumber":5,"successfulCount":1,"failedCount":0,"duration":0.003719582999998238,"rate":0,"totalPublicGas":{"daGas":0,"l2Gas":0},"totalBlockGas":{"daGas":1984,"l2Gas":529900},"totalSizeInBytes":1984,"silentlySkippedCount":0,"silentlySkippedDurationMs":0}
[22:58:37.743] INFO: txe:top_level_context Created block 6 with timestamp 1789196318
[22:58:38.199] INFO: simulator:public-processor Processed 1 successful txs and 0 failed txs (0 silently skipped, 0ms wasted) in 0.019795375000001513s {"blockNumber":7,"successfulCount":1,"failedCount":0,"duration":0.019795375000001513,"rate":60423154.39843441,"totalPublicGas":{"daGas":2176,"l2Gas":1196099},"totalBlockGas":{"daGas":3552,"l2Gas":1922849},"totalSizeInBytes":3552,"silentlySkippedCount":0,"silentlySkippedDurationMs":0}
[22:58:38.227] INFO: txe:top_level_context Created block 8 with timestamp 1789199919
[billboard_test] Testing test_full_flow_second_post_screens_first ... [0m[32mok[0m
[22:58:38.684] INFO: simulator:public-processor Processed 1 successful txs and 0 failed txs (0 silently skipped, 0ms wasted) in 0.019769334000011442s {"blockNumber":9,"successfulCount":1,"failedCount":0,"duration":0.019769334000011442,"rate":60502746.32414566,"totalPublicGas":{"daGas":2176,"l2Gas":1196099},"totalBlockGas":{"daGas":3552,"l2Gas":1922849},"totalSizeInBytes":3552,"silentlySkippedCount":0,"silentlySkippedDurationMs":0}
[22:58:38.719] INFO: simulator:public-processor Processed 1 successful txs and 0 failed txs (0 silently skipped, 0ms wasted) in 0.00419512499999837s {"blockNumber":10,"successfulCount":1,"failedCount":0,"duration":0.00419512499999837,"rate":1667649.9508364394,"totalPublicGas":{"daGas":0,"l2Gas":6996},"totalBlockGas":{"daGas":0,"l2Gas":6996},"totalSizeInBytes":128,"silentlySkippedCount":0,"silentlySkippedDurationMs":0}
[22:58:38.742] INFO: simulator:public-processor Processed 1 successful txs and 0 failed txs (0 silently skipped, 0ms wasted) in 0.006591207999998005s {"blockNumber":10,"successfulCount":1,"failedCount":0,"duration":0.006591207999998005,"rate":18923845.219273575,"totalPublicGas":{"daGas":0,"l2Gas":124731},"totalBlockGas":{"daGas":0,"l2Gas":124731},"totalSizeInBytes":128,"silentlySkippedCount":0,"silentlySkippedDurationMs":0}
[22:58:40.335] INFO: kv-store:lmdb-v2 Starting data store with maxReaders 2
[22:58:40.336] INFO: world-state:database Creating world state data store at directory /var/folders/ym/q1vh2x5n58xbsmpmvs5_6w3r0000gn/T/aztec-world-state-BZEEvc/world_state with map sizes {"archiveTreeMapSizeKb":10485760,"nullifierTreeMapSizeKb":10485760,"noteHashTreeMapSizeKb":10485760,"messageTreeMapSizeKb":10485760,"publicDataTreeMapSizeKb":10485760} and 12 threads (ephemeral=true).
[22:58:40.345] INFO: txe_node Aztec Node version: txe
[22:58:40.345] INFO: txe_node Aztec Node started on chain 0x1
[22:58:40.357] INFO: txe:top_level_context Created block 1 with timestamp 1789192720
[22:58:40.391] INFO: txe:top_level_context Created block 2 with timestamp 1789192720
[22:58:40.452] INFO: simulator:public-processor Processed 1 successful txs and 0 failed txs (0 silently skipped, 0ms wasted) in 0.02798933300000499s {"blockNumber":3,"successfulCount":1,"failedCount":0,"duration":0.02798933300000499,"rate":77433249.30249727,"totalPublicGas":{"daGas":3776,"l2Gas":2167305},"totalBlockGas":{"daGas":3776,"l2Gas":2167305},"totalSizeInBytes":3904,"silentlySkippedCount":0,"silentlySkippedDurationMs":0}
[22:58:40.480] INFO: txe:top_level_context Created block 4 with timestamp 1789192720
[22:58:40.636] INFO: simulator:public-processor Processed 1 successful txs and 0 failed txs (0 silently skipped, 0ms wasted) in 0.0035211249999993017s {"blockNumber":5,"successfulCount":1,"failedCount":0,"duration":0.0035211249999993017,"rate":0,"totalPublicGas":{"daGas":0,"l2Gas":0},"totalBlockGas":{"daGas":1984,"l2Gas":529900},"totalSizeInBytes":1984,"silentlySkippedCount":0,"silentlySkippedDurationMs":0}
[22:58:40.664] INFO: txe:top_level_context Created block 6 with timestamp 1789196321
[22:58:41.103] INFO: simulator:public-processor Processed 1 successful txs and 0 failed txs (0 silently skipped, 0ms wasted) in 0.019600500000000465s {"blockNumber":7,"successfulCount":1,"failedCount":0,"duration":0.019600500000000465,"rate":61023902.45146663,"totalPublicGas":{"daGas":2176,"l2Gas":1196099},"totalBlockGas":{"daGas":3552,"l2Gas":1922849},"totalSizeInBytes":3552,"silentlySkippedCount":0,"silentlySkippedDurationMs":0}
[22:58:41.152] INFO: simulator:public-processor Processed 1 successful txs and 0 failed txs (0 silently skipped, 0ms wasted) in 0.01790804200001003s {"blockNumber":8,"successfulCount":1,"failedCount":0,"duration":0.01790804200001003,"rate":67157369.85647713,"totalPublicGas":{"daGas":2176,"l2Gas":1202657},"totalBlockGas":{"daGas":2176,"l2Gas":1202657},"totalSizeInBytes":2304,"silentlySkippedCount":0,"silentlySkippedDurationMs":0}
[22:58:41.181] INFO: txe:top_level_context Created block 9 with timestamp 1789199921
[22:58:41.634] INFO: simulator:public-processor Processed 1 successful txs and 0 failed txs (0 silently skipped, 0ms wasted) in 0.019639957999999753s {"blockNumber":10,"successfulCount":1,"failedCount":0,"duration":0.019639957999999753,"rate":60901301.31642924,"totalPublicGas":{"daGas":2176,"l2Gas":1196099},"totalBlockGas":{"daGas":3552,"l2Gas":1922849},"totalSizeInBytes":3552,"silentlySkippedCount":0,"silentlySkippedDurationMs":0}
[22:58:41.669] INFO: simulator:public-processor Processed 1 successful txs and 0 failed txs (0 silently skipped, 0ms wasted) in 0.004252625000008265s {"blockNumber":11,"successfulCount":1,"failedCount":0,"duration":0.004252625000008265,"rate":1645101.5549187625,"totalPublicGas":{"daGas":0,"l2Gas":6996},"totalBlockGas":{"daGas":0,"l2Gas":6996},"totalSizeInBytes":128,"silentlySkippedCount":0,"silentlySkippedDurationMs":0}
[billboard_test] Testing test_full_flow_second_post_with_flag ... [0m[32mok[0m
[22:58:43.195] INFO: kv-store:lmdb-v2 Starting data store with maxReaders 2
[22:58:43.196] INFO: world-state:database Creating world state data store at directory /var/folders/ym/q1vh2x5n58xbsmpmvs5_6w3r0000gn/T/aztec-world-state-9V0XsI/world_state with map sizes {"archiveTreeMapSizeKb":10485760,"nullifierTreeMapSizeKb":10485760,"noteHashTreeMapSizeKb":10485760,"messageTreeMapSizeKb":10485760,"publicDataTreeMapSizeKb":10485760} and 12 threads (ephemeral=true).
[22:58:43.205] INFO: txe_node Aztec Node version: txe
[22:58:43.205] INFO: txe_node Aztec Node started on chain 0x1
[22:58:43.216] INFO: txe:top_level_context Created block 1 with timestamp 1789192723
[22:58:43.250] INFO: txe:top_level_context Created block 2 with timestamp 1789192723
[22:58:43.310] INFO: simulator:public-processor Processed 1 successful txs and 0 failed txs (0 silently skipped, 0ms wasted) in 0.028109375s {"blockNumber":3,"successfulCount":1,"failedCount":0,"duration":0.028109375,"rate":77102568.09338522,"totalPublicGas":{"daGas":3776,"l2Gas":2167305},"totalBlockGas":{"daGas":3776,"l2Gas":2167305},"totalSizeInBytes":3904,"silentlySkippedCount":0,"silentlySkippedDurationMs":0}
[22:58:43.338] INFO: txe:top_level_context Created block 4 with timestamp 1789192723
[22:58:43.495] INFO: simulator:public-processor Processed 1 successful txs and 0 failed txs (0 silently skipped, 0ms wasted) in 0.0035309589999960736s {"blockNumber":5,"successfulCount":1,"failedCount":0,"duration":0.0035309589999960736,"rate":0,"totalPublicGas":{"daGas":0,"l2Gas":0},"totalBlockGas":{"daGas":1984,"l2Gas":529900},"totalSizeInBytes":1984,"silentlySkippedCount":0,"silentlySkippedDurationMs":0}
[22:58:43.523] INFO: txe:top_level_context Created block 6 with timestamp 1789196324
[22:58:43.965] INFO: simulator:public-processor Processed 1 successful txs and 0 failed txs (0 silently skipped, 0ms wasted) in 0.019309500000003026s {"blockNumber":7,"successfulCount":1,"failedCount":0,"duration":0.019309500000003026,"rate":61943551.101779565,"totalPublicGas":{"daGas":2176,"l2Gas":1196099},"totalBlockGas":{"daGas":3552,"l2Gas":1922849},"totalSizeInBytes":3552,"silentlySkippedCount":0,"silentlySkippedDurationMs":0}
[22:58:43.994] INFO: txe:top_level_context Created block 8 with timestamp 1789199925
[billboard_test] Testing test_full_flow_second_post_without_flag ... [0m[32mok[0m
[22:58:44.444] INFO: simulator:public-processor Processed 1 successful txs and 0 failed txs (0 silently skipped, 0ms wasted) in 0.020387707999994745s {"blockNumber":9,"successfulCount":1,"failedCount":0,"duration":0.020387707999994745,"rate":58667654.05901969,"totalPublicGas":{"daGas":2176,"l2Gas":1196099},"totalBlockGas":{"daGas":3552,"l2Gas":1922849},"totalSizeInBytes":3552,"silentlySkippedCount":0,"silentlySkippedDurationMs":0}
[22:58:44.479] INFO: simulator:public-processor Processed 1 successful txs and 0 failed txs (0 silently skipped, 0ms wasted) in 0.004163667000000714s {"blockNumber":10,"successfulCount":1,"failedCount":0,"duration":0.004163667000000714,"rate":1680249.6453243739,"totalPublicGas":{"daGas":0,"l2Gas":6996},"totalBlockGas":{"daGas":0,"l2Gas":6996},"totalSizeInBytes":128,"silentlySkippedCount":0,"silentlySkippedDurationMs":0}
[billboard_test] Testing test_get_post_rejects_invalid_id ... [0m[32mok[0m
[22:58:46.001] INFO: kv-store:lmdb-v2 Starting data store with maxReaders 2
[22:58:46.002] INFO: world-state:database Creating world state data store at directory /var/folders/ym/q1vh2x5n58xbsmpmvs5_6w3r0000gn/T/aztec-world-state-ZCzRQs/world_state with map sizes {"archiveTreeMapSizeKb":10485760,"nullifierTreeMapSizeKb":10485760,"noteHashTreeMapSizeKb":10485760,"messageTreeMapSizeKb":10485760,"publicDataTreeMapSizeKb":10485760} and 12 threads (ephemeral=true).
[22:58:46.011] INFO: txe_node Aztec Node version: txe
[22:58:46.011] INFO: txe_node Aztec Node started on chain 0x1
[22:58:46.023] INFO: txe:top_level_context Created block 1 with timestamp 1789192726
[22:58:46.058] INFO: txe:top_level_context Created block 2 with timestamp 1789192726
[22:58:46.120] INFO: simulator:public-processor Processed 1 successful txs and 0 failed txs (0 silently skipped, 0ms wasted) in 0.028081875000003493s {"blockNumber":3,"successfulCount":1,"failedCount":0,"duration":0.028081875000003493,"rate":77178073.04532658,"totalPublicGas":{"daGas":3776,"l2Gas":2167305},"totalBlockGas":{"daGas":3776,"l2Gas":2167305},"totalSizeInBytes":3904,"silentlySkippedCount":0,"silentlySkippedDurationMs":0}
[22:58:46.157] INFO: simulator:public-processor Processed 1 successful txs and 0 failed txs (0 silently skipped, 0ms wasted) in 0.005357292000000598s {"blockNumber":4,"successfulCount":1,"failedCount":0,"duration":0.005357292000000598,"rate":1346762.506131679,"totalPublicGas":{"daGas":0,"l2Gas":7215},"totalBlockGas":{"daGas":0,"l2Gas":7215},"totalSizeInBytes":128,"silentlySkippedCount":0,"silentlySkippedDurationMs":0}
[22:58:46.158] WARN: txe:top_level_context Could not find function artifact in contract Billboard for function '0x3bc1b6cc' when enriching error callstack
[billboard_test] Testing test_init_default_flag_state ... [0m[32mok[0m
[22:58:47.651] INFO: kv-store:lmdb-v2 Starting data store with maxReaders 2
[22:58:47.651] INFO: world-state:database Creating world state data store at directory /var/folders/ym/q1vh2x5n58xbsmpmvs5_6w3r0000gn/T/aztec-world-state-SemaCn/world_state with map sizes {"archiveTreeMapSizeKb":10485760,"nullifierTreeMapSizeKb":10485760,"noteHashTreeMapSizeKb":10485760,"messageTreeMapSizeKb":10485760,"publicDataTreeMapSizeKb":10485760} and 12 threads (ephemeral=true).
[22:58:47.661] INFO: txe_node Aztec Node version: txe
[22:58:47.661] INFO: txe_node Aztec Node started on chain 0x1
[22:58:47.673] INFO: txe:top_level_context Created block 1 with timestamp 1789192727
[22:58:47.707] INFO: txe:top_level_context Created block 2 with timestamp 1789192727
[22:58:47.770] INFO: simulator:public-processor Processed 1 successful txs and 0 failed txs (0 silently skipped, 0ms wasted) in 0.029688624999995226s {"blockNumber":3,"successfulCount":1,"failedCount":0,"duration":0.029688624999995226,"rate":73001191.53380625,"totalPublicGas":{"daGas":3776,"l2Gas":2167305},"totalBlockGas":{"daGas":3776,"l2Gas":2167305},"totalSizeInBytes":3904,"silentlySkippedCount":0,"silentlySkippedDurationMs":0}
[22:58:47.806] INFO: simulator:public-processor Processed 1 successful txs and 0 failed txs (0 silently skipped, 0ms wasted) in 0.0044705839999951424s {"blockNumber":4,"successfulCount":1,"failedCount":0,"duration":0.0044705839999951424,"rate":1952765.0078847609,"totalPublicGas":{"daGas":0,"l2Gas":8730},"totalBlockGas":{"daGas":0,"l2Gas":8730},"totalSizeInBytes":128,"silentlySkippedCount":0,"silentlySkippedDurationMs":0}
[billboard_test] Testing test_init_rejects_policy_too_long ... [0m[32mok[0m
[22:58:49.289] INFO: kv-store:lmdb-v2 Starting data store with maxReaders 2
[22:58:49.290] INFO: world-state:database Creating world state data store at directory /var/folders/ym/q1vh2x5n58xbsmpmvs5_6w3r0000gn/T/aztec-world-state-bU4h9o/world_state with map sizes {"archiveTreeMapSizeKb":10485760,"nullifierTreeMapSizeKb":10485760,"noteHashTreeMapSizeKb":10485760,"messageTreeMapSizeKb":10485760,"publicDataTreeMapSizeKb":10485760} and 12 threads (ephemeral=true).
[22:58:49.299] INFO: txe_node Aztec Node version: txe
[22:58:49.299] INFO: txe_node Aztec Node started on chain 0x1
[22:58:49.311] INFO: txe:top_level_context Created block 1 with timestamp 1789192729
[22:58:49.351] INFO: txe:top_level_context Created block 2 with timestamp 1789192729
[22:58:49.395] INFO: simulator:public-processor Processed 1 successful txs and 0 failed txs (0 silently skipped, 0ms wasted) in 0.006640958000003593s {"blockNumber":3,"successfulCount":1,"failedCount":0,"duration":0.006640958000003593,"rate":17935514.725425992,"totalPublicGas":{"daGas":0,"l2Gas":119109},"totalBlockGas":{"daGas":0,"l2Gas":119109},"totalSizeInBytes":128,"silentlySkippedCount":0,"silentlySkippedDurationMs":0}
[22:58:49.396] WARN: txe:top_level_context Could not find function artifact in contract Billboard for function '0x609f9c98' when enriching error callstack
[billboard_test] Testing test_init_rejects_zero_base_cooldown ... [0m[32mok[0m
[22:58:50.880] INFO: kv-store:lmdb-v2 Starting data store with maxReaders 2
[22:58:50.881] INFO: world-state:database Creating world state data store at directory /var/folders/ym/q1vh2x5n58xbsmpmvs5_6w3r0000gn/T/aztec-world-state-eNxaSq/world_state with map sizes {"archiveTreeMapSizeKb":10485760,"nullifierTreeMapSizeKb":10485760,"noteHashTreeMapSizeKb":10485760,"messageTreeMapSizeKb":10485760,"publicDataTreeMapSizeKb":10485760} and 12 threads (ephemeral=true).
[22:58:50.890] INFO: txe_node Aztec Node version: txe
[22:58:50.890] INFO: txe_node Aztec Node started on chain 0x1
[22:58:50.902] INFO: txe:top_level_context Created block 1 with timestamp 1789192730
[22:58:50.941] INFO: txe:top_level_context Created block 2 with timestamp 1789192730
[22:58:50.980] INFO: simulator:public-processor Processed 1 successful txs and 0 failed txs (0 silently skipped, 0ms wasted) in 0.005718334000004688s {"blockNumber":3,"successfulCount":1,"failedCount":0,"duration":0.005718334000004688,"rate":20777380.26493426,"totalPublicGas":{"daGas":0,"l2Gas":118812},"totalBlockGas":{"daGas":0,"l2Gas":118812},"totalSizeInBytes":128,"silentlySkippedCount":0,"silentlySkippedDurationMs":0}
[22:58:50.981] WARN: txe:top_level_context Could not find function artifact in contract Billboard for function '0x609f9c98' when enriching error callstack
[billboard_test] Testing test_init_rejects_zero_censor_window ... [0m[32mok[0m
[22:58:52.460] INFO: kv-store:lmdb-v2 Starting data store with maxReaders 2
[22:58:52.461] INFO: world-state:database Creating world state data store at directory /var/folders/ym/q1vh2x5n58xbsmpmvs5_6w3r0000gn/T/aztec-world-state-tkY84T/world_state with map sizes {"archiveTreeMapSizeKb":10485760,"nullifierTreeMapSizeKb":10485760,"noteHashTreeMapSizeKb":10485760,"messageTreeMapSizeKb":10485760,"publicDataTreeMapSizeKb":10485760} and 12 threads (ephemeral=true).
[22:58:52.470] INFO: txe_node Aztec Node version: txe
[22:58:52.470] INFO: txe_node Aztec Node started on chain 0x1
[22:58:52.482] INFO: txe:top_level_context Created block 1 with timestamp 1789192732
[22:58:52.521] INFO: txe:top_level_context Created block 2 with timestamp 1789192732
[22:58:52.561] INFO: simulator:public-processor Processed 1 successful txs and 0 failed txs (0 silently skipped, 0ms wasted) in 0.0060253329999977725s {"blockNumber":3,"successfulCount":1,"failedCount":0,"duration":0.0060253329999977725,"rate":19741647.47409711,"totalPublicGas":{"daGas":0,"l2Gas":118950},"totalBlockGas":{"daGas":0,"l2Gas":118950},"totalSizeInBytes":128,"silentlySkippedCount":0,"silentlySkippedDurationMs":0}
[22:58:52.562] WARN: txe:top_level_context Could not find function artifact in contract Billboard for function '0x609f9c98' when enriching error callstack
[billboard_test] Testing test_init_rejects_zero_k ... [0m[32mok[0m
[22:58:54.099] INFO: kv-store:lmdb-v2 Starting data store with maxReaders 2
[22:58:54.100] INFO: world-state:database Creating world state data store at directory /var/folders/ym/q1vh2x5n58xbsmpmvs5_6w3r0000gn/T/aztec-world-state-3os7gB/world_state with map sizes {"archiveTreeMapSizeKb":10485760,"nullifierTreeMapSizeKb":10485760,"noteHashTreeMapSizeKb":10485760,"messageTreeMapSizeKb":10485760,"publicDataTreeMapSizeKb":10485760} and 12 threads (ephemeral=true).
[22:58:54.110] INFO: txe_node Aztec Node version: txe
[22:58:54.110] INFO: txe_node Aztec Node started on chain 0x1
[22:58:54.123] INFO: txe:top_level_context Created block 1 with timestamp 1789192734
[22:58:54.163] INFO: txe:top_level_context Created block 2 with timestamp 1789192734
[22:58:54.218] INFO: simulator:public-processor Processed 1 successful txs and 0 failed txs (0 silently skipped, 0ms wasted) in 0.011116792000000715s {"blockNumber":3,"successfulCount":1,"failedCount":0,"duration":0.011116792000000715,"rate":10693822.46245071,"totalPublicGas":{"daGas":0,"l2Gas":118881},"totalBlockGas":{"daGas":0,"l2Gas":118881},"totalSizeInBytes":128,"silentlySkippedCount":0,"silentlySkippedDurationMs":0}
[22:58:54.219] WARN: txe:top_level_context Could not find function artifact in contract Billboard for function '0x609f9c98' when enriching error callstack
[22:58:55.714] INFO: kv-store:lmdb-v2 Starting data store with maxReaders 2
[22:58:55.715] INFO: world-state:database Creating world state data store at directory /var/folders/ym/q1vh2x5n58xbsmpmvs5_6w3r0000gn/T/aztec-world-state-RWzFBA/world_state with map sizes {"archiveTreeMapSizeKb":10485760,"nullifierTreeMapSizeKb":10485760,"noteHashTreeMapSizeKb":10485760,"messageTreeMapSizeKb":10485760,"publicDataTreeMapSizeKb":10485760} and 12 threads (ephemeral=true).
[22:58:55.725] INFO: txe_node Aztec Node version: txe
[22:58:55.725] INFO: txe_node Aztec Node started on chain 0x1
[22:58:55.737] INFO: txe:top_level_context Created block 1 with timestamp 1789192735
[22:58:55.777] INFO: txe:top_level_context Created block 2 with timestamp 1789192735
[22:58:55.817] INFO: simulator:public-processor Processed 1 successful txs and 0 failed txs (0 silently skipped, 0ms wasted) in 0.0061576659999991535s {"blockNumber":3,"successfulCount":1,"failedCount":0,"duration":0.0061576659999991535,"rate":19328589.761123184,"totalPublicGas":{"daGas":0,"l2Gas":119019},"totalBlockGas":{"daGas":0,"l2Gas":119019},"totalSizeInBytes":128,"silentlySkippedCount":0,"silentlySkippedDurationMs":0}
[22:58:55.818] WARN: txe:top_level_context Could not find function artifact in contract Billboard for function '0x609f9c98' when enriching error callstack
[billboard_test] Testing test_init_rejects_zero_max_save_up ... [0m[32mok[0m
[billboard_test] Testing test_init_rejects_zero_min_deposit ... [0m[32mok[0m
[22:58:57.278] INFO: kv-store:lmdb-v2 Starting data store with maxReaders 2
[22:58:57.279] INFO: world-state:database Creating world state data store at directory /var/folders/ym/q1vh2x5n58xbsmpmvs5_6w3r0000gn/T/aztec-world-state-0xu32j/world_state with map sizes {"archiveTreeMapSizeKb":10485760,"nullifierTreeMapSizeKb":10485760,"noteHashTreeMapSizeKb":10485760,"messageTreeMapSizeKb":10485760,"publicDataTreeMapSizeKb":10485760} and 12 threads (ephemeral=true).
[22:58:57.287] INFO: txe_node Aztec Node version: txe
[22:58:57.287] INFO: txe_node Aztec Node started on chain 0x1
[22:58:57.299] INFO: txe:top_level_context Created block 1 with timestamp 1789192737
[22:58:57.338] INFO: txe:top_level_context Created block 2 with timestamp 1789192737
[22:58:57.377] INFO: simulator:public-processor Processed 1 successful txs and 0 failed txs (0 silently skipped, 0ms wasted) in 0.005824042000007466s {"blockNumber":3,"successfulCount":1,"failedCount":0,"duration":0.005824042000007466,"rate":20382751.36062683,"totalPublicGas":{"daGas":0,"l2Gas":118710},"totalBlockGas":{"daGas":0,"l2Gas":118710},"totalSizeInBytes":128,"silentlySkippedCount":0,"silentlySkippedDurationMs":0}
[22:58:57.378] WARN: txe:top_level_context Could not find function artifact in contract Billboard for function '0x609f9c98' when enriching error callstack
[22:58:58.855] INFO: kv-store:lmdb-v2 Starting data store with maxReaders 2
[22:58:58.855] INFO: world-state:database Creating world state data store at directory /var/folders/ym/q1vh2x5n58xbsmpmvs5_6w3r0000gn/T/aztec-world-state-x0aeyt/world_state with map sizes {"archiveTreeMapSizeKb":10485760,"nullifierTreeMapSizeKb":10485760,"noteHashTreeMapSizeKb":10485760,"messageTreeMapSizeKb":10485760,"publicDataTreeMapSizeKb":10485760} and 12 threads (ephemeral=true).
[22:58:58.864] INFO: txe_node Aztec Node version: txe
[22:58:58.864] INFO: txe_node Aztec Node started on chain 0x1
[22:58:58.876] INFO: txe:top_level_context Created block 1 with timestamp 1789192738
[22:58:58.907] INFO: txe:top_level_context Created block 2 with timestamp 1789192738
[22:58:58.974] INFO: simulator:public-processor Processed 1 successful txs and 0 failed txs (0 silently skipped, 0ms wasted) in 0.03108849999999802s {"blockNumber":3,"successfulCount":1,"failedCount":0,"duration":0.03108849999999802,"rate":69714042.16993865,"totalPublicGas":{"daGas":3776,"l2Gas":2167305},"totalBlockGas":{"daGas":3776,"l2Gas":2167305},"totalSizeInBytes":3904,"silentlySkippedCount":0,"silentlySkippedDurationMs":0}
[22:58:59.010] INFO: simulator:public-processor Processed 1 successful txs and 0 failed txs (0 silently skipped, 0ms wasted) in 0.00427966600000218s {"blockNumber":4,"successfulCount":1,"failedCount":0,"duration":0.00427966600000218,"rate":1842900.8245026555,"totalPublicGas":{"daGas":0,"l2Gas":7887},"totalBlockGas":{"daGas":0,"l2Gas":7887},"totalSizeInBytes":128,"silentlySkippedCount":0,"silentlySkippedDurationMs":0}
[22:58:59.031] INFO: simulator:public-processor Processed 1 successful txs and 0 failed txs (0 silently skipped, 0ms wasted) in 0.004414457999999286s {"blockNumber":4,"successfulCount":1,"failedCount":0,"duration":0.004414457999999286,"rate":1804978.096971653,"totalPublicGas":{"daGas":0,"l2Gas":7968},"totalBlockGas":{"daGas":0,"l2Gas":7968},"totalSizeInBytes":128,"silentlySkippedCount":0,"silentlySkippedDurationMs":0}
[22:58:59.051] INFO: simulator:public-processor Processed 1 successful txs and 0 failed txs (0 silently skipped, 0ms wasted) in 0.004325958000001265s {"blockNumber":4,"successfulCount":1,"failedCount":0,"duration":0.004325958000001265,"rate":1748283.2704334597,"totalPublicGas":{"daGas":0,"l2Gas":7563},"totalBlockGas":{"daGas":0,"l2Gas":7563},"totalSizeInBytes":128,"silentlySkippedCount":0,"silentlySkippedDurationMs":0}
[22:58:59.072] INFO: simulator:public-processor Processed 1 successful txs and 0 failed txs (0 silently skipped, 0ms wasted) in 0.004492209000003641s {"blockNumber":4,"successfulCount":1,"failedCount":0,"duration":0.004492209000003641,"rate":1701612.7254973678,"totalPublicGas":{"daGas":0,"l2Gas":7644},"totalBlockGas":{"daGas":0,"l2Gas":7644},"totalSizeInBytes":128,"silentlySkippedCount":0,"silentlySkippedDurationMs":0}
[22:58:59.092] INFO: simulator:public-processor Processed 1 successful txs and 0 failed txs (0 silently skipped, 0ms wasted) in 0.004229542000000947s {"blockNumber":4,"successfulCount":1,"failedCount":0,"duration":0.004229542000000947,"rate":1826438.8910189967,"totalPublicGas":{"daGas":0,"l2Gas":7725},"totalBlockGas":{"daGas":0,"l2Gas":7725},"totalSizeInBytes":128,"silentlySkippedCount":0,"silentlySkippedDurationMs":0}
[22:58:59.113] INFO: simulator:public-processor Processed 1 successful txs and 0 failed txs (0 silently skipped, 0ms wasted) in 0.004306458000006387s {"blockNumber":4,"successfulCount":1,"failedCount":0,"duration":0.004306458000006387,"rate":1720671.605293494,"totalPublicGas":{"daGas":0,"l2Gas":7410},"totalBlockGas":{"daGas":0,"l2Gas":7410},"totalSizeInBytes":128,"silentlySkippedCount":0,"silentlySkippedDurationMs":0}
[22:58:59.133] INFO: simulator:public-processor Processed 1 successful txs and 0 failed txs (0 silently skipped, 0ms wasted) in 0.00437050000000454s {"blockNumber":4,"successfulCount":1,"failedCount":0,"duration":0.00437050000000454,"rate":1769591.5799089272,"totalPublicGas":{"daGas":0,"l2Gas":7734},"totalBlockGas":{"daGas":0,"l2Gas":7734},"totalSizeInBytes":128,"silentlySkippedCount":0,"silentlySkippedDurationMs":0}
[22:58:59.154] INFO: simulator:public-processor Processed 1 successful txs and 0 failed txs (0 silently skipped, 0ms wasted) in 0.0041904999999969736s {"blockNumber":4,"successfulCount":1,"failedCount":0,"duration":0.0041904999999969736,"rate":1669490.5142596473,"totalPublicGas":{"daGas":0,"l2Gas":6996},"totalBlockGas":{"daGas":0,"l2Gas":6996},"totalSizeInBytes":128,"silentlySkippedCount":0,"silentlySkippedDurationMs":0}
[22:58:59.174] INFO: simulator:public-processor Processed 1 successful txs and 0 failed txs (0 silently skipped, 0ms wasted) in 0.004467125000010128s {"blockNumber":4,"successfulCount":1,"failedCount":0,"duration":0.004467125000010128,"rate":1834737.1071956612,"totalPublicGas":{"daGas":0,"l2Gas":8196},"totalBlockGas":{"daGas":0,"l2Gas":8196},"totalSizeInBytes":128,"silentlySkippedCount":0,"silentlySkippedDurationMs":0}
[billboard_test] Testing test_init_sets_all_parameters ... [0m[32mok[0m
[billboard_test] Testing test_init_sets_empty_policy ... [0m[32mok[0m
[22:59:00.650] INFO: kv-store:lmdb-v2 Starting data store with maxReaders 2
[22:59:00.651] INFO: world-state:database Creating world state data store at directory /var/folders/ym/q1vh2x5n58xbsmpmvs5_6w3r0000gn/T/aztec-world-state-cV0wmt/world_state with map sizes {"archiveTreeMapSizeKb":10485760,"nullifierTreeMapSizeKb":10485760,"noteHashTreeMapSizeKb":10485760,"messageTreeMapSizeKb":10485760,"publicDataTreeMapSizeKb":10485760} and 12 threads (ephemeral=true).
[22:59:00.660] INFO: txe_node Aztec Node version: txe
[22:59:00.660] INFO: txe_node Aztec Node started on chain 0x1
[22:59:00.672] INFO: txe:top_level_context Created block 1 with timestamp 1789192740
[22:59:00.705] INFO: txe:top_level_context Created block 2 with timestamp 1789192740
[22:59:00.768] INFO: simulator:public-processor Processed 1 successful txs and 0 failed txs (0 silently skipped, 0ms wasted) in 0.02807479099999182s {"blockNumber":3,"successfulCount":1,"failedCount":0,"duration":0.02807479099999182,"rate":77197547.0806045,"totalPublicGas":{"daGas":3776,"l2Gas":2167305},"totalBlockGas":{"daGas":3776,"l2Gas":2167305},"totalSizeInBytes":3904,"silentlySkippedCount":0,"silentlySkippedDurationMs":0}
[22:59:00.807] INFO: simulator:public-processor Processed 1 successful txs and 0 failed txs (0 silently skipped, 0ms wasted) in 0.007303415999995195s {"blockNumber":4,"successfulCount":1,"failedCount":0,"duration":0.007303415999995195,"rate":15767690.07818749,"totalPublicGas":{"daGas":0,"l2Gas":115158},"totalBlockGas":{"daGas":0,"l2Gas":115158},"totalSizeInBytes":128,"silentlySkippedCount":0,"silentlySkippedDurationMs":0}
[billboard_test] Testing test_init_sets_nonempty_policy ... [0m[32mok[0m
[22:59:02.275] INFO: kv-store:lmdb-v2 Starting data store with maxReaders 2
[22:59:02.275] INFO: world-state:database Creating world state data store at directory /var/folders/ym/q1vh2x5n58xbsmpmvs5_6w3r0000gn/T/aztec-world-state-4favUj/world_state with map sizes {"archiveTreeMapSizeKb":10485760,"nullifierTreeMapSizeKb":10485760,"noteHashTreeMapSizeKb":10485760,"messageTreeMapSizeKb":10485760,"publicDataTreeMapSizeKb":10485760} and 12 threads (ephemeral=true).
[22:59:02.284] INFO: txe_node Aztec Node version: txe
[22:59:02.284] INFO: txe_node Aztec Node started on chain 0x1
[22:59:02.296] INFO: txe:top_level_context Created block 1 with timestamp 1789192742
[22:59:02.336] INFO: txe:top_level_context Created block 2 with timestamp 1789192742
[22:59:02.397] INFO: simulator:public-processor Processed 1 successful txs and 0 failed txs (0 silently skipped, 0ms wasted) in 0.027781624999988708s {"blockNumber":3,"successfulCount":1,"failedCount":0,"duration":0.027781624999988708,"rate":78012175.31375076,"totalPublicGas":{"daGas":3776,"l2Gas":2167305},"totalBlockGas":{"daGas":3776,"l2Gas":2167305},"totalSizeInBytes":3904,"silentlySkippedCount":0,"silentlySkippedDurationMs":0}
[22:59:02.435] INFO: simulator:public-processor Processed 1 successful txs and 0 failed txs (0 silently skipped, 0ms wasted) in 0.007089000000007218s {"blockNumber":4,"successfulCount":1,"failedCount":0,"duration":0.007089000000007218,"rate":16244604.316530222,"totalPublicGas":{"daGas":0,"l2Gas":115158},"totalBlockGas":{"daGas":0,"l2Gas":115158},"totalSizeInBytes":128,"silentlySkippedCount":0,"silentlySkippedDurationMs":0}
[22:59:03.940] INFO: kv-store:lmdb-v2 Starting data store with maxReaders 2
[22:59:03.941] INFO: world-state:database Creating world state data store at directory /var/folders/ym/q1vh2x5n58xbsmpmvs5_6w3r0000gn/T/aztec-world-state-lk1IKw/world_state with map sizes {"archiveTreeMapSizeKb":10485760,"nullifierTreeMapSizeKb":10485760,"noteHashTreeMapSizeKb":10485760,"messageTreeMapSizeKb":10485760,"publicDataTreeMapSizeKb":10485760} and 12 threads (ephemeral=true).
[22:59:03.950] INFO: txe_node Aztec Node version: txe
[22:59:03.950] INFO: txe_node Aztec Node started on chain 0x1
[22:59:03.962] INFO: txe:top_level_context Created block 1 with timestamp 1789192743
[22:59:03.999] INFO: txe:top_level_context Created block 2 with timestamp 1789192743
[22:59:04.060] INFO: simulator:public-processor Processed 1 successful txs and 0 failed txs (0 silently skipped, 0ms wasted) in 0.028582292000006417s {"blockNumber":3,"successfulCount":1,"failedCount":0,"duration":0.028582292000006417,"rate":75826844.11731268,"totalPublicGas":{"daGas":3776,"l2Gas":2167305},"totalBlockGas":{"daGas":3776,"l2Gas":2167305},"totalSizeInBytes":3904,"silentlySkippedCount":0,"silentlySkippedDurationMs":0}
[22:59:04.088] INFO: txe:top_level_context Created block 4 with timestamp 1789192743
[22:59:04.251] INFO: simulator:public-processor Processed 1 successful txs and 0 failed txs (0 silently skipped, 0ms wasted) in 0.0035518750000046568s {"blockNumber":5,"successfulCount":1,"failedCount":0,"duration":0.0035518750000046568,"rate":0,"totalPublicGas":{"daGas":0,"l2Gas":0},"totalBlockGas":{"daGas":1984,"l2Gas":529900},"totalSizeInBytes":1984,"silentlySkippedCount":0,"silentlySkippedDurationMs":0}
[22:59:04.278] INFO: txe:top_level_context Created block 6 with timestamp 1789196344
[22:59:04.727] INFO: simulator:public-processor Processed 1 successful txs and 0 failed txs (0 silently skipped, 0ms wasted) in 0.019628291999993962s {"blockNumber":7,"successfulCount":1,"failedCount":0,"duration":0.019628291999993962,"rate":60937497.77109327,"totalPublicGas":{"daGas":2176,"l2Gas":1196099},"totalBlockGas":{"daGas":3552,"l2Gas":1922849},"totalSizeInBytes":3552,"silentlySkippedCount":0,"silentlySkippedDurationMs":0}
[22:59:04.755] INFO: txe:top_level_context Created block 8 with timestamp 1789296344
[22:59:05.243] INFO: simulator:public-processor Processed 1 successful txs and 0 failed txs (0 silently skipped, 0ms wasted) in 0.02033150000000023s {"blockNumber":9,"successfulCount":1,"failedCount":0,"duration":0.02033150000000023,"rate":58829845.31392108,"totalPublicGas":{"daGas":2176,"l2Gas":1196099},"totalBlockGas":{"daGas":3552,"l2Gas":1922849},"totalSizeInBytes":3552,"silentlySkippedCount":0,"silentlySkippedDurationMs":0}
[22:59:05.279] INFO: simulator:public-processor Processed 1 successful txs and 0 failed txs (0 silently skipped, 0ms wasted) in 0.004369916999989073s {"blockNumber":10,"successfulCount":1,"failedCount":0,"duration":0.004369916999989073,"rate":1600945.7387903463,"totalPublicGas":{"daGas":0,"l2Gas":6996},"totalBlockGas":{"daGas":0,"l2Gas":6996},"totalSizeInBytes":128,"silentlySkippedCount":0,"silentlySkippedDurationMs":0}
[22:59:05.291] INFO: txe:top_level_context Created block 10 with timestamp 1789296345
[billboard_test] Testing test_save_up_allows_burst_after_dormancy ... [0m[32mok[0m
[22:59:05.737] INFO: simulator:public-processor Processed 1 successful txs and 0 failed txs (0 silently skipped, 0ms wasted) in 0.01974404200000572s {"blockNumber":11,"successfulCount":1,"failedCount":0,"duration":0.01974404200000572,"rate":60580249.981217295,"totalPublicGas":{"daGas":2176,"l2Gas":1196099},"totalBlockGas":{"daGas":3552,"l2Gas":1922849},"totalSizeInBytes":3552,"silentlySkippedCount":0,"silentlySkippedDurationMs":0}
[22:59:05.773] INFO: simulator:public-processor Processed 1 successful txs and 0 failed txs (0 silently skipped, 0ms wasted) in 0.004561707999993814s {"blockNumber":12,"successfulCount":1,"failedCount":0,"duration":0.004561707999993814,"rate":1533636.0854332384,"totalPublicGas":{"daGas":0,"l2Gas":6996},"totalBlockGas":{"daGas":0,"l2Gas":6996},"totalSizeInBytes":128,"silentlySkippedCount":0,"silentlySkippedDurationMs":0}
[22:59:07.294] INFO: kv-store:lmdb-v2 Starting data store with maxReaders 2
[22:59:07.294] INFO: world-state:database Creating world state data store at directory /var/folders/ym/q1vh2x5n58xbsmpmvs5_6w3r0000gn/T/aztec-world-state-nsNSwL/world_state with map sizes {"archiveTreeMapSizeKb":10485760,"nullifierTreeMapSizeKb":10485760,"noteHashTreeMapSizeKb":10485760,"messageTreeMapSizeKb":10485760,"publicDataTreeMapSizeKb":10485760} and 12 threads (ephemeral=true).
[22:59:07.303] INFO: txe_node Aztec Node version: txe
[22:59:07.303] INFO: txe_node Aztec Node started on chain 0x1
[22:59:07.315] INFO: txe:top_level_context Created block 1 with timestamp 1789192747
[22:59:07.347] INFO: txe:top_level_context Created block 2 with timestamp 1789192747
[22:59:07.409] INFO: simulator:public-processor Processed 1 successful txs and 0 failed txs (0 silently skipped, 0ms wasted) in 0.02846754100000544s {"blockNumber":3,"successfulCount":1,"failedCount":0,"duration":0.02846754100000544,"rate":76132497.7102724,"totalPublicGas":{"daGas":3776,"l2Gas":2167305},"totalBlockGas":{"daGas":3776,"l2Gas":2167305},"totalSizeInBytes":3904,"silentlySkippedCount":0,"silentlySkippedDurationMs":0}
[22:59:07.437] INFO: txe:top_level_context Created block 4 with timestamp 1789192747
[22:59:07.593] INFO: simulator:public-processor Processed 1 successful txs and 0 failed txs (0 silently skipped, 0ms wasted) in 0.0037758749999920837s {"blockNumber":5,"successfulCount":1,"failedCount":0,"duration":0.0037758749999920837,"rate":0,"totalPublicGas":{"daGas":0,"l2Gas":0},"totalBlockGas":{"daGas":1984,"l2Gas":529900},"totalSizeInBytes":1984,"silentlySkippedCount":0,"silentlySkippedDurationMs":0}
[22:59:07.621] INFO: txe:top_level_context Created block 6 with timestamp 1789196348
[22:59:08.064] INFO: simulator:public-processor Processed 1 successful txs and 0 failed txs (0 silently skipped, 0ms wasted) in 0.019681042000011074s {"blockNumber":7,"successfulCount":1,"failedCount":0,"duration":0.019681042000011074,"rate":60774170.39196029,"totalPublicGas":{"daGas":2176,"l2Gas":1196099},"totalBlockGas":{"daGas":3552,"l2Gas":1922849},"totalSizeInBytes":3552,"silentlySkippedCount":0,"silentlySkippedDurationMs":0}
[22:59:08.092] INFO: txe:top_level_context Created block 8 with timestamp 1789296348
[22:59:08.112] INFO: txe:top_level_context Created block 9 with timestamp 1789296348
[22:59:08.563] INFO: simulator:public-processor Processed 1 successful txs and 0 failed txs (0 silently skipped, 0ms wasted) in 0.019732875000001513s {"blockNumber":10,"successfulCount":1,"failedCount":0,"duration":0.019732875000001513,"rate":60614532.85443243,"totalPublicGas":{"daGas":2176,"l2Gas":1196099},"totalBlockGas":{"daGas":3552,"l2Gas":1922849},"totalSizeInBytes":3552,"silentlySkippedCount":0,"silentlySkippedDurationMs":0}
[22:59:08.591] INFO: txe:top_level_context Created block 11 with timestamp 1789296349
[22:59:09.033] INFO: simulator:public-processor Processed 1 successful txs and 0 failed txs (0 silently skipped, 0ms wasted) in 0.019691167000011774s {"blockNumber":12,"successfulCount":1,"failedCount":0,"duration":0.019691167000011774,"rate":60742920.92486366,"totalPublicGas":{"daGas":2176,"l2Gas":1196099},"totalBlockGas":{"daGas":3552,"l2Gas":1922849},"totalSizeInBytes":3552,"silentlySkippedCount":0,"silentlySkippedDurationMs":0}
[22:59:09.062] INFO: txe:top_level_context Created block 13 with timestamp 1789296350
[22:59:09.519] INFO: simulator:public-processor Processed 1 successful txs and 0 failed txs (0 silently skipped, 0ms wasted) in 0.019935291000001597s {"blockNumber":14,"successfulCount":1,"failedCount":0,"duration":0.019935291000001597,"rate":59999074.00398139,"totalPublicGas":{"daGas":2176,"l2Gas":1196099},"totalBlockGas":{"daGas":3552,"l2Gas":1922849},"totalSizeInBytes":3552,"silentlySkippedCount":0,"silentlySkippedDurationMs":0}
[22:59:09.548] INFO: txe:top_level_context Created block 15 with timestamp 1789296351
[22:59:09.991] INFO: simulator:public-processor Processed 1 successful txs and 0 failed txs (0 silently skipped, 0ms wasted) in 0.019921916999999668s {"blockNumber":16,"successfulCount":1,"failedCount":0,"duration":0.019921916999999668,"rate":60039352.638605006,"totalPublicGas":{"daGas":2176,"l2Gas":1196099},"totalBlockGas":{"daGas":3552,"l2Gas":1922849},"totalSizeInBytes":3552,"silentlySkippedCount":0,"silentlySkippedDurationMs":0}
[22:59:10.019] INFO: txe:top_level_context Created block 17 with timestamp 1789296352
[22:59:10.460] INFO: simulator:public-processor Processed 1 successful txs and 0 failed txs (0 silently skipped, 0ms wasted) in 0.019927708000002896s {"blockNumber":18,"successfulCount":1,"failedCount":0,"duration":0.019927708000002896,"rate":60021905.17844933,"totalPublicGas":{"daGas":2176,"l2Gas":1196099},"totalBlockGas":{"daGas":3552,"l2Gas":1922849},"totalSizeInBytes":3552,"silentlySkippedCount":0,"silentlySkippedDurationMs":0}
[22:59:10.489] INFO: txe:top_level_context Created block 19 with timestamp 1789296353
[22:59:10.929] INFO: simulator:public-processor Processed 1 successful txs and 0 failed txs (0 silently skipped, 0ms wasted) in 0.020318166999990353s {"blockNumber":20,"successfulCount":1,"failedCount":0,"duration":0.020318166999990353,"rate":58868450.09200721,"totalPublicGas":{"daGas":2176,"l2Gas":1196099},"totalBlockGas":{"daGas":3552,"l2Gas":1922849},"totalSizeInBytes":3552,"silentlySkippedCount":0,"silentlySkippedDurationMs":0}
[22:59:10.957] INFO: txe:top_level_context Created block 21 with timestamp 1789296354
[22:59:11.400] INFO: simulator:public-processor Processed 1 successful txs and 0 failed txs (0 silently skipped, 0ms wasted) in 0.020192957999999636s {"blockNumber":22,"successfulCount":1,"failedCount":0,"duration":0.020192957999999636,"rate":59233471.391364336,"totalPublicGas":{"daGas":2176,"l2Gas":1196099},"totalBlockGas":{"daGas":3552,"l2Gas":1922849},"totalSizeInBytes":3552,"silentlySkippedCount":0,"silentlySkippedDurationMs":0}
[22:59:11.429] INFO: txe:top_level_context Created block 23 with timestamp 1789296355
[22:59:11.875] INFO: simulator:public-processor Processed 1 successful txs and 0 failed txs (0 silently skipped, 0ms wasted) in 0.019986416999992797s {"blockNumber":24,"successfulCount":1,"failedCount":0,"duration":0.019986416999992797,"rate":59845594.13527853,"totalPublicGas":{"daGas":2176,"l2Gas":1196099},"totalBlockGas":{"daGas":3552,"l2Gas":1922849},"totalSizeInBytes":3552,"silentlySkippedCount":0,"silentlySkippedDurationMs":0}
[22:59:11.903] INFO: txe:top_level_context Created block 25 with timestamp 1789296356
[22:59:12.347] INFO: simulator:public-processor Processed 1 successful txs and 0 failed txs (0 silently skipped, 0ms wasted) in 0.020302041999995708s {"blockNumber":26,"successfulCount":1,"failedCount":0,"duration":0.020302041999995708,"rate":58915206.657549664,"totalPublicGas":{"daGas":2176,"l2Gas":1196099},"totalBlockGas":{"daGas":3552,"l2Gas":1922849},"totalSizeInBytes":3552,"silentlySkippedCount":0,"silentlySkippedDurationMs":0}
[22:59:12.376] INFO: txe:top_level_context Created block 27 with timestamp 1789296357
[22:59:12.826] INFO: simulator:public-processor Processed 1 successful txs and 0 failed txs (0 silently skipped, 0ms wasted) in 0.020388332999995328s {"blockNumber":28,"successfulCount":1,"failedCount":0,"duration":0.020388332999995328,"rate":58665855.614594586,"totalPublicGas":{"daGas":2176,"l2Gas":1196099},"totalBlockGas":{"daGas":3552,"l2Gas":1922849},"totalSizeInBytes":3552,"silentlySkippedCount":0,"silentlySkippedDurationMs":0}
[22:59:12.854] INFO: txe:top_level_context Created block 29 with timestamp 1789296358
[22:59:13.298] INFO: simulator:public-processor Processed 1 successful txs and 0 failed txs (0 silently skipped, 0ms wasted) in 0.019982457999998586s {"blockNumber":30,"successfulCount":1,"failedCount":0,"duration":0.019982457999998586,"rate":59857450.97025024,"totalPublicGas":{"daGas":2176,"l2Gas":1196099},"totalBlockGas":{"daGas":3552,"l2Gas":1922849},"totalSizeInBytes":3552,"silentlySkippedCount":0,"silentlySkippedDurationMs":0}
[22:59:13.327] INFO: txe:top_level_context Created block 31 with timestamp 1789296359
[22:59:13.775] INFO: simulator:public-processor Processed 1 successful txs and 0 failed txs (0 silently skipped, 0ms wasted) in 0.020132291000001714s {"blockNumber":32,"successfulCount":1,"failedCount":0,"duration":0.020132291000001714,"rate":59411966.57647648,"totalPublicGas":{"daGas":2176,"l2Gas":1196099},"totalBlockGas":{"daGas":3552,"l2Gas":1922849},"totalSizeInBytes":3552,"silentlySkippedCount":0,"silentlySkippedDurationMs":0}
[22:59:13.804] INFO: txe:top_level_context Created block 33 with timestamp 1789296360
[22:59:14.260] INFO: simulator:public-processor Processed 1 successful txs and 0 failed txs (0 silently skipped, 0ms wasted) in 0.02020004200001131s {"blockNumber":34,"successfulCount":1,"failedCount":0,"duration":0.02020004200001131,"rate":59212698.66663299,"totalPublicGas":{"daGas":2176,"l2Gas":1196099},"totalBlockGas":{"daGas":3552,"l2Gas":1922849},"totalSizeInBytes":3552,"silentlySkippedCount":0,"silentlySkippedDurationMs":0}
[22:59:14.289] INFO: txe:top_level_context Created block 35 with timestamp 1789296361
[22:59:14.731] INFO: simulator:public-processor Processed 1 successful txs and 0 failed txs (0 silently skipped, 0ms wasted) in 0.019687000000005356s {"blockNumber":36,"successfulCount":1,"failedCount":0,"duration":0.019687000000005356,"rate":60755777.92450219,"totalPublicGas":{"daGas":2176,"l2Gas":1196099},"totalBlockGas":{"daGas":3552,"l2Gas":1922849},"totalSizeInBytes":3552,"silentlySkippedCount":0,"silentlySkippedDurationMs":0}
[22:59:14.759] INFO: txe:top_level_context Created block 37 with timestamp 1789296362
[22:59:15.201] INFO: simulator:public-processor Processed 1 successful txs and 0 failed txs (0 silently skipped, 0ms wasted) in 0.02047766600000614s {"blockNumber":38,"successfulCount":1,"failedCount":0,"duration":0.02047766600000614,"rate":58409928.162694,"totalPublicGas":{"daGas":2176,"l2Gas":1196099},"totalBlockGas":{"daGas":3552,"l2Gas":1922849},"totalSizeInBytes":3552,"silentlySkippedCount":0,"silentlySkippedDurationMs":0}
[22:59:15.230] INFO: txe:top_level_context Created block 39 with timestamp 1789296363
[22:59:15.674] INFO: simulator:public-processor Processed 1 successful txs and 0 failed txs (0 silently skipped, 0ms wasted) in 0.019811874999999417s {"blockNumber":40,"successfulCount":1,"failedCount":0,"duration":0.019811874999999417,"rate":60372831.9505365,"totalPublicGas":{"daGas":2176,"l2Gas":1196099},"totalBlockGas":{"daGas":3552,"l2Gas":1922849},"totalSizeInBytes":3552,"silentlySkippedCount":0,"silentlySkippedDurationMs":0}
[22:59:15.703] INFO: txe:top_level_context Created block 41 with timestamp 1789296364
[22:59:16.149] INFO: simulator:public-processor Processed 1 successful txs and 0 failed txs (0 silently skipped, 0ms wasted) in 0.020235750000007102s {"blockNumber":42,"successfulCount":1,"failedCount":0,"duration":0.020235750000007102,"rate":59108211.95159953,"totalPublicGas":{"daGas":2176,"l2Gas":1196099},"totalBlockGas":{"daGas":3552,"l2Gas":1922849},"totalSizeInBytes":3552,"silentlySkippedCount":0,"silentlySkippedDurationMs":0}
[22:59:16.178] INFO: txe:top_level_context Created block 43 with timestamp 1789296365
[billboard_test] Testing test_save_up_prevents_excessive_burst ... [0m[32mok[0m
[billboard_test] Testing test_set_moderation_policy_by_censor ... [0m[32mok[0m
[22:59:18.038] INFO: kv-store:lmdb-v2 Starting data store with maxReaders 2
[22:59:18.039] INFO: world-state:database Creating world state data store at directory /var/folders/ym/q1vh2x5n58xbsmpmvs5_6w3r0000gn/T/aztec-world-state-qtZ3Tv/world_state with map sizes {"archiveTreeMapSizeKb":10485760,"nullifierTreeMapSizeKb":10485760,"noteHashTreeMapSizeKb":10485760,"messageTreeMapSizeKb":10485760,"publicDataTreeMapSizeKb":10485760} and 12 threads (ephemeral=true).
[22:59:18.048] INFO: txe_node Aztec Node version: txe
[22:59:18.048] INFO: txe_node Aztec Node started on chain 0x1
[22:59:18.060] INFO: txe:top_level_context Created block 1 with timestamp 1789192758
[22:59:18.092] INFO: txe:top_level_context Created block 2 with timestamp 1789192758
[22:59:18.154] INFO: simulator:public-processor Processed 1 successful txs and 0 failed txs (0 silently skipped, 0ms wasted) in 0.02837666700000409s {"blockNumber":3,"successfulCount":1,"failedCount":0,"duration":0.02837666700000409,"rate":76376305.92767246,"totalPublicGas":{"daGas":3776,"l2Gas":2167305},"totalBlockGas":{"daGas":3776,"l2Gas":2167305},"totalSizeInBytes":3904,"silentlySkippedCount":0,"silentlySkippedDurationMs":0}
[22:59:18.208] INFO: simulator:public-processor Processed 1 successful txs and 0 failed txs (0 silently skipped, 0ms wasted) in 0.02238862500000687s {"blockNumber":4,"successfulCount":1,"failedCount":0,"duration":0.02238862500000687,"rate":76859744.62475798,"totalPublicGas":{"daGas":3136,"l2Gas":1720784},"totalBlockGas":{"daGas":3136,"l2Gas":1720784},"totalSizeInBytes":3264,"silentlySkippedCount":0,"silentlySkippedDurationMs":0}
[22:59:18.246] INFO: simulator:public-processor Processed 1 successful txs and 0 failed txs (0 silently skipped, 0ms wasted) in 0.007222500000003493s {"blockNumber":5,"successfulCount":1,"failedCount":0,"duration":0.007222500000003493,"rate":15944340.602276817,"totalPublicGas":{"daGas":0,"l2Gas":115158},"totalBlockGas":{"daGas":0,"l2Gas":115158},"totalSizeInBytes":128,"silentlySkippedCount":0,"silentlySkippedDurationMs":0}
[billboard_test] Testing test_set_moderation_policy_fails_when_no_censor ... [0m[32mok[0m
[22:59:19.704] INFO: kv-store:lmdb-v2 Starting data store with maxReaders 2
[22:59:19.705] INFO: world-state:database Creating world state data store at directory /var/folders/ym/q1vh2x5n58xbsmpmvs5_6w3r0000gn/T/aztec-world-state-LQXivM/world_state with map sizes {"archiveTreeMapSizeKb":10485760,"nullifierTreeMapSizeKb":10485760,"noteHashTreeMapSizeKb":10485760,"messageTreeMapSizeKb":10485760,"publicDataTreeMapSizeKb":10485760} and 12 threads (ephemeral=true).
[22:59:19.714] INFO: txe_node Aztec Node version: txe
[22:59:19.714] INFO: txe_node Aztec Node started on chain 0x1
[22:59:19.726] INFO: txe:top_level_context Created block 1 with timestamp 1789192759
[22:59:19.754] INFO: txe:top_level_context Created block 2 with timestamp 1789192759
[22:59:19.815] INFO: simulator:public-processor Processed 1 successful txs and 0 failed txs (0 silently skipped, 0ms wasted) in 0.028342957999993815s {"blockNumber":3,"successfulCount":1,"failedCount":0,"duration":0.028342957999993815,"rate":76467142.20867395,"totalPublicGas":{"daGas":3776,"l2Gas":2167305},"totalBlockGas":{"daGas":3776,"l2Gas":2167305},"totalSizeInBytes":3904,"silentlySkippedCount":0,"silentlySkippedDurationMs":0}
[22:59:19.855] INFO: simulator:public-processor Processed 1 successful txs and 0 failed txs (0 silently skipped, 0ms wasted) in 0.005501499999998487s {"blockNumber":4,"successfulCount":1,"failedCount":0,"duration":0.005501499999998487,"rate":7425429.428339768,"totalPublicGas":{"daGas":0,"l2Gas":40851},"totalBlockGas":{"daGas":0,"l2Gas":40851},"totalSizeInBytes":128,"silentlySkippedCount":0,"silentlySkippedDurationMs":0}
[22:59:19.856] WARN: txe:top_level_context Could not find function artifact in contract Billboard for function '0xca42e93e' when enriching error callstack
[22:59:21.317] INFO: kv-store:lmdb-v2 Starting data store with maxReaders 2
[22:59:21.318] INFO: world-state:database Creating world state data store at directory /var/folders/ym/q1vh2x5n58xbsmpmvs5_6w3r0000gn/T/aztec-world-state-gpfG7p/world_state with map sizes {"archiveTreeMapSizeKb":10485760,"nullifierTreeMapSizeKb":10485760,"noteHashTreeMapSizeKb":10485760,"messageTreeMapSizeKb":10485760,"publicDataTreeMapSizeKb":10485760} and 12 threads (ephemeral=true).
[22:59:21.326] INFO: txe_node Aztec Node version: txe
[22:59:21.326] INFO: txe_node Aztec Node started on chain 0x1
[22:59:21.338] INFO: txe:top_level_context Created block 1 with timestamp 1789192761
[22:59:21.368] INFO: txe:top_level_context Created block 2 with timestamp 1789192761
[22:59:21.431] INFO: simulator:public-processor Processed 1 successful txs and 0 failed txs (0 silently skipped, 0ms wasted) in 0.02960908300000301s {"blockNumber":3,"successfulCount":1,"failedCount":0,"duration":0.02960908300000301,"rate":73197302.32779515,"totalPublicGas":{"daGas":3776,"l2Gas":2167305},"totalBlockGas":{"daGas":3776,"l2Gas":2167305},"totalSizeInBytes":3904,"silentlySkippedCount":0,"silentlySkippedDurationMs":0}
[22:59:21.471] INFO: simulator:public-processor Processed 1 successful txs and 0 failed txs (0 silently skipped, 0ms wasted) in 0.005107583999997587s {"blockNumber":4,"successfulCount":1,"failedCount":0,"duration":0.005107583999997587,"rate":7998106.345391343,"totalPublicGas":{"daGas":0,"l2Gas":40851},"totalBlockGas":{"daGas":0,"l2Gas":40851},"totalSizeInBytes":128,"silentlySkippedCount":0,"silentlySkippedDurationMs":0}
[22:59:21.472] WARN: txe:top_level_context Could not find function artifact in contract Billboard for function '0xca42e93e' when enriching error callstack
[billboard_test] Testing test_set_moderation_policy_rejects_non_censor ... [0m[32mok[0m
[billboard_test] Testing test_set_moderation_policy_rejects_too_long ... [0m[32mok[0m
[22:59:22.939] INFO: kv-store:lmdb-v2 Starting data store with maxReaders 2
[22:59:22.940] INFO: world-state:database Creating world state data store at directory /var/folders/ym/q1vh2x5n58xbsmpmvs5_6w3r0000gn/T/aztec-world-state-7siLrM/world_state with map sizes {"archiveTreeMapSizeKb":10485760,"nullifierTreeMapSizeKb":10485760,"noteHashTreeMapSizeKb":10485760,"messageTreeMapSizeKb":10485760,"publicDataTreeMapSizeKb":10485760} and 12 threads (ephemeral=true).
[22:59:22.949] INFO: txe_node Aztec Node version: txe
[22:59:22.949] INFO: txe_node Aztec Node started on chain 0x1
[22:59:22.961] INFO: txe:top_level_context Created block 1 with timestamp 1789192762
[22:59:22.992] INFO: txe:top_level_context Created block 2 with timestamp 1789192762
[22:59:23.053] INFO: simulator:public-processor Processed 1 successful txs and 0 failed txs (0 silently skipped, 0ms wasted) in 0.027628041000003576s {"blockNumber":3,"successfulCount":1,"failedCount":0,"duration":0.027628041000003576,"rate":78445844.20588197,"totalPublicGas":{"daGas":3776,"l2Gas":2167305},"totalBlockGas":{"daGas":3776,"l2Gas":2167305},"totalSizeInBytes":3904,"silentlySkippedCount":0,"silentlySkippedDurationMs":0}
[22:59:23.090] INFO: simulator:public-processor Processed 1 successful txs and 0 failed txs (0 silently skipped, 0ms wasted) in 0.005049083999998402s {"blockNumber":4,"successfulCount":1,"failedCount":0,"duration":0.005049083999998402,"rate":8108599.500426802,"totalPublicGas":{"daGas":0,"l2Gas":40941},"totalBlockGas":{"daGas":0,"l2Gas":40941},"totalSizeInBytes":128,"silentlySkippedCount":0,"silentlySkippedDurationMs":0}
[22:59:23.091] WARN: txe:top_level_context Could not find function artifact in contract Billboard for function '0xca42e93e' when enriching error callstack
[billboard_test] Testing test_transfer_censor_fails_when_no_censor ... [0m[32mok[0m
[22:59:24.585] INFO: kv-store:lmdb-v2 Starting data store with maxReaders 2
[22:59:24.585] INFO: world-state:database Creating world state data store at directory /var/folders/ym/q1vh2x5n58xbsmpmvs5_6w3r0000gn/T/aztec-world-state-0n7Frs/world_state with map sizes {"archiveTreeMapSizeKb":10485760,"nullifierTreeMapSizeKb":10485760,"noteHashTreeMapSizeKb":10485760,"messageTreeMapSizeKb":10485760,"publicDataTreeMapSizeKb":10485760} and 12 threads (ephemeral=true).
[22:59:24.594] INFO: txe_node Aztec Node version: txe
[22:59:24.594] INFO: txe_node Aztec Node started on chain 0x1
[22:59:24.606] INFO: txe:top_level_context Created block 1 with timestamp 1789192764
[22:59:24.633] INFO: txe:top_level_context Created block 2 with timestamp 1789192764
[22:59:24.694] INFO: simulator:public-processor Processed 1 successful txs and 0 failed txs (0 silently skipped, 0ms wasted) in 0.02769133299999521s {"blockNumber":3,"successfulCount":1,"failedCount":0,"duration":0.02769133299999521,"rate":78266546.43170753,"totalPublicGas":{"daGas":3776,"l2Gas":2167305},"totalBlockGas":{"daGas":3776,"l2Gas":2167305},"totalSizeInBytes":3904,"silentlySkippedCount":0,"silentlySkippedDurationMs":0}
[22:59:24.732] INFO: simulator:public-processor Processed 1 successful txs and 0 failed txs (0 silently skipped, 0ms wasted) in 0.004411250000004656s {"blockNumber":4,"successfulCount":1,"failedCount":0,"duration":0.004411250000004656,"rate":1437007.6508910873,"totalPublicGas":{"daGas":0,"l2Gas":6339},"totalBlockGas":{"daGas":0,"l2Gas":6339},"totalSizeInBytes":128,"silentlySkippedCount":0,"silentlySkippedDurationMs":0}
[22:59:24.733] WARN: txe:top_level_context Could not find function artifact in contract Billboard for function '0xb6932320' when enriching error callstack
[billboard_test] Testing test_transfer_censor_old_censor_loses_rights ... [0m[32mok[0m
[22:59:26.210] INFO: kv-store:lmdb-v2 Starting data store with maxReaders 2
[22:59:26.211] INFO: world-state:database Creating world state data store at directory /var/folders/ym/q1vh2x5n58xbsmpmvs5_6w3r0000gn/T/aztec-world-state-i4KDGJ/world_state with map sizes {"archiveTreeMapSizeKb":10485760,"nullifierTreeMapSizeKb":10485760,"noteHashTreeMapSizeKb":10485760,"messageTreeMapSizeKb":10485760,"publicDataTreeMapSizeKb":10485760} and 12 threads (ephemeral=true).
[22:59:26.220] INFO: txe_node Aztec Node version: txe
[22:59:26.220] INFO: txe_node Aztec Node started on chain 0x1
[22:59:26.232] INFO: txe:top_level_context Created block 1 with timestamp 1789192766
[22:59:26.262] INFO: txe:top_level_context Created block 2 with timestamp 1789192766
[22:59:26.327] INFO: simulator:public-processor Processed 1 successful txs and 0 failed txs (0 silently skipped, 0ms wasted) in 0.028517582999993466s {"blockNumber":3,"successfulCount":1,"failedCount":0,"duration":0.028517582999993466,"rate":75998902.15101668,"totalPublicGas":{"daGas":3776,"l2Gas":2167305},"totalBlockGas":{"daGas":3776,"l2Gas":2167305},"totalSizeInBytes":3904,"silentlySkippedCount":0,"silentlySkippedDurationMs":0}
[22:59:26.369] INFO: simulator:public-processor Processed 1 successful txs and 0 failed txs (0 silently skipped, 0ms wasted) in 0.005004415999996127s {"blockNumber":4,"successfulCount":1,"failedCount":0,"duration":0.005004415999996127,"rate":7930795.521401642,"totalPublicGas":{"daGas":64,"l2Gas":39689},"totalBlockGas":{"daGas":64,"l2Gas":39689},"totalSizeInBytes":192,"silentlySkippedCount":0,"silentlySkippedDurationMs":0}
[22:59:26.404] INFO: simulator:public-processor Processed 1 successful txs and 0 failed txs (0 silently skipped, 0ms wasted) in 0.004690749999994296s {"blockNumber":5,"successfulCount":1,"failedCount":0,"duration":0.004690749999994296,"rate":1351383.0410931532,"totalPublicGas":{"daGas":0,"l2Gas":6339},"totalBlockGas":{"daGas":0,"l2Gas":6339},"totalSizeInBytes":128,"silentlySkippedCount":0,"silentlySkippedDurationMs":0}
[22:59:26.405] WARN: txe:top_level_context Could not find function artifact in contract Billboard for function '0xb6932320' when enriching error callstack
[billboard_test] Testing test_transfer_censor_rejects_non_censor ... [0m[32mok[0m
[22:59:27.875] INFO: kv-store:lmdb-v2 Starting data store with maxReaders 2
[22:59:27.876] INFO: world-state:database Creating world state data store at directory /var/folders/ym/q1vh2x5n58xbsmpmvs5_6w3r0000gn/T/aztec-world-state-2nB8wY/world_state with map sizes {"archiveTreeMapSizeKb":10485760,"nullifierTreeMapSizeKb":10485760,"noteHashTreeMapSizeKb":10485760,"messageTreeMapSizeKb":10485760,"publicDataTreeMapSizeKb":10485760} and 12 threads (ephemeral=true).
[22:59:27.885] INFO: txe_node Aztec Node version: txe
[22:59:27.885] INFO: txe_node Aztec Node started on chain 0x1
[22:59:27.896] INFO: txe:top_level_context Created block 1 with timestamp 1789192767
[22:59:27.927] INFO: txe:top_level_context Created block 2 with timestamp 1789192767
[22:59:27.988] INFO: simulator:public-processor Processed 1 successful txs and 0 failed txs (0 silently skipped, 0ms wasted) in 0.028037374999999885s {"blockNumber":3,"successfulCount":1,"failedCount":0,"duration":0.028037374999999885,"rate":77300567.54599918,"totalPublicGas":{"daGas":3776,"l2Gas":2167305},"totalBlockGas":{"daGas":3776,"l2Gas":2167305},"totalSizeInBytes":3904,"silentlySkippedCount":0,"silentlySkippedDurationMs":0}
[22:59:28.030] INFO: simulator:public-processor Processed 1 successful txs and 0 failed txs (0 silently skipped, 0ms wasted) in 0.004439125000004424s {"blockNumber":4,"successfulCount":1,"failedCount":0,"duration":0.004439125000004424,"rate":1427984.1184903968,"totalPublicGas":{"daGas":0,"l2Gas":6339},"totalBlockGas":{"daGas":0,"l2Gas":6339},"totalSizeInBytes":128,"silentlySkippedCount":0,"silentlySkippedDurationMs":0}
[22:59:28.031] WARN: txe:top_level_context Could not find function artifact in contract Billboard for function '0xb6932320' when enriching error callstack
[billboard_test] Testing test_transfer_censor_rejects_zero_address ... [0m[32mok[0m
[22:59:29.495] INFO: kv-store:lmdb-v2 Starting data store with maxReaders 2
[22:59:29.496] INFO: world-state:database Creating world state data store at directory /var/folders/ym/q1vh2x5n58xbsmpmvs5_6w3r0000gn/T/aztec-world-state-gsO0sG/world_state with map sizes {"archiveTreeMapSizeKb":10485760,"nullifierTreeMapSizeKb":10485760,"noteHashTreeMapSizeKb":10485760,"messageTreeMapSizeKb":10485760,"publicDataTreeMapSizeKb":10485760} and 12 threads (ephemeral=true).
[22:59:29.505] INFO: txe_node Aztec Node version: txe
[22:59:29.505] INFO: txe_node Aztec Node started on chain 0x1
[22:59:29.517] INFO: txe:top_level_context Created block 1 with timestamp 1789192769
[22:59:29.547] INFO: txe:top_level_context Created block 2 with timestamp 1789192769
[22:59:29.608] INFO: simulator:public-processor Processed 1 successful txs and 0 failed txs (0 silently skipped, 0ms wasted) in 0.02753133399999933s {"blockNumber":3,"successfulCount":1,"failedCount":0,"duration":0.02753133399999933,"rate":78721394.32110527,"totalPublicGas":{"daGas":3776,"l2Gas":2167305},"totalBlockGas":{"daGas":3776,"l2Gas":2167305},"totalSizeInBytes":3904,"silentlySkippedCount":0,"silentlySkippedDurationMs":0}
[22:59:29.644] INFO: simulator:public-processor Processed 1 successful txs and 0 failed txs (0 silently skipped, 0ms wasted) in 0.004598332999987178s {"blockNumber":4,"successfulCount":1,"failedCount":0,"duration":0.004598332999987178,"rate":1391591.257096396,"totalPublicGas":{"daGas":0,"l2Gas":6399},"totalBlockGas":{"daGas":0,"l2Gas":6399},"totalSizeInBytes":128,"silentlySkippedCount":0,"silentlySkippedDurationMs":0}
[22:59:29.645] WARN: txe:top_level_context Could not find function artifact in contract Billboard for function '0xb6932320' when enriching error callstack
[billboard_test] Testing test_transfer_censor_success ... [0m[32mok[0m
[22:59:31.117] INFO: kv-store:lmdb-v2 Starting data store with maxReaders 2
[22:59:31.119] INFO: world-state:database Creating world state data store at directory /var/folders/ym/q1vh2x5n58xbsmpmvs5_6w3r0000gn/T/aztec-world-state-lCsZC2/world_state with map sizes {"archiveTreeMapSizeKb":10485760,"nullifierTreeMapSizeKb":10485760,"noteHashTreeMapSizeKb":10485760,"messageTreeMapSizeKb":10485760,"publicDataTreeMapSizeKb":10485760} and 12 threads (ephemeral=true).
[22:59:31.127] INFO: txe_node Aztec Node version: txe
[22:59:31.127] INFO: txe_node Aztec Node started on chain 0x1
[22:59:31.139] INFO: txe:top_level_context Created block 1 with timestamp 1789192771
[22:59:31.169] INFO: txe:top_level_context Created block 2 with timestamp 1789192771
[22:59:31.231] INFO: simulator:public-processor Processed 1 successful txs and 0 failed txs (0 silently skipped, 0ms wasted) in 0.028342500000013388s {"blockNumber":3,"successfulCount":1,"failedCount":0,"duration":0.028342500000013388,"rate":76468377.87770931,"totalPublicGas":{"daGas":3776,"l2Gas":2167305},"totalBlockGas":{"daGas":3776,"l2Gas":2167305},"totalSizeInBytes":3904,"silentlySkippedCount":0,"silentlySkippedDurationMs":0}
[22:59:31.271] INFO: simulator:public-processor Processed 1 successful txs and 0 failed txs (0 silently skipped, 0ms wasted) in 0.004955625000002328s {"blockNumber":4,"successfulCount":1,"failedCount":0,"duration":0.004955625000002328,"rate":8008878.799340418,"totalPublicGas":{"daGas":64,"l2Gas":39689},"totalBlockGas":{"daGas":64,"l2Gas":39689},"totalSizeInBytes":192,"silentlySkippedCount":0,"silentlySkippedDurationMs":0}
[22:59:31.306] INFO: simulator:public-processor Processed 1 successful txs and 0 failed txs (0 silently skipped, 0ms wasted) in 0.004347582999995211s {"blockNumber":5,"successfulCount":1,"failedCount":0,"duration":0.004347582999995211,"rate":1704395.2927426947,"totalPublicGas":{"daGas":0,"l2Gas":7410},"totalBlockGas":{"daGas":0,"l2Gas":7410},"totalSizeInBytes":128,"silentlySkippedCount":0,"silentlySkippedDurationMs":0}
[billboard_test] Testing test_withdraw_msg_hash_deterministic ... [0m[32mok[0m
[billboard_test] Testing test_withdraw_msg_hash_differs_from_deposit_hash ... [0m[32mok[0m
[22:59:35.722] INFO: kv-store:lmdb-v2 Starting data store with maxReaders 2
[22:59:35.724] INFO: world-state:database Creating world state data store at directory /var/folders/ym/q1vh2x5n58xbsmpmvs5_6w3r0000gn/T/aztec-world-state-gM3zme/world_state with map sizes {"archiveTreeMapSizeKb":10485760,"nullifierTreeMapSizeKb":10485760,"noteHashTreeMapSizeKb":10485760,"messageTreeMapSizeKb":10485760,"publicDataTreeMapSizeKb":10485760} and 12 threads (ephemeral=true).
[22:59:35.733] INFO: txe_node Aztec Node version: txe
[22:59:35.733] INFO: txe_node Aztec Node started on chain 0x1
[22:59:35.745] INFO: txe:top_level_context Created block 1 with timestamp 1789192775
[22:59:35.779] INFO: txe:top_level_context Created block 2 with timestamp 1789192775
[22:59:35.841] INFO: simulator:public-processor Processed 1 successful txs and 0 failed txs (0 silently skipped, 0ms wasted) in 0.028404833999986296s {"blockNumber":3,"successfulCount":1,"failedCount":0,"duration":0.028404833999986296,"rate":76300569.12147579,"totalPublicGas":{"daGas":3776,"l2Gas":2167305},"totalBlockGas":{"daGas":3776,"l2Gas":2167305},"totalSizeInBytes":3904,"silentlySkippedCount":0,"silentlySkippedDurationMs":0}
[22:59:35.869] INFO: txe:top_level_context Created block 4 with timestamp 1789192775
[22:59:36.043] INFO: simulator:public-processor Processed 1 successful txs and 0 failed txs (0 silently skipped, 0ms wasted) in 0.003815958999999566s {"blockNumber":5,"successfulCount":1,"failedCount":0,"duration":0.003815958999999566,"rate":0,"totalPublicGas":{"daGas":0,"l2Gas":0},"totalBlockGas":{"daGas":1984,"l2Gas":529900},"totalSizeInBytes":1984,"silentlySkippedCount":0,"silentlySkippedDurationMs":0}
[22:59:36.071] INFO: txe:top_level_context Created block 6 with timestamp 1789192875
[billboard_test] Testing test_withdraw_no_posts_too_early ... [0m[32mok[0m
[22:59:37.699] INFO: kv-store:lmdb-v2 Starting data store with maxReaders 2
[22:59:37.700] INFO: world-state:database Creating world state data store at directory /var/folders/ym/q1vh2x5n58xbsmpmvs5_6w3r0000gn/T/aztec-world-state-Olu5ha/world_state with map sizes {"archiveTreeMapSizeKb":10485760,"nullifierTreeMapSizeKb":10485760,"noteHashTreeMapSizeKb":10485760,"messageTreeMapSizeKb":10485760,"publicDataTreeMapSizeKb":10485760} and 12 threads (ephemeral=true).
[22:59:37.709] INFO: txe_node Aztec Node version: txe
[22:59:37.709] INFO: txe_node Aztec Node started on chain 0x1
[22:59:37.721] INFO: txe:top_level_context Created block 1 with timestamp 1789192777
[22:59:37.754] INFO: txe:top_level_context Created block 2 with timestamp 1789192777
[22:59:37.818] INFO: simulator:public-processor Processed 1 successful txs and 0 failed txs (0 silently skipped, 0ms wasted) in 0.028406042000016896s {"blockNumber":3,"successfulCount":1,"failedCount":0,"duration":0.028406042000016896,"rate":76297324.35087968,"totalPublicGas":{"daGas":3776,"l2Gas":2167305},"totalBlockGas":{"daGas":3776,"l2Gas":2167305},"totalSizeInBytes":3904,"silentlySkippedCount":0,"silentlySkippedDurationMs":0}
[22:59:37.937] INFO: simulator:public-processor Processed 1 successful txs and 0 failed txs (0 silently skipped, 0ms wasted) in 0.005178292000025977s {"blockNumber":4,"successfulCount":1,"failedCount":0,"duration":0.005178292000025977,"rate":13506963.29980023,"totalPublicGas":{"daGas":128,"l2Gas":69943},"totalBlockGas":{"daGas":256,"l2Gas":660743},"totalSizeInBytes":256,"silentlySkippedCount":0,"silentlySkippedDurationMs":0}
[22:59:37.964] INFO: txe:top_level_context Created block 5 with timestamp 1789192777
[22:59:38.122] INFO: simulator:public-processor Processed 1 successful txs and 0 failed txs (0 silently skipped, 0ms wasted) in 0.003475875000003725s {"blockNumber":6,"successfulCount":1,"failedCount":0,"duration":0.003475875000003725,"rate":0,"totalPublicGas":{"daGas":0,"l2Gas":0},"totalBlockGas":{"daGas":1984,"l2Gas":529900},"totalSizeInBytes":1984,"silentlySkippedCount":0,"silentlySkippedDurationMs":0}
[22:59:38.150] INFO: txe:top_level_context Created block 7 with timestamp 1789196378
[22:59:38.593] INFO: simulator:public-processor Processed 1 successful txs and 0 failed txs (0 silently skipped, 0ms wasted) in 0.019475542000000134s {"blockNumber":8,"successfulCount":1,"failedCount":0,"duration":0.019475542000000134,"rate":61415440.966931336,"totalPublicGas":{"daGas":2176,"l2Gas":1196099},"totalBlockGas":{"daGas":3552,"l2Gas":1922849},"totalSizeInBytes":3552,"silentlySkippedCount":0,"silentlySkippedDurationMs":0}
[22:59:38.621] INFO: txe:top_level_context Created block 9 with timestamp 1789199979
[22:59:39.058] INFO: simulator:public-processor Processed 1 successful txs and 0 failed txs (0 silently skipped, 0ms wasted) in 0.008309417000011308s {"blockNumber":10,"successfulCount":1,"failedCount":0,"duration":0.008309417000011308,"rate":11465906.693558687,"totalPublicGas":{"daGas":128,"l2Gas":95275},"totalBlockGas":{"daGas":1504,"l2Gas":822025},"totalSizeInBytes":1504,"silentlySkippedCount":0,"silentlySkippedDurationMs":0}
[22:59:39.438] INFO: simulator:public-processor Processed 1 successful txs and 0 failed txs (0 silently skipped, 0ms wasted) in 0.00518979199999012s {"blockNumber":11,"successfulCount":1,"failedCount":0,"duration":0.00518979199999012,"rate":1821074.91013474,"totalPublicGas":{"daGas":32,"l2Gas":9451},"totalBlockGas":{"daGas":192,"l2Gas":631051},"totalSizeInBytes":192,"silentlySkippedCount":0,"silentlySkippedDurationMs":0}
[billboard_test] Testing test_withdraw_succeeds_after_dummy_post ... [0m[32mok[0m
[22:59:41.273] INFO: kv-store:lmdb-v2 Starting data store with maxReaders 2
[22:59:41.273] INFO: world-state:database Creating world state data store at directory /var/folders/ym/q1vh2x5n58xbsmpmvs5_6w3r0000gn/T/aztec-world-state-GXDH4p/world_state with map sizes {"archiveTreeMapSizeKb":10485760,"nullifierTreeMapSizeKb":10485760,"noteHashTreeMapSizeKb":10485760,"messageTreeMapSizeKb":10485760,"publicDataTreeMapSizeKb":10485760} and 12 threads (ephemeral=true).
[22:59:41.282] INFO: txe_node Aztec Node version: txe
[22:59:41.282] INFO: txe_node Aztec Node started on chain 0x1
[22:59:41.294] INFO: txe:top_level_context Created block 1 with timestamp 1789192781
[22:59:41.327] INFO: txe:top_level_context Created block 2 with timestamp 1789192781
[22:59:41.388] INFO: simulator:public-processor Processed 1 successful txs and 0 failed txs (0 silently skipped, 0ms wasted) in 0.028026290999987394s {"blockNumber":3,"successfulCount":1,"failedCount":0,"duration":0.028026290999987394,"rate":77331138.82250687,"totalPublicGas":{"daGas":3776,"l2Gas":2167305},"totalBlockGas":{"daGas":3776,"l2Gas":2167305},"totalSizeInBytes":3904,"silentlySkippedCount":0,"silentlySkippedDurationMs":0}
[22:59:41.416] INFO: txe:top_level_context Created block 4 with timestamp 1789192781
[22:59:41.575] INFO: simulator:public-processor Processed 1 successful txs and 0 failed txs (0 silently skipped, 0ms wasted) in 0.004862207999976818s {"blockNumber":5,"successfulCount":1,"failedCount":0,"duration":0.004862207999976818,"rate":0,"totalPublicGas":{"daGas":0,"l2Gas":0},"totalBlockGas":{"daGas":1984,"l2Gas":529900},"totalSizeInBytes":1984,"silentlySkippedCount":0,"silentlySkippedDurationMs":0}
[22:59:41.602] INFO: txe:top_level_context Created block 6 with timestamp 1789196382
[22:59:42.046] INFO: simulator:public-processor Processed 1 successful txs and 0 failed txs (0 silently skipped, 0ms wasted) in 0.020189666999998735s {"blockNumber":7,"successfulCount":1,"failedCount":0,"duration":0.020189666999998735,"rate":59243126.694465786,"totalPublicGas":{"daGas":2176,"l2Gas":1196099},"totalBlockGas":{"daGas":3552,"l2Gas":1922849},"totalSizeInBytes":3552,"silentlySkippedCount":0,"silentlySkippedDurationMs":0}
[billboard_test] Testing test_withdraw_unscreened_real_posts ... [0m[32mok[0m
[billboard_test] [0m[32m59 tests passed[0m
[22:59:42.250] INFO: txe:rpc Received SIGTERM.

Runner cleanup verification: {"outcome":"pass","port":57372,"oraclePortClosed":true,"noirTestsPassed":59}
