
> test:noir
> node scripts/test-noir.mjs

[22:50:04.181] INFO: txe:rpc Setting up TXE...
[22:50:04.182] INFO: kv-store:lmdb-v2 Starting data store with maxReaders 2
[22:50:04.371] INFO: txe:rpc TXE listening on port 56078
[billboard_contract] Running 0 test functions
[billboard_contract] [0m[32m0 tests passed[0m
[billboard_test] Running 59 test functions
[22:50:09.262] INFO: kv-store:lmdb-v2 Starting data store with maxReaders 2
[22:50:09.263] INFO: kv-store:lmdb-v2 Starting data store with maxReaders 2
[22:50:09.264] INFO: world-state:database Creating world state data store at directory /var/folders/ym/q1vh2x5n58xbsmpmvs5_6w3r0000gn/T/aztec-world-state-iGGn64/world_state with map sizes {"archiveTreeMapSizeKb":10485760,"nullifierTreeMapSizeKb":10485760,"noteHashTreeMapSizeKb":10485760,"messageTreeMapSizeKb":10485760,"publicDataTreeMapSizeKb":10485760} and 12 threads (ephemeral=true).
[22:50:09.275] INFO: txe_node Aztec Node version: txe
[22:50:09.275] INFO: txe_node Aztec Node started on chain 0x1
[22:50:09.289] INFO: txe:top_level_context Created block 1 with timestamp 1789192209
[22:50:09.365] INFO: txe:top_level_context Created block 2 with timestamp 1789192209
[22:50:09.445] INFO: simulator:public-processor Processed 1 successful txs and 0 failed txs (0 silently skipped, 0ms wasted) in 0.03185362499999974s {"blockNumber":3,"successfulCount":1,"failedCount":0,"duration":0.03185362499999974,"rate":68039508.8471098,"totalPublicGas":{"daGas":3776,"l2Gas":2167305},"totalBlockGas":{"daGas":3776,"l2Gas":2167305},"totalSizeInBytes":3904,"silentlySkippedCount":0,"silentlySkippedDurationMs":0}
[22:50:09.475] INFO: txe:top_level_context Created block 4 with timestamp 1789192209
[22:50:09.712] INFO: simulator:public-processor Processed 1 successful txs and 0 failed txs (0 silently skipped, 0ms wasted) in 0.00451666699999987s {"blockNumber":5,"successfulCount":1,"failedCount":0,"duration":0.00451666699999987,"rate":0,"totalPublicGas":{"daGas":0,"l2Gas":0},"totalBlockGas":{"daGas":1984,"l2Gas":529900},"totalSizeInBytes":1984,"silentlySkippedCount":0,"silentlySkippedDurationMs":0}
[22:50:09.742] INFO: txe:top_level_context Created block 6 with timestamp 1789195810
[22:50:10.226] INFO: simulator:public-processor Processed 1 successful txs and 0 failed txs (0 silently skipped, 0ms wasted) in 0.019968792000000575s {"blockNumber":7,"successfulCount":1,"failedCount":0,"duration":0.019968792000000575,"rate":59898415.48752501,"totalPublicGas":{"daGas":2176,"l2Gas":1196099},"totalBlockGas":{"daGas":3552,"l2Gas":1922849},"totalSizeInBytes":3552,"silentlySkippedCount":0,"silentlySkippedDurationMs":0}
[22:50:10.254] INFO: txe:top_level_context Created block 8 with timestamp 1789199409
[22:50:10.725] INFO: simulator:public-processor Processed 1 successful txs and 0 failed txs (0 silently skipped, 0ms wasted) in 0.02022370899999987s {"blockNumber":9,"successfulCount":1,"failedCount":0,"duration":0.02022370899999987,"rate":59143404.407174155,"totalPublicGas":{"daGas":2176,"l2Gas":1196099},"totalBlockGas":{"daGas":3552,"l2Gas":1922849},"totalSizeInBytes":3552,"silentlySkippedCount":0,"silentlySkippedDurationMs":0}
[22:50:10.754] INFO: txe:top_level_context Created block 10 with timestamp 1789203010
[22:50:11.214] INFO: simulator:public-processor Processed 1 successful txs and 0 failed txs (0 silently skipped, 0ms wasted) in 0.020384749999999258s {"blockNumber":11,"successfulCount":1,"failedCount":0,"duration":0.020384749999999258,"rate":58676167.232860036,"totalPublicGas":{"daGas":2176,"l2Gas":1196099},"totalBlockGas":{"daGas":3552,"l2Gas":1922849},"totalSizeInBytes":3552,"silentlySkippedCount":0,"silentlySkippedDurationMs":0}
[22:50:11.251] INFO: simulator:public-processor Processed 1 successful txs and 0 failed txs (0 silently skipped, 0ms wasted) in 0.004419125000000349s {"blockNumber":12,"successfulCount":1,"failedCount":0,"duration":0.004419125000000349,"rate":1583118.8300850163,"totalPublicGas":{"daGas":0,"l2Gas":6996},"totalBlockGas":{"daGas":0,"l2Gas":6996},"totalSizeInBytes":128,"silentlySkippedCount":0,"silentlySkippedDurationMs":0}
[billboard_test] Testing test_censor_window_grandchild_screening ... [0m[32mok[0m
[22:50:13.112] INFO: kv-store:lmdb-v2 Starting data store with maxReaders 2
[22:50:13.113] INFO: world-state:database Creating world state data store at directory /var/folders/ym/q1vh2x5n58xbsmpmvs5_6w3r0000gn/T/aztec-world-state-bvdyxJ/world_state with map sizes {"archiveTreeMapSizeKb":10485760,"nullifierTreeMapSizeKb":10485760,"noteHashTreeMapSizeKb":10485760,"messageTreeMapSizeKb":10485760,"publicDataTreeMapSizeKb":10485760} and 12 threads (ephemeral=true).
[22:50:13.122] INFO: txe_node Aztec Node version: txe
[22:50:13.122] INFO: txe_node Aztec Node started on chain 0x1
[22:50:13.134] INFO: txe:top_level_context Created block 1 with timestamp 1789192213
[22:50:13.169] INFO: txe:top_level_context Created block 2 with timestamp 1789192213
[22:50:13.231] INFO: simulator:public-processor Processed 1 successful txs and 0 failed txs (0 silently skipped, 0ms wasted) in 0.028277500000000146s {"blockNumber":3,"successfulCount":1,"failedCount":0,"duration":0.028277500000000146,"rate":76644151.71072368,"totalPublicGas":{"daGas":3776,"l2Gas":2167305},"totalBlockGas":{"daGas":3776,"l2Gas":2167305},"totalSizeInBytes":3904,"silentlySkippedCount":0,"silentlySkippedDurationMs":0}
[22:50:13.258] INFO: txe:top_level_context Created block 4 with timestamp 1789192213
[22:50:13.416] INFO: simulator:public-processor Processed 1 successful txs and 0 failed txs (0 silently skipped, 0ms wasted) in 0.003865583999999217s {"blockNumber":5,"successfulCount":1,"failedCount":0,"duration":0.003865583999999217,"rate":0,"totalPublicGas":{"daGas":0,"l2Gas":0},"totalBlockGas":{"daGas":1984,"l2Gas":529900},"totalSizeInBytes":1984,"silentlySkippedCount":0,"silentlySkippedDurationMs":0}
[22:50:13.444] INFO: txe:top_level_context Created block 6 with timestamp 1789195814
[22:50:13.887] INFO: simulator:public-processor Processed 1 successful txs and 0 failed txs (0 silently skipped, 0ms wasted) in 0.01993566699999974s {"blockNumber":7,"successfulCount":1,"failedCount":0,"duration":0.01993566699999974,"rate":59997942.38136178,"totalPublicGas":{"daGas":2176,"l2Gas":1196099},"totalBlockGas":{"daGas":3552,"l2Gas":1922849},"totalSizeInBytes":3552,"silentlySkippedCount":0,"silentlySkippedDurationMs":0}
[22:50:13.936] INFO: simulator:public-processor Processed 1 successful txs and 0 failed txs (0 silently skipped, 0ms wasted) in 0.017734959000001254s {"blockNumber":8,"successfulCount":1,"failedCount":0,"duration":0.017734959000001254,"rate":67812787.162345,"totalPublicGas":{"daGas":2176,"l2Gas":1202657},"totalBlockGas":{"daGas":2176,"l2Gas":1202657},"totalSizeInBytes":2304,"silentlySkippedCount":0,"silentlySkippedDurationMs":0}
[22:50:13.971] INFO: simulator:public-processor Processed 1 successful txs and 0 failed txs (0 silently skipped, 0ms wasted) in 0.004504290999999284s {"blockNumber":9,"successfulCount":1,"failedCount":0,"duration":0.004504290999999284,"rate":1938151.8645223826,"totalPublicGas":{"daGas":0,"l2Gas":8730},"totalBlockGas":{"daGas":0,"l2Gas":8730},"totalSizeInBytes":128,"silentlySkippedCount":0,"silentlySkippedDurationMs":0}
[22:50:13.984] INFO: txe:top_level_context Created block 9 with timestamp 1789199413
[22:50:14.434] INFO: simulator:public-processor Processed 1 successful txs and 0 failed txs (0 silently skipped, 0ms wasted) in 0.01968424999999843s {"blockNumber":10,"successfulCount":1,"failedCount":0,"duration":0.01968424999999843,"rate":60764265.847065315,"totalPublicGas":{"daGas":2176,"l2Gas":1196099},"totalBlockGas":{"daGas":3552,"l2Gas":1922849},"totalSizeInBytes":3552,"silentlySkippedCount":0,"silentlySkippedDurationMs":0}
[22:50:14.793] INFO: txe:top_level_context Created block 11 with timestamp 1789203014
[22:50:15.242] INFO: simulator:public-processor Processed 1 successful txs and 0 failed txs (0 silently skipped, 0ms wasted) in 0.020198041999999986s {"blockNumber":12,"successfulCount":1,"failedCount":0,"duration":0.020198041999999986,"rate":59218561.878423706,"totalPublicGas":{"daGas":2176,"l2Gas":1196099},"totalBlockGas":{"daGas":3552,"l2Gas":1922849},"totalSizeInBytes":3552,"silentlySkippedCount":0,"silentlySkippedDurationMs":0}
[billboard_test] Testing test_censor_window_hard_invariant ... [0m[32mok[0m
[22:50:17.089] INFO: kv-store:lmdb-v2 Starting data store with maxReaders 2
[22:50:17.089] INFO: world-state:database Creating world state data store at directory /var/folders/ym/q1vh2x5n58xbsmpmvs5_6w3r0000gn/T/aztec-world-state-lKsL5J/world_state with map sizes {"archiveTreeMapSizeKb":10485760,"nullifierTreeMapSizeKb":10485760,"noteHashTreeMapSizeKb":10485760,"messageTreeMapSizeKb":10485760,"publicDataTreeMapSizeKb":10485760} and 12 threads (ephemeral=true).
[22:50:17.099] INFO: txe_node Aztec Node version: txe
[22:50:17.099] INFO: txe_node Aztec Node started on chain 0x1
[22:50:17.111] INFO: txe:top_level_context Created block 1 with timestamp 1789192217
[22:50:17.145] INFO: txe:top_level_context Created block 2 with timestamp 1789192217
[22:50:17.205] INFO: simulator:public-processor Processed 1 successful txs and 0 failed txs (0 silently skipped, 0ms wasted) in 0.027447040999999443s {"blockNumber":3,"successfulCount":1,"failedCount":0,"duration":0.027447040999999443,"rate":78963156.7206113,"totalPublicGas":{"daGas":3776,"l2Gas":2167305},"totalBlockGas":{"daGas":3776,"l2Gas":2167305},"totalSizeInBytes":3904,"silentlySkippedCount":0,"silentlySkippedDurationMs":0}
[22:50:17.232] INFO: txe:top_level_context Created block 4 with timestamp 1789192217
[22:50:17.390] INFO: simulator:public-processor Processed 1 successful txs and 0 failed txs (0 silently skipped, 0ms wasted) in 0.0036197920000013255s {"blockNumber":5,"successfulCount":1,"failedCount":0,"duration":0.0036197920000013255,"rate":0,"totalPublicGas":{"daGas":0,"l2Gas":0},"totalBlockGas":{"daGas":1984,"l2Gas":529900},"totalSizeInBytes":1984,"silentlySkippedCount":0,"silentlySkippedDurationMs":0}
[22:50:17.418] INFO: txe:top_level_context Created block 6 with timestamp 1789195818
[22:50:17.867] INFO: simulator:public-processor Processed 1 successful txs and 0 failed txs (0 silently skipped, 0ms wasted) in 0.019571291000000202s {"blockNumber":7,"successfulCount":1,"failedCount":0,"duration":0.019571291000000202,"rate":61114977.03447297,"totalPublicGas":{"daGas":2176,"l2Gas":1196099},"totalBlockGas":{"daGas":3552,"l2Gas":1922849},"totalSizeInBytes":3552,"silentlySkippedCount":0,"silentlySkippedDurationMs":0}
[22:50:17.895] INFO: txe:top_level_context Created block 8 with timestamp 1789199417
[22:50:18.344] INFO: simulator:public-processor Processed 1 successful txs and 0 failed txs (0 silently skipped, 0ms wasted) in 0.019670000000000073s {"blockNumber":9,"successfulCount":1,"failedCount":0,"duration":0.019670000000000073,"rate":60808286.73106231,"totalPublicGas":{"daGas":2176,"l2Gas":1196099},"totalBlockGas":{"daGas":3552,"l2Gas":1922849},"totalSizeInBytes":3552,"silentlySkippedCount":0,"silentlySkippedDurationMs":0}
[22:50:18.379] INFO: simulator:public-processor Processed 1 successful txs and 0 failed txs (0 silently skipped, 0ms wasted) in 0.004312291000000187s {"blockNumber":10,"successfulCount":1,"failedCount":0,"duration":0.004312291000000187,"rate":1622339.4942502019,"totalPublicGas":{"daGas":0,"l2Gas":6996},"totalBlockGas":{"daGas":0,"l2Gas":6996},"totalSizeInBytes":128,"silentlySkippedCount":0,"silentlySkippedDurationMs":0}
[billboard_test] Testing test_censor_window_post_too_young_to_screen ... [0m[32mok[0m
[billboard_test] Testing test_cooldown_100x_deposit ... [0m[32mok[0m
[billboard_test] Testing test_cooldown_10x_deposit ... [0m[32mok[0m
[billboard_test] Testing test_cooldown_at_min_deposit ... [0m[32mok[0m
[billboard_test] Testing test_cooldown_halves_when_deposit_doubles ... [0m[32mok[0m
[billboard_test] Testing test_cooldown_minimum_one_second ... [0m[32mok[0m
[billboard_test] Testing test_cooldown_no_overflow_at_large_values ... [0m[32mok[0m
[billboard_test] Testing test_cooldown_truncation ... [0m[32mok[0m
[billboard_test] Testing test_declare_immoral_censor_passes_auth ... [0m[32mok[0m
[22:50:30.092] INFO: kv-store:lmdb-v2 Starting data store with maxReaders 2
[22:50:30.093] INFO: world-state:database Creating world state data store at directory /var/folders/ym/q1vh2x5n58xbsmpmvs5_6w3r0000gn/T/aztec-world-state-LM37Zg/world_state with map sizes {"archiveTreeMapSizeKb":10485760,"nullifierTreeMapSizeKb":10485760,"noteHashTreeMapSizeKb":10485760,"messageTreeMapSizeKb":10485760,"publicDataTreeMapSizeKb":10485760} and 12 threads (ephemeral=true).
[22:50:30.102] INFO: txe_node Aztec Node version: txe
[22:50:30.102] INFO: txe_node Aztec Node started on chain 0x1
[22:50:30.113] INFO: txe:top_level_context Created block 1 with timestamp 1789192230
[22:50:30.143] INFO: txe:top_level_context Created block 2 with timestamp 1789192230
[22:50:30.204] INFO: simulator:public-processor Processed 1 successful txs and 0 failed txs (0 silently skipped, 0ms wasted) in 0.02775629100000151s {"blockNumber":3,"successfulCount":1,"failedCount":0,"duration":0.02775629100000151,"rate":78083379.36793795,"totalPublicGas":{"daGas":3776,"l2Gas":2167305},"totalBlockGas":{"daGas":3776,"l2Gas":2167305},"totalSizeInBytes":3904,"silentlySkippedCount":0,"silentlySkippedDurationMs":0}
[22:50:30.240] INFO: simulator:public-processor Processed 1 successful txs and 0 failed txs (0 silently skipped, 0ms wasted) in 0.005091165999998338s {"blockNumber":4,"successfulCount":1,"failedCount":0,"duration":0.005091165999998338,"rate":6117066.306620166,"totalPublicGas":{"daGas":0,"l2Gas":31143},"totalBlockGas":{"daGas":0,"l2Gas":31143},"totalSizeInBytes":128,"silentlySkippedCount":0,"silentlySkippedDurationMs":0}
[22:50:30.243] WARN: txe:top_level_context Could not find function artifact in contract Billboard for function '0x6675867b' when enriching error callstack
[billboard_test] Testing test_declare_immoral_fails_when_no_censor ... [0m[32mok[0m
[22:50:31.676] INFO: kv-store:lmdb-v2 Starting data store with maxReaders 2
[22:50:31.677] INFO: world-state:database Creating world state data store at directory /var/folders/ym/q1vh2x5n58xbsmpmvs5_6w3r0000gn/T/aztec-world-state-rGKQql/world_state with map sizes {"archiveTreeMapSizeKb":10485760,"nullifierTreeMapSizeKb":10485760,"noteHashTreeMapSizeKb":10485760,"messageTreeMapSizeKb":10485760,"publicDataTreeMapSizeKb":10485760} and 12 threads (ephemeral=true).
[22:50:31.686] INFO: txe_node Aztec Node version: txe
[22:50:31.686] INFO: txe_node Aztec Node started on chain 0x1
[22:50:31.697] INFO: txe:top_level_context Created block 1 with timestamp 1789192231
[22:50:31.732] INFO: txe:top_level_context Created block 2 with timestamp 1789192231
[22:50:31.793] INFO: simulator:public-processor Processed 1 successful txs and 0 failed txs (0 silently skipped, 0ms wasted) in 0.028286416000002645s {"blockNumber":3,"successfulCount":1,"failedCount":0,"duration":0.028286416000002645,"rate":76619993.14440534,"totalPublicGas":{"daGas":3776,"l2Gas":2167305},"totalBlockGas":{"daGas":3776,"l2Gas":2167305},"totalSizeInBytes":3904,"silentlySkippedCount":0,"silentlySkippedDurationMs":0}
[22:50:31.833] INFO: simulator:public-processor Processed 1 successful txs and 0 failed txs (0 silently skipped, 0ms wasted) in 0.004663792000003013s {"blockNumber":4,"successfulCount":1,"failedCount":0,"duration":0.004663792000003013,"rate":6356629.96977156,"totalPublicGas":{"daGas":0,"l2Gas":29646},"totalBlockGas":{"daGas":0,"l2Gas":29646},"totalSizeInBytes":128,"silentlySkippedCount":0,"silentlySkippedDurationMs":0}
[22:50:31.834] WARN: txe:top_level_context Could not find function artifact in contract Billboard for function '0x6675867b' when enriching error callstack
[billboard_test] Testing test_declare_immoral_rejects_non_censor ... [0m[32mok[0m
[22:50:33.275] INFO: kv-store:lmdb-v2 Starting data store with maxReaders 2
[22:50:33.276] INFO: world-state:database Creating world state data store at directory /var/folders/ym/q1vh2x5n58xbsmpmvs5_6w3r0000gn/T/aztec-world-state-2WRRuA/world_state with map sizes {"archiveTreeMapSizeKb":10485760,"nullifierTreeMapSizeKb":10485760,"noteHashTreeMapSizeKb":10485760,"messageTreeMapSizeKb":10485760,"publicDataTreeMapSizeKb":10485760} and 12 threads (ephemeral=true).
[22:50:33.284] INFO: txe_node Aztec Node version: txe
[22:50:33.285] INFO: txe_node Aztec Node started on chain 0x1
[22:50:33.297] INFO: txe:top_level_context Created block 1 with timestamp 1789192233
[22:50:33.329] INFO: txe:top_level_context Created block 2 with timestamp 1789192233
[22:50:33.390] INFO: simulator:public-processor Processed 1 successful txs and 0 failed txs (0 silently skipped, 0ms wasted) in 0.027932415999999648s {"blockNumber":3,"successfulCount":1,"failedCount":0,"duration":0.027932415999999648,"rate":77591032.58379179,"totalPublicGas":{"daGas":3776,"l2Gas":2167305},"totalBlockGas":{"daGas":3776,"l2Gas":2167305},"totalSizeInBytes":3904,"silentlySkippedCount":0,"silentlySkippedDurationMs":0}
[22:50:33.429] INFO: simulator:public-processor Processed 1 successful txs and 0 failed txs (0 silently skipped, 0ms wasted) in 0.004803292000000511s {"blockNumber":4,"successfulCount":1,"failedCount":0,"duration":0.004803292000000511,"rate":6172017.024989705,"totalPublicGas":{"daGas":0,"l2Gas":29646},"totalBlockGas":{"daGas":0,"l2Gas":29646},"totalSizeInBytes":128,"silentlySkippedCount":0,"silentlySkippedDurationMs":0}
[22:50:33.430] WARN: txe:top_level_context Could not find function artifact in contract Billboard for function '0x6675867b' when enriching error callstack
[billboard_test] Testing test_deposit_msg_hash_deterministic ... [0m[32mok[0m
[billboard_test] Testing test_deposit_msg_hash_differs_by_amount ... [0m[32mok[0m
[billboard_test] Testing test_deposit_msg_hash_differs_by_depositor ... [0m[32mok[0m
[22:50:39.218] INFO: kv-store:lmdb-v2 Starting data store with maxReaders 2
[22:50:39.219] INFO: world-state:database Creating world state data store at directory /var/folders/ym/q1vh2x5n58xbsmpmvs5_6w3r0000gn/T/aztec-world-state-PE60dL/world_state with map sizes {"archiveTreeMapSizeKb":10485760,"nullifierTreeMapSizeKb":10485760,"noteHashTreeMapSizeKb":10485760,"messageTreeMapSizeKb":10485760,"publicDataTreeMapSizeKb":10485760} and 12 threads (ephemeral=true).
[22:50:39.227] INFO: txe_node Aztec Node version: txe
[22:50:39.227] INFO: txe_node Aztec Node started on chain 0x1
[22:50:39.239] INFO: txe:top_level_context Created block 1 with timestamp 1789192239
[22:50:39.277] INFO: txe:top_level_context Created block 2 with timestamp 1789192239
[22:50:39.339] INFO: simulator:public-processor Processed 1 successful txs and 0 failed txs (0 silently skipped, 0ms wasted) in 0.02836724999999569s {"blockNumber":3,"successfulCount":1,"failedCount":0,"duration":0.02836724999999569,"rate":76401660.36539775,"totalPublicGas":{"daGas":3776,"l2Gas":2167305},"totalBlockGas":{"daGas":3776,"l2Gas":2167305},"totalSizeInBytes":3904,"silentlySkippedCount":0,"silentlySkippedDurationMs":0}
[22:50:39.366] INFO: txe:top_level_context Created block 4 with timestamp 1789192239
[22:50:39.527] INFO: simulator:public-processor Processed 1 successful txs and 0 failed txs (0 silently skipped, 0ms wasted) in 0.0033652920000022276s {"blockNumber":5,"successfulCount":1,"failedCount":0,"duration":0.0033652920000022276,"rate":0,"totalPublicGas":{"daGas":0,"l2Gas":0},"totalBlockGas":{"daGas":1984,"l2Gas":529900},"totalSizeInBytes":1984,"silentlySkippedCount":0,"silentlySkippedDurationMs":0}
[22:50:39.554] INFO: txe:top_level_context Created block 6 with timestamp 1789195840
[22:50:40.002] INFO: simulator:public-processor Processed 1 successful txs and 0 failed txs (0 silently skipped, 0ms wasted) in 0.01986670800000138s {"blockNumber":7,"successfulCount":1,"failedCount":0,"duration":0.01986670800000138,"rate":60206200.24212954,"totalPublicGas":{"daGas":2176,"l2Gas":1196099},"totalBlockGas":{"daGas":3552,"l2Gas":1922849},"totalSizeInBytes":3552,"silentlySkippedCount":0,"silentlySkippedDurationMs":0}
[22:50:40.030] INFO: txe:top_level_context Created block 8 with timestamp 1789199441
[22:50:40.469] INFO: simulator:public-processor Processed 1 successful txs and 0 failed txs (0 silently skipped, 0ms wasted) in 0.00754462500000227s {"blockNumber":9,"successfulCount":1,"failedCount":0,"duration":0.00754462500000227,"rate":12628195.569689857,"totalPublicGas":{"daGas":128,"l2Gas":95275},"totalBlockGas":{"daGas":1504,"l2Gas":822025},"totalSizeInBytes":1504,"silentlySkippedCount":0,"silentlySkippedDurationMs":0}
[billboard_test] Testing test_dummy_post_advances_screening ... [0m[32mok[0m
[22:50:42.320] INFO: kv-store:lmdb-v2 Starting data store with maxReaders 2
[22:50:42.321] INFO: world-state:database Creating world state data store at directory /var/folders/ym/q1vh2x5n58xbsmpmvs5_6w3r0000gn/T/aztec-world-state-WIgGql/world_state with map sizes {"archiveTreeMapSizeKb":10485760,"nullifierTreeMapSizeKb":10485760,"noteHashTreeMapSizeKb":10485760,"messageTreeMapSizeKb":10485760,"publicDataTreeMapSizeKb":10485760} and 12 threads (ephemeral=true).
[22:50:42.330] INFO: txe_node Aztec Node version: txe
[22:50:42.330] INFO: txe_node Aztec Node started on chain 0x1
[22:50:42.341] INFO: txe:top_level_context Created block 1 with timestamp 1789192242
[22:50:42.376] INFO: txe:top_level_context Created block 2 with timestamp 1789192242
[22:50:42.436] INFO: simulator:public-processor Processed 1 successful txs and 0 failed txs (0 silently skipped, 0ms wasted) in 0.027628334000000906s {"blockNumber":3,"successfulCount":1,"failedCount":0,"duration":0.027628334000000906,"rate":78445012.28340185,"totalPublicGas":{"daGas":3776,"l2Gas":2167305},"totalBlockGas":{"daGas":3776,"l2Gas":2167305},"totalSizeInBytes":3904,"silentlySkippedCount":0,"silentlySkippedDurationMs":0}
[22:50:42.463] INFO: txe:top_level_context Created block 4 with timestamp 1789192242
[22:50:42.619] INFO: simulator:public-processor Processed 1 successful txs and 0 failed txs (0 silently skipped, 0ms wasted) in 0.0036082920000044395s {"blockNumber":5,"successfulCount":1,"failedCount":0,"duration":0.0036082920000044395,"rate":0,"totalPublicGas":{"daGas":0,"l2Gas":0},"totalBlockGas":{"daGas":1984,"l2Gas":529900},"totalSizeInBytes":1984,"silentlySkippedCount":0,"silentlySkippedDurationMs":0}
[22:50:42.646] INFO: txe:top_level_context Created block 6 with timestamp 1789195843
[22:50:43.068] INFO: simulator:public-processor Processed 1 successful txs and 0 failed txs (0 silently skipped, 0ms wasted) in 0.007341791000006197s {"blockNumber":7,"successfulCount":1,"failedCount":0,"duration":0.007341791000006197,"rate":12977078.753661005,"totalPublicGas":{"daGas":128,"l2Gas":95275},"totalBlockGas":{"daGas":1504,"l2Gas":822025},"totalSizeInBytes":1504,"silentlySkippedCount":0,"silentlySkippedDurationMs":0}
[22:50:43.103] INFO: simulator:public-processor Processed 1 successful txs and 0 failed txs (0 silently skipped, 0ms wasted) in 0.0041396249999961585s {"blockNumber":8,"successfulCount":1,"failedCount":0,"duration":0.0041396249999961585,"rate":1690008.1529139697,"totalPublicGas":{"daGas":0,"l2Gas":6996},"totalBlockGas":{"daGas":0,"l2Gas":6996},"totalSizeInBytes":128,"silentlySkippedCount":0,"silentlySkippedDurationMs":0}
[22:50:43.122] INFO: simulator:public-processor Processed 1 successful txs and 0 failed txs (0 silently skipped, 0ms wasted) in 0.004106708000006619s {"blockNumber":8,"successfulCount":1,"failedCount":0,"duration":0.004106708000006619,"rate":2089995.19809691,"totalPublicGas":{"daGas":0,"l2Gas":8583},"totalBlockGas":{"daGas":0,"l2Gas":8583},"totalSizeInBytes":128,"silentlySkippedCount":0,"silentlySkippedDurationMs":0}
[22:50:43.144] INFO: simulator:public-processor Processed 1 successful txs and 0 failed txs (0 silently skipped, 0ms wasted) in 0.005933333000000858s {"blockNumber":8,"successfulCount":1,"failedCount":0,"duration":0.005933333000000858,"rate":21022079.832698077,"totalPublicGas":{"daGas":0,"l2Gas":124731},"totalBlockGas":{"daGas":0,"l2Gas":124731},"totalSizeInBytes":128,"silentlySkippedCount":0,"silentlySkippedDurationMs":0}
[billboard_test] Testing test_dummy_post_does_not_store_content ... [0m[32mok[0m
[22:50:44.957] INFO: kv-store:lmdb-v2 Starting data store with maxReaders 2
[22:50:44.958] INFO: world-state:database Creating world state data store at directory /var/folders/ym/q1vh2x5n58xbsmpmvs5_6w3r0000gn/T/aztec-world-state-vgME1s/world_state with map sizes {"archiveTreeMapSizeKb":10485760,"nullifierTreeMapSizeKb":10485760,"noteHashTreeMapSizeKb":10485760,"messageTreeMapSizeKb":10485760,"publicDataTreeMapSizeKb":10485760} and 12 threads (ephemeral=true).
[22:50:44.966] INFO: txe_node Aztec Node version: txe
[22:50:44.966] INFO: txe_node Aztec Node started on chain 0x1
[22:50:44.978] INFO: txe:top_level_context Created block 1 with timestamp 1789192244
[22:50:45.010] INFO: txe:top_level_context Created block 2 with timestamp 1789192244
[22:50:45.070] INFO: simulator:public-processor Processed 1 successful txs and 0 failed txs (0 silently skipped, 0ms wasted) in 0.027231832999998005s {"blockNumber":3,"successfulCount":1,"failedCount":0,"duration":0.027231832999998005,"rate":79587187.53894234,"totalPublicGas":{"daGas":3776,"l2Gas":2167305},"totalBlockGas":{"daGas":3776,"l2Gas":2167305},"totalSizeInBytes":3904,"silentlySkippedCount":0,"silentlySkippedDurationMs":0}
[22:50:45.098] INFO: txe:top_level_context Created block 4 with timestamp 1789192244
[22:50:45.254] INFO: simulator:public-processor Processed 1 successful txs and 0 failed txs (0 silently skipped, 0ms wasted) in 0.0035879580000037093s {"blockNumber":5,"successfulCount":1,"failedCount":0,"duration":0.0035879580000037093,"rate":0,"totalPublicGas":{"daGas":0,"l2Gas":0},"totalBlockGas":{"daGas":1984,"l2Gas":529900},"totalSizeInBytes":1984,"silentlySkippedCount":0,"silentlySkippedDurationMs":0}
[22:50:45.282] INFO: txe:top_level_context Created block 6 with timestamp 1789195845
[22:50:45.720] INFO: simulator:public-processor Processed 1 successful txs and 0 failed txs (0 silently skipped, 0ms wasted) in 0.019710790999997698s {"blockNumber":7,"successfulCount":1,"failedCount":0,"duration":0.019710790999997698,"rate":60682445.46858316,"totalPublicGas":{"daGas":2176,"l2Gas":1196099},"totalBlockGas":{"daGas":3552,"l2Gas":1922849},"totalSizeInBytes":3552,"silentlySkippedCount":0,"silentlySkippedDurationMs":0}
[22:50:45.769] INFO: simulator:public-processor Processed 1 successful txs and 0 failed txs (0 silently skipped, 0ms wasted) in 0.017229833000004875s {"blockNumber":8,"successfulCount":1,"failedCount":0,"duration":0.017229833000004875,"rate":69800850.65245031,"totalPublicGas":{"daGas":2176,"l2Gas":1202657},"totalBlockGas":{"daGas":2176,"l2Gas":1202657},"totalSizeInBytes":2304,"silentlySkippedCount":0,"silentlySkippedDurationMs":0}
[22:50:45.796] INFO: txe:top_level_context Created block 9 with timestamp 1789199445
[22:50:46.235] INFO: simulator:public-processor Processed 1 successful txs and 0 failed txs (0 silently skipped, 0ms wasted) in 0.01910395900000003s {"blockNumber":10,"successfulCount":1,"failedCount":0,"duration":0.01910395900000003,"rate":62610006.64836006,"totalPublicGas":{"daGas":2176,"l2Gas":1196099},"totalBlockGas":{"daGas":3552,"l2Gas":1922849},"totalSizeInBytes":3552,"silentlySkippedCount":0,"silentlySkippedDurationMs":0}
[billboard_test] Testing test_flag_penalty_exact_value ... [0m[32mok[0m
[22:50:48.069] INFO: kv-store:lmdb-v2 Starting data store with maxReaders 2
[22:50:48.070] INFO: world-state:database Creating world state data store at directory /var/folders/ym/q1vh2x5n58xbsmpmvs5_6w3r0000gn/T/aztec-world-state-tYaAc1/world_state with map sizes {"archiveTreeMapSizeKb":10485760,"nullifierTreeMapSizeKb":10485760,"noteHashTreeMapSizeKb":10485760,"messageTreeMapSizeKb":10485760,"publicDataTreeMapSizeKb":10485760} and 12 threads (ephemeral=true).
[22:50:48.078] INFO: txe_node Aztec Node version: txe
[22:50:48.078] INFO: txe_node Aztec Node started on chain 0x1
[22:50:48.090] INFO: txe:top_level_context Created block 1 with timestamp 1789192248
[22:50:48.123] INFO: txe:top_level_context Created block 2 with timestamp 1789192248
[22:50:48.183] INFO: simulator:public-processor Processed 1 successful txs and 0 failed txs (0 silently skipped, 0ms wasted) in 0.02734395900000527s {"blockNumber":3,"successfulCount":1,"failedCount":0,"duration":0.02734395900000527,"rate":79260834.17546019,"totalPublicGas":{"daGas":3776,"l2Gas":2167305},"totalBlockGas":{"daGas":3776,"l2Gas":2167305},"totalSizeInBytes":3904,"silentlySkippedCount":0,"silentlySkippedDurationMs":0}
[22:50:48.211] INFO: txe:top_level_context Created block 4 with timestamp 1789192248
[22:50:48.375] INFO: simulator:public-processor Processed 1 successful txs and 0 failed txs (0 silently skipped, 0ms wasted) in 0.0035182920000006563s {"blockNumber":5,"successfulCount":1,"failedCount":0,"duration":0.0035182920000006563,"rate":0,"totalPublicGas":{"daGas":0,"l2Gas":0},"totalBlockGas":{"daGas":1984,"l2Gas":529900},"totalSizeInBytes":1984,"silentlySkippedCount":0,"silentlySkippedDurationMs":0}
[22:50:48.403] INFO: txe:top_level_context Created block 6 with timestamp 1789195849
[22:50:48.841] INFO: simulator:public-processor Processed 1 successful txs and 0 failed txs (0 silently skipped, 0ms wasted) in 0.019677125000001978s {"blockNumber":7,"successfulCount":1,"failedCount":0,"duration":0.019677125000001978,"rate":60786268.319171615,"totalPublicGas":{"daGas":2176,"l2Gas":1196099},"totalBlockGas":{"daGas":3552,"l2Gas":1922849},"totalSizeInBytes":3552,"silentlySkippedCount":0,"silentlySkippedDurationMs":0}
[22:50:48.868] INFO: txe:top_level_context Created block 8 with timestamp 1789199448
[22:50:49.321] INFO: simulator:public-processor Processed 1 successful txs and 0 failed txs (0 silently skipped, 0ms wasted) in 0.020183333000000858s {"blockNumber":9,"successfulCount":1,"failedCount":0,"duration":0.020183333000000858,"rate":59261718.56749077,"totalPublicGas":{"daGas":2176,"l2Gas":1196099},"totalBlockGas":{"daGas":3552,"l2Gas":1922849},"totalSizeInBytes":3552,"silentlySkippedCount":0,"silentlySkippedDurationMs":0}
[22:50:49.370] INFO: simulator:public-processor Processed 1 successful txs and 0 failed txs (0 silently skipped, 0ms wasted) in 0.017441374999994878s {"blockNumber":10,"successfulCount":1,"failedCount":0,"duration":0.017441374999994878,"rate":68954253.89342028,"totalPublicGas":{"daGas":2176,"l2Gas":1202657},"totalBlockGas":{"daGas":2176,"l2Gas":1202657},"totalSizeInBytes":2304,"silentlySkippedCount":0,"silentlySkippedDurationMs":0}
[22:50:49.419] INFO: simulator:public-processor Processed 1 successful txs and 0 failed txs (0 silently skipped, 0ms wasted) in 0.017762875000000348s {"blockNumber":11,"successfulCount":1,"failedCount":0,"duration":0.017762875000000348,"rate":67706213.09894803,"totalPublicGas":{"daGas":2176,"l2Gas":1202657},"totalBlockGas":{"daGas":2176,"l2Gas":1202657},"totalSizeInBytes":2304,"silentlySkippedCount":0,"silentlySkippedDurationMs":0}
[22:50:49.447] INFO: txe:top_level_context Created block 12 with timestamp 1789203049
[22:50:49.898] INFO: simulator:public-processor Processed 1 successful txs and 0 failed txs (0 silently skipped, 0ms wasted) in 0.019740958000002137s {"blockNumber":13,"successfulCount":1,"failedCount":0,"duration":0.019740958000002137,"rate":60589714.035148166,"totalPublicGas":{"daGas":2176,"l2Gas":1196099},"totalBlockGas":{"daGas":3552,"l2Gas":1922849},"totalSizeInBytes":3552,"silentlySkippedCount":0,"silentlySkippedDurationMs":0}
[billboard_test] Testing test_flag_penalty_two_flags ... [0m[32mok[0m
[22:50:51.739] INFO: kv-store:lmdb-v2 Starting data store with maxReaders 2
[22:50:51.740] INFO: world-state:database Creating world state data store at directory /var/folders/ym/q1vh2x5n58xbsmpmvs5_6w3r0000gn/T/aztec-world-state-OPZnDn/world_state with map sizes {"archiveTreeMapSizeKb":10485760,"nullifierTreeMapSizeKb":10485760,"noteHashTreeMapSizeKb":10485760,"messageTreeMapSizeKb":10485760,"publicDataTreeMapSizeKb":10485760} and 12 threads (ephemeral=true).
[22:50:51.749] INFO: txe_node Aztec Node version: txe
[22:50:51.749] INFO: txe_node Aztec Node started on chain 0x1
[22:50:51.760] INFO: txe:top_level_context Created block 1 with timestamp 1789192251
[22:50:51.794] INFO: txe:top_level_context Created block 2 with timestamp 1789192251
[22:50:51.855] INFO: simulator:public-processor Processed 1 successful txs and 0 failed txs (0 silently skipped, 0ms wasted) in 0.028033167000001413s {"blockNumber":3,"successfulCount":1,"failedCount":0,"duration":0.028033167000001413,"rate":77312170.9723304,"totalPublicGas":{"daGas":3776,"l2Gas":2167305},"totalBlockGas":{"daGas":3776,"l2Gas":2167305},"totalSizeInBytes":3904,"silentlySkippedCount":0,"silentlySkippedDurationMs":0}
[22:50:51.882] INFO: txe:top_level_context Created block 4 with timestamp 1789192251
[22:50:52.039] INFO: simulator:public-processor Processed 1 successful txs and 0 failed txs (0 silently skipped, 0ms wasted) in 0.003817542000004323s {"blockNumber":5,"successfulCount":1,"failedCount":0,"duration":0.003817542000004323,"rate":0,"totalPublicGas":{"daGas":0,"l2Gas":0},"totalBlockGas":{"daGas":1984,"l2Gas":529900},"totalSizeInBytes":1984,"silentlySkippedCount":0,"silentlySkippedDurationMs":0}
[22:50:52.066] INFO: txe:top_level_context Created block 6 with timestamp 1789195852
[22:50:52.500] INFO: simulator:public-processor Processed 1 successful txs and 0 failed txs (0 silently skipped, 0ms wasted) in 0.01909850000000006s {"blockNumber":7,"successfulCount":1,"failedCount":0,"duration":0.01909850000000006,"rate":62627902.7148727,"totalPublicGas":{"daGas":2176,"l2Gas":1196099},"totalBlockGas":{"daGas":3552,"l2Gas":1922849},"totalSizeInBytes":3552,"silentlySkippedCount":0,"silentlySkippedDurationMs":0}
[22:50:52.548] INFO: simulator:public-processor Processed 1 successful txs and 0 failed txs (0 silently skipped, 0ms wasted) in 0.01744645799999853s {"blockNumber":8,"successfulCount":1,"failedCount":0,"duration":0.01744645799999853,"rate":68934164.17246993,"totalPublicGas":{"daGas":2176,"l2Gas":1202657},"totalBlockGas":{"daGas":2176,"l2Gas":1202657},"totalSizeInBytes":2304,"silentlySkippedCount":0,"silentlySkippedDurationMs":0}
[22:50:52.575] INFO: txe:top_level_context Created block 9 with timestamp 1789295852
[22:50:53.017] INFO: simulator:public-processor Processed 1 successful txs and 0 failed txs (0 silently skipped, 0ms wasted) in 0.019462875000004716s {"blockNumber":10,"successfulCount":1,"failedCount":0,"duration":0.019462875000004716,"rate":61455411.90598564,"totalPublicGas":{"daGas":2176,"l2Gas":1196099},"totalBlockGas":{"daGas":3552,"l2Gas":1922849},"totalSizeInBytes":3552,"silentlySkippedCount":0,"silentlySkippedDurationMs":0}
[billboard_test] Testing test_flag_penalty_with_save_up ... [0m[32mok[0m
[22:50:54.839] INFO: kv-store:lmdb-v2 Starting data store with maxReaders 2
[22:50:54.840] INFO: world-state:database Creating world state data store at directory /var/folders/ym/q1vh2x5n58xbsmpmvs5_6w3r0000gn/T/aztec-world-state-Qt9Vn8/world_state with map sizes {"archiveTreeMapSizeKb":10485760,"nullifierTreeMapSizeKb":10485760,"noteHashTreeMapSizeKb":10485760,"messageTreeMapSizeKb":10485760,"publicDataTreeMapSizeKb":10485760} and 12 threads (ephemeral=true).
[22:50:54.849] INFO: txe_node Aztec Node version: txe
[22:50:54.849] INFO: txe_node Aztec Node started on chain 0x1
[22:50:54.860] INFO: txe:top_level_context Created block 1 with timestamp 1789192254
[22:50:54.893] INFO: txe:top_level_context Created block 2 with timestamp 1789192254
[22:50:54.954] INFO: simulator:public-processor Processed 1 successful txs and 0 failed txs (0 silently skipped, 0ms wasted) in 0.02795562500000233s {"blockNumber":3,"successfulCount":1,"failedCount":0,"duration":0.02795562500000233,"rate":77526615.84206468,"totalPublicGas":{"daGas":3776,"l2Gas":2167305},"totalBlockGas":{"daGas":3776,"l2Gas":2167305},"totalSizeInBytes":3904,"silentlySkippedCount":0,"silentlySkippedDurationMs":0}
[22:50:54.981] INFO: txe:top_level_context Created block 4 with timestamp 1789192254
[22:50:55.135] INFO: simulator:public-processor Processed 1 successful txs and 0 failed txs (0 silently skipped, 0ms wasted) in 0.003662124999995285s {"blockNumber":5,"successfulCount":1,"failedCount":0,"duration":0.003662124999995285,"rate":0,"totalPublicGas":{"daGas":0,"l2Gas":0},"totalBlockGas":{"daGas":1984,"l2Gas":529900},"totalSizeInBytes":1984,"silentlySkippedCount":0,"silentlySkippedDurationMs":0}
[22:50:55.163] INFO: txe:top_level_context Created block 6 with timestamp 1789195855
[22:50:55.616] INFO: simulator:public-processor Processed 1 successful txs and 0 failed txs (0 silently skipped, 0ms wasted) in 0.019945832999997946s {"blockNumber":7,"successfulCount":1,"failedCount":0,"duration":0.019945832999997946,"rate":59967362.60652153,"totalPublicGas":{"daGas":2176,"l2Gas":1196099},"totalBlockGas":{"daGas":3552,"l2Gas":1922849},"totalSizeInBytes":3552,"silentlySkippedCount":0,"silentlySkippedDurationMs":0}
[22:50:55.665] INFO: simulator:public-processor Processed 1 successful txs and 0 failed txs (0 silently skipped, 0ms wasted) in 0.01765754100000049s {"blockNumber":8,"successfulCount":1,"failedCount":0,"duration":0.01765754100000049,"rate":68110106.6111055,"totalPublicGas":{"daGas":2176,"l2Gas":1202657},"totalBlockGas":{"daGas":2176,"l2Gas":1202657},"totalSizeInBytes":2304,"silentlySkippedCount":0,"silentlySkippedDurationMs":0}
[22:50:55.700] INFO: simulator:public-processor Processed 1 successful txs and 0 failed txs (0 silently skipped, 0ms wasted) in 0.004171207999999751s {"blockNumber":9,"successfulCount":1,"failedCount":0,"duration":0.004171207999999751,"rate":2092918.8858480614,"totalPublicGas":{"daGas":0,"l2Gas":8730},"totalBlockGas":{"daGas":0,"l2Gas":8730},"totalSizeInBytes":128,"silentlySkippedCount":0,"silentlySkippedDurationMs":0}
[22:50:55.720] INFO: simulator:public-processor Processed 1 successful txs and 0 failed txs (0 silently skipped, 0ms wasted) in 0.004301833999998053s {"blockNumber":9,"successfulCount":1,"failedCount":0,"duration":0.004301833999998053,"rate":2016116.846908534,"totalPublicGas":{"daGas":0,"l2Gas":8673},"totalBlockGas":{"daGas":0,"l2Gas":8673},"totalSizeInBytes":128,"silentlySkippedCount":0,"silentlySkippedDurationMs":0}
[22:50:55.743] INFO: simulator:public-processor Processed 1 successful txs and 0 failed txs (0 silently skipped, 0ms wasted) in 0.006880708000004234s {"blockNumber":9,"successfulCount":1,"failedCount":0,"duration":0.006880708000004234,"rate":17957163.71046758,"totalPublicGas":{"daGas":0,"l2Gas":123558},"totalBlockGas":{"daGas":0,"l2Gas":123558},"totalSizeInBytes":128,"silentlySkippedCount":0,"silentlySkippedDurationMs":0}
[billboard_test] Testing test_full_flow_declare_immoral_after_post ... [0m[32mok[0m
[billboard_test] Testing test_full_flow_deposit_below_minimum ... [0m[32mok[0m
[22:50:57.186] INFO: kv-store:lmdb-v2 Starting data store with maxReaders 2
[22:50:57.187] INFO: world-state:database Creating world state data store at directory /var/folders/ym/q1vh2x5n58xbsmpmvs5_6w3r0000gn/T/aztec-world-state-u4dh4g/world_state with map sizes {"archiveTreeMapSizeKb":10485760,"nullifierTreeMapSizeKb":10485760,"noteHashTreeMapSizeKb":10485760,"messageTreeMapSizeKb":10485760,"publicDataTreeMapSizeKb":10485760} and 12 threads (ephemeral=true).
[22:50:57.196] INFO: txe_node Aztec Node version: txe
[22:50:57.196] INFO: txe_node Aztec Node started on chain 0x1
[22:50:57.207] INFO: txe:top_level_context Created block 1 with timestamp 1789192257
[22:50:57.241] INFO: txe:top_level_context Created block 2 with timestamp 1789192257
[22:50:57.302] INFO: simulator:public-processor Processed 1 successful txs and 0 failed txs (0 silently skipped, 0ms wasted) in 0.02810858300000109s {"blockNumber":3,"successfulCount":1,"failedCount":0,"duration":0.02810858300000109,"rate":77104740.56980802,"totalPublicGas":{"daGas":3776,"l2Gas":2167305},"totalBlockGas":{"daGas":3776,"l2Gas":2167305},"totalSizeInBytes":3904,"silentlySkippedCount":0,"silentlySkippedDurationMs":0}
[22:50:57.330] INFO: txe:top_level_context Created block 4 with timestamp 1789192257
[billboard_test] Testing test_full_flow_double_flag_fails ... [0m[32mok[0m
[22:50:58.916] INFO: kv-store:lmdb-v2 Starting data store with maxReaders 2
[22:50:58.916] INFO: world-state:database Creating world state data store at directory /var/folders/ym/q1vh2x5n58xbsmpmvs5_6w3r0000gn/T/aztec-world-state-zIfVWe/world_state with map sizes {"archiveTreeMapSizeKb":10485760,"nullifierTreeMapSizeKb":10485760,"noteHashTreeMapSizeKb":10485760,"messageTreeMapSizeKb":10485760,"publicDataTreeMapSizeKb":10485760} and 12 threads (ephemeral=true).
[22:50:58.925] INFO: txe_node Aztec Node version: txe
[22:50:58.925] INFO: txe_node Aztec Node started on chain 0x1
[22:50:58.937] INFO: txe:top_level_context Created block 1 with timestamp 1789192258
[22:50:58.969] INFO: txe:top_level_context Created block 2 with timestamp 1789192258
[22:50:59.030] INFO: simulator:public-processor Processed 1 successful txs and 0 failed txs (0 silently skipped, 0ms wasted) in 0.027772041999996874s {"blockNumber":3,"successfulCount":1,"failedCount":0,"duration":0.027772041999996874,"rate":78039094.13647884,"totalPublicGas":{"daGas":3776,"l2Gas":2167305},"totalBlockGas":{"daGas":3776,"l2Gas":2167305},"totalSizeInBytes":3904,"silentlySkippedCount":0,"silentlySkippedDurationMs":0}
[22:50:59.058] INFO: txe:top_level_context Created block 4 with timestamp 1789192258
[22:50:59.216] INFO: simulator:public-processor Processed 1 successful txs and 0 failed txs (0 silently skipped, 0ms wasted) in 0.0038046660000036355s {"blockNumber":5,"successfulCount":1,"failedCount":0,"duration":0.0038046660000036355,"rate":0,"totalPublicGas":{"daGas":0,"l2Gas":0},"totalBlockGas":{"daGas":1984,"l2Gas":529900},"totalSizeInBytes":1984,"silentlySkippedCount":0,"silentlySkippedDurationMs":0}
[22:50:59.244] INFO: txe:top_level_context Created block 6 with timestamp 1789195859
[22:50:59.685] INFO: simulator:public-processor Processed 1 successful txs and 0 failed txs (0 silently skipped, 0ms wasted) in 0.019480250000000525s {"blockNumber":7,"successfulCount":1,"failedCount":0,"duration":0.019480250000000525,"rate":61400598.041604586,"totalPublicGas":{"daGas":2176,"l2Gas":1196099},"totalBlockGas":{"daGas":3552,"l2Gas":1922849},"totalSizeInBytes":3552,"silentlySkippedCount":0,"silentlySkippedDurationMs":0}
[22:50:59.734] INFO: simulator:public-processor Processed 1 successful txs and 0 failed txs (0 silently skipped, 0ms wasted) in 0.016972916999999144s {"blockNumber":8,"successfulCount":1,"failedCount":0,"duration":0.016972916999999144,"rate":70857413.60781182,"totalPublicGas":{"daGas":2176,"l2Gas":1202657},"totalBlockGas":{"daGas":2176,"l2Gas":1202657},"totalSizeInBytes":2304,"silentlySkippedCount":0,"silentlySkippedDurationMs":0}
[22:50:59.770] INFO: simulator:public-processor Processed 1 successful txs and 0 failed txs (0 silently skipped, 0ms wasted) in 0.004930999999996857s {"blockNumber":9,"successfulCount":1,"failedCount":0,"duration":0.004930999999996857,"rate":6800648.9555914365,"totalPublicGas":{"daGas":0,"l2Gas":33534},"totalBlockGas":{"daGas":0,"l2Gas":33534},"totalSizeInBytes":128,"silentlySkippedCount":0,"silentlySkippedDurationMs":0}
[22:50:59.771] WARN: txe:top_level_context Could not find function artifact in contract Billboard for function '0x6675867b' when enriching error callstack
[22:51:01.242] INFO: kv-store:lmdb-v2 Starting data store with maxReaders 2
[22:51:01.243] INFO: world-state:database Creating world state data store at directory /var/folders/ym/q1vh2x5n58xbsmpmvs5_6w3r0000gn/T/aztec-world-state-GOnvN5/world_state with map sizes {"archiveTreeMapSizeKb":10485760,"nullifierTreeMapSizeKb":10485760,"noteHashTreeMapSizeKb":10485760,"messageTreeMapSizeKb":10485760,"publicDataTreeMapSizeKb":10485760} and 12 threads (ephemeral=true).
[22:51:01.251] INFO: txe_node Aztec Node version: txe
[22:51:01.251] INFO: txe_node Aztec Node started on chain 0x1
[22:51:01.263] INFO: txe:top_level_context Created block 1 with timestamp 1789192261
[22:51:01.296] INFO: txe:top_level_context Created block 2 with timestamp 1789192261
[22:51:01.356] INFO: simulator:public-processor Processed 1 successful txs and 0 failed txs (0 silently skipped, 0ms wasted) in 0.027719124999995983s {"blockNumber":3,"successfulCount":1,"failedCount":0,"duration":0.027719124999995983,"rate":78188074.11851254,"totalPublicGas":{"daGas":3776,"l2Gas":2167305},"totalBlockGas":{"daGas":3776,"l2Gas":2167305},"totalSizeInBytes":3904,"silentlySkippedCount":0,"silentlySkippedDurationMs":0}
[22:51:01.384] INFO: txe:top_level_context Created block 4 with timestamp 1789192261
[22:51:01.539] INFO: simulator:public-processor Processed 1 successful txs and 0 failed txs (0 silently skipped, 0ms wasted) in 0.0037699159999974655s {"blockNumber":5,"successfulCount":1,"failedCount":0,"duration":0.0037699159999974655,"rate":0,"totalPublicGas":{"daGas":0,"l2Gas":0},"totalBlockGas":{"daGas":1984,"l2Gas":529900},"totalSizeInBytes":1984,"silentlySkippedCount":0,"silentlySkippedDurationMs":0}
[22:51:01.566] INFO: txe:top_level_context Created block 6 with timestamp 1789195862
[22:51:02.006] INFO: simulator:public-processor Processed 1 successful txs and 0 failed txs (0 silently skipped, 0ms wasted) in 0.019311084000000846s {"blockNumber":7,"successfulCount":1,"failedCount":0,"duration":0.019311084000000846,"rate":61938470.15527184,"totalPublicGas":{"daGas":2176,"l2Gas":1196099},"totalBlockGas":{"daGas":3552,"l2Gas":1922849},"totalSizeInBytes":3552,"silentlySkippedCount":0,"silentlySkippedDurationMs":0}
[22:51:02.041] INFO: simulator:public-processor Processed 1 successful txs and 0 failed txs (0 silently skipped, 0ms wasted) in 0.004271707999992941s {"blockNumber":8,"successfulCount":1,"failedCount":0,"duration":0.004271707999992941,"rate":1637752.3931906302,"totalPublicGas":{"daGas":0,"l2Gas":6996},"totalBlockGas":{"daGas":0,"l2Gas":6996},"totalSizeInBytes":128,"silentlySkippedCount":0,"silentlySkippedDurationMs":0}
[22:51:02.064] INFO: simulator:public-processor Processed 1 successful txs and 0 failed txs (0 silently skipped, 0ms wasted) in 0.006490708999997878s {"blockNumber":8,"successfulCount":1,"failedCount":0,"duration":0.006490708999997878,"rate":19216852.889266916,"totalPublicGas":{"daGas":0,"l2Gas":124731},"totalBlockGas":{"daGas":0,"l2Gas":124731},"totalSizeInBytes":128,"silentlySkippedCount":0,"silentlySkippedDurationMs":0}
[22:51:02.083] INFO: simulator:public-processor Processed 1 successful txs and 0 failed txs (0 silently skipped, 0ms wasted) in 0.0040137919999979205s {"blockNumber":8,"successfulCount":1,"failedCount":0,"duration":0.0040137919999979205,"rate":2138376.8765308335,"totalPublicGas":{"daGas":0,"l2Gas":8583},"totalBlockGas":{"daGas":0,"l2Gas":8583},"totalSizeInBytes":128,"silentlySkippedCount":0,"silentlySkippedDurationMs":0}
[billboard_test] Testing test_full_flow_first_post ... [0m[32mok[0m
[22:51:03.573] INFO: kv-store:lmdb-v2 Starting data store with maxReaders 2
[22:51:03.574] INFO: world-state:database Creating world state data store at directory /var/folders/ym/q1vh2x5n58xbsmpmvs5_6w3r0000gn/T/aztec-world-state-zuKeQo/world_state with map sizes {"archiveTreeMapSizeKb":10485760,"nullifierTreeMapSizeKb":10485760,"noteHashTreeMapSizeKb":10485760,"messageTreeMapSizeKb":10485760,"publicDataTreeMapSizeKb":10485760} and 12 threads (ephemeral=true).
[22:51:03.583] INFO: txe_node Aztec Node version: txe
[22:51:03.583] INFO: txe_node Aztec Node started on chain 0x1
[22:51:03.594] INFO: txe:top_level_context Created block 1 with timestamp 1789192263
[22:51:03.627] INFO: txe:top_level_context Created block 2 with timestamp 1789192263
[22:51:03.687] INFO: simulator:public-processor Processed 1 successful txs and 0 failed txs (0 silently skipped, 0ms wasted) in 0.027423875000000406s {"blockNumber":3,"successfulCount":1,"failedCount":0,"duration":0.027423875000000406,"rate":79029859.93044265,"totalPublicGas":{"daGas":3776,"l2Gas":2167305},"totalBlockGas":{"daGas":3776,"l2Gas":2167305},"totalSizeInBytes":3904,"silentlySkippedCount":0,"silentlySkippedDurationMs":0}
[22:51:03.715] INFO: txe:top_level_context Created block 4 with timestamp 1789192263
[22:51:03.872] INFO: simulator:public-processor Processed 1 successful txs and 0 failed txs (0 silently skipped, 0ms wasted) in 0.003323707999996259s {"blockNumber":5,"successfulCount":1,"failedCount":0,"duration":0.003323707999996259,"rate":0,"totalPublicGas":{"daGas":0,"l2Gas":0},"totalBlockGas":{"daGas":1984,"l2Gas":529900},"totalSizeInBytes":1984,"silentlySkippedCount":0,"silentlySkippedDurationMs":0}
[22:51:03.899] INFO: txe:top_level_context Created block 6 with timestamp 1789195864
[22:51:04.331] INFO: simulator:public-processor Processed 1 successful txs and 0 failed txs (0 silently skipped, 0ms wasted) in 0.019147000000004483s {"blockNumber":7,"successfulCount":1,"failedCount":0,"duration":0.019147000000004483,"rate":62469264.11446806,"totalPublicGas":{"daGas":2176,"l2Gas":1196099},"totalBlockGas":{"daGas":3552,"l2Gas":1922849},"totalSizeInBytes":3552,"silentlySkippedCount":0,"silentlySkippedDurationMs":0}
[22:51:04.379] INFO: simulator:public-processor Processed 1 successful txs and 0 failed txs (0 silently skipped, 0ms wasted) in 0.017383834000000205s {"blockNumber":8,"successfulCount":1,"failedCount":0,"duration":0.017383834000000205,"rate":69182494.49459687,"totalPublicGas":{"daGas":2176,"l2Gas":1202657},"totalBlockGas":{"daGas":2176,"l2Gas":1202657},"totalSizeInBytes":2304,"silentlySkippedCount":0,"silentlySkippedDurationMs":0}
[22:51:04.407] INFO: txe:top_level_context Created block 9 with timestamp 1789199464
[22:51:04.864] INFO: simulator:public-processor Processed 1 successful txs and 0 failed txs (0 silently skipped, 0ms wasted) in 0.02007458300000144s {"blockNumber":10,"successfulCount":1,"failedCount":0,"duration":0.02007458300000144,"rate":59582756.96187135,"totalPublicGas":{"daGas":2176,"l2Gas":1196099},"totalBlockGas":{"daGas":3552,"l2Gas":1922849},"totalSizeInBytes":3552,"silentlySkippedCount":0,"silentlySkippedDurationMs":0}
[22:51:04.893] INFO: txe:top_level_context Created block 11 with timestamp 1789213862
[billboard_test] Testing test_full_flow_flag_penalty_post3_too_early ... [0m[32mok[0m
[22:51:06.725] INFO: kv-store:lmdb-v2 Starting data store with maxReaders 2
[22:51:06.726] INFO: world-state:database Creating world state data store at directory /var/folders/ym/q1vh2x5n58xbsmpmvs5_6w3r0000gn/T/aztec-world-state-ycw8eP/world_state with map sizes {"archiveTreeMapSizeKb":10485760,"nullifierTreeMapSizeKb":10485760,"noteHashTreeMapSizeKb":10485760,"messageTreeMapSizeKb":10485760,"publicDataTreeMapSizeKb":10485760} and 12 threads (ephemeral=true).
[22:51:06.735] INFO: txe_node Aztec Node version: txe
[22:51:06.735] INFO: txe_node Aztec Node started on chain 0x1
[22:51:06.747] INFO: txe:top_level_context Created block 1 with timestamp 1789192266
[22:51:06.782] INFO: txe:top_level_context Created block 2 with timestamp 1789192266
[22:51:06.843] INFO: simulator:public-processor Processed 1 successful txs and 0 failed txs (0 silently skipped, 0ms wasted) in 0.02814299999999639s {"blockNumber":3,"successfulCount":1,"failedCount":0,"duration":0.02814299999999639,"rate":77010446.64748883,"totalPublicGas":{"daGas":3776,"l2Gas":2167305},"totalBlockGas":{"daGas":3776,"l2Gas":2167305},"totalSizeInBytes":3904,"silentlySkippedCount":0,"silentlySkippedDurationMs":0}
[22:51:06.871] INFO: txe:top_level_context Created block 4 with timestamp 1789192266
[22:51:07.025] INFO: simulator:public-processor Processed 1 successful txs and 0 failed txs (0 silently skipped, 0ms wasted) in 0.003439708999998402s {"blockNumber":5,"successfulCount":1,"failedCount":0,"duration":0.003439708999998402,"rate":0,"totalPublicGas":{"daGas":0,"l2Gas":0},"totalBlockGas":{"daGas":1984,"l2Gas":529900},"totalSizeInBytes":1984,"silentlySkippedCount":0,"silentlySkippedDurationMs":0}
[billboard_test] Testing test_full_flow_get_deposit_info ... [0m[32mok[0m
[22:51:08.850] INFO: kv-store:lmdb-v2 Starting data store with maxReaders 2
[22:51:08.852] INFO: world-state:database Creating world state data store at directory /var/folders/ym/q1vh2x5n58xbsmpmvs5_6w3r0000gn/T/aztec-world-state-0LUqpH/world_state with map sizes {"archiveTreeMapSizeKb":10485760,"nullifierTreeMapSizeKb":10485760,"noteHashTreeMapSizeKb":10485760,"messageTreeMapSizeKb":10485760,"publicDataTreeMapSizeKb":10485760} and 12 threads (ephemeral=true).
[22:51:08.866] INFO: txe_node Aztec Node version: txe
[22:51:08.866] INFO: txe_node Aztec Node started on chain 0x1
[22:51:08.878] INFO: txe:top_level_context Created block 1 with timestamp 1789192268
[22:51:08.914] INFO: txe:top_level_context Created block 2 with timestamp 1789192268
[22:51:08.975] INFO: simulator:public-processor Processed 1 successful txs and 0 failed txs (0 silently skipped, 0ms wasted) in 0.027874792000002344s {"blockNumber":3,"successfulCount":1,"failedCount":0,"duration":0.027874792000002344,"rate":77751432.1900525,"totalPublicGas":{"daGas":3776,"l2Gas":2167305},"totalBlockGas":{"daGas":3776,"l2Gas":2167305},"totalSizeInBytes":3904,"silentlySkippedCount":0,"silentlySkippedDurationMs":0}
[22:51:09.003] INFO: txe:top_level_context Created block 4 with timestamp 1789192268
[22:51:09.162] INFO: simulator:public-processor Processed 1 successful txs and 0 failed txs (0 silently skipped, 0ms wasted) in 0.00355037500000617s {"blockNumber":5,"successfulCount":1,"failedCount":0,"duration":0.00355037500000617,"rate":0,"totalPublicGas":{"daGas":0,"l2Gas":0},"totalBlockGas":{"daGas":1984,"l2Gas":529900},"totalSizeInBytes":1984,"silentlySkippedCount":0,"silentlySkippedDurationMs":0}
[22:51:09.189] INFO: txe:top_level_context Created block 6 with timestamp 1789195869
[22:51:09.626] INFO: simulator:public-processor Processed 1 successful txs and 0 failed txs (0 silently skipped, 0ms wasted) in 0.01889166700000351s {"blockNumber":7,"successfulCount":1,"failedCount":0,"duration":0.01889166700000351,"rate":63313576.297940135,"totalPublicGas":{"daGas":2176,"l2Gas":1196099},"totalBlockGas":{"daGas":3552,"l2Gas":1922849},"totalSizeInBytes":3552,"silentlySkippedCount":0,"silentlySkippedDurationMs":0}
[22:51:09.661] INFO: simulator:public-processor Processed 1 successful txs and 0 failed txs (0 silently skipped, 0ms wasted) in 0.004175374999991618s {"blockNumber":8,"successfulCount":1,"failedCount":0,"duration":0.004175374999991618,"rate":1675538.1253214488,"totalPublicGas":{"daGas":0,"l2Gas":6996},"totalBlockGas":{"daGas":0,"l2Gas":6996},"totalSizeInBytes":128,"silentlySkippedCount":0,"silentlySkippedDurationMs":0}
[22:51:09.674] INFO: txe:top_level_context Created block 8 with timestamp 1789199470
[22:51:10.117] INFO: simulator:public-processor Processed 1 successful txs and 0 failed txs (0 silently skipped, 0ms wasted) in 0.019633749999993597s {"blockNumber":9,"successfulCount":1,"failedCount":0,"duration":0.019633749999993597,"rate":60920557.713141404,"totalPublicGas":{"daGas":2176,"l2Gas":1196099},"totalBlockGas":{"daGas":3552,"l2Gas":1922849},"totalSizeInBytes":3552,"silentlySkippedCount":0,"silentlySkippedDurationMs":0}
[22:51:10.153] INFO: simulator:public-processor Processed 1 successful txs and 0 failed txs (0 silently skipped, 0ms wasted) in 0.0043936250000115255s {"blockNumber":10,"successfulCount":1,"failedCount":0,"duration":0.0043936250000115255,"rate":1592307.0357578646,"totalPublicGas":{"daGas":0,"l2Gas":6996},"totalBlockGas":{"daGas":0,"l2Gas":6996},"totalSizeInBytes":128,"silentlySkippedCount":0,"silentlySkippedDurationMs":0}
[22:51:10.165] INFO: txe:top_level_context Created block 10 with timestamp 1789203071
[22:51:10.608] INFO: simulator:public-processor Processed 1 successful txs and 0 failed txs (0 silently skipped, 0ms wasted) in 0.019676667000007s {"blockNumber":11,"successfulCount":1,"failedCount":0,"duration":0.019676667000007,"rate":60787683.19856074,"totalPublicGas":{"daGas":2176,"l2Gas":1196099},"totalBlockGas":{"daGas":3552,"l2Gas":1922849},"totalSizeInBytes":3552,"silentlySkippedCount":0,"silentlySkippedDurationMs":0}
[22:51:10.643] INFO: simulator:public-processor Processed 1 successful txs and 0 failed txs (0 silently skipped, 0ms wasted) in 0.004199417000010726s {"blockNumber":12,"successfulCount":1,"failedCount":0,"duration":0.004199417000010726,"rate":1665945.5348164116,"totalPublicGas":{"daGas":0,"l2Gas":6996},"totalBlockGas":{"daGas":0,"l2Gas":6996},"totalSizeInBytes":128,"silentlySkippedCount":0,"silentlySkippedDurationMs":0}
[22:51:10.664] INFO: simulator:public-processor Processed 1 successful txs and 0 failed txs (0 silently skipped, 0ms wasted) in 0.0065471249999973224s {"blockNumber":12,"successfulCount":1,"failedCount":0,"duration":0.0065471249999973224,"rate":19051262.95894015,"totalPublicGas":{"daGas":0,"l2Gas":124731},"totalBlockGas":{"daGas":0,"l2Gas":124731},"totalSizeInBytes":128,"silentlySkippedCount":0,"silentlySkippedDurationMs":0}
[22:51:10.687] INFO: simulator:public-processor Processed 1 successful txs and 0 failed txs (0 silently skipped, 0ms wasted) in 0.0066644170000072335s {"blockNumber":12,"successfulCount":1,"failedCount":0,"duration":0.0066644170000072335,"rate":18715965.702606037,"totalPublicGas":{"daGas":0,"l2Gas":124731},"totalBlockGas":{"daGas":0,"l2Gas":124731},"totalSizeInBytes":128,"silentlySkippedCount":0,"silentlySkippedDurationMs":0}
[22:51:10.709] INFO: simulator:public-processor Processed 1 successful txs and 0 failed txs (0 silently skipped, 0ms wasted) in 0.006678999999989174s {"blockNumber":12,"successfulCount":1,"failedCount":0,"duration":0.006678999999989174,"rate":18675101.06306366,"totalPublicGas":{"daGas":0,"l2Gas":124731},"totalBlockGas":{"daGas":0,"l2Gas":124731},"totalSizeInBytes":128,"silentlySkippedCount":0,"silentlySkippedDurationMs":0}
[billboard_test] Testing test_full_flow_multiple_posts ... [0m[32mok[0m
[22:51:12.201] INFO: kv-store:lmdb-v2 Starting data store with maxReaders 2
[22:51:12.202] INFO: world-state:database Creating world state data store at directory /var/folders/ym/q1vh2x5n58xbsmpmvs5_6w3r0000gn/T/aztec-world-state-ecZbkw/world_state with map sizes {"archiveTreeMapSizeKb":10485760,"nullifierTreeMapSizeKb":10485760,"noteHashTreeMapSizeKb":10485760,"messageTreeMapSizeKb":10485760,"publicDataTreeMapSizeKb":10485760} and 12 threads (ephemeral=true).
[22:51:12.210] INFO: txe_node Aztec Node version: txe
[22:51:12.210] INFO: txe_node Aztec Node started on chain 0x1
[22:51:12.222] INFO: txe:top_level_context Created block 1 with timestamp 1789192272
[22:51:12.254] INFO: txe:top_level_context Created block 2 with timestamp 1789192272
[22:51:12.314] INFO: simulator:public-processor Processed 1 successful txs and 0 failed txs (0 silently skipped, 0ms wasted) in 0.027634333000009066s {"blockNumber":3,"successfulCount":1,"failedCount":0,"duration":0.027634333000009066,"rate":78427983.04555745,"totalPublicGas":{"daGas":3776,"l2Gas":2167305},"totalBlockGas":{"daGas":3776,"l2Gas":2167305},"totalSizeInBytes":3904,"silentlySkippedCount":0,"silentlySkippedDurationMs":0}
[22:51:12.341] INFO: txe:top_level_context Created block 4 with timestamp 1789192272
[22:51:12.497] INFO: simulator:public-processor Processed 1 successful txs and 0 failed txs (0 silently skipped, 0ms wasted) in 0.0034637080000102286s {"blockNumber":5,"successfulCount":1,"failedCount":0,"duration":0.0034637080000102286,"rate":0,"totalPublicGas":{"daGas":0,"l2Gas":0},"totalBlockGas":{"daGas":1984,"l2Gas":529900},"totalSizeInBytes":1984,"silentlySkippedCount":0,"silentlySkippedDurationMs":0}
[22:51:12.524] INFO: txe:top_level_context Created block 6 with timestamp 1789192372
[billboard_test] Testing test_full_flow_post_too_early ... [0m[32mok[0m
[22:51:14.373] INFO: kv-store:lmdb-v2 Starting data store with maxReaders 2
[22:51:14.374] INFO: world-state:database Creating world state data store at directory /var/folders/ym/q1vh2x5n58xbsmpmvs5_6w3r0000gn/T/aztec-world-state-1K3WG1/world_state with map sizes {"archiveTreeMapSizeKb":10485760,"nullifierTreeMapSizeKb":10485760,"noteHashTreeMapSizeKb":10485760,"messageTreeMapSizeKb":10485760,"publicDataTreeMapSizeKb":10485760} and 12 threads (ephemeral=true).
[22:51:14.383] INFO: txe_node Aztec Node version: txe
[22:51:14.383] INFO: txe_node Aztec Node started on chain 0x1
[22:51:14.394] INFO: txe:top_level_context Created block 1 with timestamp 1789192274
[22:51:14.427] INFO: txe:top_level_context Created block 2 with timestamp 1789192274
[22:51:14.487] INFO: simulator:public-processor Processed 1 successful txs and 0 failed txs (0 silently skipped, 0ms wasted) in 0.02734537499998987s {"blockNumber":3,"successfulCount":1,"failedCount":0,"duration":0.02734537499998987,"rate":79256729.88579614,"totalPublicGas":{"daGas":3776,"l2Gas":2167305},"totalBlockGas":{"daGas":3776,"l2Gas":2167305},"totalSizeInBytes":3904,"silentlySkippedCount":0,"silentlySkippedDurationMs":0}
[22:51:14.515] INFO: txe:top_level_context Created block 4 with timestamp 1789192274
[22:51:14.671] INFO: simulator:public-processor Processed 1 successful txs and 0 failed txs (0 silently skipped, 0ms wasted) in 0.0034300420000072337s {"blockNumber":5,"successfulCount":1,"failedCount":0,"duration":0.0034300420000072337,"rate":0,"totalPublicGas":{"daGas":0,"l2Gas":0},"totalBlockGas":{"daGas":1984,"l2Gas":529900},"totalSizeInBytes":1984,"silentlySkippedCount":0,"silentlySkippedDurationMs":0}
[22:51:14.699] INFO: txe:top_level_context Created block 6 with timestamp 1789195875
[22:51:15.134] INFO: simulator:public-processor Processed 1 successful txs and 0 failed txs (0 silently skipped, 0ms wasted) in 0.019533084000009693s {"blockNumber":7,"successfulCount":1,"failedCount":0,"duration":0.019533084000009693,"rate":61234518.82966389,"totalPublicGas":{"daGas":2176,"l2Gas":1196099},"totalBlockGas":{"daGas":3552,"l2Gas":1922849},"totalSizeInBytes":3552,"silentlySkippedCount":0,"silentlySkippedDurationMs":0}
[22:51:15.162] INFO: txe:top_level_context Created block 8 with timestamp 1789199476
[22:51:15.610] INFO: simulator:public-processor Processed 1 successful txs and 0 failed txs (0 silently skipped, 0ms wasted) in 0.020225666000013007s {"blockNumber":9,"successfulCount":1,"failedCount":0,"duration":0.020225666000013007,"rate":59137681.79496442,"totalPublicGas":{"daGas":2176,"l2Gas":1196099},"totalBlockGas":{"daGas":3552,"l2Gas":1922849},"totalSizeInBytes":3552,"silentlySkippedCount":0,"silentlySkippedDurationMs":0}
[22:51:15.645] INFO: simulator:public-processor Processed 1 successful txs and 0 failed txs (0 silently skipped, 0ms wasted) in 0.0044396249999990684s {"blockNumber":10,"successfulCount":1,"failedCount":0,"duration":0.0044396249999990684,"rate":1575808.767632732,"totalPublicGas":{"daGas":0,"l2Gas":6996},"totalBlockGas":{"daGas":0,"l2Gas":6996},"totalSizeInBytes":128,"silentlySkippedCount":0,"silentlySkippedDurationMs":0}
[22:51:15.668] INFO: simulator:public-processor Processed 1 successful txs and 0 failed txs (0 silently skipped, 0ms wasted) in 0.006881208999999217s {"blockNumber":10,"successfulCount":1,"failedCount":0,"duration":0.006881208999999217,"rate":18126320.534663923,"totalPublicGas":{"daGas":0,"l2Gas":124731},"totalBlockGas":{"daGas":0,"l2Gas":124731},"totalSizeInBytes":128,"silentlySkippedCount":0,"silentlySkippedDurationMs":0}
[billboard_test] Testing test_full_flow_second_post_screens_first ... [0m[32mok[0m
[22:51:17.172] INFO: kv-store:lmdb-v2 Starting data store with maxReaders 2
[22:51:17.173] INFO: world-state:database Creating world state data store at directory /var/folders/ym/q1vh2x5n58xbsmpmvs5_6w3r0000gn/T/aztec-world-state-Rp5nKr/world_state with map sizes {"archiveTreeMapSizeKb":10485760,"nullifierTreeMapSizeKb":10485760,"noteHashTreeMapSizeKb":10485760,"messageTreeMapSizeKb":10485760,"publicDataTreeMapSizeKb":10485760} and 12 threads (ephemeral=true).
[22:51:17.182] INFO: txe_node Aztec Node version: txe
[22:51:17.182] INFO: txe_node Aztec Node started on chain 0x1
[22:51:17.193] INFO: txe:top_level_context Created block 1 with timestamp 1789192277
[22:51:17.229] INFO: txe:top_level_context Created block 2 with timestamp 1789192277
[22:51:17.291] INFO: simulator:public-processor Processed 1 successful txs and 0 failed txs (0 silently skipped, 0ms wasted) in 0.02804170800000429s {"blockNumber":3,"successfulCount":1,"failedCount":0,"duration":0.02804170800000429,"rate":77288623.07530156,"totalPublicGas":{"daGas":3776,"l2Gas":2167305},"totalBlockGas":{"daGas":3776,"l2Gas":2167305},"totalSizeInBytes":3904,"silentlySkippedCount":0,"silentlySkippedDurationMs":0}
[22:51:17.319] INFO: txe:top_level_context Created block 4 with timestamp 1789192277
[22:51:17.475] INFO: simulator:public-processor Processed 1 successful txs and 0 failed txs (0 silently skipped, 0ms wasted) in 0.0036577919999981534s {"blockNumber":5,"successfulCount":1,"failedCount":0,"duration":0.0036577919999981534,"rate":0,"totalPublicGas":{"daGas":0,"l2Gas":0},"totalBlockGas":{"daGas":1984,"l2Gas":529900},"totalSizeInBytes":1984,"silentlySkippedCount":0,"silentlySkippedDurationMs":0}
[22:51:17.504] INFO: txe:top_level_context Created block 6 with timestamp 1789195878
[22:51:17.945] INFO: simulator:public-processor Processed 1 successful txs and 0 failed txs (0 silently skipped, 0ms wasted) in 0.01911745799999335s {"blockNumber":7,"successfulCount":1,"failedCount":0,"duration":0.01911745799999335,"rate":62565797.18916689,"totalPublicGas":{"daGas":2176,"l2Gas":1196099},"totalBlockGas":{"daGas":3552,"l2Gas":1922849},"totalSizeInBytes":3552,"silentlySkippedCount":0,"silentlySkippedDurationMs":0}
[22:51:17.994] INFO: simulator:public-processor Processed 1 successful txs and 0 failed txs (0 silently skipped, 0ms wasted) in 0.017512791000001016s {"blockNumber":8,"successfulCount":1,"failedCount":0,"duration":0.017512791000001016,"rate":68673063.02004804,"totalPublicGas":{"daGas":2176,"l2Gas":1202657},"totalBlockGas":{"daGas":2176,"l2Gas":1202657},"totalSizeInBytes":2304,"silentlySkippedCount":0,"silentlySkippedDurationMs":0}
[22:51:18.022] INFO: txe:top_level_context Created block 9 with timestamp 1789199478
[billboard_test] Testing test_full_flow_second_post_with_flag ... [0m[32mok[0m
[22:51:18.464] INFO: simulator:public-processor Processed 1 successful txs and 0 failed txs (0 silently skipped, 0ms wasted) in 0.01942083299999649s {"blockNumber":10,"successfulCount":1,"failedCount":0,"duration":0.01942083299999649,"rate":61588449.88781975,"totalPublicGas":{"daGas":2176,"l2Gas":1196099},"totalBlockGas":{"daGas":3552,"l2Gas":1922849},"totalSizeInBytes":3552,"silentlySkippedCount":0,"silentlySkippedDurationMs":0}
[22:51:18.499] INFO: simulator:public-processor Processed 1 successful txs and 0 failed txs (0 silently skipped, 0ms wasted) in 0.004089957999996841s {"blockNumber":11,"successfulCount":1,"failedCount":0,"duration":0.004089957999996841,"rate":1710531.0127892273,"totalPublicGas":{"daGas":0,"l2Gas":6996},"totalBlockGas":{"daGas":0,"l2Gas":6996},"totalSizeInBytes":128,"silentlySkippedCount":0,"silentlySkippedDurationMs":0}
[22:51:20.008] INFO: kv-store:lmdb-v2 Starting data store with maxReaders 2
[22:51:20.009] INFO: world-state:database Creating world state data store at directory /var/folders/ym/q1vh2x5n58xbsmpmvs5_6w3r0000gn/T/aztec-world-state-JcE1Dd/world_state with map sizes {"archiveTreeMapSizeKb":10485760,"nullifierTreeMapSizeKb":10485760,"noteHashTreeMapSizeKb":10485760,"messageTreeMapSizeKb":10485760,"publicDataTreeMapSizeKb":10485760} and 12 threads (ephemeral=true).
[22:51:20.018] INFO: txe_node Aztec Node version: txe
[22:51:20.018] INFO: txe_node Aztec Node started on chain 0x1
[22:51:20.030] INFO: txe:top_level_context Created block 1 with timestamp 1789192280
[22:51:20.063] INFO: txe:top_level_context Created block 2 with timestamp 1789192280
[22:51:20.128] INFO: simulator:public-processor Processed 1 successful txs and 0 failed txs (0 silently skipped, 0ms wasted) in 0.0285455409999995s {"blockNumber":3,"successfulCount":1,"failedCount":0,"duration":0.0285455409999995,"rate":75924467.50264911,"totalPublicGas":{"daGas":3776,"l2Gas":2167305},"totalBlockGas":{"daGas":3776,"l2Gas":2167305},"totalSizeInBytes":3904,"silentlySkippedCount":0,"silentlySkippedDurationMs":0}
[22:51:20.155] INFO: txe:top_level_context Created block 4 with timestamp 1789192280
[22:51:20.311] INFO: simulator:public-processor Processed 1 successful txs and 0 failed txs (0 silently skipped, 0ms wasted) in 0.0036207920000015294s {"blockNumber":5,"successfulCount":1,"failedCount":0,"duration":0.0036207920000015294,"rate":0,"totalPublicGas":{"daGas":0,"l2Gas":0},"totalBlockGas":{"daGas":1984,"l2Gas":529900},"totalSizeInBytes":1984,"silentlySkippedCount":0,"silentlySkippedDurationMs":0}
[22:51:20.338] INFO: txe:top_level_context Created block 6 with timestamp 1789195881
[22:51:20.781] INFO: simulator:public-processor Processed 1 successful txs and 0 failed txs (0 silently skipped, 0ms wasted) in 0.019774374999993596s {"blockNumber":7,"successfulCount":1,"failedCount":0,"duration":0.019774374999993596,"rate":60487322.60819305,"totalPublicGas":{"daGas":2176,"l2Gas":1196099},"totalBlockGas":{"daGas":3552,"l2Gas":1922849},"totalSizeInBytes":3552,"silentlySkippedCount":0,"silentlySkippedDurationMs":0}
[22:51:20.809] INFO: txe:top_level_context Created block 8 with timestamp 1789199482
[billboard_test] Testing test_full_flow_second_post_without_flag ... [0m[32mok[0m
[22:51:21.264] INFO: simulator:public-processor Processed 1 successful txs and 0 failed txs (0 silently skipped, 0ms wasted) in 0.019544416999997337s {"blockNumber":9,"successfulCount":1,"failedCount":0,"duration":0.019544416999997337,"rate":61199011.461951666,"totalPublicGas":{"daGas":2176,"l2Gas":1196099},"totalBlockGas":{"daGas":3552,"l2Gas":1922849},"totalSizeInBytes":3552,"silentlySkippedCount":0,"silentlySkippedDurationMs":0}
[22:51:21.299] INFO: simulator:public-processor Processed 1 successful txs and 0 failed txs (0 silently skipped, 0ms wasted) in 0.0040092500000027936s {"blockNumber":10,"successfulCount":1,"failedCount":0,"duration":0.0040092500000027936,"rate":1744964.768970537,"totalPublicGas":{"daGas":0,"l2Gas":6996},"totalBlockGas":{"daGas":0,"l2Gas":6996},"totalSizeInBytes":128,"silentlySkippedCount":0,"silentlySkippedDurationMs":0}
[billboard_test] Testing test_get_post_rejects_invalid_id ... [0m[32mok[0m
[22:51:22.740] INFO: kv-store:lmdb-v2 Starting data store with maxReaders 2
[22:51:22.741] INFO: world-state:database Creating world state data store at directory /var/folders/ym/q1vh2x5n58xbsmpmvs5_6w3r0000gn/T/aztec-world-state-F8BH6m/world_state with map sizes {"archiveTreeMapSizeKb":10485760,"nullifierTreeMapSizeKb":10485760,"noteHashTreeMapSizeKb":10485760,"messageTreeMapSizeKb":10485760,"publicDataTreeMapSizeKb":10485760} and 12 threads (ephemeral=true).
[22:51:22.750] INFO: txe_node Aztec Node version: txe
[22:51:22.750] INFO: txe_node Aztec Node started on chain 0x1
[22:51:22.761] INFO: txe:top_level_context Created block 1 with timestamp 1789192282
[22:51:22.791] INFO: txe:top_level_context Created block 2 with timestamp 1789192282
[22:51:22.853] INFO: simulator:public-processor Processed 1 successful txs and 0 failed txs (0 silently skipped, 0ms wasted) in 0.02758279099999345s {"blockNumber":3,"successfulCount":1,"failedCount":0,"duration":0.02758279099999345,"rate":78574535.84013723,"totalPublicGas":{"daGas":3776,"l2Gas":2167305},"totalBlockGas":{"daGas":3776,"l2Gas":2167305},"totalSizeInBytes":3904,"silentlySkippedCount":0,"silentlySkippedDurationMs":0}
[22:51:22.888] INFO: simulator:public-processor Processed 1 successful txs and 0 failed txs (0 silently skipped, 0ms wasted) in 0.0044189160000096305s {"blockNumber":4,"successfulCount":1,"failedCount":0,"duration":0.0044189160000096305,"rate":1632753.372090412,"totalPublicGas":{"daGas":0,"l2Gas":7215},"totalBlockGas":{"daGas":0,"l2Gas":7215},"totalSizeInBytes":128,"silentlySkippedCount":0,"silentlySkippedDurationMs":0}
[22:51:22.889] WARN: txe:top_level_context Could not find function artifact in contract Billboard for function '0x3bc1b6cc' when enriching error callstack
[22:51:24.356] INFO: kv-store:lmdb-v2 Starting data store with maxReaders 2
[22:51:24.357] INFO: world-state:database Creating world state data store at directory /var/folders/ym/q1vh2x5n58xbsmpmvs5_6w3r0000gn/T/aztec-world-state-8iHDry/world_state with map sizes {"archiveTreeMapSizeKb":10485760,"nullifierTreeMapSizeKb":10485760,"noteHashTreeMapSizeKb":10485760,"messageTreeMapSizeKb":10485760,"publicDataTreeMapSizeKb":10485760} and 12 threads (ephemeral=true).
[22:51:24.366] INFO: txe_node Aztec Node version: txe
[22:51:24.366] INFO: txe_node Aztec Node started on chain 0x1
[22:51:24.379] INFO: txe:top_level_context Created block 1 with timestamp 1789192284
[22:51:24.411] INFO: txe:top_level_context Created block 2 with timestamp 1789192284
[22:51:24.486] INFO: simulator:public-processor Processed 1 successful txs and 0 failed txs (0 silently skipped, 0ms wasted) in 0.03489395900000818s {"blockNumber":3,"successfulCount":1,"failedCount":0,"duration":0.03489395900000818,"rate":62111180.90668622,"totalPublicGas":{"daGas":3776,"l2Gas":2167305},"totalBlockGas":{"daGas":3776,"l2Gas":2167305},"totalSizeInBytes":3904,"silentlySkippedCount":0,"silentlySkippedDurationMs":0}
[22:51:24.524] INFO: simulator:public-processor Processed 1 successful txs and 0 failed txs (0 silently skipped, 0ms wasted) in 0.004849583000002895s {"blockNumber":4,"successfulCount":1,"failedCount":0,"duration":0.004849583000002895,"rate":1800154.776193085,"totalPublicGas":{"daGas":0,"l2Gas":8730},"totalBlockGas":{"daGas":0,"l2Gas":8730},"totalSizeInBytes":128,"silentlySkippedCount":0,"silentlySkippedDurationMs":0}
[billboard_test] Testing test_init_default_flag_state ... [0m[32mok[0m
[billboard_test] Testing test_init_rejects_policy_too_long ... [0m[32mok[0m
[22:51:26.014] INFO: kv-store:lmdb-v2 Starting data store with maxReaders 2
[22:51:26.015] INFO: world-state:database Creating world state data store at directory /var/folders/ym/q1vh2x5n58xbsmpmvs5_6w3r0000gn/T/aztec-world-state-10bS7a/world_state with map sizes {"archiveTreeMapSizeKb":10485760,"nullifierTreeMapSizeKb":10485760,"noteHashTreeMapSizeKb":10485760,"messageTreeMapSizeKb":10485760,"publicDataTreeMapSizeKb":10485760} and 12 threads (ephemeral=true).
[22:51:26.024] INFO: txe_node Aztec Node version: txe
[22:51:26.024] INFO: txe_node Aztec Node started on chain 0x1
[22:51:26.035] INFO: txe:top_level_context Created block 1 with timestamp 1789192286
[22:51:26.073] INFO: txe:top_level_context Created block 2 with timestamp 1789192286
[22:51:26.111] INFO: simulator:public-processor Processed 1 successful txs and 0 failed txs (0 silently skipped, 0ms wasted) in 0.005909832999997889s {"blockNumber":3,"successfulCount":1,"failedCount":0,"duration":0.005909832999997889,"rate":20154376.612679675,"totalPublicGas":{"daGas":0,"l2Gas":119109},"totalBlockGas":{"daGas":0,"l2Gas":119109},"totalSizeInBytes":128,"silentlySkippedCount":0,"silentlySkippedDurationMs":0}
[22:51:26.113] WARN: txe:top_level_context Could not find function artifact in contract Billboard for function '0x609f9c98' when enriching error callstack
[22:51:27.540] INFO: kv-store:lmdb-v2 Starting data store with maxReaders 2
[22:51:27.540] INFO: world-state:database Creating world state data store at directory /var/folders/ym/q1vh2x5n58xbsmpmvs5_6w3r0000gn/T/aztec-world-state-S9xO3R/world_state with map sizes {"archiveTreeMapSizeKb":10485760,"nullifierTreeMapSizeKb":10485760,"noteHashTreeMapSizeKb":10485760,"messageTreeMapSizeKb":10485760,"publicDataTreeMapSizeKb":10485760} and 12 threads (ephemeral=true).
[22:51:27.549] INFO: txe_node Aztec Node version: txe
[22:51:27.549] INFO: txe_node Aztec Node started on chain 0x1
[22:51:27.560] INFO: txe:top_level_context Created block 1 with timestamp 1789192287
[22:51:27.598] INFO: txe:top_level_context Created block 2 with timestamp 1789192287
[22:51:27.637] INFO: simulator:public-processor Processed 1 successful txs and 0 failed txs (0 silently skipped, 0ms wasted) in 0.006059124999999767s {"blockNumber":3,"successfulCount":1,"failedCount":0,"duration":0.006059124999999767,"rate":19608771.89363226,"totalPublicGas":{"daGas":0,"l2Gas":118812},"totalBlockGas":{"daGas":0,"l2Gas":118812},"totalSizeInBytes":128,"silentlySkippedCount":0,"silentlySkippedDurationMs":0}
[22:51:27.638] WARN: txe:top_level_context Could not find function artifact in contract Billboard for function '0x609f9c98' when enriching error callstack
[billboard_test] Testing test_init_rejects_zero_base_cooldown ... [0m[32mok[0m
[billboard_test] Testing test_init_rejects_zero_censor_window ... [0m[32mok[0m
[22:51:29.138] INFO: kv-store:lmdb-v2 Starting data store with maxReaders 2
[22:51:29.139] INFO: world-state:database Creating world state data store at directory /var/folders/ym/q1vh2x5n58xbsmpmvs5_6w3r0000gn/T/aztec-world-state-e7b9qr/world_state with map sizes {"archiveTreeMapSizeKb":10485760,"nullifierTreeMapSizeKb":10485760,"noteHashTreeMapSizeKb":10485760,"messageTreeMapSizeKb":10485760,"publicDataTreeMapSizeKb":10485760} and 12 threads (ephemeral=true).
[22:51:29.149] INFO: txe_node Aztec Node version: txe
[22:51:29.149] INFO: txe_node Aztec Node started on chain 0x1
[22:51:29.161] INFO: txe:top_level_context Created block 1 with timestamp 1789192289
[22:51:29.218] INFO: txe:top_level_context Created block 2 with timestamp 1789192289
[22:51:29.299] INFO: simulator:public-processor Processed 1 successful txs and 0 failed txs (0 silently skipped, 0ms wasted) in 0.01413904100000218s {"blockNumber":3,"successfulCount":1,"failedCount":0,"duration":0.01413904100000218,"rate":8412876.092514453,"totalPublicGas":{"daGas":0,"l2Gas":118950},"totalBlockGas":{"daGas":0,"l2Gas":118950},"totalSizeInBytes":128,"silentlySkippedCount":0,"silentlySkippedDurationMs":0}
[22:51:29.300] WARN: txe:top_level_context Could not find function artifact in contract Billboard for function '0x609f9c98' when enriching error callstack
[billboard_test] Testing test_init_rejects_zero_k ... [0m[32mok[0m
[22:51:30.806] INFO: kv-store:lmdb-v2 Starting data store with maxReaders 2
[22:51:30.806] INFO: world-state:database Creating world state data store at directory /var/folders/ym/q1vh2x5n58xbsmpmvs5_6w3r0000gn/T/aztec-world-state-upfIHr/world_state with map sizes {"archiveTreeMapSizeKb":10485760,"nullifierTreeMapSizeKb":10485760,"noteHashTreeMapSizeKb":10485760,"messageTreeMapSizeKb":10485760,"publicDataTreeMapSizeKb":10485760} and 12 threads (ephemeral=true).
[22:51:30.815] INFO: txe_node Aztec Node version: txe
[22:51:30.815] INFO: txe_node Aztec Node started on chain 0x1
[22:51:30.827] INFO: txe:top_level_context Created block 1 with timestamp 1789192290
[22:51:30.868] INFO: txe:top_level_context Created block 2 with timestamp 1789192290
[22:51:30.907] INFO: simulator:public-processor Processed 1 successful txs and 0 failed txs (0 silently skipped, 0ms wasted) in 0.005741792000000715s {"blockNumber":3,"successfulCount":1,"failedCount":0,"duration":0.005741792000000715,"rate":20704511.762178987,"totalPublicGas":{"daGas":0,"l2Gas":118881},"totalBlockGas":{"daGas":0,"l2Gas":118881},"totalSizeInBytes":128,"silentlySkippedCount":0,"silentlySkippedDurationMs":0}
[22:51:30.908] WARN: txe:top_level_context Could not find function artifact in contract Billboard for function '0x609f9c98' when enriching error callstack
[billboard_test] Testing test_init_rejects_zero_max_save_up ... [0m[32mok[0m
[22:51:32.373] INFO: kv-store:lmdb-v2 Starting data store with maxReaders 2
[22:51:32.373] INFO: world-state:database Creating world state data store at directory /var/folders/ym/q1vh2x5n58xbsmpmvs5_6w3r0000gn/T/aztec-world-state-vshj0B/world_state with map sizes {"archiveTreeMapSizeKb":10485760,"nullifierTreeMapSizeKb":10485760,"noteHashTreeMapSizeKb":10485760,"messageTreeMapSizeKb":10485760,"publicDataTreeMapSizeKb":10485760} and 12 threads (ephemeral=true).
[22:51:32.382] INFO: txe_node Aztec Node version: txe
[22:51:32.382] INFO: txe_node Aztec Node started on chain 0x1
[22:51:32.394] INFO: txe:top_level_context Created block 1 with timestamp 1789192292
[22:51:32.433] INFO: txe:top_level_context Created block 2 with timestamp 1789192292
[22:51:32.473] INFO: simulator:public-processor Processed 1 successful txs and 0 failed txs (0 silently skipped, 0ms wasted) in 0.005604999999995926s {"blockNumber":3,"successfulCount":1,"failedCount":0,"duration":0.005604999999995926,"rate":21234433.541496255,"totalPublicGas":{"daGas":0,"l2Gas":119019},"totalBlockGas":{"daGas":0,"l2Gas":119019},"totalSizeInBytes":128,"silentlySkippedCount":0,"silentlySkippedDurationMs":0}
[22:51:32.474] WARN: txe:top_level_context Could not find function artifact in contract Billboard for function '0x609f9c98' when enriching error callstack
[billboard_test] Testing test_init_rejects_zero_min_deposit ... [0m[32mok[0m
[22:51:33.934] INFO: kv-store:lmdb-v2 Starting data store with maxReaders 2
[22:51:33.934] INFO: world-state:database Creating world state data store at directory /var/folders/ym/q1vh2x5n58xbsmpmvs5_6w3r0000gn/T/aztec-world-state-bt6tBG/world_state with map sizes {"archiveTreeMapSizeKb":10485760,"nullifierTreeMapSizeKb":10485760,"noteHashTreeMapSizeKb":10485760,"messageTreeMapSizeKb":10485760,"publicDataTreeMapSizeKb":10485760} and 12 threads (ephemeral=true).
[22:51:33.943] INFO: txe_node Aztec Node version: txe
[22:51:33.943] INFO: txe_node Aztec Node started on chain 0x1
[22:51:33.955] INFO: txe:top_level_context Created block 1 with timestamp 1789192293
[22:51:33.993] INFO: txe:top_level_context Created block 2 with timestamp 1789192293
[22:51:34.038] INFO: simulator:public-processor Processed 1 successful txs and 0 failed txs (0 silently skipped, 0ms wasted) in 0.011425291000006837s {"blockNumber":3,"successfulCount":1,"failedCount":0,"duration":0.011425291000006837,"rate":10390107.350432385,"totalPublicGas":{"daGas":0,"l2Gas":118710},"totalBlockGas":{"daGas":0,"l2Gas":118710},"totalSizeInBytes":128,"silentlySkippedCount":0,"silentlySkippedDurationMs":0}
[22:51:34.039] WARN: txe:top_level_context Could not find function artifact in contract Billboard for function '0x609f9c98' when enriching error callstack
[22:51:35.556] INFO: kv-store:lmdb-v2 Starting data store with maxReaders 2
[22:51:35.558] INFO: world-state:database Creating world state data store at directory /var/folders/ym/q1vh2x5n58xbsmpmvs5_6w3r0000gn/T/aztec-world-state-FJUFdl/world_state with map sizes {"archiveTreeMapSizeKb":10485760,"nullifierTreeMapSizeKb":10485760,"noteHashTreeMapSizeKb":10485760,"messageTreeMapSizeKb":10485760,"publicDataTreeMapSizeKb":10485760} and 12 threads (ephemeral=true).
[22:51:35.567] INFO: txe_node Aztec Node version: txe
[22:51:35.567] INFO: txe_node Aztec Node started on chain 0x1
[22:51:35.578] INFO: txe:top_level_context Created block 1 with timestamp 1789192295
[22:51:35.609] INFO: txe:top_level_context Created block 2 with timestamp 1789192295
[22:51:35.670] INFO: simulator:public-processor Processed 1 successful txs and 0 failed txs (0 silently skipped, 0ms wasted) in 0.027674208999989788s {"blockNumber":3,"successfulCount":1,"failedCount":0,"duration":0.027674208999989788,"rate":78314975.5066459,"totalPublicGas":{"daGas":3776,"l2Gas":2167305},"totalBlockGas":{"daGas":3776,"l2Gas":2167305},"totalSizeInBytes":3904,"silentlySkippedCount":0,"silentlySkippedDurationMs":0}
[22:51:35.706] INFO: simulator:public-processor Processed 1 successful txs and 0 failed txs (0 silently skipped, 0ms wasted) in 0.004274583999998868s {"blockNumber":4,"successfulCount":1,"failedCount":0,"duration":0.004274583999998868,"rate":1845091.8264799777,"totalPublicGas":{"daGas":0,"l2Gas":7887},"totalBlockGas":{"daGas":0,"l2Gas":7887},"totalSizeInBytes":128,"silentlySkippedCount":0,"silentlySkippedDurationMs":0}
[22:51:35.726] INFO: simulator:public-processor Processed 1 successful txs and 0 failed txs (0 silently skipped, 0ms wasted) in 0.004301042000006419s {"blockNumber":4,"successfulCount":1,"failedCount":0,"duration":0.004301042000006419,"rate":1852574.329659675,"totalPublicGas":{"daGas":0,"l2Gas":7968},"totalBlockGas":{"daGas":0,"l2Gas":7968},"totalSizeInBytes":128,"silentlySkippedCount":0,"silentlySkippedDurationMs":0}
[22:51:35.747] INFO: simulator:public-processor Processed 1 successful txs and 0 failed txs (0 silently skipped, 0ms wasted) in 0.004372083000009298s {"blockNumber":4,"successfulCount":1,"failedCount":0,"duration":0.004372083000009298,"rate":1729839.0721273855,"totalPublicGas":{"daGas":0,"l2Gas":7563},"totalBlockGas":{"daGas":0,"l2Gas":7563},"totalSizeInBytes":128,"silentlySkippedCount":0,"silentlySkippedDurationMs":0}
[22:51:35.767] INFO: simulator:public-processor Processed 1 successful txs and 0 failed txs (0 silently skipped, 0ms wasted) in 0.004276583999991999s {"blockNumber":4,"successfulCount":1,"failedCount":0,"duration":0.004276583999991999,"rate":1787407.8937802461,"totalPublicGas":{"daGas":0,"l2Gas":7644},"totalBlockGas":{"daGas":0,"l2Gas":7644},"totalSizeInBytes":128,"silentlySkippedCount":0,"silentlySkippedDurationMs":0}
[22:51:35.787] INFO: simulator:public-processor Processed 1 successful txs and 0 failed txs (0 silently skipped, 0ms wasted) in 0.004329125000003842s {"blockNumber":4,"successfulCount":1,"failedCount":0,"duration":0.004329125000003842,"rate":1784425.2591443176,"totalPublicGas":{"daGas":0,"l2Gas":7725},"totalBlockGas":{"daGas":0,"l2Gas":7725},"totalSizeInBytes":128,"silentlySkippedCount":0,"silentlySkippedDurationMs":0}
[22:51:35.807] INFO: simulator:public-processor Processed 1 successful txs and 0 failed txs (0 silently skipped, 0ms wasted) in 0.0042055419999960575s {"blockNumber":4,"successfulCount":1,"failedCount":0,"duration":0.0042055419999960575,"rate":1761960.7651063637,"totalPublicGas":{"daGas":0,"l2Gas":7410},"totalBlockGas":{"daGas":0,"l2Gas":7410},"totalSizeInBytes":128,"silentlySkippedCount":0,"silentlySkippedDurationMs":0}
[22:51:35.828] INFO: simulator:public-processor Processed 1 successful txs and 0 failed txs (0 silently skipped, 0ms wasted) in 0.0043794590000034075s {"blockNumber":4,"successfulCount":1,"failedCount":0,"duration":0.0043794590000034075,"rate":1765971.5503659202,"totalPublicGas":{"daGas":0,"l2Gas":7734},"totalBlockGas":{"daGas":0,"l2Gas":7734},"totalSizeInBytes":128,"silentlySkippedCount":0,"silentlySkippedDurationMs":0}
[22:51:35.848] INFO: simulator:public-processor Processed 1 successful txs and 0 failed txs (0 silently skipped, 0ms wasted) in 0.004346542000013869s {"blockNumber":4,"successfulCount":1,"failedCount":0,"duration":0.004346542000013869,"rate":1609555.3660766827,"totalPublicGas":{"daGas":0,"l2Gas":6996},"totalBlockGas":{"daGas":0,"l2Gas":6996},"totalSizeInBytes":128,"silentlySkippedCount":0,"silentlySkippedDurationMs":0}
[22:51:35.868] INFO: simulator:public-processor Processed 1 successful txs and 0 failed txs (0 silently skipped, 0ms wasted) in 0.004246583000000101s {"blockNumber":4,"successfulCount":1,"failedCount":0,"duration":0.004246583000000101,"rate":1930022.3261855016,"totalPublicGas":{"daGas":0,"l2Gas":8196},"totalBlockGas":{"daGas":0,"l2Gas":8196},"totalSizeInBytes":128,"silentlySkippedCount":0,"silentlySkippedDurationMs":0}
[billboard_test] Testing test_init_sets_all_parameters ... [0m[32mok[0m
[billboard_test] Testing test_init_sets_empty_policy ... [0m[32mok[0m
[22:51:37.330] INFO: kv-store:lmdb-v2 Starting data store with maxReaders 2
[22:51:37.332] INFO: world-state:database Creating world state data store at directory /var/folders/ym/q1vh2x5n58xbsmpmvs5_6w3r0000gn/T/aztec-world-state-ceR0qk/world_state with map sizes {"archiveTreeMapSizeKb":10485760,"nullifierTreeMapSizeKb":10485760,"noteHashTreeMapSizeKb":10485760,"messageTreeMapSizeKb":10485760,"publicDataTreeMapSizeKb":10485760} and 12 threads (ephemeral=true).
[22:51:37.341] INFO: txe_node Aztec Node version: txe
[22:51:37.341] INFO: txe_node Aztec Node started on chain 0x1
[22:51:37.353] INFO: txe:top_level_context Created block 1 with timestamp 1789192297
[22:51:37.384] INFO: txe:top_level_context Created block 2 with timestamp 1789192297
[22:51:37.446] INFO: simulator:public-processor Processed 1 successful txs and 0 failed txs (0 silently skipped, 0ms wasted) in 0.028453584000002592s {"blockNumber":3,"successfulCount":1,"failedCount":0,"duration":0.028453584000002592,"rate":76169842.08385849,"totalPublicGas":{"daGas":3776,"l2Gas":2167305},"totalBlockGas":{"daGas":3776,"l2Gas":2167305},"totalSizeInBytes":3904,"silentlySkippedCount":0,"silentlySkippedDurationMs":0}
[22:51:37.485] INFO: simulator:public-processor Processed 1 successful txs and 0 failed txs (0 silently skipped, 0ms wasted) in 0.007046375000005355s {"blockNumber":4,"successfulCount":1,"failedCount":0,"duration":0.007046375000005355,"rate":16342871.334539033,"totalPublicGas":{"daGas":0,"l2Gas":115158},"totalBlockGas":{"daGas":0,"l2Gas":115158},"totalSizeInBytes":128,"silentlySkippedCount":0,"silentlySkippedDurationMs":0}
[22:51:38.953] INFO: kv-store:lmdb-v2 Starting data store with maxReaders 2
[22:51:38.954] INFO: world-state:database Creating world state data store at directory /var/folders/ym/q1vh2x5n58xbsmpmvs5_6w3r0000gn/T/aztec-world-state-A2LtSK/world_state with map sizes {"archiveTreeMapSizeKb":10485760,"nullifierTreeMapSizeKb":10485760,"noteHashTreeMapSizeKb":10485760,"messageTreeMapSizeKb":10485760,"publicDataTreeMapSizeKb":10485760} and 12 threads (ephemeral=true).
[22:51:38.963] INFO: txe_node Aztec Node version: txe
[22:51:38.963] INFO: txe_node Aztec Node started on chain 0x1
[22:51:38.974] INFO: txe:top_level_context Created block 1 with timestamp 1789192298
[22:51:39.013] INFO: txe:top_level_context Created block 2 with timestamp 1789192298
[22:51:39.080] INFO: simulator:public-processor Processed 1 successful txs and 0 failed txs (0 silently skipped, 0ms wasted) in 0.03409258399999817s {"blockNumber":3,"successfulCount":1,"failedCount":0,"duration":0.03409258399999817,"rate":63571156.70669364,"totalPublicGas":{"daGas":3776,"l2Gas":2167305},"totalBlockGas":{"daGas":3776,"l2Gas":2167305},"totalSizeInBytes":3904,"silentlySkippedCount":0,"silentlySkippedDurationMs":0}
[22:51:39.118] INFO: simulator:public-processor Processed 1 successful txs and 0 failed txs (0 silently skipped, 0ms wasted) in 0.0069859160000050905s {"blockNumber":4,"successfulCount":1,"failedCount":0,"duration":0.0069859160000050905,"rate":16484309.287417153,"totalPublicGas":{"daGas":0,"l2Gas":115158},"totalBlockGas":{"daGas":0,"l2Gas":115158},"totalSizeInBytes":128,"silentlySkippedCount":0,"silentlySkippedDurationMs":0}
[billboard_test] Testing test_init_sets_nonempty_policy ... [0m[32mok[0m
[22:51:40.643] INFO: kv-store:lmdb-v2 Starting data store with maxReaders 2
[22:51:40.644] INFO: world-state:database Creating world state data store at directory /var/folders/ym/q1vh2x5n58xbsmpmvs5_6w3r0000gn/T/aztec-world-state-hlOHco/world_state with map sizes {"archiveTreeMapSizeKb":10485760,"nullifierTreeMapSizeKb":10485760,"noteHashTreeMapSizeKb":10485760,"messageTreeMapSizeKb":10485760,"publicDataTreeMapSizeKb":10485760} and 12 threads (ephemeral=true).
[22:51:40.653] INFO: txe_node Aztec Node version: txe
[22:51:40.653] INFO: txe_node Aztec Node started on chain 0x1
[22:51:40.665] INFO: txe:top_level_context Created block 1 with timestamp 1789192300
[22:51:40.698] INFO: txe:top_level_context Created block 2 with timestamp 1789192300
[22:51:40.759] INFO: simulator:public-processor Processed 1 successful txs and 0 failed txs (0 silently skipped, 0ms wasted) in 0.028134624999991503s {"blockNumber":3,"successfulCount":1,"failedCount":0,"duration":0.028134624999991503,"rate":77033370.80201547,"totalPublicGas":{"daGas":3776,"l2Gas":2167305},"totalBlockGas":{"daGas":3776,"l2Gas":2167305},"totalSizeInBytes":3904,"silentlySkippedCount":0,"silentlySkippedDurationMs":0}
[22:51:40.787] INFO: txe:top_level_context Created block 4 with timestamp 1789192300
[22:51:40.945] INFO: simulator:public-processor Processed 1 successful txs and 0 failed txs (0 silently skipped, 0ms wasted) in 0.00368254199999501s {"blockNumber":5,"successfulCount":1,"failedCount":0,"duration":0.00368254199999501,"rate":0,"totalPublicGas":{"daGas":0,"l2Gas":0},"totalBlockGas":{"daGas":1984,"l2Gas":529900},"totalSizeInBytes":1984,"silentlySkippedCount":0,"silentlySkippedDurationMs":0}
[22:51:40.973] INFO: txe:top_level_context Created block 6 with timestamp 1789195901
[22:51:41.414] INFO: simulator:public-processor Processed 1 successful txs and 0 failed txs (0 silently skipped, 0ms wasted) in 0.019503416999999898s {"blockNumber":7,"successfulCount":1,"failedCount":0,"duration":0.019503416999999898,"rate":61327663.76271431,"totalPublicGas":{"daGas":2176,"l2Gas":1196099},"totalBlockGas":{"daGas":3552,"l2Gas":1922849},"totalSizeInBytes":3552,"silentlySkippedCount":0,"silentlySkippedDurationMs":0}
[22:51:41.442] INFO: txe:top_level_context Created block 8 with timestamp 1789295901
[22:51:41.903] INFO: simulator:public-processor Processed 1 successful txs and 0 failed txs (0 silently skipped, 0ms wasted) in 0.01968979200000467s {"blockNumber":9,"successfulCount":1,"failedCount":0,"duration":0.01968979200000467,"rate":60747162.793782495,"totalPublicGas":{"daGas":2176,"l2Gas":1196099},"totalBlockGas":{"daGas":3552,"l2Gas":1922849},"totalSizeInBytes":3552,"silentlySkippedCount":0,"silentlySkippedDurationMs":0}
[22:51:41.938] INFO: simulator:public-processor Processed 1 successful txs and 0 failed txs (0 silently skipped, 0ms wasted) in 0.004569499999997788s {"blockNumber":10,"successfulCount":1,"failedCount":0,"duration":0.004569499999997788,"rate":1531020.8994426932,"totalPublicGas":{"daGas":0,"l2Gas":6996},"totalBlockGas":{"daGas":0,"l2Gas":6996},"totalSizeInBytes":128,"silentlySkippedCount":0,"silentlySkippedDurationMs":0}
[22:51:41.951] INFO: txe:top_level_context Created block 10 with timestamp 1789295902
[billboard_test] Testing test_save_up_allows_burst_after_dormancy ... [0m[32mok[0m
[22:51:42.389] INFO: simulator:public-processor Processed 1 successful txs and 0 failed txs (0 silently skipped, 0ms wasted) in 0.02019474999999511s {"blockNumber":11,"successfulCount":1,"failedCount":0,"duration":0.02019474999999511,"rate":59228215.25397886,"totalPublicGas":{"daGas":2176,"l2Gas":1196099},"totalBlockGas":{"daGas":3552,"l2Gas":1922849},"totalSizeInBytes":3552,"silentlySkippedCount":0,"silentlySkippedDurationMs":0}
[22:51:42.425] INFO: simulator:public-processor Processed 1 successful txs and 0 failed txs (0 silently skipped, 0ms wasted) in 0.004328582999994978s {"blockNumber":12,"successfulCount":1,"failedCount":0,"duration":0.004328582999994978,"rate":1616233.3031405695,"totalPublicGas":{"daGas":0,"l2Gas":6996},"totalBlockGas":{"daGas":0,"l2Gas":6996},"totalSizeInBytes":128,"silentlySkippedCount":0,"silentlySkippedDurationMs":0}
[22:51:43.949] INFO: kv-store:lmdb-v2 Starting data store with maxReaders 2
[22:51:43.950] INFO: world-state:database Creating world state data store at directory /var/folders/ym/q1vh2x5n58xbsmpmvs5_6w3r0000gn/T/aztec-world-state-YIaNxp/world_state with map sizes {"archiveTreeMapSizeKb":10485760,"nullifierTreeMapSizeKb":10485760,"noteHashTreeMapSizeKb":10485760,"messageTreeMapSizeKb":10485760,"publicDataTreeMapSizeKb":10485760} and 12 threads (ephemeral=true).
[22:51:43.959] INFO: txe_node Aztec Node version: txe
[22:51:43.959] INFO: txe_node Aztec Node started on chain 0x1
[22:51:43.970] INFO: txe:top_level_context Created block 1 with timestamp 1789192303
[22:51:44.004] INFO: txe:top_level_context Created block 2 with timestamp 1789192303
[22:51:44.066] INFO: simulator:public-processor Processed 1 successful txs and 0 failed txs (0 silently skipped, 0ms wasted) in 0.028454542000006768s {"blockNumber":3,"successfulCount":1,"failedCount":0,"duration":0.028454542000006768,"rate":76167277.61773443,"totalPublicGas":{"daGas":3776,"l2Gas":2167305},"totalBlockGas":{"daGas":3776,"l2Gas":2167305},"totalSizeInBytes":3904,"silentlySkippedCount":0,"silentlySkippedDurationMs":0}
[22:51:44.094] INFO: txe:top_level_context Created block 4 with timestamp 1789192303
[22:51:44.254] INFO: simulator:public-processor Processed 1 successful txs and 0 failed txs (0 silently skipped, 0ms wasted) in 0.0036508340000000316s {"blockNumber":5,"successfulCount":1,"failedCount":0,"duration":0.0036508340000000316,"rate":0,"totalPublicGas":{"daGas":0,"l2Gas":0},"totalBlockGas":{"daGas":1984,"l2Gas":529900},"totalSizeInBytes":1984,"silentlySkippedCount":0,"silentlySkippedDurationMs":0}
[22:51:44.282] INFO: txe:top_level_context Created block 6 with timestamp 1789195904
[22:51:44.715] INFO: simulator:public-processor Processed 1 successful txs and 0 failed txs (0 silently skipped, 0ms wasted) in 0.01931766700001026s {"blockNumber":7,"successfulCount":1,"failedCount":0,"duration":0.01931766700001026,"rate":61917363.00244562,"totalPublicGas":{"daGas":2176,"l2Gas":1196099},"totalBlockGas":{"daGas":3552,"l2Gas":1922849},"totalSizeInBytes":3552,"silentlySkippedCount":0,"silentlySkippedDurationMs":0}
[22:51:44.743] INFO: txe:top_level_context Created block 8 with timestamp 1789295904
[22:51:44.763] INFO: txe:top_level_context Created block 9 with timestamp 1789295904
[22:51:45.211] INFO: simulator:public-processor Processed 1 successful txs and 0 failed txs (0 silently skipped, 0ms wasted) in 0.02042370899999514s {"blockNumber":10,"successfulCount":1,"failedCount":0,"duration":0.02042370899999514,"rate":58564240.21710672,"totalPublicGas":{"daGas":2176,"l2Gas":1196099},"totalBlockGas":{"daGas":3552,"l2Gas":1922849},"totalSizeInBytes":3552,"silentlySkippedCount":0,"silentlySkippedDurationMs":0}
[22:51:45.240] INFO: txe:top_level_context Created block 11 with timestamp 1789295905
[22:51:45.729] INFO: simulator:public-processor Processed 1 successful txs and 0 failed txs (0 silently skipped, 0ms wasted) in 0.01888649999999325s {"blockNumber":12,"successfulCount":1,"failedCount":0,"duration":0.01888649999999325,"rate":63330897.73120629,"totalPublicGas":{"daGas":2176,"l2Gas":1196099},"totalBlockGas":{"daGas":3552,"l2Gas":1922849},"totalSizeInBytes":3552,"silentlySkippedCount":0,"silentlySkippedDurationMs":0}
[22:51:45.757] INFO: txe:top_level_context Created block 13 with timestamp 1789295906
[22:51:46.219] INFO: simulator:public-processor Processed 1 successful txs and 0 failed txs (0 silently skipped, 0ms wasted) in 0.021820458000001965s {"blockNumber":14,"successfulCount":1,"failedCount":0,"duration":0.021820458000001965,"rate":54815485.54113265,"totalPublicGas":{"daGas":2176,"l2Gas":1196099},"totalBlockGas":{"daGas":3552,"l2Gas":1922849},"totalSizeInBytes":3552,"silentlySkippedCount":0,"silentlySkippedDurationMs":0}
[22:51:46.248] INFO: txe:top_level_context Created block 15 with timestamp 1789295907
[22:51:46.681] INFO: simulator:public-processor Processed 1 successful txs and 0 failed txs (0 silently skipped, 0ms wasted) in 0.019235708000007436s {"blockNumber":16,"successfulCount":1,"failedCount":0,"duration":0.019235708000007436,"rate":62181178.87834114,"totalPublicGas":{"daGas":2176,"l2Gas":1196099},"totalBlockGas":{"daGas":3552,"l2Gas":1922849},"totalSizeInBytes":3552,"silentlySkippedCount":0,"silentlySkippedDurationMs":0}
[22:51:46.710] INFO: txe:top_level_context Created block 17 with timestamp 1789295908
[22:51:47.145] INFO: simulator:public-processor Processed 1 successful txs and 0 failed txs (0 silently skipped, 0ms wasted) in 0.019710667000006652s {"blockNumber":18,"successfulCount":1,"failedCount":0,"duration":0.019710667000006652,"rate":60682827.222417,"totalPublicGas":{"daGas":2176,"l2Gas":1196099},"totalBlockGas":{"daGas":3552,"l2Gas":1922849},"totalSizeInBytes":3552,"silentlySkippedCount":0,"silentlySkippedDurationMs":0}
[22:51:47.172] INFO: txe:top_level_context Created block 19 with timestamp 1789295909
[22:51:47.613] INFO: simulator:public-processor Processed 1 successful txs and 0 failed txs (0 silently skipped, 0ms wasted) in 0.019557958000004875s {"blockNumber":20,"successfulCount":1,"failedCount":0,"duration":0.019557958000004875,"rate":61156640.17683758,"totalPublicGas":{"daGas":2176,"l2Gas":1196099},"totalBlockGas":{"daGas":3552,"l2Gas":1922849},"totalSizeInBytes":3552,"silentlySkippedCount":0,"silentlySkippedDurationMs":0}
[22:51:47.641] INFO: txe:top_level_context Created block 21 with timestamp 1789295910
[22:51:48.085] INFO: simulator:public-processor Processed 1 successful txs and 0 failed txs (0 silently skipped, 0ms wasted) in 0.0197446670000063s {"blockNumber":22,"successfulCount":1,"failedCount":0,"duration":0.0197446670000063,"rate":60578332.3668927,"totalPublicGas":{"daGas":2176,"l2Gas":1196099},"totalBlockGas":{"daGas":3552,"l2Gas":1922849},"totalSizeInBytes":3552,"silentlySkippedCount":0,"silentlySkippedDurationMs":0}
[22:51:48.113] INFO: txe:top_level_context Created block 23 with timestamp 1789295911
[22:51:48.549] INFO: simulator:public-processor Processed 1 successful txs and 0 failed txs (0 silently skipped, 0ms wasted) in 0.019695625000007568s {"blockNumber":24,"successfulCount":1,"failedCount":0,"duration":0.019695625000007568,"rate":60729172.0876865,"totalPublicGas":{"daGas":2176,"l2Gas":1196099},"totalBlockGas":{"daGas":3552,"l2Gas":1922849},"totalSizeInBytes":3552,"silentlySkippedCount":0,"silentlySkippedDurationMs":0}
[22:51:48.578] INFO: txe:top_level_context Created block 25 with timestamp 1789295912
[22:51:49.022] INFO: simulator:public-processor Processed 1 successful txs and 0 failed txs (0 silently skipped, 0ms wasted) in 0.020032832999990206s {"blockNumber":26,"successfulCount":1,"failedCount":0,"duration":0.020032832999990206,"rate":59706932.11492278,"totalPublicGas":{"daGas":2176,"l2Gas":1196099},"totalBlockGas":{"daGas":3552,"l2Gas":1922849},"totalSizeInBytes":3552,"silentlySkippedCount":0,"silentlySkippedDurationMs":0}
[22:51:49.050] INFO: txe:top_level_context Created block 27 with timestamp 1789295913
[22:51:49.489] INFO: simulator:public-processor Processed 1 successful txs and 0 failed txs (0 silently skipped, 0ms wasted) in 0.019748291000010795s {"blockNumber":28,"successfulCount":1,"failedCount":0,"duration":0.019748291000010795,"rate":60567215.664350204,"totalPublicGas":{"daGas":2176,"l2Gas":1196099},"totalBlockGas":{"daGas":3552,"l2Gas":1922849},"totalSizeInBytes":3552,"silentlySkippedCount":0,"silentlySkippedDurationMs":0}
[22:51:49.518] INFO: txe:top_level_context Created block 29 with timestamp 1789295914
[22:51:49.958] INFO: simulator:public-processor Processed 1 successful txs and 0 failed txs (0 silently skipped, 0ms wasted) in 0.019887083000008715s {"blockNumber":30,"successfulCount":1,"failedCount":0,"duration":0.019887083000008715,"rate":60144516.92083127,"totalPublicGas":{"daGas":2176,"l2Gas":1196099},"totalBlockGas":{"daGas":3552,"l2Gas":1922849},"totalSizeInBytes":3552,"silentlySkippedCount":0,"silentlySkippedDurationMs":0}
[22:51:49.986] INFO: txe:top_level_context Created block 31 with timestamp 1789295915
[22:51:50.420] INFO: simulator:public-processor Processed 1 successful txs and 0 failed txs (0 silently skipped, 0ms wasted) in 0.019972041999993962s {"blockNumber":32,"successfulCount":1,"failedCount":0,"duration":0.019972041999993962,"rate":59888668.36953185,"totalPublicGas":{"daGas":2176,"l2Gas":1196099},"totalBlockGas":{"daGas":3552,"l2Gas":1922849},"totalSizeInBytes":3552,"silentlySkippedCount":0,"silentlySkippedDurationMs":0}
[22:51:50.449] INFO: txe:top_level_context Created block 33 with timestamp 1789295916
[22:51:50.882] INFO: simulator:public-processor Processed 1 successful txs and 0 failed txs (0 silently skipped, 0ms wasted) in 0.019504209000006087s {"blockNumber":34,"successfulCount":1,"failedCount":0,"duration":0.019504209000006087,"rate":61325173.453567214,"totalPublicGas":{"daGas":2176,"l2Gas":1196099},"totalBlockGas":{"daGas":3552,"l2Gas":1922849},"totalSizeInBytes":3552,"silentlySkippedCount":0,"silentlySkippedDurationMs":0}
[22:51:50.910] INFO: txe:top_level_context Created block 35 with timestamp 1789295917
[22:51:51.353] INFO: simulator:public-processor Processed 1 successful txs and 0 failed txs (0 silently skipped, 0ms wasted) in 0.020415709000008064s {"blockNumber":36,"successfulCount":1,"failedCount":0,"duration":0.020415709000008064,"rate":58587188.91416054,"totalPublicGas":{"daGas":2176,"l2Gas":1196099},"totalBlockGas":{"daGas":3552,"l2Gas":1922849},"totalSizeInBytes":3552,"silentlySkippedCount":0,"silentlySkippedDurationMs":0}
[22:51:51.382] INFO: txe:top_level_context Created block 37 with timestamp 1789295918
[22:51:51.821] INFO: simulator:public-processor Processed 1 successful txs and 0 failed txs (0 silently skipped, 0ms wasted) in 0.019629000000000816s {"blockNumber":38,"successfulCount":1,"failedCount":0,"duration":0.019629000000000816,"rate":60935299.811500855,"totalPublicGas":{"daGas":2176,"l2Gas":1196099},"totalBlockGas":{"daGas":3552,"l2Gas":1922849},"totalSizeInBytes":3552,"silentlySkippedCount":0,"silentlySkippedDurationMs":0}
[22:51:51.850] INFO: txe:top_level_context Created block 39 with timestamp 1789295919
[22:51:52.294] INFO: simulator:public-processor Processed 1 successful txs and 0 failed txs (0 silently skipped, 0ms wasted) in 0.02316349999999511s {"blockNumber":40,"successfulCount":1,"failedCount":0,"duration":0.02316349999999511,"rate":51637230.988419384,"totalPublicGas":{"daGas":2176,"l2Gas":1196099},"totalBlockGas":{"daGas":3552,"l2Gas":1922849},"totalSizeInBytes":3552,"silentlySkippedCount":0,"silentlySkippedDurationMs":0}
[22:51:52.323] INFO: txe:top_level_context Created block 41 with timestamp 1789295920
[22:51:52.765] INFO: simulator:public-processor Processed 1 successful txs and 0 failed txs (0 silently skipped, 0ms wasted) in 0.019921875s {"blockNumber":42,"successfulCount":1,"failedCount":0,"duration":0.019921875,"rate":60039479.21568628,"totalPublicGas":{"daGas":2176,"l2Gas":1196099},"totalBlockGas":{"daGas":3552,"l2Gas":1922849},"totalSizeInBytes":3552,"silentlySkippedCount":0,"silentlySkippedDurationMs":0}
[22:51:52.794] INFO: txe:top_level_context Created block 43 with timestamp 1789295921
[billboard_test] Testing test_save_up_prevents_excessive_burst ... [0m[32mok[0m
[billboard_test] Testing test_set_moderation_policy_by_censor ... [0m[32mok[0m
[22:51:54.658] INFO: kv-store:lmdb-v2 Starting data store with maxReaders 2
[22:51:54.658] INFO: world-state:database Creating world state data store at directory /var/folders/ym/q1vh2x5n58xbsmpmvs5_6w3r0000gn/T/aztec-world-state-8soiyA/world_state with map sizes {"archiveTreeMapSizeKb":10485760,"nullifierTreeMapSizeKb":10485760,"noteHashTreeMapSizeKb":10485760,"messageTreeMapSizeKb":10485760,"publicDataTreeMapSizeKb":10485760} and 12 threads (ephemeral=true).
[22:51:54.667] INFO: txe_node Aztec Node version: txe
[22:51:54.667] INFO: txe_node Aztec Node started on chain 0x1
[22:51:54.679] INFO: txe:top_level_context Created block 1 with timestamp 1789192314
[22:51:54.709] INFO: txe:top_level_context Created block 2 with timestamp 1789192314
[22:51:54.769] INFO: simulator:public-processor Processed 1 successful txs and 0 failed txs (0 silently skipped, 0ms wasted) in 0.02658945900000981s {"blockNumber":3,"successfulCount":1,"failedCount":0,"duration":0.02658945900000981,"rate":81509932.18775907,"totalPublicGas":{"daGas":3776,"l2Gas":2167305},"totalBlockGas":{"daGas":3776,"l2Gas":2167305},"totalSizeInBytes":3904,"silentlySkippedCount":0,"silentlySkippedDurationMs":0}
[22:51:54.821] INFO: simulator:public-processor Processed 1 successful txs and 0 failed txs (0 silently skipped, 0ms wasted) in 0.02104604099999415s {"blockNumber":4,"successfulCount":1,"failedCount":0,"duration":0.02104604099999415,"rate":81762836.06025848,"totalPublicGas":{"daGas":3136,"l2Gas":1720784},"totalBlockGas":{"daGas":3136,"l2Gas":1720784},"totalSizeInBytes":3264,"silentlySkippedCount":0,"silentlySkippedDurationMs":0}
[22:51:54.859] INFO: simulator:public-processor Processed 1 successful txs and 0 failed txs (0 silently skipped, 0ms wasted) in 0.00638916700000118s {"blockNumber":5,"successfulCount":1,"failedCount":0,"duration":0.00638916700000118,"rate":18023945.844580166,"totalPublicGas":{"daGas":0,"l2Gas":115158},"totalBlockGas":{"daGas":0,"l2Gas":115158},"totalSizeInBytes":128,"silentlySkippedCount":0,"silentlySkippedDurationMs":0}
[billboard_test] Testing test_set_moderation_policy_fails_when_no_censor ... [0m[32mok[0m
[22:51:56.346] INFO: kv-store:lmdb-v2 Starting data store with maxReaders 2
[22:51:56.347] INFO: world-state:database Creating world state data store at directory /var/folders/ym/q1vh2x5n58xbsmpmvs5_6w3r0000gn/T/aztec-world-state-B3BxI2/world_state with map sizes {"archiveTreeMapSizeKb":10485760,"nullifierTreeMapSizeKb":10485760,"noteHashTreeMapSizeKb":10485760,"messageTreeMapSizeKb":10485760,"publicDataTreeMapSizeKb":10485760} and 12 threads (ephemeral=true).
[22:51:56.357] INFO: txe_node Aztec Node version: txe
[22:51:56.357] INFO: txe_node Aztec Node started on chain 0x1
[22:51:56.368] INFO: txe:top_level_context Created block 1 with timestamp 1789192316
[22:51:56.395] INFO: txe:top_level_context Created block 2 with timestamp 1789192316
[22:51:56.455] INFO: simulator:public-processor Processed 1 successful txs and 0 failed txs (0 silently skipped, 0ms wasted) in 0.027000167000005605s {"blockNumber":3,"successfulCount":1,"failedCount":0,"duration":0.027000167000005605,"rate":80270059.07035871,"totalPublicGas":{"daGas":3776,"l2Gas":2167305},"totalBlockGas":{"daGas":3776,"l2Gas":2167305},"totalSizeInBytes":3904,"silentlySkippedCount":0,"silentlySkippedDurationMs":0}
[22:51:56.495] INFO: simulator:public-processor Processed 1 successful txs and 0 failed txs (0 silently skipped, 0ms wasted) in 0.004947000000000116s {"blockNumber":4,"successfulCount":1,"failedCount":0,"duration":0.004947000000000116,"rate":8257731.958762692,"totalPublicGas":{"daGas":0,"l2Gas":40851},"totalBlockGas":{"daGas":0,"l2Gas":40851},"totalSizeInBytes":128,"silentlySkippedCount":0,"silentlySkippedDurationMs":0}
[22:51:56.496] WARN: txe:top_level_context Could not find function artifact in contract Billboard for function '0xca42e93e' when enriching error callstack
[22:51:57.966] INFO: kv-store:lmdb-v2 Starting data store with maxReaders 2
[22:51:57.967] INFO: world-state:database Creating world state data store at directory /var/folders/ym/q1vh2x5n58xbsmpmvs5_6w3r0000gn/T/aztec-world-state-eTINyq/world_state with map sizes {"archiveTreeMapSizeKb":10485760,"nullifierTreeMapSizeKb":10485760,"noteHashTreeMapSizeKb":10485760,"messageTreeMapSizeKb":10485760,"publicDataTreeMapSizeKb":10485760} and 12 threads (ephemeral=true).
[22:51:57.976] INFO: txe_node Aztec Node version: txe
[22:51:57.976] INFO: txe_node Aztec Node started on chain 0x1
[22:51:57.988] INFO: txe:top_level_context Created block 1 with timestamp 1789192317
[22:51:58.021] INFO: txe:top_level_context Created block 2 with timestamp 1789192317
[22:51:58.082] INFO: simulator:public-processor Processed 1 successful txs and 0 failed txs (0 silently skipped, 0ms wasted) in 0.02771941700000025s {"blockNumber":3,"successfulCount":1,"failedCount":0,"duration":0.02771941700000025,"rate":78187250.47500026,"totalPublicGas":{"daGas":3776,"l2Gas":2167305},"totalBlockGas":{"daGas":3776,"l2Gas":2167305},"totalSizeInBytes":3904,"silentlySkippedCount":0,"silentlySkippedDurationMs":0}
[22:51:58.121] INFO: simulator:public-processor Processed 1 successful txs and 0 failed txs (0 silently skipped, 0ms wasted) in 0.004827499999999418s {"blockNumber":4,"successfulCount":1,"failedCount":0,"duration":0.004827499999999418,"rate":8462143.966857571,"totalPublicGas":{"daGas":0,"l2Gas":40851},"totalBlockGas":{"daGas":0,"l2Gas":40851},"totalSizeInBytes":128,"silentlySkippedCount":0,"silentlySkippedDurationMs":0}
[22:51:58.122] WARN: txe:top_level_context Could not find function artifact in contract Billboard for function '0xca42e93e' when enriching error callstack
[billboard_test] Testing test_set_moderation_policy_rejects_non_censor ... [0m[32mok[0m
[billboard_test] Testing test_set_moderation_policy_rejects_too_long ... [0m[32mok[0m
[22:51:59.587] INFO: kv-store:lmdb-v2 Starting data store with maxReaders 2
[22:51:59.588] INFO: world-state:database Creating world state data store at directory /var/folders/ym/q1vh2x5n58xbsmpmvs5_6w3r0000gn/T/aztec-world-state-ohGPDV/world_state with map sizes {"archiveTreeMapSizeKb":10485760,"nullifierTreeMapSizeKb":10485760,"noteHashTreeMapSizeKb":10485760,"messageTreeMapSizeKb":10485760,"publicDataTreeMapSizeKb":10485760} and 12 threads (ephemeral=true).
[22:51:59.597] INFO: txe_node Aztec Node version: txe
[22:51:59.597] INFO: txe_node Aztec Node started on chain 0x1
[22:51:59.609] INFO: txe:top_level_context Created block 1 with timestamp 1789192319
[22:51:59.640] INFO: txe:top_level_context Created block 2 with timestamp 1789192319
[22:51:59.701] INFO: simulator:public-processor Processed 1 successful txs and 0 failed txs (0 silently skipped, 0ms wasted) in 0.028135875000007218s {"blockNumber":3,"successfulCount":1,"failedCount":0,"duration":0.028135875000007218,"rate":77029948.41992453,"totalPublicGas":{"daGas":3776,"l2Gas":2167305},"totalBlockGas":{"daGas":3776,"l2Gas":2167305},"totalSizeInBytes":3904,"silentlySkippedCount":0,"silentlySkippedDurationMs":0}
[22:51:59.737] INFO: simulator:public-processor Processed 1 successful txs and 0 failed txs (0 silently skipped, 0ms wasted) in 0.00485037500000908s {"blockNumber":4,"successfulCount":1,"failedCount":0,"duration":0.00485037500000908,"rate":8440790.660500137,"totalPublicGas":{"daGas":0,"l2Gas":40941},"totalBlockGas":{"daGas":0,"l2Gas":40941},"totalSizeInBytes":128,"silentlySkippedCount":0,"silentlySkippedDurationMs":0}
[22:51:59.738] WARN: txe:top_level_context Could not find function artifact in contract Billboard for function '0xca42e93e' when enriching error callstack
[22:52:01.200] INFO: kv-store:lmdb-v2 Starting data store with maxReaders 2
[22:52:01.201] INFO: world-state:database Creating world state data store at directory /var/folders/ym/q1vh2x5n58xbsmpmvs5_6w3r0000gn/T/aztec-world-state-TFE0KJ/world_state with map sizes {"archiveTreeMapSizeKb":10485760,"nullifierTreeMapSizeKb":10485760,"noteHashTreeMapSizeKb":10485760,"messageTreeMapSizeKb":10485760,"publicDataTreeMapSizeKb":10485760} and 12 threads (ephemeral=true).
[22:52:01.209] INFO: txe_node Aztec Node version: txe
[22:52:01.209] INFO: txe_node Aztec Node started on chain 0x1
[22:52:01.221] INFO: txe:top_level_context Created block 1 with timestamp 1789192321
[22:52:01.249] INFO: txe:top_level_context Created block 2 with timestamp 1789192321
[22:52:01.314] INFO: simulator:public-processor Processed 1 successful txs and 0 failed txs (0 silently skipped, 0ms wasted) in 0.028014875000008033s {"blockNumber":3,"successfulCount":1,"failedCount":0,"duration":0.028014875000008033,"rate":77362651.0915854,"totalPublicGas":{"daGas":3776,"l2Gas":2167305},"totalBlockGas":{"daGas":3776,"l2Gas":2167305},"totalSizeInBytes":3904,"silentlySkippedCount":0,"silentlySkippedDurationMs":0}
[22:52:01.352] INFO: simulator:public-processor Processed 1 successful txs and 0 failed txs (0 silently skipped, 0ms wasted) in 0.004427291999993031s {"blockNumber":4,"successfulCount":1,"failedCount":0,"duration":0.004427291999993031,"rate":1431800.7486314385,"totalPublicGas":{"daGas":0,"l2Gas":6339},"totalBlockGas":{"daGas":0,"l2Gas":6339},"totalSizeInBytes":128,"silentlySkippedCount":0,"silentlySkippedDurationMs":0}
[22:52:01.353] WARN: txe:top_level_context Could not find function artifact in contract Billboard for function '0xb6932320' when enriching error callstack
[billboard_test] Testing test_transfer_censor_fails_when_no_censor ... [0m[32mok[0m
[billboard_test] Testing test_transfer_censor_old_censor_loses_rights ... [0m[32mok[0m
[22:52:02.794] INFO: kv-store:lmdb-v2 Starting data store with maxReaders 2
[22:52:02.796] INFO: world-state:database Creating world state data store at directory /var/folders/ym/q1vh2x5n58xbsmpmvs5_6w3r0000gn/T/aztec-world-state-SmjehG/world_state with map sizes {"archiveTreeMapSizeKb":10485760,"nullifierTreeMapSizeKb":10485760,"noteHashTreeMapSizeKb":10485760,"messageTreeMapSizeKb":10485760,"publicDataTreeMapSizeKb":10485760} and 12 threads (ephemeral=true).
[22:52:02.804] INFO: txe_node Aztec Node version: txe
[22:52:02.804] INFO: txe_node Aztec Node started on chain 0x1
[22:52:02.816] INFO: txe:top_level_context Created block 1 with timestamp 1789192322
[22:52:02.845] INFO: txe:top_level_context Created block 2 with timestamp 1789192322
[22:52:02.905] INFO: simulator:public-processor Processed 1 successful txs and 0 failed txs (0 silently skipped, 0ms wasted) in 0.02744962500000838s {"blockNumber":3,"successfulCount":1,"failedCount":0,"duration":0.02744962500000838,"rate":78955723.43882069,"totalPublicGas":{"daGas":3776,"l2Gas":2167305},"totalBlockGas":{"daGas":3776,"l2Gas":2167305},"totalSizeInBytes":3904,"silentlySkippedCount":0,"silentlySkippedDurationMs":0}
[22:52:02.947] INFO: simulator:public-processor Processed 1 successful txs and 0 failed txs (0 silently skipped, 0ms wasted) in 0.004842250000001514s {"blockNumber":4,"successfulCount":1,"failedCount":0,"duration":0.004842250000001514,"rate":8196396.303368804,"totalPublicGas":{"daGas":64,"l2Gas":39689},"totalBlockGas":{"daGas":64,"l2Gas":39689},"totalSizeInBytes":192,"silentlySkippedCount":0,"silentlySkippedDurationMs":0}
[22:52:02.982] INFO: simulator:public-processor Processed 1 successful txs and 0 failed txs (0 silently skipped, 0ms wasted) in 0.004381374999997206s {"blockNumber":5,"successfulCount":1,"failedCount":0,"duration":0.004381374999997206,"rate":1446806.0825663272,"totalPublicGas":{"daGas":0,"l2Gas":6339},"totalBlockGas":{"daGas":0,"l2Gas":6339},"totalSizeInBytes":128,"silentlySkippedCount":0,"silentlySkippedDurationMs":0}
[22:52:02.982] WARN: txe:top_level_context Could not find function artifact in contract Billboard for function '0xb6932320' when enriching error callstack
[22:52:04.427] INFO: kv-store:lmdb-v2 Starting data store with maxReaders 2
[22:52:04.428] INFO: world-state:database Creating world state data store at directory /var/folders/ym/q1vh2x5n58xbsmpmvs5_6w3r0000gn/T/aztec-world-state-r5Xlrh/world_state with map sizes {"archiveTreeMapSizeKb":10485760,"nullifierTreeMapSizeKb":10485760,"noteHashTreeMapSizeKb":10485760,"messageTreeMapSizeKb":10485760,"publicDataTreeMapSizeKb":10485760} and 12 threads (ephemeral=true).
[22:52:04.436] INFO: txe_node Aztec Node version: txe
[22:52:04.436] INFO: txe_node Aztec Node started on chain 0x1
[22:52:04.448] INFO: txe:top_level_context Created block 1 with timestamp 1789192324
[22:52:04.478] INFO: txe:top_level_context Created block 2 with timestamp 1789192324
[22:52:04.538] INFO: simulator:public-processor Processed 1 successful txs and 0 failed txs (0 silently skipped, 0ms wasted) in 0.027383499999996275s {"blockNumber":3,"successfulCount":1,"failedCount":0,"duration":0.027383499999996275,"rate":79146383.77125987,"totalPublicGas":{"daGas":3776,"l2Gas":2167305},"totalBlockGas":{"daGas":3776,"l2Gas":2167305},"totalSizeInBytes":3904,"silentlySkippedCount":0,"silentlySkippedDurationMs":0}
[22:52:04.580] INFO: simulator:public-processor Processed 1 successful txs and 0 failed txs (0 silently skipped, 0ms wasted) in 0.004575666999997338s {"blockNumber":4,"successfulCount":1,"failedCount":0,"duration":0.004575666999997338,"rate":1385371.7938835337,"totalPublicGas":{"daGas":0,"l2Gas":6339},"totalBlockGas":{"daGas":0,"l2Gas":6339},"totalSizeInBytes":128,"silentlySkippedCount":0,"silentlySkippedDurationMs":0}
[22:52:04.581] WARN: txe:top_level_context Could not find function artifact in contract Billboard for function '0xb6932320' when enriching error callstack
[billboard_test] Testing test_transfer_censor_rejects_non_censor ... [0m[32mok[0m
[billboard_test] Testing test_transfer_censor_rejects_zero_address ... [0m[32mok[0m
[22:52:06.032] INFO: kv-store:lmdb-v2 Starting data store with maxReaders 2
[22:52:06.033] INFO: world-state:database Creating world state data store at directory /var/folders/ym/q1vh2x5n58xbsmpmvs5_6w3r0000gn/T/aztec-world-state-ZPMKTm/world_state with map sizes {"archiveTreeMapSizeKb":10485760,"nullifierTreeMapSizeKb":10485760,"noteHashTreeMapSizeKb":10485760,"messageTreeMapSizeKb":10485760,"publicDataTreeMapSizeKb":10485760} and 12 threads (ephemeral=true).
[22:52:06.042] INFO: txe_node Aztec Node version: txe
[22:52:06.042] INFO: txe_node Aztec Node started on chain 0x1
[22:52:06.054] INFO: txe:top_level_context Created block 1 with timestamp 1789192326
[22:52:06.084] INFO: txe:top_level_context Created block 2 with timestamp 1789192326
[22:52:06.145] INFO: simulator:public-processor Processed 1 successful txs and 0 failed txs (0 silently skipped, 0ms wasted) in 0.028572541999994427s {"blockNumber":3,"successfulCount":1,"failedCount":0,"duration":0.028572541999994427,"rate":75852719.0195546,"totalPublicGas":{"daGas":3776,"l2Gas":2167305},"totalBlockGas":{"daGas":3776,"l2Gas":2167305},"totalSizeInBytes":3904,"silentlySkippedCount":0,"silentlySkippedDurationMs":0}
[22:52:06.180] INFO: simulator:public-processor Processed 1 successful txs and 0 failed txs (0 silently skipped, 0ms wasted) in 0.004534625000000233s {"blockNumber":4,"successfulCount":1,"failedCount":0,"duration":0.004534625000000233,"rate":1411142.0459243425,"totalPublicGas":{"daGas":0,"l2Gas":6399},"totalBlockGas":{"daGas":0,"l2Gas":6399},"totalSizeInBytes":128,"silentlySkippedCount":0,"silentlySkippedDurationMs":0}
[22:52:06.181] WARN: txe:top_level_context Could not find function artifact in contract Billboard for function '0xb6932320' when enriching error callstack
[22:52:07.635] INFO: kv-store:lmdb-v2 Starting data store with maxReaders 2
[22:52:07.636] INFO: world-state:database Creating world state data store at directory /var/folders/ym/q1vh2x5n58xbsmpmvs5_6w3r0000gn/T/aztec-world-state-Xclqne/world_state with map sizes {"archiveTreeMapSizeKb":10485760,"nullifierTreeMapSizeKb":10485760,"noteHashTreeMapSizeKb":10485760,"messageTreeMapSizeKb":10485760,"publicDataTreeMapSizeKb":10485760} and 12 threads (ephemeral=true).
[22:52:07.645] INFO: txe_node Aztec Node version: txe
[22:52:07.645] INFO: txe_node Aztec Node started on chain 0x1
[22:52:07.657] INFO: txe:top_level_context Created block 1 with timestamp 1789192327
[22:52:07.688] INFO: txe:top_level_context Created block 2 with timestamp 1789192327
[22:52:07.749] INFO: simulator:public-processor Processed 1 successful txs and 0 failed txs (0 silently skipped, 0ms wasted) in 0.02773991699999897s {"blockNumber":3,"successfulCount":1,"failedCount":0,"duration":0.02773991699999897,"rate":78129469.52941786,"totalPublicGas":{"daGas":3776,"l2Gas":2167305},"totalBlockGas":{"daGas":3776,"l2Gas":2167305},"totalSizeInBytes":3904,"silentlySkippedCount":0,"silentlySkippedDurationMs":0}
[22:52:07.789] INFO: simulator:public-processor Processed 1 successful txs and 0 failed txs (0 silently skipped, 0ms wasted) in 0.004826874999998836s {"blockNumber":4,"successfulCount":1,"failedCount":0,"duration":0.004826874999998836,"rate":8222504.208211228,"totalPublicGas":{"daGas":64,"l2Gas":39689},"totalBlockGas":{"daGas":64,"l2Gas":39689},"totalSizeInBytes":192,"silentlySkippedCount":0,"silentlySkippedDurationMs":0}
[22:52:07.824] INFO: simulator:public-processor Processed 1 successful txs and 0 failed txs (0 silently skipped, 0ms wasted) in 0.004136208999989321s {"blockNumber":5,"successfulCount":1,"failedCount":0,"duration":0.004136208999989321,"rate":1791495.5458051397,"totalPublicGas":{"daGas":0,"l2Gas":7410},"totalBlockGas":{"daGas":0,"l2Gas":7410},"totalSizeInBytes":128,"silentlySkippedCount":0,"silentlySkippedDurationMs":0}
[billboard_test] Testing test_transfer_censor_success ... [0m[32mok[0m
[billboard_test] Testing test_withdraw_msg_hash_deterministic ... [0m[32mok[0m
[billboard_test] Testing test_withdraw_msg_hash_differs_from_deposit_hash ... [0m[32mok[0m
[billboard_test] Testing test_withdraw_no_posts_too_early ... [0m[32mok[0m
[22:52:12.253] INFO: kv-store:lmdb-v2 Starting data store with maxReaders 2
[22:52:12.253] INFO: world-state:database Creating world state data store at directory /var/folders/ym/q1vh2x5n58xbsmpmvs5_6w3r0000gn/T/aztec-world-state-vu7WAP/world_state with map sizes {"archiveTreeMapSizeKb":10485760,"nullifierTreeMapSizeKb":10485760,"noteHashTreeMapSizeKb":10485760,"messageTreeMapSizeKb":10485760,"publicDataTreeMapSizeKb":10485760} and 12 threads (ephemeral=true).
[22:52:12.263] INFO: txe_node Aztec Node version: txe
[22:52:12.263] INFO: txe_node Aztec Node started on chain 0x1
[22:52:12.274] INFO: txe:top_level_context Created block 1 with timestamp 1789192332
[22:52:12.308] INFO: txe:top_level_context Created block 2 with timestamp 1789192332
[22:52:12.373] INFO: simulator:public-processor Processed 1 successful txs and 0 failed txs (0 silently skipped, 0ms wasted) in 0.02871908299998904s {"blockNumber":3,"successfulCount":1,"failedCount":0,"duration":0.02871908299998904,"rate":75465675.55798447,"totalPublicGas":{"daGas":3776,"l2Gas":2167305},"totalBlockGas":{"daGas":3776,"l2Gas":2167305},"totalSizeInBytes":3904,"silentlySkippedCount":0,"silentlySkippedDurationMs":0}
[22:52:12.401] INFO: txe:top_level_context Created block 4 with timestamp 1789192332
[22:52:12.558] INFO: simulator:public-processor Processed 1 successful txs and 0 failed txs (0 silently skipped, 0ms wasted) in 0.00355983300000662s {"blockNumber":5,"successfulCount":1,"failedCount":0,"duration":0.00355983300000662,"rate":0,"totalPublicGas":{"daGas":0,"l2Gas":0},"totalBlockGas":{"daGas":1984,"l2Gas":529900},"totalSizeInBytes":1984,"silentlySkippedCount":0,"silentlySkippedDurationMs":0}
[22:52:12.586] INFO: txe:top_level_context Created block 6 with timestamp 1789192432
[22:52:14.276] INFO: kv-store:lmdb-v2 Starting data store with maxReaders 2
[22:52:14.276] INFO: world-state:database Creating world state data store at directory /var/folders/ym/q1vh2x5n58xbsmpmvs5_6w3r0000gn/T/aztec-world-state-NW0sC0/world_state with map sizes {"archiveTreeMapSizeKb":10485760,"nullifierTreeMapSizeKb":10485760,"noteHashTreeMapSizeKb":10485760,"messageTreeMapSizeKb":10485760,"publicDataTreeMapSizeKb":10485760} and 12 threads (ephemeral=true).
[22:52:14.285] INFO: txe_node Aztec Node version: txe
[22:52:14.286] INFO: txe_node Aztec Node started on chain 0x1
[22:52:14.297] INFO: txe:top_level_context Created block 1 with timestamp 1789192334
[22:52:14.331] INFO: txe:top_level_context Created block 2 with timestamp 1789192334
[22:52:14.392] INFO: simulator:public-processor Processed 1 successful txs and 0 failed txs (0 silently skipped, 0ms wasted) in 0.02853116699999373s {"blockNumber":3,"successfulCount":1,"failedCount":0,"duration":0.02853116699999373,"rate":75962718.24424414,"totalPublicGas":{"daGas":3776,"l2Gas":2167305},"totalBlockGas":{"daGas":3776,"l2Gas":2167305},"totalSizeInBytes":3904,"silentlySkippedCount":0,"silentlySkippedDurationMs":0}
[22:52:14.510] INFO: simulator:public-processor Processed 1 successful txs and 0 failed txs (0 silently skipped, 0ms wasted) in 0.005363291999994545s {"blockNumber":4,"successfulCount":1,"failedCount":0,"duration":0.005363291999994545,"rate":13041057.619102437,"totalPublicGas":{"daGas":128,"l2Gas":69943},"totalBlockGas":{"daGas":256,"l2Gas":660743},"totalSizeInBytes":256,"silentlySkippedCount":0,"silentlySkippedDurationMs":0}
[22:52:14.538] INFO: txe:top_level_context Created block 5 with timestamp 1789192334
[22:52:14.697] INFO: simulator:public-processor Processed 1 successful txs and 0 failed txs (0 silently skipped, 0ms wasted) in 0.004100957999995444s {"blockNumber":6,"successfulCount":1,"failedCount":0,"duration":0.004100957999995444,"rate":0,"totalPublicGas":{"daGas":0,"l2Gas":0},"totalBlockGas":{"daGas":1984,"l2Gas":529900},"totalSizeInBytes":1984,"silentlySkippedCount":0,"silentlySkippedDurationMs":0}
[22:52:14.726] INFO: txe:top_level_context Created block 7 with timestamp 1789195935
[22:52:15.172] INFO: simulator:public-processor Processed 1 successful txs and 0 failed txs (0 silently skipped, 0ms wasted) in 0.019856750000006286s {"blockNumber":8,"successfulCount":1,"failedCount":0,"duration":0.019856750000006286,"rate":60236393.166032776,"totalPublicGas":{"daGas":2176,"l2Gas":1196099},"totalBlockGas":{"daGas":3552,"l2Gas":1922849},"totalSizeInBytes":3552,"silentlySkippedCount":0,"silentlySkippedDurationMs":0}
[22:52:15.201] INFO: txe:top_level_context Created block 9 with timestamp 1789199536
[22:52:15.651] INFO: simulator:public-processor Processed 1 successful txs and 0 failed txs (0 silently skipped, 0ms wasted) in 0.00795870799999102s {"blockNumber":10,"successfulCount":1,"failedCount":0,"duration":0.00795870799999102,"rate":11971164.163845126,"totalPublicGas":{"daGas":128,"l2Gas":95275},"totalBlockGas":{"daGas":1504,"l2Gas":822025},"totalSizeInBytes":1504,"silentlySkippedCount":0,"silentlySkippedDurationMs":0}
[22:52:16.039] INFO: simulator:public-processor Processed 1 successful txs and 0 failed txs (0 silently skipped, 0ms wasted) in 0.004886499999993248s {"blockNumber":11,"successfulCount":1,"failedCount":0,"duration":0.004886499999993248,"rate":1934104.1645376158,"totalPublicGas":{"daGas":32,"l2Gas":9451},"totalBlockGas":{"daGas":192,"l2Gas":631051},"totalSizeInBytes":192,"silentlySkippedCount":0,"silentlySkippedDurationMs":0}
[billboard_test] Testing test_withdraw_succeeds_after_dummy_post ... [0m[32mok[0m
[22:52:17.874] INFO: kv-store:lmdb-v2 Starting data store with maxReaders 2
[22:52:17.875] INFO: world-state:database Creating world state data store at directory /var/folders/ym/q1vh2x5n58xbsmpmvs5_6w3r0000gn/T/aztec-world-state-UXBI27/world_state with map sizes {"archiveTreeMapSizeKb":10485760,"nullifierTreeMapSizeKb":10485760,"noteHashTreeMapSizeKb":10485760,"messageTreeMapSizeKb":10485760,"publicDataTreeMapSizeKb":10485760} and 12 threads (ephemeral=true).
[22:52:17.884] INFO: txe_node Aztec Node version: txe
[22:52:17.884] INFO: txe_node Aztec Node started on chain 0x1
[22:52:17.896] INFO: txe:top_level_context Created block 1 with timestamp 1789192337
[22:52:17.929] INFO: txe:top_level_context Created block 2 with timestamp 1789192337
[22:52:17.991] INFO: simulator:public-processor Processed 1 successful txs and 0 failed txs (0 silently skipped, 0ms wasted) in 0.028123958000011044s {"blockNumber":3,"successfulCount":1,"failedCount":0,"duration":0.028123958000011044,"rate":77062588.41657881,"totalPublicGas":{"daGas":3776,"l2Gas":2167305},"totalBlockGas":{"daGas":3776,"l2Gas":2167305},"totalSizeInBytes":3904,"silentlySkippedCount":0,"silentlySkippedDurationMs":0}
[22:52:18.019] INFO: txe:top_level_context Created block 4 with timestamp 1789192337
[22:52:18.175] INFO: simulator:public-processor Processed 1 successful txs and 0 failed txs (0 silently skipped, 0ms wasted) in 0.0036126250000088475s {"blockNumber":5,"successfulCount":1,"failedCount":0,"duration":0.0036126250000088475,"rate":0,"totalPublicGas":{"daGas":0,"l2Gas":0},"totalBlockGas":{"daGas":1984,"l2Gas":529900},"totalSizeInBytes":1984,"silentlySkippedCount":0,"silentlySkippedDurationMs":0}
[22:52:18.202] INFO: txe:top_level_context Created block 6 with timestamp 1789195938
[billboard_test] Testing test_withdraw_unscreened_real_posts ... [0m[32mok[0m
[billboard_test] [0m[32m59 tests passed[0m
[22:52:18.635] INFO: simulator:public-processor Processed 1 successful txs and 0 failed txs (0 silently skipped, 0ms wasted) in 0.019407833000004756s {"blockNumber":7,"successfulCount":1,"failedCount":0,"duration":0.019407833000004756,"rate":61629703.84172756,"totalPublicGas":{"daGas":2176,"l2Gas":1196099},"totalBlockGas":{"daGas":3552,"l2Gas":1922849},"totalSizeInBytes":3552,"silentlySkippedCount":0,"silentlySkippedDurationMs":0}
[22:52:18.827] INFO: txe:rpc Received SIGTERM.
