[22:24:50.477] INFO: txe:rpc Setting up TXE...
[22:24:50.480] INFO: kv-store:lmdb-v2 Starting data store with maxReaders 2
[22:24:50.777] INFO: txe:rpc TXE listening on port 5091
[22:27:52.324] INFO: kv-store:lmdb-v2 Starting data store with maxReaders 2
[22:27:52.331] INFO: kv-store:lmdb-v2 Starting data store with maxReaders 2
[22:27:52.338] INFO: world-state:database Creating world state data store at directory /var/folders/ym/q1vh2x5n58xbsmpmvs5_6w3r0000gn/T/aztec-world-state-kW3whm/world_state with map sizes {"archiveTreeMapSizeKb":10485760,"nullifierTreeMapSizeKb":10485760,"noteHashTreeMapSizeKb":10485760,"messageTreeMapSizeKb":10485760,"publicDataTreeMapSizeKb":10485760} and 12 threads (ephemeral=true).
[22:27:52.375] INFO: txe_node Aztec Node version: txe
[22:27:52.375] INFO: txe_node Aztec Node started on chain 0x1
[22:27:52.448] INFO: txe:top_level_context Created block 1 with timestamp 1789190872
[22:27:52.804] INFO: txe:top_level_context Created block 2 with timestamp 1789190872
[22:27:53.261] INFO: simulator:public-processor Processed 1 successful txs and 0 failed txs (0 silently skipped, 0ms wasted) in 0.2688040000000037s {"blockNumber":3,"successfulCount":1,"failedCount":0,"duration":0.2688040000000037,"rate":8062770.643293887,"totalPublicGas":{"daGas":3776,"l2Gas":2167305},"totalBlockGas":{"daGas":3776,"l2Gas":2167305},"totalSizeInBytes":3904,"silentlySkippedCount":0,"silentlySkippedDurationMs":0}
[22:27:53.386] INFO: txe:top_level_context Created block 4 with timestamp 1789190872
[22:27:54.539] INFO: simulator:public-processor Processed 1 successful txs and 0 failed txs (0 silently skipped, 0ms wasted) in 0.020593874999991386s {"blockNumber":5,"successfulCount":1,"failedCount":0,"duration":0.020593874999991386,"rate":0,"totalPublicGas":{"daGas":0,"l2Gas":0},"totalBlockGas":{"daGas":1984,"l2Gas":529900},"totalSizeInBytes":1984,"silentlySkippedCount":0,"silentlySkippedDurationMs":0}
[22:27:54.657] INFO: txe:top_level_context Created block 6 with timestamp 1789194473
[22:27:57.419] INFO: simulator:public-processor Processed 1 successful txs and 0 failed txs (0 silently skipped, 0ms wasted) in 0.14078049999999348s {"blockNumber":7,"successfulCount":1,"failedCount":0,"duration":0.14078049999999348,"rate":8496197.981965225,"totalPublicGas":{"daGas":2176,"l2Gas":1196099},"totalBlockGas":{"daGas":3552,"l2Gas":1922849},"totalSizeInBytes":3552,"silentlySkippedCount":0,"silentlySkippedDurationMs":0}
[22:27:57.498] INFO: txe:top_level_context Created block 8 with timestamp 1789198072
[22:28:00.214] INFO: simulator:public-processor Processed 1 successful txs and 0 failed txs (0 silently skipped, 0ms wasted) in 0.14399754199999734s {"blockNumber":9,"successfulCount":1,"failedCount":0,"duration":0.14399754199999734,"rate":8306384.840930285,"totalPublicGas":{"daGas":2176,"l2Gas":1196099},"totalBlockGas":{"daGas":3552,"l2Gas":1922849},"totalSizeInBytes":3552,"silentlySkippedCount":0,"silentlySkippedDurationMs":0}
[22:28:00.313] INFO: txe:top_level_context Created block 10 with timestamp 1789201673
[22:28:02.811] INFO: simulator:public-processor Processed 1 successful txs and 0 failed txs (0 silently skipped, 0ms wasted) in 0.07411095900001237s {"blockNumber":11,"successfulCount":1,"failedCount":0,"duration":0.07411095900001237,"rate":16139299.992053812,"totalPublicGas":{"daGas":2176,"l2Gas":1196099},"totalBlockGas":{"daGas":3552,"l2Gas":1922849},"totalSizeInBytes":3552,"silentlySkippedCount":0,"silentlySkippedDurationMs":0}
[22:28:02.901] INFO: simulator:public-processor Processed 1 successful txs and 0 failed txs (0 silently skipped, 0ms wasted) in 0.015808666000026277s {"blockNumber":12,"successfulCount":1,"failedCount":0,"duration":0.015808666000026277,"rate":442542.0841953629,"totalPublicGas":{"daGas":0,"l2Gas":6996},"totalBlockGas":{"daGas":0,"l2Gas":6996},"totalSizeInBytes":128,"silentlySkippedCount":0,"silentlySkippedDurationMs":0}
[22:28:08.016] INFO: kv-store:lmdb-v2 Starting data store with maxReaders 2
[22:28:08.030] INFO: world-state:database Creating world state data store at directory /var/folders/ym/q1vh2x5n58xbsmpmvs5_6w3r0000gn/T/aztec-world-state-uP4noL/world_state with map sizes {"archiveTreeMapSizeKb":10485760,"nullifierTreeMapSizeKb":10485760,"noteHashTreeMapSizeKb":10485760,"messageTreeMapSizeKb":10485760,"publicDataTreeMapSizeKb":10485760} and 12 threads (ephemeral=true).
[22:28:08.059] INFO: txe_node Aztec Node version: txe
[22:28:08.059] INFO: txe_node Aztec Node started on chain 0x1
[22:28:08.092] INFO: txe:top_level_context Created block 1 with timestamp 1789190888
[22:28:08.186] INFO: txe:top_level_context Created block 2 with timestamp 1789190888
[22:28:08.378] INFO: simulator:public-processor Processed 1 successful txs and 0 failed txs (0 silently skipped, 0ms wasted) in 0.11896095800001058s {"blockNumber":3,"successfulCount":1,"failedCount":0,"duration":0.11896095800001058,"rate":18218624.298568673,"totalPublicGas":{"daGas":3776,"l2Gas":2167305},"totalBlockGas":{"daGas":3776,"l2Gas":2167305},"totalSizeInBytes":3904,"silentlySkippedCount":0,"silentlySkippedDurationMs":0}
[22:28:08.441] INFO: txe:top_level_context Created block 4 with timestamp 1789190888
[22:28:09.126] INFO: simulator:public-processor Processed 1 successful txs and 0 failed txs (0 silently skipped, 0ms wasted) in 0.010198915999993915s {"blockNumber":5,"successfulCount":1,"failedCount":0,"duration":0.010198915999993915,"rate":0,"totalPublicGas":{"daGas":0,"l2Gas":0},"totalBlockGas":{"daGas":1984,"l2Gas":529900},"totalSizeInBytes":1984,"silentlySkippedCount":0,"silentlySkippedDurationMs":0}
[22:28:09.190] INFO: txe:top_level_context Created block 6 with timestamp 1789194489
[22:28:10.771] INFO: simulator:public-processor Processed 1 successful txs and 0 failed txs (0 silently skipped, 0ms wasted) in 0.06164670800001477s {"blockNumber":7,"successfulCount":1,"failedCount":0,"duration":0.06164670800001477,"rate":19402479.691206113,"totalPublicGas":{"daGas":2176,"l2Gas":1196099},"totalBlockGas":{"daGas":3552,"l2Gas":1922849},"totalSizeInBytes":3552,"silentlySkippedCount":0,"silentlySkippedDurationMs":0}
[22:28:10.872] INFO: simulator:public-processor Processed 1 successful txs and 0 failed txs (0 silently skipped, 0ms wasted) in 0.04023420799997984s {"blockNumber":8,"successfulCount":1,"failedCount":0,"duration":0.04023420799997984,"rate":29891404.846358664,"totalPublicGas":{"daGas":2176,"l2Gas":1202657},"totalBlockGas":{"daGas":2176,"l2Gas":1202657},"totalSizeInBytes":2304,"silentlySkippedCount":0,"silentlySkippedDurationMs":0}
[22:28:10.951] INFO: simulator:public-processor Processed 1 successful txs and 0 failed txs (0 silently skipped, 0ms wasted) in 0.007850957999995445s {"blockNumber":9,"successfulCount":1,"failedCount":0,"duration":0.007850957999995445,"rate":1111966.2084557153,"totalPublicGas":{"daGas":0,"l2Gas":8730},"totalBlockGas":{"daGas":0,"l2Gas":8730},"totalSizeInBytes":128,"silentlySkippedCount":0,"silentlySkippedDurationMs":0}
[22:28:10.974] INFO: txe:top_level_context Created block 9 with timestamp 1789198088
[22:28:12.393] INFO: simulator:public-processor Processed 1 successful txs and 0 failed txs (0 silently skipped, 0ms wasted) in 0.06229020899999887s {"blockNumber":10,"successfulCount":1,"failedCount":0,"duration":0.06229020899999887,"rate":19202038.638207518,"totalPublicGas":{"daGas":2176,"l2Gas":1196099},"totalBlockGas":{"daGas":3552,"l2Gas":1922849},"totalSizeInBytes":3552,"silentlySkippedCount":0,"silentlySkippedDurationMs":0}
[22:28:13.633] INFO: txe:top_level_context Created block 11 with timestamp 1789201689
[22:28:15.506] INFO: simulator:public-processor Processed 1 successful txs and 0 failed txs (0 silently skipped, 0ms wasted) in 0.08917941599999904s {"blockNumber":12,"successfulCount":1,"failedCount":0,"duration":0.08917941599999904,"rate":13412276.662587842,"totalPublicGas":{"daGas":2176,"l2Gas":1196099},"totalBlockGas":{"daGas":3552,"l2Gas":1922849},"totalSizeInBytes":3552,"silentlySkippedCount":0,"silentlySkippedDurationMs":0}
[22:28:19.223] INFO: kv-store:lmdb-v2 Starting data store with maxReaders 2
[22:28:19.230] INFO: world-state:database Creating world state data store at directory /var/folders/ym/q1vh2x5n58xbsmpmvs5_6w3r0000gn/T/aztec-world-state-Lcki4q/world_state with map sizes {"archiveTreeMapSizeKb":10485760,"nullifierTreeMapSizeKb":10485760,"noteHashTreeMapSizeKb":10485760,"messageTreeMapSizeKb":10485760,"publicDataTreeMapSizeKb":10485760} and 12 threads (ephemeral=true).
[22:28:19.246] INFO: txe_node Aztec Node version: txe
[22:28:19.246] INFO: txe_node Aztec Node started on chain 0x1
[22:28:19.269] INFO: txe:top_level_context Created block 1 with timestamp 1789190899
[22:28:19.373] INFO: txe:top_level_context Created block 2 with timestamp 1789190899
[22:28:19.557] INFO: simulator:public-processor Processed 1 successful txs and 0 failed txs (0 silently skipped, 0ms wasted) in 0.10988745799998287s {"blockNumber":3,"successfulCount":1,"failedCount":0,"duration":0.10988745799998287,"rate":19722951.458212256,"totalPublicGas":{"daGas":3776,"l2Gas":2167305},"totalBlockGas":{"daGas":3776,"l2Gas":2167305},"totalSizeInBytes":3904,"silentlySkippedCount":0,"silentlySkippedDurationMs":0}
[22:28:19.622] INFO: txe:top_level_context Created block 4 with timestamp 1789190899
[22:28:20.513] INFO: simulator:public-processor Processed 1 successful txs and 0 failed txs (0 silently skipped, 0ms wasted) in 0.014139457999990555s {"blockNumber":5,"successfulCount":1,"failedCount":0,"duration":0.014139457999990555,"rate":0,"totalPublicGas":{"daGas":0,"l2Gas":0},"totalBlockGas":{"daGas":1984,"l2Gas":529900},"totalSizeInBytes":1984,"silentlySkippedCount":0,"silentlySkippedDurationMs":0}
[22:28:20.588] INFO: txe:top_level_context Created block 6 with timestamp 1789194500
[22:28:22.690] INFO: simulator:public-processor Processed 1 successful txs and 0 failed txs (0 silently skipped, 0ms wasted) in 0.13121991700000946s {"blockNumber":7,"successfulCount":1,"failedCount":0,"duration":0.13121991700000946,"rate":9115224.482270582,"totalPublicGas":{"daGas":2176,"l2Gas":1196099},"totalBlockGas":{"daGas":3552,"l2Gas":1922849},"totalSizeInBytes":3552,"silentlySkippedCount":0,"silentlySkippedDurationMs":0}
[22:28:22.787] INFO: txe:top_level_context Created block 8 with timestamp 1789198099
[22:28:25.219] INFO: simulator:public-processor Processed 1 successful txs and 0 failed txs (0 silently skipped, 0ms wasted) in 0.12922100000001957s {"blockNumber":9,"successfulCount":1,"failedCount":0,"duration":0.12922100000001957,"rate":9256227.70292614,"totalPublicGas":{"daGas":2176,"l2Gas":1196099},"totalBlockGas":{"daGas":3552,"l2Gas":1922849},"totalSizeInBytes":3552,"silentlySkippedCount":0,"silentlySkippedDurationMs":0}
[22:28:25.324] INFO: simulator:public-processor Processed 1 successful txs and 0 failed txs (0 silently skipped, 0ms wasted) in 0.016333958000002896s {"blockNumber":10,"successfulCount":1,"failedCount":0,"duration":0.016333958000002896,"rate":428310.14993418986,"totalPublicGas":{"daGas":0,"l2Gas":6996},"totalBlockGas":{"daGas":0,"l2Gas":6996},"totalSizeInBytes":128,"silentlySkippedCount":0,"silentlySkippedDurationMs":0}
[22:28:48.149] INFO: kv-store:lmdb-v2 Starting data store with maxReaders 2
[22:28:48.153] INFO: world-state:database Creating world state data store at directory /var/folders/ym/q1vh2x5n58xbsmpmvs5_6w3r0000gn/T/aztec-world-state-bRmFXO/world_state with map sizes {"archiveTreeMapSizeKb":10485760,"nullifierTreeMapSizeKb":10485760,"noteHashTreeMapSizeKb":10485760,"messageTreeMapSizeKb":10485760,"publicDataTreeMapSizeKb":10485760} and 12 threads (ephemeral=true).
[22:28:48.185] INFO: txe_node Aztec Node version: txe
[22:28:48.185] INFO: txe_node Aztec Node started on chain 0x1
[22:28:48.228] INFO: txe:top_level_context Created block 1 with timestamp 1789190928
[22:28:48.388] INFO: txe:top_level_context Created block 2 with timestamp 1789190928
[22:28:48.639] INFO: simulator:public-processor Processed 1 successful txs and 0 failed txs (0 silently skipped, 0ms wasted) in 0.15698600000000443s {"blockNumber":3,"successfulCount":1,"failedCount":0,"duration":0.15698600000000443,"rate":13805721.529307956,"totalPublicGas":{"daGas":3776,"l2Gas":2167305},"totalBlockGas":{"daGas":3776,"l2Gas":2167305},"totalSizeInBytes":3904,"silentlySkippedCount":0,"silentlySkippedDurationMs":0}
[22:28:48.719] INFO: simulator:public-processor Processed 1 successful txs and 0 failed txs (0 silently skipped, 0ms wasted) in 0.018334708999987924s {"blockNumber":4,"successfulCount":1,"failedCount":0,"duration":0.018334708999987924,"rate":1698581.6355209406,"totalPublicGas":{"daGas":0,"l2Gas":31143},"totalBlockGas":{"daGas":0,"l2Gas":31143},"totalSizeInBytes":128,"silentlySkippedCount":0,"silentlySkippedDurationMs":0}
[22:28:48.724] WARN: txe:top_level_context Could not find function artifact in contract Billboard for function '0x6675867b' when enriching error callstack
[22:28:51.086] INFO: kv-store:lmdb-v2 Starting data store with maxReaders 2
[22:28:51.088] INFO: world-state:database Creating world state data store at directory /var/folders/ym/q1vh2x5n58xbsmpmvs5_6w3r0000gn/T/aztec-world-state-5OZyv3/world_state with map sizes {"archiveTreeMapSizeKb":10485760,"nullifierTreeMapSizeKb":10485760,"noteHashTreeMapSizeKb":10485760,"messageTreeMapSizeKb":10485760,"publicDataTreeMapSizeKb":10485760} and 12 threads (ephemeral=true).
[22:28:51.101] INFO: txe_node Aztec Node version: txe
[22:28:51.101] INFO: txe_node Aztec Node started on chain 0x1
[22:28:51.119] INFO: txe:top_level_context Created block 1 with timestamp 1789190931
[22:28:51.217] INFO: txe:top_level_context Created block 2 with timestamp 1789190931
[22:28:51.441] INFO: simulator:public-processor Processed 1 successful txs and 0 failed txs (0 silently skipped, 0ms wasted) in 0.11688450000001467s {"blockNumber":3,"successfulCount":1,"failedCount":0,"duration":0.11688450000001467,"rate":18542278.916363828,"totalPublicGas":{"daGas":3776,"l2Gas":2167305},"totalBlockGas":{"daGas":3776,"l2Gas":2167305},"totalSizeInBytes":3904,"silentlySkippedCount":0,"silentlySkippedDurationMs":0}
[22:28:51.558] INFO: simulator:public-processor Processed 1 successful txs and 0 failed txs (0 silently skipped, 0ms wasted) in 0.03618295799999032s {"blockNumber":4,"successfulCount":1,"failedCount":0,"duration":0.03618295799999032,"rate":819335.9979028782,"totalPublicGas":{"daGas":0,"l2Gas":29646},"totalBlockGas":{"daGas":0,"l2Gas":29646},"totalSizeInBytes":128,"silentlySkippedCount":0,"silentlySkippedDurationMs":0}
[22:28:51.560] WARN: txe:top_level_context Could not find function artifact in contract Billboard for function '0x6675867b' when enriching error callstack
[22:28:53.332] INFO: kv-store:lmdb-v2 Starting data store with maxReaders 2
[22:28:53.333] INFO: world-state:database Creating world state data store at directory /var/folders/ym/q1vh2x5n58xbsmpmvs5_6w3r0000gn/T/aztec-world-state-m3nYc4/world_state with map sizes {"archiveTreeMapSizeKb":10485760,"nullifierTreeMapSizeKb":10485760,"noteHashTreeMapSizeKb":10485760,"messageTreeMapSizeKb":10485760,"publicDataTreeMapSizeKb":10485760} and 12 threads (ephemeral=true).
[22:28:53.342] INFO: txe_node Aztec Node version: txe
[22:28:53.342] INFO: txe_node Aztec Node started on chain 0x1
[22:28:53.355] INFO: txe:top_level_context Created block 1 with timestamp 1789190933
[22:28:53.391] INFO: txe:top_level_context Created block 2 with timestamp 1789190933
[22:28:53.456] INFO: simulator:public-processor Processed 1 successful txs and 0 failed txs (0 silently skipped, 0ms wasted) in 0.029625874999997904s {"blockNumber":3,"successfulCount":1,"failedCount":0,"duration":0.029625874999997904,"rate":73155813.96330583,"totalPublicGas":{"daGas":3776,"l2Gas":2167305},"totalBlockGas":{"daGas":3776,"l2Gas":2167305},"totalSizeInBytes":3904,"silentlySkippedCount":0,"silentlySkippedDurationMs":0}
[22:28:53.499] INFO: simulator:public-processor Processed 1 successful txs and 0 failed txs (0 silently skipped, 0ms wasted) in 0.005829375000001164s {"blockNumber":4,"successfulCount":1,"failedCount":0,"duration":0.005829375000001164,"rate":5085622.386618476,"totalPublicGas":{"daGas":0,"l2Gas":29646},"totalBlockGas":{"daGas":0,"l2Gas":29646},"totalSizeInBytes":128,"silentlySkippedCount":0,"silentlySkippedDurationMs":0}
[22:28:53.500] WARN: txe:top_level_context Could not find function artifact in contract Billboard for function '0x6675867b' when enriching error callstack
[22:29:01.632] INFO: kv-store:lmdb-v2 Starting data store with maxReaders 2
[22:29:01.639] INFO: world-state:database Creating world state data store at directory /var/folders/ym/q1vh2x5n58xbsmpmvs5_6w3r0000gn/T/aztec-world-state-SWZzjm/world_state with map sizes {"archiveTreeMapSizeKb":10485760,"nullifierTreeMapSizeKb":10485760,"noteHashTreeMapSizeKb":10485760,"messageTreeMapSizeKb":10485760,"publicDataTreeMapSizeKb":10485760} and 12 threads (ephemeral=true).
[22:29:01.672] INFO: txe_node Aztec Node version: txe
[22:29:01.672] INFO: txe_node Aztec Node started on chain 0x1
[22:29:01.719] INFO: txe:top_level_context Created block 1 with timestamp 1789190941
[22:29:01.871] INFO: txe:top_level_context Created block 2 with timestamp 1789190941
[22:29:02.309] INFO: simulator:public-processor Processed 1 successful txs and 0 failed txs (0 silently skipped, 0ms wasted) in 0.3269430830000201s {"blockNumber":3,"successfulCount":1,"failedCount":0,"duration":0.3269430830000201,"rate":6628997.867496914,"totalPublicGas":{"daGas":3776,"l2Gas":2167305},"totalBlockGas":{"daGas":3776,"l2Gas":2167305},"totalSizeInBytes":3904,"silentlySkippedCount":0,"silentlySkippedDurationMs":0}
[22:29:02.421] INFO: txe:top_level_context Created block 4 with timestamp 1789190941
[22:29:03.663] INFO: simulator:public-processor Processed 1 successful txs and 0 failed txs (0 silently skipped, 0ms wasted) in 0.017108833000005687s {"blockNumber":5,"successfulCount":1,"failedCount":0,"duration":0.017108833000005687,"rate":0,"totalPublicGas":{"daGas":0,"l2Gas":0},"totalBlockGas":{"daGas":1984,"l2Gas":529900},"totalSizeInBytes":1984,"silentlySkippedCount":0,"silentlySkippedDurationMs":0}
[22:29:03.786] INFO: txe:top_level_context Created block 6 with timestamp 1789194542
[22:29:06.894] INFO: simulator:public-processor Processed 1 successful txs and 0 failed txs (0 silently skipped, 0ms wasted) in 0.19261324999999488s {"blockNumber":7,"successfulCount":1,"failedCount":0,"duration":0.19261324999999488,"rate":6209847.972556571,"totalPublicGas":{"daGas":2176,"l2Gas":1196099},"totalBlockGas":{"daGas":3552,"l2Gas":1922849},"totalSizeInBytes":3552,"silentlySkippedCount":0,"silentlySkippedDurationMs":0}
[22:29:07.000] INFO: txe:top_level_context Created block 8 with timestamp 1789198143
[22:29:07.727] INFO: simulator:public-processor Processed 1 successful txs and 0 failed txs (0 silently skipped, 0ms wasted) in 0.007927834000001894s {"blockNumber":9,"successfulCount":1,"failedCount":0,"duration":0.007927834000001894,"rate":12017784.42888401,"totalPublicGas":{"daGas":128,"l2Gas":95275},"totalBlockGas":{"daGas":1504,"l2Gas":822025},"totalSizeInBytes":1504,"silentlySkippedCount":0,"silentlySkippedDurationMs":0}
[22:29:09.715] INFO: kv-store:lmdb-v2 Starting data store with maxReaders 2
[22:29:09.715] INFO: world-state:database Creating world state data store at directory /var/folders/ym/q1vh2x5n58xbsmpmvs5_6w3r0000gn/T/aztec-world-state-JEll8k/world_state with map sizes {"archiveTreeMapSizeKb":10485760,"nullifierTreeMapSizeKb":10485760,"noteHashTreeMapSizeKb":10485760,"messageTreeMapSizeKb":10485760,"publicDataTreeMapSizeKb":10485760} and 12 threads (ephemeral=true).
[22:29:09.725] INFO: txe_node Aztec Node version: txe
[22:29:09.725] INFO: txe_node Aztec Node started on chain 0x1
[22:29:09.737] INFO: txe:top_level_context Created block 1 with timestamp 1789190949
[22:29:09.774] INFO: txe:top_level_context Created block 2 with timestamp 1789190949
[22:29:09.845] INFO: simulator:public-processor Processed 1 successful txs and 0 failed txs (0 silently skipped, 0ms wasted) in 0.029531833999993977s {"blockNumber":3,"successfulCount":1,"failedCount":0,"duration":0.029531833999993977,"rate":73388770.91075489,"totalPublicGas":{"daGas":3776,"l2Gas":2167305},"totalBlockGas":{"daGas":3776,"l2Gas":2167305},"totalSizeInBytes":3904,"silentlySkippedCount":0,"silentlySkippedDurationMs":0}
[22:29:09.883] INFO: txe:top_level_context Created block 4 with timestamp 1789190949
[22:29:10.046] INFO: simulator:public-processor Processed 1 successful txs and 0 failed txs (0 silently skipped, 0ms wasted) in 0.003730542000004789s {"blockNumber":5,"successfulCount":1,"failedCount":0,"duration":0.003730542000004789,"rate":0,"totalPublicGas":{"daGas":0,"l2Gas":0},"totalBlockGas":{"daGas":1984,"l2Gas":529900},"totalSizeInBytes":1984,"silentlySkippedCount":0,"silentlySkippedDurationMs":0}
[22:29:10.075] INFO: txe:top_level_context Created block 6 with timestamp 1789194550
[22:29:10.526] INFO: simulator:public-processor Processed 1 successful txs and 0 failed txs (0 silently skipped, 0ms wasted) in 0.007491333999991184s {"blockNumber":7,"successfulCount":1,"failedCount":0,"duration":0.007491333999991184,"rate":12718028.59145142,"totalPublicGas":{"daGas":128,"l2Gas":95275},"totalBlockGas":{"daGas":1504,"l2Gas":822025},"totalSizeInBytes":1504,"silentlySkippedCount":0,"silentlySkippedDurationMs":0}
[22:29:10.562] INFO: simulator:public-processor Processed 1 successful txs and 0 failed txs (0 silently skipped, 0ms wasted) in 0.004506958999991184s {"blockNumber":8,"successfulCount":1,"failedCount":0,"duration":0.004506958999991184,"rate":1552266.1732697557,"totalPublicGas":{"daGas":0,"l2Gas":6996},"totalBlockGas":{"daGas":0,"l2Gas":6996},"totalSizeInBytes":128,"silentlySkippedCount":0,"silentlySkippedDurationMs":0}
[22:29:10.582] INFO: simulator:public-processor Processed 1 successful txs and 0 failed txs (0 silently skipped, 0ms wasted) in 0.004300208000000566s {"blockNumber":8,"successfulCount":1,"failedCount":0,"duration":0.004300208000000566,"rate":1995949.9633503472,"totalPublicGas":{"daGas":0,"l2Gas":8583},"totalBlockGas":{"daGas":0,"l2Gas":8583},"totalSizeInBytes":128,"silentlySkippedCount":0,"silentlySkippedDurationMs":0}
[22:29:10.604] INFO: simulator:public-processor Processed 1 successful txs and 0 failed txs (0 silently skipped, 0ms wasted) in 0.005745666000002529s {"blockNumber":8,"successfulCount":1,"failedCount":0,"duration":0.005745666000002529,"rate":21708710.53067566,"totalPublicGas":{"daGas":0,"l2Gas":124731},"totalBlockGas":{"daGas":0,"l2Gas":124731},"totalSizeInBytes":128,"silentlySkippedCount":0,"silentlySkippedDurationMs":0}
[22:29:12.641] INFO: kv-store:lmdb-v2 Starting data store with maxReaders 2
[22:29:12.644] INFO: world-state:database Creating world state data store at directory /var/folders/ym/q1vh2x5n58xbsmpmvs5_6w3r0000gn/T/aztec-world-state-0egWKY/world_state with map sizes {"archiveTreeMapSizeKb":10485760,"nullifierTreeMapSizeKb":10485760,"noteHashTreeMapSizeKb":10485760,"messageTreeMapSizeKb":10485760,"publicDataTreeMapSizeKb":10485760} and 12 threads (ephemeral=true).
[22:29:12.668] INFO: txe_node Aztec Node version: txe
[22:29:12.668] INFO: txe_node Aztec Node started on chain 0x1
[22:29:12.694] INFO: txe:top_level_context Created block 1 with timestamp 1789190952
[22:29:12.771] INFO: txe:top_level_context Created block 2 with timestamp 1789190952
[22:29:12.976] INFO: simulator:public-processor Processed 1 successful txs and 0 failed txs (0 silently skipped, 0ms wasted) in 0.1390874999999651s {"blockNumber":3,"successfulCount":1,"failedCount":0,"duration":0.1390874999999651,"rate":15582313.291996362,"totalPublicGas":{"daGas":3776,"l2Gas":2167305},"totalBlockGas":{"daGas":3776,"l2Gas":2167305},"totalSizeInBytes":3904,"silentlySkippedCount":0,"silentlySkippedDurationMs":0}
[22:29:13.063] INFO: txe:top_level_context Created block 4 with timestamp 1789190952
[22:29:14.023] INFO: simulator:public-processor Processed 1 successful txs and 0 failed txs (0 silently skipped, 0ms wasted) in 0.022824416999996173s {"blockNumber":5,"successfulCount":1,"failedCount":0,"duration":0.022824416999996173,"rate":0,"totalPublicGas":{"daGas":0,"l2Gas":0},"totalBlockGas":{"daGas":1984,"l2Gas":529900},"totalSizeInBytes":1984,"silentlySkippedCount":0,"silentlySkippedDurationMs":0}
[22:29:14.120] INFO: txe:top_level_context Created block 6 with timestamp 1789194553
[22:29:16.327] INFO: simulator:public-processor Processed 1 successful txs and 0 failed txs (0 silently skipped, 0ms wasted) in 0.09185037499997997s {"blockNumber":7,"successfulCount":1,"failedCount":0,"duration":0.09185037499997997,"rate":13022254.944525385,"totalPublicGas":{"daGas":2176,"l2Gas":1196099},"totalBlockGas":{"daGas":3552,"l2Gas":1922849},"totalSizeInBytes":3552,"silentlySkippedCount":0,"silentlySkippedDurationMs":0}
[22:29:16.442] INFO: simulator:public-processor Processed 1 successful txs and 0 failed txs (0 silently skipped, 0ms wasted) in 0.03913725000002887s {"blockNumber":8,"successfulCount":1,"failedCount":0,"duration":0.03913725000002887,"rate":30729215.7726747,"totalPublicGas":{"daGas":2176,"l2Gas":1202657},"totalBlockGas":{"daGas":2176,"l2Gas":1202657},"totalSizeInBytes":2304,"silentlySkippedCount":0,"silentlySkippedDurationMs":0}
[22:29:16.499] INFO: txe:top_level_context Created block 9 with timestamp 1789198153
[22:29:18.188] INFO: simulator:public-processor Processed 1 successful txs and 0 failed txs (0 silently skipped, 0ms wasted) in 0.054532833000004756s {"blockNumber":10,"successfulCount":1,"failedCount":0,"duration":0.054532833000004756,"rate":21933556.982082624,"totalPublicGas":{"daGas":2176,"l2Gas":1196099},"totalBlockGas":{"daGas":3552,"l2Gas":1922849},"totalSizeInBytes":3552,"silentlySkippedCount":0,"silentlySkippedDurationMs":0}
[22:29:21.143] INFO: kv-store:lmdb-v2 Starting data store with maxReaders 2
[22:29:21.144] INFO: world-state:database Creating world state data store at directory /var/folders/ym/q1vh2x5n58xbsmpmvs5_6w3r0000gn/T/aztec-world-state-dDfMJT/world_state with map sizes {"archiveTreeMapSizeKb":10485760,"nullifierTreeMapSizeKb":10485760,"noteHashTreeMapSizeKb":10485760,"messageTreeMapSizeKb":10485760,"publicDataTreeMapSizeKb":10485760} and 12 threads (ephemeral=true).
[22:29:21.163] INFO: txe_node Aztec Node version: txe
[22:29:21.163] INFO: txe_node Aztec Node started on chain 0x1
[22:29:21.180] INFO: txe:top_level_context Created block 1 with timestamp 1789190961
[22:29:21.246] INFO: txe:top_level_context Created block 2 with timestamp 1789190961
[22:29:21.394] INFO: simulator:public-processor Processed 1 successful txs and 0 failed txs (0 silently skipped, 0ms wasted) in 0.09748250000004191s {"blockNumber":3,"successfulCount":1,"failedCount":0,"duration":0.09748250000004191,"rate":22232759.726095125,"totalPublicGas":{"daGas":3776,"l2Gas":2167305},"totalBlockGas":{"daGas":3776,"l2Gas":2167305},"totalSizeInBytes":3904,"silentlySkippedCount":0,"silentlySkippedDurationMs":0}
[22:29:21.447] INFO: txe:top_level_context Created block 4 with timestamp 1789190961
[22:29:21.808] INFO: simulator:public-processor Processed 1 successful txs and 0 failed txs (0 silently skipped, 0ms wasted) in 0.006582583000010345s {"blockNumber":5,"successfulCount":1,"failedCount":0,"duration":0.006582583000010345,"rate":0,"totalPublicGas":{"daGas":0,"l2Gas":0},"totalBlockGas":{"daGas":1984,"l2Gas":529900},"totalSizeInBytes":1984,"silentlySkippedCount":0,"silentlySkippedDurationMs":0}
[22:29:21.855] INFO: txe:top_level_context Created block 6 with timestamp 1789194562
[22:29:23.005] INFO: simulator:public-processor Processed 1 successful txs and 0 failed txs (0 silently skipped, 0ms wasted) in 0.05885741699999198s {"blockNumber":7,"successfulCount":1,"failedCount":0,"duration":0.05885741699999198,"rate":20321975.733324535,"totalPublicGas":{"daGas":2176,"l2Gas":1196099},"totalBlockGas":{"daGas":3552,"l2Gas":1922849},"totalSizeInBytes":3552,"silentlySkippedCount":0,"silentlySkippedDurationMs":0}
[22:29:23.067] INFO: txe:top_level_context Created block 8 with timestamp 1789198161
[22:29:24.667] INFO: simulator:public-processor Processed 1 successful txs and 0 failed txs (0 silently skipped, 0ms wasted) in 0.14552545800001826s {"blockNumber":9,"successfulCount":1,"failedCount":0,"duration":0.14552545800001826,"rate":8219173.582672043,"totalPublicGas":{"daGas":2176,"l2Gas":1196099},"totalBlockGas":{"daGas":3552,"l2Gas":1922849},"totalSizeInBytes":3552,"silentlySkippedCount":0,"silentlySkippedDurationMs":0}
[22:29:24.888] INFO: simulator:public-processor Processed 1 successful txs and 0 failed txs (0 silently skipped, 0ms wasted) in 0.12497625000000699s {"blockNumber":10,"successfulCount":1,"failedCount":0,"duration":0.12497625000000699,"rate":9623084.386032809,"totalPublicGas":{"daGas":2176,"l2Gas":1202657},"totalBlockGas":{"daGas":2176,"l2Gas":1202657},"totalSizeInBytes":2304,"silentlySkippedCount":0,"silentlySkippedDurationMs":0}
[22:29:25.027] INFO: simulator:public-processor Processed 1 successful txs and 0 failed txs (0 silently skipped, 0ms wasted) in 0.07497199999995063s {"blockNumber":11,"successfulCount":1,"failedCount":0,"duration":0.07497199999995063,"rate":16041415.461782958,"totalPublicGas":{"daGas":2176,"l2Gas":1202657},"totalBlockGas":{"daGas":2176,"l2Gas":1202657},"totalSizeInBytes":2304,"silentlySkippedCount":0,"silentlySkippedDurationMs":0}
[22:29:25.092] INFO: txe:top_level_context Created block 12 with timestamp 1789201762
[22:29:26.793] INFO: simulator:public-processor Processed 1 successful txs and 0 failed txs (0 silently skipped, 0ms wasted) in 0.07224966700002551s {"blockNumber":13,"successfulCount":1,"failedCount":0,"duration":0.07224966700002551,"rate":16555079.762507109,"totalPublicGas":{"daGas":2176,"l2Gas":1196099},"totalBlockGas":{"daGas":3552,"l2Gas":1922849},"totalSizeInBytes":3552,"silentlySkippedCount":0,"silentlySkippedDurationMs":0}
[22:29:31.154] INFO: kv-store:lmdb-v2 Starting data store with maxReaders 2
[22:29:31.160] INFO: world-state:database Creating world state data store at directory /var/folders/ym/q1vh2x5n58xbsmpmvs5_6w3r0000gn/T/aztec-world-state-yRS5AK/world_state with map sizes {"archiveTreeMapSizeKb":10485760,"nullifierTreeMapSizeKb":10485760,"noteHashTreeMapSizeKb":10485760,"messageTreeMapSizeKb":10485760,"publicDataTreeMapSizeKb":10485760} and 12 threads (ephemeral=true).
[22:29:31.175] INFO: txe_node Aztec Node version: txe
[22:29:31.175] INFO: txe_node Aztec Node started on chain 0x1
[22:29:31.201] INFO: txe:top_level_context Created block 1 with timestamp 1789190971
[22:29:31.285] INFO: txe:top_level_context Created block 2 with timestamp 1789190971
[22:29:31.463] INFO: simulator:public-processor Processed 1 successful txs and 0 failed txs (0 silently skipped, 0ms wasted) in 0.10708633400005056s {"blockNumber":3,"successfulCount":1,"failedCount":0,"duration":0.10708633400005056,"rate":20238856.99550586,"totalPublicGas":{"daGas":3776,"l2Gas":2167305},"totalBlockGas":{"daGas":3776,"l2Gas":2167305},"totalSizeInBytes":3904,"silentlySkippedCount":0,"silentlySkippedDurationMs":0}
[22:29:31.510] INFO: txe:top_level_context Created block 4 with timestamp 1789190971
[22:29:31.962] INFO: simulator:public-processor Processed 1 successful txs and 0 failed txs (0 silently skipped, 0ms wasted) in 0.014197625000029803s {"blockNumber":5,"successfulCount":1,"failedCount":0,"duration":0.014197625000029803,"rate":0,"totalPublicGas":{"daGas":0,"l2Gas":0},"totalBlockGas":{"daGas":1984,"l2Gas":529900},"totalSizeInBytes":1984,"silentlySkippedCount":0,"silentlySkippedDurationMs":0}
[22:29:32.045] INFO: txe:top_level_context Created block 6 with timestamp 1789194572
[22:29:34.485] INFO: simulator:public-processor Processed 1 successful txs and 0 failed txs (0 silently skipped, 0ms wasted) in 0.08631812499999068s {"blockNumber":7,"successfulCount":1,"failedCount":0,"duration":0.08631812499999068,"rate":13856869.574033601,"totalPublicGas":{"daGas":2176,"l2Gas":1196099},"totalBlockGas":{"daGas":3552,"l2Gas":1922849},"totalSizeInBytes":3552,"silentlySkippedCount":0,"silentlySkippedDurationMs":0}
[22:29:34.668] INFO: simulator:public-processor Processed 1 successful txs and 0 failed txs (0 silently skipped, 0ms wasted) in 0.09149800000002142s {"blockNumber":8,"successfulCount":1,"failedCount":0,"duration":0.09149800000002142,"rate":13144079.652011175,"totalPublicGas":{"daGas":2176,"l2Gas":1202657},"totalBlockGas":{"daGas":2176,"l2Gas":1202657},"totalSizeInBytes":2304,"silentlySkippedCount":0,"silentlySkippedDurationMs":0}
[22:29:34.736] INFO: txe:top_level_context Created block 9 with timestamp 1789294572
[22:29:36.530] INFO: simulator:public-processor Processed 1 successful txs and 0 failed txs (0 silently skipped, 0ms wasted) in 0.075083209000004s {"blockNumber":10,"successfulCount":1,"failedCount":0,"duration":0.075083209000004,"rate":15930312.728108576,"totalPublicGas":{"daGas":2176,"l2Gas":1196099},"totalBlockGas":{"daGas":3552,"l2Gas":1922849},"totalSizeInBytes":3552,"silentlySkippedCount":0,"silentlySkippedDurationMs":0}
[22:29:40.088] INFO: kv-store:lmdb-v2 Starting data store with maxReaders 2
[22:29:40.093] INFO: world-state:database Creating world state data store at directory /var/folders/ym/q1vh2x5n58xbsmpmvs5_6w3r0000gn/T/aztec-world-state-yC3vhe/world_state with map sizes {"archiveTreeMapSizeKb":10485760,"nullifierTreeMapSizeKb":10485760,"noteHashTreeMapSizeKb":10485760,"messageTreeMapSizeKb":10485760,"publicDataTreeMapSizeKb":10485760} and 12 threads (ephemeral=true).
[22:29:40.137] INFO: txe_node Aztec Node version: txe
[22:29:40.137] INFO: txe_node Aztec Node started on chain 0x1
[22:29:40.177] INFO: txe:top_level_context Created block 1 with timestamp 1789190980
[22:29:40.293] INFO: txe:top_level_context Created block 2 with timestamp 1789190980
[22:29:40.528] INFO: simulator:public-processor Processed 1 successful txs and 0 failed txs (0 silently skipped, 0ms wasted) in 0.16534670900000492s {"blockNumber":3,"successfulCount":1,"failedCount":0,"duration":0.16534670900000492,"rate":13107639.1729087,"totalPublicGas":{"daGas":3776,"l2Gas":2167305},"totalBlockGas":{"daGas":3776,"l2Gas":2167305},"totalSizeInBytes":3904,"silentlySkippedCount":0,"silentlySkippedDurationMs":0}
[22:29:40.622] INFO: txe:top_level_context Created block 4 with timestamp 1789190980
[22:29:41.406] INFO: simulator:public-processor Processed 1 successful txs and 0 failed txs (0 silently skipped, 0ms wasted) in 0.014350875000003725s {"blockNumber":5,"successfulCount":1,"failedCount":0,"duration":0.014350875000003725,"rate":0,"totalPublicGas":{"daGas":0,"l2Gas":0},"totalBlockGas":{"daGas":1984,"l2Gas":529900},"totalSizeInBytes":1984,"silentlySkippedCount":0,"silentlySkippedDurationMs":0}
[22:29:41.511] INFO: txe:top_level_context Created block 6 with timestamp 1789194581
[22:29:43.433] INFO: simulator:public-processor Processed 1 successful txs and 0 failed txs (0 silently skipped, 0ms wasted) in 0.0475225409999839s {"blockNumber":7,"successfulCount":1,"failedCount":0,"duration":0.0475225409999839,"rate":25169087.654643826,"totalPublicGas":{"daGas":2176,"l2Gas":1196099},"totalBlockGas":{"daGas":3552,"l2Gas":1922849},"totalSizeInBytes":3552,"silentlySkippedCount":0,"silentlySkippedDurationMs":0}
[22:29:43.518] INFO: simulator:public-processor Processed 1 successful txs and 0 failed txs (0 silently skipped, 0ms wasted) in 0.0377192909999867s {"blockNumber":8,"successfulCount":1,"failedCount":0,"duration":0.0377192909999867,"rate":31884401.008503158,"totalPublicGas":{"daGas":2176,"l2Gas":1202657},"totalBlockGas":{"daGas":2176,"l2Gas":1202657},"totalSizeInBytes":2304,"silentlySkippedCount":0,"silentlySkippedDurationMs":0}
[22:29:43.593] INFO: simulator:public-processor Processed 1 successful txs and 0 failed txs (0 silently skipped, 0ms wasted) in 0.00755945800000336s {"blockNumber":9,"successfulCount":1,"failedCount":0,"duration":0.00755945800000336,"rate":1154844.6991829467,"totalPublicGas":{"daGas":0,"l2Gas":8730},"totalBlockGas":{"daGas":0,"l2Gas":8730},"totalSizeInBytes":128,"silentlySkippedCount":0,"silentlySkippedDurationMs":0}
[22:29:43.623] INFO: simulator:public-processor Processed 1 successful txs and 0 failed txs (0 silently skipped, 0ms wasted) in 0.012039292000001296s {"blockNumber":9,"successfulCount":1,"failedCount":0,"duration":0.012039292000001296,"rate":720391.1990837224,"totalPublicGas":{"daGas":0,"l2Gas":8673},"totalBlockGas":{"daGas":0,"l2Gas":8673},"totalSizeInBytes":128,"silentlySkippedCount":0,"silentlySkippedDurationMs":0}
[22:29:43.663] INFO: simulator:public-processor Processed 1 successful txs and 0 failed txs (0 silently skipped, 0ms wasted) in 0.018975291999988257s {"blockNumber":9,"successfulCount":1,"failedCount":0,"duration":0.018975291999988257,"rate":6511520.3497304,"totalPublicGas":{"daGas":0,"l2Gas":123558},"totalBlockGas":{"daGas":0,"l2Gas":123558},"totalSizeInBytes":128,"silentlySkippedCount":0,"silentlySkippedDurationMs":0}
[22:29:45.574] INFO: kv-store:lmdb-v2 Starting data store with maxReaders 2
[22:29:45.576] INFO: world-state:database Creating world state data store at directory /var/folders/ym/q1vh2x5n58xbsmpmvs5_6w3r0000gn/T/aztec-world-state-rYnLhT/world_state with map sizes {"archiveTreeMapSizeKb":10485760,"nullifierTreeMapSizeKb":10485760,"noteHashTreeMapSizeKb":10485760,"messageTreeMapSizeKb":10485760,"publicDataTreeMapSizeKb":10485760} and 12 threads (ephemeral=true).
[22:29:45.595] INFO: txe_node Aztec Node version: txe
[22:29:45.596] INFO: txe_node Aztec Node started on chain 0x1
[22:29:45.618] INFO: txe:top_level_context Created block 1 with timestamp 1789190985
[22:29:45.706] INFO: txe:top_level_context Created block 2 with timestamp 1789190985
[22:29:45.961] INFO: simulator:public-processor Processed 1 successful txs and 0 failed txs (0 silently skipped, 0ms wasted) in 0.1708847919999971s {"blockNumber":3,"successfulCount":1,"failedCount":0,"duration":0.1708847919999971,"rate":12682843.070084533,"totalPublicGas":{"daGas":3776,"l2Gas":2167305},"totalBlockGas":{"daGas":3776,"l2Gas":2167305},"totalSizeInBytes":3904,"silentlySkippedCount":0,"silentlySkippedDurationMs":0}
[22:29:46.021] INFO: txe:top_level_context Created block 4 with timestamp 1789190985
[22:29:48.267] INFO: kv-store:lmdb-v2 Starting data store with maxReaders 2
[22:29:48.269] INFO: world-state:database Creating world state data store at directory /var/folders/ym/q1vh2x5n58xbsmpmvs5_6w3r0000gn/T/aztec-world-state-yNwz6S/world_state with map sizes {"archiveTreeMapSizeKb":10485760,"nullifierTreeMapSizeKb":10485760,"noteHashTreeMapSizeKb":10485760,"messageTreeMapSizeKb":10485760,"publicDataTreeMapSizeKb":10485760} and 12 threads (ephemeral=true).
[22:29:48.343] INFO: txe_node Aztec Node version: txe
[22:29:48.343] INFO: txe_node Aztec Node started on chain 0x1
[22:29:48.379] INFO: txe:top_level_context Created block 1 with timestamp 1789190988
[22:29:48.512] INFO: txe:top_level_context Created block 2 with timestamp 1789190988
[22:29:48.929] INFO: simulator:public-processor Processed 1 successful txs and 0 failed txs (0 silently skipped, 0ms wasted) in 0.30407799999997953s {"blockNumber":3,"successfulCount":1,"failedCount":0,"duration":0.30407799999997953,"rate":7127464.005946322,"totalPublicGas":{"daGas":3776,"l2Gas":2167305},"totalBlockGas":{"daGas":3776,"l2Gas":2167305},"totalSizeInBytes":3904,"silentlySkippedCount":0,"silentlySkippedDurationMs":0}
[22:29:49.074] INFO: txe:top_level_context Created block 4 with timestamp 1789190988
[22:29:49.711] INFO: simulator:public-processor Processed 1 successful txs and 0 failed txs (0 silently skipped, 0ms wasted) in 0.010293667000019923s {"blockNumber":5,"successfulCount":1,"failedCount":0,"duration":0.010293667000019923,"rate":0,"totalPublicGas":{"daGas":0,"l2Gas":0},"totalBlockGas":{"daGas":1984,"l2Gas":529900},"totalSizeInBytes":1984,"silentlySkippedCount":0,"silentlySkippedDurationMs":0}
[22:29:49.765] INFO: txe:top_level_context Created block 6 with timestamp 1789194589
[22:29:51.889] INFO: simulator:public-processor Processed 1 successful txs and 0 failed txs (0 silently skipped, 0ms wasted) in 0.15063854199997148s {"blockNumber":7,"successfulCount":1,"failedCount":0,"duration":0.15063854199997148,"rate":7940192.357944001,"totalPublicGas":{"daGas":2176,"l2Gas":1196099},"totalBlockGas":{"daGas":3552,"l2Gas":1922849},"totalSizeInBytes":3552,"silentlySkippedCount":0,"silentlySkippedDurationMs":0}
[22:29:52.110] INFO: simulator:public-processor Processed 1 successful txs and 0 failed txs (0 silently skipped, 0ms wasted) in 0.1357632910000393s {"blockNumber":8,"successfulCount":1,"failedCount":0,"duration":0.1357632910000393,"rate":8858484.433760904,"totalPublicGas":{"daGas":2176,"l2Gas":1202657},"totalBlockGas":{"daGas":2176,"l2Gas":1202657},"totalSizeInBytes":2304,"silentlySkippedCount":0,"silentlySkippedDurationMs":0}
[22:29:52.216] INFO: simulator:public-processor Processed 1 successful txs and 0 failed txs (0 silently skipped, 0ms wasted) in 0.031561416000011375s {"blockNumber":9,"successfulCount":1,"failedCount":0,"duration":0.031561416000011375,"rate":1062499.8574204629,"totalPublicGas":{"daGas":0,"l2Gas":33534},"totalBlockGas":{"daGas":0,"l2Gas":33534},"totalSizeInBytes":128,"silentlySkippedCount":0,"silentlySkippedDurationMs":0}
[22:29:52.218] WARN: txe:top_level_context Could not find function artifact in contract Billboard for function '0x6675867b' when enriching error callstack
[22:29:54.704] INFO: kv-store:lmdb-v2 Starting data store with maxReaders 2
[22:29:54.706] INFO: world-state:database Creating world state data store at directory /var/folders/ym/q1vh2x5n58xbsmpmvs5_6w3r0000gn/T/aztec-world-state-5xxeA3/world_state with map sizes {"archiveTreeMapSizeKb":10485760,"nullifierTreeMapSizeKb":10485760,"noteHashTreeMapSizeKb":10485760,"messageTreeMapSizeKb":10485760,"publicDataTreeMapSizeKb":10485760} and 12 threads (ephemeral=true).
[22:29:54.735] INFO: txe_node Aztec Node version: txe
[22:29:54.735] INFO: txe_node Aztec Node started on chain 0x1
[22:29:54.761] INFO: txe:top_level_context Created block 1 with timestamp 1789190994
[22:29:54.872] INFO: txe:top_level_context Created block 2 with timestamp 1789190994
[22:29:55.133] INFO: simulator:public-processor Processed 1 successful txs and 0 failed txs (0 silently skipped, 0ms wasted) in 0.1670155420000083s {"blockNumber":3,"successfulCount":1,"failedCount":0,"duration":0.1670155420000083,"rate":12976666.56675516,"totalPublicGas":{"daGas":3776,"l2Gas":2167305},"totalBlockGas":{"daGas":3776,"l2Gas":2167305},"totalSizeInBytes":3904,"silentlySkippedCount":0,"silentlySkippedDurationMs":0}
[22:29:55.222] INFO: txe:top_level_context Created block 4 with timestamp 1789190994
[22:29:56.071] INFO: simulator:public-processor Processed 1 successful txs and 0 failed txs (0 silently skipped, 0ms wasted) in 0.014422709000005852s {"blockNumber":5,"successfulCount":1,"failedCount":0,"duration":0.014422709000005852,"rate":0,"totalPublicGas":{"daGas":0,"l2Gas":0},"totalBlockGas":{"daGas":1984,"l2Gas":529900},"totalSizeInBytes":1984,"silentlySkippedCount":0,"silentlySkippedDurationMs":0}
[22:29:56.169] INFO: txe:top_level_context Created block 6 with timestamp 1789194595
[22:29:58.836] INFO: simulator:public-processor Processed 1 successful txs and 0 failed txs (0 silently skipped, 0ms wasted) in 0.1612716670000227s {"blockNumber":7,"successfulCount":1,"failedCount":0,"duration":0.1612716670000227,"rate":7416671.646358263,"totalPublicGas":{"daGas":2176,"l2Gas":1196099},"totalBlockGas":{"daGas":3552,"l2Gas":1922849},"totalSizeInBytes":3552,"silentlySkippedCount":0,"silentlySkippedDurationMs":0}
[22:29:58.938] INFO: simulator:public-processor Processed 1 successful txs and 0 failed txs (0 silently skipped, 0ms wasted) in 0.024277292000013405s {"blockNumber":8,"successfulCount":1,"failedCount":0,"duration":0.024277292000013405,"rate":288170.5257734733,"totalPublicGas":{"daGas":0,"l2Gas":6996},"totalBlockGas":{"daGas":0,"l2Gas":6996},"totalSizeInBytes":128,"silentlySkippedCount":0,"silentlySkippedDurationMs":0}
[22:29:59.014] INFO: simulator:public-processor Processed 1 successful txs and 0 failed txs (0 silently skipped, 0ms wasted) in 0.03589991600002395s {"blockNumber":8,"successfulCount":1,"failedCount":0,"duration":0.03589991600002395,"rate":3474409.2437407593,"totalPublicGas":{"daGas":0,"l2Gas":124731},"totalBlockGas":{"daGas":0,"l2Gas":124731},"totalSizeInBytes":128,"silentlySkippedCount":0,"silentlySkippedDurationMs":0}
[22:29:59.097] INFO: simulator:public-processor Processed 1 successful txs and 0 failed txs (0 silently skipped, 0ms wasted) in 0.02540062500000931s {"blockNumber":8,"successfulCount":1,"failedCount":0,"duration":0.02540062500000931,"rate":337905.0712333596,"totalPublicGas":{"daGas":0,"l2Gas":8583},"totalBlockGas":{"daGas":0,"l2Gas":8583},"totalSizeInBytes":128,"silentlySkippedCount":0,"silentlySkippedDurationMs":0}
[22:30:02.098] INFO: kv-store:lmdb-v2 Starting data store with maxReaders 2
[22:30:02.109] INFO: world-state:database Creating world state data store at directory /var/folders/ym/q1vh2x5n58xbsmpmvs5_6w3r0000gn/T/aztec-world-state-SF5cw6/world_state with map sizes {"archiveTreeMapSizeKb":10485760,"nullifierTreeMapSizeKb":10485760,"noteHashTreeMapSizeKb":10485760,"messageTreeMapSizeKb":10485760,"publicDataTreeMapSizeKb":10485760} and 12 threads (ephemeral=true).
[22:30:02.199] INFO: txe_node Aztec Node version: txe
[22:30:02.199] INFO: txe_node Aztec Node started on chain 0x1
[22:30:02.317] INFO: txe:top_level_context Created block 1 with timestamp 1789191002
[22:30:02.474] INFO: txe:top_level_context Created block 2 with timestamp 1789191002
[22:30:02.780] INFO: simulator:public-processor Processed 1 successful txs and 0 failed txs (0 silently skipped, 0ms wasted) in 0.19337341699999525s {"blockNumber":3,"successfulCount":1,"failedCount":0,"duration":0.19337341699999525,"rate":11207874.554960433,"totalPublicGas":{"daGas":3776,"l2Gas":2167305},"totalBlockGas":{"daGas":3776,"l2Gas":2167305},"totalSizeInBytes":3904,"silentlySkippedCount":0,"silentlySkippedDurationMs":0}
[22:30:02.857] INFO: txe:top_level_context Created block 4 with timestamp 1789191002
[22:30:03.704] INFO: simulator:public-processor Processed 1 successful txs and 0 failed txs (0 silently skipped, 0ms wasted) in 0.03920412499998929s {"blockNumber":5,"successfulCount":1,"failedCount":0,"duration":0.03920412499998929,"rate":0,"totalPublicGas":{"daGas":0,"l2Gas":0},"totalBlockGas":{"daGas":1984,"l2Gas":529900},"totalSizeInBytes":1984,"silentlySkippedCount":0,"silentlySkippedDurationMs":0}
[22:30:03.833] INFO: txe:top_level_context Created block 6 with timestamp 1789194603
[22:30:06.923] INFO: simulator:public-processor Processed 1 successful txs and 0 failed txs (0 silently skipped, 0ms wasted) in 0.07730695800000104s {"blockNumber":7,"successfulCount":1,"failedCount":0,"duration":0.07730695800000104,"rate":15472074.32479731,"totalPublicGas":{"daGas":2176,"l2Gas":1196099},"totalBlockGas":{"daGas":3552,"l2Gas":1922849},"totalSizeInBytes":3552,"silentlySkippedCount":0,"silentlySkippedDurationMs":0}
[22:30:07.038] INFO: simulator:public-processor Processed 1 successful txs and 0 failed txs (0 silently skipped, 0ms wasted) in 0.06382949999999254s {"blockNumber":8,"successfulCount":1,"failedCount":0,"duration":0.06382949999999254,"rate":18841711.12103558,"totalPublicGas":{"daGas":2176,"l2Gas":1202657},"totalBlockGas":{"daGas":2176,"l2Gas":1202657},"totalSizeInBytes":2304,"silentlySkippedCount":0,"silentlySkippedDurationMs":0}
[22:30:07.131] INFO: txe:top_level_context Created block 9 with timestamp 1789198203
[22:30:09.160] INFO: simulator:public-processor Processed 1 successful txs and 0 failed txs (0 silently skipped, 0ms wasted) in 0.07995612500002608s {"blockNumber":10,"successfulCount":1,"failedCount":0,"duration":0.07995612500002608,"rate":14959441.81886766,"totalPublicGas":{"daGas":2176,"l2Gas":1196099},"totalBlockGas":{"daGas":3552,"l2Gas":1922849},"totalSizeInBytes":3552,"silentlySkippedCount":0,"silentlySkippedDurationMs":0}
[22:30:09.239] INFO: txe:top_level_context Created block 11 with timestamp 1789212601
[22:30:12.725] INFO: kv-store:lmdb-v2 Starting data store with maxReaders 2
[22:30:12.729] INFO: world-state:database Creating world state data store at directory /var/folders/ym/q1vh2x5n58xbsmpmvs5_6w3r0000gn/T/aztec-world-state-bCIxdN/world_state with map sizes {"archiveTreeMapSizeKb":10485760,"nullifierTreeMapSizeKb":10485760,"noteHashTreeMapSizeKb":10485760,"messageTreeMapSizeKb":10485760,"publicDataTreeMapSizeKb":10485760} and 12 threads (ephemeral=true).
[22:30:12.750] INFO: txe_node Aztec Node version: txe
[22:30:12.750] INFO: txe_node Aztec Node started on chain 0x1
[22:30:12.781] INFO: txe:top_level_context Created block 1 with timestamp 1789191012
[22:30:12.894] INFO: txe:top_level_context Created block 2 with timestamp 1789191012
[22:30:13.093] INFO: simulator:public-processor Processed 1 successful txs and 0 failed txs (0 silently skipped, 0ms wasted) in 0.11781825000001117s {"blockNumber":3,"successfulCount":1,"failedCount":0,"duration":0.11781825000001117,"rate":18395325.002703693,"totalPublicGas":{"daGas":3776,"l2Gas":2167305},"totalBlockGas":{"daGas":3776,"l2Gas":2167305},"totalSizeInBytes":3904,"silentlySkippedCount":0,"silentlySkippedDurationMs":0}
[22:30:13.177] INFO: txe:top_level_context Created block 4 with timestamp 1789191012
[22:30:13.798] INFO: simulator:public-processor Processed 1 successful txs and 0 failed txs (0 silently skipped, 0ms wasted) in 0.014079915999958757s {"blockNumber":5,"successfulCount":1,"failedCount":0,"duration":0.014079915999958757,"rate":0,"totalPublicGas":{"daGas":0,"l2Gas":0},"totalBlockGas":{"daGas":1984,"l2Gas":529900},"totalSizeInBytes":1984,"silentlySkippedCount":0,"silentlySkippedDurationMs":0}
[22:30:17.762] INFO: kv-store:lmdb-v2 Starting data store with maxReaders 2
[22:30:17.768] INFO: world-state:database Creating world state data store at directory /var/folders/ym/q1vh2x5n58xbsmpmvs5_6w3r0000gn/T/aztec-world-state-Ar7m8G/world_state with map sizes {"archiveTreeMapSizeKb":10485760,"nullifierTreeMapSizeKb":10485760,"noteHashTreeMapSizeKb":10485760,"messageTreeMapSizeKb":10485760,"publicDataTreeMapSizeKb":10485760} and 12 threads (ephemeral=true).
[22:30:17.795] INFO: txe_node Aztec Node version: txe
[22:30:17.795] INFO: txe_node Aztec Node started on chain 0x1
[22:30:17.827] INFO: txe:top_level_context Created block 1 with timestamp 1789191017
[22:30:17.947] INFO: txe:top_level_context Created block 2 with timestamp 1789191017
[22:30:18.165] INFO: simulator:public-processor Processed 1 successful txs and 0 failed txs (0 silently skipped, 0ms wasted) in 0.13344108300004154s {"blockNumber":3,"successfulCount":1,"failedCount":0,"duration":0.13344108300004154,"rate":16241662.2472955,"totalPublicGas":{"daGas":3776,"l2Gas":2167305},"totalBlockGas":{"daGas":3776,"l2Gas":2167305},"totalSizeInBytes":3904,"silentlySkippedCount":0,"silentlySkippedDurationMs":0}
[22:30:18.268] INFO: txe:top_level_context Created block 4 with timestamp 1789191017
[22:30:18.923] INFO: simulator:public-processor Processed 1 successful txs and 0 failed txs (0 silently skipped, 0ms wasted) in 0.015079833000025246s {"blockNumber":5,"successfulCount":1,"failedCount":0,"duration":0.015079833000025246,"rate":0,"totalPublicGas":{"daGas":0,"l2Gas":0},"totalBlockGas":{"daGas":1984,"l2Gas":529900},"totalSizeInBytes":1984,"silentlySkippedCount":0,"silentlySkippedDurationMs":0}
[22:30:18.987] INFO: txe:top_level_context Created block 6 with timestamp 1789194618
[22:30:20.873] INFO: simulator:public-processor Processed 1 successful txs and 0 failed txs (0 silently skipped, 0ms wasted) in 0.10015983299998334s {"blockNumber":7,"successfulCount":1,"failedCount":0,"duration":0.10015983299998334,"rate":11941902.898342483,"totalPublicGas":{"daGas":2176,"l2Gas":1196099},"totalBlockGas":{"daGas":3552,"l2Gas":1922849},"totalSizeInBytes":3552,"silentlySkippedCount":0,"silentlySkippedDurationMs":0}
[22:30:20.997] INFO: simulator:public-processor Processed 1 successful txs and 0 failed txs (0 silently skipped, 0ms wasted) in 0.02193258300004527s {"blockNumber":8,"successfulCount":1,"failedCount":0,"duration":0.02193258300004527,"rate":318977.477481132,"totalPublicGas":{"daGas":0,"l2Gas":6996},"totalBlockGas":{"daGas":0,"l2Gas":6996},"totalSizeInBytes":128,"silentlySkippedCount":0,"silentlySkippedDurationMs":0}
[22:30:21.040] INFO: txe:top_level_context Created block 8 with timestamp 1789198219
[22:30:23.663] INFO: simulator:public-processor Processed 1 successful txs and 0 failed txs (0 silently skipped, 0ms wasted) in 0.10889825000002748s {"blockNumber":9,"successfulCount":1,"failedCount":0,"duration":0.10889825000002748,"rate":10983638.396390192,"totalPublicGas":{"daGas":2176,"l2Gas":1196099},"totalBlockGas":{"daGas":3552,"l2Gas":1922849},"totalSizeInBytes":3552,"silentlySkippedCount":0,"silentlySkippedDurationMs":0}
[22:30:23.792] INFO: simulator:public-processor Processed 1 successful txs and 0 failed txs (0 silently skipped, 0ms wasted) in 0.028753582999983335s {"blockNumber":10,"successfulCount":1,"failedCount":0,"duration":0.028753582999983335,"rate":243308.8078102842,"totalPublicGas":{"daGas":0,"l2Gas":6996},"totalBlockGas":{"daGas":0,"l2Gas":6996},"totalSizeInBytes":128,"silentlySkippedCount":0,"silentlySkippedDurationMs":0}
[22:30:23.844] INFO: txe:top_level_context Created block 10 with timestamp 1789201820
[22:30:25.874] INFO: simulator:public-processor Processed 1 successful txs and 0 failed txs (0 silently skipped, 0ms wasted) in 0.10350754199997755s {"blockNumber":11,"successfulCount":1,"failedCount":0,"duration":0.10350754199997755,"rate":11555670.020646991,"totalPublicGas":{"daGas":2176,"l2Gas":1196099},"totalBlockGas":{"daGas":3552,"l2Gas":1922849},"totalSizeInBytes":3552,"silentlySkippedCount":0,"silentlySkippedDurationMs":0}
[22:30:25.967] INFO: simulator:public-processor Processed 1 successful txs and 0 failed txs (0 silently skipped, 0ms wasted) in 0.012852790999982973s {"blockNumber":12,"successfulCount":1,"failedCount":0,"duration":0.012852790999982973,"rate":544317.5727364795,"totalPublicGas":{"daGas":0,"l2Gas":6996},"totalBlockGas":{"daGas":0,"l2Gas":6996},"totalSizeInBytes":128,"silentlySkippedCount":0,"silentlySkippedDurationMs":0}
[22:30:26.040] INFO: simulator:public-processor Processed 1 successful txs and 0 failed txs (0 silently skipped, 0ms wasted) in 0.0333481670000474s {"blockNumber":12,"successfulCount":1,"failedCount":0,"duration":0.0333481670000474,"rate":3740265.5444247574,"totalPublicGas":{"daGas":0,"l2Gas":124731},"totalBlockGas":{"daGas":0,"l2Gas":124731},"totalSizeInBytes":128,"silentlySkippedCount":0,"silentlySkippedDurationMs":0}
[22:30:26.103] INFO: simulator:public-processor Processed 1 successful txs and 0 failed txs (0 silently skipped, 0ms wasted) in 0.02987583299999824s {"blockNumber":12,"successfulCount":1,"failedCount":0,"duration":0.02987583299999824,"rate":4174979.823993773,"totalPublicGas":{"daGas":0,"l2Gas":124731},"totalBlockGas":{"daGas":0,"l2Gas":124731},"totalSizeInBytes":128,"silentlySkippedCount":0,"silentlySkippedDurationMs":0}
[22:30:26.169] INFO: simulator:public-processor Processed 1 successful txs and 0 failed txs (0 silently skipped, 0ms wasted) in 0.0334344169999822s {"blockNumber":12,"successfulCount":1,"failedCount":0,"duration":0.0334344169999822,"rate":3730616.8670465047,"totalPublicGas":{"daGas":0,"l2Gas":124731},"totalBlockGas":{"daGas":0,"l2Gas":124731},"totalSizeInBytes":128,"silentlySkippedCount":0,"silentlySkippedDurationMs":0}
[22:30:28.869] INFO: kv-store:lmdb-v2 Starting data store with maxReaders 2
[22:30:28.876] INFO: world-state:database Creating world state data store at directory /var/folders/ym/q1vh2x5n58xbsmpmvs5_6w3r0000gn/T/aztec-world-state-Bw7Ft3/world_state with map sizes {"archiveTreeMapSizeKb":10485760,"nullifierTreeMapSizeKb":10485760,"noteHashTreeMapSizeKb":10485760,"messageTreeMapSizeKb":10485760,"publicDataTreeMapSizeKb":10485760} and 12 threads (ephemeral=true).
[22:30:28.908] INFO: txe_node Aztec Node version: txe
[22:30:28.908] INFO: txe_node Aztec Node started on chain 0x1
[22:30:28.940] INFO: txe:top_level_context Created block 1 with timestamp 1789191028
[22:30:29.077] INFO: txe:top_level_context Created block 2 with timestamp 1789191028
[22:30:29.333] INFO: simulator:public-processor Processed 1 successful txs and 0 failed txs (0 silently skipped, 0ms wasted) in 0.1690903330000001s {"blockNumber":3,"successfulCount":1,"failedCount":0,"duration":0.1690903330000001,"rate":12817438.830166588,"totalPublicGas":{"daGas":3776,"l2Gas":2167305},"totalBlockGas":{"daGas":3776,"l2Gas":2167305},"totalSizeInBytes":3904,"silentlySkippedCount":0,"silentlySkippedDurationMs":0}
[22:30:29.402] INFO: txe:top_level_context Created block 4 with timestamp 1789191028
[22:30:29.947] INFO: simulator:public-processor Processed 1 successful txs and 0 failed txs (0 silently skipped, 0ms wasted) in 0.02561087499995483s {"blockNumber":5,"successfulCount":1,"failedCount":0,"duration":0.02561087499995483,"rate":0,"totalPublicGas":{"daGas":0,"l2Gas":0},"totalBlockGas":{"daGas":1984,"l2Gas":529900},"totalSizeInBytes":1984,"silentlySkippedCount":0,"silentlySkippedDurationMs":0}
[22:30:29.996] INFO: txe:top_level_context Created block 6 with timestamp 1789191128
[22:30:34.305] INFO: kv-store:lmdb-v2 Starting data store with maxReaders 2
[22:30:34.308] INFO: world-state:database Creating world state data store at directory /var/folders/ym/q1vh2x5n58xbsmpmvs5_6w3r0000gn/T/aztec-world-state-Mqf4ht/world_state with map sizes {"archiveTreeMapSizeKb":10485760,"nullifierTreeMapSizeKb":10485760,"noteHashTreeMapSizeKb":10485760,"messageTreeMapSizeKb":10485760,"publicDataTreeMapSizeKb":10485760} and 12 threads (ephemeral=true).
[22:30:34.342] INFO: txe_node Aztec Node version: txe
[22:30:34.342] INFO: txe_node Aztec Node started on chain 0x1
[22:30:34.384] INFO: txe:top_level_context Created block 1 with timestamp 1789191034
[22:30:34.510] INFO: txe:top_level_context Created block 2 with timestamp 1789191034
[22:30:34.731] INFO: simulator:public-processor Processed 1 successful txs and 0 failed txs (0 silently skipped, 0ms wasted) in 0.13074483300000428s {"blockNumber":3,"successfulCount":1,"failedCount":0,"duration":0.13074483300000428,"rate":16576601.539579993,"totalPublicGas":{"daGas":3776,"l2Gas":2167305},"totalBlockGas":{"daGas":3776,"l2Gas":2167305},"totalSizeInBytes":3904,"silentlySkippedCount":0,"silentlySkippedDurationMs":0}
[22:30:34.818] INFO: txe:top_level_context Created block 4 with timestamp 1789191034
[22:30:35.482] INFO: simulator:public-processor Processed 1 successful txs and 0 failed txs (0 silently skipped, 0ms wasted) in 0.015492415999993682s {"blockNumber":5,"successfulCount":1,"failedCount":0,"duration":0.015492415999993682,"rate":0,"totalPublicGas":{"daGas":0,"l2Gas":0},"totalBlockGas":{"daGas":1984,"l2Gas":529900},"totalSizeInBytes":1984,"silentlySkippedCount":0,"silentlySkippedDurationMs":0}
[22:30:35.564] INFO: txe:top_level_context Created block 6 with timestamp 1789194635
[22:30:37.099] INFO: simulator:public-processor Processed 1 successful txs and 0 failed txs (0 silently skipped, 0ms wasted) in 0.07964070800004992s {"blockNumber":7,"successfulCount":1,"failedCount":0,"duration":0.07964070800004992,"rate":15018688.683672303,"totalPublicGas":{"daGas":2176,"l2Gas":1196099},"totalBlockGas":{"daGas":3552,"l2Gas":1922849},"totalSizeInBytes":3552,"silentlySkippedCount":0,"silentlySkippedDurationMs":0}
[22:30:37.187] INFO: txe:top_level_context Created block 8 with timestamp 1789198236
[22:30:38.756] INFO: simulator:public-processor Processed 1 successful txs and 0 failed txs (0 silently skipped, 0ms wasted) in 0.09165799999999581s {"blockNumber":9,"successfulCount":1,"failedCount":0,"duration":0.09165799999999581,"rate":13049586.506361198,"totalPublicGas":{"daGas":2176,"l2Gas":1196099},"totalBlockGas":{"daGas":3552,"l2Gas":1922849},"totalSizeInBytes":3552,"silentlySkippedCount":0,"silentlySkippedDurationMs":0}
[22:30:38.945] INFO: simulator:public-processor Processed 1 successful txs and 0 failed txs (0 silently skipped, 0ms wasted) in 0.01134133299998939s {"blockNumber":10,"successfulCount":1,"failedCount":0,"duration":0.01134133299998939,"rate":616858.7061156343,"totalPublicGas":{"daGas":0,"l2Gas":6996},"totalBlockGas":{"daGas":0,"l2Gas":6996},"totalSizeInBytes":128,"silentlySkippedCount":0,"silentlySkippedDurationMs":0}
[22:30:39.021] INFO: simulator:public-processor Processed 1 successful txs and 0 failed txs (0 silently skipped, 0ms wasted) in 0.026078457999974488s {"blockNumber":10,"successfulCount":1,"failedCount":0,"duration":0.026078457999974488,"rate":4782913.1615113905,"totalPublicGas":{"daGas":0,"l2Gas":124731},"totalBlockGas":{"daGas":0,"l2Gas":124731},"totalSizeInBytes":128,"silentlySkippedCount":0,"silentlySkippedDurationMs":0}
[22:30:41.243] INFO: kv-store:lmdb-v2 Starting data store with maxReaders 2
[22:30:41.245] INFO: world-state:database Creating world state data store at directory /var/folders/ym/q1vh2x5n58xbsmpmvs5_6w3r0000gn/T/aztec-world-state-NktbFj/world_state with map sizes {"archiveTreeMapSizeKb":10485760,"nullifierTreeMapSizeKb":10485760,"noteHashTreeMapSizeKb":10485760,"messageTreeMapSizeKb":10485760,"publicDataTreeMapSizeKb":10485760} and 12 threads (ephemeral=true).
[22:30:41.277] INFO: txe_node Aztec Node version: txe
[22:30:41.277] INFO: txe_node Aztec Node started on chain 0x1
[22:30:41.313] INFO: txe:top_level_context Created block 1 with timestamp 1789191041
[22:30:41.439] INFO: txe:top_level_context Created block 2 with timestamp 1789191041
[22:30:41.725] INFO: simulator:public-processor Processed 1 successful txs and 0 failed txs (0 silently skipped, 0ms wasted) in 0.18250491700001295s {"blockNumber":3,"successfulCount":1,"failedCount":0,"duration":0.18250491700001295,"rate":11875323.88510851,"totalPublicGas":{"daGas":3776,"l2Gas":2167305},"totalBlockGas":{"daGas":3776,"l2Gas":2167305},"totalSizeInBytes":3904,"silentlySkippedCount":0,"silentlySkippedDurationMs":0}
[22:30:41.823] INFO: txe:top_level_context Created block 4 with timestamp 1789191041
[22:30:42.831] INFO: simulator:public-processor Processed 1 successful txs and 0 failed txs (0 silently skipped, 0ms wasted) in 0.01006187500001397s {"blockNumber":5,"successfulCount":1,"failedCount":0,"duration":0.01006187500001397,"rate":0,"totalPublicGas":{"daGas":0,"l2Gas":0},"totalBlockGas":{"daGas":1984,"l2Gas":529900},"totalSizeInBytes":1984,"silentlySkippedCount":0,"silentlySkippedDurationMs":0}
[22:30:42.884] INFO: txe:top_level_context Created block 6 with timestamp 1789194642
[22:30:45.685] INFO: simulator:public-processor Processed 1 successful txs and 0 failed txs (0 silently skipped, 0ms wasted) in 0.16415766699996312s {"blockNumber":7,"successfulCount":1,"failedCount":0,"duration":0.16415766699996312,"rate":7286281.669684479,"totalPublicGas":{"daGas":2176,"l2Gas":1196099},"totalBlockGas":{"daGas":3552,"l2Gas":1922849},"totalSizeInBytes":3552,"silentlySkippedCount":0,"silentlySkippedDurationMs":0}
[22:30:45.919] INFO: simulator:public-processor Processed 1 successful txs and 0 failed txs (0 silently skipped, 0ms wasted) in 0.11801900000002934s {"blockNumber":8,"successfulCount":1,"failedCount":0,"duration":0.11801900000002934,"rate":10190367.652663562,"totalPublicGas":{"daGas":2176,"l2Gas":1202657},"totalBlockGas":{"daGas":2176,"l2Gas":1202657},"totalSizeInBytes":2304,"silentlySkippedCount":0,"silentlySkippedDurationMs":0}
[22:30:46.001] INFO: txe:top_level_context Created block 9 with timestamp 1789198242
[22:30:48.302] INFO: simulator:public-processor Processed 1 successful txs and 0 failed txs (0 silently skipped, 0ms wasted) in 0.06904791700001806s {"blockNumber":10,"successfulCount":1,"failedCount":0,"duration":0.06904791700001806,"rate":17322738.352841076,"totalPublicGas":{"daGas":2176,"l2Gas":1196099},"totalBlockGas":{"daGas":3552,"l2Gas":1922849},"totalSizeInBytes":3552,"silentlySkippedCount":0,"silentlySkippedDurationMs":0}
[22:30:48.416] INFO: simulator:public-processor Processed 1 successful txs and 0 failed txs (0 silently skipped, 0ms wasted) in 0.02208120799995959s {"blockNumber":11,"successfulCount":1,"failedCount":0,"duration":0.02208120799995959,"rate":316830.49224538816,"totalPublicGas":{"daGas":0,"l2Gas":6996},"totalBlockGas":{"daGas":0,"l2Gas":6996},"totalSizeInBytes":128,"silentlySkippedCount":0,"silentlySkippedDurationMs":0}
[22:30:50.467] INFO: kv-store:lmdb-v2 Starting data store with maxReaders 2
[22:30:50.470] INFO: world-state:database Creating world state data store at directory /var/folders/ym/q1vh2x5n58xbsmpmvs5_6w3r0000gn/T/aztec-world-state-Ds0wj0/world_state with map sizes {"archiveTreeMapSizeKb":10485760,"nullifierTreeMapSizeKb":10485760,"noteHashTreeMapSizeKb":10485760,"messageTreeMapSizeKb":10485760,"publicDataTreeMapSizeKb":10485760} and 12 threads (ephemeral=true).
[22:30:50.505] INFO: txe_node Aztec Node version: txe
[22:30:50.505] INFO: txe_node Aztec Node started on chain 0x1
[22:30:50.544] INFO: txe:top_level_context Created block 1 with timestamp 1789191050
[22:30:50.619] INFO: txe:top_level_context Created block 2 with timestamp 1789191050
[22:30:50.932] INFO: simulator:public-processor Processed 1 successful txs and 0 failed txs (0 silently skipped, 0ms wasted) in 0.2451201249999576s {"blockNumber":3,"successfulCount":1,"failedCount":0,"duration":0.2451201249999576,"rate":8841807.664712861,"totalPublicGas":{"daGas":3776,"l2Gas":2167305},"totalBlockGas":{"daGas":3776,"l2Gas":2167305},"totalSizeInBytes":3904,"silentlySkippedCount":0,"silentlySkippedDurationMs":0}
[22:30:51.005] INFO: txe:top_level_context Created block 4 with timestamp 1789191050
[22:30:51.808] INFO: simulator:public-processor Processed 1 successful txs and 0 failed txs (0 silently skipped, 0ms wasted) in 0.01319708300003549s {"blockNumber":5,"successfulCount":1,"failedCount":0,"duration":0.01319708300003549,"rate":0,"totalPublicGas":{"daGas":0,"l2Gas":0},"totalBlockGas":{"daGas":1984,"l2Gas":529900},"totalSizeInBytes":1984,"silentlySkippedCount":0,"silentlySkippedDurationMs":0}
[22:30:51.879] INFO: txe:top_level_context Created block 6 with timestamp 1789194651
[22:30:53.765] INFO: simulator:public-processor Processed 1 successful txs and 0 failed txs (0 silently skipped, 0ms wasted) in 0.0862022500000312s {"blockNumber":7,"successfulCount":1,"failedCount":0,"duration":0.0862022500000312,"rate":13875496.289244968,"totalPublicGas":{"daGas":2176,"l2Gas":1196099},"totalBlockGas":{"daGas":3552,"l2Gas":1922849},"totalSizeInBytes":3552,"silentlySkippedCount":0,"silentlySkippedDurationMs":0}
[22:30:53.829] INFO: txe:top_level_context Created block 8 with timestamp 1789198252
[22:30:56.017] INFO: simulator:public-processor Processed 1 successful txs and 0 failed txs (0 silently skipped, 0ms wasted) in 0.08929383300000336s {"blockNumber":9,"successfulCount":1,"failedCount":0,"duration":0.08929383300000336,"rate":13395090.78975202,"totalPublicGas":{"daGas":2176,"l2Gas":1196099},"totalBlockGas":{"daGas":3552,"l2Gas":1922849},"totalSizeInBytes":3552,"silentlySkippedCount":0,"silentlySkippedDurationMs":0}
[22:30:56.120] INFO: simulator:public-processor Processed 1 successful txs and 0 failed txs (0 silently skipped, 0ms wasted) in 0.0196519580000313s {"blockNumber":10,"successfulCount":1,"failedCount":0,"duration":0.0196519580000313,"rate":355995.061661991,"totalPublicGas":{"daGas":0,"l2Gas":6996},"totalBlockGas":{"daGas":0,"l2Gas":6996},"totalSizeInBytes":128,"silentlySkippedCount":0,"silentlySkippedDurationMs":0}
[22:30:58.617] INFO: kv-store:lmdb-v2 Starting data store with maxReaders 2
[22:30:58.622] INFO: world-state:database Creating world state data store at directory /var/folders/ym/q1vh2x5n58xbsmpmvs5_6w3r0000gn/T/aztec-world-state-qLgpLG/world_state with map sizes {"archiveTreeMapSizeKb":10485760,"nullifierTreeMapSizeKb":10485760,"noteHashTreeMapSizeKb":10485760,"messageTreeMapSizeKb":10485760,"publicDataTreeMapSizeKb":10485760} and 12 threads (ephemeral=true).
[22:30:58.654] INFO: txe_node Aztec Node version: txe
[22:30:58.654] INFO: txe_node Aztec Node started on chain 0x1
[22:30:58.688] INFO: txe:top_level_context Created block 1 with timestamp 1789191058
[22:30:58.785] INFO: txe:top_level_context Created block 2 with timestamp 1789191058
[22:30:59.009] INFO: simulator:public-processor Processed 1 successful txs and 0 failed txs (0 silently skipped, 0ms wasted) in 0.1291772500000079s {"blockNumber":3,"successfulCount":1,"failedCount":0,"duration":0.1291772500000079,"rate":16777760.789921347,"totalPublicGas":{"daGas":3776,"l2Gas":2167305},"totalBlockGas":{"daGas":3776,"l2Gas":2167305},"totalSizeInBytes":3904,"silentlySkippedCount":0,"silentlySkippedDurationMs":0}
[22:30:59.091] INFO: simulator:public-processor Processed 1 successful txs and 0 failed txs (0 silently skipped, 0ms wasted) in 0.017431457999977282s {"blockNumber":4,"successfulCount":1,"failedCount":0,"duration":0.017431457999977282,"rate":413906.85736152437,"totalPublicGas":{"daGas":0,"l2Gas":7215},"totalBlockGas":{"daGas":0,"l2Gas":7215},"totalSizeInBytes":128,"silentlySkippedCount":0,"silentlySkippedDurationMs":0}
[22:30:59.094] WARN: txe:top_level_context Could not find function artifact in contract Billboard for function '0x3bc1b6cc' when enriching error callstack
[22:31:01.890] INFO: kv-store:lmdb-v2 Starting data store with maxReaders 2
[22:31:01.894] INFO: world-state:database Creating world state data store at directory /var/folders/ym/q1vh2x5n58xbsmpmvs5_6w3r0000gn/T/aztec-world-state-1pRbiZ/world_state with map sizes {"archiveTreeMapSizeKb":10485760,"nullifierTreeMapSizeKb":10485760,"noteHashTreeMapSizeKb":10485760,"messageTreeMapSizeKb":10485760,"publicDataTreeMapSizeKb":10485760} and 12 threads (ephemeral=true).
[22:31:01.925] INFO: txe_node Aztec Node version: txe
[22:31:01.925] INFO: txe_node Aztec Node started on chain 0x1
[22:31:01.956] INFO: txe:top_level_context Created block 1 with timestamp 1789191061
[22:31:02.035] INFO: txe:top_level_context Created block 2 with timestamp 1789191061
[22:31:02.283] INFO: simulator:public-processor Processed 1 successful txs and 0 failed txs (0 silently skipped, 0ms wasted) in 0.13849841599998763s {"blockNumber":3,"successfulCount":1,"failedCount":0,"duration":0.13849841599998763,"rate":15648590.522509612,"totalPublicGas":{"daGas":3776,"l2Gas":2167305},"totalBlockGas":{"daGas":3776,"l2Gas":2167305},"totalSizeInBytes":3904,"silentlySkippedCount":0,"silentlySkippedDurationMs":0}
[22:31:02.363] INFO: simulator:public-processor Processed 1 successful txs and 0 failed txs (0 silently skipped, 0ms wasted) in 0.008046459000033791s {"blockNumber":4,"successfulCount":1,"failedCount":0,"duration":0.008046459000033791,"rate":1084949.29259732,"totalPublicGas":{"daGas":0,"l2Gas":8730},"totalBlockGas":{"daGas":0,"l2Gas":8730},"totalSizeInBytes":128,"silentlySkippedCount":0,"silentlySkippedDurationMs":0}
[22:31:04.724] INFO: kv-store:lmdb-v2 Starting data store with maxReaders 2
[22:31:04.730] INFO: world-state:database Creating world state data store at directory /var/folders/ym/q1vh2x5n58xbsmpmvs5_6w3r0000gn/T/aztec-world-state-gOmWPy/world_state with map sizes {"archiveTreeMapSizeKb":10485760,"nullifierTreeMapSizeKb":10485760,"noteHashTreeMapSizeKb":10485760,"messageTreeMapSizeKb":10485760,"publicDataTreeMapSizeKb":10485760} and 12 threads (ephemeral=true).
[22:31:04.753] INFO: txe_node Aztec Node version: txe
[22:31:04.753] INFO: txe_node Aztec Node started on chain 0x1
[22:31:04.804] INFO: txe:top_level_context Created block 1 with timestamp 1789191064
[22:31:04.885] INFO: txe:top_level_context Created block 2 with timestamp 1789191064
[22:31:04.973] INFO: simulator:public-processor Processed 1 successful txs and 0 failed txs (0 silently skipped, 0ms wasted) in 0.0254721669999999s {"blockNumber":3,"successfulCount":1,"failedCount":0,"duration":0.0254721669999999,"rate":4676045.0337814,"totalPublicGas":{"daGas":0,"l2Gas":119109},"totalBlockGas":{"daGas":0,"l2Gas":119109},"totalSizeInBytes":128,"silentlySkippedCount":0,"silentlySkippedDurationMs":0}
[22:31:04.976] WARN: txe:top_level_context Could not find function artifact in contract Billboard for function '0x609f9c98' when enriching error callstack
[22:31:07.807] INFO: kv-store:lmdb-v2 Starting data store with maxReaders 2
[22:31:07.811] INFO: world-state:database Creating world state data store at directory /var/folders/ym/q1vh2x5n58xbsmpmvs5_6w3r0000gn/T/aztec-world-state-UKHONb/world_state with map sizes {"archiveTreeMapSizeKb":10485760,"nullifierTreeMapSizeKb":10485760,"noteHashTreeMapSizeKb":10485760,"messageTreeMapSizeKb":10485760,"publicDataTreeMapSizeKb":10485760} and 12 threads (ephemeral=true).
[22:31:07.841] INFO: txe_node Aztec Node version: txe
[22:31:07.841] INFO: txe_node Aztec Node started on chain 0x1
[22:31:07.865] INFO: txe:top_level_context Created block 1 with timestamp 1789191067
[22:31:07.980] INFO: txe:top_level_context Created block 2 with timestamp 1789191067
[22:31:08.065] INFO: simulator:public-processor Processed 1 successful txs and 0 failed txs (0 silently skipped, 0ms wasted) in 0.01809487500000978s {"blockNumber":3,"successfulCount":1,"failedCount":0,"duration":0.01809487500000978,"rate":6566058.068924808,"totalPublicGas":{"daGas":0,"l2Gas":118812},"totalBlockGas":{"daGas":0,"l2Gas":118812},"totalSizeInBytes":128,"silentlySkippedCount":0,"silentlySkippedDurationMs":0}
[22:31:08.067] WARN: txe:top_level_context Could not find function artifact in contract Billboard for function '0x609f9c98' when enriching error callstack
[22:31:11.216] INFO: kv-store:lmdb-v2 Starting data store with maxReaders 2
[22:31:11.230] INFO: world-state:database Creating world state data store at directory /var/folders/ym/q1vh2x5n58xbsmpmvs5_6w3r0000gn/T/aztec-world-state-4nEzwx/world_state with map sizes {"archiveTreeMapSizeKb":10485760,"nullifierTreeMapSizeKb":10485760,"noteHashTreeMapSizeKb":10485760,"messageTreeMapSizeKb":10485760,"publicDataTreeMapSizeKb":10485760} and 12 threads (ephemeral=true).
[22:31:11.266] INFO: txe_node Aztec Node version: txe
[22:31:11.267] INFO: txe_node Aztec Node started on chain 0x1
[22:31:11.309] INFO: txe:top_level_context Created block 1 with timestamp 1789191071
[22:31:11.448] INFO: txe:top_level_context Created block 2 with timestamp 1789191071
[22:31:11.540] INFO: simulator:public-processor Processed 1 successful txs and 0 failed txs (0 silently skipped, 0ms wasted) in 0.02606125000002794s {"blockNumber":3,"successfulCount":1,"failedCount":0,"duration":0.02606125000002794,"rate":4564247.68573543,"totalPublicGas":{"daGas":0,"l2Gas":118950},"totalBlockGas":{"daGas":0,"l2Gas":118950},"totalSizeInBytes":128,"silentlySkippedCount":0,"silentlySkippedDurationMs":0}
[22:31:11.542] WARN: txe:top_level_context Could not find function artifact in contract Billboard for function '0x609f9c98' when enriching error callstack
[22:31:14.307] INFO: kv-store:lmdb-v2 Starting data store with maxReaders 2
[22:31:14.311] INFO: world-state:database Creating world state data store at directory /var/folders/ym/q1vh2x5n58xbsmpmvs5_6w3r0000gn/T/aztec-world-state-9Ej9ck/world_state with map sizes {"archiveTreeMapSizeKb":10485760,"nullifierTreeMapSizeKb":10485760,"noteHashTreeMapSizeKb":10485760,"messageTreeMapSizeKb":10485760,"publicDataTreeMapSizeKb":10485760} and 12 threads (ephemeral=true).
[22:31:14.337] INFO: txe_node Aztec Node version: txe
[22:31:14.338] INFO: txe_node Aztec Node started on chain 0x1
[22:31:14.372] INFO: txe:top_level_context Created block 1 with timestamp 1789191074
[22:31:14.472] INFO: txe:top_level_context Created block 2 with timestamp 1789191074
[22:31:14.541] INFO: simulator:public-processor Processed 1 successful txs and 0 failed txs (0 silently skipped, 0ms wasted) in 0.012787499999976717s {"blockNumber":3,"successfulCount":1,"failedCount":0,"duration":0.012787499999976717,"rate":9296656.891512528,"totalPublicGas":{"daGas":0,"l2Gas":118881},"totalBlockGas":{"daGas":0,"l2Gas":118881},"totalSizeInBytes":128,"silentlySkippedCount":0,"silentlySkippedDurationMs":0}
[22:31:14.542] WARN: txe:top_level_context Could not find function artifact in contract Billboard for function '0x609f9c98' when enriching error callstack
[22:31:16.517] INFO: kv-store:lmdb-v2 Starting data store with maxReaders 2
[22:31:16.519] INFO: world-state:database Creating world state data store at directory /var/folders/ym/q1vh2x5n58xbsmpmvs5_6w3r0000gn/T/aztec-world-state-pkIkJW/world_state with map sizes {"archiveTreeMapSizeKb":10485760,"nullifierTreeMapSizeKb":10485760,"noteHashTreeMapSizeKb":10485760,"messageTreeMapSizeKb":10485760,"publicDataTreeMapSizeKb":10485760} and 12 threads (ephemeral=true).
[22:31:16.543] INFO: txe_node Aztec Node version: txe
[22:31:16.543] INFO: txe_node Aztec Node started on chain 0x1
[22:31:16.577] INFO: txe:top_level_context Created block 1 with timestamp 1789191076
[22:31:16.666] INFO: txe:top_level_context Created block 2 with timestamp 1789191076
[22:31:16.753] INFO: simulator:public-processor Processed 1 successful txs and 0 failed txs (0 silently skipped, 0ms wasted) in 0.009462417000031564s {"blockNumber":3,"successfulCount":1,"failedCount":0,"duration":0.009462417000031564,"rate":12578075.982024781,"totalPublicGas":{"daGas":0,"l2Gas":119019},"totalBlockGas":{"daGas":0,"l2Gas":119019},"totalSizeInBytes":128,"silentlySkippedCount":0,"silentlySkippedDurationMs":0}
[22:31:16.755] WARN: txe:top_level_context Could not find function artifact in contract Billboard for function '0x609f9c98' when enriching error callstack
[22:31:18.434] INFO: kv-store:lmdb-v2 Starting data store with maxReaders 2
[22:31:18.436] INFO: world-state:database Creating world state data store at directory /var/folders/ym/q1vh2x5n58xbsmpmvs5_6w3r0000gn/T/aztec-world-state-qfJCvu/world_state with map sizes {"archiveTreeMapSizeKb":10485760,"nullifierTreeMapSizeKb":10485760,"noteHashTreeMapSizeKb":10485760,"messageTreeMapSizeKb":10485760,"publicDataTreeMapSizeKb":10485760} and 12 threads (ephemeral=true).
[22:31:18.455] INFO: txe_node Aztec Node version: txe
[22:31:18.455] INFO: txe_node Aztec Node started on chain 0x1
[22:31:18.492] INFO: txe:top_level_context Created block 1 with timestamp 1789191078
[22:31:18.613] INFO: txe:top_level_context Created block 2 with timestamp 1789191078
[22:31:18.683] INFO: simulator:public-processor Processed 1 successful txs and 0 failed txs (0 silently skipped, 0ms wasted) in 0.00872266699996544s {"blockNumber":3,"successfulCount":1,"failedCount":0,"duration":0.00872266699996544,"rate":13609369.703150462,"totalPublicGas":{"daGas":0,"l2Gas":118710},"totalBlockGas":{"daGas":0,"l2Gas":118710},"totalSizeInBytes":128,"silentlySkippedCount":0,"silentlySkippedDurationMs":0}
[22:31:18.686] WARN: txe:top_level_context Could not find function artifact in contract Billboard for function '0x609f9c98' when enriching error callstack
[22:31:20.695] INFO: kv-store:lmdb-v2 Starting data store with maxReaders 2
[22:31:20.697] INFO: world-state:database Creating world state data store at directory /var/folders/ym/q1vh2x5n58xbsmpmvs5_6w3r0000gn/T/aztec-world-state-cKuofq/world_state with map sizes {"archiveTreeMapSizeKb":10485760,"nullifierTreeMapSizeKb":10485760,"noteHashTreeMapSizeKb":10485760,"messageTreeMapSizeKb":10485760,"publicDataTreeMapSizeKb":10485760} and 12 threads (ephemeral=true).
[22:31:20.708] INFO: txe_node Aztec Node version: txe
[22:31:20.708] INFO: txe_node Aztec Node started on chain 0x1
[22:31:20.726] INFO: txe:top_level_context Created block 1 with timestamp 1789191080
[22:31:20.783] INFO: txe:top_level_context Created block 2 with timestamp 1789191080
[22:31:20.914] INFO: simulator:public-processor Processed 1 successful txs and 0 failed txs (0 silently skipped, 0ms wasted) in 0.08437916700000642s {"blockNumber":3,"successfulCount":1,"failedCount":0,"duration":0.08437916700000642,"rate":25685309.265968874,"totalPublicGas":{"daGas":3776,"l2Gas":2167305},"totalBlockGas":{"daGas":3776,"l2Gas":2167305},"totalSizeInBytes":3904,"silentlySkippedCount":0,"silentlySkippedDurationMs":0}
[22:31:20.993] INFO: simulator:public-processor Processed 1 successful txs and 0 failed txs (0 silently skipped, 0ms wasted) in 0.011736166000016965s {"blockNumber":4,"successfulCount":1,"failedCount":0,"duration":0.011736166000016965,"rate":672025.2593554488,"totalPublicGas":{"daGas":0,"l2Gas":7887},"totalBlockGas":{"daGas":0,"l2Gas":7887},"totalSizeInBytes":128,"silentlySkippedCount":0,"silentlySkippedDurationMs":0}
[22:31:21.034] INFO: simulator:public-processor Processed 1 successful txs and 0 failed txs (0 silently skipped, 0ms wasted) in 0.011915165999962483s {"blockNumber":4,"successfulCount":1,"failedCount":0,"duration":0.011915165999962483,"rate":668727.5695550602,"totalPublicGas":{"daGas":0,"l2Gas":7968},"totalBlockGas":{"daGas":0,"l2Gas":7968},"totalSizeInBytes":128,"silentlySkippedCount":0,"silentlySkippedDurationMs":0}
[22:31:21.071] INFO: simulator:public-processor Processed 1 successful txs and 0 failed txs (0 silently skipped, 0ms wasted) in 0.013890625s {"blockNumber":4,"successfulCount":1,"failedCount":0,"duration":0.013890625,"rate":544467.9415073115,"totalPublicGas":{"daGas":0,"l2Gas":7563},"totalBlockGas":{"daGas":0,"l2Gas":7563},"totalSizeInBytes":128,"silentlySkippedCount":0,"silentlySkippedDurationMs":0}
[22:31:21.106] INFO: simulator:public-processor Processed 1 successful txs and 0 failed txs (0 silently skipped, 0ms wasted) in 0.01058770800003549s {"blockNumber":4,"successfulCount":1,"failedCount":0,"duration":0.01058770800003549,"rate":721969.287401426,"totalPublicGas":{"daGas":0,"l2Gas":7644},"totalBlockGas":{"daGas":0,"l2Gas":7644},"totalSizeInBytes":128,"silentlySkippedCount":0,"silentlySkippedDurationMs":0}
[22:31:21.133] INFO: simulator:public-processor Processed 1 successful txs and 0 failed txs (0 silently skipped, 0ms wasted) in 0.00695270799996797s {"blockNumber":4,"successfulCount":1,"failedCount":0,"duration":0.00695270799996797,"rate":1111077.8706707642,"totalPublicGas":{"daGas":0,"l2Gas":7725},"totalBlockGas":{"daGas":0,"l2Gas":7725},"totalSizeInBytes":128,"silentlySkippedCount":0,"silentlySkippedDurationMs":0}
[22:31:21.166] INFO: simulator:public-processor Processed 1 successful txs and 0 failed txs (0 silently skipped, 0ms wasted) in 0.008232167000009213s {"blockNumber":4,"successfulCount":1,"failedCount":0,"duration":0.008232167000009213,"rate":900127.5119894564,"totalPublicGas":{"daGas":0,"l2Gas":7410},"totalBlockGas":{"daGas":0,"l2Gas":7410},"totalSizeInBytes":128,"silentlySkippedCount":0,"silentlySkippedDurationMs":0}
[22:31:21.212] INFO: simulator:public-processor Processed 1 successful txs and 0 failed txs (0 silently skipped, 0ms wasted) in 0.013716874999983702s {"blockNumber":4,"successfulCount":1,"failedCount":0,"duration":0.013716874999983702,"rate":563831.0475242494,"totalPublicGas":{"daGas":0,"l2Gas":7734},"totalBlockGas":{"daGas":0,"l2Gas":7734},"totalSizeInBytes":128,"silentlySkippedCount":0,"silentlySkippedDurationMs":0}
[22:31:21.243] INFO: simulator:public-processor Processed 1 successful txs and 0 failed txs (0 silently skipped, 0ms wasted) in 0.006436041999957524s {"blockNumber":4,"successfulCount":1,"failedCount":0,"duration":0.006436041999957524,"rate":1087003.4720168344,"totalPublicGas":{"daGas":0,"l2Gas":6996},"totalBlockGas":{"daGas":0,"l2Gas":6996},"totalSizeInBytes":128,"silentlySkippedCount":0,"silentlySkippedDurationMs":0}
[22:31:21.285] INFO: simulator:public-processor Processed 1 successful txs and 0 failed txs (0 silently skipped, 0ms wasted) in 0.0077724160000216215s {"blockNumber":4,"successfulCount":1,"failedCount":0,"duration":0.0077724160000216215,"rate":1054498.3696159855,"totalPublicGas":{"daGas":0,"l2Gas":8196},"totalBlockGas":{"daGas":0,"l2Gas":8196},"totalSizeInBytes":128,"silentlySkippedCount":0,"silentlySkippedDurationMs":0}
[22:31:23.102] INFO: kv-store:lmdb-v2 Starting data store with maxReaders 2
[22:31:23.103] INFO: world-state:database Creating world state data store at directory /var/folders/ym/q1vh2x5n58xbsmpmvs5_6w3r0000gn/T/aztec-world-state-fhTpgH/world_state with map sizes {"archiveTreeMapSizeKb":10485760,"nullifierTreeMapSizeKb":10485760,"noteHashTreeMapSizeKb":10485760,"messageTreeMapSizeKb":10485760,"publicDataTreeMapSizeKb":10485760} and 12 threads (ephemeral=true).
[22:31:23.112] INFO: txe_node Aztec Node version: txe
[22:31:23.113] INFO: txe_node Aztec Node started on chain 0x1
[22:31:23.125] INFO: txe:top_level_context Created block 1 with timestamp 1789191083
[22:31:23.157] INFO: txe:top_level_context Created block 2 with timestamp 1789191083
[22:31:23.223] INFO: simulator:public-processor Processed 1 successful txs and 0 failed txs (0 silently skipped, 0ms wasted) in 0.030306916999979876s {"blockNumber":3,"successfulCount":1,"failedCount":0,"duration":0.030306916999979876,"rate":71511892.81316338,"totalPublicGas":{"daGas":3776,"l2Gas":2167305},"totalBlockGas":{"daGas":3776,"l2Gas":2167305},"totalSizeInBytes":3904,"silentlySkippedCount":0,"silentlySkippedDurationMs":0}
[22:31:23.264] INFO: simulator:public-processor Processed 1 successful txs and 0 failed txs (0 silently skipped, 0ms wasted) in 0.008556500000006054s {"blockNumber":4,"successfulCount":1,"failedCount":0,"duration":0.008556500000006054,"rate":13458540.290997315,"totalPublicGas":{"daGas":0,"l2Gas":115158},"totalBlockGas":{"daGas":0,"l2Gas":115158},"totalSizeInBytes":128,"silentlySkippedCount":0,"silentlySkippedDurationMs":0}
[22:31:24.768] INFO: kv-store:lmdb-v2 Starting data store with maxReaders 2
[22:31:24.771] INFO: world-state:database Creating world state data store at directory /var/folders/ym/q1vh2x5n58xbsmpmvs5_6w3r0000gn/T/aztec-world-state-z06lrK/world_state with map sizes {"archiveTreeMapSizeKb":10485760,"nullifierTreeMapSizeKb":10485760,"noteHashTreeMapSizeKb":10485760,"messageTreeMapSizeKb":10485760,"publicDataTreeMapSizeKb":10485760} and 12 threads (ephemeral=true).
[22:31:24.780] INFO: txe_node Aztec Node version: txe
[22:31:24.780] INFO: txe_node Aztec Node started on chain 0x1
[22:31:24.792] INFO: txe:top_level_context Created block 1 with timestamp 1789191084
[22:31:24.831] INFO: txe:top_level_context Created block 2 with timestamp 1789191084
[22:31:24.903] INFO: simulator:public-processor Processed 1 successful txs and 0 failed txs (0 silently skipped, 0ms wasted) in 0.037171541999967306s {"blockNumber":3,"successfulCount":1,"failedCount":0,"duration":0.037171541999967306,"rate":58305490.79728536,"totalPublicGas":{"daGas":3776,"l2Gas":2167305},"totalBlockGas":{"daGas":3776,"l2Gas":2167305},"totalSizeInBytes":3904,"silentlySkippedCount":0,"silentlySkippedDurationMs":0}
[22:31:24.943] INFO: simulator:public-processor Processed 1 successful txs and 0 failed txs (0 silently skipped, 0ms wasted) in 0.007153917000046931s {"blockNumber":4,"successfulCount":1,"failedCount":0,"duration":0.007153917000046931,"rate":16097195.424442936,"totalPublicGas":{"daGas":0,"l2Gas":115158},"totalBlockGas":{"daGas":0,"l2Gas":115158},"totalSizeInBytes":128,"silentlySkippedCount":0,"silentlySkippedDurationMs":0}
[22:31:26.496] INFO: kv-store:lmdb-v2 Starting data store with maxReaders 2
[22:31:26.496] INFO: world-state:database Creating world state data store at directory /var/folders/ym/q1vh2x5n58xbsmpmvs5_6w3r0000gn/T/aztec-world-state-5OzfNf/world_state with map sizes {"archiveTreeMapSizeKb":10485760,"nullifierTreeMapSizeKb":10485760,"noteHashTreeMapSizeKb":10485760,"messageTreeMapSizeKb":10485760,"publicDataTreeMapSizeKb":10485760} and 12 threads (ephemeral=true).
[22:31:26.506] INFO: txe_node Aztec Node version: txe
[22:31:26.506] INFO: txe_node Aztec Node started on chain 0x1
[22:31:26.518] INFO: txe:top_level_context Created block 1 with timestamp 1789191086
[22:31:26.553] INFO: txe:top_level_context Created block 2 with timestamp 1789191086
[22:31:26.614] INFO: simulator:public-processor Processed 1 successful txs and 0 failed txs (0 silently skipped, 0ms wasted) in 0.02749858299997868s {"blockNumber":3,"successfulCount":1,"failedCount":0,"duration":0.02749858299997868,"rate":78815152.03898616,"totalPublicGas":{"daGas":3776,"l2Gas":2167305},"totalBlockGas":{"daGas":3776,"l2Gas":2167305},"totalSizeInBytes":3904,"silentlySkippedCount":0,"silentlySkippedDurationMs":0}
[22:31:26.642] INFO: txe:top_level_context Created block 4 with timestamp 1789191086
[22:31:26.807] INFO: simulator:public-processor Processed 1 successful txs and 0 failed txs (0 silently skipped, 0ms wasted) in 0.003614584000024479s {"blockNumber":5,"successfulCount":1,"failedCount":0,"duration":0.003614584000024479,"rate":0,"totalPublicGas":{"daGas":0,"l2Gas":0},"totalBlockGas":{"daGas":1984,"l2Gas":529900},"totalSizeInBytes":1984,"silentlySkippedCount":0,"silentlySkippedDurationMs":0}
[22:31:26.835] INFO: txe:top_level_context Created block 6 with timestamp 1789194687
[22:31:27.299] INFO: simulator:public-processor Processed 1 successful txs and 0 failed txs (0 silently skipped, 0ms wasted) in 0.019710874999989754s {"blockNumber":7,"successfulCount":1,"failedCount":0,"duration":0.019710874999989754,"rate":60682186.86388208,"totalPublicGas":{"daGas":2176,"l2Gas":1196099},"totalBlockGas":{"daGas":3552,"l2Gas":1922849},"totalSizeInBytes":3552,"silentlySkippedCount":0,"silentlySkippedDurationMs":0}
[22:31:27.328] INFO: txe:top_level_context Created block 8 with timestamp 1789294687
[22:31:27.789] INFO: simulator:public-processor Processed 1 successful txs and 0 failed txs (0 silently skipped, 0ms wasted) in 0.01924670800002059s {"blockNumber":9,"successfulCount":1,"failedCount":0,"duration":0.01924670800002059,"rate":62145640.69859222,"totalPublicGas":{"daGas":2176,"l2Gas":1196099},"totalBlockGas":{"daGas":3552,"l2Gas":1922849},"totalSizeInBytes":3552,"silentlySkippedCount":0,"silentlySkippedDurationMs":0}
[22:31:27.825] INFO: simulator:public-processor Processed 1 successful txs and 0 failed txs (0 silently skipped, 0ms wasted) in 0.004454334000009112s {"blockNumber":10,"successfulCount":1,"failedCount":0,"duration":0.004454334000009112,"rate":1570605.1679074105,"totalPublicGas":{"daGas":0,"l2Gas":6996},"totalBlockGas":{"daGas":0,"l2Gas":6996},"totalSizeInBytes":128,"silentlySkippedCount":0,"silentlySkippedDurationMs":0}
[22:31:27.838] INFO: txe:top_level_context Created block 10 with timestamp 1789294688
[22:31:28.293] INFO: simulator:public-processor Processed 1 successful txs and 0 failed txs (0 silently skipped, 0ms wasted) in 0.020340207999979612s {"blockNumber":11,"successfulCount":1,"failedCount":0,"duration":0.020340207999979612,"rate":58804659.224782705,"totalPublicGas":{"daGas":2176,"l2Gas":1196099},"totalBlockGas":{"daGas":3552,"l2Gas":1922849},"totalSizeInBytes":3552,"silentlySkippedCount":0,"silentlySkippedDurationMs":0}
[22:31:28.328] INFO: simulator:public-processor Processed 1 successful txs and 0 failed txs (0 silently skipped, 0ms wasted) in 0.004454291999980342s {"blockNumber":12,"successfulCount":1,"failedCount":0,"duration":0.004454291999980342,"rate":1570619.9773231922,"totalPublicGas":{"daGas":0,"l2Gas":6996},"totalBlockGas":{"daGas":0,"l2Gas":6996},"totalSizeInBytes":128,"silentlySkippedCount":0,"silentlySkippedDurationMs":0}
[22:31:29.828] INFO: kv-store:lmdb-v2 Starting data store with maxReaders 2
[22:31:29.829] INFO: world-state:database Creating world state data store at directory /var/folders/ym/q1vh2x5n58xbsmpmvs5_6w3r0000gn/T/aztec-world-state-mOdIxj/world_state with map sizes {"archiveTreeMapSizeKb":10485760,"nullifierTreeMapSizeKb":10485760,"noteHashTreeMapSizeKb":10485760,"messageTreeMapSizeKb":10485760,"publicDataTreeMapSizeKb":10485760} and 12 threads (ephemeral=true).
[22:31:29.838] INFO: txe_node Aztec Node version: txe
[22:31:29.838] INFO: txe_node Aztec Node started on chain 0x1
[22:31:29.850] INFO: txe:top_level_context Created block 1 with timestamp 1789191089
[22:31:29.885] INFO: txe:top_level_context Created block 2 with timestamp 1789191089
[22:31:29.949] INFO: simulator:public-processor Processed 1 successful txs and 0 failed txs (0 silently skipped, 0ms wasted) in 0.029480249999964143s {"blockNumber":3,"successfulCount":1,"failedCount":0,"duration":0.029480249999964143,"rate":73517185.23427163,"totalPublicGas":{"daGas":3776,"l2Gas":2167305},"totalBlockGas":{"daGas":3776,"l2Gas":2167305},"totalSizeInBytes":3904,"silentlySkippedCount":0,"silentlySkippedDurationMs":0}
[22:31:29.977] INFO: txe:top_level_context Created block 4 with timestamp 1789191089
[22:31:30.137] INFO: simulator:public-processor Processed 1 successful txs and 0 failed txs (0 silently skipped, 0ms wasted) in 0.0036281249999883585s {"blockNumber":5,"successfulCount":1,"failedCount":0,"duration":0.0036281249999883585,"rate":0,"totalPublicGas":{"daGas":0,"l2Gas":0},"totalBlockGas":{"daGas":1984,"l2Gas":529900},"totalSizeInBytes":1984,"silentlySkippedCount":0,"silentlySkippedDurationMs":0}
[22:31:30.165] INFO: txe:top_level_context Created block 6 with timestamp 1789194690
[22:31:30.609] INFO: simulator:public-processor Processed 1 successful txs and 0 failed txs (0 silently skipped, 0ms wasted) in 0.020279125000000932s {"blockNumber":7,"successfulCount":1,"failedCount":0,"duration":0.020279125000000932,"rate":58981785.45671695,"totalPublicGas":{"daGas":2176,"l2Gas":1196099},"totalBlockGas":{"daGas":3552,"l2Gas":1922849},"totalSizeInBytes":3552,"silentlySkippedCount":0,"silentlySkippedDurationMs":0}
[22:31:30.638] INFO: txe:top_level_context Created block 8 with timestamp 1789294690
[22:31:30.658] INFO: txe:top_level_context Created block 9 with timestamp 1789294690
[22:31:31.107] INFO: simulator:public-processor Processed 1 successful txs and 0 failed txs (0 silently skipped, 0ms wasted) in 0.019786207999975887s {"blockNumber":10,"successfulCount":1,"failedCount":0,"duration":0.019786207999975887,"rate":60451148.598127425,"totalPublicGas":{"daGas":2176,"l2Gas":1196099},"totalBlockGas":{"daGas":3552,"l2Gas":1922849},"totalSizeInBytes":3552,"silentlySkippedCount":0,"silentlySkippedDurationMs":0}
[22:31:31.136] INFO: txe:top_level_context Created block 11 with timestamp 1789294691
[22:31:34.093] INFO: simulator:public-processor Processed 1 successful txs and 0 failed txs (0 silently skipped, 0ms wasted) in 0.1268654170000227s {"blockNumber":12,"successfulCount":1,"failedCount":0,"duration":0.1268654170000227,"rate":9428093.39443377,"totalPublicGas":{"daGas":2176,"l2Gas":1196099},"totalBlockGas":{"daGas":3552,"l2Gas":1922849},"totalSizeInBytes":3552,"silentlySkippedCount":0,"silentlySkippedDurationMs":0}
[22:31:34.190] INFO: txe:top_level_context Created block 13 with timestamp 1789294692
[22:31:36.393] INFO: simulator:public-processor Processed 1 successful txs and 0 failed txs (0 silently skipped, 0ms wasted) in 0.05182220800005598s {"blockNumber":14,"successfulCount":1,"failedCount":0,"duration":0.05182220800005598,"rate":23080818.941537727,"totalPublicGas":{"daGas":2176,"l2Gas":1196099},"totalBlockGas":{"daGas":3552,"l2Gas":1922849},"totalSizeInBytes":3552,"silentlySkippedCount":0,"silentlySkippedDurationMs":0}
[22:31:36.458] INFO: txe:top_level_context Created block 15 with timestamp 1789294693
[22:31:37.502] INFO: simulator:public-processor Processed 1 successful txs and 0 failed txs (0 silently skipped, 0ms wasted) in 0.14123045800003456s {"blockNumber":16,"successfulCount":1,"failedCount":0,"duration":0.14123045800003456,"rate":8469129.22989818,"totalPublicGas":{"daGas":2176,"l2Gas":1196099},"totalBlockGas":{"daGas":3552,"l2Gas":1922849},"totalSizeInBytes":3552,"silentlySkippedCount":0,"silentlySkippedDurationMs":0}
[22:31:37.642] INFO: txe:top_level_context Created block 17 with timestamp 1789294694
[22:31:40.473] INFO: simulator:public-processor Processed 1 successful txs and 0 failed txs (0 silently skipped, 0ms wasted) in 0.0944555420000106s {"blockNumber":18,"successfulCount":1,"failedCount":0,"duration":0.0944555420000106,"rate":12663089.689325647,"totalPublicGas":{"daGas":2176,"l2Gas":1196099},"totalBlockGas":{"daGas":3552,"l2Gas":1922849},"totalSizeInBytes":3552,"silentlySkippedCount":0,"silentlySkippedDurationMs":0}
[22:31:40.535] INFO: txe:top_level_context Created block 19 with timestamp 1789294695
[22:31:42.668] INFO: simulator:public-processor Processed 1 successful txs and 0 failed txs (0 silently skipped, 0ms wasted) in 0.11975258400000166s {"blockNumber":20,"successfulCount":1,"failedCount":0,"duration":0.11975258400000166,"rate":9988085.100526795,"totalPublicGas":{"daGas":2176,"l2Gas":1196099},"totalBlockGas":{"daGas":3552,"l2Gas":1922849},"totalSizeInBytes":3552,"silentlySkippedCount":0,"silentlySkippedDurationMs":0}
[22:31:42.758] INFO: txe:top_level_context Created block 21 with timestamp 1789294696
[22:31:44.186] INFO: simulator:public-processor Processed 1 successful txs and 0 failed txs (0 silently skipped, 0ms wasted) in 0.11275487499998417s {"blockNumber":22,"successfulCount":1,"failedCount":0,"duration":0.11275487499998417,"rate":10607958.192496492,"totalPublicGas":{"daGas":2176,"l2Gas":1196099},"totalBlockGas":{"daGas":3552,"l2Gas":1922849},"totalSizeInBytes":3552,"silentlySkippedCount":0,"silentlySkippedDurationMs":0}
[22:31:44.275] INFO: txe:top_level_context Created block 23 with timestamp 1789294697
[22:31:46.063] INFO: simulator:public-processor Processed 1 successful txs and 0 failed txs (0 silently skipped, 0ms wasted) in 0.041016833000001494s {"blockNumber":24,"successfulCount":1,"failedCount":0,"duration":0.041016833000001494,"rate":29161173.901455443,"totalPublicGas":{"daGas":2176,"l2Gas":1196099},"totalBlockGas":{"daGas":3552,"l2Gas":1922849},"totalSizeInBytes":3552,"silentlySkippedCount":0,"silentlySkippedDurationMs":0}
[22:31:46.136] INFO: txe:top_level_context Created block 25 with timestamp 1789294698
[22:31:47.479] INFO: simulator:public-processor Processed 1 successful txs and 0 failed txs (0 silently skipped, 0ms wasted) in 0.10948962500004564s {"blockNumber":26,"successfulCount":1,"failedCount":0,"duration":0.10948962500004564,"rate":10924313.605051633,"totalPublicGas":{"daGas":2176,"l2Gas":1196099},"totalBlockGas":{"daGas":3552,"l2Gas":1922849},"totalSizeInBytes":3552,"silentlySkippedCount":0,"silentlySkippedDurationMs":0}
[22:31:47.562] INFO: txe:top_level_context Created block 27 with timestamp 1789294699
[22:31:49.024] INFO: simulator:public-processor Processed 1 successful txs and 0 failed txs (0 silently skipped, 0ms wasted) in 0.06299183299997821s {"blockNumber":28,"successfulCount":1,"failedCount":0,"duration":0.06299183299997821,"rate":18988159.941311974,"totalPublicGas":{"daGas":2176,"l2Gas":1196099},"totalBlockGas":{"daGas":3552,"l2Gas":1922849},"totalSizeInBytes":3552,"silentlySkippedCount":0,"silentlySkippedDurationMs":0}
[22:31:49.095] INFO: txe:top_level_context Created block 29 with timestamp 1789294700
[22:31:50.191] INFO: simulator:public-processor Processed 1 successful txs and 0 failed txs (0 silently skipped, 0ms wasted) in 0.04119150000001537s {"blockNumber":30,"successfulCount":1,"failedCount":0,"duration":0.04119150000001537,"rate":29037519.87666275,"totalPublicGas":{"daGas":2176,"l2Gas":1196099},"totalBlockGas":{"daGas":3552,"l2Gas":1922849},"totalSizeInBytes":3552,"silentlySkippedCount":0,"silentlySkippedDurationMs":0}
[22:31:50.237] INFO: txe:top_level_context Created block 31 with timestamp 1789294701
[22:31:50.931] INFO: simulator:public-processor Processed 1 successful txs and 0 failed txs (0 silently skipped, 0ms wasted) in 0.02555374999996275s {"blockNumber":32,"successfulCount":1,"failedCount":0,"duration":0.02555374999996275,"rate":46807180.94220001,"totalPublicGas":{"daGas":2176,"l2Gas":1196099},"totalBlockGas":{"daGas":3552,"l2Gas":1922849},"totalSizeInBytes":3552,"silentlySkippedCount":0,"silentlySkippedDurationMs":0}
[22:31:50.972] INFO: txe:top_level_context Created block 33 with timestamp 1789294702
[22:31:51.449] INFO: simulator:public-processor Processed 1 successful txs and 0 failed txs (0 silently skipped, 0ms wasted) in 0.020084792000008747s {"blockNumber":34,"successfulCount":1,"failedCount":0,"duration":0.020084792000008747,"rate":59552471.342470415,"totalPublicGas":{"daGas":2176,"l2Gas":1196099},"totalBlockGas":{"daGas":3552,"l2Gas":1922849},"totalSizeInBytes":3552,"silentlySkippedCount":0,"silentlySkippedDurationMs":0}
[22:31:51.478] INFO: txe:top_level_context Created block 35 with timestamp 1789294703
[22:31:51.938] INFO: simulator:public-processor Processed 1 successful txs and 0 failed txs (0 silently skipped, 0ms wasted) in 0.01935520799999358s {"blockNumber":36,"successfulCount":1,"failedCount":0,"duration":0.01935520799999358,"rate":61797269.2414567,"totalPublicGas":{"daGas":2176,"l2Gas":1196099},"totalBlockGas":{"daGas":3552,"l2Gas":1922849},"totalSizeInBytes":3552,"silentlySkippedCount":0,"silentlySkippedDurationMs":0}
[22:31:51.967] INFO: txe:top_level_context Created block 37 with timestamp 1789294704
[22:31:52.442] INFO: simulator:public-processor Processed 1 successful txs and 0 failed txs (0 silently skipped, 0ms wasted) in 0.020865332999965177s {"blockNumber":38,"successfulCount":1,"failedCount":0,"duration":0.020865332999965177,"rate":57324702.17475063,"totalPublicGas":{"daGas":2176,"l2Gas":1196099},"totalBlockGas":{"daGas":3552,"l2Gas":1922849},"totalSizeInBytes":3552,"silentlySkippedCount":0,"silentlySkippedDurationMs":0}
[22:31:52.472] INFO: txe:top_level_context Created block 39 with timestamp 1789294705
[22:31:52.927] INFO: simulator:public-processor Processed 1 successful txs and 0 failed txs (0 silently skipped, 0ms wasted) in 0.019402916999999433s {"blockNumber":40,"successfulCount":1,"failedCount":0,"duration":0.019402916999999433,"rate":61645318.5879234,"totalPublicGas":{"daGas":2176,"l2Gas":1196099},"totalBlockGas":{"daGas":3552,"l2Gas":1922849},"totalSizeInBytes":3552,"silentlySkippedCount":0,"silentlySkippedDurationMs":0}
[22:31:52.956] INFO: txe:top_level_context Created block 41 with timestamp 1789294706
[22:31:53.455] INFO: simulator:public-processor Processed 1 successful txs and 0 failed txs (0 silently skipped, 0ms wasted) in 0.020678917000012006s {"blockNumber":42,"successfulCount":1,"failedCount":0,"duration":0.020678917000012006,"rate":57841472.06545225,"totalPublicGas":{"daGas":2176,"l2Gas":1196099},"totalBlockGas":{"daGas":3552,"l2Gas":1922849},"totalSizeInBytes":3552,"silentlySkippedCount":0,"silentlySkippedDurationMs":0}
[22:31:53.484] INFO: txe:top_level_context Created block 43 with timestamp 1789294707
[22:31:55.800] INFO: kv-store:lmdb-v2 Starting data store with maxReaders 2
[22:31:55.802] INFO: world-state:database Creating world state data store at directory /var/folders/ym/q1vh2x5n58xbsmpmvs5_6w3r0000gn/T/aztec-world-state-EeGlJd/world_state with map sizes {"archiveTreeMapSizeKb":10485760,"nullifierTreeMapSizeKb":10485760,"noteHashTreeMapSizeKb":10485760,"messageTreeMapSizeKb":10485760,"publicDataTreeMapSizeKb":10485760} and 12 threads (ephemeral=true).
[22:31:55.828] INFO: txe_node Aztec Node version: txe
[22:31:55.828] INFO: txe_node Aztec Node started on chain 0x1
[22:31:55.863] INFO: txe:top_level_context Created block 1 with timestamp 1789191115
[22:31:55.984] INFO: txe:top_level_context Created block 2 with timestamp 1789191115
[22:31:56.316] INFO: simulator:public-processor Processed 1 successful txs and 0 failed txs (0 silently skipped, 0ms wasted) in 0.23852445800002897s {"blockNumber":3,"successfulCount":1,"failedCount":0,"duration":0.23852445800002897,"rate":9086300.910910096,"totalPublicGas":{"daGas":3776,"l2Gas":2167305},"totalBlockGas":{"daGas":3776,"l2Gas":2167305},"totalSizeInBytes":3904,"silentlySkippedCount":0,"silentlySkippedDurationMs":0}
[22:31:56.562] INFO: simulator:public-processor Processed 1 successful txs and 0 failed txs (0 silently skipped, 0ms wasted) in 0.1600291660000221s {"blockNumber":4,"successfulCount":1,"failedCount":0,"duration":0.1600291660000221,"rate":10752939.873471329,"totalPublicGas":{"daGas":3136,"l2Gas":1720784},"totalBlockGas":{"daGas":3136,"l2Gas":1720784},"totalSizeInBytes":3264,"silentlySkippedCount":0,"silentlySkippedDurationMs":0}
[22:31:56.707] INFO: simulator:public-processor Processed 1 successful txs and 0 failed txs (0 silently skipped, 0ms wasted) in 0.05904291600000579s {"blockNumber":5,"successfulCount":1,"failedCount":0,"duration":0.05904291600000579,"rate":1950411.7987666584,"totalPublicGas":{"daGas":0,"l2Gas":115158},"totalBlockGas":{"daGas":0,"l2Gas":115158},"totalSizeInBytes":128,"silentlySkippedCount":0,"silentlySkippedDurationMs":0}
[22:31:58.418] INFO: kv-store:lmdb-v2 Starting data store with maxReaders 2
[22:31:58.420] INFO: world-state:database Creating world state data store at directory /var/folders/ym/q1vh2x5n58xbsmpmvs5_6w3r0000gn/T/aztec-world-state-FME3DA/world_state with map sizes {"archiveTreeMapSizeKb":10485760,"nullifierTreeMapSizeKb":10485760,"noteHashTreeMapSizeKb":10485760,"messageTreeMapSizeKb":10485760,"publicDataTreeMapSizeKb":10485760} and 12 threads (ephemeral=true).
[22:31:58.448] INFO: txe_node Aztec Node version: txe
[22:31:58.448] INFO: txe_node Aztec Node started on chain 0x1
[22:31:58.487] INFO: txe:top_level_context Created block 1 with timestamp 1789191118
[22:31:58.597] INFO: txe:top_level_context Created block 2 with timestamp 1789191118
[22:31:58.880] INFO: simulator:public-processor Processed 1 successful txs and 0 failed txs (0 silently skipped, 0ms wasted) in 0.19971241600002396s {"blockNumber":3,"successfulCount":1,"failedCount":0,"duration":0.19971241600002396,"rate":10852129.49404077,"totalPublicGas":{"daGas":3776,"l2Gas":2167305},"totalBlockGas":{"daGas":3776,"l2Gas":2167305},"totalSizeInBytes":3904,"silentlySkippedCount":0,"silentlySkippedDurationMs":0}
[22:31:59.014] INFO: simulator:public-processor Processed 1 successful txs and 0 failed txs (0 silently skipped, 0ms wasted) in 0.030952083999989555s {"blockNumber":4,"successfulCount":1,"failedCount":0,"duration":0.030952083999989555,"rate":1319814.2005563756,"totalPublicGas":{"daGas":0,"l2Gas":40851},"totalBlockGas":{"daGas":0,"l2Gas":40851},"totalSizeInBytes":128,"silentlySkippedCount":0,"silentlySkippedDurationMs":0}
[22:31:59.018] WARN: txe:top_level_context Could not find function artifact in contract Billboard for function '0xca42e93e' when enriching error callstack
[22:32:00.867] INFO: kv-store:lmdb-v2 Starting data store with maxReaders 2
[22:32:00.869] INFO: world-state:database Creating world state data store at directory /var/folders/ym/q1vh2x5n58xbsmpmvs5_6w3r0000gn/T/aztec-world-state-jyIcjB/world_state with map sizes {"archiveTreeMapSizeKb":10485760,"nullifierTreeMapSizeKb":10485760,"noteHashTreeMapSizeKb":10485760,"messageTreeMapSizeKb":10485760,"publicDataTreeMapSizeKb":10485760} and 12 threads (ephemeral=true).
[22:32:00.895] INFO: txe_node Aztec Node version: txe
[22:32:00.895] INFO: txe_node Aztec Node started on chain 0x1
[22:32:00.931] INFO: txe:top_level_context Created block 1 with timestamp 1789191120
[22:32:01.047] INFO: txe:top_level_context Created block 2 with timestamp 1789191120
[22:32:01.277] INFO: simulator:public-processor Processed 1 successful txs and 0 failed txs (0 silently skipped, 0ms wasted) in 0.15337658300000476s {"blockNumber":3,"successfulCount":1,"failedCount":0,"duration":0.15337658300000476,"rate":14130612.10263064,"totalPublicGas":{"daGas":3776,"l2Gas":2167305},"totalBlockGas":{"daGas":3776,"l2Gas":2167305},"totalSizeInBytes":3904,"silentlySkippedCount":0,"silentlySkippedDurationMs":0}
[22:32:01.392] INFO: simulator:public-processor Processed 1 successful txs and 0 failed txs (0 silently skipped, 0ms wasted) in 0.020616374999983235s {"blockNumber":4,"successfulCount":1,"failedCount":0,"duration":0.020616374999983235,"rate":1981483.1656890807,"totalPublicGas":{"daGas":0,"l2Gas":40851},"totalBlockGas":{"daGas":0,"l2Gas":40851},"totalSizeInBytes":128,"silentlySkippedCount":0,"silentlySkippedDurationMs":0}
[22:32:01.395] WARN: txe:top_level_context Could not find function artifact in contract Billboard for function '0xca42e93e' when enriching error callstack
[22:32:04.073] INFO: kv-store:lmdb-v2 Starting data store with maxReaders 2
[22:32:04.083] INFO: world-state:database Creating world state data store at directory /var/folders/ym/q1vh2x5n58xbsmpmvs5_6w3r0000gn/T/aztec-world-state-M0g1ed/world_state with map sizes {"archiveTreeMapSizeKb":10485760,"nullifierTreeMapSizeKb":10485760,"noteHashTreeMapSizeKb":10485760,"messageTreeMapSizeKb":10485760,"publicDataTreeMapSizeKb":10485760} and 12 threads (ephemeral=true).
[22:32:04.119] INFO: txe_node Aztec Node version: txe
[22:32:04.119] INFO: txe_node Aztec Node started on chain 0x1
[22:32:04.153] INFO: txe:top_level_context Created block 1 with timestamp 1789191124
[22:32:04.234] INFO: txe:top_level_context Created block 2 with timestamp 1789191124
[22:32:04.425] INFO: simulator:public-processor Processed 1 successful txs and 0 failed txs (0 silently skipped, 0ms wasted) in 0.12827041699999245s {"blockNumber":3,"successfulCount":1,"failedCount":0,"duration":0.12827041699999245,"rate":16896374.477367822,"totalPublicGas":{"daGas":3776,"l2Gas":2167305},"totalBlockGas":{"daGas":3776,"l2Gas":2167305},"totalSizeInBytes":3904,"silentlySkippedCount":0,"silentlySkippedDurationMs":0}
[22:32:04.542] INFO: simulator:public-processor Processed 1 successful txs and 0 failed txs (0 silently skipped, 0ms wasted) in 0.025596166000002994s {"blockNumber":4,"successfulCount":1,"failedCount":0,"duration":0.025596166000002994,"rate":1599497.3622219518,"totalPublicGas":{"daGas":0,"l2Gas":40941},"totalBlockGas":{"daGas":0,"l2Gas":40941},"totalSizeInBytes":128,"silentlySkippedCount":0,"silentlySkippedDurationMs":0}
[22:32:04.544] WARN: txe:top_level_context Could not find function artifact in contract Billboard for function '0xca42e93e' when enriching error callstack
[22:32:07.172] INFO: kv-store:lmdb-v2 Starting data store with maxReaders 2
[22:32:07.175] INFO: world-state:database Creating world state data store at directory /var/folders/ym/q1vh2x5n58xbsmpmvs5_6w3r0000gn/T/aztec-world-state-cZQm5f/world_state with map sizes {"archiveTreeMapSizeKb":10485760,"nullifierTreeMapSizeKb":10485760,"noteHashTreeMapSizeKb":10485760,"messageTreeMapSizeKb":10485760,"publicDataTreeMapSizeKb":10485760} and 12 threads (ephemeral=true).
[22:32:07.201] INFO: txe_node Aztec Node version: txe
[22:32:07.201] INFO: txe_node Aztec Node started on chain 0x1
[22:32:07.239] INFO: txe:top_level_context Created block 1 with timestamp 1789191127
[22:32:07.307] INFO: txe:top_level_context Created block 2 with timestamp 1789191127
[22:32:07.473] INFO: simulator:public-processor Processed 1 successful txs and 0 failed txs (0 silently skipped, 0ms wasted) in 0.1019778749999823s {"blockNumber":3,"successfulCount":1,"failedCount":0,"duration":0.1019778749999823,"rate":21252698.195568167,"totalPublicGas":{"daGas":3776,"l2Gas":2167305},"totalBlockGas":{"daGas":3776,"l2Gas":2167305},"totalSizeInBytes":3904,"silentlySkippedCount":0,"silentlySkippedDurationMs":0}
[22:32:07.589] INFO: simulator:public-processor Processed 1 successful txs and 0 failed txs (0 silently skipped, 0ms wasted) in 0.009742292000039015s {"blockNumber":4,"successfulCount":1,"failedCount":0,"duration":0.009742292000039015,"rate":650668.2411053389,"totalPublicGas":{"daGas":0,"l2Gas":6339},"totalBlockGas":{"daGas":0,"l2Gas":6339},"totalSizeInBytes":128,"silentlySkippedCount":0,"silentlySkippedDurationMs":0}
[22:32:07.591] WARN: txe:top_level_context Could not find function artifact in contract Billboard for function '0xb6932320' when enriching error callstack
[22:32:09.448] INFO: kv-store:lmdb-v2 Starting data store with maxReaders 2
[22:32:09.449] INFO: world-state:database Creating world state data store at directory /var/folders/ym/q1vh2x5n58xbsmpmvs5_6w3r0000gn/T/aztec-world-state-x0wSn6/world_state with map sizes {"archiveTreeMapSizeKb":10485760,"nullifierTreeMapSizeKb":10485760,"noteHashTreeMapSizeKb":10485760,"messageTreeMapSizeKb":10485760,"publicDataTreeMapSizeKb":10485760} and 12 threads (ephemeral=true).
[22:32:09.469] INFO: txe_node Aztec Node version: txe
[22:32:09.469] INFO: txe_node Aztec Node started on chain 0x1
[22:32:09.500] INFO: txe:top_level_context Created block 1 with timestamp 1789191129
[22:32:09.642] INFO: txe:top_level_context Created block 2 with timestamp 1789191129
[22:32:09.802] INFO: simulator:public-processor Processed 1 successful txs and 0 failed txs (0 silently skipped, 0ms wasted) in 0.10461424999998417s {"blockNumber":3,"successfulCount":1,"failedCount":0,"duration":0.10461424999998417,"rate":20717110.71866718,"totalPublicGas":{"daGas":3776,"l2Gas":2167305},"totalBlockGas":{"daGas":3776,"l2Gas":2167305},"totalSizeInBytes":3904,"silentlySkippedCount":0,"silentlySkippedDurationMs":0}
[22:32:09.911] INFO: simulator:public-processor Processed 1 successful txs and 0 failed txs (0 silently skipped, 0ms wasted) in 0.01839000000001397s {"blockNumber":4,"successfulCount":1,"failedCount":0,"duration":0.01839000000001397,"rate":2158183.7955394154,"totalPublicGas":{"daGas":64,"l2Gas":39689},"totalBlockGas":{"daGas":64,"l2Gas":39689},"totalSizeInBytes":192,"silentlySkippedCount":0,"silentlySkippedDurationMs":0}
[22:32:09.995] INFO: simulator:public-processor Processed 1 successful txs and 0 failed txs (0 silently skipped, 0ms wasted) in 0.019511750000005122s {"blockNumber":5,"successfulCount":1,"failedCount":0,"duration":0.019511750000005122,"rate":324881.16135140805,"totalPublicGas":{"daGas":0,"l2Gas":6339},"totalBlockGas":{"daGas":0,"l2Gas":6339},"totalSizeInBytes":128,"silentlySkippedCount":0,"silentlySkippedDurationMs":0}
[22:32:09.998] WARN: txe:top_level_context Could not find function artifact in contract Billboard for function '0xb6932320' when enriching error callstack
[22:32:12.408] INFO: kv-store:lmdb-v2 Starting data store with maxReaders 2
[22:32:12.413] INFO: world-state:database Creating world state data store at directory /var/folders/ym/q1vh2x5n58xbsmpmvs5_6w3r0000gn/T/aztec-world-state-vNpJAk/world_state with map sizes {"archiveTreeMapSizeKb":10485760,"nullifierTreeMapSizeKb":10485760,"noteHashTreeMapSizeKb":10485760,"messageTreeMapSizeKb":10485760,"publicDataTreeMapSizeKb":10485760} and 12 threads (ephemeral=true).
[22:32:12.446] INFO: txe_node Aztec Node version: txe
[22:32:12.446] INFO: txe_node Aztec Node started on chain 0x1
[22:32:12.474] INFO: txe:top_level_context Created block 1 with timestamp 1789191132
[22:32:12.550] INFO: txe:top_level_context Created block 2 with timestamp 1789191132
[22:32:12.695] INFO: simulator:public-processor Processed 1 successful txs and 0 failed txs (0 silently skipped, 0ms wasted) in 0.07858183300000382s {"blockNumber":3,"successfulCount":1,"failedCount":0,"duration":0.07858183300000382,"rate":27580229.644170996,"totalPublicGas":{"daGas":3776,"l2Gas":2167305},"totalBlockGas":{"daGas":3776,"l2Gas":2167305},"totalSizeInBytes":3904,"silentlySkippedCount":0,"silentlySkippedDurationMs":0}
[22:32:12.775] INFO: simulator:public-processor Processed 1 successful txs and 0 failed txs (0 silently skipped, 0ms wasted) in 0.017770417000050658s {"blockNumber":4,"successfulCount":1,"failedCount":0,"duration":0.017770417000050658,"rate":356716.4462140607,"totalPublicGas":{"daGas":0,"l2Gas":6339},"totalBlockGas":{"daGas":0,"l2Gas":6339},"totalSizeInBytes":128,"silentlySkippedCount":0,"silentlySkippedDurationMs":0}
[22:32:12.778] WARN: txe:top_level_context Could not find function artifact in contract Billboard for function '0xb6932320' when enriching error callstack
[22:32:15.499] INFO: kv-store:lmdb-v2 Starting data store with maxReaders 2
[22:32:15.503] INFO: world-state:database Creating world state data store at directory /var/folders/ym/q1vh2x5n58xbsmpmvs5_6w3r0000gn/T/aztec-world-state-u6AR6O/world_state with map sizes {"archiveTreeMapSizeKb":10485760,"nullifierTreeMapSizeKb":10485760,"noteHashTreeMapSizeKb":10485760,"messageTreeMapSizeKb":10485760,"publicDataTreeMapSizeKb":10485760} and 12 threads (ephemeral=true).
[22:32:15.527] INFO: txe_node Aztec Node version: txe
[22:32:15.527] INFO: txe_node Aztec Node started on chain 0x1
[22:32:15.551] INFO: txe:top_level_context Created block 1 with timestamp 1789191135
[22:32:15.645] INFO: txe:top_level_context Created block 2 with timestamp 1789191135
[22:32:15.901] INFO: simulator:public-processor Processed 1 successful txs and 0 failed txs (0 silently skipped, 0ms wasted) in 0.16545258300000568s {"blockNumber":3,"successfulCount":1,"failedCount":0,"duration":0.16545258300000568,"rate":13099251.523924083,"totalPublicGas":{"daGas":3776,"l2Gas":2167305},"totalBlockGas":{"daGas":3776,"l2Gas":2167305},"totalSizeInBytes":3904,"silentlySkippedCount":0,"silentlySkippedDurationMs":0}
[22:32:15.970] INFO: simulator:public-processor Processed 1 successful txs and 0 failed txs (0 silently skipped, 0ms wasted) in 0.01187462499999674s {"blockNumber":4,"successfulCount":1,"failedCount":0,"duration":0.01187462499999674,"rate":538880.1751635742,"totalPublicGas":{"daGas":0,"l2Gas":6399},"totalBlockGas":{"daGas":0,"l2Gas":6399},"totalSizeInBytes":128,"silentlySkippedCount":0,"silentlySkippedDurationMs":0}
[22:32:15.973] WARN: txe:top_level_context Could not find function artifact in contract Billboard for function '0xb6932320' when enriching error callstack
[22:32:18.563] INFO: kv-store:lmdb-v2 Starting data store with maxReaders 2
[22:32:18.567] INFO: world-state:database Creating world state data store at directory /var/folders/ym/q1vh2x5n58xbsmpmvs5_6w3r0000gn/T/aztec-world-state-PUJk8U/world_state with map sizes {"archiveTreeMapSizeKb":10485760,"nullifierTreeMapSizeKb":10485760,"noteHashTreeMapSizeKb":10485760,"messageTreeMapSizeKb":10485760,"publicDataTreeMapSizeKb":10485760} and 12 threads (ephemeral=true).
[22:32:18.590] INFO: txe_node Aztec Node version: txe
[22:32:18.590] INFO: txe_node Aztec Node started on chain 0x1
[22:32:18.632] INFO: txe:top_level_context Created block 1 with timestamp 1789191138
[22:32:18.726] INFO: txe:top_level_context Created block 2 with timestamp 1789191138
[22:32:18.926] INFO: simulator:public-processor Processed 1 successful txs and 0 failed txs (0 silently skipped, 0ms wasted) in 0.12478295899997466s {"blockNumber":3,"successfulCount":1,"failedCount":0,"duration":0.12478295899997466,"rate":17368597.58230641,"totalPublicGas":{"daGas":3776,"l2Gas":2167305},"totalBlockGas":{"daGas":3776,"l2Gas":2167305},"totalSizeInBytes":3904,"silentlySkippedCount":0,"silentlySkippedDurationMs":0}
[22:32:19.031] INFO: simulator:public-processor Processed 1 successful txs and 0 failed txs (0 silently skipped, 0ms wasted) in 0.019712082999991252s {"blockNumber":4,"successfulCount":1,"failedCount":0,"duration":0.019712082999991252,"rate":2013435.109826679,"totalPublicGas":{"daGas":64,"l2Gas":39689},"totalBlockGas":{"daGas":64,"l2Gas":39689},"totalSizeInBytes":192,"silentlySkippedCount":0,"silentlySkippedDurationMs":0}
[22:32:19.088] INFO: simulator:public-processor Processed 1 successful txs and 0 failed txs (0 silently skipped, 0ms wasted) in 0.010091499999980443s {"blockNumber":5,"successfulCount":1,"failedCount":0,"duration":0.010091499999980443,"rate":734281.3258697281,"totalPublicGas":{"daGas":0,"l2Gas":7410},"totalBlockGas":{"daGas":0,"l2Gas":7410},"totalSizeInBytes":128,"silentlySkippedCount":0,"silentlySkippedDurationMs":0}
[22:32:26.880] INFO: kv-store:lmdb-v2 Starting data store with maxReaders 2
[22:32:26.884] INFO: world-state:database Creating world state data store at directory /var/folders/ym/q1vh2x5n58xbsmpmvs5_6w3r0000gn/T/aztec-world-state-zYCWEB/world_state with map sizes {"archiveTreeMapSizeKb":10485760,"nullifierTreeMapSizeKb":10485760,"noteHashTreeMapSizeKb":10485760,"messageTreeMapSizeKb":10485760,"publicDataTreeMapSizeKb":10485760} and 12 threads (ephemeral=true).
[22:32:26.905] INFO: txe_node Aztec Node version: txe
[22:32:26.905] INFO: txe_node Aztec Node started on chain 0x1
[22:32:26.935] INFO: txe:top_level_context Created block 1 with timestamp 1789191146
[22:32:27.050] INFO: txe:top_level_context Created block 2 with timestamp 1789191146
[22:32:27.266] INFO: simulator:public-processor Processed 1 successful txs and 0 failed txs (0 silently skipped, 0ms wasted) in 0.13340850000001955s {"blockNumber":3,"successfulCount":1,"failedCount":0,"duration":0.13340850000001955,"rate":16245629.026633853,"totalPublicGas":{"daGas":3776,"l2Gas":2167305},"totalBlockGas":{"daGas":3776,"l2Gas":2167305},"totalSizeInBytes":3904,"silentlySkippedCount":0,"silentlySkippedDurationMs":0}
[22:32:27.352] INFO: txe:top_level_context Created block 4 with timestamp 1789191146
[22:32:27.904] INFO: simulator:public-processor Processed 1 successful txs and 0 failed txs (0 silently skipped, 0ms wasted) in 0.019361625000019558s {"blockNumber":5,"successfulCount":1,"failedCount":0,"duration":0.019361625000019558,"rate":0,"totalPublicGas":{"daGas":0,"l2Gas":0},"totalBlockGas":{"daGas":1984,"l2Gas":529900},"totalSizeInBytes":1984,"silentlySkippedCount":0,"silentlySkippedDurationMs":0}
[22:32:27.987] INFO: txe:top_level_context Created block 6 with timestamp 1789191246
[22:32:31.214] INFO: kv-store:lmdb-v2 Starting data store with maxReaders 2
[22:32:31.219] INFO: world-state:database Creating world state data store at directory /var/folders/ym/q1vh2x5n58xbsmpmvs5_6w3r0000gn/T/aztec-world-state-tsNCCY/world_state with map sizes {"archiveTreeMapSizeKb":10485760,"nullifierTreeMapSizeKb":10485760,"noteHashTreeMapSizeKb":10485760,"messageTreeMapSizeKb":10485760,"publicDataTreeMapSizeKb":10485760} and 12 threads (ephemeral=true).
[22:32:31.250] INFO: txe_node Aztec Node version: txe
[22:32:31.250] INFO: txe_node Aztec Node started on chain 0x1
[22:32:31.295] INFO: txe:top_level_context Created block 1 with timestamp 1789191151
[22:32:31.399] INFO: txe:top_level_context Created block 2 with timestamp 1789191151
[22:32:31.556] INFO: simulator:public-processor Processed 1 successful txs and 0 failed txs (0 silently skipped, 0ms wasted) in 0.08454504200001248s {"blockNumber":3,"successfulCount":1,"failedCount":0,"duration":0.08454504200001248,"rate":25634915.40993829,"totalPublicGas":{"daGas":3776,"l2Gas":2167305},"totalBlockGas":{"daGas":3776,"l2Gas":2167305},"totalSizeInBytes":3904,"silentlySkippedCount":0,"silentlySkippedDurationMs":0}
[22:32:31.976] INFO: simulator:public-processor Processed 1 successful txs and 0 failed txs (0 silently skipped, 0ms wasted) in 0.009786374999966938s {"blockNumber":4,"successfulCount":1,"failedCount":0,"duration":0.009786374999966938,"rate":7146977.302651523,"totalPublicGas":{"daGas":128,"l2Gas":69943},"totalBlockGas":{"daGas":256,"l2Gas":660743},"totalSizeInBytes":256,"silentlySkippedCount":0,"silentlySkippedDurationMs":0}
[22:32:32.069] INFO: txe:top_level_context Created block 5 with timestamp 1789191151
[22:32:32.666] INFO: simulator:public-processor Processed 1 successful txs and 0 failed txs (0 silently skipped, 0ms wasted) in 0.026958708000020124s {"blockNumber":6,"successfulCount":1,"failedCount":0,"duration":0.026958708000020124,"rate":0,"totalPublicGas":{"daGas":0,"l2Gas":0},"totalBlockGas":{"daGas":1984,"l2Gas":529900},"totalSizeInBytes":1984,"silentlySkippedCount":0,"silentlySkippedDurationMs":0}
[22:32:32.754] INFO: txe:top_level_context Created block 7 with timestamp 1789194752
[22:32:34.391] INFO: simulator:public-processor Processed 1 successful txs and 0 failed txs (0 silently skipped, 0ms wasted) in 0.07691754100000253s {"blockNumber":8,"successfulCount":1,"failedCount":0,"duration":0.07691754100000253,"rate":15550406.116076443,"totalPublicGas":{"daGas":2176,"l2Gas":1196099},"totalBlockGas":{"daGas":3552,"l2Gas":1922849},"totalSizeInBytes":3552,"silentlySkippedCount":0,"silentlySkippedDurationMs":0}
[22:32:34.472] INFO: txe:top_level_context Created block 9 with timestamp 1789198353
[22:32:36.135] INFO: simulator:public-processor Processed 1 successful txs and 0 failed txs (0 silently skipped, 0ms wasted) in 0.022136332999973092s {"blockNumber":10,"successfulCount":1,"failedCount":0,"duration":0.022136332999973092,"rate":4304010.063460638,"totalPublicGas":{"daGas":128,"l2Gas":95275},"totalBlockGas":{"daGas":1504,"l2Gas":822025},"totalSizeInBytes":1504,"silentlySkippedCount":0,"silentlySkippedDurationMs":0}
[22:32:37.920] INFO: simulator:public-processor Processed 1 successful txs and 0 failed txs (0 silently skipped, 0ms wasted) in 0.02689429199998267s {"blockNumber":11,"successfulCount":1,"failedCount":0,"duration":0.02689429199998267,"rate":351412.8574199347,"totalPublicGas":{"daGas":32,"l2Gas":9451},"totalBlockGas":{"daGas":192,"l2Gas":631051},"totalSizeInBytes":192,"silentlySkippedCount":0,"silentlySkippedDurationMs":0}
[22:32:41.109] INFO: kv-store:lmdb-v2 Starting data store with maxReaders 2
[22:32:41.111] INFO: world-state:database Creating world state data store at directory /var/folders/ym/q1vh2x5n58xbsmpmvs5_6w3r0000gn/T/aztec-world-state-C3txwk/world_state with map sizes {"archiveTreeMapSizeKb":10485760,"nullifierTreeMapSizeKb":10485760,"noteHashTreeMapSizeKb":10485760,"messageTreeMapSizeKb":10485760,"publicDataTreeMapSizeKb":10485760} and 12 threads (ephemeral=true).
[22:32:41.121] INFO: txe_node Aztec Node version: txe
[22:32:41.121] INFO: txe_node Aztec Node started on chain 0x1
[22:32:41.136] INFO: txe:top_level_context Created block 1 with timestamp 1789191161
[22:32:41.181] INFO: txe:top_level_context Created block 2 with timestamp 1789191161
[22:32:41.268] INFO: simulator:public-processor Processed 1 successful txs and 0 failed txs (0 silently skipped, 0ms wasted) in 0.042313291000027675s {"blockNumber":3,"successfulCount":1,"failedCount":0,"duration":0.042313291000027675,"rate":51220430.951555684,"totalPublicGas":{"daGas":3776,"l2Gas":2167305},"totalBlockGas":{"daGas":3776,"l2Gas":2167305},"totalSizeInBytes":3904,"silentlySkippedCount":0,"silentlySkippedDurationMs":0}
[22:32:41.301] INFO: txe:top_level_context Created block 4 with timestamp 1789191161
[22:32:41.554] INFO: simulator:public-processor Processed 1 successful txs and 0 failed txs (0 silently skipped, 0ms wasted) in 0.004763292000046931s {"blockNumber":5,"successfulCount":1,"failedCount":0,"duration":0.004763292000046931,"rate":0,"totalPublicGas":{"daGas":0,"l2Gas":0},"totalBlockGas":{"daGas":1984,"l2Gas":529900},"totalSizeInBytes":1984,"silentlySkippedCount":0,"silentlySkippedDurationMs":0}
[22:32:41.584] INFO: txe:top_level_context Created block 6 with timestamp 1789194762
[22:32:42.165] INFO: simulator:public-processor Processed 1 successful txs and 0 failed txs (0 silently skipped, 0ms wasted) in 0.026385542000003624s {"blockNumber":7,"successfulCount":1,"failedCount":0,"duration":0.026385542000003624,"rate":45331606.22585792,"totalPublicGas":{"daGas":2176,"l2Gas":1196099},"totalBlockGas":{"daGas":3552,"l2Gas":1922849},"totalSizeInBytes":3552,"silentlySkippedCount":0,"silentlySkippedDurationMs":0}
[23:08:36.026] INFO: txe:rpc Received SIGTERM.
