
> test:noir
> node scripts/test-noir.mjs

[11:13:42.124] INFO: txe:rpc Setting up TXE...
[11:13:42.125] INFO: kv-store:lmdb-v2 Starting data store with maxReaders 2
[11:13:42.407] INFO: txe:rpc TXE listening on port 59796
[billboard_contract] Running 0 test functions
[billboard_contract] [0m[32m0 tests passed[0m
[billboard_test] Running 62 test functions
[11:13:49.709] INFO: kv-store:lmdb-v2 Starting data store with maxReaders 2
[11:13:49.710] INFO: kv-store:lmdb-v2 Starting data store with maxReaders 2
[11:13:49.712] INFO: world-state:database Creating world state data store at directory /var/folders/ym/q1vh2x5n58xbsmpmvs5_6w3r0000gn/T/aztec-world-state-i1Vo6I/world_state with map sizes {"archiveTreeMapSizeKb":10485760,"nullifierTreeMapSizeKb":10485760,"noteHashTreeMapSizeKb":10485760,"messageTreeMapSizeKb":10485760,"publicDataTreeMapSizeKb":10485760} and 12 threads (ephemeral=true).
[11:13:49.732] INFO: txe_node Aztec Node version: txe
[11:13:49.732] INFO: txe_node Aztec Node started on chain 0x1
[11:13:49.755] INFO: txe:top_level_context Created block 1 with timestamp 1789380829
[11:13:49.876] INFO: txe:top_level_context Created block 2 with timestamp 1789380829
[11:13:49.996] INFO: simulator:public-processor Processed 1 successful txs and 0 failed txs (0 silently skipped, 0ms wasted) in 0.045500875000001544s {"blockNumber":3,"successfulCount":1,"failedCount":0,"duration":0.045500875000001544,"rate":47632160.91998069,"totalPublicGas":{"daGas":3776,"l2Gas":2167305},"totalBlockGas":{"daGas":3776,"l2Gas":2167305},"totalSizeInBytes":3904,"silentlySkippedCount":0,"silentlySkippedDurationMs":0}
[11:13:50.040] INFO: txe:top_level_context Created block 4 with timestamp 1789380829
[11:13:50.406] INFO: simulator:public-processor Processed 1 successful txs and 0 failed txs (0 silently skipped, 0ms wasted) in 0.006513584000000265s {"blockNumber":5,"successfulCount":1,"failedCount":0,"duration":0.006513584000000265,"rate":0,"totalPublicGas":{"daGas":0,"l2Gas":0},"totalBlockGas":{"daGas":1984,"l2Gas":529900},"totalSizeInBytes":1984,"silentlySkippedCount":0,"silentlySkippedDurationMs":0}
[11:13:50.449] INFO: txe:top_level_context Created block 6 with timestamp 1789384430
[11:13:51.211] INFO: simulator:public-processor Processed 1 successful txs and 0 failed txs (0 silently skipped, 0ms wasted) in 0.03317624999999862s {"blockNumber":7,"successfulCount":1,"failedCount":0,"duration":0.03317624999999862,"rate":36052869.14585132,"totalPublicGas":{"daGas":2176,"l2Gas":1196099},"totalBlockGas":{"daGas":3552,"l2Gas":1922849},"totalSizeInBytes":3552,"silentlySkippedCount":0,"silentlySkippedDurationMs":0}
[11:13:51.257] INFO: txe:top_level_context Created block 8 with timestamp 1789388029
[11:13:51.986] INFO: simulator:public-processor Processed 1 successful txs and 0 failed txs (0 silently skipped, 0ms wasted) in 0.029541166999999403s {"blockNumber":9,"successfulCount":1,"failedCount":0,"duration":0.029541166999999403,"rate":40489226.441190496,"totalPublicGas":{"daGas":2176,"l2Gas":1196099},"totalBlockGas":{"daGas":3552,"l2Gas":1922849},"totalSizeInBytes":3552,"silentlySkippedCount":0,"silentlySkippedDurationMs":0}
[11:13:52.029] INFO: txe:top_level_context Created block 10 with timestamp 1789391630
[11:13:52.717] INFO: simulator:public-processor Processed 1 successful txs and 0 failed txs (0 silently skipped, 0ms wasted) in 0.030320707999999287s {"blockNumber":11,"successfulCount":1,"failedCount":0,"duration":0.030320707999999287,"rate":39448254.30857446,"totalPublicGas":{"daGas":2176,"l2Gas":1196099},"totalBlockGas":{"daGas":3552,"l2Gas":1922849},"totalSizeInBytes":3552,"silentlySkippedCount":0,"silentlySkippedDurationMs":0}
[11:13:52.770] INFO: simulator:public-processor Processed 1 successful txs and 0 failed txs (0 silently skipped, 0ms wasted) in 0.006550583000000188s {"blockNumber":12,"successfulCount":1,"failedCount":0,"duration":0.006550583000000188,"rate":1067996.5432084135,"totalPublicGas":{"daGas":0,"l2Gas":6996},"totalBlockGas":{"daGas":0,"l2Gas":6996},"totalSizeInBytes":128,"silentlySkippedCount":0,"silentlySkippedDurationMs":0}
[billboard_test] Testing test_censor_window_grandchild_screening ... [0m[32mok[0m
[11:13:55.798] INFO: kv-store:lmdb-v2 Starting data store with maxReaders 2
[11:13:55.799] INFO: world-state:database Creating world state data store at directory /var/folders/ym/q1vh2x5n58xbsmpmvs5_6w3r0000gn/T/aztec-world-state-nDLHTz/world_state with map sizes {"archiveTreeMapSizeKb":10485760,"nullifierTreeMapSizeKb":10485760,"noteHashTreeMapSizeKb":10485760,"messageTreeMapSizeKb":10485760,"publicDataTreeMapSizeKb":10485760} and 12 threads (ephemeral=true).
[11:13:55.812] INFO: txe_node Aztec Node version: txe
[11:13:55.812] INFO: txe_node Aztec Node started on chain 0x1
[11:13:55.831] INFO: txe:top_level_context Created block 1 with timestamp 1789380835
[11:13:55.882] INFO: txe:top_level_context Created block 2 with timestamp 1789380835
[11:13:55.975] INFO: simulator:public-processor Processed 1 successful txs and 0 failed txs (0 silently skipped, 0ms wasted) in 0.04177137500000026s {"blockNumber":3,"successfulCount":1,"failedCount":0,"duration":0.04177137500000026,"rate":51884933.16296115,"totalPublicGas":{"daGas":3776,"l2Gas":2167305},"totalBlockGas":{"daGas":3776,"l2Gas":2167305},"totalSizeInBytes":3904,"silentlySkippedCount":0,"silentlySkippedDurationMs":0}
[11:13:56.016] INFO: txe:top_level_context Created block 4 with timestamp 1789380835
[11:13:56.272] INFO: simulator:public-processor Processed 1 successful txs and 0 failed txs (0 silently skipped, 0ms wasted) in 0.005497166999999536s {"blockNumber":5,"successfulCount":1,"failedCount":0,"duration":0.005497166999999536,"rate":0,"totalPublicGas":{"daGas":0,"l2Gas":0},"totalBlockGas":{"daGas":1984,"l2Gas":529900},"totalSizeInBytes":1984,"silentlySkippedCount":0,"silentlySkippedDurationMs":0}
[11:13:56.314] INFO: txe:top_level_context Created block 6 with timestamp 1789384436
[11:13:56.990] INFO: simulator:public-processor Processed 1 successful txs and 0 failed txs (0 silently skipped, 0ms wasted) in 0.029806667000000744s {"blockNumber":7,"successfulCount":1,"failedCount":0,"duration":0.029806667000000744,"rate":40128572.57740257,"totalPublicGas":{"daGas":2176,"l2Gas":1196099},"totalBlockGas":{"daGas":3552,"l2Gas":1922849},"totalSizeInBytes":3552,"silentlySkippedCount":0,"silentlySkippedDurationMs":0}
[11:13:57.063] INFO: simulator:public-processor Processed 1 successful txs and 0 failed txs (0 silently skipped, 0ms wasted) in 0.026220624999999928s {"blockNumber":8,"successfulCount":1,"failedCount":0,"duration":0.026220624999999928,"rate":45866831.9309705,"totalPublicGas":{"daGas":2176,"l2Gas":1202657},"totalBlockGas":{"daGas":2176,"l2Gas":1202657},"totalSizeInBytes":2304,"silentlySkippedCount":0,"silentlySkippedDurationMs":0}
[11:13:57.117] INFO: simulator:public-processor Processed 1 successful txs and 0 failed txs (0 silently skipped, 0ms wasted) in 0.006617625000000771s {"blockNumber":9,"successfulCount":1,"failedCount":0,"duration":0.006617625000000771,"rate":1319204.3973478375,"totalPublicGas":{"daGas":0,"l2Gas":8730},"totalBlockGas":{"daGas":0,"l2Gas":8730},"totalSizeInBytes":128,"silentlySkippedCount":0,"silentlySkippedDurationMs":0}
[11:13:57.136] INFO: txe:top_level_context Created block 9 with timestamp 1789388035
[11:13:57.833] INFO: simulator:public-processor Processed 1 successful txs and 0 failed txs (0 silently skipped, 0ms wasted) in 0.02891829199999847s {"blockNumber":10,"successfulCount":1,"failedCount":0,"duration":0.02891829199999847,"rate":41361329.362054415,"totalPublicGas":{"daGas":2176,"l2Gas":1196099},"totalBlockGas":{"daGas":3552,"l2Gas":1922849},"totalSizeInBytes":3552,"silentlySkippedCount":0,"silentlySkippedDurationMs":0}
[11:13:58.379] INFO: txe:top_level_context Created block 11 with timestamp 1789391636
[11:13:59.046] INFO: simulator:public-processor Processed 1 successful txs and 0 failed txs (0 silently skipped, 0ms wasted) in 0.033388458000001266s {"blockNumber":12,"successfulCount":1,"failedCount":0,"duration":0.033388458000001266,"rate":35823726.86992477,"totalPublicGas":{"daGas":2176,"l2Gas":1196099},"totalBlockGas":{"daGas":3552,"l2Gas":1922849},"totalSizeInBytes":3552,"silentlySkippedCount":0,"silentlySkippedDurationMs":0}
[billboard_test] Testing test_censor_window_hard_invariant ... [0m[32mok[0m
[11:14:02.065] INFO: kv-store:lmdb-v2 Starting data store with maxReaders 2
[11:14:02.066] INFO: world-state:database Creating world state data store at directory /var/folders/ym/q1vh2x5n58xbsmpmvs5_6w3r0000gn/T/aztec-world-state-in6FXd/world_state with map sizes {"archiveTreeMapSizeKb":10485760,"nullifierTreeMapSizeKb":10485760,"noteHashTreeMapSizeKb":10485760,"messageTreeMapSizeKb":10485760,"publicDataTreeMapSizeKb":10485760} and 12 threads (ephemeral=true).
[11:14:02.079] INFO: txe_node Aztec Node version: txe
[11:14:02.079] INFO: txe_node Aztec Node started on chain 0x1
[11:14:02.097] INFO: txe:top_level_context Created block 1 with timestamp 1789380842
[11:14:02.149] INFO: txe:top_level_context Created block 2 with timestamp 1789380842
[11:14:02.238] INFO: simulator:public-processor Processed 1 successful txs and 0 failed txs (0 silently skipped, 0ms wasted) in 0.039616541999999755s {"blockNumber":3,"successfulCount":1,"failedCount":0,"duration":0.039616541999999755,"rate":54707071.60660346,"totalPublicGas":{"daGas":3776,"l2Gas":2167305},"totalBlockGas":{"daGas":3776,"l2Gas":2167305},"totalSizeInBytes":3904,"silentlySkippedCount":0,"silentlySkippedDurationMs":0}
[11:14:02.279] INFO: txe:top_level_context Created block 4 with timestamp 1789380842
[11:14:02.525] INFO: simulator:public-processor Processed 1 successful txs and 0 failed txs (0 silently skipped, 0ms wasted) in 0.005448458000002574s {"blockNumber":5,"successfulCount":1,"failedCount":0,"duration":0.005448458000002574,"rate":0,"totalPublicGas":{"daGas":0,"l2Gas":0},"totalBlockGas":{"daGas":1984,"l2Gas":529900},"totalSizeInBytes":1984,"silentlySkippedCount":0,"silentlySkippedDurationMs":0}
[11:14:02.567] INFO: txe:top_level_context Created block 6 with timestamp 1789384443
[11:14:03.247] INFO: simulator:public-processor Processed 1 successful txs and 0 failed txs (0 silently skipped, 0ms wasted) in 0.03007733300000109s {"blockNumber":7,"successfulCount":1,"failedCount":0,"duration":0.03007733300000109,"rate":39767455.4455994,"totalPublicGas":{"daGas":2176,"l2Gas":1196099},"totalBlockGas":{"daGas":3552,"l2Gas":1922849},"totalSizeInBytes":3552,"silentlySkippedCount":0,"silentlySkippedDurationMs":0}
[11:14:03.289] INFO: txe:top_level_context Created block 8 with timestamp 1789388042
[11:14:03.964] INFO: simulator:public-processor Processed 1 successful txs and 0 failed txs (0 silently skipped, 0ms wasted) in 0.029723167000000102s {"blockNumber":9,"successfulCount":1,"failedCount":0,"duration":0.029723167000000102,"rate":40241304.03062352,"totalPublicGas":{"daGas":2176,"l2Gas":1196099},"totalBlockGas":{"daGas":3552,"l2Gas":1922849},"totalSizeInBytes":3552,"silentlySkippedCount":0,"silentlySkippedDurationMs":0}
[11:14:04.017] INFO: simulator:public-processor Processed 1 successful txs and 0 failed txs (0 silently skipped, 0ms wasted) in 0.006147333000000799s {"blockNumber":10,"successfulCount":1,"failedCount":0,"duration":0.006147333000000799,"rate":1138054.502659786,"totalPublicGas":{"daGas":0,"l2Gas":6996},"totalBlockGas":{"daGas":0,"l2Gas":6996},"totalSizeInBytes":128,"silentlySkippedCount":0,"silentlySkippedDurationMs":0}
[billboard_test] Testing test_censor_window_post_too_young_to_screen ... [0m[32mok[0m
[billboard_test] Testing test_cooldown_100x_deposit ... [0m[32mok[0m
[billboard_test] Testing test_cooldown_10x_deposit ... [0m[32mok[0m
[billboard_test] Testing test_cooldown_at_min_deposit ... [0m[32mok[0m
[billboard_test] Testing test_cooldown_halves_when_deposit_doubles ... [0m[32mok[0m
[billboard_test] Testing test_cooldown_minimum_one_second ... [0m[32mok[0m
[billboard_test] Testing test_cooldown_no_overflow_at_large_values ... [0m[32mok[0m
[billboard_test] Testing test_cooldown_truncation ... [0m[32mok[0m
[billboard_test] Testing test_declare_immoral_censor_passes_auth ... [0m[32mok[0m
[11:14:23.504] INFO: kv-store:lmdb-v2 Starting data store with maxReaders 2
[11:14:23.505] INFO: world-state:database Creating world state data store at directory /var/folders/ym/q1vh2x5n58xbsmpmvs5_6w3r0000gn/T/aztec-world-state-Va95Dy/world_state with map sizes {"archiveTreeMapSizeKb":10485760,"nullifierTreeMapSizeKb":10485760,"noteHashTreeMapSizeKb":10485760,"messageTreeMapSizeKb":10485760,"publicDataTreeMapSizeKb":10485760} and 12 threads (ephemeral=true).
[11:14:23.519] INFO: txe_node Aztec Node version: txe
[11:14:23.519] INFO: txe_node Aztec Node started on chain 0x1
[11:14:23.536] INFO: txe:top_level_context Created block 1 with timestamp 1789380863
[11:14:23.584] INFO: txe:top_level_context Created block 2 with timestamp 1789380863
[11:14:23.680] INFO: simulator:public-processor Processed 1 successful txs and 0 failed txs (0 silently skipped, 0ms wasted) in 0.047036291999997044s {"blockNumber":3,"successfulCount":1,"failedCount":0,"duration":0.047036291999997044,"rate":46077292.8274222,"totalPublicGas":{"daGas":3776,"l2Gas":2167305},"totalBlockGas":{"daGas":3776,"l2Gas":2167305},"totalSizeInBytes":3904,"silentlySkippedCount":0,"silentlySkippedDurationMs":0}
[11:14:23.737] INFO: simulator:public-processor Processed 1 successful txs and 0 failed txs (0 silently skipped, 0ms wasted) in 0.008412625000004482s {"blockNumber":4,"successfulCount":1,"failedCount":0,"duration":0.008412625000004482,"rate":3701936.0782138044,"totalPublicGas":{"daGas":0,"l2Gas":31143},"totalBlockGas":{"daGas":0,"l2Gas":31143},"totalSizeInBytes":128,"silentlySkippedCount":0,"silentlySkippedDurationMs":0}
[11:14:23.742] WARN: txe:top_level_context Could not find function artifact in contract Billboard for function '0x6675867b' when enriching error callstack
[11:14:26.173] INFO: kv-store:lmdb-v2 Starting data store with maxReaders 2
[11:14:26.174] INFO: world-state:database Creating world state data store at directory /var/folders/ym/q1vh2x5n58xbsmpmvs5_6w3r0000gn/T/aztec-world-state-Vd2Fay/world_state with map sizes {"archiveTreeMapSizeKb":10485760,"nullifierTreeMapSizeKb":10485760,"noteHashTreeMapSizeKb":10485760,"messageTreeMapSizeKb":10485760,"publicDataTreeMapSizeKb":10485760} and 12 threads (ephemeral=true).
[11:14:26.188] INFO: txe_node Aztec Node version: txe
[11:14:26.188] INFO: txe_node Aztec Node started on chain 0x1
[11:14:26.215] INFO: txe:top_level_context Created block 1 with timestamp 1789380866
[11:14:26.272] INFO: txe:top_level_context Created block 2 with timestamp 1789380866
[11:14:26.366] INFO: simulator:public-processor Processed 1 successful txs and 0 failed txs (0 silently skipped, 0ms wasted) in 0.04258941699999559s {"blockNumber":3,"successfulCount":1,"failedCount":0,"duration":0.04258941699999559,"rate":50888346.27626446,"totalPublicGas":{"daGas":3776,"l2Gas":2167305},"totalBlockGas":{"daGas":3776,"l2Gas":2167305},"totalSizeInBytes":3904,"silentlySkippedCount":0,"silentlySkippedDurationMs":0}
[11:14:26.428] INFO: simulator:public-processor Processed 1 successful txs and 0 failed txs (0 silently skipped, 0ms wasted) in 0.007530624999999418s {"blockNumber":4,"successfulCount":1,"failedCount":0,"duration":0.007530624999999418,"rate":3936725.039422663,"totalPublicGas":{"daGas":0,"l2Gas":29646},"totalBlockGas":{"daGas":0,"l2Gas":29646},"totalSizeInBytes":128,"silentlySkippedCount":0,"silentlySkippedDurationMs":0}
[11:14:26.432] WARN: txe:top_level_context Could not find function artifact in contract Billboard for function '0x6675867b' when enriching error callstack
[billboard_test] Testing test_declare_immoral_fails_when_no_censor ... [0m[32mok[0m
[billboard_test] Testing test_declare_immoral_rejects_non_censor ... [0m[32mok[0m
[11:14:28.826] INFO: kv-store:lmdb-v2 Starting data store with maxReaders 2
[11:14:28.827] INFO: world-state:database Creating world state data store at directory /var/folders/ym/q1vh2x5n58xbsmpmvs5_6w3r0000gn/T/aztec-world-state-YjZCko/world_state with map sizes {"archiveTreeMapSizeKb":10485760,"nullifierTreeMapSizeKb":10485760,"noteHashTreeMapSizeKb":10485760,"messageTreeMapSizeKb":10485760,"publicDataTreeMapSizeKb":10485760} and 12 threads (ephemeral=true).
[11:14:28.840] INFO: txe_node Aztec Node version: txe
[11:14:28.840] INFO: txe_node Aztec Node started on chain 0x1
[11:14:28.858] INFO: txe:top_level_context Created block 1 with timestamp 1789380868
[11:14:28.906] INFO: txe:top_level_context Created block 2 with timestamp 1789380868
[11:14:28.997] INFO: simulator:public-processor Processed 1 successful txs and 0 failed txs (0 silently skipped, 0ms wasted) in 0.04184649999999965s {"blockNumber":3,"successfulCount":1,"failedCount":0,"duration":0.04184649999999965,"rate":51791786.64882411,"totalPublicGas":{"daGas":3776,"l2Gas":2167305},"totalBlockGas":{"daGas":3776,"l2Gas":2167305},"totalSizeInBytes":3904,"silentlySkippedCount":0,"silentlySkippedDurationMs":0}
[11:14:29.057] INFO: simulator:public-processor Processed 1 successful txs and 0 failed txs (0 silently skipped, 0ms wasted) in 0.006963959000000614s {"blockNumber":4,"successfulCount":1,"failedCount":0,"duration":0.006963959000000614,"rate":4257061.249211459,"totalPublicGas":{"daGas":0,"l2Gas":29646},"totalBlockGas":{"daGas":0,"l2Gas":29646},"totalSizeInBytes":128,"silentlySkippedCount":0,"silentlySkippedDurationMs":0}
[11:14:29.060] WARN: txe:top_level_context Could not find function artifact in contract Billboard for function '0x6675867b' when enriching error callstack
[billboard_test] Testing test_deposit_msg_hash_deterministic ... [0m[32mok[0m
[billboard_test] Testing test_deposit_msg_hash_differs_by_amount ... [0m[32mok[0m
[billboard_test] Testing test_deposit_msg_hash_differs_by_depositor ... [0m[32mok[0m
[11:14:38.615] INFO: kv-store:lmdb-v2 Starting data store with maxReaders 2
[11:14:38.616] INFO: world-state:database Creating world state data store at directory /var/folders/ym/q1vh2x5n58xbsmpmvs5_6w3r0000gn/T/aztec-world-state-jzomAb/world_state with map sizes {"archiveTreeMapSizeKb":10485760,"nullifierTreeMapSizeKb":10485760,"noteHashTreeMapSizeKb":10485760,"messageTreeMapSizeKb":10485760,"publicDataTreeMapSizeKb":10485760} and 12 threads (ephemeral=true).
[11:14:38.631] INFO: txe_node Aztec Node version: txe
[11:14:38.631] INFO: txe_node Aztec Node started on chain 0x1
[11:14:38.648] INFO: txe:top_level_context Created block 1 with timestamp 1789380878
[11:14:38.731] INFO: txe:top_level_context Created block 2 with timestamp 1789380878
[11:14:38.827] INFO: simulator:public-processor Processed 1 successful txs and 0 failed txs (0 silently skipped, 0ms wasted) in 0.0434752079999962s {"blockNumber":3,"successfulCount":1,"failedCount":0,"duration":0.0434752079999962,"rate":49851515.37400786,"totalPublicGas":{"daGas":3776,"l2Gas":2167305},"totalBlockGas":{"daGas":3776,"l2Gas":2167305},"totalSizeInBytes":3904,"silentlySkippedCount":0,"silentlySkippedDurationMs":0}
[11:14:38.871] INFO: txe:top_level_context Created block 4 with timestamp 1789380878
[11:14:39.163] INFO: simulator:public-processor Processed 1 successful txs and 0 failed txs (0 silently skipped, 0ms wasted) in 0.005525792000000365s {"blockNumber":5,"successfulCount":1,"failedCount":0,"duration":0.005525792000000365,"rate":0,"totalPublicGas":{"daGas":0,"l2Gas":0},"totalBlockGas":{"daGas":1984,"l2Gas":529900},"totalSizeInBytes":1984,"silentlySkippedCount":0,"silentlySkippedDurationMs":0}
[11:14:39.205] INFO: txe:top_level_context Created block 6 with timestamp 1789384479
[11:14:39.945] INFO: simulator:public-processor Processed 1 successful txs and 0 failed txs (0 silently skipped, 0ms wasted) in 0.029756750000000467s {"blockNumber":7,"successfulCount":1,"failedCount":0,"duration":0.029756750000000467,"rate":40195888.327857755,"totalPublicGas":{"daGas":2176,"l2Gas":1196099},"totalBlockGas":{"daGas":3552,"l2Gas":1922849},"totalSizeInBytes":3552,"silentlySkippedCount":0,"silentlySkippedDurationMs":0}
[11:14:39.989] INFO: txe:top_level_context Created block 8 with timestamp 1789388080
[11:14:40.684] INFO: simulator:public-processor Processed 1 successful txs and 0 failed txs (0 silently skipped, 0ms wasted) in 0.012347667000001821s {"blockNumber":9,"successfulCount":1,"failedCount":0,"duration":0.012347667000001821,"rate":7716032.510431805,"totalPublicGas":{"daGas":128,"l2Gas":95275},"totalBlockGas":{"daGas":1504,"l2Gas":822025},"totalSizeInBytes":1504,"silentlySkippedCount":0,"silentlySkippedDurationMs":0}
[billboard_test] Testing test_dummy_post_advances_screening ... [0m[32mok[0m
[11:14:43.676] INFO: kv-store:lmdb-v2 Starting data store with maxReaders 2
[11:14:43.677] INFO: world-state:database Creating world state data store at directory /var/folders/ym/q1vh2x5n58xbsmpmvs5_6w3r0000gn/T/aztec-world-state-xh9PNN/world_state with map sizes {"archiveTreeMapSizeKb":10485760,"nullifierTreeMapSizeKb":10485760,"noteHashTreeMapSizeKb":10485760,"messageTreeMapSizeKb":10485760,"publicDataTreeMapSizeKb":10485760} and 12 threads (ephemeral=true).
[11:14:43.690] INFO: txe_node Aztec Node version: txe
[11:14:43.690] INFO: txe_node Aztec Node started on chain 0x1
[11:14:43.708] INFO: txe:top_level_context Created block 1 with timestamp 1789380883
[11:14:43.759] INFO: txe:top_level_context Created block 2 with timestamp 1789380883
[11:14:43.850] INFO: simulator:public-processor Processed 1 successful txs and 0 failed txs (0 silently skipped, 0ms wasted) in 0.04157108299999527s {"blockNumber":3,"successfulCount":1,"failedCount":0,"duration":0.04157108299999527,"rate":52134917.918790966,"totalPublicGas":{"daGas":3776,"l2Gas":2167305},"totalBlockGas":{"daGas":3776,"l2Gas":2167305},"totalSizeInBytes":3904,"silentlySkippedCount":0,"silentlySkippedDurationMs":0}
[11:14:43.891] INFO: txe:top_level_context Created block 4 with timestamp 1789380883
[11:14:44.150] INFO: simulator:public-processor Processed 1 successful txs and 0 failed txs (0 silently skipped, 0ms wasted) in 0.005599708000001556s {"blockNumber":5,"successfulCount":1,"failedCount":0,"duration":0.005599708000001556,"rate":0,"totalPublicGas":{"daGas":0,"l2Gas":0},"totalBlockGas":{"daGas":1984,"l2Gas":529900},"totalSizeInBytes":1984,"silentlySkippedCount":0,"silentlySkippedDurationMs":0}
[11:14:44.192] INFO: txe:top_level_context Created block 6 with timestamp 1789384484
[11:14:44.866] INFO: simulator:public-processor Processed 1 successful txs and 0 failed txs (0 silently skipped, 0ms wasted) in 0.011398458999996365s {"blockNumber":7,"successfulCount":1,"failedCount":0,"duration":0.011398458999996365,"rate":8358586.015884286,"totalPublicGas":{"daGas":128,"l2Gas":95275},"totalBlockGas":{"daGas":1504,"l2Gas":822025},"totalSizeInBytes":1504,"silentlySkippedCount":0,"silentlySkippedDurationMs":0}
[11:14:44.919] INFO: simulator:public-processor Processed 1 successful txs and 0 failed txs (0 silently skipped, 0ms wasted) in 0.0061975419999944275s {"blockNumber":8,"successfulCount":1,"failedCount":0,"duration":0.0061975419999944275,"rate":1128834.6250830232,"totalPublicGas":{"daGas":0,"l2Gas":6996},"totalBlockGas":{"daGas":0,"l2Gas":6996},"totalSizeInBytes":128,"silentlySkippedCount":0,"silentlySkippedDurationMs":0}
[11:14:44.949] INFO: simulator:public-processor Processed 1 successful txs and 0 failed txs (0 silently skipped, 0ms wasted) in 0.006448750000003201s {"blockNumber":8,"successfulCount":1,"failedCount":0,"duration":0.006448750000003201,"rate":1330955.6115519658,"totalPublicGas":{"daGas":0,"l2Gas":8583},"totalBlockGas":{"daGas":0,"l2Gas":8583},"totalSizeInBytes":128,"silentlySkippedCount":0,"silentlySkippedDurationMs":0}
[11:14:44.982] INFO: simulator:public-processor Processed 1 successful txs and 0 failed txs (0 silently skipped, 0ms wasted) in 0.008543833999996423s {"blockNumber":8,"successfulCount":1,"failedCount":0,"duration":0.008543833999996423,"rate":14598949.370979378,"totalPublicGas":{"daGas":0,"l2Gas":124731},"totalBlockGas":{"daGas":0,"l2Gas":124731},"totalSizeInBytes":128,"silentlySkippedCount":0,"silentlySkippedDurationMs":0}
[billboard_test] Testing test_dummy_post_does_not_store_content ... [0m[32mok[0m
[11:14:47.988] INFO: kv-store:lmdb-v2 Starting data store with maxReaders 2
[11:14:47.989] INFO: world-state:database Creating world state data store at directory /var/folders/ym/q1vh2x5n58xbsmpmvs5_6w3r0000gn/T/aztec-world-state-Dkaf3M/world_state with map sizes {"archiveTreeMapSizeKb":10485760,"nullifierTreeMapSizeKb":10485760,"noteHashTreeMapSizeKb":10485760,"messageTreeMapSizeKb":10485760,"publicDataTreeMapSizeKb":10485760} and 12 threads (ephemeral=true).
[11:14:48.002] INFO: txe_node Aztec Node version: txe
[11:14:48.002] INFO: txe_node Aztec Node started on chain 0x1
[11:14:48.020] INFO: txe:top_level_context Created block 1 with timestamp 1789380888
[11:14:48.071] INFO: txe:top_level_context Created block 2 with timestamp 1789380888
[11:14:48.163] INFO: simulator:public-processor Processed 1 successful txs and 0 failed txs (0 silently skipped, 0ms wasted) in 0.04212558300000092s {"blockNumber":3,"successfulCount":1,"failedCount":0,"duration":0.04212558300000092,"rate":51448664.817290545,"totalPublicGas":{"daGas":3776,"l2Gas":2167305},"totalBlockGas":{"daGas":3776,"l2Gas":2167305},"totalSizeInBytes":3904,"silentlySkippedCount":0,"silentlySkippedDurationMs":0}
[11:14:48.205] INFO: txe:top_level_context Created block 4 with timestamp 1789380888
[11:14:48.452] INFO: simulator:public-processor Processed 1 successful txs and 0 failed txs (0 silently skipped, 0ms wasted) in 0.0054073750000097785s {"blockNumber":5,"successfulCount":1,"failedCount":0,"duration":0.0054073750000097785,"rate":0,"totalPublicGas":{"daGas":0,"l2Gas":0},"totalBlockGas":{"daGas":1984,"l2Gas":529900},"totalSizeInBytes":1984,"silentlySkippedCount":0,"silentlySkippedDurationMs":0}
[11:14:48.493] INFO: txe:top_level_context Created block 6 with timestamp 1789384489
[11:14:49.175] INFO: simulator:public-processor Processed 1 successful txs and 0 failed txs (0 silently skipped, 0ms wasted) in 0.030377166999998734s {"blockNumber":7,"successfulCount":1,"failedCount":0,"duration":0.030377166999998734,"rate":39374935.78647574,"totalPublicGas":{"daGas":2176,"l2Gas":1196099},"totalBlockGas":{"daGas":3552,"l2Gas":1922849},"totalSizeInBytes":3552,"silentlySkippedCount":0,"silentlySkippedDurationMs":0}
[11:14:49.253] INFO: simulator:public-processor Processed 1 successful txs and 0 failed txs (0 silently skipped, 0ms wasted) in 0.02858987500000512s {"blockNumber":8,"successfulCount":1,"failedCount":0,"duration":0.02858987500000512,"rate":42065836.244467124,"totalPublicGas":{"daGas":2176,"l2Gas":1202657},"totalBlockGas":{"daGas":2176,"l2Gas":1202657},"totalSizeInBytes":2304,"silentlySkippedCount":0,"silentlySkippedDurationMs":0}
[11:14:49.295] INFO: txe:top_level_context Created block 9 with timestamp 1789388089
[11:14:50.005] INFO: simulator:public-processor Processed 1 successful txs and 0 failed txs (0 silently skipped, 0ms wasted) in 0.028827083999989553s {"blockNumber":10,"successfulCount":1,"failedCount":0,"duration":0.028827083999989553,"rate":41492195.32577188,"totalPublicGas":{"daGas":2176,"l2Gas":1196099},"totalBlockGas":{"daGas":3552,"l2Gas":1922849},"totalSizeInBytes":3552,"silentlySkippedCount":0,"silentlySkippedDurationMs":0}
[billboard_test] Testing test_flag_penalty_exact_value ... [0m[32mok[0m
[11:14:53.099] INFO: kv-store:lmdb-v2 Starting data store with maxReaders 2
[11:14:53.101] INFO: world-state:database Creating world state data store at directory /var/folders/ym/q1vh2x5n58xbsmpmvs5_6w3r0000gn/T/aztec-world-state-MP4HpO/world_state with map sizes {"archiveTreeMapSizeKb":10485760,"nullifierTreeMapSizeKb":10485760,"noteHashTreeMapSizeKb":10485760,"messageTreeMapSizeKb":10485760,"publicDataTreeMapSizeKb":10485760} and 12 threads (ephemeral=true).
[11:14:53.114] INFO: txe_node Aztec Node version: txe
[11:14:53.114] INFO: txe_node Aztec Node started on chain 0x1
[11:14:53.132] INFO: txe:top_level_context Created block 1 with timestamp 1789380893
[11:14:53.184] INFO: txe:top_level_context Created block 2 with timestamp 1789380893
[11:14:53.276] INFO: simulator:public-processor Processed 1 successful txs and 0 failed txs (0 silently skipped, 0ms wasted) in 0.04173512499999197s {"blockNumber":3,"successfulCount":1,"failedCount":0,"duration":0.04173512499999197,"rate":51929999.011633895,"totalPublicGas":{"daGas":3776,"l2Gas":2167305},"totalBlockGas":{"daGas":3776,"l2Gas":2167305},"totalSizeInBytes":3904,"silentlySkippedCount":0,"silentlySkippedDurationMs":0}
[11:14:53.317] INFO: txe:top_level_context Created block 4 with timestamp 1789380893
[11:14:53.563] INFO: simulator:public-processor Processed 1 successful txs and 0 failed txs (0 silently skipped, 0ms wasted) in 0.005309917000005953s {"blockNumber":5,"successfulCount":1,"failedCount":0,"duration":0.005309917000005953,"rate":0,"totalPublicGas":{"daGas":0,"l2Gas":0},"totalBlockGas":{"daGas":1984,"l2Gas":529900},"totalSizeInBytes":1984,"silentlySkippedCount":0,"silentlySkippedDurationMs":0}
[11:14:53.604] INFO: txe:top_level_context Created block 6 with timestamp 1789384494
[11:14:54.276] INFO: simulator:public-processor Processed 1 successful txs and 0 failed txs (0 silently skipped, 0ms wasted) in 0.029046458999990137s {"blockNumber":7,"successfulCount":1,"failedCount":0,"duration":0.029046458999990137,"rate":41178823.20872249,"totalPublicGas":{"daGas":2176,"l2Gas":1196099},"totalBlockGas":{"daGas":3552,"l2Gas":1922849},"totalSizeInBytes":3552,"silentlySkippedCount":0,"silentlySkippedDurationMs":0}
[11:14:54.318] INFO: txe:top_level_context Created block 8 with timestamp 1789388093
[11:14:55.054] INFO: simulator:public-processor Processed 1 successful txs and 0 failed txs (0 silently skipped, 0ms wasted) in 0.029611290999993798s {"blockNumber":9,"successfulCount":1,"failedCount":0,"duration":0.029611290999993798,"rate":40393341.85058836,"totalPublicGas":{"daGas":2176,"l2Gas":1196099},"totalBlockGas":{"daGas":3552,"l2Gas":1922849},"totalSizeInBytes":3552,"silentlySkippedCount":0,"silentlySkippedDurationMs":0}
[11:14:55.127] INFO: simulator:public-processor Processed 1 successful txs and 0 failed txs (0 silently skipped, 0ms wasted) in 0.026097042000008515s {"blockNumber":10,"successfulCount":1,"failedCount":0,"duration":0.026097042000008515,"rate":46084035.11783472,"totalPublicGas":{"daGas":2176,"l2Gas":1202657},"totalBlockGas":{"daGas":2176,"l2Gas":1202657},"totalSizeInBytes":2304,"silentlySkippedCount":0,"silentlySkippedDurationMs":0}
[11:14:55.199] INFO: simulator:public-processor Processed 1 successful txs and 0 failed txs (0 silently skipped, 0ms wasted) in 0.025956375000008847s {"blockNumber":11,"successfulCount":1,"failedCount":0,"duration":0.025956375000008847,"rate":46333781.20017106,"totalPublicGas":{"daGas":2176,"l2Gas":1202657},"totalBlockGas":{"daGas":2176,"l2Gas":1202657},"totalSizeInBytes":2304,"silentlySkippedCount":0,"silentlySkippedDurationMs":0}
[11:14:55.241] INFO: txe:top_level_context Created block 12 with timestamp 1789391694
[11:14:55.959] INFO: simulator:public-processor Processed 1 successful txs and 0 failed txs (0 silently skipped, 0ms wasted) in 0.029709166999993614s {"blockNumber":13,"successfulCount":1,"failedCount":0,"duration":0.029709166999993614,"rate":40260267.14247011,"totalPublicGas":{"daGas":2176,"l2Gas":1196099},"totalBlockGas":{"daGas":3552,"l2Gas":1922849},"totalSizeInBytes":3552,"silentlySkippedCount":0,"silentlySkippedDurationMs":0}
[billboard_test] Testing test_flag_penalty_two_flags ... [0m[32mok[0m
[11:14:59.056] INFO: kv-store:lmdb-v2 Starting data store with maxReaders 2
[11:14:59.057] INFO: world-state:database Creating world state data store at directory /var/folders/ym/q1vh2x5n58xbsmpmvs5_6w3r0000gn/T/aztec-world-state-rm6ySX/world_state with map sizes {"archiveTreeMapSizeKb":10485760,"nullifierTreeMapSizeKb":10485760,"noteHashTreeMapSizeKb":10485760,"messageTreeMapSizeKb":10485760,"publicDataTreeMapSizeKb":10485760} and 12 threads (ephemeral=true).
[11:14:59.070] INFO: txe_node Aztec Node version: txe
[11:14:59.070] INFO: txe_node Aztec Node started on chain 0x1
[11:14:59.088] INFO: txe:top_level_context Created block 1 with timestamp 1789380899
[11:14:59.141] INFO: txe:top_level_context Created block 2 with timestamp 1789380899
[11:14:59.233] INFO: simulator:public-processor Processed 1 successful txs and 0 failed txs (0 silently skipped, 0ms wasted) in 0.0421325419999921s {"blockNumber":3,"successfulCount":1,"failedCount":0,"duration":0.0421325419999921,"rate":51440167.08036288,"totalPublicGas":{"daGas":3776,"l2Gas":2167305},"totalBlockGas":{"daGas":3776,"l2Gas":2167305},"totalSizeInBytes":3904,"silentlySkippedCount":0,"silentlySkippedDurationMs":0}
[11:14:59.274] INFO: txe:top_level_context Created block 4 with timestamp 1789380899
[11:14:59.531] INFO: simulator:public-processor Processed 1 successful txs and 0 failed txs (0 silently skipped, 0ms wasted) in 0.005587625000000117s {"blockNumber":5,"successfulCount":1,"failedCount":0,"duration":0.005587625000000117,"rate":0,"totalPublicGas":{"daGas":0,"l2Gas":0},"totalBlockGas":{"daGas":1984,"l2Gas":529900},"totalSizeInBytes":1984,"silentlySkippedCount":0,"silentlySkippedDurationMs":0}
[11:14:59.573] INFO: txe:top_level_context Created block 6 with timestamp 1789384500
[11:15:00.254] INFO: simulator:public-processor Processed 1 successful txs and 0 failed txs (0 silently skipped, 0ms wasted) in 0.028888749999998253s {"blockNumber":7,"successfulCount":1,"failedCount":0,"duration":0.028888749999998253,"rate":41403625.97897356,"totalPublicGas":{"daGas":2176,"l2Gas":1196099},"totalBlockGas":{"daGas":3552,"l2Gas":1922849},"totalSizeInBytes":3552,"silentlySkippedCount":0,"silentlySkippedDurationMs":0}
[11:15:00.326] INFO: simulator:public-processor Processed 1 successful txs and 0 failed txs (0 silently skipped, 0ms wasted) in 0.02456233400000201s {"blockNumber":8,"successfulCount":1,"failedCount":0,"duration":0.02456233400000201,"rate":48963465.768354975,"totalPublicGas":{"daGas":2176,"l2Gas":1202657},"totalBlockGas":{"daGas":2176,"l2Gas":1202657},"totalSizeInBytes":2304,"silentlySkippedCount":0,"silentlySkippedDurationMs":0}
[11:15:00.368] INFO: txe:top_level_context Created block 9 with timestamp 1789484500
[11:15:01.070] INFO: simulator:public-processor Processed 1 successful txs and 0 failed txs (0 silently skipped, 0ms wasted) in 0.029669041999994077s {"blockNumber":10,"successfulCount":1,"failedCount":0,"duration":0.029669041999994077,"rate":40314715.92511274,"totalPublicGas":{"daGas":2176,"l2Gas":1196099},"totalBlockGas":{"daGas":3552,"l2Gas":1922849},"totalSizeInBytes":3552,"silentlySkippedCount":0,"silentlySkippedDurationMs":0}
[billboard_test] Testing test_flag_penalty_with_save_up ... [0m[32mok[0m
[11:15:04.154] INFO: kv-store:lmdb-v2 Starting data store with maxReaders 2
[11:15:04.155] INFO: world-state:database Creating world state data store at directory /var/folders/ym/q1vh2x5n58xbsmpmvs5_6w3r0000gn/T/aztec-world-state-3tA6pM/world_state with map sizes {"archiveTreeMapSizeKb":10485760,"nullifierTreeMapSizeKb":10485760,"noteHashTreeMapSizeKb":10485760,"messageTreeMapSizeKb":10485760,"publicDataTreeMapSizeKb":10485760} and 12 threads (ephemeral=true).
[11:15:04.168] INFO: txe_node Aztec Node version: txe
[11:15:04.168] INFO: txe_node Aztec Node started on chain 0x1
[11:15:04.186] INFO: txe:top_level_context Created block 1 with timestamp 1789380904
[11:15:04.237] INFO: txe:top_level_context Created block 2 with timestamp 1789380904
[11:15:04.329] INFO: simulator:public-processor Processed 1 successful txs and 0 failed txs (0 silently skipped, 0ms wasted) in 0.04130687500000931s {"blockNumber":3,"successfulCount":1,"failedCount":0,"duration":0.04130687500000931,"rate":52468384.500147045,"totalPublicGas":{"daGas":3776,"l2Gas":2167305},"totalBlockGas":{"daGas":3776,"l2Gas":2167305},"totalSizeInBytes":3904,"silentlySkippedCount":0,"silentlySkippedDurationMs":0}
[11:15:04.371] INFO: txe:top_level_context Created block 4 with timestamp 1789380904
[11:15:04.618] INFO: simulator:public-processor Processed 1 successful txs and 0 failed txs (0 silently skipped, 0ms wasted) in 0.005356916999997338s {"blockNumber":5,"successfulCount":1,"failedCount":0,"duration":0.005356916999997338,"rate":0,"totalPublicGas":{"daGas":0,"l2Gas":0},"totalBlockGas":{"daGas":1984,"l2Gas":529900},"totalSizeInBytes":1984,"silentlySkippedCount":0,"silentlySkippedDurationMs":0}
[11:15:04.660] INFO: txe:top_level_context Created block 6 with timestamp 1789384505
[billboard_test] Testing test_full_flow_declare_immoral_after_post ... [0m[32mok[0m
[11:15:05.341] INFO: simulator:public-processor Processed 1 successful txs and 0 failed txs (0 silently skipped, 0ms wasted) in 0.029564124999989873s {"blockNumber":7,"successfulCount":1,"failedCount":0,"duration":0.029564124999989873,"rate":40457784.56153902,"totalPublicGas":{"daGas":2176,"l2Gas":1196099},"totalBlockGas":{"daGas":3552,"l2Gas":1922849},"totalSizeInBytes":3552,"silentlySkippedCount":0,"silentlySkippedDurationMs":0}
[11:15:05.414] INFO: simulator:public-processor Processed 1 successful txs and 0 failed txs (0 silently skipped, 0ms wasted) in 0.026059166999999432s {"blockNumber":8,"successfulCount":1,"failedCount":0,"duration":0.026059166999999432,"rate":46151014.72737122,"totalPublicGas":{"daGas":2176,"l2Gas":1202657},"totalBlockGas":{"daGas":2176,"l2Gas":1202657},"totalSizeInBytes":2304,"silentlySkippedCount":0,"silentlySkippedDurationMs":0}
[11:15:05.470] INFO: simulator:public-processor Processed 1 successful txs and 0 failed txs (0 silently skipped, 0ms wasted) in 0.006585791000004974s {"blockNumber":9,"successfulCount":1,"failedCount":0,"duration":0.006585791000004974,"rate":1325581.0881325274,"totalPublicGas":{"daGas":0,"l2Gas":8730},"totalBlockGas":{"daGas":0,"l2Gas":8730},"totalSizeInBytes":128,"silentlySkippedCount":0,"silentlySkippedDurationMs":0}
[11:15:05.501] INFO: simulator:public-processor Processed 1 successful txs and 0 failed txs (0 silently skipped, 0ms wasted) in 0.0062957499999902215s {"blockNumber":9,"successfulCount":1,"failedCount":0,"duration":0.0062957499999902215,"rate":1377595.9973019054,"totalPublicGas":{"daGas":0,"l2Gas":8673},"totalBlockGas":{"daGas":0,"l2Gas":8673},"totalSizeInBytes":128,"silentlySkippedCount":0,"silentlySkippedDurationMs":0}
[11:15:05.535] INFO: simulator:public-processor Processed 1 successful txs and 0 failed txs (0 silently skipped, 0ms wasted) in 0.009900333000012324s {"blockNumber":9,"successfulCount":1,"failedCount":0,"duration":0.009900333000012324,"rate":12480186.272506813,"totalPublicGas":{"daGas":0,"l2Gas":123558},"totalBlockGas":{"daGas":0,"l2Gas":123558},"totalSizeInBytes":128,"silentlySkippedCount":0,"silentlySkippedDurationMs":0}
[billboard_test] Testing test_full_flow_deposit_below_minimum ... [0m[32mok[0m
[11:15:08.001] INFO: kv-store:lmdb-v2 Starting data store with maxReaders 2
[11:15:08.003] INFO: world-state:database Creating world state data store at directory /var/folders/ym/q1vh2x5n58xbsmpmvs5_6w3r0000gn/T/aztec-world-state-Nf8TZ2/world_state with map sizes {"archiveTreeMapSizeKb":10485760,"nullifierTreeMapSizeKb":10485760,"noteHashTreeMapSizeKb":10485760,"messageTreeMapSizeKb":10485760,"publicDataTreeMapSizeKb":10485760} and 12 threads (ephemeral=true).
[11:15:08.017] INFO: txe_node Aztec Node version: txe
[11:15:08.017] INFO: txe_node Aztec Node started on chain 0x1
[11:15:08.036] INFO: txe:top_level_context Created block 1 with timestamp 1789380908
[11:15:08.093] INFO: txe:top_level_context Created block 2 with timestamp 1789380908
[11:15:08.212] INFO: simulator:public-processor Processed 1 successful txs and 0 failed txs (0 silently skipped, 0ms wasted) in 0.05832725000000209s {"blockNumber":3,"successfulCount":1,"failedCount":0,"duration":0.05832725000000209,"rate":37157675.01467877,"totalPublicGas":{"daGas":3776,"l2Gas":2167305},"totalBlockGas":{"daGas":3776,"l2Gas":2167305},"totalSizeInBytes":3904,"silentlySkippedCount":0,"silentlySkippedDurationMs":0}
[11:15:08.259] INFO: txe:top_level_context Created block 4 with timestamp 1789380908
[11:15:11.190] INFO: kv-store:lmdb-v2 Starting data store with maxReaders 2
[11:15:11.192] INFO: world-state:database Creating world state data store at directory /var/folders/ym/q1vh2x5n58xbsmpmvs5_6w3r0000gn/T/aztec-world-state-0W3cA9/world_state with map sizes {"archiveTreeMapSizeKb":10485760,"nullifierTreeMapSizeKb":10485760,"noteHashTreeMapSizeKb":10485760,"messageTreeMapSizeKb":10485760,"publicDataTreeMapSizeKb":10485760} and 12 threads (ephemeral=true).
[11:15:11.209] INFO: txe_node Aztec Node version: txe
[11:15:11.209] INFO: txe_node Aztec Node started on chain 0x1
[11:15:11.228] INFO: txe:top_level_context Created block 1 with timestamp 1789380911
[11:15:11.285] INFO: txe:top_level_context Created block 2 with timestamp 1789380911
[11:15:11.380] INFO: simulator:public-processor Processed 1 successful txs and 0 failed txs (0 silently skipped, 0ms wasted) in 0.041895541999998384s {"blockNumber":3,"successfulCount":1,"failedCount":0,"duration":0.041895541999998384,"rate":51731160.32250123,"totalPublicGas":{"daGas":3776,"l2Gas":2167305},"totalBlockGas":{"daGas":3776,"l2Gas":2167305},"totalSizeInBytes":3904,"silentlySkippedCount":0,"silentlySkippedDurationMs":0}
[11:15:11.422] INFO: txe:top_level_context Created block 4 with timestamp 1789380911
[11:15:11.693] INFO: simulator:public-processor Processed 1 successful txs and 0 failed txs (0 silently skipped, 0ms wasted) in 0.0061180420000018785s {"blockNumber":5,"successfulCount":1,"failedCount":0,"duration":0.0061180420000018785,"rate":0,"totalPublicGas":{"daGas":0,"l2Gas":0},"totalBlockGas":{"daGas":1984,"l2Gas":529900},"totalSizeInBytes":1984,"silentlySkippedCount":0,"silentlySkippedDurationMs":0}
[11:15:11.735] INFO: txe:top_level_context Created block 6 with timestamp 1789384512
[billboard_test] Testing test_full_flow_double_flag_fails ... [0m[32mok[0m
[11:15:12.432] INFO: simulator:public-processor Processed 1 successful txs and 0 failed txs (0 silently skipped, 0ms wasted) in 0.03151204200000211s {"blockNumber":7,"successfulCount":1,"failedCount":0,"duration":0.03151204200000211,"rate":37956886.4499457,"totalPublicGas":{"daGas":2176,"l2Gas":1196099},"totalBlockGas":{"daGas":3552,"l2Gas":1922849},"totalSizeInBytes":3552,"silentlySkippedCount":0,"silentlySkippedDurationMs":0}
[11:15:12.507] INFO: simulator:public-processor Processed 1 successful txs and 0 failed txs (0 silently skipped, 0ms wasted) in 0.027055166999998617s {"blockNumber":8,"successfulCount":1,"failedCount":0,"duration":0.027055166999998617,"rate":44452026.48352019,"totalPublicGas":{"daGas":2176,"l2Gas":1202657},"totalBlockGas":{"daGas":2176,"l2Gas":1202657},"totalSizeInBytes":2304,"silentlySkippedCount":0,"silentlySkippedDurationMs":0}
[11:15:12.561] INFO: simulator:public-processor Processed 1 successful txs and 0 failed txs (0 silently skipped, 0ms wasted) in 0.007739249999998719s {"blockNumber":9,"successfulCount":1,"failedCount":0,"duration":0.007739249999998719,"rate":4332978.001745072,"totalPublicGas":{"daGas":0,"l2Gas":33534},"totalBlockGas":{"daGas":0,"l2Gas":33534},"totalSizeInBytes":128,"silentlySkippedCount":0,"silentlySkippedDurationMs":0}
[11:15:12.564] WARN: txe:top_level_context Could not find function artifact in contract Billboard for function '0x6675867b' when enriching error callstack
[11:15:15.134] INFO: kv-store:lmdb-v2 Starting data store with maxReaders 2
[11:15:15.136] INFO: world-state:database Creating world state data store at directory /var/folders/ym/q1vh2x5n58xbsmpmvs5_6w3r0000gn/T/aztec-world-state-kG8tmy/world_state with map sizes {"archiveTreeMapSizeKb":10485760,"nullifierTreeMapSizeKb":10485760,"noteHashTreeMapSizeKb":10485760,"messageTreeMapSizeKb":10485760,"publicDataTreeMapSizeKb":10485760} and 12 threads (ephemeral=true).
[11:15:15.150] INFO: txe_node Aztec Node version: txe
[11:15:15.150] INFO: txe_node Aztec Node started on chain 0x1
[11:15:15.170] INFO: txe:top_level_context Created block 1 with timestamp 1789380915
[11:15:15.230] INFO: txe:top_level_context Created block 2 with timestamp 1789380915
[11:15:15.330] INFO: simulator:public-processor Processed 1 successful txs and 0 failed txs (0 silently skipped, 0ms wasted) in 0.04721366599999601s {"blockNumber":3,"successfulCount":1,"failedCount":0,"duration":0.04721366599999601,"rate":45904187.99506446,"totalPublicGas":{"daGas":3776,"l2Gas":2167305},"totalBlockGas":{"daGas":3776,"l2Gas":2167305},"totalSizeInBytes":3904,"silentlySkippedCount":0,"silentlySkippedDurationMs":0}
[11:15:15.374] INFO: txe:top_level_context Created block 4 with timestamp 1789380915
[11:15:15.636] INFO: simulator:public-processor Processed 1 successful txs and 0 failed txs (0 silently skipped, 0ms wasted) in 0.00573787500000617s {"blockNumber":5,"successfulCount":1,"failedCount":0,"duration":0.00573787500000617,"rate":0,"totalPublicGas":{"daGas":0,"l2Gas":0},"totalBlockGas":{"daGas":1984,"l2Gas":529900},"totalSizeInBytes":1984,"silentlySkippedCount":0,"silentlySkippedDurationMs":0}
[11:15:15.678] INFO: txe:top_level_context Created block 6 with timestamp 1789384516
[11:15:16.355] INFO: simulator:public-processor Processed 1 successful txs and 0 failed txs (0 silently skipped, 0ms wasted) in 0.0295s {"blockNumber":7,"successfulCount":1,"failedCount":0,"duration":0.0295,"rate":40545728.81355932,"totalPublicGas":{"daGas":2176,"l2Gas":1196099},"totalBlockGas":{"daGas":3552,"l2Gas":1922849},"totalSizeInBytes":3552,"silentlySkippedCount":0,"silentlySkippedDurationMs":0}
[11:15:16.408] INFO: simulator:public-processor Processed 1 successful txs and 0 failed txs (0 silently skipped, 0ms wasted) in 0.006320875000004889s {"blockNumber":8,"successfulCount":1,"failedCount":0,"duration":0.006320875000004889,"rate":1106808.7883393657,"totalPublicGas":{"daGas":0,"l2Gas":6996},"totalBlockGas":{"daGas":0,"l2Gas":6996},"totalSizeInBytes":128,"silentlySkippedCount":0,"silentlySkippedDurationMs":0}
[11:15:16.442] INFO: simulator:public-processor Processed 1 successful txs and 0 failed txs (0 silently skipped, 0ms wasted) in 0.009979749999998603s {"blockNumber":8,"successfulCount":1,"failedCount":0,"duration":0.009979749999998603,"rate":12498409.2787913,"totalPublicGas":{"daGas":0,"l2Gas":124731},"totalBlockGas":{"daGas":0,"l2Gas":124731},"totalSizeInBytes":128,"silentlySkippedCount":0,"silentlySkippedDurationMs":0}
[11:15:16.472] INFO: simulator:public-processor Processed 1 successful txs and 0 failed txs (0 silently skipped, 0ms wasted) in 0.006181666999997106s {"blockNumber":8,"successfulCount":1,"failedCount":0,"duration":0.006181666999997106,"rate":1388460.4266137304,"totalPublicGas":{"daGas":0,"l2Gas":8583},"totalBlockGas":{"daGas":0,"l2Gas":8583},"totalSizeInBytes":128,"silentlySkippedCount":0,"silentlySkippedDurationMs":0}
[billboard_test] Testing test_full_flow_first_post ... [0m[32mok[0m
[11:15:19.036] INFO: kv-store:lmdb-v2 Starting data store with maxReaders 2
[11:15:19.037] INFO: world-state:database Creating world state data store at directory /var/folders/ym/q1vh2x5n58xbsmpmvs5_6w3r0000gn/T/aztec-world-state-sTNiNC/world_state with map sizes {"archiveTreeMapSizeKb":10485760,"nullifierTreeMapSizeKb":10485760,"noteHashTreeMapSizeKb":10485760,"messageTreeMapSizeKb":10485760,"publicDataTreeMapSizeKb":10485760} and 12 threads (ephemeral=true).
[11:15:19.050] INFO: txe_node Aztec Node version: txe
[11:15:19.050] INFO: txe_node Aztec Node started on chain 0x1
[11:15:19.068] INFO: txe:top_level_context Created block 1 with timestamp 1789380919
[11:15:19.120] INFO: txe:top_level_context Created block 2 with timestamp 1789380919
[11:15:19.211] INFO: simulator:public-processor Processed 1 successful txs and 0 failed txs (0 silently skipped, 0ms wasted) in 0.041215500000005706s {"blockNumber":3,"successfulCount":1,"failedCount":0,"duration":0.041215500000005706,"rate":52584707.20965899,"totalPublicGas":{"daGas":3776,"l2Gas":2167305},"totalBlockGas":{"daGas":3776,"l2Gas":2167305},"totalSizeInBytes":3904,"silentlySkippedCount":0,"silentlySkippedDurationMs":0}
[11:15:19.252] INFO: txe:top_level_context Created block 4 with timestamp 1789380919
[11:15:19.492] INFO: simulator:public-processor Processed 1 successful txs and 0 failed txs (0 silently skipped, 0ms wasted) in 0.00536591700000281s {"blockNumber":5,"successfulCount":1,"failedCount":0,"duration":0.00536591700000281,"rate":0,"totalPublicGas":{"daGas":0,"l2Gas":0},"totalBlockGas":{"daGas":1984,"l2Gas":529900},"totalSizeInBytes":1984,"silentlySkippedCount":0,"silentlySkippedDurationMs":0}
[11:15:19.534] INFO: txe:top_level_context Created block 6 with timestamp 1789384520
[11:15:20.253] INFO: simulator:public-processor Processed 1 successful txs and 0 failed txs (0 silently skipped, 0ms wasted) in 0.03779579200000444s {"blockNumber":7,"successfulCount":1,"failedCount":0,"duration":0.03779579200000444,"rate":31646353.646984283,"totalPublicGas":{"daGas":2176,"l2Gas":1196099},"totalBlockGas":{"daGas":3552,"l2Gas":1922849},"totalSizeInBytes":3552,"silentlySkippedCount":0,"silentlySkippedDurationMs":0}
[11:15:20.327] INFO: simulator:public-processor Processed 1 successful txs and 0 failed txs (0 silently skipped, 0ms wasted) in 0.027265207999997074s {"blockNumber":8,"successfulCount":1,"failedCount":0,"duration":0.027265207999997074,"rate":44109584.63988718,"totalPublicGas":{"daGas":2176,"l2Gas":1202657},"totalBlockGas":{"daGas":2176,"l2Gas":1202657},"totalSizeInBytes":2304,"silentlySkippedCount":0,"silentlySkippedDurationMs":0}
[11:15:20.370] INFO: txe:top_level_context Created block 9 with timestamp 1789388120
[11:15:21.055] INFO: simulator:public-processor Processed 1 successful txs and 0 failed txs (0 silently skipped, 0ms wasted) in 0.02886699999999837s {"blockNumber":10,"successfulCount":1,"failedCount":0,"duration":0.02886699999999837,"rate":41434821.76880409,"totalPublicGas":{"daGas":2176,"l2Gas":1196099},"totalBlockGas":{"daGas":3552,"l2Gas":1922849},"totalSizeInBytes":3552,"silentlySkippedCount":0,"silentlySkippedDurationMs":0}
[11:15:21.097] INFO: txe:top_level_context Created block 11 with timestamp 1789402518
[billboard_test] Testing test_full_flow_flag_penalty_post3_too_early ... [0m[32mok[0m
[11:15:24.171] INFO: kv-store:lmdb-v2 Starting data store with maxReaders 2
[11:15:24.173] INFO: world-state:database Creating world state data store at directory /var/folders/ym/q1vh2x5n58xbsmpmvs5_6w3r0000gn/T/aztec-world-state-jsCTk4/world_state with map sizes {"archiveTreeMapSizeKb":10485760,"nullifierTreeMapSizeKb":10485760,"noteHashTreeMapSizeKb":10485760,"messageTreeMapSizeKb":10485760,"publicDataTreeMapSizeKb":10485760} and 12 threads (ephemeral=true).
[11:15:24.186] INFO: txe_node Aztec Node version: txe
[11:15:24.187] INFO: txe_node Aztec Node started on chain 0x1
[11:15:24.204] INFO: txe:top_level_context Created block 1 with timestamp 1789380924
[11:15:24.256] INFO: txe:top_level_context Created block 2 with timestamp 1789380924
[11:15:24.350] INFO: simulator:public-processor Processed 1 successful txs and 0 failed txs (0 silently skipped, 0ms wasted) in 0.04309112499999174s {"blockNumber":3,"successfulCount":1,"failedCount":0,"duration":0.04309112499999174,"rate":50295855.58512143,"totalPublicGas":{"daGas":3776,"l2Gas":2167305},"totalBlockGas":{"daGas":3776,"l2Gas":2167305},"totalSizeInBytes":3904,"silentlySkippedCount":0,"silentlySkippedDurationMs":0}
[11:15:24.392] INFO: txe:top_level_context Created block 4 with timestamp 1789380924
[11:15:24.692] INFO: simulator:public-processor Processed 1 successful txs and 0 failed txs (0 silently skipped, 0ms wasted) in 0.005656208999993396s {"blockNumber":5,"successfulCount":1,"failedCount":0,"duration":0.005656208999993396,"rate":0,"totalPublicGas":{"daGas":0,"l2Gas":0},"totalBlockGas":{"daGas":1984,"l2Gas":529900},"totalSizeInBytes":1984,"silentlySkippedCount":0,"silentlySkippedDurationMs":0}
[billboard_test] Testing test_full_flow_get_deposit_info ... [0m[32mok[0m
[11:15:27.753] INFO: kv-store:lmdb-v2 Starting data store with maxReaders 2
[11:15:27.754] INFO: world-state:database Creating world state data store at directory /var/folders/ym/q1vh2x5n58xbsmpmvs5_6w3r0000gn/T/aztec-world-state-HcVu4u/world_state with map sizes {"archiveTreeMapSizeKb":10485760,"nullifierTreeMapSizeKb":10485760,"noteHashTreeMapSizeKb":10485760,"messageTreeMapSizeKb":10485760,"publicDataTreeMapSizeKb":10485760} and 12 threads (ephemeral=true).
[11:15:27.767] INFO: txe_node Aztec Node version: txe
[11:15:27.767] INFO: txe_node Aztec Node started on chain 0x1
[11:15:27.785] INFO: txe:top_level_context Created block 1 with timestamp 1789380927
[11:15:27.836] INFO: txe:top_level_context Created block 2 with timestamp 1789380927
[11:15:27.927] INFO: simulator:public-processor Processed 1 successful txs and 0 failed txs (0 silently skipped, 0ms wasted) in 0.042133167000007236s {"blockNumber":3,"successfulCount":1,"failedCount":0,"duration":0.042133167000007236,"rate":51439404.02105609,"totalPublicGas":{"daGas":3776,"l2Gas":2167305},"totalBlockGas":{"daGas":3776,"l2Gas":2167305},"totalSizeInBytes":3904,"silentlySkippedCount":0,"silentlySkippedDurationMs":0}
[11:15:27.969] INFO: txe:top_level_context Created block 4 with timestamp 1789380927
[11:15:28.224] INFO: simulator:public-processor Processed 1 successful txs and 0 failed txs (0 silently skipped, 0ms wasted) in 0.0054113339999894376s {"blockNumber":5,"successfulCount":1,"failedCount":0,"duration":0.0054113339999894376,"rate":0,"totalPublicGas":{"daGas":0,"l2Gas":0},"totalBlockGas":{"daGas":1984,"l2Gas":529900},"totalSizeInBytes":1984,"silentlySkippedCount":0,"silentlySkippedDurationMs":0}
[11:15:28.265] INFO: txe:top_level_context Created block 6 with timestamp 1789384528
[11:15:28.943] INFO: simulator:public-processor Processed 1 successful txs and 0 failed txs (0 silently skipped, 0ms wasted) in 0.029461959000007483s {"blockNumber":7,"successfulCount":1,"failedCount":0,"duration":0.029461959000007483,"rate":40598081.071245,"totalPublicGas":{"daGas":2176,"l2Gas":1196099},"totalBlockGas":{"daGas":3552,"l2Gas":1922849},"totalSizeInBytes":3552,"silentlySkippedCount":0,"silentlySkippedDurationMs":0}
[11:15:28.995] INFO: simulator:public-processor Processed 1 successful txs and 0 failed txs (0 silently skipped, 0ms wasted) in 0.006004375000004074s {"blockNumber":8,"successfulCount":1,"failedCount":0,"duration":0.006004375000004074,"rate":1165150.4111577396,"totalPublicGas":{"daGas":0,"l2Gas":6996},"totalBlockGas":{"daGas":0,"l2Gas":6996},"totalSizeInBytes":128,"silentlySkippedCount":0,"silentlySkippedDurationMs":0}
[11:15:29.013] INFO: txe:top_level_context Created block 8 with timestamp 1789388129
[11:15:29.770] INFO: simulator:public-processor Processed 1 successful txs and 0 failed txs (0 silently skipped, 0ms wasted) in 0.02964366699999664s {"blockNumber":9,"successfulCount":1,"failedCount":0,"duration":0.02964366699999664,"rate":40349225.35056596,"totalPublicGas":{"daGas":2176,"l2Gas":1196099},"totalBlockGas":{"daGas":3552,"l2Gas":1922849},"totalSizeInBytes":3552,"silentlySkippedCount":0,"silentlySkippedDurationMs":0}
[11:15:29.824] INFO: simulator:public-processor Processed 1 successful txs and 0 failed txs (0 silently skipped, 0ms wasted) in 0.006358500000002095s {"blockNumber":10,"successfulCount":1,"failedCount":0,"duration":0.006358500000002095,"rate":1100259.495163591,"totalPublicGas":{"daGas":0,"l2Gas":6996},"totalBlockGas":{"daGas":0,"l2Gas":6996},"totalSizeInBytes":128,"silentlySkippedCount":0,"silentlySkippedDurationMs":0}
[11:15:29.843] INFO: txe:top_level_context Created block 10 with timestamp 1789391730
[billboard_test] Testing test_full_flow_multiple_posts ... [0m[32mok[0m
[11:15:30.525] INFO: simulator:public-processor Processed 1 successful txs and 0 failed txs (0 silently skipped, 0ms wasted) in 0.02890000000000873s {"blockNumber":11,"successfulCount":1,"failedCount":0,"duration":0.02890000000000873,"rate":41387508.650506526,"totalPublicGas":{"daGas":2176,"l2Gas":1196099},"totalBlockGas":{"daGas":3552,"l2Gas":1922849},"totalSizeInBytes":3552,"silentlySkippedCount":0,"silentlySkippedDurationMs":0}
[11:15:30.577] INFO: simulator:public-processor Processed 1 successful txs and 0 failed txs (0 silently skipped, 0ms wasted) in 0.006011790999997174s {"blockNumber":12,"successfulCount":1,"failedCount":0,"duration":0.006011790999997174,"rate":1163713.1097876304,"totalPublicGas":{"daGas":0,"l2Gas":6996},"totalBlockGas":{"daGas":0,"l2Gas":6996},"totalSizeInBytes":128,"silentlySkippedCount":0,"silentlySkippedDurationMs":0}
[11:15:30.610] INFO: simulator:public-processor Processed 1 successful txs and 0 failed txs (0 silently skipped, 0ms wasted) in 0.009725915999995777s {"blockNumber":12,"successfulCount":1,"failedCount":0,"duration":0.009725915999995777,"rate":12824601.81643088,"totalPublicGas":{"daGas":0,"l2Gas":124731},"totalBlockGas":{"daGas":0,"l2Gas":124731},"totalSizeInBytes":128,"silentlySkippedCount":0,"silentlySkippedDurationMs":0}
[11:15:30.643] INFO: simulator:public-processor Processed 1 successful txs and 0 failed txs (0 silently skipped, 0ms wasted) in 0.009961874999993597s {"blockNumber":12,"successfulCount":1,"failedCount":0,"duration":0.009961874999993597,"rate":12520835.686061125,"totalPublicGas":{"daGas":0,"l2Gas":124731},"totalBlockGas":{"daGas":0,"l2Gas":124731},"totalSizeInBytes":128,"silentlySkippedCount":0,"silentlySkippedDurationMs":0}
[11:15:30.677] INFO: simulator:public-processor Processed 1 successful txs and 0 failed txs (0 silently skipped, 0ms wasted) in 0.009868166999993263s {"blockNumber":12,"successfulCount":1,"failedCount":0,"duration":0.009868166999993263,"rate":12639733.39730521,"totalPublicGas":{"daGas":0,"l2Gas":124731},"totalBlockGas":{"daGas":0,"l2Gas":124731},"totalSizeInBytes":128,"silentlySkippedCount":0,"silentlySkippedDurationMs":0}
[11:15:33.199] INFO: kv-store:lmdb-v2 Starting data store with maxReaders 2
[11:15:33.201] INFO: world-state:database Creating world state data store at directory /var/folders/ym/q1vh2x5n58xbsmpmvs5_6w3r0000gn/T/aztec-world-state-gd7lik/world_state with map sizes {"archiveTreeMapSizeKb":10485760,"nullifierTreeMapSizeKb":10485760,"noteHashTreeMapSizeKb":10485760,"messageTreeMapSizeKb":10485760,"publicDataTreeMapSizeKb":10485760} and 12 threads (ephemeral=true).
[11:15:33.216] INFO: txe_node Aztec Node version: txe
[11:15:33.216] INFO: txe_node Aztec Node started on chain 0x1
[11:15:33.234] INFO: txe:top_level_context Created block 1 with timestamp 1789380933
[11:15:33.285] INFO: txe:top_level_context Created block 2 with timestamp 1789380933
[11:15:33.378] INFO: simulator:public-processor Processed 1 successful txs and 0 failed txs (0 silently skipped, 0ms wasted) in 0.04190025000000605s {"blockNumber":3,"successfulCount":1,"failedCount":0,"duration":0.04190025000000605,"rate":51725347.700781904,"totalPublicGas":{"daGas":3776,"l2Gas":2167305},"totalBlockGas":{"daGas":3776,"l2Gas":2167305},"totalSizeInBytes":3904,"silentlySkippedCount":0,"silentlySkippedDurationMs":0}
[11:15:33.420] INFO: txe:top_level_context Created block 4 with timestamp 1789380933
[11:15:33.673] INFO: simulator:public-processor Processed 1 successful txs and 0 failed txs (0 silently skipped, 0ms wasted) in 0.005561625000002095s {"blockNumber":5,"successfulCount":1,"failedCount":0,"duration":0.005561625000002095,"rate":0,"totalPublicGas":{"daGas":0,"l2Gas":0},"totalBlockGas":{"daGas":1984,"l2Gas":529900},"totalSizeInBytes":1984,"silentlySkippedCount":0,"silentlySkippedDurationMs":0}
[11:15:33.716] INFO: txe:top_level_context Created block 6 with timestamp 1789381033
[billboard_test] Testing test_full_flow_post_too_early ... [0m[32mok[0m
[11:15:36.792] INFO: kv-store:lmdb-v2 Starting data store with maxReaders 2
[11:15:36.793] INFO: world-state:database Creating world state data store at directory /var/folders/ym/q1vh2x5n58xbsmpmvs5_6w3r0000gn/T/aztec-world-state-VwPQ0t/world_state with map sizes {"archiveTreeMapSizeKb":10485760,"nullifierTreeMapSizeKb":10485760,"noteHashTreeMapSizeKb":10485760,"messageTreeMapSizeKb":10485760,"publicDataTreeMapSizeKb":10485760} and 12 threads (ephemeral=true).
[11:15:36.806] INFO: txe_node Aztec Node version: txe
[11:15:36.806] INFO: txe_node Aztec Node started on chain 0x1
[11:15:36.823] INFO: txe:top_level_context Created block 1 with timestamp 1789380936
[11:15:36.874] INFO: txe:top_level_context Created block 2 with timestamp 1789380936
[11:15:36.968] INFO: simulator:public-processor Processed 1 successful txs and 0 failed txs (0 silently skipped, 0ms wasted) in 0.0436073330000072s {"blockNumber":3,"successfulCount":1,"failedCount":0,"duration":0.0436073330000072,"rate":49700471.24871503,"totalPublicGas":{"daGas":3776,"l2Gas":2167305},"totalBlockGas":{"daGas":3776,"l2Gas":2167305},"totalSizeInBytes":3904,"silentlySkippedCount":0,"silentlySkippedDurationMs":0}
[11:15:37.009] INFO: txe:top_level_context Created block 4 with timestamp 1789380936
[11:15:37.266] INFO: simulator:public-processor Processed 1 successful txs and 0 failed txs (0 silently skipped, 0ms wasted) in 0.005288458000009996s {"blockNumber":5,"successfulCount":1,"failedCount":0,"duration":0.005288458000009996,"rate":0,"totalPublicGas":{"daGas":0,"l2Gas":0},"totalBlockGas":{"daGas":1984,"l2Gas":529900},"totalSizeInBytes":1984,"silentlySkippedCount":0,"silentlySkippedDurationMs":0}
[11:15:37.308] INFO: txe:top_level_context Created block 6 with timestamp 1789384537
[11:15:37.979] INFO: simulator:public-processor Processed 1 successful txs and 0 failed txs (0 silently skipped, 0ms wasted) in 0.02914687500000582s {"blockNumber":7,"successfulCount":1,"failedCount":0,"duration":0.02914687500000582,"rate":41036955.07665097,"totalPublicGas":{"daGas":2176,"l2Gas":1196099},"totalBlockGas":{"daGas":3552,"l2Gas":1922849},"totalSizeInBytes":3552,"silentlySkippedCount":0,"silentlySkippedDurationMs":0}
[11:15:38.022] INFO: txe:top_level_context Created block 8 with timestamp 1789388138
[11:15:38.750] INFO: simulator:public-processor Processed 1 successful txs and 0 failed txs (0 silently skipped, 0ms wasted) in 0.030673208000007435s {"blockNumber":9,"successfulCount":1,"failedCount":0,"duration":0.030673208000007435,"rate":38994910.4769123,"totalPublicGas":{"daGas":2176,"l2Gas":1196099},"totalBlockGas":{"daGas":3552,"l2Gas":1922849},"totalSizeInBytes":3552,"silentlySkippedCount":0,"silentlySkippedDurationMs":0}
[11:15:38.803] INFO: simulator:public-processor Processed 1 successful txs and 0 failed txs (0 silently skipped, 0ms wasted) in 0.006492083999997704s {"blockNumber":10,"successfulCount":1,"failedCount":0,"duration":0.006492083999997704,"rate":1077620.0677629055,"totalPublicGas":{"daGas":0,"l2Gas":6996},"totalBlockGas":{"daGas":0,"l2Gas":6996},"totalSizeInBytes":128,"silentlySkippedCount":0,"silentlySkippedDurationMs":0}
[11:15:38.839] INFO: simulator:public-processor Processed 1 successful txs and 0 failed txs (0 silently skipped, 0ms wasted) in 0.010091457999995328s {"blockNumber":10,"successfulCount":1,"failedCount":0,"duration":0.010091457999995328,"rate":12360057.387154339,"totalPublicGas":{"daGas":0,"l2Gas":124731},"totalBlockGas":{"daGas":0,"l2Gas":124731},"totalSizeInBytes":128,"silentlySkippedCount":0,"silentlySkippedDurationMs":0}
[billboard_test] Testing test_full_flow_second_post_screens_first ... [0m[32mok[0m
[11:15:41.306] INFO: kv-store:lmdb-v2 Starting data store with maxReaders 2
[11:15:41.307] INFO: world-state:database Creating world state data store at directory /var/folders/ym/q1vh2x5n58xbsmpmvs5_6w3r0000gn/T/aztec-world-state-n7MQOH/world_state with map sizes {"archiveTreeMapSizeKb":10485760,"nullifierTreeMapSizeKb":10485760,"noteHashTreeMapSizeKb":10485760,"messageTreeMapSizeKb":10485760,"publicDataTreeMapSizeKb":10485760} and 12 threads (ephemeral=true).
[11:15:41.321] INFO: txe_node Aztec Node version: txe
[11:15:41.321] INFO: txe_node Aztec Node started on chain 0x1
[11:15:41.338] INFO: txe:top_level_context Created block 1 with timestamp 1789380941
[11:15:41.388] INFO: txe:top_level_context Created block 2 with timestamp 1789380941
[11:15:41.479] INFO: simulator:public-processor Processed 1 successful txs and 0 failed txs (0 silently skipped, 0ms wasted) in 0.041298292000006766s {"blockNumber":3,"successfulCount":1,"failedCount":0,"duration":0.041298292000006766,"rate":52479288.97397609,"totalPublicGas":{"daGas":3776,"l2Gas":2167305},"totalBlockGas":{"daGas":3776,"l2Gas":2167305},"totalSizeInBytes":3904,"silentlySkippedCount":0,"silentlySkippedDurationMs":0}
[11:15:41.520] INFO: txe:top_level_context Created block 4 with timestamp 1789380941
[11:15:41.761] INFO: simulator:public-processor Processed 1 successful txs and 0 failed txs (0 silently skipped, 0ms wasted) in 0.005114541000002646s {"blockNumber":5,"successfulCount":1,"failedCount":0,"duration":0.005114541000002646,"rate":0,"totalPublicGas":{"daGas":0,"l2Gas":0},"totalBlockGas":{"daGas":1984,"l2Gas":529900},"totalSizeInBytes":1984,"silentlySkippedCount":0,"silentlySkippedDurationMs":0}
[11:15:41.802] INFO: txe:top_level_context Created block 6 with timestamp 1789384542
[11:15:42.460] INFO: simulator:public-processor Processed 1 successful txs and 0 failed txs (0 silently skipped, 0ms wasted) in 0.029082791000008s {"blockNumber":7,"successfulCount":1,"failedCount":0,"duration":0.029082791000008,"rate":41127380.10597645,"totalPublicGas":{"daGas":2176,"l2Gas":1196099},"totalBlockGas":{"daGas":3552,"l2Gas":1922849},"totalSizeInBytes":3552,"silentlySkippedCount":0,"silentlySkippedDurationMs":0}
[11:15:42.532] INFO: simulator:public-processor Processed 1 successful txs and 0 failed txs (0 silently skipped, 0ms wasted) in 0.025818583000000218s {"blockNumber":8,"successfulCount":1,"failedCount":0,"duration":0.025818583000000218,"rate":46581061.40061946,"totalPublicGas":{"daGas":2176,"l2Gas":1202657},"totalBlockGas":{"daGas":2176,"l2Gas":1202657},"totalSizeInBytes":2304,"silentlySkippedCount":0,"silentlySkippedDurationMs":0}
[11:15:42.574] INFO: txe:top_level_context Created block 9 with timestamp 1789388142
[billboard_test] Testing test_full_flow_second_post_with_flag ... [0m[32mok[0m
[11:15:43.242] INFO: simulator:public-processor Processed 1 successful txs and 0 failed txs (0 silently skipped, 0ms wasted) in 0.029062624999991384s {"blockNumber":10,"successfulCount":1,"failedCount":0,"duration":0.029062624999991384,"rate":41155917.60896872,"totalPublicGas":{"daGas":2176,"l2Gas":1196099},"totalBlockGas":{"daGas":3552,"l2Gas":1922849},"totalSizeInBytes":3552,"silentlySkippedCount":0,"silentlySkippedDurationMs":0}
[11:15:43.295] INFO: simulator:public-processor Processed 1 successful txs and 0 failed txs (0 silently skipped, 0ms wasted) in 0.006306583999990835s {"blockNumber":11,"successfulCount":1,"failedCount":0,"duration":0.006306583999990835,"rate":1109316.8663114875,"totalPublicGas":{"daGas":0,"l2Gas":6996},"totalBlockGas":{"daGas":0,"l2Gas":6996},"totalSizeInBytes":128,"silentlySkippedCount":0,"silentlySkippedDurationMs":0}
[11:15:45.758] INFO: kv-store:lmdb-v2 Starting data store with maxReaders 2
[11:15:45.759] INFO: world-state:database Creating world state data store at directory /var/folders/ym/q1vh2x5n58xbsmpmvs5_6w3r0000gn/T/aztec-world-state-wbUJRJ/world_state with map sizes {"archiveTreeMapSizeKb":10485760,"nullifierTreeMapSizeKb":10485760,"noteHashTreeMapSizeKb":10485760,"messageTreeMapSizeKb":10485760,"publicDataTreeMapSizeKb":10485760} and 12 threads (ephemeral=true).
[11:15:45.772] INFO: txe_node Aztec Node version: txe
[11:15:45.772] INFO: txe_node Aztec Node started on chain 0x1
[11:15:45.789] INFO: txe:top_level_context Created block 1 with timestamp 1789380945
[11:15:45.838] INFO: txe:top_level_context Created block 2 with timestamp 1789380945
[11:15:45.927] INFO: simulator:public-processor Processed 1 successful txs and 0 failed txs (0 silently skipped, 0ms wasted) in 0.0397322920000006s {"blockNumber":3,"successfulCount":1,"failedCount":0,"duration":0.0397322920000006,"rate":54547696.367477804,"totalPublicGas":{"daGas":3776,"l2Gas":2167305},"totalBlockGas":{"daGas":3776,"l2Gas":2167305},"totalSizeInBytes":3904,"silentlySkippedCount":0,"silentlySkippedDurationMs":0}
[11:15:45.968] INFO: txe:top_level_context Created block 4 with timestamp 1789380945
[11:15:46.204] INFO: simulator:public-processor Processed 1 successful txs and 0 failed txs (0 silently skipped, 0ms wasted) in 0.005006875000006403s {"blockNumber":5,"successfulCount":1,"failedCount":0,"duration":0.005006875000006403,"rate":0,"totalPublicGas":{"daGas":0,"l2Gas":0},"totalBlockGas":{"daGas":1984,"l2Gas":529900},"totalSizeInBytes":1984,"silentlySkippedCount":0,"silentlySkippedDurationMs":0}
[11:15:46.246] INFO: txe:top_level_context Created block 6 with timestamp 1789384546
[11:15:46.898] INFO: simulator:public-processor Processed 1 successful txs and 0 failed txs (0 silently skipped, 0ms wasted) in 0.027761832999996842s {"blockNumber":7,"successfulCount":1,"failedCount":0,"duration":0.027761832999996842,"rate":43084294.90229035,"totalPublicGas":{"daGas":2176,"l2Gas":1196099},"totalBlockGas":{"daGas":3552,"l2Gas":1922849},"totalSizeInBytes":3552,"silentlySkippedCount":0,"silentlySkippedDurationMs":0}
[11:15:46.939] INFO: txe:top_level_context Created block 8 with timestamp 1789388147
[billboard_test] Testing test_full_flow_second_post_without_flag ... [0m[32mok[0m
[11:15:47.613] INFO: simulator:public-processor Processed 1 successful txs and 0 failed txs (0 silently skipped, 0ms wasted) in 0.02948599999998987s {"blockNumber":9,"successfulCount":1,"failedCount":0,"duration":0.02948599999998987,"rate":40564979.9905179,"totalPublicGas":{"daGas":2176,"l2Gas":1196099},"totalBlockGas":{"daGas":3552,"l2Gas":1922849},"totalSizeInBytes":3552,"silentlySkippedCount":0,"silentlySkippedDurationMs":0}
[11:15:47.667] INFO: simulator:public-processor Processed 1 successful txs and 0 failed txs (0 silently skipped, 0ms wasted) in 0.006320874999990338s {"blockNumber":10,"successfulCount":1,"failedCount":0,"duration":0.006320874999990338,"rate":1106808.7883419138,"totalPublicGas":{"daGas":0,"l2Gas":6996},"totalBlockGas":{"daGas":0,"l2Gas":6996},"totalSizeInBytes":128,"silentlySkippedCount":0,"silentlySkippedDurationMs":0}
[11:15:50.043] INFO: kv-store:lmdb-v2 Starting data store with maxReaders 2
[11:15:50.044] INFO: world-state:database Creating world state data store at directory /var/folders/ym/q1vh2x5n58xbsmpmvs5_6w3r0000gn/T/aztec-world-state-tOk7mS/world_state with map sizes {"archiveTreeMapSizeKb":10485760,"nullifierTreeMapSizeKb":10485760,"noteHashTreeMapSizeKb":10485760,"messageTreeMapSizeKb":10485760,"publicDataTreeMapSizeKb":10485760} and 12 threads (ephemeral=true).
[11:15:50.058] INFO: txe_node Aztec Node version: txe
[11:15:50.058] INFO: txe_node Aztec Node started on chain 0x1
[11:15:50.076] INFO: txe:top_level_context Created block 1 with timestamp 1789380950
[11:15:50.122] INFO: txe:top_level_context Created block 2 with timestamp 1789380950
[11:15:50.213] INFO: simulator:public-processor Processed 1 successful txs and 0 failed txs (0 silently skipped, 0ms wasted) in 0.04159274999999616s {"blockNumber":3,"successfulCount":1,"failedCount":0,"duration":0.04159274999999616,"rate":52107759.16476309,"totalPublicGas":{"daGas":3776,"l2Gas":2167305},"totalBlockGas":{"daGas":3776,"l2Gas":2167305},"totalSizeInBytes":3904,"silentlySkippedCount":0,"silentlySkippedDurationMs":0}
[11:15:50.270] INFO: simulator:public-processor Processed 1 successful txs and 0 failed txs (0 silently skipped, 0ms wasted) in 0.007200249999994412s {"blockNumber":4,"successfulCount":1,"failedCount":0,"duration":0.007200249999994412,"rate":1002048.5399820284,"totalPublicGas":{"daGas":0,"l2Gas":7215},"totalBlockGas":{"daGas":0,"l2Gas":7215},"totalSizeInBytes":128,"silentlySkippedCount":0,"silentlySkippedDurationMs":0}
[11:15:50.272] WARN: txe:top_level_context Could not find function artifact in contract Billboard for function '0x3bc1b6cc' when enriching error callstack
[billboard_test] Testing test_get_post_rejects_invalid_id ... [0m[32mok[0m
[11:15:52.766] INFO: kv-store:lmdb-v2 Starting data store with maxReaders 2
[11:15:52.767] INFO: world-state:database Creating world state data store at directory /var/folders/ym/q1vh2x5n58xbsmpmvs5_6w3r0000gn/T/aztec-world-state-zM8jIl/world_state with map sizes {"archiveTreeMapSizeKb":10485760,"nullifierTreeMapSizeKb":10485760,"noteHashTreeMapSizeKb":10485760,"messageTreeMapSizeKb":10485760,"publicDataTreeMapSizeKb":10485760} and 12 threads (ephemeral=true).
[11:15:52.780] INFO: txe_node Aztec Node version: txe
[11:15:52.780] INFO: txe_node Aztec Node started on chain 0x1
[11:15:52.797] INFO: txe:top_level_context Created block 1 with timestamp 1789380952
[11:15:52.848] INFO: txe:top_level_context Created block 2 with timestamp 1789380952
[11:15:52.941] INFO: simulator:public-processor Processed 1 successful txs and 0 failed txs (0 silently skipped, 0ms wasted) in 0.04276425000000745s {"blockNumber":3,"successfulCount":1,"failedCount":0,"duration":0.04276425000000745,"rate":50680299.54926422,"totalPublicGas":{"daGas":3776,"l2Gas":2167305},"totalBlockGas":{"daGas":3776,"l2Gas":2167305},"totalSizeInBytes":3904,"silentlySkippedCount":0,"silentlySkippedDurationMs":0}
[11:15:52.983] INFO: txe:top_level_context Created block 4 with timestamp 1789380952
[11:15:53.238] INFO: simulator:public-processor Processed 1 successful txs and 0 failed txs (0 silently skipped, 0ms wasted) in 0.005674082999990788s {"blockNumber":5,"successfulCount":1,"failedCount":0,"duration":0.005674082999990788,"rate":0,"totalPublicGas":{"daGas":0,"l2Gas":0},"totalBlockGas":{"daGas":1984,"l2Gas":529900},"totalSizeInBytes":1984,"silentlySkippedCount":0,"silentlySkippedDurationMs":0}
[11:15:53.281] INFO: txe:top_level_context Created block 6 with timestamp 1789388153
[11:15:53.955] INFO: simulator:public-processor Processed 1 successful txs and 0 failed txs (0 silently skipped, 0ms wasted) in 0.02931533300000592s {"blockNumber":7,"successfulCount":1,"failedCount":0,"duration":0.02931533300000592,"rate":40801139.79942709,"totalPublicGas":{"daGas":2176,"l2Gas":1196099},"totalBlockGas":{"daGas":3552,"l2Gas":1922849},"totalSizeInBytes":3552,"silentlySkippedCount":0,"silentlySkippedDurationMs":0}
[11:15:53.996] INFO: txe:top_level_context Created block 8 with timestamp 1789395354
[11:15:54.689] INFO: simulator:public-processor Processed 1 successful txs and 0 failed txs (0 silently skipped, 0ms wasted) in 0.029467042000003857s {"blockNumber":9,"successfulCount":1,"failedCount":0,"duration":0.029467042000003857,"rate":40591077.99146733,"totalPublicGas":{"daGas":2176,"l2Gas":1196099},"totalBlockGas":{"daGas":3552,"l2Gas":1922849},"totalSizeInBytes":3552,"silentlySkippedCount":0,"silentlySkippedDurationMs":0}
[11:15:54.732] INFO: txe:top_level_context Created block 10 with timestamp 1789402555
[11:15:55.415] INFO: simulator:public-processor Processed 1 successful txs and 0 failed txs (0 silently skipped, 0ms wasted) in 0.029765083000005688s {"blockNumber":11,"successfulCount":1,"failedCount":0,"duration":0.029765083000005688,"rate":40184635.13102824,"totalPublicGas":{"daGas":2176,"l2Gas":1196099},"totalBlockGas":{"daGas":3552,"l2Gas":1922849},"totalSizeInBytes":3552,"silentlySkippedCount":0,"silentlySkippedDurationMs":0}
[11:15:55.457] INFO: txe:top_level_context Created block 12 with timestamp 1789409756
[11:15:56.135] INFO: simulator:public-processor Processed 1 successful txs and 0 failed txs (0 silently skipped, 0ms wasted) in 0.02951637500000652s {"blockNumber":13,"successfulCount":1,"failedCount":0,"duration":0.02951637500000652,"rate":40523234.98396181,"totalPublicGas":{"daGas":2176,"l2Gas":1196099},"totalBlockGas":{"daGas":3552,"l2Gas":1922849},"totalSizeInBytes":3552,"silentlySkippedCount":0,"silentlySkippedDurationMs":0}
[11:15:56.177] INFO: txe:top_level_context Created block 14 with timestamp 1789416957
[11:15:56.857] INFO: simulator:public-processor Processed 1 successful txs and 0 failed txs (0 silently skipped, 0ms wasted) in 0.029050583000003825s {"blockNumber":15,"successfulCount":1,"failedCount":0,"duration":0.029050583000003825,"rate":41172977.49239121,"totalPublicGas":{"daGas":2176,"l2Gas":1196099},"totalBlockGas":{"daGas":3552,"l2Gas":1922849},"totalSizeInBytes":3552,"silentlySkippedCount":0,"silentlySkippedDurationMs":0}
[11:15:56.898] INFO: txe:top_level_context Created block 16 with timestamp 1789424158
[11:15:57.582] INFO: simulator:public-processor Processed 1 successful txs and 0 failed txs (0 silently skipped, 0ms wasted) in 0.028889500000019323s {"blockNumber":17,"successfulCount":1,"failedCount":0,"duration":0.028889500000019323,"rate":41402551.09985289,"totalPublicGas":{"daGas":2176,"l2Gas":1196099},"totalBlockGas":{"daGas":3552,"l2Gas":1922849},"totalSizeInBytes":3552,"silentlySkippedCount":0,"silentlySkippedDurationMs":0}
[11:15:57.624] INFO: txe:top_level_context Created block 18 with timestamp 1789431359
[11:15:58.306] INFO: simulator:public-processor Processed 1 successful txs and 0 failed txs (0 silently skipped, 0ms wasted) in 0.02911458299998776s {"blockNumber":19,"successfulCount":1,"failedCount":0,"duration":0.02911458299998776,"rate":41082470.59559476,"totalPublicGas":{"daGas":2176,"l2Gas":1196099},"totalBlockGas":{"daGas":3552,"l2Gas":1922849},"totalSizeInBytes":3552,"silentlySkippedCount":0,"silentlySkippedDurationMs":0}
[11:15:58.347] INFO: txe:top_level_context Created block 20 with timestamp 1789438560
[11:15:59.030] INFO: simulator:public-processor Processed 1 successful txs and 0 failed txs (0 silently skipped, 0ms wasted) in 0.029470292000012704s {"blockNumber":21,"successfulCount":1,"failedCount":0,"duration":0.029470292000012704,"rate":40586601.58506351,"totalPublicGas":{"daGas":2176,"l2Gas":1196099},"totalBlockGas":{"daGas":3552,"l2Gas":1922849},"totalSizeInBytes":3552,"silentlySkippedCount":0,"silentlySkippedDurationMs":0}
[11:15:59.074] INFO: txe:top_level_context Created block 22 with timestamp 1789445761
[11:15:59.767] INFO: simulator:public-processor Processed 1 successful txs and 0 failed txs (0 silently skipped, 0ms wasted) in 0.02978874999997788s {"blockNumber":23,"successfulCount":1,"failedCount":0,"duration":0.02978874999997788,"rate":40152708.656821385,"totalPublicGas":{"daGas":2176,"l2Gas":1196099},"totalBlockGas":{"daGas":3552,"l2Gas":1922849},"totalSizeInBytes":3552,"silentlySkippedCount":0,"silentlySkippedDurationMs":0}
[11:15:59.809] INFO: txe:top_level_context Created block 24 with timestamp 1789452962
[11:16:00.499] INFO: simulator:public-processor Processed 1 successful txs and 0 failed txs (0 silently skipped, 0ms wasted) in 0.029282500000001165s {"blockNumber":25,"successfulCount":1,"failedCount":0,"duration":0.029282500000001165,"rate":40846888.07307956,"totalPublicGas":{"daGas":2176,"l2Gas":1196099},"totalBlockGas":{"daGas":3552,"l2Gas":1922849},"totalSizeInBytes":3552,"silentlySkippedCount":0,"silentlySkippedDurationMs":0}
[11:16:00.541] INFO: txe:top_level_context Created block 26 with timestamp 1789460163
[11:16:01.229] INFO: simulator:public-processor Processed 1 successful txs and 0 failed txs (0 silently skipped, 0ms wasted) in 0.02947287500000675s {"blockNumber":27,"successfulCount":1,"failedCount":0,"duration":0.02947287500000675,"rate":40583044.57911643,"totalPublicGas":{"daGas":2176,"l2Gas":1196099},"totalBlockGas":{"daGas":3552,"l2Gas":1922849},"totalSizeInBytes":3552,"silentlySkippedCount":0,"silentlySkippedDurationMs":0}
[11:16:01.271] INFO: txe:top_level_context Created block 28 with timestamp 1789467364
[11:16:01.962] INFO: simulator:public-processor Processed 1 successful txs and 0 failed txs (0 silently skipped, 0ms wasted) in 0.029793792000011306s {"blockNumber":29,"successfulCount":1,"failedCount":0,"duration":0.029793792000011306,"rate":40145913.61849966,"totalPublicGas":{"daGas":2176,"l2Gas":1196099},"totalBlockGas":{"daGas":3552,"l2Gas":1922849},"totalSizeInBytes":3552,"silentlySkippedCount":0,"silentlySkippedDurationMs":0}
[11:16:02.004] INFO: txe:top_level_context Created block 30 with timestamp 1789474565
[11:16:02.677] INFO: simulator:public-processor Processed 1 successful txs and 0 failed txs (0 silently skipped, 0ms wasted) in 0.0294788750000007s {"blockNumber":31,"successfulCount":1,"failedCount":0,"duration":0.0294788750000007,"rate":40574784.48549925,"totalPublicGas":{"daGas":2176,"l2Gas":1196099},"totalBlockGas":{"daGas":3552,"l2Gas":1922849},"totalSizeInBytes":3552,"silentlySkippedCount":0,"silentlySkippedDurationMs":0}
[11:16:02.719] INFO: txe:top_level_context Created block 32 with timestamp 1789481766
[11:16:03.397] INFO: simulator:public-processor Processed 1 successful txs and 0 failed txs (0 silently skipped, 0ms wasted) in 0.029799416000023483s {"blockNumber":33,"successfulCount":1,"failedCount":0,"duration":0.029799416000023483,"rate":40138336.93918892,"totalPublicGas":{"daGas":2176,"l2Gas":1196099},"totalBlockGas":{"daGas":3552,"l2Gas":1922849},"totalSizeInBytes":3552,"silentlySkippedCount":0,"silentlySkippedDurationMs":0}
[11:16:03.438] INFO: txe:top_level_context Created block 34 with timestamp 1789488967
[11:16:04.112] INFO: simulator:public-processor Processed 1 successful txs and 0 failed txs (0 silently skipped, 0ms wasted) in 0.029428541000001134s {"blockNumber":35,"successfulCount":1,"failedCount":0,"duration":0.029428541000001134,"rate":40644182.80199327,"totalPublicGas":{"daGas":2176,"l2Gas":1196099},"totalBlockGas":{"daGas":3552,"l2Gas":1922849},"totalSizeInBytes":3552,"silentlySkippedCount":0,"silentlySkippedDurationMs":0}
[11:16:04.155] INFO: txe:top_level_context Created block 36 with timestamp 1789496168
[11:16:04.829] INFO: simulator:public-processor Processed 1 successful txs and 0 failed txs (0 silently skipped, 0ms wasted) in 0.02987979199999245s {"blockNumber":37,"successfulCount":1,"failedCount":0,"duration":0.02987979199999245,"rate":40030365.67323837,"totalPublicGas":{"daGas":2176,"l2Gas":1196099},"totalBlockGas":{"daGas":3552,"l2Gas":1922849},"totalSizeInBytes":3552,"silentlySkippedCount":0,"silentlySkippedDurationMs":0}
[11:16:04.882] INFO: simulator:public-processor Processed 1 successful txs and 0 failed txs (0 silently skipped, 0ms wasted) in 0.006181541999976617s {"blockNumber":38,"successfulCount":1,"failedCount":0,"duration":0.006181541999976617,"rate":1131756.445240761,"totalPublicGas":{"daGas":0,"l2Gas":6996},"totalBlockGas":{"daGas":0,"l2Gas":6996},"totalSizeInBytes":128,"silentlySkippedCount":0,"silentlySkippedDurationMs":0}
[billboard_test] Testing test_history_first_page_control ... [0m[32mok[0m
[11:16:07.944] INFO: kv-store:lmdb-v2 Starting data store with maxReaders 2
[11:16:07.945] INFO: world-state:database Creating world state data store at directory /var/folders/ym/q1vh2x5n58xbsmpmvs5_6w3r0000gn/T/aztec-world-state-akJF7v/world_state with map sizes {"archiveTreeMapSizeKb":10485760,"nullifierTreeMapSizeKb":10485760,"noteHashTreeMapSizeKb":10485760,"messageTreeMapSizeKb":10485760,"publicDataTreeMapSizeKb":10485760} and 12 threads (ephemeral=true).
[11:16:07.961] INFO: txe_node Aztec Node version: txe
[11:16:07.961] INFO: txe_node Aztec Node started on chain 0x1
[11:16:07.979] INFO: txe:top_level_context Created block 1 with timestamp 1789380967
[11:16:08.036] INFO: txe:top_level_context Created block 2 with timestamp 1789380967
[11:16:08.134] INFO: simulator:public-processor Processed 1 successful txs and 0 failed txs (0 silently skipped, 0ms wasted) in 0.04781162500000209s {"blockNumber":3,"successfulCount":1,"failedCount":0,"duration":0.04781162500000209,"rate":45330084.47213215,"totalPublicGas":{"daGas":3776,"l2Gas":2167305},"totalBlockGas":{"daGas":3776,"l2Gas":2167305},"totalSizeInBytes":3904,"silentlySkippedCount":0,"silentlySkippedDurationMs":0}
[11:16:08.180] INFO: txe:top_level_context Created block 4 with timestamp 1789380967
[11:16:08.636] INFO: simulator:public-processor Processed 1 successful txs and 0 failed txs (0 silently skipped, 0ms wasted) in 0.005713541999983135s {"blockNumber":5,"successfulCount":1,"failedCount":0,"duration":0.005713541999983135,"rate":0,"totalPublicGas":{"daGas":0,"l2Gas":0},"totalBlockGas":{"daGas":1984,"l2Gas":529900},"totalSizeInBytes":1984,"silentlySkippedCount":0,"silentlySkippedDurationMs":0}
[11:16:08.679] INFO: txe:top_level_context Created block 6 with timestamp 1789388168
[11:16:09.357] INFO: simulator:public-processor Processed 1 successful txs and 0 failed txs (0 silently skipped, 0ms wasted) in 0.029166749999974855s {"blockNumber":7,"successfulCount":1,"failedCount":0,"duration":0.029166749999974855,"rate":41008991.40291706,"totalPublicGas":{"daGas":2176,"l2Gas":1196099},"totalBlockGas":{"daGas":3552,"l2Gas":1922849},"totalSizeInBytes":3552,"silentlySkippedCount":0,"silentlySkippedDurationMs":0}
[11:16:09.399] INFO: txe:top_level_context Created block 8 with timestamp 1789395369
[11:16:10.089] INFO: simulator:public-processor Processed 1 successful txs and 0 failed txs (0 silently skipped, 0ms wasted) in 0.02932154200001969s {"blockNumber":9,"successfulCount":1,"failedCount":0,"duration":0.02932154200001969,"rate":40792499.93056971,"totalPublicGas":{"daGas":2176,"l2Gas":1196099},"totalBlockGas":{"daGas":3552,"l2Gas":1922849},"totalSizeInBytes":3552,"silentlySkippedCount":0,"silentlySkippedDurationMs":0}
[11:16:10.130] INFO: txe:top_level_context Created block 10 with timestamp 1789402570
[11:16:10.817] INFO: simulator:public-processor Processed 1 successful txs and 0 failed txs (0 silently skipped, 0ms wasted) in 0.032166750000003956s {"blockNumber":11,"successfulCount":1,"failedCount":0,"duration":0.032166750000003956,"rate":37184328.5380044,"totalPublicGas":{"daGas":2176,"l2Gas":1196099},"totalBlockGas":{"daGas":3552,"l2Gas":1922849},"totalSizeInBytes":3552,"silentlySkippedCount":0,"silentlySkippedDurationMs":0}
[11:16:10.863] INFO: txe:top_level_context Created block 12 with timestamp 1789409771
[11:16:11.575] INFO: simulator:public-processor Processed 1 successful txs and 0 failed txs (0 silently skipped, 0ms wasted) in 0.02917191599999205s {"blockNumber":13,"successfulCount":1,"failedCount":0,"duration":0.02917191599999205,"rate":41001729.1973666,"totalPublicGas":{"daGas":2176,"l2Gas":1196099},"totalBlockGas":{"daGas":3552,"l2Gas":1922849},"totalSizeInBytes":3552,"silentlySkippedCount":0,"silentlySkippedDurationMs":0}
[11:16:11.617] INFO: txe:top_level_context Created block 14 with timestamp 1789416972
[11:16:12.305] INFO: simulator:public-processor Processed 1 successful txs and 0 failed txs (0 silently skipped, 0ms wasted) in 0.029756541999988256s {"blockNumber":15,"successfulCount":1,"failedCount":0,"duration":0.029756541999988256,"rate":40196169.29952654,"totalPublicGas":{"daGas":2176,"l2Gas":1196099},"totalBlockGas":{"daGas":3552,"l2Gas":1922849},"totalSizeInBytes":3552,"silentlySkippedCount":0,"silentlySkippedDurationMs":0}
[11:16:12.346] INFO: txe:top_level_context Created block 16 with timestamp 1789424173
[11:16:13.052] INFO: simulator:public-processor Processed 1 successful txs and 0 failed txs (0 silently skipped, 0ms wasted) in 0.03014274999999907s {"blockNumber":17,"successfulCount":1,"failedCount":0,"duration":0.03014274999999907,"rate":39681150.52541778,"totalPublicGas":{"daGas":2176,"l2Gas":1196099},"totalBlockGas":{"daGas":3552,"l2Gas":1922849},"totalSizeInBytes":3552,"silentlySkippedCount":0,"silentlySkippedDurationMs":0}
[11:16:13.094] INFO: txe:top_level_context Created block 18 with timestamp 1789431374
[11:16:13.804] INFO: simulator:public-processor Processed 1 successful txs and 0 failed txs (0 silently skipped, 0ms wasted) in 0.02985904200002551s {"blockNumber":19,"successfulCount":1,"failedCount":0,"duration":0.02985904200002551,"rate":40058184.05021092,"totalPublicGas":{"daGas":2176,"l2Gas":1196099},"totalBlockGas":{"daGas":3552,"l2Gas":1922849},"totalSizeInBytes":3552,"silentlySkippedCount":0,"silentlySkippedDurationMs":0}
[11:16:13.846] INFO: txe:top_level_context Created block 20 with timestamp 1789438575
[11:16:14.567] INFO: simulator:public-processor Processed 1 successful txs and 0 failed txs (0 silently skipped, 0ms wasted) in 0.02987454199997592s {"blockNumber":21,"successfulCount":1,"failedCount":0,"duration":0.02987454199997592,"rate":40037400.406036824,"totalPublicGas":{"daGas":2176,"l2Gas":1196099},"totalBlockGas":{"daGas":3552,"l2Gas":1922849},"totalSizeInBytes":3552,"silentlySkippedCount":0,"silentlySkippedDurationMs":0}
[11:16:14.611] INFO: txe:top_level_context Created block 22 with timestamp 1789445776
[11:16:15.312] INFO: simulator:public-processor Processed 1 successful txs and 0 failed txs (0 silently skipped, 0ms wasted) in 0.030733708999992813s {"blockNumber":23,"successfulCount":1,"failedCount":0,"duration":0.030733708999992813,"rate":38918146.84652216,"totalPublicGas":{"daGas":2176,"l2Gas":1196099},"totalBlockGas":{"daGas":3552,"l2Gas":1922849},"totalSizeInBytes":3552,"silentlySkippedCount":0,"silentlySkippedDurationMs":0}
[11:16:15.355] INFO: txe:top_level_context Created block 24 with timestamp 1789452977
[11:16:16.051] INFO: simulator:public-processor Processed 1 successful txs and 0 failed txs (0 silently skipped, 0ms wasted) in 0.029780417000001762s {"blockNumber":25,"successfulCount":1,"failedCount":0,"duration":0.029780417000001762,"rate":40163943.97700775,"totalPublicGas":{"daGas":2176,"l2Gas":1196099},"totalBlockGas":{"daGas":3552,"l2Gas":1922849},"totalSizeInBytes":3552,"silentlySkippedCount":0,"silentlySkippedDurationMs":0}
[11:16:16.093] INFO: txe:top_level_context Created block 26 with timestamp 1789460178
[11:16:16.777] INFO: simulator:public-processor Processed 1 successful txs and 0 failed txs (0 silently skipped, 0ms wasted) in 0.029165042000007815s {"blockNumber":27,"successfulCount":1,"failedCount":0,"duration":0.029165042000007815,"rate":41011393.02318438,"totalPublicGas":{"daGas":2176,"l2Gas":1196099},"totalBlockGas":{"daGas":3552,"l2Gas":1922849},"totalSizeInBytes":3552,"silentlySkippedCount":0,"silentlySkippedDurationMs":0}
[11:16:16.819] INFO: txe:top_level_context Created block 28 with timestamp 1789467379
[11:16:17.502] INFO: simulator:public-processor Processed 1 successful txs and 0 failed txs (0 silently skipped, 0ms wasted) in 0.029792583000002197s {"blockNumber":29,"successfulCount":1,"failedCount":0,"duration":0.029792583000002197,"rate":40147542.76256986,"totalPublicGas":{"daGas":2176,"l2Gas":1196099},"totalBlockGas":{"daGas":3552,"l2Gas":1922849},"totalSizeInBytes":3552,"silentlySkippedCount":0,"silentlySkippedDurationMs":0}
[11:16:17.544] INFO: txe:top_level_context Created block 30 with timestamp 1789474580
[11:16:18.220] INFO: simulator:public-processor Processed 1 successful txs and 0 failed txs (0 silently skipped, 0ms wasted) in 0.02899979100000928s {"blockNumber":31,"successfulCount":1,"failedCount":0,"duration":0.02899979100000928,"rate":41245090.35253451,"totalPublicGas":{"daGas":2176,"l2Gas":1196099},"totalBlockGas":{"daGas":3552,"l2Gas":1922849},"totalSizeInBytes":3552,"silentlySkippedCount":0,"silentlySkippedDurationMs":0}
[11:16:18.262] INFO: txe:top_level_context Created block 32 with timestamp 1789481781
[11:16:18.940] INFO: simulator:public-processor Processed 1 successful txs and 0 failed txs (0 silently skipped, 0ms wasted) in 0.029477000000013503s {"blockNumber":33,"successfulCount":1,"failedCount":0,"duration":0.029477000000013503,"rate":40577365.403516375,"totalPublicGas":{"daGas":2176,"l2Gas":1196099},"totalBlockGas":{"daGas":3552,"l2Gas":1922849},"totalSizeInBytes":3552,"silentlySkippedCount":0,"silentlySkippedDurationMs":0}
[11:16:18.983] INFO: txe:top_level_context Created block 34 with timestamp 1789488982
[11:16:19.656] INFO: simulator:public-processor Processed 1 successful txs and 0 failed txs (0 silently skipped, 0ms wasted) in 0.030821750000002795s {"blockNumber":35,"successfulCount":1,"failedCount":0,"duration":0.030821750000002795,"rate":38806978.83799238,"totalPublicGas":{"daGas":2176,"l2Gas":1196099},"totalBlockGas":{"daGas":3552,"l2Gas":1922849},"totalSizeInBytes":3552,"silentlySkippedCount":0,"silentlySkippedDurationMs":0}
[11:16:19.699] INFO: txe:top_level_context Created block 36 with timestamp 1789496183
[11:16:20.382] INFO: simulator:public-processor Processed 1 successful txs and 0 failed txs (0 silently skipped, 0ms wasted) in 0.029725333999987925s {"blockNumber":37,"successfulCount":1,"failedCount":0,"duration":0.029725333999987925,"rate":40238370.40823447,"totalPublicGas":{"daGas":2176,"l2Gas":1196099},"totalBlockGas":{"daGas":3552,"l2Gas":1922849},"totalSizeInBytes":3552,"silentlySkippedCount":0,"silentlySkippedDurationMs":0}
[11:16:20.424] INFO: txe:top_level_context Created block 38 with timestamp 1789503384
[11:16:21.105] INFO: simulator:public-processor Processed 1 successful txs and 0 failed txs (0 silently skipped, 0ms wasted) in 0.029547166999982437s {"blockNumber":39,"successfulCount":1,"failedCount":0,"duration":0.029547166999982437,"rate":40481004.490234576,"totalPublicGas":{"daGas":2176,"l2Gas":1196099},"totalBlockGas":{"daGas":3552,"l2Gas":1922849},"totalSizeInBytes":3552,"silentlySkippedCount":0,"silentlySkippedDurationMs":0}
[11:16:21.158] INFO: simulator:public-processor Processed 1 successful txs and 0 failed txs (0 silently skipped, 0ms wasted) in 0.006299666999984766s {"blockNumber":40,"successfulCount":1,"failedCount":0,"duration":0.006299666999984766,"rate":1110534.890180214,"totalPublicGas":{"daGas":0,"l2Gas":6996},"totalBlockGas":{"daGas":0,"l2Gas":6996},"totalSizeInBytes":128,"silentlySkippedCount":0,"silentlySkippedDurationMs":0}
[billboard_test] Testing test_history_known_bad_missing_child_after_first_page ... [0m[32mok[0m
[11:16:24.313] INFO: kv-store:lmdb-v2 Starting data store with maxReaders 2
[11:16:24.315] INFO: world-state:database Creating world state data store at directory /var/folders/ym/q1vh2x5n58xbsmpmvs5_6w3r0000gn/T/aztec-world-state-wSW3oF/world_state with map sizes {"archiveTreeMapSizeKb":10485760,"nullifierTreeMapSizeKb":10485760,"noteHashTreeMapSizeKb":10485760,"messageTreeMapSizeKb":10485760,"publicDataTreeMapSizeKb":10485760} and 12 threads (ephemeral=true).
[11:16:24.328] INFO: txe_node Aztec Node version: txe
[11:16:24.328] INFO: txe_node Aztec Node started on chain 0x1
[11:16:24.346] INFO: txe:top_level_context Created block 1 with timestamp 1789380984
[11:16:24.397] INFO: txe:top_level_context Created block 2 with timestamp 1789380984
[11:16:24.489] INFO: simulator:public-processor Processed 1 successful txs and 0 failed txs (0 silently skipped, 0ms wasted) in 0.041761082999990325s {"blockNumber":3,"successfulCount":1,"failedCount":0,"duration":0.041761082999990325,"rate":51897720.18126307,"totalPublicGas":{"daGas":3776,"l2Gas":2167305},"totalBlockGas":{"daGas":3776,"l2Gas":2167305},"totalSizeInBytes":3904,"silentlySkippedCount":0,"silentlySkippedDurationMs":0}
[11:16:24.531] INFO: txe:top_level_context Created block 4 with timestamp 1789380984
[11:16:24.800] INFO: simulator:public-processor Processed 1 successful txs and 0 failed txs (0 silently skipped, 0ms wasted) in 0.005473707999975886s {"blockNumber":5,"successfulCount":1,"failedCount":0,"duration":0.005473707999975886,"rate":0,"totalPublicGas":{"daGas":0,"l2Gas":0},"totalBlockGas":{"daGas":1984,"l2Gas":529900},"totalSizeInBytes":1984,"silentlySkippedCount":0,"silentlySkippedDurationMs":0}
[11:16:24.842] INFO: txe:top_level_context Created block 6 with timestamp 1789388185
[11:16:25.575] INFO: simulator:public-processor Processed 1 successful txs and 0 failed txs (0 silently skipped, 0ms wasted) in 0.02919562500002212s {"blockNumber":7,"successfulCount":1,"failedCount":0,"duration":0.02919562500002212,"rate":40968432.77028985,"totalPublicGas":{"daGas":2176,"l2Gas":1196099},"totalBlockGas":{"daGas":3552,"l2Gas":1922849},"totalSizeInBytes":3552,"silentlySkippedCount":0,"silentlySkippedDurationMs":0}
[11:16:25.617] INFO: txe:top_level_context Created block 8 with timestamp 1789395386
[11:16:26.302] INFO: simulator:public-processor Processed 1 successful txs and 0 failed txs (0 silently skipped, 0ms wasted) in 0.029353624999988823s {"blockNumber":9,"successfulCount":1,"failedCount":0,"duration":0.029353624999988823,"rate":40747914.43988453,"totalPublicGas":{"daGas":2176,"l2Gas":1196099},"totalBlockGas":{"daGas":3552,"l2Gas":1922849},"totalSizeInBytes":3552,"silentlySkippedCount":0,"silentlySkippedDurationMs":0}
[11:16:26.343] INFO: txe:top_level_context Created block 10 with timestamp 1789402587
[11:16:27.083] INFO: simulator:public-processor Processed 1 successful txs and 0 failed txs (0 silently skipped, 0ms wasted) in 0.03166670800000429s {"blockNumber":11,"successfulCount":1,"failedCount":0,"duration":0.03166670800000429,"rate":37771498.06667109,"totalPublicGas":{"daGas":2176,"l2Gas":1196099},"totalBlockGas":{"daGas":3552,"l2Gas":1922849},"totalSizeInBytes":3552,"silentlySkippedCount":0,"silentlySkippedDurationMs":0}
[11:16:27.126] INFO: txe:top_level_context Created block 12 with timestamp 1789409788
[11:16:27.845] INFO: simulator:public-processor Processed 1 successful txs and 0 failed txs (0 silently skipped, 0ms wasted) in 0.03031845799999428s {"blockNumber":13,"successfulCount":1,"failedCount":0,"duration":0.03031845799999428,"rate":39451181.85101055,"totalPublicGas":{"daGas":2176,"l2Gas":1196099},"totalBlockGas":{"daGas":3552,"l2Gas":1922849},"totalSizeInBytes":3552,"silentlySkippedCount":0,"silentlySkippedDurationMs":0}
[11:16:27.887] INFO: txe:top_level_context Created block 14 with timestamp 1789416989
[11:16:28.595] INFO: simulator:public-processor Processed 1 successful txs and 0 failed txs (0 silently skipped, 0ms wasted) in 0.029036749999999303s {"blockNumber":15,"successfulCount":1,"failedCount":0,"duration":0.029036749999999303,"rate":41192592.146160595,"totalPublicGas":{"daGas":2176,"l2Gas":1196099},"totalBlockGas":{"daGas":3552,"l2Gas":1922849},"totalSizeInBytes":3552,"silentlySkippedCount":0,"silentlySkippedDurationMs":0}
[11:16:28.645] INFO: txe:top_level_context Created block 16 with timestamp 1789424190
[11:16:29.344] INFO: simulator:public-processor Processed 1 successful txs and 0 failed txs (0 silently skipped, 0ms wasted) in 0.02921700000000419s {"blockNumber":17,"successfulCount":1,"failedCount":0,"duration":0.02921700000000419,"rate":40938460.48532801,"totalPublicGas":{"daGas":2176,"l2Gas":1196099},"totalBlockGas":{"daGas":3552,"l2Gas":1922849},"totalSizeInBytes":3552,"silentlySkippedCount":0,"silentlySkippedDurationMs":0}
[11:16:29.386] INFO: txe:top_level_context Created block 18 with timestamp 1789431391
[11:16:30.143] INFO: simulator:public-processor Processed 1 successful txs and 0 failed txs (0 silently skipped, 0ms wasted) in 0.02993333299999358s {"blockNumber":19,"successfulCount":1,"failedCount":0,"duration":0.02993333299999358,"rate":39958764.3648055,"totalPublicGas":{"daGas":2176,"l2Gas":1196099},"totalBlockGas":{"daGas":3552,"l2Gas":1922849},"totalSizeInBytes":3552,"silentlySkippedCount":0,"silentlySkippedDurationMs":0}
[11:16:30.185] INFO: txe:top_level_context Created block 20 with timestamp 1789438592
[11:16:30.874] INFO: simulator:public-processor Processed 1 successful txs and 0 failed txs (0 silently skipped, 0ms wasted) in 0.02929558399997768s {"blockNumber":21,"successfulCount":1,"failedCount":0,"duration":0.02929558399997768,"rate":40828645.02721336,"totalPublicGas":{"daGas":2176,"l2Gas":1196099},"totalBlockGas":{"daGas":3552,"l2Gas":1922849},"totalSizeInBytes":3552,"silentlySkippedCount":0,"silentlySkippedDurationMs":0}
[11:16:30.920] INFO: txe:top_level_context Created block 22 with timestamp 1789445793
[11:16:31.654] INFO: simulator:public-processor Processed 1 successful txs and 0 failed txs (0 silently skipped, 0ms wasted) in 0.02991883399998187s {"blockNumber":23,"successfulCount":1,"failedCount":0,"duration":0.02991883399998187,"rate":39978128.826836124,"totalPublicGas":{"daGas":2176,"l2Gas":1196099},"totalBlockGas":{"daGas":3552,"l2Gas":1922849},"totalSizeInBytes":3552,"silentlySkippedCount":0,"silentlySkippedDurationMs":0}
[11:16:31.696] INFO: txe:top_level_context Created block 24 with timestamp 1789452994
[11:16:32.383] INFO: simulator:public-processor Processed 1 successful txs and 0 failed txs (0 silently skipped, 0ms wasted) in 0.03446312499998021s {"blockNumber":25,"successfulCount":1,"failedCount":0,"duration":0.03446312499998021,"rate":34706632.0886654,"totalPublicGas":{"daGas":2176,"l2Gas":1196099},"totalBlockGas":{"daGas":3552,"l2Gas":1922849},"totalSizeInBytes":3552,"silentlySkippedCount":0,"silentlySkippedDurationMs":0}
[11:16:32.426] INFO: txe:top_level_context Created block 26 with timestamp 1789460195
[11:16:33.125] INFO: simulator:public-processor Processed 1 successful txs and 0 failed txs (0 silently skipped, 0ms wasted) in 0.029698792000010143s {"blockNumber":27,"successfulCount":1,"failedCount":0,"duration":0.029698792000010143,"rate":40274331.696709804,"totalPublicGas":{"daGas":2176,"l2Gas":1196099},"totalBlockGas":{"daGas":3552,"l2Gas":1922849},"totalSizeInBytes":3552,"silentlySkippedCount":0,"silentlySkippedDurationMs":0}
[11:16:33.168] INFO: txe:top_level_context Created block 28 with timestamp 1789467396
[11:16:33.861] INFO: simulator:public-processor Processed 1 successful txs and 0 failed txs (0 silently skipped, 0ms wasted) in 0.02931916600000113s {"blockNumber":29,"successfulCount":1,"failedCount":0,"duration":0.02931916600000113,"rate":40795805.71971092,"totalPublicGas":{"daGas":2176,"l2Gas":1196099},"totalBlockGas":{"daGas":3552,"l2Gas":1922849},"totalSizeInBytes":3552,"silentlySkippedCount":0,"silentlySkippedDurationMs":0}
[11:16:33.904] INFO: txe:top_level_context Created block 30 with timestamp 1789474597
[11:16:34.585] INFO: simulator:public-processor Processed 1 successful txs and 0 failed txs (0 silently skipped, 0ms wasted) in 0.02988533400002052s {"blockNumber":31,"successfulCount":1,"failedCount":0,"duration":0.02988533400002052,"rate":40022942.35691589,"totalPublicGas":{"daGas":2176,"l2Gas":1196099},"totalBlockGas":{"daGas":3552,"l2Gas":1922849},"totalSizeInBytes":3552,"silentlySkippedCount":0,"silentlySkippedDurationMs":0}
[11:16:34.627] INFO: txe:top_level_context Created block 32 with timestamp 1789481798
[11:16:35.315] INFO: simulator:public-processor Processed 1 successful txs and 0 failed txs (0 silently skipped, 0ms wasted) in 0.030124083000002428s {"blockNumber":33,"successfulCount":1,"failedCount":0,"duration":0.030124083000002428,"rate":39705739.75645677,"totalPublicGas":{"daGas":2176,"l2Gas":1196099},"totalBlockGas":{"daGas":3552,"l2Gas":1922849},"totalSizeInBytes":3552,"silentlySkippedCount":0,"silentlySkippedDurationMs":0}
[11:16:35.358] INFO: txe:top_level_context Created block 34 with timestamp 1789488999
[11:16:36.034] INFO: simulator:public-processor Processed 1 successful txs and 0 failed txs (0 silently skipped, 0ms wasted) in 0.029768624999996975s {"blockNumber":35,"successfulCount":1,"failedCount":0,"duration":0.029768624999996975,"rate":40179853.78901853,"totalPublicGas":{"daGas":2176,"l2Gas":1196099},"totalBlockGas":{"daGas":3552,"l2Gas":1922849},"totalSizeInBytes":3552,"silentlySkippedCount":0,"silentlySkippedDurationMs":0}
[11:16:36.079] INFO: txe:top_level_context Created block 36 with timestamp 1789496200
[11:16:36.769] INFO: simulator:public-processor Processed 1 successful txs and 0 failed txs (0 silently skipped, 0ms wasted) in 0.030369000000006054s {"blockNumber":37,"successfulCount":1,"failedCount":0,"duration":0.030369000000006054,"rate":39385524.712692596,"totalPublicGas":{"daGas":2176,"l2Gas":1196099},"totalBlockGas":{"daGas":3552,"l2Gas":1922849},"totalSizeInBytes":3552,"silentlySkippedCount":0,"silentlySkippedDurationMs":0}
[11:16:36.812] INFO: txe:top_level_context Created block 38 with timestamp 1789503401
[11:16:37.529] INFO: simulator:public-processor Processed 1 successful txs and 0 failed txs (0 silently skipped, 0ms wasted) in 0.02970975000000908s {"blockNumber":39,"successfulCount":1,"failedCount":0,"duration":0.02970975000000908,"rate":40259477.1076712,"totalPublicGas":{"daGas":2176,"l2Gas":1196099},"totalBlockGas":{"daGas":3552,"l2Gas":1922849},"totalSizeInBytes":3552,"silentlySkippedCount":0,"silentlySkippedDurationMs":0}
[11:16:37.582] INFO: simulator:public-processor Processed 1 successful txs and 0 failed txs (0 silently skipped, 0ms wasted) in 0.0062810409999801775s {"blockNumber":40,"successfulCount":1,"failedCount":0,"duration":0.0062810409999801775,"rate":1113828.1058859637,"totalPublicGas":{"daGas":0,"l2Gas":6996},"totalBlockGas":{"daGas":0,"l2Gas":6996},"totalSizeInBytes":128,"silentlySkippedCount":0,"silentlySkippedDurationMs":0}
[11:16:37.601] INFO: txe:top_level_context Created block 40 with timestamp 1789510602
[billboard_test] Testing test_history_known_bad_next_post_cannot_progress ... [0m[32mok[0m
[11:16:40.605] INFO: kv-store:lmdb-v2 Starting data store with maxReaders 2
[11:16:40.606] INFO: world-state:database Creating world state data store at directory /var/folders/ym/q1vh2x5n58xbsmpmvs5_6w3r0000gn/T/aztec-world-state-laJxV5/world_state with map sizes {"archiveTreeMapSizeKb":10485760,"nullifierTreeMapSizeKb":10485760,"noteHashTreeMapSizeKb":10485760,"messageTreeMapSizeKb":10485760,"publicDataTreeMapSizeKb":10485760} and 12 threads (ephemeral=true).
[11:16:40.619] INFO: txe_node Aztec Node version: txe
[11:16:40.619] INFO: txe_node Aztec Node started on chain 0x1
[11:16:40.637] INFO: txe:top_level_context Created block 1 with timestamp 1789381000
[11:16:40.687] INFO: txe:top_level_context Created block 2 with timestamp 1789381000
[11:16:40.779] INFO: simulator:public-processor Processed 1 successful txs and 0 failed txs (0 silently skipped, 0ms wasted) in 0.042048833999986525s {"blockNumber":3,"successfulCount":1,"failedCount":0,"duration":0.042048833999986525,"rate":51542570.716721766,"totalPublicGas":{"daGas":3776,"l2Gas":2167305},"totalBlockGas":{"daGas":3776,"l2Gas":2167305},"totalSizeInBytes":3904,"silentlySkippedCount":0,"silentlySkippedDurationMs":0}
[11:16:40.833] INFO: simulator:public-processor Processed 1 successful txs and 0 failed txs (0 silently skipped, 0ms wasted) in 0.006241207999992184s {"blockNumber":4,"successfulCount":1,"failedCount":0,"duration":0.006241207999992184,"rate":1398767.6744647722,"totalPublicGas":{"daGas":0,"l2Gas":8730},"totalBlockGas":{"daGas":0,"l2Gas":8730},"totalSizeInBytes":128,"silentlySkippedCount":0,"silentlySkippedDurationMs":0}
[billboard_test] Testing test_init_default_flag_state ... [0m[32mok[0m
[billboard_test] Testing test_init_rejects_policy_too_long ... [0m[32mok[0m
[11:16:43.236] INFO: kv-store:lmdb-v2 Starting data store with maxReaders 2
[11:16:43.237] INFO: world-state:database Creating world state data store at directory /var/folders/ym/q1vh2x5n58xbsmpmvs5_6w3r0000gn/T/aztec-world-state-8QtvLU/world_state with map sizes {"archiveTreeMapSizeKb":10485760,"nullifierTreeMapSizeKb":10485760,"noteHashTreeMapSizeKb":10485760,"messageTreeMapSizeKb":10485760,"publicDataTreeMapSizeKb":10485760} and 12 threads (ephemeral=true).
[11:16:43.250] INFO: txe_node Aztec Node version: txe
[11:16:43.250] INFO: txe_node Aztec Node started on chain 0x1
[11:16:43.268] INFO: txe:top_level_context Created block 1 with timestamp 1789381003
[11:16:43.325] INFO: txe:top_level_context Created block 2 with timestamp 1789381003
[11:16:43.383] INFO: simulator:public-processor Processed 1 successful txs and 0 failed txs (0 silently skipped, 0ms wasted) in 0.008660875000001397s {"blockNumber":3,"successfulCount":1,"failedCount":0,"duration":0.008660875000001397,"rate":13752536.550865911,"totalPublicGas":{"daGas":0,"l2Gas":119109},"totalBlockGas":{"daGas":0,"l2Gas":119109},"totalSizeInBytes":128,"silentlySkippedCount":0,"silentlySkippedDurationMs":0}
[11:16:43.385] WARN: txe:top_level_context Could not find function artifact in contract Billboard for function '0x609f9c98' when enriching error callstack
[billboard_test] Testing test_init_rejects_zero_base_cooldown ... [0m[32mok[0m
[11:16:45.765] INFO: kv-store:lmdb-v2 Starting data store with maxReaders 2
[11:16:45.766] INFO: world-state:database Creating world state data store at directory /var/folders/ym/q1vh2x5n58xbsmpmvs5_6w3r0000gn/T/aztec-world-state-I9qV6E/world_state with map sizes {"archiveTreeMapSizeKb":10485760,"nullifierTreeMapSizeKb":10485760,"noteHashTreeMapSizeKb":10485760,"messageTreeMapSizeKb":10485760,"publicDataTreeMapSizeKb":10485760} and 12 threads (ephemeral=true).
[11:16:45.779] INFO: txe_node Aztec Node version: txe
[11:16:45.779] INFO: txe_node Aztec Node started on chain 0x1
[11:16:45.796] INFO: txe:top_level_context Created block 1 with timestamp 1789381005
[11:16:45.852] INFO: txe:top_level_context Created block 2 with timestamp 1789381005
[11:16:45.909] INFO: simulator:public-processor Processed 1 successful txs and 0 failed txs (0 silently skipped, 0ms wasted) in 0.008161167000012938s {"blockNumber":3,"successfulCount":1,"failedCount":0,"duration":0.008161167000012938,"rate":14558212.079205295,"totalPublicGas":{"daGas":0,"l2Gas":118812},"totalBlockGas":{"daGas":0,"l2Gas":118812},"totalSizeInBytes":128,"silentlySkippedCount":0,"silentlySkippedDurationMs":0}
[11:16:45.911] WARN: txe:top_level_context Could not find function artifact in contract Billboard for function '0x609f9c98' when enriching error callstack
[billboard_test] Testing test_init_rejects_zero_censor_window ... [0m[32mok[0m
[11:16:48.265] INFO: kv-store:lmdb-v2 Starting data store with maxReaders 2
[11:16:48.267] INFO: world-state:database Creating world state data store at directory /var/folders/ym/q1vh2x5n58xbsmpmvs5_6w3r0000gn/T/aztec-world-state-KBwtbH/world_state with map sizes {"archiveTreeMapSizeKb":10485760,"nullifierTreeMapSizeKb":10485760,"noteHashTreeMapSizeKb":10485760,"messageTreeMapSizeKb":10485760,"publicDataTreeMapSizeKb":10485760} and 12 threads (ephemeral=true).
[11:16:48.280] INFO: txe_node Aztec Node version: txe
[11:16:48.280] INFO: txe_node Aztec Node started on chain 0x1
[11:16:48.297] INFO: txe:top_level_context Created block 1 with timestamp 1789381008
[11:16:48.352] INFO: txe:top_level_context Created block 2 with timestamp 1789381008
[11:16:48.417] INFO: simulator:public-processor Processed 1 successful txs and 0 failed txs (0 silently skipped, 0ms wasted) in 0.01220183299999917s {"blockNumber":3,"successfulCount":1,"failedCount":0,"duration":0.01220183299999917,"rate":9748535.322521469,"totalPublicGas":{"daGas":0,"l2Gas":118950},"totalBlockGas":{"daGas":0,"l2Gas":118950},"totalSizeInBytes":128,"silentlySkippedCount":0,"silentlySkippedDurationMs":0}
[11:16:48.419] WARN: txe:top_level_context Could not find function artifact in contract Billboard for function '0x609f9c98' when enriching error callstack
[billboard_test] Testing test_init_rejects_zero_k ... [0m[32mok[0m
[11:16:50.776] INFO: kv-store:lmdb-v2 Starting data store with maxReaders 2
[11:16:50.777] INFO: world-state:database Creating world state data store at directory /var/folders/ym/q1vh2x5n58xbsmpmvs5_6w3r0000gn/T/aztec-world-state-UySHmP/world_state with map sizes {"archiveTreeMapSizeKb":10485760,"nullifierTreeMapSizeKb":10485760,"noteHashTreeMapSizeKb":10485760,"messageTreeMapSizeKb":10485760,"publicDataTreeMapSizeKb":10485760} and 12 threads (ephemeral=true).
[11:16:50.790] INFO: txe_node Aztec Node version: txe
[11:16:50.790] INFO: txe_node Aztec Node started on chain 0x1
[11:16:50.808] INFO: txe:top_level_context Created block 1 with timestamp 1789381010
[11:16:50.863] INFO: txe:top_level_context Created block 2 with timestamp 1789381010
[11:16:50.921] INFO: simulator:public-processor Processed 1 successful txs and 0 failed txs (0 silently skipped, 0ms wasted) in 0.008658083000016631s {"blockNumber":3,"successfulCount":1,"failedCount":0,"duration":0.008658083000016631,"rate":13730637.601853857,"totalPublicGas":{"daGas":0,"l2Gas":118881},"totalBlockGas":{"daGas":0,"l2Gas":118881},"totalSizeInBytes":128,"silentlySkippedCount":0,"silentlySkippedDurationMs":0}
[11:16:50.923] WARN: txe:top_level_context Could not find function artifact in contract Billboard for function '0x609f9c98' when enriching error callstack
[billboard_test] Testing test_init_rejects_zero_max_save_up ... [0m[32mok[0m
[11:16:53.303] INFO: kv-store:lmdb-v2 Starting data store with maxReaders 2
[11:16:53.304] INFO: world-state:database Creating world state data store at directory /var/folders/ym/q1vh2x5n58xbsmpmvs5_6w3r0000gn/T/aztec-world-state-iXTl6X/world_state with map sizes {"archiveTreeMapSizeKb":10485760,"nullifierTreeMapSizeKb":10485760,"noteHashTreeMapSizeKb":10485760,"messageTreeMapSizeKb":10485760,"publicDataTreeMapSizeKb":10485760} and 12 threads (ephemeral=true).
[11:16:53.317] INFO: txe_node Aztec Node version: txe
[11:16:53.317] INFO: txe_node Aztec Node started on chain 0x1
[11:16:53.334] INFO: txe:top_level_context Created block 1 with timestamp 1789381013
[11:16:53.390] INFO: txe:top_level_context Created block 2 with timestamp 1789381013
[11:16:53.447] INFO: simulator:public-processor Processed 1 successful txs and 0 failed txs (0 silently skipped, 0ms wasted) in 0.008446332999999868s {"blockNumber":3,"successfulCount":1,"failedCount":0,"duration":0.008446332999999868,"rate":14091203.839583622,"totalPublicGas":{"daGas":0,"l2Gas":119019},"totalBlockGas":{"daGas":0,"l2Gas":119019},"totalSizeInBytes":128,"silentlySkippedCount":0,"silentlySkippedDurationMs":0}
[11:16:53.449] WARN: txe:top_level_context Could not find function artifact in contract Billboard for function '0x609f9c98' when enriching error callstack
[billboard_test] Testing test_init_rejects_zero_min_deposit ... [0m[32mok[0m
[11:16:55.907] INFO: kv-store:lmdb-v2 Starting data store with maxReaders 2
[11:16:55.909] INFO: world-state:database Creating world state data store at directory /var/folders/ym/q1vh2x5n58xbsmpmvs5_6w3r0000gn/T/aztec-world-state-msb2kq/world_state with map sizes {"archiveTreeMapSizeKb":10485760,"nullifierTreeMapSizeKb":10485760,"noteHashTreeMapSizeKb":10485760,"messageTreeMapSizeKb":10485760,"publicDataTreeMapSizeKb":10485760} and 12 threads (ephemeral=true).
[11:16:55.926] INFO: txe_node Aztec Node version: txe
[11:16:55.926] INFO: txe_node Aztec Node started on chain 0x1
[11:16:55.945] INFO: txe:top_level_context Created block 1 with timestamp 1789381015
[11:16:56.027] INFO: txe:top_level_context Created block 2 with timestamp 1789381015
[11:16:56.094] INFO: simulator:public-processor Processed 1 successful txs and 0 failed txs (0 silently skipped, 0ms wasted) in 0.011665207999991253s {"blockNumber":3,"successfulCount":1,"failedCount":0,"duration":0.011665207999991253,"rate":10176415.199805181,"totalPublicGas":{"daGas":0,"l2Gas":118710},"totalBlockGas":{"daGas":0,"l2Gas":118710},"totalSizeInBytes":128,"silentlySkippedCount":0,"silentlySkippedDurationMs":0}
[11:16:56.096] WARN: txe:top_level_context Could not find function artifact in contract Billboard for function '0x609f9c98' when enriching error callstack
[billboard_test] Testing test_init_sets_all_parameters ... [0m[32mok[0m
[11:16:58.586] INFO: kv-store:lmdb-v2 Starting data store with maxReaders 2
[11:16:58.587] INFO: world-state:database Creating world state data store at directory /var/folders/ym/q1vh2x5n58xbsmpmvs5_6w3r0000gn/T/aztec-world-state-hxM0xy/world_state with map sizes {"archiveTreeMapSizeKb":10485760,"nullifierTreeMapSizeKb":10485760,"noteHashTreeMapSizeKb":10485760,"messageTreeMapSizeKb":10485760,"publicDataTreeMapSizeKb":10485760} and 12 threads (ephemeral=true).
[11:16:58.604] INFO: txe_node Aztec Node version: txe
[11:16:58.604] INFO: txe_node Aztec Node started on chain 0x1
[11:16:58.622] INFO: txe:top_level_context Created block 1 with timestamp 1789381018
[11:16:58.675] INFO: txe:top_level_context Created block 2 with timestamp 1789381018
[11:16:58.779] INFO: simulator:public-processor Processed 1 successful txs and 0 failed txs (0 silently skipped, 0ms wasted) in 0.05136999999999534s {"blockNumber":3,"successfulCount":1,"failedCount":0,"duration":0.05136999999999534,"rate":42190091.49309318,"totalPublicGas":{"daGas":3776,"l2Gas":2167305},"totalBlockGas":{"daGas":3776,"l2Gas":2167305},"totalSizeInBytes":3904,"silentlySkippedCount":0,"silentlySkippedDurationMs":0}
[11:16:58.834] INFO: simulator:public-processor Processed 1 successful txs and 0 failed txs (0 silently skipped, 0ms wasted) in 0.006286541999987094s {"blockNumber":4,"successfulCount":1,"failedCount":0,"duration":0.006286541999987094,"rate":1254584.7939958393,"totalPublicGas":{"daGas":0,"l2Gas":7887},"totalBlockGas":{"daGas":0,"l2Gas":7887},"totalSizeInBytes":128,"silentlySkippedCount":0,"silentlySkippedDurationMs":0}
[11:16:58.865] INFO: simulator:public-processor Processed 1 successful txs and 0 failed txs (0 silently skipped, 0ms wasted) in 0.006394375000003493s {"blockNumber":4,"successfulCount":1,"failedCount":0,"duration":0.006394375000003493,"rate":1246095.2008594503,"totalPublicGas":{"daGas":0,"l2Gas":7968},"totalBlockGas":{"daGas":0,"l2Gas":7968},"totalSizeInBytes":128,"silentlySkippedCount":0,"silentlySkippedDurationMs":0}
[11:16:58.896] INFO: simulator:public-processor Processed 1 successful txs and 0 failed txs (0 silently skipped, 0ms wasted) in 0.0064454170000099115s {"blockNumber":4,"successfulCount":1,"failedCount":0,"duration":0.0064454170000099115,"rate":1173391.8844953508,"totalPublicGas":{"daGas":0,"l2Gas":7563},"totalBlockGas":{"daGas":0,"l2Gas":7563},"totalSizeInBytes":128,"silentlySkippedCount":0,"silentlySkippedDurationMs":0}
[11:16:58.927] INFO: simulator:public-processor Processed 1 successful txs and 0 failed txs (0 silently skipped, 0ms wasted) in 0.006459000000002561s {"blockNumber":4,"successfulCount":1,"failedCount":0,"duration":0.006459000000002561,"rate":1183464.932651644,"totalPublicGas":{"daGas":0,"l2Gas":7644},"totalBlockGas":{"daGas":0,"l2Gas":7644},"totalSizeInBytes":128,"silentlySkippedCount":0,"silentlySkippedDurationMs":0}
[11:16:58.957] INFO: simulator:public-processor Processed 1 successful txs and 0 failed txs (0 silently skipped, 0ms wasted) in 0.006183292000001529s {"blockNumber":4,"successfulCount":1,"failedCount":0,"duration":0.006183292000001529,"rate":1249334.4968987538,"totalPublicGas":{"daGas":0,"l2Gas":7725},"totalBlockGas":{"daGas":0,"l2Gas":7725},"totalSizeInBytes":128,"silentlySkippedCount":0,"silentlySkippedDurationMs":0}
[11:16:58.988] INFO: simulator:public-processor Processed 1 successful txs and 0 failed txs (0 silently skipped, 0ms wasted) in 0.0063763749999925495s {"blockNumber":4,"successfulCount":1,"failedCount":0,"duration":0.0063763749999925495,"rate":1162102.2916639405,"totalPublicGas":{"daGas":0,"l2Gas":7410},"totalBlockGas":{"daGas":0,"l2Gas":7410},"totalSizeInBytes":128,"silentlySkippedCount":0,"silentlySkippedDurationMs":0}
[11:16:59.018] INFO: simulator:public-processor Processed 1 successful txs and 0 failed txs (0 silently skipped, 0ms wasted) in 0.0063440829999744895s {"blockNumber":4,"successfulCount":1,"failedCount":0,"duration":0.0063440829999744895,"rate":1219088.7162149518,"totalPublicGas":{"daGas":0,"l2Gas":7734},"totalBlockGas":{"daGas":0,"l2Gas":7734},"totalSizeInBytes":128,"silentlySkippedCount":0,"silentlySkippedDurationMs":0}
[11:16:59.049] INFO: simulator:public-processor Processed 1 successful txs and 0 failed txs (0 silently skipped, 0ms wasted) in 0.006152207999984966s {"blockNumber":4,"successfulCount":1,"failedCount":0,"duration":0.006152207999984966,"rate":1137152.7100541946,"totalPublicGas":{"daGas":0,"l2Gas":6996},"totalBlockGas":{"daGas":0,"l2Gas":6996},"totalSizeInBytes":128,"silentlySkippedCount":0,"silentlySkippedDurationMs":0}
[11:16:59.079] INFO: simulator:public-processor Processed 1 successful txs and 0 failed txs (0 silently skipped, 0ms wasted) in 0.006443666999984998s {"blockNumber":4,"successfulCount":1,"failedCount":0,"duration":0.006443666999984998,"rate":1271946.5484512283,"totalPublicGas":{"daGas":0,"l2Gas":8196},"totalBlockGas":{"daGas":0,"l2Gas":8196},"totalSizeInBytes":128,"silentlySkippedCount":0,"silentlySkippedDurationMs":0}
[billboard_test] Testing test_init_sets_empty_policy ... [0m[32mok[0m
[11:17:01.475] INFO: kv-store:lmdb-v2 Starting data store with maxReaders 2
[11:17:01.476] INFO: world-state:database Creating world state data store at directory /var/folders/ym/q1vh2x5n58xbsmpmvs5_6w3r0000gn/T/aztec-world-state-jJRTZw/world_state with map sizes {"archiveTreeMapSizeKb":10485760,"nullifierTreeMapSizeKb":10485760,"noteHashTreeMapSizeKb":10485760,"messageTreeMapSizeKb":10485760,"publicDataTreeMapSizeKb":10485760} and 12 threads (ephemeral=true).
[11:17:01.490] INFO: txe_node Aztec Node version: txe
[11:17:01.490] INFO: txe_node Aztec Node started on chain 0x1
[11:17:01.508] INFO: txe:top_level_context Created block 1 with timestamp 1789381021
[11:17:01.555] INFO: txe:top_level_context Created block 2 with timestamp 1789381021
[11:17:01.647] INFO: simulator:public-processor Processed 1 successful txs and 0 failed txs (0 silently skipped, 0ms wasted) in 0.04133958299999358s {"blockNumber":3,"successfulCount":1,"failedCount":0,"duration":0.04133958299999358,"rate":52426871.35959587,"totalPublicGas":{"daGas":3776,"l2Gas":2167305},"totalBlockGas":{"daGas":3776,"l2Gas":2167305},"totalSizeInBytes":3904,"silentlySkippedCount":0,"silentlySkippedDurationMs":0}
[11:17:01.705] INFO: simulator:public-processor Processed 1 successful txs and 0 failed txs (0 silently skipped, 0ms wasted) in 0.010519166999991284s {"blockNumber":4,"successfulCount":1,"failedCount":0,"duration":0.010519166999991284,"rate":10947444.79292851,"totalPublicGas":{"daGas":0,"l2Gas":115158},"totalBlockGas":{"daGas":0,"l2Gas":115158},"totalSizeInBytes":128,"silentlySkippedCount":0,"silentlySkippedDurationMs":0}
[11:17:04.114] INFO: kv-store:lmdb-v2 Starting data store with maxReaders 2
[11:17:04.115] INFO: world-state:database Creating world state data store at directory /var/folders/ym/q1vh2x5n58xbsmpmvs5_6w3r0000gn/T/aztec-world-state-FQsq2k/world_state with map sizes {"archiveTreeMapSizeKb":10485760,"nullifierTreeMapSizeKb":10485760,"noteHashTreeMapSizeKb":10485760,"messageTreeMapSizeKb":10485760,"publicDataTreeMapSizeKb":10485760} and 12 threads (ephemeral=true).
[11:17:04.128] INFO: txe_node Aztec Node version: txe
[11:17:04.128] INFO: txe_node Aztec Node started on chain 0x1
[11:17:04.146] INFO: txe:top_level_context Created block 1 with timestamp 1789381024
[11:17:04.205] INFO: txe:top_level_context Created block 2 with timestamp 1789381024
[11:17:04.299] INFO: simulator:public-processor Processed 1 successful txs and 0 failed txs (0 silently skipped, 0ms wasted) in 0.04165808399999514s {"blockNumber":3,"successfulCount":1,"failedCount":0,"duration":0.04165808399999514,"rate":52026036.53111489,"totalPublicGas":{"daGas":3776,"l2Gas":2167305},"totalBlockGas":{"daGas":3776,"l2Gas":2167305},"totalSizeInBytes":3904,"silentlySkippedCount":0,"silentlySkippedDurationMs":0}
[11:17:04.357] INFO: simulator:public-processor Processed 1 successful txs and 0 failed txs (0 silently skipped, 0ms wasted) in 0.010542041000007885s {"blockNumber":4,"successfulCount":1,"failedCount":0,"duration":0.010542041000007885,"rate":10923691.152397707,"totalPublicGas":{"daGas":0,"l2Gas":115158},"totalBlockGas":{"daGas":0,"l2Gas":115158},"totalSizeInBytes":128,"silentlySkippedCount":0,"silentlySkippedDurationMs":0}
[billboard_test] Testing test_init_sets_nonempty_policy ... [0m[32mok[0m
[11:17:06.817] INFO: kv-store:lmdb-v2 Starting data store with maxReaders 2
[11:17:06.818] INFO: world-state:database Creating world state data store at directory /var/folders/ym/q1vh2x5n58xbsmpmvs5_6w3r0000gn/T/aztec-world-state-osEWmV/world_state with map sizes {"archiveTreeMapSizeKb":10485760,"nullifierTreeMapSizeKb":10485760,"noteHashTreeMapSizeKb":10485760,"messageTreeMapSizeKb":10485760,"publicDataTreeMapSizeKb":10485760} and 12 threads (ephemeral=true).
[11:17:06.831] INFO: txe_node Aztec Node version: txe
[11:17:06.831] INFO: txe_node Aztec Node started on chain 0x1
[11:17:06.849] INFO: txe:top_level_context Created block 1 with timestamp 1789381026
[11:17:06.901] INFO: txe:top_level_context Created block 2 with timestamp 1789381026
[11:17:06.993] INFO: simulator:public-processor Processed 1 successful txs and 0 failed txs (0 silently skipped, 0ms wasted) in 0.042035083000024315s {"blockNumber":3,"successfulCount":1,"failedCount":0,"duration":0.042035083000024315,"rate":51559431.91544897,"totalPublicGas":{"daGas":3776,"l2Gas":2167305},"totalBlockGas":{"daGas":3776,"l2Gas":2167305},"totalSizeInBytes":3904,"silentlySkippedCount":0,"silentlySkippedDurationMs":0}
[11:17:07.036] INFO: txe:top_level_context Created block 4 with timestamp 1789381026
[11:17:07.290] INFO: simulator:public-processor Processed 1 successful txs and 0 failed txs (0 silently skipped, 0ms wasted) in 0.0055264160000078845s {"blockNumber":5,"successfulCount":1,"failedCount":0,"duration":0.0055264160000078845,"rate":0,"totalPublicGas":{"daGas":0,"l2Gas":0},"totalBlockGas":{"daGas":1984,"l2Gas":529900},"totalSizeInBytes":1984,"silentlySkippedCount":0,"silentlySkippedDurationMs":0}
[11:17:07.333] INFO: txe:top_level_context Created block 6 with timestamp 1789384627
[11:17:08.018] INFO: simulator:public-processor Processed 1 successful txs and 0 failed txs (0 silently skipped, 0ms wasted) in 0.029514374999998837s {"blockNumber":7,"successfulCount":1,"failedCount":0,"duration":0.029514374999998837,"rate":40525980.98384421,"totalPublicGas":{"daGas":2176,"l2Gas":1196099},"totalBlockGas":{"daGas":3552,"l2Gas":1922849},"totalSizeInBytes":3552,"silentlySkippedCount":0,"silentlySkippedDurationMs":0}
[11:17:08.060] INFO: txe:top_level_context Created block 8 with timestamp 1789484627
[11:17:08.780] INFO: simulator:public-processor Processed 1 successful txs and 0 failed txs (0 silently skipped, 0ms wasted) in 0.029292958000005455s {"blockNumber":9,"successfulCount":1,"failedCount":0,"duration":0.029292958000005455,"rate":40832305.15674713,"totalPublicGas":{"daGas":2176,"l2Gas":1196099},"totalBlockGas":{"daGas":3552,"l2Gas":1922849},"totalSizeInBytes":3552,"silentlySkippedCount":0,"silentlySkippedDurationMs":0}
[11:17:08.832] INFO: simulator:public-processor Processed 1 successful txs and 0 failed txs (0 silently skipped, 0ms wasted) in 0.006147417000000132s {"blockNumber":10,"successfulCount":1,"failedCount":0,"duration":0.006147417000000132,"rate":1138038.9519695588,"totalPublicGas":{"daGas":0,"l2Gas":6996},"totalBlockGas":{"daGas":0,"l2Gas":6996},"totalSizeInBytes":128,"silentlySkippedCount":0,"silentlySkippedDurationMs":0}
[11:17:08.851] INFO: txe:top_level_context Created block 10 with timestamp 1789484628
[billboard_test] Testing test_save_up_allows_burst_after_dormancy ... [0m[32mok[0m
[11:17:09.517] INFO: simulator:public-processor Processed 1 successful txs and 0 failed txs (0 silently skipped, 0ms wasted) in 0.02989991700000246s {"blockNumber":11,"successfulCount":1,"failedCount":0,"duration":0.02989991700000246,"rate":40003422.08307473,"totalPublicGas":{"daGas":2176,"l2Gas":1196099},"totalBlockGas":{"daGas":3552,"l2Gas":1922849},"totalSizeInBytes":3552,"silentlySkippedCount":0,"silentlySkippedDurationMs":0}
[11:17:09.570] INFO: simulator:public-processor Processed 1 successful txs and 0 failed txs (0 silently skipped, 0ms wasted) in 0.006164833999995608s {"blockNumber":12,"successfulCount":1,"failedCount":0,"duration":0.006164833999995608,"rate":1134823.743835598,"totalPublicGas":{"daGas":0,"l2Gas":6996},"totalBlockGas":{"daGas":0,"l2Gas":6996},"totalSizeInBytes":128,"silentlySkippedCount":0,"silentlySkippedDurationMs":0}
[11:17:12.019] INFO: kv-store:lmdb-v2 Starting data store with maxReaders 2
[11:17:12.020] INFO: world-state:database Creating world state data store at directory /var/folders/ym/q1vh2x5n58xbsmpmvs5_6w3r0000gn/T/aztec-world-state-ULoChG/world_state with map sizes {"archiveTreeMapSizeKb":10485760,"nullifierTreeMapSizeKb":10485760,"noteHashTreeMapSizeKb":10485760,"messageTreeMapSizeKb":10485760,"publicDataTreeMapSizeKb":10485760} and 12 threads (ephemeral=true).
[11:17:12.033] INFO: txe_node Aztec Node version: txe
[11:17:12.033] INFO: txe_node Aztec Node started on chain 0x1
[11:17:12.050] INFO: txe:top_level_context Created block 1 with timestamp 1789381032
[11:17:12.100] INFO: txe:top_level_context Created block 2 with timestamp 1789381032
[11:17:12.190] INFO: simulator:public-processor Processed 1 successful txs and 0 failed txs (0 silently skipped, 0ms wasted) in 0.04109241700000712s {"blockNumber":3,"successfulCount":1,"failedCount":0,"duration":0.04109241700000712,"rate":52742212.754232116,"totalPublicGas":{"daGas":3776,"l2Gas":2167305},"totalBlockGas":{"daGas":3776,"l2Gas":2167305},"totalSizeInBytes":3904,"silentlySkippedCount":0,"silentlySkippedDurationMs":0}
[11:17:12.232] INFO: txe:top_level_context Created block 4 with timestamp 1789381032
[11:17:12.471] INFO: simulator:public-processor Processed 1 successful txs and 0 failed txs (0 silently skipped, 0ms wasted) in 0.005285582999989856s {"blockNumber":5,"successfulCount":1,"failedCount":0,"duration":0.005285582999989856,"rate":0,"totalPublicGas":{"daGas":0,"l2Gas":0},"totalBlockGas":{"daGas":1984,"l2Gas":529900},"totalSizeInBytes":1984,"silentlySkippedCount":0,"silentlySkippedDurationMs":0}
[11:17:12.512] INFO: txe:top_level_context Created block 6 with timestamp 1789384633
[11:17:13.188] INFO: simulator:public-processor Processed 1 successful txs and 0 failed txs (0 silently skipped, 0ms wasted) in 0.029673415999975986s {"blockNumber":7,"successfulCount":1,"failedCount":0,"duration":0.029673415999975986,"rate":40308773.34786692,"totalPublicGas":{"daGas":2176,"l2Gas":1196099},"totalBlockGas":{"daGas":3552,"l2Gas":1922849},"totalSizeInBytes":3552,"silentlySkippedCount":0,"silentlySkippedDurationMs":0}
[11:17:13.230] INFO: txe:top_level_context Created block 8 with timestamp 1789484633
[11:17:13.259] INFO: txe:top_level_context Created block 9 with timestamp 1789484633
[11:17:13.934] INFO: simulator:public-processor Processed 1 successful txs and 0 failed txs (0 silently skipped, 0ms wasted) in 0.02956829199998174s {"blockNumber":10,"successfulCount":1,"failedCount":0,"duration":0.02956829199998174,"rate":40452082.92723633,"totalPublicGas":{"daGas":2176,"l2Gas":1196099},"totalBlockGas":{"daGas":3552,"l2Gas":1922849},"totalSizeInBytes":3552,"silentlySkippedCount":0,"silentlySkippedDurationMs":0}
[11:17:13.975] INFO: txe:top_level_context Created block 11 with timestamp 1789484634
[11:17:14.642] INFO: simulator:public-processor Processed 1 successful txs and 0 failed txs (0 silently skipped, 0ms wasted) in 0.029044624999980444s {"blockNumber":12,"successfulCount":1,"failedCount":0,"duration":0.029044624999980444,"rate":41181423.41313773,"totalPublicGas":{"daGas":2176,"l2Gas":1196099},"totalBlockGas":{"daGas":3552,"l2Gas":1922849},"totalSizeInBytes":3552,"silentlySkippedCount":0,"silentlySkippedDurationMs":0}
[11:17:14.684] INFO: txe:top_level_context Created block 13 with timestamp 1789484635
[11:17:15.353] INFO: simulator:public-processor Processed 1 successful txs and 0 failed txs (0 silently skipped, 0ms wasted) in 0.029934124999999766s {"blockNumber":14,"successfulCount":1,"failedCount":0,"duration":0.029934124999999766,"rate":39957707.1319108,"totalPublicGas":{"daGas":2176,"l2Gas":1196099},"totalBlockGas":{"daGas":3552,"l2Gas":1922849},"totalSizeInBytes":3552,"silentlySkippedCount":0,"silentlySkippedDurationMs":0}
[11:17:15.396] INFO: txe:top_level_context Created block 15 with timestamp 1789484636
[11:17:16.071] INFO: simulator:public-processor Processed 1 successful txs and 0 failed txs (0 silently skipped, 0ms wasted) in 0.029656958000006853s {"blockNumber":16,"successfulCount":1,"failedCount":0,"duration":0.029656958000006853,"rate":40331142.52647637,"totalPublicGas":{"daGas":2176,"l2Gas":1196099},"totalBlockGas":{"daGas":3552,"l2Gas":1922849},"totalSizeInBytes":3552,"silentlySkippedCount":0,"silentlySkippedDurationMs":0}
[11:17:16.113] INFO: txe:top_level_context Created block 17 with timestamp 1789484637
[11:17:16.785] INFO: simulator:public-processor Processed 1 successful txs and 0 failed txs (0 silently skipped, 0ms wasted) in 0.029502917000005256s {"blockNumber":18,"successfulCount":1,"failedCount":0,"duration":0.029502917000005256,"rate":40541719.99330734,"totalPublicGas":{"daGas":2176,"l2Gas":1196099},"totalBlockGas":{"daGas":3552,"l2Gas":1922849},"totalSizeInBytes":3552,"silentlySkippedCount":0,"silentlySkippedDurationMs":0}
[11:17:16.827] INFO: txe:top_level_context Created block 19 with timestamp 1789484638
[11:17:17.513] INFO: simulator:public-processor Processed 1 successful txs and 0 failed txs (0 silently skipped, 0ms wasted) in 0.029768208999972557s {"blockNumber":20,"successfulCount":1,"failedCount":0,"duration":0.029768208999972557,"rate":40180415.28803774,"totalPublicGas":{"daGas":2176,"l2Gas":1196099},"totalBlockGas":{"daGas":3552,"l2Gas":1922849},"totalSizeInBytes":3552,"silentlySkippedCount":0,"silentlySkippedDurationMs":0}
[11:17:17.555] INFO: txe:top_level_context Created block 21 with timestamp 1789484639
[11:17:18.233] INFO: simulator:public-processor Processed 1 successful txs and 0 failed txs (0 silently skipped, 0ms wasted) in 0.02917587499998626s {"blockNumber":22,"successfulCount":1,"failedCount":0,"duration":0.02917587499998626,"rate":40996165.496341184,"totalPublicGas":{"daGas":2176,"l2Gas":1196099},"totalBlockGas":{"daGas":3552,"l2Gas":1922849},"totalSizeInBytes":3552,"silentlySkippedCount":0,"silentlySkippedDurationMs":0}
[11:17:18.276] INFO: txe:top_level_context Created block 23 with timestamp 1789484640
[11:17:18.950] INFO: simulator:public-processor Processed 1 successful txs and 0 failed txs (0 silently skipped, 0ms wasted) in 0.02943545799999265s {"blockNumber":24,"successfulCount":1,"failedCount":0,"duration":0.02943545799999265,"rate":40634631.87833866,"totalPublicGas":{"daGas":2176,"l2Gas":1196099},"totalBlockGas":{"daGas":3552,"l2Gas":1922849},"totalSizeInBytes":3552,"silentlySkippedCount":0,"silentlySkippedDurationMs":0}
[11:17:18.992] INFO: txe:top_level_context Created block 25 with timestamp 1789484641
[11:17:19.661] INFO: simulator:public-processor Processed 1 successful txs and 0 failed txs (0 silently skipped, 0ms wasted) in 0.029563624999980675s {"blockNumber":26,"successfulCount":1,"failedCount":0,"duration":0.029563624999980675,"rate":40458468.81093851,"totalPublicGas":{"daGas":2176,"l2Gas":1196099},"totalBlockGas":{"daGas":3552,"l2Gas":1922849},"totalSizeInBytes":3552,"silentlySkippedCount":0,"silentlySkippedDurationMs":0}
[11:17:19.703] INFO: txe:top_level_context Created block 27 with timestamp 1789484642
[11:17:20.373] INFO: simulator:public-processor Processed 1 successful txs and 0 failed txs (0 silently skipped, 0ms wasted) in 0.03040708399997675s {"blockNumber":28,"successfulCount":1,"failedCount":0,"duration":0.03040708399997675,"rate":39336195.473427005,"totalPublicGas":{"daGas":2176,"l2Gas":1196099},"totalBlockGas":{"daGas":3552,"l2Gas":1922849},"totalSizeInBytes":3552,"silentlySkippedCount":0,"silentlySkippedDurationMs":0}
[11:17:20.415] INFO: txe:top_level_context Created block 29 with timestamp 1789484643
[11:17:21.085] INFO: simulator:public-processor Processed 1 successful txs and 0 failed txs (0 silently skipped, 0ms wasted) in 0.029579958000016632s {"blockNumber":30,"successfulCount":1,"failedCount":0,"duration":0.029579958000016632,"rate":40436129.08440666,"totalPublicGas":{"daGas":2176,"l2Gas":1196099},"totalBlockGas":{"daGas":3552,"l2Gas":1922849},"totalSizeInBytes":3552,"silentlySkippedCount":0,"silentlySkippedDurationMs":0}
[11:17:21.127] INFO: txe:top_level_context Created block 31 with timestamp 1789484644
[11:17:21.810] INFO: simulator:public-processor Processed 1 successful txs and 0 failed txs (0 silently skipped, 0ms wasted) in 0.02973904099999345s {"blockNumber":32,"successfulCount":1,"failedCount":0,"duration":0.02973904099999345,"rate":40219824.1698602,"totalPublicGas":{"daGas":2176,"l2Gas":1196099},"totalBlockGas":{"daGas":3552,"l2Gas":1922849},"totalSizeInBytes":3552,"silentlySkippedCount":0,"silentlySkippedDurationMs":0}
[11:17:21.856] INFO: txe:top_level_context Created block 33 with timestamp 1789484645
[11:17:22.529] INFO: simulator:public-processor Processed 1 successful txs and 0 failed txs (0 silently skipped, 0ms wasted) in 0.02933370799999102s {"blockNumber":34,"successfulCount":1,"failedCount":0,"duration":0.02933370799999102,"rate":40775581.45735841,"totalPublicGas":{"daGas":2176,"l2Gas":1196099},"totalBlockGas":{"daGas":3552,"l2Gas":1922849},"totalSizeInBytes":3552,"silentlySkippedCount":0,"silentlySkippedDurationMs":0}
[11:17:22.570] INFO: txe:top_level_context Created block 35 with timestamp 1789484646
[11:17:23.236] INFO: simulator:public-processor Processed 1 successful txs and 0 failed txs (0 silently skipped, 0ms wasted) in 0.029540999999997437s {"blockNumber":36,"successfulCount":1,"failedCount":0,"duration":0.029540999999997437,"rate":40489455.33326914,"totalPublicGas":{"daGas":2176,"l2Gas":1196099},"totalBlockGas":{"daGas":3552,"l2Gas":1922849},"totalSizeInBytes":3552,"silentlySkippedCount":0,"silentlySkippedDurationMs":0}
[11:17:23.278] INFO: txe:top_level_context Created block 37 with timestamp 1789484647
[11:17:23.939] INFO: simulator:public-processor Processed 1 successful txs and 0 failed txs (0 silently skipped, 0ms wasted) in 0.0296773749999993s {"blockNumber":38,"successfulCount":1,"failedCount":0,"duration":0.0296773749999993,"rate":40303396.10562013,"totalPublicGas":{"daGas":2176,"l2Gas":1196099},"totalBlockGas":{"daGas":3552,"l2Gas":1922849},"totalSizeInBytes":3552,"silentlySkippedCount":0,"silentlySkippedDurationMs":0}
[11:17:23.981] INFO: txe:top_level_context Created block 39 with timestamp 1789484648
[11:17:24.649] INFO: simulator:public-processor Processed 1 successful txs and 0 failed txs (0 silently skipped, 0ms wasted) in 0.030014666999981274s {"blockNumber":40,"successfulCount":1,"failedCount":0,"duration":0.030014666999981274,"rate":39850483.76517875,"totalPublicGas":{"daGas":2176,"l2Gas":1196099},"totalBlockGas":{"daGas":3552,"l2Gas":1922849},"totalSizeInBytes":3552,"silentlySkippedCount":0,"silentlySkippedDurationMs":0}
[11:17:24.690] INFO: txe:top_level_context Created block 41 with timestamp 1789484649
[11:17:25.358] INFO: simulator:public-processor Processed 1 successful txs and 0 failed txs (0 silently skipped, 0ms wasted) in 0.03001087500000722s {"blockNumber":42,"successfulCount":1,"failedCount":0,"duration":0.03001087500000722,"rate":39855519.04100471,"totalPublicGas":{"daGas":2176,"l2Gas":1196099},"totalBlockGas":{"daGas":3552,"l2Gas":1922849},"totalSizeInBytes":3552,"silentlySkippedCount":0,"silentlySkippedDurationMs":0}
[11:17:25.401] INFO: txe:top_level_context Created block 43 with timestamp 1789484650
[billboard_test] Testing test_save_up_prevents_excessive_burst ... [0m[32mok[0m
[11:17:28.386] INFO: kv-store:lmdb-v2 Starting data store with maxReaders 2
[11:17:28.387] INFO: world-state:database Creating world state data store at directory /var/folders/ym/q1vh2x5n58xbsmpmvs5_6w3r0000gn/T/aztec-world-state-xPjzlK/world_state with map sizes {"archiveTreeMapSizeKb":10485760,"nullifierTreeMapSizeKb":10485760,"noteHashTreeMapSizeKb":10485760,"messageTreeMapSizeKb":10485760,"publicDataTreeMapSizeKb":10485760} and 12 threads (ephemeral=true).
[11:17:28.400] INFO: txe_node Aztec Node version: txe
[11:17:28.400] INFO: txe_node Aztec Node started on chain 0x1
[11:17:28.418] INFO: txe:top_level_context Created block 1 with timestamp 1789381048
[11:17:28.464] INFO: txe:top_level_context Created block 2 with timestamp 1789381048
[11:17:28.552] INFO: simulator:public-processor Processed 1 successful txs and 0 failed txs (0 silently skipped, 0ms wasted) in 0.03906195800000569s {"blockNumber":3,"successfulCount":1,"failedCount":0,"duration":0.03906195800000569,"rate":55483777.848506324,"totalPublicGas":{"daGas":3776,"l2Gas":2167305},"totalBlockGas":{"daGas":3776,"l2Gas":2167305},"totalSizeInBytes":3904,"silentlySkippedCount":0,"silentlySkippedDurationMs":0}
[11:17:28.630] INFO: simulator:public-processor Processed 1 successful txs and 0 failed txs (0 silently skipped, 0ms wasted) in 0.03176579199999105s {"blockNumber":4,"successfulCount":1,"failedCount":0,"duration":0.03176579199999105,"rate":54170977.38348488,"totalPublicGas":{"daGas":3136,"l2Gas":1720784},"totalBlockGas":{"daGas":3136,"l2Gas":1720784},"totalSizeInBytes":3264,"silentlySkippedCount":0,"silentlySkippedDurationMs":0}
[11:17:28.686] INFO: simulator:public-processor Processed 1 successful txs and 0 failed txs (0 silently skipped, 0ms wasted) in 0.00946150000000489s {"blockNumber":5,"successfulCount":1,"failedCount":0,"duration":0.00946150000000489,"rate":12171220.208205938,"totalPublicGas":{"daGas":0,"l2Gas":115158},"totalBlockGas":{"daGas":0,"l2Gas":115158},"totalSizeInBytes":128,"silentlySkippedCount":0,"silentlySkippedDurationMs":0}
[billboard_test] Testing test_set_moderation_policy_by_censor ... [0m[32mok[0m
[billboard_test] Testing test_set_moderation_policy_fails_when_no_censor ... [0m[32mok[0m
[11:17:31.079] INFO: kv-store:lmdb-v2 Starting data store with maxReaders 2
[11:17:31.080] INFO: world-state:database Creating world state data store at directory /var/folders/ym/q1vh2x5n58xbsmpmvs5_6w3r0000gn/T/aztec-world-state-lQofN2/world_state with map sizes {"archiveTreeMapSizeKb":10485760,"nullifierTreeMapSizeKb":10485760,"noteHashTreeMapSizeKb":10485760,"messageTreeMapSizeKb":10485760,"publicDataTreeMapSizeKb":10485760} and 12 threads (ephemeral=true).
[11:17:31.093] INFO: txe_node Aztec Node version: txe
[11:17:31.093] INFO: txe_node Aztec Node started on chain 0x1
[11:17:31.111] INFO: txe:top_level_context Created block 1 with timestamp 1789381051
[11:17:31.155] INFO: txe:top_level_context Created block 2 with timestamp 1789381051
[11:17:31.257] INFO: simulator:public-processor Processed 1 successful txs and 0 failed txs (0 silently skipped, 0ms wasted) in 0.047515125000005355s {"blockNumber":3,"successfulCount":1,"failedCount":0,"duration":0.047515125000005355,"rate":45612949.5607926,"totalPublicGas":{"daGas":3776,"l2Gas":2167305},"totalBlockGas":{"daGas":3776,"l2Gas":2167305},"totalSizeInBytes":3904,"silentlySkippedCount":0,"silentlySkippedDurationMs":0}
[11:17:31.318] INFO: simulator:public-processor Processed 1 successful txs and 0 failed txs (0 silently skipped, 0ms wasted) in 0.007434291999990819s {"blockNumber":4,"successfulCount":1,"failedCount":0,"duration":0.007434291999990819,"rate":5494941.549249135,"totalPublicGas":{"daGas":0,"l2Gas":40851},"totalBlockGas":{"daGas":0,"l2Gas":40851},"totalSizeInBytes":128,"silentlySkippedCount":0,"silentlySkippedDurationMs":0}
[11:17:31.319] WARN: txe:top_level_context Could not find function artifact in contract Billboard for function '0xca42e93e' when enriching error callstack
[11:17:33.777] INFO: kv-store:lmdb-v2 Starting data store with maxReaders 2
[11:17:33.779] INFO: world-state:database Creating world state data store at directory /var/folders/ym/q1vh2x5n58xbsmpmvs5_6w3r0000gn/T/aztec-world-state-YJ7RaU/world_state with map sizes {"archiveTreeMapSizeKb":10485760,"nullifierTreeMapSizeKb":10485760,"noteHashTreeMapSizeKb":10485760,"messageTreeMapSizeKb":10485760,"publicDataTreeMapSizeKb":10485760} and 12 threads (ephemeral=true).
[11:17:33.793] INFO: txe_node Aztec Node version: txe
[11:17:33.793] INFO: txe_node Aztec Node started on chain 0x1
[11:17:33.810] INFO: txe:top_level_context Created block 1 with timestamp 1789381053
[11:17:33.858] INFO: txe:top_level_context Created block 2 with timestamp 1789381053
[11:17:33.949] INFO: simulator:public-processor Processed 1 successful txs and 0 failed txs (0 silently skipped, 0ms wasted) in 0.04176587500001187s {"blockNumber":3,"successfulCount":1,"failedCount":0,"duration":0.04176587500001187,"rate":51891765.70583961,"totalPublicGas":{"daGas":3776,"l2Gas":2167305},"totalBlockGas":{"daGas":3776,"l2Gas":2167305},"totalSizeInBytes":3904,"silentlySkippedCount":0,"silentlySkippedDurationMs":0}
[11:17:34.007] INFO: simulator:public-processor Processed 1 successful txs and 0 failed txs (0 silently skipped, 0ms wasted) in 0.006690167000022484s {"blockNumber":4,"successfulCount":1,"failedCount":0,"duration":0.006690167000022484,"rate":6106125.601926336,"totalPublicGas":{"daGas":0,"l2Gas":40851},"totalBlockGas":{"daGas":0,"l2Gas":40851},"totalSizeInBytes":128,"silentlySkippedCount":0,"silentlySkippedDurationMs":0}
[11:17:34.009] WARN: txe:top_level_context Could not find function artifact in contract Billboard for function '0xca42e93e' when enriching error callstack
[billboard_test] Testing test_set_moderation_policy_rejects_non_censor ... [0m[32mok[0m
[billboard_test] Testing test_set_moderation_policy_rejects_too_long ... [0m[32mok[0m
[11:17:36.393] INFO: kv-store:lmdb-v2 Starting data store with maxReaders 2
[11:17:36.394] INFO: world-state:database Creating world state data store at directory /var/folders/ym/q1vh2x5n58xbsmpmvs5_6w3r0000gn/T/aztec-world-state-BtrFIa/world_state with map sizes {"archiveTreeMapSizeKb":10485760,"nullifierTreeMapSizeKb":10485760,"noteHashTreeMapSizeKb":10485760,"messageTreeMapSizeKb":10485760,"publicDataTreeMapSizeKb":10485760} and 12 threads (ephemeral=true).
[11:17:36.408] INFO: txe_node Aztec Node version: txe
[11:17:36.408] INFO: txe_node Aztec Node started on chain 0x1
[11:17:36.426] INFO: txe:top_level_context Created block 1 with timestamp 1789381056
[11:17:36.473] INFO: txe:top_level_context Created block 2 with timestamp 1789381056
[11:17:36.566] INFO: simulator:public-processor Processed 1 successful txs and 0 failed txs (0 silently skipped, 0ms wasted) in 0.04109200000000419s {"blockNumber":3,"successfulCount":1,"failedCount":0,"duration":0.04109200000000419,"rate":52742747.980136745,"totalPublicGas":{"daGas":3776,"l2Gas":2167305},"totalBlockGas":{"daGas":3776,"l2Gas":2167305},"totalSizeInBytes":3904,"silentlySkippedCount":0,"silentlySkippedDurationMs":0}
[11:17:36.621] INFO: simulator:public-processor Processed 1 successful txs and 0 failed txs (0 silently skipped, 0ms wasted) in 0.0073195000000123404s {"blockNumber":4,"successfulCount":1,"failedCount":0,"duration":0.0073195000000123404,"rate":5593414.850731741,"totalPublicGas":{"daGas":0,"l2Gas":40941},"totalBlockGas":{"daGas":0,"l2Gas":40941},"totalSizeInBytes":128,"silentlySkippedCount":0,"silentlySkippedDurationMs":0}
[11:17:36.622] WARN: txe:top_level_context Could not find function artifact in contract Billboard for function '0xca42e93e' when enriching error callstack
[11:17:38.997] INFO: kv-store:lmdb-v2 Starting data store with maxReaders 2
[11:17:38.998] INFO: world-state:database Creating world state data store at directory /var/folders/ym/q1vh2x5n58xbsmpmvs5_6w3r0000gn/T/aztec-world-state-DmLd9O/world_state with map sizes {"archiveTreeMapSizeKb":10485760,"nullifierTreeMapSizeKb":10485760,"noteHashTreeMapSizeKb":10485760,"messageTreeMapSizeKb":10485760,"publicDataTreeMapSizeKb":10485760} and 12 threads (ephemeral=true).
[11:17:39.011] INFO: txe_node Aztec Node version: txe
[11:17:39.011] INFO: txe_node Aztec Node started on chain 0x1
[11:17:39.029] INFO: txe:top_level_context Created block 1 with timestamp 1789381059
[11:17:39.070] INFO: txe:top_level_context Created block 2 with timestamp 1789381059
[11:17:39.172] INFO: simulator:public-processor Processed 1 successful txs and 0 failed txs (0 silently skipped, 0ms wasted) in 0.04220866599999135s {"blockNumber":3,"successfulCount":1,"failedCount":0,"duration":0.04220866599999135,"rate":51347393.92143888,"totalPublicGas":{"daGas":3776,"l2Gas":2167305},"totalBlockGas":{"daGas":3776,"l2Gas":2167305},"totalSizeInBytes":3904,"silentlySkippedCount":0,"silentlySkippedDurationMs":0}
[11:17:39.235] INFO: simulator:public-processor Processed 1 successful txs and 0 failed txs (0 silently skipped, 0ms wasted) in 0.006518542000005255s {"blockNumber":4,"successfulCount":1,"failedCount":0,"duration":0.006518542000005255,"rate":972456.7242176072,"totalPublicGas":{"daGas":0,"l2Gas":6339},"totalBlockGas":{"daGas":0,"l2Gas":6339},"totalSizeInBytes":128,"silentlySkippedCount":0,"silentlySkippedDurationMs":0}
[11:17:39.237] WARN: txe:top_level_context Could not find function artifact in contract Billboard for function '0xb6932320' when enriching error callstack
[billboard_test] Testing test_transfer_censor_fails_when_no_censor ... [0m[32mok[0m
[billboard_test] Testing test_transfer_censor_old_censor_loses_rights ... [0m[32mok[0m
[11:17:41.615] INFO: kv-store:lmdb-v2 Starting data store with maxReaders 2
[11:17:41.617] INFO: world-state:database Creating world state data store at directory /var/folders/ym/q1vh2x5n58xbsmpmvs5_6w3r0000gn/T/aztec-world-state-h36rsq/world_state with map sizes {"archiveTreeMapSizeKb":10485760,"nullifierTreeMapSizeKb":10485760,"noteHashTreeMapSizeKb":10485760,"messageTreeMapSizeKb":10485760,"publicDataTreeMapSizeKb":10485760} and 12 threads (ephemeral=true).
[11:17:41.630] INFO: txe_node Aztec Node version: txe
[11:17:41.630] INFO: txe_node Aztec Node started on chain 0x1
[11:17:41.648] INFO: txe:top_level_context Created block 1 with timestamp 1789381061
[11:17:41.695] INFO: txe:top_level_context Created block 2 with timestamp 1789381061
[11:17:41.786] INFO: simulator:public-processor Processed 1 successful txs and 0 failed txs (0 silently skipped, 0ms wasted) in 0.04137270800000988s {"blockNumber":3,"successfulCount":1,"failedCount":0,"duration":0.04137270800000988,"rate":52384895.85935449,"totalPublicGas":{"daGas":3776,"l2Gas":2167305},"totalBlockGas":{"daGas":3776,"l2Gas":2167305},"totalSizeInBytes":3904,"silentlySkippedCount":0,"silentlySkippedDurationMs":0}
[11:17:41.849] INFO: simulator:public-processor Processed 1 successful txs and 0 failed txs (0 silently skipped, 0ms wasted) in 0.0070741669999843s {"blockNumber":4,"successfulCount":1,"failedCount":0,"duration":0.0070741669999843,"rate":5610413.211914291,"totalPublicGas":{"daGas":64,"l2Gas":39689},"totalBlockGas":{"daGas":64,"l2Gas":39689},"totalSizeInBytes":192,"silentlySkippedCount":0,"silentlySkippedDurationMs":0}
[11:17:41.903] INFO: simulator:public-processor Processed 1 successful txs and 0 failed txs (0 silently skipped, 0ms wasted) in 0.00818558399999165s {"blockNumber":5,"successfulCount":1,"failedCount":0,"duration":0.00818558399999165,"rate":774410.2314515942,"totalPublicGas":{"daGas":0,"l2Gas":6339},"totalBlockGas":{"daGas":0,"l2Gas":6339},"totalSizeInBytes":128,"silentlySkippedCount":0,"silentlySkippedDurationMs":0}
[11:17:41.905] WARN: txe:top_level_context Could not find function artifact in contract Billboard for function '0xb6932320' when enriching error callstack
[11:17:44.295] INFO: kv-store:lmdb-v2 Starting data store with maxReaders 2
[11:17:44.296] INFO: world-state:database Creating world state data store at directory /var/folders/ym/q1vh2x5n58xbsmpmvs5_6w3r0000gn/T/aztec-world-state-dKg7fo/world_state with map sizes {"archiveTreeMapSizeKb":10485760,"nullifierTreeMapSizeKb":10485760,"noteHashTreeMapSizeKb":10485760,"messageTreeMapSizeKb":10485760,"publicDataTreeMapSizeKb":10485760} and 12 threads (ephemeral=true).
[11:17:44.309] INFO: txe_node Aztec Node version: txe
[11:17:44.309] INFO: txe_node Aztec Node started on chain 0x1
[11:17:44.327] INFO: txe:top_level_context Created block 1 with timestamp 1789381064
[11:17:44.374] INFO: txe:top_level_context Created block 2 with timestamp 1789381064
[11:17:44.467] INFO: simulator:public-processor Processed 1 successful txs and 0 failed txs (0 silently skipped, 0ms wasted) in 0.04201033399999142s {"blockNumber":3,"successfulCount":1,"failedCount":0,"duration":0.04201033399999142,"rate":51589806.45096615,"totalPublicGas":{"daGas":3776,"l2Gas":2167305},"totalBlockGas":{"daGas":3776,"l2Gas":2167305},"totalSizeInBytes":3904,"silentlySkippedCount":0,"silentlySkippedDurationMs":0}
[11:17:44.530] INFO: simulator:public-processor Processed 1 successful txs and 0 failed txs (0 silently skipped, 0ms wasted) in 0.006432208000012906s {"blockNumber":4,"successfulCount":1,"failedCount":0,"duration":0.006432208000012906,"rate":985509.1750744504,"totalPublicGas":{"daGas":0,"l2Gas":6339},"totalBlockGas":{"daGas":0,"l2Gas":6339},"totalSizeInBytes":128,"silentlySkippedCount":0,"silentlySkippedDurationMs":0}
[11:17:44.531] WARN: txe:top_level_context Could not find function artifact in contract Billboard for function '0xb6932320' when enriching error callstack
[billboard_test] Testing test_transfer_censor_rejects_non_censor ... [0m[32mok[0m
[billboard_test] Testing test_transfer_censor_rejects_zero_address ... [0m[32mok[0m
[11:17:46.894] INFO: kv-store:lmdb-v2 Starting data store with maxReaders 2
[11:17:46.896] INFO: world-state:database Creating world state data store at directory /var/folders/ym/q1vh2x5n58xbsmpmvs5_6w3r0000gn/T/aztec-world-state-yGuxzX/world_state with map sizes {"archiveTreeMapSizeKb":10485760,"nullifierTreeMapSizeKb":10485760,"noteHashTreeMapSizeKb":10485760,"messageTreeMapSizeKb":10485760,"publicDataTreeMapSizeKb":10485760} and 12 threads (ephemeral=true).
[11:17:46.909] INFO: txe_node Aztec Node version: txe
[11:17:46.909] INFO: txe_node Aztec Node started on chain 0x1
[11:17:46.927] INFO: txe:top_level_context Created block 1 with timestamp 1789381066
[11:17:46.974] INFO: txe:top_level_context Created block 2 with timestamp 1789381066
[11:17:47.067] INFO: simulator:public-processor Processed 1 successful txs and 0 failed txs (0 silently skipped, 0ms wasted) in 0.04184929199999897s {"blockNumber":3,"successfulCount":1,"failedCount":0,"duration":0.04184929199999897,"rate":51788331.32947753,"totalPublicGas":{"daGas":3776,"l2Gas":2167305},"totalBlockGas":{"daGas":3776,"l2Gas":2167305},"totalSizeInBytes":3904,"silentlySkippedCount":0,"silentlySkippedDurationMs":0}
[11:17:47.121] INFO: simulator:public-processor Processed 1 successful txs and 0 failed txs (0 silently skipped, 0ms wasted) in 0.0065744579999882265s {"blockNumber":4,"successfulCount":1,"failedCount":0,"duration":0.0065744579999882265,"rate":973312.1726553671,"totalPublicGas":{"daGas":0,"l2Gas":6399},"totalBlockGas":{"daGas":0,"l2Gas":6399},"totalSizeInBytes":128,"silentlySkippedCount":0,"silentlySkippedDurationMs":0}
[11:17:47.123] WARN: txe:top_level_context Could not find function artifact in contract Billboard for function '0xb6932320' when enriching error callstack
[11:17:49.502] INFO: kv-store:lmdb-v2 Starting data store with maxReaders 2
[11:17:49.503] INFO: world-state:database Creating world state data store at directory /var/folders/ym/q1vh2x5n58xbsmpmvs5_6w3r0000gn/T/aztec-world-state-EtDEDt/world_state with map sizes {"archiveTreeMapSizeKb":10485760,"nullifierTreeMapSizeKb":10485760,"noteHashTreeMapSizeKb":10485760,"messageTreeMapSizeKb":10485760,"publicDataTreeMapSizeKb":10485760} and 12 threads (ephemeral=true).
[11:17:49.517] INFO: txe_node Aztec Node version: txe
[11:17:49.517] INFO: txe_node Aztec Node started on chain 0x1
[11:17:49.535] INFO: txe:top_level_context Created block 1 with timestamp 1789381069
[11:17:49.582] INFO: txe:top_level_context Created block 2 with timestamp 1789381069
[11:17:49.679] INFO: simulator:public-processor Processed 1 successful txs and 0 failed txs (0 silently skipped, 0ms wasted) in 0.045855374999984634s {"blockNumber":3,"successfulCount":1,"failedCount":0,"duration":0.045855374999984634,"rate":47263924.89431667,"totalPublicGas":{"daGas":3776,"l2Gas":2167305},"totalBlockGas":{"daGas":3776,"l2Gas":2167305},"totalSizeInBytes":3904,"silentlySkippedCount":0,"silentlySkippedDurationMs":0}
[11:17:49.737] INFO: simulator:public-processor Processed 1 successful txs and 0 failed txs (0 silently skipped, 0ms wasted) in 0.006908541999990121s {"blockNumber":4,"successfulCount":1,"failedCount":0,"duration":0.006908541999990121,"rate":5744916.94485707,"totalPublicGas":{"daGas":64,"l2Gas":39689},"totalBlockGas":{"daGas":64,"l2Gas":39689},"totalSizeInBytes":192,"silentlySkippedCount":0,"silentlySkippedDurationMs":0}
[11:17:49.789] INFO: simulator:public-processor Processed 1 successful txs and 0 failed txs (0 silently skipped, 0ms wasted) in 0.006146500000002561s {"blockNumber":5,"successfulCount":1,"failedCount":0,"duration":0.006146500000002561,"rate":1205564.1421942427,"totalPublicGas":{"daGas":0,"l2Gas":7410},"totalBlockGas":{"daGas":0,"l2Gas":7410},"totalSizeInBytes":128,"silentlySkippedCount":0,"silentlySkippedDurationMs":0}
[billboard_test] Testing test_transfer_censor_success ... [0m[32mok[0m
[billboard_test] Testing test_withdraw_msg_hash_deterministic ... [0m[32mok[0m
[billboard_test] Testing test_withdraw_msg_hash_differs_from_deposit_hash ... [0m[32mok[0m
[billboard_test] Testing test_withdraw_no_posts_too_early ... [0m[32mok[0m
[11:17:56.908] INFO: kv-store:lmdb-v2 Starting data store with maxReaders 2
[11:17:56.909] INFO: world-state:database Creating world state data store at directory /var/folders/ym/q1vh2x5n58xbsmpmvs5_6w3r0000gn/T/aztec-world-state-T6Gwor/world_state with map sizes {"archiveTreeMapSizeKb":10485760,"nullifierTreeMapSizeKb":10485760,"noteHashTreeMapSizeKb":10485760,"messageTreeMapSizeKb":10485760,"publicDataTreeMapSizeKb":10485760} and 12 threads (ephemeral=true).
[11:17:56.922] INFO: txe_node Aztec Node version: txe
[11:17:56.922] INFO: txe_node Aztec Node started on chain 0x1
[11:17:56.940] INFO: txe:top_level_context Created block 1 with timestamp 1789381076
[11:17:56.989] INFO: txe:top_level_context Created block 2 with timestamp 1789381076
[11:17:57.079] INFO: simulator:public-processor Processed 1 successful txs and 0 failed txs (0 silently skipped, 0ms wasted) in 0.04200070800000685s {"blockNumber":3,"successfulCount":1,"failedCount":0,"duration":0.04200070800000685,"rate":51601630.14394058,"totalPublicGas":{"daGas":3776,"l2Gas":2167305},"totalBlockGas":{"daGas":3776,"l2Gas":2167305},"totalSizeInBytes":3904,"silentlySkippedCount":0,"silentlySkippedDurationMs":0}
[11:17:57.121] INFO: txe:top_level_context Created block 4 with timestamp 1789381076
[11:17:57.380] INFO: simulator:public-processor Processed 1 successful txs and 0 failed txs (0 silently skipped, 0ms wasted) in 0.005748083000013139s {"blockNumber":5,"successfulCount":1,"failedCount":0,"duration":0.005748083000013139,"rate":0,"totalPublicGas":{"daGas":0,"l2Gas":0},"totalBlockGas":{"daGas":1984,"l2Gas":529900},"totalSizeInBytes":1984,"silentlySkippedCount":0,"silentlySkippedDurationMs":0}
[11:17:57.422] INFO: txe:top_level_context Created block 6 with timestamp 1789381176
[11:18:00.120] INFO: kv-store:lmdb-v2 Starting data store with maxReaders 2
[11:18:00.122] INFO: world-state:database Creating world state data store at directory /var/folders/ym/q1vh2x5n58xbsmpmvs5_6w3r0000gn/T/aztec-world-state-ikAvZA/world_state with map sizes {"archiveTreeMapSizeKb":10485760,"nullifierTreeMapSizeKb":10485760,"noteHashTreeMapSizeKb":10485760,"messageTreeMapSizeKb":10485760,"publicDataTreeMapSizeKb":10485760} and 12 threads (ephemeral=true).
[11:18:00.139] INFO: txe_node Aztec Node version: txe
[11:18:00.139] INFO: txe_node Aztec Node started on chain 0x1
[11:18:00.156] INFO: txe:top_level_context Created block 1 with timestamp 1789381080
[11:18:00.210] INFO: txe:top_level_context Created block 2 with timestamp 1789381080
[11:18:00.304] INFO: simulator:public-processor Processed 1 successful txs and 0 failed txs (0 silently skipped, 0ms wasted) in 0.04212487499997951s {"blockNumber":3,"successfulCount":1,"failedCount":0,"duration":0.04212487499997951,"rate":51449529.52385151,"totalPublicGas":{"daGas":3776,"l2Gas":2167305},"totalBlockGas":{"daGas":3776,"l2Gas":2167305},"totalSizeInBytes":3904,"silentlySkippedCount":0,"silentlySkippedDurationMs":0}
[11:18:00.484] INFO: simulator:public-processor Processed 1 successful txs and 0 failed txs (0 silently skipped, 0ms wasted) in 0.007360375000018394s {"blockNumber":4,"successfulCount":1,"failedCount":0,"duration":0.007360375000018394,"rate":9502640.830097001,"totalPublicGas":{"daGas":128,"l2Gas":69943},"totalBlockGas":{"daGas":256,"l2Gas":660743},"totalSizeInBytes":256,"silentlySkippedCount":0,"silentlySkippedDurationMs":0}
[11:18:00.529] INFO: txe:top_level_context Created block 5 with timestamp 1789381080
[11:18:00.784] INFO: simulator:public-processor Processed 1 successful txs and 0 failed txs (0 silently skipped, 0ms wasted) in 0.005521124999999302s {"blockNumber":6,"successfulCount":1,"failedCount":0,"duration":0.005521124999999302,"rate":0,"totalPublicGas":{"daGas":0,"l2Gas":0},"totalBlockGas":{"daGas":1984,"l2Gas":529900},"totalSizeInBytes":1984,"silentlySkippedCount":0,"silentlySkippedDurationMs":0}
[11:18:00.826] INFO: txe:top_level_context Created block 7 with timestamp 1789384681
[11:18:01.540] INFO: simulator:public-processor Processed 1 successful txs and 0 failed txs (0 silently skipped, 0ms wasted) in 0.03340220800001407s {"blockNumber":8,"successfulCount":1,"failedCount":0,"duration":0.03340220800001407,"rate":35808980.053040095,"totalPublicGas":{"daGas":2176,"l2Gas":1196099},"totalBlockGas":{"daGas":3552,"l2Gas":1922849},"totalSizeInBytes":3552,"silentlySkippedCount":0,"silentlySkippedDurationMs":0}
[11:18:01.582] INFO: txe:top_level_context Created block 9 with timestamp 1789388282
[11:18:02.254] INFO: simulator:public-processor Processed 1 successful txs and 0 failed txs (0 silently skipped, 0ms wasted) in 0.011294125000014902s {"blockNumber":10,"successfulCount":1,"failedCount":0,"duration":0.011294125000014902,"rate":8435801.799597073,"totalPublicGas":{"daGas":128,"l2Gas":95275},"totalBlockGas":{"daGas":1504,"l2Gas":822025},"totalSizeInBytes":1504,"silentlySkippedCount":0,"silentlySkippedDurationMs":0}
[11:18:02.831] INFO: simulator:public-processor Processed 1 successful txs and 0 failed txs (0 silently skipped, 0ms wasted) in 0.006648374999989755s {"blockNumber":11,"successfulCount":1,"failedCount":0,"duration":0.006648374999989755,"rate":1421550.3788541656,"totalPublicGas":{"daGas":32,"l2Gas":9451},"totalBlockGas":{"daGas":192,"l2Gas":631051},"totalSizeInBytes":192,"silentlySkippedCount":0,"silentlySkippedDurationMs":0}
[billboard_test] Testing test_withdraw_succeeds_after_dummy_post ... [0m[32mok[0m
[11:18:05.957] INFO: kv-store:lmdb-v2 Starting data store with maxReaders 2
[11:18:05.958] INFO: world-state:database Creating world state data store at directory /var/folders/ym/q1vh2x5n58xbsmpmvs5_6w3r0000gn/T/aztec-world-state-Iq0Wqj/world_state with map sizes {"archiveTreeMapSizeKb":10485760,"nullifierTreeMapSizeKb":10485760,"noteHashTreeMapSizeKb":10485760,"messageTreeMapSizeKb":10485760,"publicDataTreeMapSizeKb":10485760} and 12 threads (ephemeral=true).
[11:18:05.972] INFO: txe_node Aztec Node version: txe
[11:18:05.972] INFO: txe_node Aztec Node started on chain 0x1
[11:18:05.990] INFO: txe:top_level_context Created block 1 with timestamp 1789381085
[11:18:06.041] INFO: txe:top_level_context Created block 2 with timestamp 1789381085
[11:18:06.134] INFO: simulator:public-processor Processed 1 successful txs and 0 failed txs (0 silently skipped, 0ms wasted) in 0.04229145900002913s {"blockNumber":3,"successfulCount":1,"failedCount":0,"duration":0.04229145900002913,"rate":51246872.32943434,"totalPublicGas":{"daGas":3776,"l2Gas":2167305},"totalBlockGas":{"daGas":3776,"l2Gas":2167305},"totalSizeInBytes":3904,"silentlySkippedCount":0,"silentlySkippedDurationMs":0}
[11:18:06.175] INFO: txe:top_level_context Created block 4 with timestamp 1789381085
[11:18:06.417] INFO: simulator:public-processor Processed 1 successful txs and 0 failed txs (0 silently skipped, 0ms wasted) in 0.005256624999979977s {"blockNumber":5,"successfulCount":1,"failedCount":0,"duration":0.005256624999979977,"rate":0,"totalPublicGas":{"daGas":0,"l2Gas":0},"totalBlockGas":{"daGas":1984,"l2Gas":529900},"totalSizeInBytes":1984,"silentlySkippedCount":0,"silentlySkippedDurationMs":0}
[11:18:06.459] INFO: txe:top_level_context Created block 6 with timestamp 1789384686
[billboard_test] Testing test_withdraw_unscreened_real_posts ... [0m[32mok[0m
[billboard_test] [0m[32m62 tests passed[0m
[11:18:07.143] INFO: simulator:public-processor Processed 1 successful txs and 0 failed txs (0 silently skipped, 0ms wasted) in 0.02977154200000223s {"blockNumber":7,"successfulCount":1,"failedCount":0,"duration":0.02977154200000223,"rate":40175916.988105975,"totalPublicGas":{"daGas":2176,"l2Gas":1196099},"totalBlockGas":{"daGas":3552,"l2Gas":1922849},"totalSizeInBytes":3552,"silentlySkippedCount":0,"silentlySkippedDurationMs":0}
[11:18:07.422] INFO: txe:rpc Received SIGTERM.
