{
  "schemaVersion": 1,
  "profile": "operator",
  "packages": [
    {
      "name": "@adraffy/ens-normalize",
      "version": "1.11.1",
      "path": "node_modules/@adraffy/ens-normalize"
    },
    {
      "name": "aes-js",
      "version": "4.0.0-beta.5",
      "path": "node_modules/aes-js"
    },
    {
      "name": "ethers",
      "version": "6.17.0",
      "path": "node_modules/ethers"
    },
    {
      "name": "@noble/curves",
      "version": "1.2.0",
      "path": "node_modules/ethers/node_modules/@noble/curves"
    },
    {
      "name": "@noble/hashes",
      "version": "1.3.2",
      "path": "node_modules/ethers/node_modules/@noble/hashes"
    },
    {
      "name": "tslib",
      "version": "2.7.0",
      "path": "node_modules/ethers/node_modules/tslib"
    },
    {
      "name": "fake-indexeddb",
      "version": "6.2.5",
      "path": "node_modules/fake-indexeddb"
    },
    {
      "name": "ws",
      "version": "8.21.0",
      "path": "node_modules/ws"
    }
  ],
  "files": [
    {
      "path": ".build/sdk/acvm_js_bg.wasm",
      "bytes": 3635712,
      "sha256": "bcd66e862a95a57f7f2ae3cb97e24d007d2ad710ac7490262c3c92a5b823775d",
      "executable": false
    },
    {
      "path": ".build/sdk/aztec_bundle.js",
      "bytes": 51981586,
      "sha256": "4ded72f210ad7dff01ab7c8391cfc2457b109cea8b9396eb679ec023b4787bcd",
      "executable": false
    },
    {
      "path": ".build/sdk/bb-main.worker.js",
      "bytes": 22772,
      "sha256": "568e68dd87fc2bd1cb945422f7a52aa442c661f2c9bb7156307f01d25edce564",
      "executable": false
    },
    {
      "path": ".build/sdk/bb-thread.worker.js",
      "bytes": 15377,
      "sha256": "f06a7e630a5d1e3d13353c2c89d3646c19b5a731f0055e49af17c499deae0086",
      "executable": false
    },
    {
      "path": ".build/sdk/noirc_abi_wasm_bg.wasm",
      "bytes": 816848,
      "sha256": "2cbd4bb57d2cd47e8e14fb78ddf597b6b6d5f0cf7717c54692242967786bf334",
      "executable": false
    },
    {
      "path": ".build/sdk/sdk-manifest.json",
      "bytes": 216310,
      "sha256": "a254ec279defb7408bc0fd1cceb3080d976be98c619e1883a956eecf936615e8",
      "executable": false
    },
    {
      "path": ".build/sdk/sqlite.worker.js",
      "bytes": 476347,
      "sha256": "e7e1a1a13817cabdcfbb6b190ff6541dc20e0227e2e0f95238fa52af6e10d95c",
      "executable": false
    },
    {
      "path": ".build/sdk/sqlite3-opfs-async-proxy.js",
      "bytes": 24541,
      "sha256": "4ea2bcbd715b0d56089fc871ea241f8c5985d8669d1ddecaab4d56a8da806ce9",
      "executable": false
    },
    {
      "path": ".build/sdk/sqlite3.wasm",
      "bytes": 1058719,
      "sha256": "e7600bc6d59b1459362c8c2d4686f733e26d58041b3cdc599929661ecfeb21ae",
      "executable": false
    },
    {
      "path": "apps/dist/crs/g1_uncompressed.dat",
      "bytes": 75497472,
      "sha256": "2aefa0bc53704a61d887ff316d56b6f8bed968859b8b894c3677f11797779dac",
      "executable": false
    },
    {
      "path": "apps/dist/crs/g1.dat",
      "bytes": 37748736,
      "sha256": "8d6fb7829bcfbfeaf02a79104539bfd3777a328ec46d3331e37effca2ee1b416",
      "executable": false
    },
    {
      "path": "apps/dist/crs/g2.dat",
      "bytes": 128,
      "sha256": "01797bfc4de5a96f0e516a9ea4537d18786dc30cb991aca4274c95822b69c32f",
      "executable": false
    },
    {
      "path": "apps/dist/crs/grumpkin_g1.dat",
      "bytes": 4194368,
      "sha256": "b4988c0ae3dd058b781045aeb70000d7b7fb5ffe557ed4f81c64b437c39a61c9",
      "executable": false
    },
    {
      "path": "apps/dist/public-feed-metadata.json",
      "bytes": 2214,
      "sha256": "b252099056f947d9c161da850f0b78161d940579931834e9e1becc100e489559",
      "executable": false
    },
    {
      "path": "apps/src/billboard/deploy/billboard_artifact.json",
      "bytes": 5446646,
      "sha256": "50009f964ca8496c645e8bbb4d9a3b18621c9b26a7a2c7376e4f33c3b7e53696",
      "executable": false
    },
    {
      "path": "apps/src/billboard/deploy/cli.mjs",
      "bytes": 19821,
      "sha256": "e40a0b7f176027c355adf10b7b79190142762dc257ce11dfd17d62a97795b2f9",
      "executable": false
    },
    {
      "path": "apps/src/billboard/deploy/engine.js",
      "bytes": 39099,
      "sha256": "52bd58fc1c4a53baff1c7d87280179a5f4bdc5e6279ae04a4d88f638a7d916ef",
      "executable": false
    },
    {
      "path": "apps/src/billboard/deploy/portal_bytecode.txt",
      "bytes": 12761,
      "sha256": "deee4cff684948e1d6469b8432f122c2290678f4f83f6d8ba573a350baedf5cb",
      "executable": false
    },
    {
      "path": "apps/src/billboard/private_fee_artifact.json",
      "bytes": 2376908,
      "sha256": "fbb13295be38ed5672447b8b132357c36eb08c8f85dd5d4e2f9c01a0adec1c8f",
      "executable": false
    },
    {
      "path": "apps/src/billboard/user/claim-secret-store.mjs",
      "bytes": 7966,
      "sha256": "fbe502ff4f94ee348c1ee3c1cab4b9673007e562f55ec269cc936bdf99b8e225",
      "executable": false
    },
    {
      "path": "apps/src/billboard/user/cli.mjs",
      "bytes": 32828,
      "sha256": "0abffc4419d626dc5a1aa81a420b8aa40d21222201895ff390cce97d96801db5",
      "executable": false
    },
    {
      "path": "apps/src/billboard/user/engine.js",
      "bytes": 130111,
      "sha256": "363fc88e2dde62978c81703f916b22c26a670deb544651874037f2c696b63741",
      "executable": false
    },
    {
      "path": "apps/src/billboard/user/pxe-cache.cjs",
      "bytes": 9366,
      "sha256": "a3bf7767939afbaa0d88427f058f23f9856d677e399b96be88e2d8f6b6fe08b9",
      "executable": false
    },
    {
      "path": "apps/src/billboard/user/recovery-cli.mjs",
      "bytes": 4407,
      "sha256": "73496ddd01a437dbe54a6211f75c795c2ec05b2279b3b4b89d9fbc6160d289c6",
      "executable": false
    },
    {
      "path": "apps/src/billboard/user/recovery-file.mjs",
      "bytes": 9528995,
      "sha256": "32951f4e68f0908b13919ce3e75ae7d1c504fb53affbe3c645c580a35d70b488",
      "executable": false
    },
    {
      "path": "apps/src/billboard/user/transaction-journal-store.mjs",
      "bytes": 2151,
      "sha256": "abb9af112709a4e4ed3197de86ef058a4b06e3c63b1588861f6411b1629c443a",
      "executable": false
    },
    {
      "path": "apps/src/billboard/user/wallet-inputs.mjs",
      "bytes": 3026,
      "sha256": "64b71e7992f27fd24e864b261c44cf808ac1cc04875a7cebbf19d414c92283b3",
      "executable": false
    },
    {
      "path": "censor-daemon/daemon.mjs",
      "bytes": 9587,
      "sha256": "ae815516503b21424d548af89695a65aa8e9f687d94ff2cbb650f5b9c54cb81a",
      "executable": false
    },
    {
      "path": "censor-daemon/feed-health.mjs",
      "bytes": 2236,
      "sha256": "8b1eb07ecbaf9c15452d36e765d4515a99f1326624b4a1715deeb743d277fbb2",
      "executable": false
    },
    {
      "path": "censor-daemon/flag-outcome.mjs",
      "bytes": 1772,
      "sha256": "4dfe6408fd240af9ba02851070b447c56362c002066b308a49818cf35522b682",
      "executable": false
    },
    {
      "path": "censor-daemon/health.mjs",
      "bytes": 4652,
      "sha256": "21b126f6e11f5e778ffd593d37a2e8611eb0b06272a8bbd680cf27f9c98ba72c",
      "executable": false
    },
    {
      "path": "censor-daemon/job-store.mjs",
      "bytes": 19962,
      "sha256": "257900483900afe0c2131d8f097d75fc45f95913c49c705273201e34b6b48f58",
      "executable": false
    },
    {
      "path": "censor-daemon/model-runtime-proxy.cjs",
      "bytes": 2622,
      "sha256": "82419a64b28b7115f10ee24fc81167dd093b724d10b9497b6ace14d70535201e",
      "executable": false
    },
    {
      "path": "censor-daemon/model-runtime.mjs",
      "bytes": 13703,
      "sha256": "f7663e839c821cfc752805264dc660268b69a68dae76e0986789c96713c0fab0",
      "executable": false
    },
    {
      "path": "censor-daemon/model-version.mjs",
      "bytes": 1122,
      "sha256": "e8cca70ef7424b6371f5a23eb315d8fe37d31e7bf9e990affaf78aff31577b7d",
      "executable": false
    },
    {
      "path": "censor-daemon/moderation.mjs",
      "bytes": 8177,
      "sha256": "1bfe8f562d1db0a0ac7627ee3b622f52b40524356c2a2697e36116498e6041dc",
      "executable": false
    },
    {
      "path": "censor-daemon/prompt-template.json",
      "bytes": 835,
      "sha256": "a73ccbcb3cdd57d9c17f7afd7db6163e74f84d2e1657f9e71bdb4be0f49e1d44",
      "executable": false
    },
    {
      "path": "censor-daemon/runtime-configuration.mjs",
      "bytes": 759,
      "sha256": "25b77c3ddb7d14d90593ace60f4d22c762efb6b82565658fdf856e092768a1da",
      "executable": false
    },
    {
      "path": "censor-daemon/runtime-identity.mjs",
      "bytes": 1720,
      "sha256": "846553d06b259914a6f3035f3d3398df5c277e319621adc094ea12a37c7c8e19",
      "executable": false
    },
    {
      "path": "censor-daemon/signer.mjs",
      "bytes": 11349,
      "sha256": "3a2a882894d0a2c595d997cc3e784d00f49a902ec56ab05dfde54e2cd1664ae1",
      "executable": false
    },
    {
      "path": "censor-daemon/worker.mjs",
      "bytes": 8731,
      "sha256": "0db6896ddbbd63d7eeb0e998a3e26da562112b456cf5e0f55d4efb23bc24ae52",
      "executable": false
    },
    {
      "path": "crs-manifest.json",
      "bytes": 2718,
      "sha256": "4927de3e03d69f4e640a841f9421dd0b93819b5e3d42c142d12ee079d5a402be",
      "executable": false
    },
    {
      "path": "deploy/operations-monitor.mjs",
      "bytes": 7563,
      "sha256": "49b8320c83f4a3615474d370b16077f4ba7ad83aa029162ded5e189d96195e9e",
      "executable": false
    },
    {
      "path": "node_modules/@adraffy/ens-normalize/dist/all.js",
      "bytes": 74725,
      "sha256": "1cc83d26c3e212cda3f666937f7702441baea4d7bf4cb7bb403dbc40fc39512b",
      "executable": false
    },
    {
      "path": "node_modules/@adraffy/ens-normalize/dist/all.min.js",
      "bytes": 44110,
      "sha256": "d681b6caae6989a6e0097f196166ebd05b39c1644a86ee2a24c0f6988c473407",
      "executable": false
    },
    {
      "path": "node_modules/@adraffy/ens-normalize/dist/index-xnf.cjs",
      "bytes": 54349,
      "sha256": "5d951ee1073f8da1531d00562c5f57ae28b18e4eb0da68a705db85d6ccea61ed",
      "executable": false
    },
    {
      "path": "node_modules/@adraffy/ens-normalize/dist/index-xnf.d.cts",
      "bytes": 1569,
      "sha256": "9f1a149181f8dd6f10e73458849d7f5adaaa6a41c8f415b7373bfdf0fcd74df4",
      "executable": true
    },
    {
      "path": "node_modules/@adraffy/ens-normalize/dist/index-xnf.d.mts",
      "bytes": 1569,
      "sha256": "9f1a149181f8dd6f10e73458849d7f5adaaa6a41c8f415b7373bfdf0fcd74df4",
      "executable": true
    },
    {
      "path": "node_modules/@adraffy/ens-normalize/dist/index-xnf.min.js",
      "bytes": 29286,
      "sha256": "3df6e95b738bc44a05b90601a33856cba7dc664bd34aa89e1402c761b942a0d6",
      "executable": false
    },
    {
      "path": "node_modules/@adraffy/ens-normalize/dist/index-xnf.mjs",
      "bytes": 54094,
      "sha256": "e76f29e4cd9e6ec43d93ea1c998fa1771f4343502d91c8ba83640ee880779842",
      "executable": false
    },
    {
      "path": "node_modules/@adraffy/ens-normalize/dist/index.cjs",
      "bytes": 66173,
      "sha256": "e9131df7a93064361eb542a9da89422aa5e4f619ad9a64417865d4e07b53c8fa",
      "executable": false
    },
    {
      "path": "node_modules/@adraffy/ens-normalize/dist/index.d.cts",
      "bytes": 1569,
      "sha256": "9f1a149181f8dd6f10e73458849d7f5adaaa6a41c8f415b7373bfdf0fcd74df4",
      "executable": true
    },
    {
      "path": "node_modules/@adraffy/ens-normalize/dist/index.d.mts",
      "bytes": 1569,
      "sha256": "9f1a149181f8dd6f10e73458849d7f5adaaa6a41c8f415b7373bfdf0fcd74df4",
      "executable": true
    },
    {
      "path": "node_modules/@adraffy/ens-normalize/dist/index.min.js",
      "bytes": 38280,
      "sha256": "d19b52ea37e6ed2b19952919febaff209e65deb668eb487ce8c84c58df7ba086",
      "executable": false
    },
    {
      "path": "node_modules/@adraffy/ens-normalize/dist/index.mjs",
      "bytes": 65918,
      "sha256": "6edd9ca24176d6846bb11727d10a165757e05d9a5a40abc06eb2004b98a56f09",
      "executable": false
    },
    {
      "path": "node_modules/@adraffy/ens-normalize/dist/nf.min.js",
      "bytes": 10938,
      "sha256": "c59474820da3247ce57a772fc6e01de9730a8ab1df2e299075320f7c9b0dad1a",
      "executable": false
    },
    {
      "path": "node_modules/@adraffy/ens-normalize/LICENSE",
      "bytes": 1077,
      "sha256": "3b458813ab3316b16bf004c4201d4a0583cf615514422dabf4d7c025988d613d",
      "executable": false
    },
    {
      "path": "node_modules/@adraffy/ens-normalize/package.json",
      "bytes": 1641,
      "sha256": "fbc5b24e52963420ec80bdfb24d21e783428afe612545ce4dd8e4a43a2f6dbd7",
      "executable": true
    },
    {
      "path": "node_modules/@adraffy/ens-normalize/README.md",
      "bytes": 8817,
      "sha256": "7ca27f2d35f21bbce4ac5c80f7e83a1a77f9629dc1479a5689c643c2c171ac5c",
      "executable": false
    },
    {
      "path": "node_modules/aes-js/aes-js-4.0.0-beta.4.tgz",
      "bytes": 319656,
      "sha256": "9f881ba245fa7bb186f1cfc8e463370d2397779052ce8372b627513c70dcdcf4",
      "executable": false
    },
    {
      "path": "node_modules/aes-js/bower.json",
      "bytes": 583,
      "sha256": "34b1d91ef5f0582eeb7229b7d36f84b35f23029b1a5b4f20cf0e3d6442c8b987",
      "executable": false
    },
    {
      "path": "node_modules/aes-js/index.js",
      "bytes": 63732,
      "sha256": "579277f6e64049ff523b1fd6d6ce1bc9bd2b16b6253dac9862a02665e9bf103d",
      "executable": false
    },
    {
      "path": "node_modules/aes-js/lib.commonjs/aes.d.ts",
      "bytes": 322,
      "sha256": "5cacd6f01c574e7bec77120115d8c572b06017620b0ccbae5ad51715c52fc94a",
      "executable": false
    },
    {
      "path": "node_modules/aes-js/lib.commonjs/aes.d.ts.map",
      "bytes": 277,
      "sha256": "3ecb9f368c89ade3009484d2120c542ca4d79a08c4b228a0710e4c498505035d",
      "executable": false
    },
    {
      "path": "node_modules/aes-js/lib.commonjs/aes.js",
      "bytes": 48718,
      "sha256": "46335d8424299cd491ccbbe7f34055c278d398ef38e0ef25096382f3b9725fd3",
      "executable": false
    },
    {
      "path": "node_modules/aes-js/lib.commonjs/aes.js.map",
      "bytes": 45286,
      "sha256": "e3a8eb0ab1b2ffb207bb4ce4824d83549e5f5cb8fd37436f0b41fbdc22580079",
      "executable": false
    },
    {
      "path": "node_modules/aes-js/lib.commonjs/index.d.ts",
      "bytes": 350,
      "sha256": "f537f46f6459dfb3d48c2af89e5488a76dae383c035c2676a2f3bd81644b722b",
      "executable": false
    },
    {
      "path": "node_modules/aes-js/lib.commonjs/index.d.ts.map",
      "bytes": 443,
      "sha256": "8bd77cd1649dc9d702611880bd2c48b5c15119c7aa9c1c8bbb5891f4ecf9c1b1",
      "executable": false
    },
    {
      "path": "node_modules/aes-js/lib.commonjs/index.js",
      "bytes": 1634,
      "sha256": "3ac8fc0354e925a0ccc723ab5119ae3a17518e4ad2ad77ca52a9a3abb6e70a1d",
      "executable": false
    },
    {
      "path": "node_modules/aes-js/lib.commonjs/index.js.map",
      "bytes": 401,
      "sha256": "5b8c66c7d6d8f735a8b1b2f9d650056f1f24a0d9c3736390bd1946fb95742c29",
      "executable": false
    },
    {
      "path": "node_modules/aes-js/lib.commonjs/mode-cbc.d.ts",
      "bytes": 324,
      "sha256": "bfe82618d867012e3a5ba83182d196d7d942cf929fafe3e92af4050ec0f58e72",
      "executable": false
    },
    {
      "path": "node_modules/aes-js/lib.commonjs/mode-cbc.d.ts.map",
      "bytes": 349,
      "sha256": "ed074baf7c30bfc49c58fe9ecf6d9b7857e919b874c56891f53e6a57529ae34a",
      "executable": false
    },
    {
      "path": "node_modules/aes-js/lib.commonjs/mode-cbc.js",
      "bytes": 3387,
      "sha256": "62619a9dacdd091cbd182aa3e5d9cdfdd40cee3f936f0e70d858c8c9ef237bc2",
      "executable": false
    },
    {
      "path": "node_modules/aes-js/lib.commonjs/mode-cbc.js.map",
      "bytes": 1935,
      "sha256": "0a492a832a63512b476359a1eff4a079b11762d167a41f94ea38fd699f11b769",
      "executable": false
    },
    {
      "path": "node_modules/aes-js/lib.commonjs/mode-cfb.d.ts",
      "bytes": 380,
      "sha256": "7adc7449a4039d602ce93a5f8b7b7597ee9fdd0d8b4d0d36b249cfbcbb9a350c",
      "executable": false
    },
    {
      "path": "node_modules/aes-js/lib.commonjs/mode-cfb.d.ts.map",
      "bytes": 406,
      "sha256": "cb563808cc818cfee91451b1642a883bef06bf29419c850e47d7d0c84e3acacd",
      "executable": false
    },
    {
      "path": "node_modules/aes-js/lib.commonjs/mode-cfb.js",
      "bytes": 4336,
      "sha256": "71812548674112ef2b64a459861e0eaa143598c862b7bae36136243709ac316d",
      "executable": false
    },
    {
      "path": "node_modules/aes-js/lib.commonjs/mode-cfb.js.map",
      "bytes": 2542,
      "sha256": "be442ef8fd8a95d951e273221367aed3760f76326a66a162e9539031c01867a9",
      "executable": false
    },
    {
      "path": "node_modules/aes-js/lib.commonjs/mode-ctr.d.ts",
      "bytes": 459,
      "sha256": "cc78ea98d1ed2a19ee6e7df4cfe4719bab8e80bc29aabedc620d508280130f49",
      "executable": false
    },
    {
      "path": "node_modules/aes-js/lib.commonjs/mode-ctr.d.ts.map",
      "bytes": 450,
      "sha256": "509aab3bad7168c7ec11acce4f5b433e74772a3181c31b40556ec2bb7a94a4e0",
      "executable": false
    },
    {
      "path": "node_modules/aes-js/lib.commonjs/mode-ctr.js",
      "bytes": 4294,
      "sha256": "ae9d1a10ebe04166ee4a0671174074871f233a7ee3d3505af099dbee2cb48ff9",
      "executable": false
    },
    {
      "path": "node_modules/aes-js/lib.commonjs/mode-ctr.js.map",
      "bytes": 2275,
      "sha256": "02dc391cccfda73dee253225274acc0d5c79b9f851473bc185ccfb32f78f0dfc",
      "executable": false
    },
    {
      "path": "node_modules/aes-js/lib.commonjs/mode-ecb.d.ts",
      "bytes": 266,
      "sha256": "ca55c25c22a3391370ed1885a5896074df0dae3966136a20f8afcee6f7f21ca6",
      "executable": false
    },
    {
      "path": "node_modules/aes-js/lib.commonjs/mode-ecb.d.ts.map",
      "bytes": 289,
      "sha256": "f574fc603faf3e8f8c429c3ac8c7995381a327b1098ef537aa0ca2bb290433a2",
      "executable": false
    },
    {
      "path": "node_modules/aes-js/lib.commonjs/mode-ecb.js",
      "bytes": 1128,
      "sha256": "2f84d199d5f19df0b6ab7550aeccb57646f21109c50868457b5277978bc7623d",
      "executable": false
    },
    {
      "path": "node_modules/aes-js/lib.commonjs/mode-ecb.js.map",
      "bytes": 1111,
      "sha256": "24fb6ba1ca52dd4c8a758a11748dcf7589c3a6d4b3c80eb019be1777a61a4152",
      "executable": false
    },
    {
      "path": "node_modules/aes-js/lib.commonjs/mode-ofb.d.ts",
      "bytes": 324,
      "sha256": "04d7cde9b464b2a32821d22b3787974524797148716df40cfe02d4b1a8b04bf7",
      "executable": false
    },
    {
      "path": "node_modules/aes-js/lib.commonjs/mode-ofb.d.ts.map",
      "bytes": 349,
      "sha256": "714d02305652d6afde1c7ef1ca25987d69e61755319fc16dcb1dde6cd4d3eb7f",
      "executable": false
    },
    {
      "path": "node_modules/aes-js/lib.commonjs/mode-ofb.js",
      "bytes": 3350,
      "sha256": "f07090831da9f8a7679708b210d49fb30967bd48f9e2bfced3c11e541391d9ce",
      "executable": false
    },
    {
      "path": "node_modules/aes-js/lib.commonjs/mode-ofb.js.map",
      "bytes": 1468,
      "sha256": "b8051b6142af476c898f8f61ddbd100355b82317cf031d9226dea682cae3f143",
      "executable": false
    },
    {
      "path": "node_modules/aes-js/lib.commonjs/mode.d.ts",
      "bytes": 340,
      "sha256": "26b8dc6b9b1c5d9ec92c21ef3705a53b00c7d7a6c47365055302babb9b26f821",
      "executable": false
    },
    {
      "path": "node_modules/aes-js/lib.commonjs/mode.d.ts.map",
      "bytes": 408,
      "sha256": "99a95770aa3e0f448ffcc52729f11727e6f5bc949d8dc872d33e72b43e6d49f6",
      "executable": false
    },
    {
      "path": "node_modules/aes-js/lib.commonjs/mode.js",
      "bytes": 590,
      "sha256": "848b2fb23df4dee2a62863bd5261f469f5e763a910c2c9f5d6f86b94a3c048c3",
      "executable": false
    },
    {
      "path": "node_modules/aes-js/lib.commonjs/mode.js.map",
      "bytes": 508,
      "sha256": "20da64015ed70521eaac4fb5419bb78f2bc6f1a9b1cc3725e9f0e77407e85bd2",
      "executable": false
    },
    {
      "path": "node_modules/aes-js/lib.commonjs/package.json",
      "bytes": 25,
      "sha256": "8005a3491db7d92f36ac66369861589f9c47123d3a7c71e643fc2c06168cd45a",
      "executable": false
    },
    {
      "path": "node_modules/aes-js/lib.commonjs/padding.d.ts",
      "bytes": 167,
      "sha256": "031bf3d4d74846142aa04c50d96cf779d64103910837e98a144c7b5dd16c2ea5",
      "executable": false
    },
    {
      "path": "node_modules/aes-js/lib.commonjs/padding.d.ts.map",
      "bytes": 216,
      "sha256": "bbc0f1488d9aaaac6507c403fab151559df46b0fe04300a10c288a994714b229",
      "executable": false
    },
    {
      "path": "node_modules/aes-js/lib.commonjs/padding.js",
      "bytes": 992,
      "sha256": "21f1fde759060ec2c34a121c679938610aca05a16edbed19854263db6f0796aa",
      "executable": false
    },
    {
      "path": "node_modules/aes-js/lib.commonjs/padding.js.map",
      "bytes": 1089,
      "sha256": "468670feac06298a10bb09132feea5cce1f07e577682f4c225ff85d398e9a478",
      "executable": false
    },
    {
      "path": "node_modules/aes-js/lib.commonjs/README.md",
      "bytes": 135,
      "sha256": "e28b5ce157b124cf333452b92ce75ed18f820a5efc12e65022552f6439cf75c8",
      "executable": false
    },
    {
      "path": "node_modules/aes-js/lib.commonjs/tests.d.ts",
      "bytes": 46,
      "sha256": "efe78d10c8ec8731cc9394710657976ed4766331a3b1ef83494a72dd65442f99",
      "executable": false
    },
    {
      "path": "node_modules/aes-js/lib.commonjs/tests.d.ts.map",
      "bytes": 107,
      "sha256": "f8a05d85f9dff9cb9399def6992fa8ce4b16dfb5fb71d1435649697f3da99b99",
      "executable": false
    },
    {
      "path": "node_modules/aes-js/lib.commonjs/tests.js",
      "bytes": 4702,
      "sha256": "a4f56e94597d8f209e241786a1e5de6a89e59e5b4fe5bafde7f42564ca1200c5",
      "executable": false
    },
    {
      "path": "node_modules/aes-js/lib.commonjs/tests.js.map",
      "bytes": 3685,
      "sha256": "3e8a9a048165d6cf5fe9430341919de20cc627b3acb9cc59c803142711a41239",
      "executable": false
    },
    {
      "path": "node_modules/aes-js/lib.esm/aes.d.ts",
      "bytes": 322,
      "sha256": "5cacd6f01c574e7bec77120115d8c572b06017620b0ccbae5ad51715c52fc94a",
      "executable": false
    },
    {
      "path": "node_modules/aes-js/lib.esm/aes.d.ts.map",
      "bytes": 277,
      "sha256": "3ecb9f368c89ade3009484d2120c542ca4d79a08c4b228a0710e4c498505035d",
      "executable": false
    },
    {
      "path": "node_modules/aes-js/lib.esm/aes.js",
      "bytes": 48607,
      "sha256": "edc317a2d274b8665c99ea04755e7b46d5547cfd578e684375c882644d679b37",
      "executable": false
    },
    {
      "path": "node_modules/aes-js/lib.esm/aes.js.map",
      "bytes": 45275,
      "sha256": "3dcd9071dd4851a57a01643147a54be6997f21004e787ca7229b6182166dc07f",
      "executable": false
    },
    {
      "path": "node_modules/aes-js/lib.esm/index.d.ts",
      "bytes": 350,
      "sha256": "f537f46f6459dfb3d48c2af89e5488a76dae383c035c2676a2f3bd81644b722b",
      "executable": false
    },
    {
      "path": "node_modules/aes-js/lib.esm/index.d.ts.map",
      "bytes": 443,
      "sha256": "8bd77cd1649dc9d702611880bd2c48b5c15119c7aa9c1c8bbb5891f4ecf9c1b1",
      "executable": false
    },
    {
      "path": "node_modules/aes-js/lib.esm/index.js",
      "bytes": 348,
      "sha256": "ca1609b8d1743da0ea2288b87a1b61bc6138cfc838f6f549ff42aab8763ff75f",
      "executable": false
    },
    {
      "path": "node_modules/aes-js/lib.esm/index.js.map",
      "bytes": 441,
      "sha256": "3c158c40f9a8e16270f71918f3601e47485a73c0ec55a45d7249970007691879",
      "executable": false
    },
    {
      "path": "node_modules/aes-js/lib.esm/mode-cbc.d.ts",
      "bytes": 324,
      "sha256": "bfe82618d867012e3a5ba83182d196d7d942cf929fafe3e92af4050ec0f58e72",
      "executable": false
    },
    {
      "path": "node_modules/aes-js/lib.esm/mode-cbc.d.ts.map",
      "bytes": 349,
      "sha256": "ed074baf7c30bfc49c58fe9ecf6d9b7857e919b874c56891f53e6a57529ae34a",
      "executable": false
    },
    {
      "path": "node_modules/aes-js/lib.esm/mode-cbc.js",
      "bytes": 3271,
      "sha256": "e86560b723b3507cd267a4bf981bde3012662b3e5b3123b41e6c577883b8bb4d",
      "executable": false
    },
    {
      "path": "node_modules/aes-js/lib.esm/mode-cbc.js.map",
      "bytes": 1951,
      "sha256": "60a9b7d5332018d0a2ca0e3fdb40b8b8a8f8e4e37906c1025c892d2457be3df5",
      "executable": false
    },
    {
      "path": "node_modules/aes-js/lib.esm/mode-cfb.d.ts",
      "bytes": 380,
      "sha256": "7adc7449a4039d602ce93a5f8b7b7597ee9fdd0d8b4d0d36b249cfbcbb9a350c",
      "executable": false
    },
    {
      "path": "node_modules/aes-js/lib.esm/mode-cfb.d.ts.map",
      "bytes": 406,
      "sha256": "cb563808cc818cfee91451b1642a883bef06bf29419c850e47d7d0c84e3acacd",
      "executable": false
    },
    {
      "path": "node_modules/aes-js/lib.esm/mode-cfb.js",
      "bytes": 4220,
      "sha256": "5ebca2a4b68599a4fb475faacf72c4f4f20df8f7d9c04067027bf367597a0b71",
      "executable": false
    },
    {
      "path": "node_modules/aes-js/lib.esm/mode-cfb.js.map",
      "bytes": 2558,
      "sha256": "7248d32d0d4ccbaede42bac3dfc3a10221ec10e4cf9fda55d0d782b6aaaa8071",
      "executable": false
    },
    {
      "path": "node_modules/aes-js/lib.esm/mode-ctr.d.ts",
      "bytes": 459,
      "sha256": "cc78ea98d1ed2a19ee6e7df4cfe4719bab8e80bc29aabedc620d508280130f49",
      "executable": false
    },
    {
      "path": "node_modules/aes-js/lib.esm/mode-ctr.d.ts.map",
      "bytes": 450,
      "sha256": "509aab3bad7168c7ec11acce4f5b433e74772a3181c31b40556ec2bb7a94a4e0",
      "executable": false
    },
    {
      "path": "node_modules/aes-js/lib.esm/mode-ctr.js",
      "bytes": 4178,
      "sha256": "405da551eec6f72a81efb8277c6afa0b3292a2145df174a00814624530ef78cb",
      "executable": false
    },
    {
      "path": "node_modules/aes-js/lib.esm/mode-ctr.js.map",
      "bytes": 2291,
      "sha256": "6378158feae509fac471e8df7cd6c92db19eca59c4d93e8cd713762831e507cf",
      "executable": false
    },
    {
      "path": "node_modules/aes-js/lib.esm/mode-ecb.d.ts",
      "bytes": 266,
      "sha256": "ca55c25c22a3391370ed1885a5896074df0dae3966136a20f8afcee6f7f21ca6",
      "executable": false
    },
    {
      "path": "node_modules/aes-js/lib.esm/mode-ecb.d.ts.map",
      "bytes": 289,
      "sha256": "f574fc603faf3e8f8c429c3ac8c7995381a327b1098ef537aa0ca2bb290433a2",
      "executable": false
    },
    {
      "path": "node_modules/aes-js/lib.esm/mode-ecb.js",
      "bytes": 1012,
      "sha256": "0a3b1ad8e811208a18b50e8e0a17af053feb32d6d88d0397bfc0ff0589ebc58e",
      "executable": false
    },
    {
      "path": "node_modules/aes-js/lib.esm/mode-ecb.js.map",
      "bytes": 1127,
      "sha256": "c03bd3ea5712ef6c74a9cbf7e3052ed7569ed8a3e0be17740c6f3e56965656a0",
      "executable": false
    },
    {
      "path": "node_modules/aes-js/lib.esm/mode-ofb.d.ts",
      "bytes": 324,
      "sha256": "04d7cde9b464b2a32821d22b3787974524797148716df40cfe02d4b1a8b04bf7",
      "executable": false
    },
    {
      "path": "node_modules/aes-js/lib.esm/mode-ofb.d.ts.map",
      "bytes": 349,
      "sha256": "714d02305652d6afde1c7ef1ca25987d69e61755319fc16dcb1dde6cd4d3eb7f",
      "executable": false
    },
    {
      "path": "node_modules/aes-js/lib.esm/mode-ofb.js",
      "bytes": 3234,
      "sha256": "456990e5da201d2f342afc999c6fb1c2e3ef7308d80734ec9f44bd8dd6fe2e4e",
      "executable": false
    },
    {
      "path": "node_modules/aes-js/lib.esm/mode-ofb.js.map",
      "bytes": 1484,
      "sha256": "fcb136d715394374a4597c618df3d775aec657216c167419f400ba99a768433b",
      "executable": false
    },
    {
      "path": "node_modules/aes-js/lib.esm/mode.d.ts",
      "bytes": 340,
      "sha256": "26b8dc6b9b1c5d9ec92c21ef3705a53b00c7d7a6c47365055302babb9b26f821",
      "executable": false
    },
    {
      "path": "node_modules/aes-js/lib.esm/mode.d.ts.map",
      "bytes": 408,
      "sha256": "99a95770aa3e0f448ffcc52729f11727e6f5bc949d8dc872d33e72b43e6d49f6",
      "executable": false
    },
    {
      "path": "node_modules/aes-js/lib.esm/mode.js",
      "bytes": 428,
      "sha256": "a6a9b9e08fec5e9de056beafdcd41989c4ffbd7c7d9dcfcd145dadda70110bc5",
      "executable": false
    },
    {
      "path": "node_modules/aes-js/lib.esm/mode.js.map",
      "bytes": 525,
      "sha256": "bfb03f928912f6bab550f44de126586de30a3e8ba4b6fd3803ddf8f51888b682",
      "executable": false
    },
    {
      "path": "node_modules/aes-js/lib.esm/package.json",
      "bytes": 23,
      "sha256": "3ca9d4afd21425087cf31893b8f9f63c81b0b8408db5e343ca76e5f8aa26ab9a",
      "executable": false
    },
    {
      "path": "node_modules/aes-js/lib.esm/padding.d.ts",
      "bytes": 167,
      "sha256": "031bf3d4d74846142aa04c50d96cf779d64103910837e98a144c7b5dd16c2ea5",
      "executable": false
    },
    {
      "path": "node_modules/aes-js/lib.esm/padding.d.ts.map",
      "bytes": 216,
      "sha256": "bbc0f1488d9aaaac6507c403fab151559df46b0fe04300a10c288a994714b229",
      "executable": false
    },
    {
      "path": "node_modules/aes-js/lib.esm/padding.js",
      "bytes": 819,
      "sha256": "dbd6aeba8e614c2308e797bcf506585e6e7ed227dc1da07c9dddda32a17a28bd",
      "executable": false
    },
    {
      "path": "node_modules/aes-js/lib.esm/padding.js.map",
      "bytes": 1072,
      "sha256": "00926f76703a09b4dc5e0fde76d89482caed8b530b994a5489899572d3f02e46",
      "executable": false
    },
    {
      "path": "node_modules/aes-js/lib.esm/README.md",
      "bytes": 120,
      "sha256": "60149582695a2909d104d1919b7f96b42a32df1d8b398728e57ec1509353267d",
      "executable": false
    },
    {
      "path": "node_modules/aes-js/lib.esm/tests.d.ts",
      "bytes": 46,
      "sha256": "efe78d10c8ec8731cc9394710657976ed4766331a3b1ef83494a72dd65442f99",
      "executable": false
    },
    {
      "path": "node_modules/aes-js/lib.esm/tests.d.ts.map",
      "bytes": 107,
      "sha256": "f8a05d85f9dff9cb9399def6992fa8ce4b16dfb5fb71d1435649697f3da99b99",
      "executable": false
    },
    {
      "path": "node_modules/aes-js/lib.esm/tests.js",
      "bytes": 3287,
      "sha256": "a591cea0618c7b398a72b76f53b9a4d084821e251caee9f4da8636dd4164e6ab",
      "executable": false
    },
    {
      "path": "node_modules/aes-js/lib.esm/tests.js.map",
      "bytes": 3733,
      "sha256": "d0157318179d60bbe46fe66f7533501d1c038e7c97a31f01cc7a543c1bc7cf79",
      "executable": false
    },
    {
      "path": "node_modules/aes-js/LICENSE.txt",
      "bytes": 1081,
      "sha256": "fca281420c800a4aae284a3b478b48b7a8d83c37285bbf2512bf52a5d597a503",
      "executable": false
    },
    {
      "path": "node_modules/aes-js/misc/basedirs/lib.commonjs/package.json",
      "bytes": 25,
      "sha256": "8005a3491db7d92f36ac66369861589f9c47123d3a7c71e643fc2c06168cd45a",
      "executable": false
    },
    {
      "path": "node_modules/aes-js/misc/basedirs/lib.commonjs/README.md",
      "bytes": 135,
      "sha256": "e28b5ce157b124cf333452b92ce75ed18f820a5efc12e65022552f6439cf75c8",
      "executable": false
    },
    {
      "path": "node_modules/aes-js/misc/basedirs/lib.esm/package.json",
      "bytes": 23,
      "sha256": "3ca9d4afd21425087cf31893b8f9f63c81b0b8408db5e343ca76e5f8aa26ab9a",
      "executable": false
    },
    {
      "path": "node_modules/aes-js/misc/basedirs/lib.esm/README.md",
      "bytes": 120,
      "sha256": "60149582695a2909d104d1919b7f96b42a32df1d8b398728e57ec1509353267d",
      "executable": false
    },
    {
      "path": "node_modules/aes-js/package-commonjs.json",
      "bytes": 25,
      "sha256": "8005a3491db7d92f36ac66369861589f9c47123d3a7c71e643fc2c06168cd45a",
      "executable": false
    },
    {
      "path": "node_modules/aes-js/package.json",
      "bytes": 1552,
      "sha256": "60fc352466697ba86743b36101b2157cf413ac0e7d317788548993600f10cd7d",
      "executable": false
    },
    {
      "path": "node_modules/aes-js/README.md",
      "bytes": 14368,
      "sha256": "2323a6f041893b821f163ab7ceff6a05e2d3732179e6651f18009ab5dea456d3",
      "executable": false
    },
    {
      "path": "node_modules/aes-js/src.ts/aes.ts",
      "bytes": 46308,
      "sha256": "b56a290cf512fdeb770baa8d89feab09008600d24606ccdf826e0369bda3a5f9",
      "executable": false
    },
    {
      "path": "node_modules/aes-js/src.ts/index.ts",
      "bytes": 318,
      "sha256": "d399b56225093f6d3c06e5eb2f38d7682d0e49cdf7c8d79ea3f1392c9c2ec07b",
      "executable": false
    },
    {
      "path": "node_modules/aes-js/src.ts/mode-cbc.ts",
      "bytes": 1613,
      "sha256": "1f4b2991250f9d033940bbc9e4545943ebda339604186cb16d357045a91e4b36",
      "executable": false
    },
    {
      "path": "node_modules/aes-js/src.ts/mode-cfb.ts",
      "bytes": 2368,
      "sha256": "95a633020d6664a96033cc4c01affb7bde8b482136020b5ff40b08ee8de713f2",
      "executable": false
    },
    {
      "path": "node_modules/aes-js/src.ts/mode-ctr.ts",
      "bytes": 2038,
      "sha256": "5904991c931b2394c11101cf4733719945425b195d9468bd2e41144f4dffe6d7",
      "executable": false
    },
    {
      "path": "node_modules/aes-js/src.ts/mode-ecb.ts",
      "bytes": 965,
      "sha256": "e70dce1198c4c470e61d352d447f7ae4974bb246597ebbc0481290d69f2ec58a",
      "executable": false
    },
    {
      "path": "node_modules/aes-js/src.ts/mode-ofb.ts",
      "bytes": 1376,
      "sha256": "fe77588322ccb6c158da11710d4caca2ffb25810dec542bbc02f5c903ac4b359",
      "executable": false
    },
    {
      "path": "node_modules/aes-js/src.ts/mode.ts",
      "bytes": 559,
      "sha256": "1f8e021e70aba46c3599b8f0c5b5b80116d9883f4ff683f43ce1f18fc291251b",
      "executable": false
    },
    {
      "path": "node_modules/aes-js/src.ts/padding.ts",
      "bytes": 816,
      "sha256": "05e5a4c732b1f941efee025f12ed86f9faed72d59cdbe7e6d15014d52d305ce3",
      "executable": false
    },
    {
      "path": "node_modules/aes-js/src.ts/tests.ts",
      "bytes": 3111,
      "sha256": "41356ba45cd7be95e0f3a48c6ea91624cd1713c720b5e3b251b2a9e173ff89a1",
      "executable": false
    },
    {
      "path": "node_modules/aes-js/tsconfig.base.json",
      "bytes": 663,
      "sha256": "3175ebbefc65a673da5ba97eda2450b317dd98facb4775b2254c3b733c5a5643",
      "executable": false
    },
    {
      "path": "node_modules/aes-js/tsconfig.commonjs.json",
      "bytes": 125,
      "sha256": "2b3dd071cde1bcb8fe864000c7969122ce3df18f0336cf420cd9ca50324989d0",
      "executable": false
    },
    {
      "path": "node_modules/aes-js/tsconfig.esm.json",
      "bytes": 118,
      "sha256": "4dd4f09eb6ae95fe824e976df1f30430c952e1ed1afca481e10dde251e599f76",
      "executable": false
    },
    {
      "path": "node_modules/ethers/CHANGELOG.md",
      "bytes": 60386,
      "sha256": "c4b4249e5ec4cf6cc0c59043c2cce6b611d9ce473a1311705f020ba2a6442655",
      "executable": false
    },
    {
      "path": "node_modules/ethers/dist/ethers.js",
      "bytes": 1023273,
      "sha256": "98ef38ca12d3a7829eb2d8398e033434fe521b7a1873427e77f2eb5e8513f761",
      "executable": false
    },
    {
      "path": "node_modules/ethers/dist/ethers.js.map",
      "bytes": 1950938,
      "sha256": "e3c0e2e2cdc838323857081b9645d367f200220a3fb9650c435023ef4fe1f2ce",
      "executable": false
    },
    {
      "path": "node_modules/ethers/dist/ethers.min.js",
      "bytes": 522050,
      "sha256": "b016b0c3898c78fd8156466eb1ff1f42c9df951c2f0d64c9bdf799fe745b0a6c",
      "executable": false
    },
    {
      "path": "node_modules/ethers/dist/ethers.umd.js",
      "bytes": 1134532,
      "sha256": "75aec6f3e89830869707094353bcd97d99ec2bced13ac2b21d98f3d1244fac37",
      "executable": false
    },
    {
      "path": "node_modules/ethers/dist/ethers.umd.js.map",
      "bytes": 1951155,
      "sha256": "ff4c9fb41c5cd3d021582f5f8727447d263ed67677f4371ee87861e9c09c43b7",
      "executable": false
    },
    {
      "path": "node_modules/ethers/dist/ethers.umd.min.js",
      "bytes": 526551,
      "sha256": "532950515fd29ae9f7a21ceb2b68100815024d7944c3d5a92246d5b900bd703b",
      "executable": false
    },
    {
      "path": "node_modules/ethers/dist/README.md",
      "bytes": 604,
      "sha256": "304b52dc628064a79d1b373873c3e68f34aa715119c31dd561eef72c4eb4a6e6",
      "executable": false
    },
    {
      "path": "node_modules/ethers/dist/wordlists-extra.js",
      "bytes": 112114,
      "sha256": "7b494d7d5c74dd2d90e4ddf2b4f28f44ef4293a1a689f88cd477d053d8c0a778",
      "executable": false
    },
    {
      "path": "node_modules/ethers/dist/wordlists-extra.js.map",
      "bytes": 174993,
      "sha256": "1d72a0b57e90b30ee8548deee551bb24880a49e854d16d2794dcefc8b8712e4d",
      "executable": false
    },
    {
      "path": "node_modules/ethers/dist/wordlists-extra.min.js",
      "bytes": 85917,
      "sha256": "2f7c0068f1d08efd6dff2802522218af680b9725652b311abdca2c6874bce096",
      "executable": false
    },
    {
      "path": "node_modules/ethers/FUNDING.json",
      "bytes": 213,
      "sha256": "6c1579976f7e1fb529c860852957bf4f803cade8425f7e58dfeea4f82186dea9",
      "executable": false
    },
    {
      "path": "node_modules/ethers/lib.commonjs/_version.d.ts",
      "bytes": 119,
      "sha256": "31e313c0dba34e94e0135fe3b19bc3ee155a3958a96a6c60f9242612b6be23c6",
      "executable": false
    },
    {
      "path": "node_modules/ethers/lib.commonjs/_version.d.ts.map",
      "bytes": 159,
      "sha256": "8f8c3020105f36734df0b701df03a8c9effda66868ee7f778b0194bac6fa62cb",
      "executable": false
    },
    {
      "path": "node_modules/ethers/lib.commonjs/_version.js",
      "bytes": 278,
      "sha256": "f0e5c3b54fe8023dc46d47b63c568fb396864b5928e5ee6e0a94b1e2f97d860a",
      "executable": false
    },
    {
      "path": "node_modules/ethers/lib.commonjs/_version.js.map",
      "bytes": 167,
      "sha256": "7d508138c5b6449fb99c84b947e1a3cfe1c0e48e81f66b10c1abd9a7b3fcdbe2",
      "executable": false
    },
    {
      "path": "node_modules/ethers/lib.commonjs/abi/abi-coder.d.ts",
      "bytes": 2377,
      "sha256": "3ab09cdc78b5e435e38c90d4d6845abaa6b60adb4c28d1df89b4e957d4107cc9",
      "executable": false
    },
    {
      "path": "node_modules/ethers/lib.commonjs/abi/abi-coder.d.ts.map",
      "bytes": 985,
      "sha256": "69e8da96d0480fff11353bbc8d72095121993e06b5a7dc2763c1f632366edb7c",
      "executable": false
    },
    {
      "path": "node_modules/ethers/lib.commonjs/abi/abi-coder.js",
      "bytes": 8609,
      "sha256": "13a2eecdf8f2bcb3b0c65e888f4b37ff791828d9aa6ab346a96da8f59e97fabd",
      "executable": false
    },
    {
      "path": "node_modules/ethers/lib.commonjs/abi/abi-coder.js.map",
      "bytes": 6312,
      "sha256": "deb8eb7ebb3393a1991aea13d1c7786541ab67d48638d42ba2634de4cd5a1f99",
      "executable": false
    },
    {
      "path": "node_modules/ethers/lib.commonjs/abi/bytes32.d.ts",
      "bytes": 423,
      "sha256": "033d848b02f3948d2fb4feb7fba98e9cc3cba797b417210f30454491b2d9170c",
      "executable": false
    },
    {
      "path": "node_modules/ethers/lib.commonjs/abi/bytes32.d.ts.map",
      "bytes": 310,
      "sha256": "818f2f1e3df81613389faf4682ec5d79b36e3970a4886c4c0ec2452661e7b0ea",
      "executable": false
    },
    {
      "path": "node_modules/ethers/lib.commonjs/abi/bytes32.js",
      "bytes": 1454,
      "sha256": "3ad6af4d1b7ca767bfab298b579585e7eebc56023c365f349507b3b3ef23657e",
      "executable": false
    },
    {
      "path": "node_modules/ethers/lib.commonjs/abi/bytes32.js.map",
      "bytes": 969,
      "sha256": "71b037333292fd4a23341df2ccce844ae5d932a2ec1cd1b5d571ae2496e2b9f0",
      "executable": false
    },
    {
      "path": "node_modules/ethers/lib.commonjs/abi/coders/abstract-coder.d.ts",
      "bytes": 3881,
      "sha256": "67dbef5497f47d7f39dfd36d503a2fcd7235296f976ccd7be93bd2ec45945b3c",
      "executable": false
    },
    {
      "path": "node_modules/ethers/lib.commonjs/abi/coders/abstract-coder.d.ts.map",
      "bytes": 2523,
      "sha256": "6073088c06b2a483865b64d1201699d7fe6d568255461fb69a69da6e7ad6f169",
      "executable": false
    },
    {
      "path": "node_modules/ethers/lib.commonjs/abi/coders/abstract-coder.js",
      "bytes": 16655,
      "sha256": "fb0661a9ab8bfc713b5c6230a240737a506c8129a100ef34714f5b1ea0571df2",
      "executable": false
    },
    {
      "path": "node_modules/ethers/lib.commonjs/abi/coders/abstract-coder.js.map",
      "bytes": 13322,
      "sha256": "0d3822e0d7440a638b1a20326bc9b8d5dce4274e9a3100f77f9260e6db553a85",
      "executable": false
    },
    {
      "path": "node_modules/ethers/lib.commonjs/abi/coders/address.d.ts",
      "bytes": 408,
      "sha256": "d432f5b818c23b022f0be4ac1b93583aac03a5dbbc2f23d2cfdc6acbd8116703",
      "executable": false
    },
    {
      "path": "node_modules/ethers/lib.commonjs/abi/coders/address.d.ts.map",
      "bytes": 467,
      "sha256": "0b2b1eec0cccf55a79d9f336843dbf3000616f5273956207da3e6ae0d21c8c41",
      "executable": false
    },
    {
      "path": "node_modules/ethers/lib.commonjs/abi/coders/address.js",
      "bytes": 1081,
      "sha256": "8e7123a934a277af1c259b1569d25750676af41364d5d780022eedcada8b3ec6",
      "executable": false
    },
    {
      "path": "node_modules/ethers/lib.commonjs/abi/coders/address.js.map",
      "bytes": 795,
      "sha256": "3937a6af25ce9776fadc7e7723f970a3031b819984a2f4d190a7a78eb169bf4c",
      "executable": false
    },
    {
      "path": "node_modules/ethers/lib.commonjs/abi/coders/anonymous.d.ts",
      "bytes": 452,
      "sha256": "7cec3e1a96117900f40511797aed1d1e68c3d7bd35d6b2a467f837bbe493e8ad",
      "executable": false
    },
    {
      "path": "node_modules/ethers/lib.commonjs/abi/coders/anonymous.d.ts.map",
      "bytes": 447,
      "sha256": "d6359090f488e829a4292026ef69f2b2044efc6ea98770ffca244feb08f245cb",
      "executable": false
    },
    {
      "path": "node_modules/ethers/lib.commonjs/abi/coders/anonymous.js",
      "bytes": 756,
      "sha256": "8dad034d4aaaf1ab8bc0ac0831bc62b8e54555bd583053fa0d278ac93db4dece",
      "executable": false
    },
    {
      "path": "node_modules/ethers/lib.commonjs/abi/coders/anonymous.js.map",
      "bytes": 632,
      "sha256": "bada4feb86e34a520dedadf791ec7df8e6a6067295d4d1702502d92a8cfccd37",
      "executable": false
    },
    {
      "path": "node_modules/ethers/lib.commonjs/abi/coders/array.d.ts",
      "bytes": 769,
      "sha256": "3124340589a03e45a24b79dd64cb60304a057bbec9776ea16f8d55f783a2b531",
      "executable": false
    },
    {
      "path": "node_modules/ethers/lib.commonjs/abi/coders/array.d.ts.map",
      "bytes": 901,
      "sha256": "ed22d5a3951097526a2ddc38381c386242a388c7e2efcde365fbd13fcdc37833",
      "executable": false
    },
    {
      "path": "node_modules/ethers/lib.commonjs/abi/coders/array.js",
      "bytes": 6372,
      "sha256": "37809d12e3c6498a447b64e81d1f6d8626765991578eb9174252f91e90f52a6c",
      "executable": false
    },
    {
      "path": "node_modules/ethers/lib.commonjs/abi/coders/array.js.map",
      "bytes": 5564,
      "sha256": "56ae1ec95ffc13676d08b08e03386d53aed73f8440b13ea0b42832364ef0e961",
      "executable": false
    },
    {
      "path": "node_modules/ethers/lib.commonjs/abi/coders/boolean.d.ts",
      "bytes": 410,
      "sha256": "7129a090917912a223915b29cb712d00163521c75981fa8092115f335dc61b9f",
      "executable": false
    },
    {
      "path": "node_modules/ethers/lib.commonjs/abi/coders/boolean.d.ts.map",
      "bytes": 467,
      "sha256": "0a6b41f5b8cff7342ad83f9173449a44102366a77b874e9075d7b0f7f10bf51f",
      "executable": false
    },
    {
      "path": "node_modules/ethers/lib.commonjs/abi/coders/boolean.js",
      "bytes": 710,
      "sha256": "0818096a027ddf2eadeb1eb45709d504338caf533828a08af43306d741a45195",
      "executable": false
    },
    {
      "path": "node_modules/ethers/lib.commonjs/abi/coders/boolean.js.map",
      "bytes": 611,
      "sha256": "f52661cf3d5b971b5e6853fc1e68776b81554697b97d3e5f053666f2c97829a1",
      "executable": false
    },
    {
      "path": "node_modules/ethers/lib.commonjs/abi/coders/bytes.d.ts",
      "bytes": 528,
      "sha256": "f85aa84e63c8d17429cd8161cca7125725a547e623623a6364d476587b89dcfe",
      "executable": false
    },
    {
      "path": "node_modules/ethers/lib.commonjs/abi/coders/bytes.d.ts.map",
      "bytes": 542,
      "sha256": "882903dc21e787bf2f8a037394f0f1ff91263e0df7637f90ab7b0604bb095f10",
      "executable": false
    },
    {
      "path": "node_modules/ethers/lib.commonjs/abi/coders/bytes.js",
      "bytes": 1096,
      "sha256": "23fb072f86b863f15213beeb0f23a952cdce3ed4faf284d1370d808b6a3c2d29",
      "executable": false
    },
    {
      "path": "node_modules/ethers/lib.commonjs/abi/coders/bytes.js.map",
      "bytes": 896,
      "sha256": "97acfdd31403a002fa3d0f927c2ce90f69bdf765a7553eb9dbebea7ab9d44cc1",
      "executable": false
    },
    {
      "path": "node_modules/ethers/lib.commonjs/abi/coders/fixed-bytes.d.ts",
      "bytes": 514,
      "sha256": "02c8003a0835f0db719b1c7e8d85548dc9c67a495debf53f91d40504c748336d",
      "executable": false
    },
    {
      "path": "node_modules/ethers/lib.commonjs/abi/coders/fixed-bytes.d.ts.map",
      "bytes": 579,
      "sha256": "78375c9a735749397332ca2a42ed8662e114905003f4adb883ae74b28e5fa33e",
      "executable": false
    },
    {
      "path": "node_modules/ethers/lib.commonjs/abi/coders/fixed-bytes.js",
      "bytes": 1175,
      "sha256": "0f191b350d75279a5e9b4ff6235fb0a83cdc63843dc8e1bde57e3e72f9db8d53",
      "executable": false
    },
    {
      "path": "node_modules/ethers/lib.commonjs/abi/coders/fixed-bytes.js.map",
      "bytes": 1011,
      "sha256": "6b9e8ae0208dcafca8dbe342ca53c3341bc81aaf60e22dfa4a1e1084a3cb0a20",
      "executable": false
    },
    {
      "path": "node_modules/ethers/lib.commonjs/abi/coders/null.d.ts",
      "bytes": 351,
      "sha256": "2cf283bda00af2894f54d7afceca9e1c856c9c78110140da6ae23213ecebbd61",
      "executable": false
    },
    {
      "path": "node_modules/ethers/lib.commonjs/abi/coders/null.d.ts.map",
      "bytes": 410,
      "sha256": "a626de46ddceaf46f4e6ac08588649209274675ef77f4c9dc955fc092fdcfa5a",
      "executable": false
    },
    {
      "path": "node_modules/ethers/lib.commonjs/abi/coders/null.js",
      "bytes": 705,
      "sha256": "f4bbbb587ca6a367cd000876b5477b33b75ec547a75b006d39debcadda99e6ce",
      "executable": false
    },
    {
      "path": "node_modules/ethers/lib.commonjs/abi/coders/null.js.map",
      "bytes": 637,
      "sha256": "84e675679ba08c6feeb2a62db414a68ef4bf6a823cea78339a4c14471ffbb4a0",
      "executable": false
    },
    {
      "path": "node_modules/ethers/lib.commonjs/abi/coders/number.d.ts",
      "bytes": 558,
      "sha256": "7cfd40df82c249f56f5c37daeaf886941f11ab56595d657d7592d5de0fc17580",
      "executable": false
    },
    {
      "path": "node_modules/ethers/lib.commonjs/abi/coders/number.d.ts.map",
      "bytes": 625,
      "sha256": "916012dea55890587f2ac2f212d8e16dc3acb8a4bb3ff64ed94ea7892a75b666",
      "executable": false
    },
    {
      "path": "node_modules/ethers/lib.commonjs/abi/coders/number.js",
      "bytes": 1944,
      "sha256": "f16f33da7e0599a3ca4ce3446428e5edd2221ee40fa391cbc03e8820b6e53d58",
      "executable": false
    },
    {
      "path": "node_modules/ethers/lib.commonjs/abi/coders/number.js.map",
      "bytes": 1808,
      "sha256": "320acf9d0cba2a8d7f957fc70c9174bf3e2dc3b2fde0a9f53e665d76e11b68a4",
      "executable": false
    },
    {
      "path": "node_modules/ethers/lib.commonjs/abi/coders/string.d.ts",
      "bytes": 421,
      "sha256": "cdd503d7c427abce5a90fef98ce394db81c0e24be8b01d049f7dc5077322ef1c",
      "executable": false
    },
    {
      "path": "node_modules/ethers/lib.commonjs/abi/coders/string.d.ts.map",
      "bytes": 467,
      "sha256": "69134e05b3728584540d55f1d1efbbf33bf7e6c4321ec95641c4d1c22f9863c1",
      "executable": false
    },
    {
      "path": "node_modules/ethers/lib.commonjs/abi/coders/string.js",
      "bytes": 749,
      "sha256": "320975dd997b3cdd8f89afc261f849967d9cd1898f8f82c14196d2d7c6bc9c3c",
      "executable": false
    },
    {
      "path": "node_modules/ethers/lib.commonjs/abi/coders/string.js.map",
      "bytes": 583,
      "sha256": "e01dc101d2985617fb7c8e4fc28297f3abfc2597ed9eff1a783533f4b9e08228",
      "executable": false
    },
    {
      "path": "node_modules/ethers/lib.commonjs/abi/coders/tuple.d.ts",
      "bytes": 509,
      "sha256": "f89c44293da3f402e380d1893792088285af9b1f6782f02adc0410b4de1f5860",
      "executable": false
    },
    {
      "path": "node_modules/ethers/lib.commonjs/abi/coders/tuple.d.ts.map",
      "bytes": 615,
      "sha256": "c6e098054297193a04f9f0014f1559cfc40d4b453af41494b149584e71c20425",
      "executable": false
    },
    {
      "path": "node_modules/ethers/lib.commonjs/abi/coders/tuple.js",
      "bytes": 2182,
      "sha256": "b0a8a65b9932a5e4b4e56454365062ded028b6c0c06d155afa9d025372cd2509",
      "executable": false
    },
    {
      "path": "node_modules/ethers/lib.commonjs/abi/coders/tuple.js.map",
      "bytes": 2022,
      "sha256": "cae6a0366c4d5d1a792a599a9aa5d6c1dcad3104036a7d8a7ea5a31e4236b651",
      "executable": false
    },
    {
      "path": "node_modules/ethers/lib.commonjs/abi/fragments.d.ts",
      "bytes": 14007,
      "sha256": "09c6791e3421ad7b5feff77120adcb3aca2f45b0caa48fa0eb5bbde333075257",
      "executable": false
    },
    {
      "path": "node_modules/ethers/lib.commonjs/abi/fragments.d.ts.map",
      "bytes": 6623,
      "sha256": "9fef54ab6da8898ee717444be1f8d4438a7984f43e2972b3e33123257140dfe9",
      "executable": false
    },
    {
      "path": "node_modules/ethers/lib.commonjs/abi/fragments.js",
      "bytes": 47525,
      "sha256": "dcaebe93b0a7c634a91bfeb57e16cd5653169eaa8f7caec75e5737cd6efe7684",
      "executable": false
    },
    {
      "path": "node_modules/ethers/lib.commonjs/abi/fragments.js.map",
      "bytes": 41681,
      "sha256": "b12beedd0358add814112a8e556757d383c6c6d541264ef2f2ae866779bde850",
      "executable": false
    },
    {
      "path": "node_modules/ethers/lib.commonjs/abi/index.d.ts",
      "bytes": 1023,
      "sha256": "f09ab98499647d29d8f3a5e0a5c1194b5d24fa9e1b2f94e195d1555ca8ba4098",
      "executable": false
    },
    {
      "path": "node_modules/ethers/lib.commonjs/abi/index.d.ts.map",
      "bytes": 655,
      "sha256": "3f1fa1b0d963494886ca15bbe58893789604208976ef416580ea0f2239fd0ffa",
      "executable": false
    },
    {
      "path": "node_modules/ethers/lib.commonjs/abi/index.js",
      "bytes": 3767,
      "sha256": "7a24b12137f26db188ff54e18380125f17dd32f9380440278f5f592ee4bbe429",
      "executable": false
    },
    {
      "path": "node_modules/ethers/lib.commonjs/abi/index.js.map",
      "bytes": 649,
      "sha256": "44d4d9003894f3b88b269c00d5499eb6102e772d5e1bce12a7cad9f4995fe299",
      "executable": false
    },
    {
      "path": "node_modules/ethers/lib.commonjs/abi/interface.d.ts",
      "bytes": 13957,
      "sha256": "2a54c89cbd1baefaed665291d05b9d28ac7356536c3f681f9401d642b2b0c0cd",
      "executable": false
    },
    {
      "path": "node_modules/ethers/lib.commonjs/abi/interface.d.ts.map",
      "bytes": 5088,
      "sha256": "f6a0d3c67c52871a8f4a7963d5e1fe3207d6c6d07878ad1d103f3a8b7f853c39",
      "executable": false
    },
    {
      "path": "node_modules/ethers/lib.commonjs/abi/interface.js",
      "bytes": 42771,
      "sha256": "bc8afe177045695f66582bfeb40838968c73061e9425e134d7056a9ea6818851",
      "executable": false
    },
    {
      "path": "node_modules/ethers/lib.commonjs/abi/interface.js.map",
      "bytes": 27663,
      "sha256": "164c3d8fb1cfe9a24668c122527e4b1aec5aab7f60435fc1ced87fcab0ac3188",
      "executable": false
    },
    {
      "path": "node_modules/ethers/lib.commonjs/abi/typed.d.ts",
      "bytes": 15351,
      "sha256": "74f763ea382866434fec07cd11967ac0fa2d94d3f9f98e4a908435ec98b2e0d5",
      "executable": false
    },
    {
      "path": "node_modules/ethers/lib.commonjs/abi/typed.d.ts.map",
      "bytes": 8536,
      "sha256": "8a7a9907b84b7fa0cff90ef2b373cecda04fdc9deebb206e46d459069cd9a41f",
      "executable": false
    },
    {
      "path": "node_modules/ethers/lib.commonjs/abi/typed.js",
      "bytes": 16578,
      "sha256": "8bb3c0686c5ef2eec79cc452ea6a7df674ab536bbc82116f6c9cadde1595669c",
      "executable": false
    },
    {
      "path": "node_modules/ethers/lib.commonjs/abi/typed.js.map",
      "bytes": 13822,
      "sha256": "8096b594381f4fc2851e524d1ebb965f609c75ac44bb470e1ed47bc229f0e9d7",
      "executable": false
    },
    {
      "path": "node_modules/ethers/lib.commonjs/address/address.d.ts",
      "bytes": 2129,
      "sha256": "53cfce94cd12e7e0bd9a5d635dd4929f5883c18135e86290775dea5b920545f8",
      "executable": false
    },
    {
      "path": "node_modules/ethers/lib.commonjs/address/address.d.ts.map",
      "bytes": 300,
      "sha256": "f7b3d83870f70b55d2b0fd7c852d41d75499f99cf4382442fca77cbecc24842d",
      "executable": false
    },
    {
      "path": "node_modules/ethers/lib.commonjs/address/address.js",
      "bytes": 6132,
      "sha256": "6b3aa63e2c8b2367ba06e4428827a87341c1db657b3b5cfa852e8616189becc9",
      "executable": false
    },
    {
      "path": "node_modules/ethers/lib.commonjs/address/address.js.map",
      "bytes": 4380,
      "sha256": "9e053b62a775ecd67f2b668cd66e505f1b016738ba8081a717895644e0736534",
      "executable": false
    },
    {
      "path": "node_modules/ethers/lib.commonjs/address/checks.d.ts",
      "bytes": 2538,
      "sha256": "9df9be9776aae375c562e7115e32fd0f2c2a0598b26ab23c3b0f1408751efecb",
      "executable": false
    },
    {
      "path": "node_modules/ethers/lib.commonjs/address/checks.d.ts.map",
      "bytes": 527,
      "sha256": "c24f55372fbbfca236ca40ce283c8cccb58e4c5e110d51bb8d9b473aa1728d1a",
      "executable": false
    },
    {
      "path": "node_modules/ethers/lib.commonjs/address/checks.js",
      "bytes": 4019,
      "sha256": "bfae8d9fdcc50248e5c2795dfe690ab08d4502e379922a270ac02ee4b52e1a87",
      "executable": false
    },
    {
      "path": "node_modules/ethers/lib.commonjs/address/checks.js.map",
      "bytes": 1580,
      "sha256": "6fa3a23584aed6b20bdb56b5da39bf2d1be5ede0e020ce981b9d5c349530055e",
      "executable": false
    },
    {
      "path": "node_modules/ethers/lib.commonjs/address/contract-address.d.ts",
      "bytes": 1624,
      "sha256": "2d868771bfc205cf27c0b36626e2c3925a55a4fcdb6e4f30f563b0ba98e583c4",
      "executable": false
    },
    {
      "path": "node_modules/ethers/lib.commonjs/address/contract-address.d.ts.map",
      "bytes": 456,
      "sha256": "18751b92710dcbc4e26df59cb1879a7528876edf7ffd4255d03e2fb8680148a0",
      "executable": false
    },
    {
      "path": "node_modules/ethers/lib.commonjs/address/contract-address.js",
      "bytes": 2992,
      "sha256": "9fa1e108e397adb593ab5aa1e86dc22b3ec89cda72194b44030755d625143199",
      "executable": false
    },
    {
      "path": "node_modules/ethers/lib.commonjs/address/contract-address.js.map",
      "bytes": 1398,
      "sha256": "02d02c87694b8e7662eab0a55debdca48fc492cc957ef638d843ba106b0cacbd",
      "executable": false
    },
    {
      "path": "node_modules/ethers/lib.commonjs/address/index.d.ts",
      "bytes": 1720,
      "sha256": "3ebf9d4673a4a8bf80186f47be2697c48fd85b2dbbbfb3718744b9a94ae9bec7",
      "executable": false
    },
    {
      "path": "node_modules/ethers/lib.commonjs/address/index.d.ts.map",
      "bytes": 606,
      "sha256": "c06390b31f1ed8e7265f819c2ff2adb146ae5bceeb9946ecb0e0f4e138964a98",
      "executable": false
    },
    {
      "path": "node_modules/ethers/lib.commonjs/address/index.js",
      "bytes": 1903,
      "sha256": "af61e8c4aaaf6568209b95c3d7a70bdf645c8c6ca381631d8d6dcde7c7ee3aa1",
      "executable": false
    },
    {
      "path": "node_modules/ethers/lib.commonjs/address/index.js.map",
      "bytes": 348,
      "sha256": "92fd7be5dbcdd7211bdb6808b0fafe92705212a49b63ae03a7a1fb3570bd3e28",
      "executable": false
    },
    {
      "path": "node_modules/ethers/lib.commonjs/constants/addresses.d.ts",
      "bytes": 193,
      "sha256": "42a070375b9fa9e09573b391dc15e9751113151288937f6d622373d8705e478a",
      "executable": false
    },
    {
      "path": "node_modules/ethers/lib.commonjs/constants/addresses.d.ts.map",
      "bytes": 176,
      "sha256": "d86c1fee7fcd9816e6f88dbe5ca2cd8fc8cfe05e8b584192922d4ca659b35cb5",
      "executable": false
    },
    {
      "path": "node_modules/ethers/lib.commonjs/constants/addresses.js",
      "bytes": 324,
      "sha256": "5d3ad42a13ab2351bac8ab8547ff427b71ae38d55f4b9da94080c877e627031c",
      "executable": false
    },
    {
      "path": "node_modules/ethers/lib.commonjs/constants/addresses.js.map",
      "bytes": 173,
      "sha256": "4aa25a1a5834b4aff564cd666741de90ea275d976c61efe30b228867b61569b0",
      "executable": false
    },
    {
      "path": "node_modules/ethers/lib.commonjs/constants/hashes.d.ts",
      "bytes": 208,
      "sha256": "77c1edc2eb2c2ef64cc6d45f846dac52c1a1cf0357c28d72a903da58b9fbf56f",
      "executable": false
    },
    {
      "path": "node_modules/ethers/lib.commonjs/constants/hashes.d.ts.map",
      "bytes": 170,
      "sha256": "14d7f190f7342e10e36abd807baecedc9cb44a930e0c6e5c59a93267b1d00b4b",
      "executable": false
    },
    {
      "path": "node_modules/ethers/lib.commonjs/constants/hashes.js",
      "bytes": 360,
      "sha256": "0019dc68da49851784f99e57f4592fe0477c24f8b5991f781931926e2982968f",
      "executable": false
    },
    {
      "path": "node_modules/ethers/lib.commonjs/constants/hashes.js.map",
      "bytes": 167,
      "sha256": "e05e453c2a5a1e285576169534a7937891d8a2ba33c27de32caadf7c5484d659",
      "executable": false
    },
    {
      "path": "node_modules/ethers/lib.commonjs/constants/index.d.ts",
      "bytes": 378,
      "sha256": "8bc016c287b028ceb9ca0438967afc8bd3ec4b0db901f5cc058ebfbe7abd7aab",
      "executable": false
    },
    {
      "path": "node_modules/ethers/lib.commonjs/constants/index.d.ts.map",
      "bytes": 347,
      "sha256": "c8d09a18be28e201360d2446ba7ef5db3252d899aa5eb1ff38481bdc8375fa09",
      "executable": false
    },
    {
      "path": "node_modules/ethers/lib.commonjs/constants/index.js",
      "bytes": 1680,
      "sha256": "bd8a606ece8f8fa3ec7df4d7c918f855d5d6ec102872470ad94bc3d2a2bb6999",
      "executable": false
    },
    {
      "path": "node_modules/ethers/lib.commonjs/constants/index.js.map",
      "bytes": 376,
      "sha256": "8baf0a16c079d4867f65f2c77171fdc6c45e96f55a217d8f64801594e5227c30",
      "executable": false
    },
    {
      "path": "node_modules/ethers/lib.commonjs/constants/numbers.d.ts",
      "bytes": 954,
      "sha256": "f3ccf447160ee55c440b3cdc68bbafd8393c658fb257d557745b861781ecf1d4",
      "executable": false
    },
    {
      "path": "node_modules/ethers/lib.commonjs/constants/numbers.d.ts.map",
      "bytes": 372,
      "sha256": "83f380732d9cc6c29c8881bdcd6252896c2f97269c16c01f8ac989c6d9cf18aa",
      "executable": false
    },
    {
      "path": "node_modules/ethers/lib.commonjs/constants/numbers.js",
      "bytes": 1388,
      "sha256": "4dd785d7cc711f099a548e7a8629f3ab1638a0195fc790fdaf10aa2af22d17fb",
      "executable": false
    },
    {
      "path": "node_modules/ethers/lib.commonjs/constants/numbers.js.map",
      "bytes": 458,
      "sha256": "a171b43821b0665699cf4ae686f4c30f1365bddbad20bc38e70f805cf82ad086",
      "executable": false
    },
    {
      "path": "node_modules/ethers/lib.commonjs/constants/strings.d.ts",
      "bytes": 354,
      "sha256": "34ac47d3fc6b5707ceaf7f0b580ee1805fa393ea045142f659b679e0332c6240",
      "executable": false
    },
    {
      "path": "node_modules/ethers/lib.commonjs/constants/strings.d.ts.map",
      "bytes": 222,
      "sha256": "f531dc9ff391a60a25591641389f7a5cd04db85426a89852d16cb93400a1cee8",
      "executable": false
    },
    {
      "path": "node_modules/ethers/lib.commonjs/constants/strings.js",
      "bytes": 553,
      "sha256": "c6a9fb3a300667ade30855c300af5824f09eb07b30bbfb0ce02f1b4d479095dd",
      "executable": false
    },
    {
      "path": "node_modules/ethers/lib.commonjs/constants/strings.js.map",
      "bytes": 238,
      "sha256": "63133b3f5fd5a0f9e8772580793d28d447261a81f0e63cdfdcc6bc09fefea5df",
      "executable": false
    },
    {
      "path": "node_modules/ethers/lib.commonjs/contract/contract.d.ts",
      "bytes": 6791,
      "sha256": "8418c6ff163da8295c03be007fba44281ce6c56af61c197defd0f8a11d512fed",
      "executable": false
    },
    {
      "path": "node_modules/ethers/lib.commonjs/contract/contract.d.ts.map",
      "bytes": 3547,
      "sha256": "3d11c51e506265320f868a005fb1104f5669b50ea304396a2d0f89fde5645a7e",
      "executable": false
    },
    {
      "path": "node_modules/ethers/lib.commonjs/contract/contract.js",
      "bytes": 36247,
      "sha256": "d2c308a2336f0b89f9e8e91bb72aec79c914c9a9a84bd45c7bcb225945cfa96e",
      "executable": false
    },
    {
      "path": "node_modules/ethers/lib.commonjs/contract/contract.js.map",
      "bytes": 29032,
      "sha256": "fd8c32bb8395b0153b604da8825ed61cf4810ec135cee2d829d38fc235c9ad6f",
      "executable": false
    },
    {
      "path": "node_modules/ethers/lib.commonjs/contract/factory.d.ts",
      "bytes": 2606,
      "sha256": "7334b41305fbb99b9efe411cddcae9ef17fa6d89ab081d26435f0f9a72f065bf",
      "executable": false
    },
    {
      "path": "node_modules/ethers/lib.commonjs/contract/factory.d.ts.map",
      "bytes": 1564,
      "sha256": "fc53703e0b520548e1382d4bfc1398dab22ae87f73b6c32c0ce322e212db0f11",
      "executable": false
    },
    {
      "path": "node_modules/ethers/lib.commonjs/contract/factory.js",
      "bytes": 4459,
      "sha256": "78fd09abe501222a9a84553d8013da0893a5afc026e87f4f1e81c42327674b4c",
      "executable": false
    },
    {
      "path": "node_modules/ethers/lib.commonjs/contract/factory.js.map",
      "bytes": 2936,
      "sha256": "008ddf051affa2b753c4cb4aef3e631aa69a664656787a13bf283ece9d7d41cd",
      "executable": false
    },
    {
      "path": "node_modules/ethers/lib.commonjs/contract/index.d.ts",
      "bytes": 974,
      "sha256": "352d3bb36b12c1799dc302e90f3a9b47385a249fb5df3ce0e4df3cfd726bd746",
      "executable": false
    },
    {
      "path": "node_modules/ethers/lib.commonjs/contract/index.d.ts.map",
      "bytes": 529,
      "sha256": "da4a715577725e26dde17d752d689a61495d72cfb25088c38e95d5ad3ec7268d",
      "executable": false
    },
    {
      "path": "node_modules/ethers/lib.commonjs/contract/index.js",
      "bytes": 2124,
      "sha256": "5362ede26f9c65db10c64e06e42814c9a6307e846f3ee9315d256f21ac2e7d9a",
      "executable": false
    },
    {
      "path": "node_modules/ethers/lib.commonjs/contract/index.js.map",
      "bytes": 377,
      "sha256": "96db019c36f4d692550f85c5192b94c73c9493cf26bf097883da383af0e884f3",
      "executable": false
    },
    {
      "path": "node_modules/ethers/lib.commonjs/contract/types.d.ts",
      "bytes": 6857,
      "sha256": "d0ed250ca7915611e8b150505c4b524a4ecfb1d121ef046b369976bd314698b8",
      "executable": false
    },
    {
      "path": "node_modules/ethers/lib.commonjs/contract/types.d.ts.map",
      "bytes": 3522,
      "sha256": "bc60b1a18571ba885dbeb4d80477493527d8a9e8f4237e3c8f1e3df2207d01a8",
      "executable": false
    },
    {
      "path": "node_modules/ethers/lib.commonjs/contract/types.js",
      "bytes": 116,
      "sha256": "4a93e6ea16f28c11c6c7ce5341818af506d05fb9afd9128270535e80ea5fbec3",
      "executable": false
    },
    {
      "path": "node_modules/ethers/lib.commonjs/contract/types.js.map",
      "bytes": 153,
      "sha256": "80cc739a626aa79142ca0d3ad61978828de02c433a66338daab346e5ce6c75a4",
      "executable": false
    },
    {
      "path": "node_modules/ethers/lib.commonjs/contract/wrappers.d.ts",
      "bytes": 4313,
      "sha256": "14a09b10bcd25f3178c39d53b4160977293bc6bf045e52ee3c08896fdf8f3274",
      "executable": false
    },
    {
      "path": "node_modules/ethers/lib.commonjs/contract/wrappers.d.ts.map",
      "bytes": 2171,
      "sha256": "b793e9e43e36e4a76d01935f65843d85049926a203d2c7c6f4a48c5393686535",
      "executable": false
    },
    {
      "path": "node_modules/ethers/lib.commonjs/contract/wrappers.js",
      "bytes": 5644,
      "sha256": "0c640d904fad10cbd8496687df519ff6d7e072567e7f6b5160e1725264400866",
      "executable": false
    },
    {
      "path": "node_modules/ethers/lib.commonjs/contract/wrappers.js.map",
      "bytes": 3355,
      "sha256": "6729c49a23ada58af2be53d6d77a52e099ae7fcff49b367301b10284b21b46ff",
      "executable": false
    },
    {
      "path": "node_modules/ethers/lib.commonjs/crypto/crypto-browser.d.ts",
      "bytes": 609,
      "sha256": "64e38476609a864082366bfc84e50718a596e191505fbd1b68c52d0afe741608",
      "executable": false
    },
    {
      "path": "node_modules/ethers/lib.commonjs/crypto/crypto-browser.d.ts.map",
      "bytes": 667,
      "sha256": "5b7879a42496c8fa7949f8562c83c1ccdc43c5bc2508af6500f28122c37f2214",
      "executable": false
    },
    {
      "path": "node_modules/ethers/lib.commonjs/crypto/crypto-browser.js",
      "bytes": 2267,
      "sha256": "8a51ccffb74b25948386aa04e8bd2dd2e3f7a0ad0ee947cc4a7c07302f2f7865",
      "executable": false
    },
    {
      "path": "node_modules/ethers/lib.commonjs/crypto/crypto-browser.js.map",
      "bytes": 1890,
      "sha256": "2e689785e354267b65cb32aecf2a43ba464c40728a8457f06d19140306d91744",
      "executable": false
    },
    {
      "path": "node_modules/ethers/lib.commonjs/crypto/crypto.d.ts",
      "bytes": 110,
      "sha256": "0cd11cb899a92aa3f998b339a31e7111bfa01ff00e5470ba2c450b99b67c4e9f",
      "executable": false
    },
    {
      "path": "node_modules/ethers/lib.commonjs/crypto/crypto.d.ts.map",
      "bytes": 189,
      "sha256": "b17be8f7572c4302b097cc03b319bec084f4ecad4f854e5ef37d729212db54cf",
      "executable": false
    },
    {
      "path": "node_modules/ethers/lib.commonjs/crypto/crypto.js",
      "bytes": 712,
      "sha256": "0291e2a48dcfbfa996ac688f366daf129541e4d376057983df9bc0d1ef86e39d",
      "executable": false
    },
    {
      "path": "node_modules/ethers/lib.commonjs/crypto/crypto.js.map",
      "bytes": 215,
      "sha256": "4313dee7cf757a8884d5d29bc439d26eab4516fcce4f863f6bf902d630a50fff",
      "executable": false
    },
    {
      "path": "node_modules/ethers/lib.commonjs/crypto/hmac.d.ts",
      "bytes": 907,
      "sha256": "afd9ebfe2b8ced603e34db1c54c7764c7db7bb9d67c69dd90beaeb4d99e11603",
      "executable": false
    },
    {
      "path": "node_modules/ethers/lib.commonjs/crypto/hmac.d.ts.map",
      "bytes": 302,
      "sha256": "051acec075d71049bd97a386b61b22de4aa0cd6598cbffc9fd8aa3bceb812d6a",
      "executable": false
    },
    {
      "path": "node_modules/ethers/lib.commonjs/crypto/hmac.js",
      "bytes": 1562,
      "sha256": "2e941a9caffed641f0ebdcac89eff405784638e82a45168483c82ecac42d2374",
      "executable": false
    },
    {
      "path": "node_modules/ethers/lib.commonjs/crypto/hmac.js.map",
      "bytes": 964,
      "sha256": "ec1034010a00308d3e41b2a6abc09af9e031d8288b9a9ada212d8cdf3085a64e",
      "executable": false
    },
    {
      "path": "node_modules/ethers/lib.commonjs/crypto/index.d.ts",
      "bytes": 997,
      "sha256": "02d0e3d40ac1e761e16a96c882ae1b75a327d0f20731bbc690c15eba0f6c15bd",
      "executable": false
    },
    {
      "path": "node_modules/ethers/lib.commonjs/crypto/index.d.ts.map",
      "bytes": 796,
      "sha256": "582907dff915329b5a50f320926bf8362093ef40c86c5746b41d8329aa3b29a3",
      "executable": false
    },
    {
      "path": "node_modules/ethers/lib.commonjs/crypto/index.js",
      "bytes": 2794,
      "sha256": "ee1887611b9b2266751699f3a11ce0405541443ba1ad3f4ed29f1fde71574e4f",
      "executable": false
    },
    {
      "path": "node_modules/ethers/lib.commonjs/crypto/index.js.map",
      "bytes": 884,
      "sha256": "566ba494916a5019e0555fb4c40e6cb5f51781fa444588d86377c85b8f1ceb3c",
      "executable": false
    },
    {
      "path": "node_modules/ethers/lib.commonjs/crypto/keccak.d.ts",
      "bytes": 995,
      "sha256": "c2189948d258e7bffb176ec0f982ff136c15f7cb43711a6457ae93d6d1a44575",
      "executable": false
    },
    {
      "path": "node_modules/ethers/lib.commonjs/crypto/keccak.d.ts.map",
      "bytes": 274,
      "sha256": "2cf78f6ac435d6c9a62e161997cc6597acab2b8852916cd1ab5e8249bbb2ac3c",
      "executable": false
    },
    {
      "path": "node_modules/ethers/lib.commonjs/crypto/keccak.js",
      "bytes": 1451,
      "sha256": "ca68418d92aca22a795dec5856f0823040b077f05eb9c077baf9449c7159475a",
      "executable": false
    },
    {
      "path": "node_modules/ethers/lib.commonjs/crypto/keccak.js.map",
      "bytes": 798,
      "sha256": "8d2f7a49f0d0f7d066d9b48d01d19c15847a2f1ea01a7b2cd0881a3a0fde8dd3",
      "executable": false
    },
    {
      "path": "node_modules/ethers/lib.commonjs/crypto/pbkdf2.d.ts",
      "bytes": 1485,
      "sha256": "7d0b3df72dc921d9f438c43ba6cb82683fa79a2ae1566946075ebbd08d830840",
      "executable": false
    },
    {
      "path": "node_modules/ethers/lib.commonjs/crypto/pbkdf2.d.ts.map",
      "bytes": 364,
      "sha256": "763ec3a4d6c7deb566185d0ffea0ae5b54552e7fdd8718bf23344fd2f1f383ba",
      "executable": false
    },
    {
      "path": "node_modules/ethers/lib.commonjs/crypto/pbkdf2.js",
      "bytes": 1862,
      "sha256": "23408cee7967d0b3ccdc3649e5df04ab376b0a4e8990ab93dc023390276f19a5",
      "executable": false
    },
    {
      "path": "node_modules/ethers/lib.commonjs/crypto/pbkdf2.js.map",
      "bytes": 1025,
      "sha256": "a90a9cf775517310e2c831f8c709a1207ad1f5e970461386ae5d09ff23621c14",
      "executable": false
    },
    {
      "path": "node_modules/ethers/lib.commonjs/crypto/random.d.ts",
      "bytes": 409,
      "sha256": "0e2eeffb8a065abf94202469089ca0def7db7d071fffb85c2d20b2a4611a8619",
      "executable": false
    },
    {
      "path": "node_modules/ethers/lib.commonjs/crypto/random.d.ts.map",
      "bytes": 198,
      "sha256": "5b1a25ef8bc3c2c722d502337649334c8103e61d9cc241bdfd4f2069f5581fba",
      "executable": false
    },
    {
      "path": "node_modules/ethers/lib.commonjs/crypto/random.js",
      "bytes": 1158,
      "sha256": "b671b6118c253366f295ccbeeab5cbe14c2f9838808e307b1b9e34183dfecda5",
      "executable": false
    },
    {
      "path": "node_modules/ethers/lib.commonjs/crypto/random.js.map",
      "bytes": 706,
      "sha256": "a290027c451164921190cbdfc91310e671019d361d453bb9a2680f4c5a683dc4",
      "executable": false
    },
    {
      "path": "node_modules/ethers/lib.commonjs/crypto/ripemd160.d.ts",
      "bytes": 639,
      "sha256": "a6fe037550736f4a33d23650cb86ae83e981e3547e143073fd9e6294f5eabb81",
      "executable": false
    },
    {
      "path": "node_modules/ethers/lib.commonjs/crypto/ripemd160.d.ts.map",
      "bytes": 262,
      "sha256": "9408e7e7a0b82599ac5d5f8f6b683528f71c3645e496d9efb3d680c20ff13aca",
      "executable": false
    },
    {
      "path": "node_modules/ethers/lib.commonjs/crypto/ripemd160.js",
      "bytes": 1109,
      "sha256": "272dccf92bbec09798c68864b4b8758d83940556e529958f927dc60ddcbae993",
      "executable": false
    },
    {
      "path": "node_modules/ethers/lib.commonjs/crypto/ripemd160.js.map",
      "bytes": 786,
      "sha256": "14989ee2e29364227b8742ecb68a1ec38e3145d6695cf5d51b292d3cd35328ed",
      "executable": false
    },
    {
      "path": "node_modules/ethers/lib.commonjs/crypto/scrypt.d.ts",
      "bytes": 3748,
      "sha256": "edf4bbbd2c49e1a3ca16db235375e35fdc78c01336526b4ded61b83a1a27be5e",
      "executable": false
    },
    {
      "path": "node_modules/ethers/lib.commonjs/crypto/scrypt.d.ts.map",
      "bytes": 699,
      "sha256": "8c7c32ac3670a6a65b3a9fb370b4bd02813174fd66616144b8cab3c9e4fc02f1",
      "executable": false
    },
    {
      "path": "node_modules/ethers/lib.commonjs/crypto/scrypt.js",
      "bytes": 4131,
      "sha256": "c46dd7a68f2905a7a9d23aaf55f28acbda8753642e637e83d827fc457a7f8713",
      "executable": false
    },
    {
      "path": "node_modules/ethers/lib.commonjs/crypto/scrypt.js.map",
      "bytes": 2038,
      "sha256": "e57ec35323a698b2b0dd0f7d9d3192e1dc96b5f7ff28159cfc8f3b0cea6e453b",
      "executable": false
    },
    {
      "path": "node_modules/ethers/lib.commonjs/crypto/sha2.d.ts",
      "bytes": 1145,
      "sha256": "a91270b389959d4c658eb232bc98ac0d6625a2f5d815922f04184c067cf45ab9",
      "executable": false
    },
    {
      "path": "node_modules/ethers/lib.commonjs/crypto/sha2.d.ts.map",
      "bytes": 346,
      "sha256": "a5599fd1f08ff7f08b7a55714fe1ba5453a4dc8f3ee4973394622c3edaaaea1d",
      "executable": false
    },
    {
      "path": "node_modules/ethers/lib.commonjs/crypto/sha2.js",
      "bytes": 1919,
      "sha256": "173177e9a1e68da13a347cfdb3e27df1f24305da4a95a1b0f15bc4d865f2325a",
      "executable": false
    },
    {
      "path": "node_modules/ethers/lib.commonjs/crypto/sha2.js.map",
      "bytes": 1479,
      "sha256": "c1a34715605abc228a7fb61b2c28d8ea41ea0db14da2fca81c31474613b0637b",
      "executable": false
    },
    {
      "path": "node_modules/ethers/lib.commonjs/crypto/signature.d.ts",
      "bytes": 5058,
      "sha256": "13c4194f23f76b20ef3bd4dd15f6da80806c08eaaff8d8b655a74ee67af2e41b",
      "executable": false
    },
    {
      "path": "node_modules/ethers/lib.commonjs/crypto/signature.d.ts.map",
      "bytes": 2018,
      "sha256": "c301d3d0f8ba6b33c1553f2581b9a489a8bd238adbd4a7771be0bdbb1731baa2",
      "executable": false
    },
    {
      "path": "node_modules/ethers/lib.commonjs/crypto/signature.js",
      "bytes": 11911,
      "sha256": "1b35127577b43c8ee084e2407ec536a0f07059c7f4b904d85f0775156b786734",
      "executable": false
    },
    {
      "path": "node_modules/ethers/lib.commonjs/crypto/signature.js.map",
      "bytes": 8875,
      "sha256": "fd376a4cd0fd513e748eb17e9407b63047f58af82e1ab92a9d2dbe20e2294343",
      "executable": false
    },
    {
      "path": "node_modules/ethers/lib.commonjs/crypto/signing-key.d.ts",
      "bytes": 4140,
      "sha256": "52683c193bf516deb3897278f759d14325baca083deefd36e693e5c09ba436b4",
      "executable": false
    },
    {
      "path": "node_modules/ethers/lib.commonjs/crypto/signing-key.d.ts.map",
      "bytes": 937,
      "sha256": "ad980aadcaeaceb5445d185b3780b7c79879d6656e182a4c300842276060da6d",
      "executable": false
    },
    {
      "path": "node_modules/ethers/lib.commonjs/crypto/signing-key.js",
      "bytes": 6769,
      "sha256": "4447821501cfe073247cfd730ad745bd19be3736c73cc770f982aa461d1a8b75",
      "executable": false
    },
    {
      "path": "node_modules/ethers/lib.commonjs/crypto/signing-key.js.map",
      "bytes": 3276,
      "sha256": "ff9268fb574baf81af01ef36fd832d6a462f3275590f356b38ffff0fbbef9b39",
      "executable": false
    },
    {
      "path": "node_modules/ethers/lib.commonjs/ethers.d.ts",
      "bytes": 5965,
      "sha256": "190bfb8a3040387428311c6da0dfb6250ca70fd45fe19b066e3d20fe042b4be3",
      "executable": false
    },
    {
      "path": "node_modules/ethers/lib.commonjs/ethers.d.ts.map",
      "bytes": 4323,
      "sha256": "a611294e962adbdafb763ff1e4ccd5138ccebd6f0956df21af3ba0649dd28bef",
      "executable": false
    },
    {
      "path": "node_modules/ethers/lib.commonjs/ethers.js",
      "bytes": 29692,
      "sha256": "47f99d7956adc92545bc9475cd1962b9bde40b403c63a4870341d8868f98182a",
      "executable": false
    },
    {
      "path": "node_modules/ethers/lib.commonjs/ethers.js.map",
      "bytes": 4529,
      "sha256": "3f14359bb24b43497d9faec570688dcd6be4f7a6a909be4de1ace41bbcc4d18d",
      "executable": false
    },
    {
      "path": "node_modules/ethers/lib.commonjs/hash/authorization.d.ts",
      "bytes": 721,
      "sha256": "891790a0c6238d37c521c6e37e733a7b9f3e2bcbca4b040e98dcb4fc5f31297a",
      "executable": false
    },
    {
      "path": "node_modules/ethers/lib.commonjs/hash/authorization.d.ts.map",
      "bytes": 567,
      "sha256": "033a4191ae7dbb2cf444d3a4f8d6b3839eb88d56df7dac2ccaab86b42c82ea29",
      "executable": false
    },
    {
      "path": "node_modules/ethers/lib.commonjs/hash/authorization.js",
      "bytes": 1317,
      "sha256": "d700cb76449297102c89e8af56013a84d7d8b7d19241e9c01816ec8cc542a28d",
      "executable": false
    },
    {
      "path": "node_modules/ethers/lib.commonjs/hash/authorization.js.map",
      "bytes": 862,
      "sha256": "92062067db59138dcbe97ac095d44f56a507ae2cf48a538540e318d2c875599c",
      "executable": false
    },
    {
      "path": "node_modules/ethers/lib.commonjs/hash/id.d.ts",
      "bytes": 344,
      "sha256": "3266a03c5946baa44bb5413f01560c1d70b41cc975cccba45d6d257e8ad6e9b6",
      "executable": false
    },
    {
      "path": "node_modules/ethers/lib.commonjs/hash/id.d.ts.map",
      "bytes": 180,
      "sha256": "4213736420b0aaeeeb81ce567ba2999cabc6c0cee0c77986e8175d143172c5f4",
      "executable": false
    },
    {
      "path": "node_modules/ethers/lib.commonjs/hash/id.js",
      "bytes": 602,
      "sha256": "ab4a5bbcc97e24fa10d2e44611a5790087b25d33853f183a81d08c0c46ec7d43",
      "executable": false
    },
    {
      "path": "node_modules/ethers/lib.commonjs/hash/id.js.map",
      "bytes": 265,
      "sha256": "6b53696c144e595e2b2887d3572be2e839edb2d03706f48d75b83a20c828629f",
      "executable": false
    },
    {
      "path": "node_modules/ethers/lib.commonjs/hash/index.d.ts",
      "bytes": 764,
      "sha256": "a061f40fd57f34ae7bf038f9ee41c2fa83145f054adbda9be5cbf8a93b607209",
      "executable": false
    },
    {
      "path": "node_modules/ethers/lib.commonjs/hash/index.d.ts.map",
      "bytes": 566,
      "sha256": "729dc8a6fa2a39a2c02c7dc0b34b476c0e80d3eab5bbeefc9e0eac0a37a5f795",
      "executable": false
    },
    {
      "path": "node_modules/ethers/lib.commonjs/hash/index.js",
      "bytes": 2749,
      "sha256": "f24fce8369f3b66ae9854889062f658e6850d145fa68a5b1a480452627cbd1cd",
      "executable": false
    },
    {
      "path": "node_modules/ethers/lib.commonjs/hash/index.js.map",
      "bytes": 515,
      "sha256": "a3d787bd9a414c7413be9d95ebeb93a07704878d7386954efc3f954c5532d02a",
      "executable": false
    },
    {
      "path": "node_modules/ethers/lib.commonjs/hash/message.d.ts",
      "bytes": 1212,
      "sha256": "2b00099841c56a96fa1b9c0444e95503e4467528f331685665ef74397b95c656",
      "executable": false
    },
    {
      "path": "node_modules/ethers/lib.commonjs/hash/message.d.ts.map",
      "bytes": 361,
      "sha256": "31ff77a853a3815e2a008c1b47fe81e18b31aaf4157de4da83b8f65af69c2e93",
      "executable": false
    },
    {
      "path": "node_modules/ethers/lib.commonjs/hash/message.js",
      "bytes": 1879,
      "sha256": "06e6e0e3e5284eef5422ae5a5f495b580f3ebf88ee3f5ac0a6a3f1d512657dca",
      "executable": false
    },
    {
      "path": "node_modules/ethers/lib.commonjs/hash/message.js.map",
      "bytes": 687,
      "sha256": "3f77b95db46b05e0da889a0c2caf783bc2e562b9e41d5993aaa38dcfefd42a06",
      "executable": false
    },
    {
      "path": "node_modules/ethers/lib.commonjs/hash/namehash.d.ts",
      "bytes": 611,
      "sha256": "5ba98fa53903226fa84855af5757147f3926e84cdceb8c9653c217aef3d54362",
      "executable": false
    },
    {
      "path": "node_modules/ethers/lib.commonjs/hash/namehash.d.ts.map",
      "bytes": 415,
      "sha256": "30e3674c1b1f03276f7fadcfc7d235e77b0160c88dab35c2f6c94b63ffd16184",
      "executable": false
    },
    {
      "path": "node_modules/ethers/lib.commonjs/hash/namehash.js",
      "bytes": 3247,
      "sha256": "5a4cbcb7aee982353229c705d620a6c46f2d88181d77a37f6b5d44239eb8d4c1",
      "executable": false
    },
    {
      "path": "node_modules/ethers/lib.commonjs/hash/namehash.js.map",
      "bytes": 2884,
      "sha256": "a2d28a6b4bbee20f2b14bd8702229519fe0d52b7cea9f300addf2ece94202bbf",
      "executable": false
    },
    {
      "path": "node_modules/ethers/lib.commonjs/hash/solidity.d.ts",
      "bytes": 1216,
      "sha256": "8ac191cee94b0b802d9295377456de2ded468f8212c7c147eed21f69d78b1c2e",
      "executable": false
    },
    {
      "path": "node_modules/ethers/lib.commonjs/hash/solidity.d.ts.map",
      "bytes": 485,
      "sha256": "fc180f03cb5a6b299a37f7a34281e7197e32bd4c54151844a0e8a9c5c1db1cd5",
      "executable": false
    },
    {
      "path": "node_modules/ethers/lib.commonjs/hash/solidity.js",
      "bytes": 4518,
      "sha256": "a36b79a99cb7894af4b5fc73b7cb88e231027c8d1534944c044f2c8976626102",
      "executable": false
    },
    {
      "path": "node_modules/ethers/lib.commonjs/hash/solidity.js.map",
      "bytes": 3503,
      "sha256": "b5a7ed4696f42a63c4d05be491cd89178dcebcc6fafd77db35b491e6dd4918d3",
      "executable": false
    },
    {
      "path": "node_modules/ethers/lib.commonjs/hash/typed-data.d.ts",
      "bytes": 5377,
      "sha256": "057980116843d7c307b7b9df0df6272fbb12b48e3a4b386fa4960cb39f40c085",
      "executable": false
    },
    {
      "path": "node_modules/ethers/lib.commonjs/hash/typed-data.d.ts.map",
      "bytes": 3042,
      "sha256": "2be8fa6753e5fd4635e04cd4b8c39f17cf148b2e61cfcb53878133127737fd96",
      "executable": false
    },
    {
      "path": "node_modules/ethers/lib.commonjs/hash/typed-data.js",
      "bytes": 20748,
      "sha256": "e7e176b766d887594510706e45c0d1aa7312bd55d8f017d382fd6df3305b7a39",
      "executable": false
    },
    {
      "path": "node_modules/ethers/lib.commonjs/hash/typed-data.js.map",
      "bytes": 17234,
      "sha256": "5b645a587bcc00b23449444574ab6f2fcc3e7fbb2375a409df56fb1ce3ce4035",
      "executable": false
    },
    {
      "path": "node_modules/ethers/lib.commonjs/index.d.ts",
      "bytes": 352,
      "sha256": "e981c8c1e332df4f83dd27eeb3b0557a8afd36ffc5110b09e60d0a1a5b8c682a",
      "executable": false
    },
    {
      "path": "node_modules/ethers/lib.commonjs/index.d.ts.map",
      "bytes": 208,
      "sha256": "e75f2701c1d3b05fc78209d91d079712f56c5cc544311c09e0ffcecf6b9bb032",
      "executable": false
    },
    {
      "path": "node_modules/ethers/lib.commonjs/index.js",
      "bytes": 540,
      "sha256": "17771082edebd848a7e261149bbbbe3221e58825517dc79255a4b9376f21ad82",
      "executable": false
    },
    {
      "path": "node_modules/ethers/lib.commonjs/index.js.map",
      "bytes": 159,
      "sha256": "e6085650646db0dc7e37798978bba4296e10a3a880d39aae303f7d12f793679c",
      "executable": false
    },
    {
      "path": "node_modules/ethers/lib.commonjs/package.json",
      "bytes": 440,
      "sha256": "9177de1f0725735d11b559b89a246932e5640531f046d63feaff45de1bf2fe08",
      "executable": false
    },
    {
      "path": "node_modules/ethers/lib.commonjs/providers/abstract-provider.d.ts",
      "bytes": 16097,
      "sha256": "e8b5ea1f3bc2c2397a8a793970a1c3b4b7664254104d55bd3520958f840d3b9e",
      "executable": false
    },
    {
      "path": "node_modules/ethers/lib.commonjs/providers/abstract-provider.d.ts.map",
      "bytes": 8895,
      "sha256": "35f6f591e6f874f2a0f6bc327d302aebf60bee2acaa42b069482c6c5c750d07b",
      "executable": false
    },
    {
      "path": "node_modules/ethers/lib.commonjs/providers/abstract-provider.js",
      "bytes": 53285,
      "sha256": "35d3c2a1811529cdaabb5f8f907b75691e5879cbdf0d124b3cfb15a54d2a3beb",
      "executable": false
    },
    {
      "path": "node_modules/ethers/lib.commonjs/providers/abstract-provider.js.map",
      "bytes": 43155,
      "sha256": "5c12cc4680392fa42c72f8dca5d7cd5278cd743a6568952038815b50766cfded",
      "executable": false
    },
    {
      "path": "node_modules/ethers/lib.commonjs/providers/abstract-signer.d.ts",
      "bytes": 3145,
      "sha256": "afee3d5f2fd0092e4e9e2a03bde1729b599e0521e763dd145a7489a8ba97e63b",
      "executable": false
    },
    {
      "path": "node_modules/ethers/lib.commonjs/providers/abstract-signer.d.ts.map",
      "bytes": 2140,
      "sha256": "8f480446c111b449443c51ab3345f71b73f5d83ed99b1e267447e8dd66c3a468",
      "executable": false
    },
    {
      "path": "node_modules/ethers/lib.commonjs/providers/abstract-signer.js",
      "bytes": 10420,
      "sha256": "5e89ed4eb0004e387d981f8ef8c30e05b18289903b665115f5c315d6885dae42",
      "executable": false
    },
    {
      "path": "node_modules/ethers/lib.commonjs/providers/abstract-signer.js.map",
      "bytes": 7239,
      "sha256": "ba614cc8b474a2696c92047772de2cc7a1333780ee555d8e59d7bf5615e831fb",
      "executable": false
    },
    {
      "path": "node_modules/ethers/lib.commonjs/providers/community.d.ts",
      "bytes": 974,
      "sha256": "82af483335b93a35000fca8ed01c5f8c7aa23bee91896d6daafac88e4bf263bf",
      "executable": false
    },
    {
      "path": "node_modules/ethers/lib.commonjs/providers/community.d.ts.map",
      "bytes": 295,
      "sha256": "1227df5a0f4556f935b3c6ebe9b361b464103ba460bdcc6e535a970d08129569",
      "executable": false
    },
    {
      "path": "node_modules/ethers/lib.commonjs/providers/community.js",
      "bytes": 1704,
      "sha256": "4916ae23218cfa2c53c425ecec53217ad41301562612c927d91079e553b29851",
      "executable": false
    },
    {
      "path": "node_modules/ethers/lib.commonjs/providers/community.js.map",
      "bytes": 890,
      "sha256": "8f2bcf1d88e6a7a1c6b28bfdffb184872799637eec8d3afd35374c9c52fc2383",
      "executable": false
    },
    {
      "path": "node_modules/ethers/lib.commonjs/providers/contracts.d.ts",
      "bytes": 1252,
      "sha256": "dc0f45854448366e46ed513f5d198379da258376d466f11e6d651dfbb968a3d5",
      "executable": false
    },
    {
      "path": "node_modules/ethers/lib.commonjs/providers/contracts.d.ts.map",
      "bytes": 637,
      "sha256": "5434e77e7fe4ea5ec39db5b5f36c433c54e649296d7f79b39c888b6542dab3ef",
      "executable": false
    },
    {
      "path": "node_modules/ethers/lib.commonjs/providers/contracts.js",
      "bytes": 114,
      "sha256": "f14a59805eb63819f5ec8cb76d6b0887426c550f981ff517e74790eb3f1d8746",
      "executable": false
    },
    {
      "path": "node_modules/ethers/lib.commonjs/providers/contracts.js.map",
      "bytes": 126,
      "sha256": "8edd1845fe5ded3079e55bc08ec32bd82bcda7137ac34d461d5514bf91ad3934",
      "executable": false
    },
    {
      "path": "node_modules/ethers/lib.commonjs/providers/default-provider.d.ts",
      "bytes": 1893,
      "sha256": "209a4f359634064b7e07b300eb87f46909411586015a75d771337301285baf6e",
      "executable": false
    },
    {
      "path": "node_modules/ethers/lib.commonjs/providers/default-provider.d.ts.map",
      "bytes": 442,
      "sha256": "05b94fb7623115142d69cc305c1ce5df4f51d55a151c3fd6fb207f827640fe9b",
      "executable": false
    },
    {
      "path": "node_modules/ethers/lib.commonjs/providers/default-provider.js",
      "bytes": 7788,
      "sha256": "df8ee8bdcbe06877db953f72ba556ca833323516378beabf0b01e86ffcf8ed51",
      "executable": false
    },
    {
      "path": "node_modules/ethers/lib.commonjs/providers/default-provider.js.map",
      "bytes": 3996,
      "sha256": "8bf7414129fbe86bba927c173c93bca76561688f86ba08d18a2dd91038289da3",
      "executable": false
    },
    {
      "path": "node_modules/ethers/lib.commonjs/providers/ens-resolver.d.ts",
      "bytes": 5310,
      "sha256": "c845638f8e301087c49190b9f7c259aa90a79755e23625585e276fe84b3991c3",
      "executable": false
    },
    {
      "path": "node_modules/ethers/lib.commonjs/providers/ens-resolver.d.ts.map",
      "bytes": 2332,
      "sha256": "3b0a38cb5f5594e90f4c2888de6d42135e6d53a898a86b0c25c963512638105c",
      "executable": false
    },
    {
      "path": "node_modules/ethers/lib.commonjs/providers/ens-resolver.js",
      "bytes": 25292,
      "sha256": "3facaf7187a4f91b0578421df86eb38d5bee96f746eb69fb83e27401c680b1c9",
      "executable": false
    },
    {
      "path": "node_modules/ethers/lib.commonjs/providers/ens-resolver.js.map",
      "bytes": 17054,
      "sha256": "0654a685736dea5efd3baa7acf7dea6602f0168d4da548b27b6cf92827b12a5c",
      "executable": false
    },
    {
      "path": "node_modules/ethers/lib.commonjs/providers/format.d.ts",
      "bytes": 1087,
      "sha256": "b31b025f01a686d46771b54ae03b966af7fd9fd0a5480003ab7e390c43752e2e",
      "executable": false
    },
    {
      "path": "node_modules/ethers/lib.commonjs/providers/format.d.ts.map",
      "bytes": 1057,
      "sha256": "16f7bb28eaadf2bb949949cd98d3b63679449e8e49ba7b155f672861738a9acd",
      "executable": false
    },
    {
      "path": "node_modules/ethers/lib.commonjs/providers/format.js",
      "bytes": 10977,
      "sha256": "9a394f4ea8df2d0c8b00925794b789f33c8e5d228bc74e2224ecb961e3ba1d58",
      "executable": false
    },
    {
      "path": "node_modules/ethers/lib.commonjs/providers/format.js.map",
      "bytes": 8080,
      "sha256": "e5ed0be66c6eaf75c32a399a03cecb7ac2ff669894f7fa93fe23ea3a6cad0d45",
      "executable": false
    },
    {
      "path": "node_modules/ethers/lib.commonjs/providers/formatting.d.ts",
      "bytes": 8681,
      "sha256": "05c620cb5382f37a46eef76e57b2769109eff2190c439893d7c40fdd04eb5148",
      "executable": false
    },
    {
      "path": "node_modules/ethers/lib.commonjs/providers/formatting.d.ts.map",
      "bytes": 3292,
      "sha256": "22b350481f8812ca0b6ae6d0e6381230bacdf66e33a8e4d27e7c6f87d2da8d22",
      "executable": false
    },
    {
      "path": "node_modules/ethers/lib.commonjs/providers/formatting.js",
      "bytes": 235,
      "sha256": "ecd2615e6c5599e952a6d64bb317625b7f6c4e2eb062205f82994d41dbede262",
      "executable": false
    },
    {
      "path": "node_modules/ethers/lib.commonjs/providers/formatting.js.map",
      "bytes": 164,
      "sha256": "c66306fb67167d137bae131bab23f1cf2e9fe63a010e33427396c2fd090e3566",
      "executable": false
    },
    {
      "path": "node_modules/ethers/lib.commonjs/providers/index.d.ts",
      "bytes": 3552,
      "sha256": "90e04e44bf25f8b6071d3695296abdcba54bc1803064e48b2e739d273f9eace7",
      "executable": false
    },
    {
      "path": "node_modules/ethers/lib.commonjs/providers/index.d.ts.map",
      "bytes": 2343,
      "sha256": "f3d87c10fb692413757c2172c4389ecb4a671b977baebce3928d4c910c63d0b5",
      "executable": false
    },
    {
      "path": "node_modules/ethers/lib.commonjs/providers/index.js",
      "bytes": 9476,
      "sha256": "fcffabbf768b7a6ad96c429eb3051d212cfedb8251f50ff7c0c7caa6c31c196d",
      "executable": false
    },
    {
      "path": "node_modules/ethers/lib.commonjs/providers/index.js.map",
      "bytes": 1470,
      "sha256": "d16a9a3f41aa400e996c65ad2d1c40d40025300a549da3e6005364e09741820c",
      "executable": false
    },
    {
      "path": "node_modules/ethers/lib.commonjs/providers/network.d.ts",
      "bytes": 3376,
      "sha256": "87180277f45dbc2a384fa331b8db3174ae42f5445955469d1554840b245a76d5",
      "executable": false
    },
    {
      "path": "node_modules/ethers/lib.commonjs/providers/network.d.ts.map",
      "bytes": 1530,
      "sha256": "d0968a83c8952cc1e22cb3bfce22b463f010b3a0e9664c31d74f9287341529b3",
      "executable": false
    },
    {
      "path": "node_modules/ethers/lib.commonjs/providers/network.js",
      "bytes": 13922,
      "sha256": "9992ca65052c69f63beb661400eb77ff227aedbf0479e8f2ef9d42ec69ee02db",
      "executable": false
    },
    {
      "path": "node_modules/ethers/lib.commonjs/providers/network.js.map",
      "bytes": 10866,
      "sha256": "5adfe8dd62a9071dd9554d104eacc4d95eec237514d370c1624fed39113b9a78",
      "executable": false
    },
    {
      "path": "node_modules/ethers/lib.commonjs/providers/pagination.d.ts",
      "bytes": 192,
      "sha256": "b000559850c7766aeb0a13a56f5451e6402feacf34018971e68919362884be0c",
      "executable": false
    },
    {
      "path": "node_modules/ethers/lib.commonjs/providers/pagination.d.ts.map",
      "bytes": 317,
      "sha256": "37a23e753b1f00999e539a376fc40b98c889a2194e182fb9f8150b90a1153fe6",
      "executable": false
    },
    {
      "path": "node_modules/ethers/lib.commonjs/providers/pagination.js",
      "bytes": 115,
      "sha256": "8e97dc66b25390bdad98b2a6a5bf6f69079fb93aea9b26bb7def4217f7bbfab7",
      "executable": false
    },
    {
      "path": "node_modules/ethers/lib.commonjs/providers/pagination.js.map",
      "bytes": 128,
      "sha256": "740c6fb40b44959de2d86ca6783790fca50e1802c9ea66e2aa2be61181e32bf4",
      "executable": false
    },
    {
      "path": "node_modules/ethers/lib.commonjs/providers/plugin-fallback.d.ts",
      "bytes": 695,
      "sha256": "435fb4fb1fd9f596628a47bf8f0b38575d6b3863ce57a3fd85ad0fe0d6294573",
      "executable": false
    },
    {
      "path": "node_modules/ethers/lib.commonjs/providers/plugin-fallback.d.ts.map",
      "bytes": 551,
      "sha256": "beede74b32d06a086c43dc8d1b0d558fb10c6a076ce6b27c4b23bc1869151be5",
      "executable": false
    },
    {
      "path": "node_modules/ethers/lib.commonjs/providers/plugin-fallback.js",
      "bytes": 1201,
      "sha256": "49996bb25ced6ea34446649093563c61062fdde73a86e4d89285d1894ad85216",
      "executable": false
    },
    {
      "path": "node_modules/ethers/lib.commonjs/providers/plugin-fallback.js.map",
      "bytes": 733,
      "sha256": "c6b225a525d6632d1dfbede26fda2b69ca10f7650ed40695b5c5af367e970635",
      "executable": false
    },
    {
      "path": "node_modules/ethers/lib.commonjs/providers/plugins-network.d.ts",
      "bytes": 5569,
      "sha256": "f52c9a59a36b2b80e82108132883624e1ca5889b8161c96685d5b7abf1221d3b",
      "executable": false
    },
    {
      "path": "node_modules/ethers/lib.commonjs/providers/plugins-network.d.ts.map",
      "bytes": 2591,
      "sha256": "1ec1f98e8f31739d1b0f8ec79034591da9b78bcc452cc3b5677f42646178a9f9",
      "executable": false
    },
    {
      "path": "node_modules/ethers/lib.commonjs/providers/plugins-network.js",
      "bytes": 7970,
      "sha256": "6b973a3935160c7c799d7ebd3a2b6b5df272491dd0d67a157ac520a7d88d4af5",
      "executable": false
    },
    {
      "path": "node_modules/ethers/lib.commonjs/providers/plugins-network.js.map",
      "bytes": 3618,
      "sha256": "655f3e58e6b8508be111b2601325916e5fdb346ae0122cc0b189df34bef92218",
      "executable": false
    },
    {
      "path": "node_modules/ethers/lib.commonjs/providers/provider-alchemy.d.ts",
      "bytes": 2001,
      "sha256": "7d03d9adda53f51aba7375d78b50c82a478afa5d601ccadd5c8ef2721c19390d",
      "executable": false
    },
    {
      "path": "node_modules/ethers/lib.commonjs/providers/provider-alchemy.d.ts.map",
      "bytes": 823,
      "sha256": "d59bd7dd5af874a8ecce07b6f8f1b902d885de674e3fdbe4c457be528e70778a",
      "executable": false
    },
    {
      "path": "node_modules/ethers/lib.commonjs/providers/provider-alchemy.js",
      "bytes": 5657,
      "sha256": "64e3508787dc9f936922d6465f154dfc64e2d4b4814c3c7a796ee7d4c3ba44db",
      "executable": false
    },
    {
      "path": "node_modules/ethers/lib.commonjs/providers/provider-alchemy.js.map",
      "bytes": 3261,
      "sha256": "ca6bbbd3af23f75c544e38af5c6eb8634a9fe5646e258d9a1efb688fbe18882e",
      "executable": false
    },
    {
      "path": "node_modules/ethers/lib.commonjs/providers/provider-ankr.d.ts",
      "bytes": 2311,
      "sha256": "9459ddcf024cf57584f329bac738c8a26a8a76bb85b6f97ebaf755d270f1eb45",
      "executable": false
    },
    {
      "path": "node_modules/ethers/lib.commonjs/providers/provider-ankr.d.ts.map",
      "bytes": 908,
      "sha256": "be2e15ccaa6d4b36258949752c5dfe82452aa9ec4aa54e0b012148d8e96ea672",
      "executable": false
    },
    {
      "path": "node_modules/ethers/lib.commonjs/providers/provider-ankr.js",
      "bytes": 5022,
      "sha256": "7f8215a09a3dc3fb9e3b9c1404ef8131263c02c7dadf9cec37f095f9ba6f2515",
      "executable": false
    },
    {
      "path": "node_modules/ethers/lib.commonjs/providers/provider-ankr.js.map",
      "bytes": 2580,
      "sha256": "92590fdad00fbc97392d6faf155168b71ddd5f20f0e918a50476e6beda2465b1",
      "executable": false
    },
    {
      "path": "node_modules/ethers/lib.commonjs/providers/provider-blockscout.d.ts",
      "bytes": 2149,
      "sha256": "098d93d036a4f80dbd002010a940753570dfa293af4ed6e2180e2dec8aa893b5",
      "executable": false
    },
    {
      "path": "node_modules/ethers/lib.commonjs/providers/provider-blockscout.d.ts.map",
      "bytes": 1025,
      "sha256": "2e7ac5727a74e893552bdb7defa3a888ad2bc4d10c4652f1a488e11cea70eb0c",
      "executable": false
    },
    {
      "path": "node_modules/ethers/lib.commonjs/providers/provider-blockscout.js",
      "bytes": 5580,
      "sha256": "85165db11123edb71375bb4e5fcf10221577e7ef828d57e3334539277e5d91ac",
      "executable": false
    },
    {
      "path": "node_modules/ethers/lib.commonjs/providers/provider-blockscout.js.map",
      "bytes": 3124,
      "sha256": "8589bb7a455b68f78216445d3517850b174cec37069a3f46f6bbc598bb716fcc",
      "executable": false
    },
    {
      "path": "node_modules/ethers/lib.commonjs/providers/provider-browser.d.ts",
      "bytes": 3643,
      "sha256": "314359daf8d71a2883cbc054dbf16c4161f1b66c1bc01e0e737262cc0dfaf2ec",
      "executable": false
    },
    {
      "path": "node_modules/ethers/lib.commonjs/providers/provider-browser.d.ts.map",
      "bytes": 2214,
      "sha256": "dc0dbee9e5243bda1947546c6ffad83d9aba402579d88da796cd334518184ab8",
      "executable": false
    },
    {
      "path": "node_modules/ethers/lib.commonjs/providers/provider-browser.js",
      "bytes": 8110,
      "sha256": "e4addd3e3b9e2607a6c9a7581bc71570e7b1b95a6ca84b194761567ecad1471b",
      "executable": false
    },
    {
      "path": "node_modules/ethers/lib.commonjs/providers/provider-browser.js.map",
      "bytes": 6341,
      "sha256": "1841347c4044c4bddc2ebca886e2d161dca6b2e4d08d96bda729b54b6f245144",
      "executable": false
    },
    {
      "path": "node_modules/ethers/lib.commonjs/providers/provider-chainstack.d.ts",
      "bytes": 1686,
      "sha256": "3890ab6996506722cd1fecd0b5b838a5af654836abe484c99696f82dc4147f32",
      "executable": false
    },
    {
      "path": "node_modules/ethers/lib.commonjs/providers/provider-chainstack.d.ts.map",
      "bytes": 791,
      "sha256": "0e20d55b758138659d247332094949865ab7077b814bcbd60b087bedba777527",
      "executable": false
    },
    {
      "path": "node_modules/ethers/lib.commonjs/providers/provider-chainstack.js",
      "bytes": 3616,
      "sha256": "da4e9b617572950cb3c1a2904d436f9a879a94747ede35c2579eadcdd90d683a",
      "executable": false
    },
    {
      "path": "node_modules/ethers/lib.commonjs/providers/provider-chainstack.js.map",
      "bytes": 2151,
      "sha256": "2a84a1906745c54376c91687b3f837b753fe81939618cbaee309d66dd2782288",
      "executable": false
    },
    {
      "path": "node_modules/ethers/lib.commonjs/providers/provider-cloudflare.d.ts",
      "bytes": 404,
      "sha256": "825b9b3691d29482cc2034a8e6292d4800222601c2a883ad3e777182bad6fa04",
      "executable": false
    },
    {
      "path": "node_modules/ethers/lib.commonjs/providers/provider-cloudflare.d.ts.map",
      "bytes": 321,
      "sha256": "2d261515f14ab31de3289822c3ff9477133a25c32ed55c6f7c9e094f232e4f7e",
      "executable": false
    },
    {
      "path": "node_modules/ethers/lib.commonjs/providers/provider-cloudflare.js",
      "bytes": 953,
      "sha256": "4585d9b4e02ef8c9ce88ff94a2157596c0035a82e6de110fa9ac319e96134e40",
      "executable": false
    },
    {
      "path": "node_modules/ethers/lib.commonjs/providers/provider-cloudflare.js.map",
      "bytes": 563,
      "sha256": "83d345e55be9148312770db69ea5adf96b51549daf8d47e94d765398be538a00",
      "executable": false
    },
    {
      "path": "node_modules/ethers/lib.commonjs/providers/provider-etherscan.d.ts",
      "bytes": 4985,
      "sha256": "ce51923912e666f0440bf60da367fa5bb59a33816f093de780d5e350cb02c220",
      "executable": false
    },
    {
      "path": "node_modules/ethers/lib.commonjs/providers/provider-etherscan.d.ts.map",
      "bytes": 2144,
      "sha256": "ca6725d7856558baac284ece1eb38d04730e3e4c245ffeaee397182286f00c28",
      "executable": false
    },
    {
      "path": "node_modules/ethers/lib.commonjs/providers/provider-etherscan.js",
      "bytes": 24945,
      "sha256": "3dbf08bcf32656baa8c1e0e7cdc1f60891f5b4f68608bfff81446bad851be9e3",
      "executable": false
    },
    {
      "path": "node_modules/ethers/lib.commonjs/providers/provider-etherscan.js.map",
      "bytes": 14509,
      "sha256": "840b4768942d6091fc30b874d5e8e5585ce1c8e2c1c1e02c4bca37b13805fd44",
      "executable": false
    },
    {
      "path": "node_modules/ethers/lib.commonjs/providers/provider-fallback.d.ts",
      "bytes": 3501,
      "sha256": "167488303ef27a82d6bf439a7e09901c88ce520b2ca70398698713cf29f7599d",
      "executable": false
    },
    {
      "path": "node_modules/ethers/lib.commonjs/providers/provider-fallback.d.ts.map",
      "bytes": 1709,
      "sha256": "3b80091a98bfb729bbcc545555ac51508f475bf0276fcbab57c6722a54545abf",
      "executable": false
    },
    {
      "path": "node_modules/ethers/lib.commonjs/providers/provider-fallback.js",
      "bytes": 23731,
      "sha256": "ca932f54eb323d810f736d94b59e208c829d177374744a92b748d907579d5c07",
      "executable": false
    },
    {
      "path": "node_modules/ethers/lib.commonjs/providers/provider-fallback.js.map",
      "bytes": 19908,
      "sha256": "ee5fb401a0c99398048be8a20b854039262479245730bb2570db81a3743d47a8",
      "executable": false
    },
    {
      "path": "node_modules/ethers/lib.commonjs/providers/provider-infura.d.ts",
      "bytes": 3755,
      "sha256": "3e6548ae5c61384f7faf2f75793628fe5ef06c56060bffe86bda3cbcc7d94524",
      "executable": false
    },
    {
      "path": "node_modules/ethers/lib.commonjs/providers/provider-infura.d.ts.map",
      "bytes": 1329,
      "sha256": "a7973d9a5454708517e0c4a62a89ef9829f227016493668885975a386553bd5b",
      "executable": false
    },
    {
      "path": "node_modules/ethers/lib.commonjs/providers/provider-infura.js",
      "bytes": 7420,
      "sha256": "b4598207d96155eec218d5f97438410b50edab3211514fab22daac1b876722eb",
      "executable": false
    },
    {
      "path": "node_modules/ethers/lib.commonjs/providers/provider-infura.js.map",
      "bytes": 3598,
      "sha256": "b35826a57ceb5d3a3ed2cf553e0c78b41adb48da2680260b4bfde565afc40a2f",
      "executable": false
    },
    {
      "path": "node_modules/ethers/lib.commonjs/providers/provider-ipcsocket-browser.d.ts",
      "bytes": 130,
      "sha256": "94daf1df14a61f222bcf90b95f9b4eade5cdf1143bf139769a37ff5671f16eb0",
      "executable": false
    },
    {
      "path": "node_modules/ethers/lib.commonjs/providers/provider-ipcsocket-browser.d.ts.map",
      "bytes": 226,
      "sha256": "ec005582d0631f48c14b8d7b7131959b5bf31fd18a9f43f0551903394c629f7e",
      "executable": false
    },
    {
      "path": "node_modules/ethers/lib.commonjs/providers/provider-ipcsocket-browser.js",
      "bytes": 251,
      "sha256": "d28b9df37ed976b7b02c5ac26d670a71304d4ef277082234e0b0f108eeaf3d6e",
      "executable": false
    },
    {
      "path": "node_modules/ethers/lib.commonjs/providers/provider-ipcsocket-browser.js.map",
      "bytes": 207,
      "sha256": "b89bcae289d6d074d42589da19e48820c6568b1d251555c7f1b9ea6eed8de2e7",
      "executable": false
    },
    {
      "path": "node_modules/ethers/lib.commonjs/providers/provider-ipcsocket.d.ts",
      "bytes": 783,
      "sha256": "2a444ea55b9bc6f78215d2462dfdd008a9d2d5f2119ac541ae57b83847e9786a",
      "executable": false
    },
    {
      "path": "node_modules/ethers/lib.commonjs/providers/provider-ipcsocket.d.ts.map",
      "bytes": 574,
      "sha256": "ad10bd977041583abdbf3290f3ab4bd5aee3df7cdedd2284d4280893da418aac",
      "executable": false
    },
    {
      "path": "node_modules/ethers/lib.commonjs/providers/provider-ipcsocket.js",
      "bytes": 2319,
      "sha256": "dc4745b6762a43a7130bbb7fe43bf889170a6d774354a12eb618f67305832851",
      "executable": false
    },
    {
      "path": "node_modules/ethers/lib.commonjs/providers/provider-ipcsocket.js.map",
      "bytes": 2089,
      "sha256": "6c7449b0b35c2bfb44c66190a0bdd157b96c482c71017b257e4a59184a927b82",
      "executable": false
    },
    {
      "path": "node_modules/ethers/lib.commonjs/providers/provider-jsonrpc.d.ts",
      "bytes": 12449,
      "sha256": "25fca633b8863ffd82f264d27c3f3bc70535bf66d484191bf3920bfd8cf7d764",
      "executable": false
    },
    {
      "path": "node_modules/ethers/lib.commonjs/providers/provider-jsonrpc.d.ts.map",
      "bytes": 5365,
      "sha256": "13728e1fe1794d5f6c56c88f661faeba8479d0078b3c88c2f5d3b0b87e5a0cfd",
      "executable": false
    },
    {
      "path": "node_modules/ethers/lib.commonjs/providers/provider-jsonrpc.js",
      "bytes": 40445,
      "sha256": "56841720d3618689c4de8adbf845e672d59941f8ef8e92b0de6d2e7ebcb95ec2",
      "executable": false
    },
    {
      "path": "node_modules/ethers/lib.commonjs/providers/provider-jsonrpc.js.map",
      "bytes": 28332,
      "sha256": "33bfe0f431e8dbad090b31a409c7663978ebf47b55afbdc4b2840d50848598db",
      "executable": false
    },
    {
      "path": "node_modules/ethers/lib.commonjs/providers/provider-pocket.d.ts",
      "bytes": 1979,
      "sha256": "2b4630bc489a8585742ced3952f491fe741d8f38bdd6d205d1a938baccddbda3",
      "executable": false
    },
    {
      "path": "node_modules/ethers/lib.commonjs/providers/provider-pocket.d.ts.map",
      "bytes": 914,
      "sha256": "38862896beb5c78c73b51d9094f90caf9f700958e124be8e8a913ff753e86205",
      "executable": false
    },
    {
      "path": "node_modules/ethers/lib.commonjs/providers/provider-pocket.js",
      "bytes": 3838,
      "sha256": "551433b630953806e1c7eba81c010a1734d7e6ad3ea3cc51cecd3b563421e53f",
      "executable": false
    },
    {
      "path": "node_modules/ethers/lib.commonjs/providers/provider-pocket.js.map",
      "bytes": 2049,
      "sha256": "f4bb0c32bcecace553c69e832bc6ddb8e3a76857955323d2429d8a2d57bc6a91",
      "executable": false
    },
    {
      "path": "node_modules/ethers/lib.commonjs/providers/provider-quicknode.d.ts",
      "bytes": 2178,
      "sha256": "3bba9d77cfa07f2c6d174f804317e14d2573ed8234ec14152e51b207c90d1c47",
      "executable": false
    },
    {
      "path": "node_modules/ethers/lib.commonjs/providers/provider-quicknode.d.ts.map",
      "bytes": 804,
      "sha256": "368b6e8310886d8bb18945d62ad2309ea4b6e664a4448aa5975e8a5ba8324dd2",
      "executable": false
    },
    {
      "path": "node_modules/ethers/lib.commonjs/providers/provider-quicknode.js",
      "bytes": 5882,
      "sha256": "e59396733a902dd0184de8e9cf4a6cc09665d037086a208b8f083b9e548c66ea",
      "executable": false
    },
    {
      "path": "node_modules/ethers/lib.commonjs/providers/provider-quicknode.js.map",
      "bytes": 2377,
      "sha256": "a87f7e24747f8c9b195ec1e9d62605df6f9286dd134d8ca0d1e04ddbde9454f3",
      "executable": false
    },
    {
      "path": "node_modules/ethers/lib.commonjs/providers/provider-socket.d.ts",
      "bytes": 3802,
      "sha256": "55e749e97482f1e8867594715bf2e12cd38a9ff3d5dd4775f8a038b66573608e",
      "executable": false
    },
    {
      "path": "node_modules/ethers/lib.commonjs/providers/provider-socket.d.ts.map",
      "bytes": 1875,
      "sha256": "7a5c5b46e685cf5ee29c1c054e45547597635548aa655f976541aa691d07c179",
      "executable": false
    },
    {
      "path": "node_modules/ethers/lib.commonjs/providers/provider-socket.js",
      "bytes": 10770,
      "sha256": "0bf0aba5de79c5f8fcf6238c62ca9b74bfcb72b9e87ee5a583753b91548ba058",
      "executable": false
    },
    {
      "path": "node_modules/ethers/lib.commonjs/providers/provider-socket.js.map",
      "bytes": 6811,
      "sha256": "9af41656e08e6defb396bb053d68d43b50e565ba4da19b4486e2a0731655d3cc",
      "executable": false
    },
    {
      "path": "node_modules/ethers/lib.commonjs/providers/provider-websocket.d.ts",
      "bytes": 1464,
      "sha256": "c33f0b0ce44cc14942c7fdb26da13b6a2b2f048c9b344f015a3789a7a12604ba",
      "executable": false
    },
    {
      "path": "node_modules/ethers/lib.commonjs/providers/provider-websocket.d.ts.map",
      "bytes": 1070,
      "sha256": "b9d551f66009332197f66ec89f9007ed656dac28e6e4418ad82067ca546bff80",
      "executable": false
    },
    {
      "path": "node_modules/ethers/lib.commonjs/providers/provider-websocket.js",
      "bytes": 2801,
      "sha256": "6c48ce3329492f46269763c86c5f7376f2f4321b200fe3e1a6af0af2cb213db4",
      "executable": false
    },
    {
      "path": "node_modules/ethers/lib.commonjs/providers/provider-websocket.js.map",
      "bytes": 1585,
      "sha256": "a143a8b7dfbe87b2da999d4447f2fd864bb63d120a308ae8d84b66bc6ae2ba92",
      "executable": false
    },
    {
      "path": "node_modules/ethers/lib.commonjs/providers/provider.d.ts",
      "bytes": 41089,
      "sha256": "b199e3fe2e42e49f54a6679ea0194bc72236c0d12058f588a0fe379eb1e5a52a",
      "executable": false
    },
    {
      "path": "node_modules/ethers/lib.commonjs/providers/provider.d.ts.map",
      "bytes": 13390,
      "sha256": "1aeac209c921af12007c6ae36deb2003fe68ef32de0141c08ef8d4e81a1529ca",
      "executable": false
    },
    {
      "path": "node_modules/ethers/lib.commonjs/providers/provider.js",
      "bytes": 44364,
      "sha256": "fc0a34ad2916446126b62fcd6f1b5e0cec509ec01fe329a7626e0b7317c77dac",
      "executable": false
    },
    {
      "path": "node_modules/ethers/lib.commonjs/providers/provider.js.map",
      "bytes": 24973,
      "sha256": "bdd9c3ffaf8875b2c393a7ebef5df4d686868a25d997d4ce34b94870e1439dd3",
      "executable": false
    },
    {
      "path": "node_modules/ethers/lib.commonjs/providers/signer-noncemanager.d.ts",
      "bytes": 1532,
      "sha256": "97a67bba2c8123cd1fc6412042fb38ceee1477e6d844b5ec2dafea21f7f3e6f7",
      "executable": false
    },
    {
      "path": "node_modules/ethers/lib.commonjs/providers/signer-noncemanager.d.ts.map",
      "bytes": 1049,
      "sha256": "e788c74e299255f98c3e9dc5bc7c82926e0d9d508288cdbb589971764799bd3a",
      "executable": false
    },
    {
      "path": "node_modules/ethers/lib.commonjs/providers/signer-noncemanager.js",
      "bytes": 2471,
      "sha256": "9ecf421c9498333c40487976be42a6a3ea7ffcef5b4a27ccd681cd0af14e299e",
      "executable": false
    },
    {
      "path": "node_modules/ethers/lib.commonjs/providers/signer-noncemanager.js.map",
      "bytes": 1810,
      "sha256": "63025aee74b0f4c71c23ae56ef242f6af950e9385e5c0890d372936282725b09",
      "executable": false
    },
    {
      "path": "node_modules/ethers/lib.commonjs/providers/signer.d.ts",
      "bytes": 6220,
      "sha256": "fedb24ddffb67350cee62144c15d470251a1d0637b5ba37da4c836083165ce47",
      "executable": false
    },
    {
      "path": "node_modules/ethers/lib.commonjs/providers/signer.d.ts.map",
      "bytes": 1778,
      "sha256": "d74da1baf6e119db094fea6e459b8fb84b208303a7a85ac473db2b387a12d26a",
      "executable": false
    },
    {
      "path": "node_modules/ethers/lib.commonjs/providers/signer.js",
      "bytes": 111,
      "sha256": "a4d069dcb02131b9ae46ddaf381594e7b58ed61d693fc9e6702e1c4d7e14ae65",
      "executable": false
    },
    {
      "path": "node_modules/ethers/lib.commonjs/providers/signer.js.map",
      "bytes": 120,
      "sha256": "6771493d6c79a93a30485ad779af9cafa71270293d22ee2f8a1b6f7f2e9535f4",
      "executable": false
    },
    {
      "path": "node_modules/ethers/lib.commonjs/providers/subscriber-connection.d.ts",
      "bytes": 709,
      "sha256": "6636880b988746258ec8f03fba033683a5c1b8e2cb28eb3a5984db35b221f456",
      "executable": false
    },
    {
      "path": "node_modules/ethers/lib.commonjs/providers/subscriber-connection.d.ts.map",
      "bytes": 627,
      "sha256": "dda10ff4df933d089c7188eb34231527e7287e7ca2a2b2c2817917c8b4c77c52",
      "executable": false
    },
    {
      "path": "node_modules/ethers/lib.commonjs/providers/subscriber-connection.js",
      "bytes": 1573,
      "sha256": "b2d0b3af6b91244cf79c8993ab46517ebf4eac13f17cf37cba0d25c8844ea49c",
      "executable": false
    },
    {
      "path": "node_modules/ethers/lib.commonjs/providers/subscriber-connection.js.map",
      "bytes": 1477,
      "sha256": "3d2dfdc851e2aaa1c63b73309569b64a7ba334e9d33eab404d63373d5755bb44",
      "executable": false
    },
    {
      "path": "node_modules/ethers/lib.commonjs/providers/subscriber-filterid.d.ts",
      "bytes": 2450,
      "sha256": "a72c8a6b4ea88c20c4b0e0aab6fd8b352ee36d870c4806a91526c8bc764b1b20",
      "executable": false
    },
    {
      "path": "node_modules/ethers/lib.commonjs/providers/subscriber-filterid.d.ts.map",
      "bytes": 1228,
      "sha256": "2a17b275a90cbf435152eb07c29c9dc2d9c9ce50f32fc2372abd324bf8e91ab1",
      "executable": false
    },
    {
      "path": "node_modules/ethers/lib.commonjs/providers/subscriber-filterid.js",
      "bytes": 5830,
      "sha256": "3fb5855164cb42a85639d4c32263eaf32d80e4561e8b2eadcdf67106d0ab675e",
      "executable": false
    },
    {
      "path": "node_modules/ethers/lib.commonjs/providers/subscriber-filterid.js.map",
      "bytes": 4141,
      "sha256": "8bee3ea887abe3cfbedfe9f2be030e8ee4fd7a37a93842994ea01e2b6e52cac3",
      "executable": false
    },
    {
      "path": "node_modules/ethers/lib.commonjs/providers/subscriber-polling.d.ts",
      "bytes": 3232,
      "sha256": "8192008e5b481302fa03ad48b4a6b0c266ef6b53cbb9a9589c3feb94a3515b5d",
      "executable": false
    },
    {
      "path": "node_modules/ethers/lib.commonjs/providers/subscriber-polling.d.ts.map",
      "bytes": 1692,
      "sha256": "b2712dc2ccca6188649665ce01d3532fb0783c454ac6ee27f2224b2fda195491",
      "executable": false
    },
    {
      "path": "node_modules/ethers/lib.commonjs/providers/subscriber-polling.js",
      "bytes": 9251,
      "sha256": "37251d6d6fe068a6f24a83a01fc72ea47a22c86b5129708e8c3e36cf1faaea58",
      "executable": false
    },
    {
      "path": "node_modules/ethers/lib.commonjs/providers/subscriber-polling.js.map",
      "bytes": 6879,
      "sha256": "b315ba8ae3c7435a9a642505b98d6687e56d5accb0ff6bf08fb3bc467c0218e8",
      "executable": false
    },
    {
      "path": "node_modules/ethers/lib.commonjs/providers/ws-browser.d.ts",
      "bytes": 107,
      "sha256": "529d9b7f4bae95357c2a078c62ea0de073a42a2a2178481fa3c3cf7b523375b7",
      "executable": false
    },
    {
      "path": "node_modules/ethers/lib.commonjs/providers/ws-browser.d.ts.map",
      "bytes": 201,
      "sha256": "0b218cf455172413070f9cdbac246b0907da46ffa93678b02425b876d2d442a4",
      "executable": false
    },
    {
      "path": "node_modules/ethers/lib.commonjs/providers/ws-browser.js",
      "bytes": 505,
      "sha256": "6041d6d1ebc8faed70a5f3edd46a097f3fb14373d815fdebcd80c13c80805a8a",
      "executable": false
    },
    {
      "path": "node_modules/ethers/lib.commonjs/providers/ws-browser.js.map",
      "bytes": 449,
      "sha256": "e828e2471245bd35b5a5433eedcf9e9e8057f34f9bc8e4b3e60b39b5518d002a",
      "executable": false
    },
    {
      "path": "node_modules/ethers/lib.commonjs/providers/ws.d.ts",
      "bytes": 64,
      "sha256": "2b550ff58b50e3d9715b4790748c82ebbbf74f4c41824600aa3416b690d54dda",
      "executable": false
    },
    {
      "path": "node_modules/ethers/lib.commonjs/providers/ws.d.ts.map",
      "bytes": 153,
      "sha256": "fee12bd147ddb9a22b13fa9bdd83f7dae0459e1b145fba4a331cedb01e619d1d",
      "executable": false
    },
    {
      "path": "node_modules/ethers/lib.commonjs/providers/ws.js",
      "bytes": 273,
      "sha256": "9e06431925686f3be1ba93a5d6ee96c9628c42081b4471e1f63010b455b616b1",
      "executable": false
    },
    {
      "path": "node_modules/ethers/lib.commonjs/providers/ws.js.map",
      "bytes": 148,
      "sha256": "29d008c73e737325cf6ef5003544ae99f4efe153c8bcb9773e4133d4b5d10c55",
      "executable": false
    },
    {
      "path": "node_modules/ethers/lib.commonjs/README.md",
      "bytes": 396,
      "sha256": "4835a4cfc227b241f9df47fba91cc807b1c0e30163b87c08eee67b9814c0b116",
      "executable": false
    },
    {
      "path": "node_modules/ethers/lib.commonjs/transaction/accesslist.d.ts",
      "bytes": 260,
      "sha256": "0df6ff347a9d41713af680b29476a430d0f0eaa30465efe3ef149cfbc7b63a3b",
      "executable": false
    },
    {
      "path": "node_modules/ethers/lib.commonjs/transaction/accesslist.d.ts.map",
      "bytes": 252,
      "sha256": "4654c338b139f4a2cead73ca05ae3fa25bc8e5f22615bb1ae08c3d34b106b24d",
      "executable": false
    },
    {
      "path": "node_modules/ethers/lib.commonjs/transaction/accesslist.js",
      "bytes": 1770,
      "sha256": "d182799dda06e5af478dd0fc83be279debb7c19e33b84c28bf1ac61031ba12ff",
      "executable": false
    },
    {
      "path": "node_modules/ethers/lib.commonjs/transaction/accesslist.js.map",
      "bytes": 1736,
      "sha256": "52ba7ed1ce46ab491f9d5086063ea8be7516d1d12c6e9b9b6e3b23cdbfdeeb24",
      "executable": false
    },
    {
      "path": "node_modules/ethers/lib.commonjs/transaction/address.d.ts",
      "bytes": 614,
      "sha256": "d95862256da7116eae8b69d1fef8b1ffe47e221787fb7541b90295336731274c",
      "executable": false
    },
    {
      "path": "node_modules/ethers/lib.commonjs/transaction/address.d.ts.map",
      "bytes": 425,
      "sha256": "56a029b706df060ecf94c1ec44af5642a596730878322f5118f242d0679ceef4",
      "executable": false
    },
    {
      "path": "node_modules/ethers/lib.commonjs/transaction/address.js",
      "bytes": 1056,
      "sha256": "f22ac0ac700ef45e33d0e16b551608ee67c0bc10003a7c195eb0b1eaa2ae340d",
      "executable": false
    },
    {
      "path": "node_modules/ethers/lib.commonjs/transaction/address.js.map",
      "bytes": 665,
      "sha256": "238612045ed497a568c76858a531532936128a348b78a374d49a568e98d0bd36",
      "executable": false
    },
    {
      "path": "node_modules/ethers/lib.commonjs/transaction/authorization.d.ts",
      "bytes": 193,
      "sha256": "12a68e03b6c646f7eff6dee0bfad0669aa3f0bf84a62c0fe69c637fd2a4cfb46",
      "executable": false
    },
    {
      "path": "node_modules/ethers/lib.commonjs/transaction/authorization.d.ts.map",
      "bytes": 252,
      "sha256": "d773ae4b69e3a10a5805153fdacfab7466ceb516ead3b8ee1b55c7377a1c1a28",
      "executable": false
    },
    {
      "path": "node_modules/ethers/lib.commonjs/transaction/authorization.js",
      "bytes": 692,
      "sha256": "31a9a5bc6cfc9a7d662d25afa016fbe1cacfe98a1fb5d43ea44f676e492e6257",
      "executable": false
    },
    {
      "path": "node_modules/ethers/lib.commonjs/transaction/authorization.js.map",
      "bytes": 601,
      "sha256": "11bc54b563e65504e300efd97b9788eac044d90914779b57a9bbdad3f6b41a59",
      "executable": false
    },
    {
      "path": "node_modules/ethers/lib.commonjs/transaction/index.d.ts",
      "bytes": 1323,
      "sha256": "32d70e138cd4199ae0516401cbade1343c27baa0b8d451da6d8cf753d5546668",
      "executable": false
    },
    {
      "path": "node_modules/ethers/lib.commonjs/transaction/index.d.ts.map",
      "bytes": 1108,
      "sha256": "89c6836495a29c10d0aa9b8b449b2ffc534e4e5a21f9f74c1d0b85afbd78777a",
      "executable": false
    },
    {
      "path": "node_modules/ethers/lib.commonjs/transaction/index.js",
      "bytes": 1254,
      "sha256": "13c635ec15486b4f247c7229a13f1d2fcdbb99a9d00715598d9356d980595efd",
      "executable": false
    },
    {
      "path": "node_modules/ethers/lib.commonjs/transaction/index.js.map",
      "bytes": 313,
      "sha256": "e00c0645293c87de12b5ba1418bbf4fbaeb2387cd28a941775d0a8e0e1ee1866",
      "executable": false
    },
    {
      "path": "node_modules/ethers/lib.commonjs/transaction/transaction.d.ts",
      "bytes": 13059,
      "sha256": "039cee8feda0a8da4d6a873792b5f935a7eb5ef276bef33f3918b10e96292fd8",
      "executable": false
    },
    {
      "path": "node_modules/ethers/lib.commonjs/transaction/transaction.d.ts.map",
      "bytes": 5952,
      "sha256": "d8c1168fb496b326958602b6e7e18cbaebbf73a4bf117d1eda0e17cc0ee4e483",
      "executable": false
    },
    {
      "path": "node_modules/ethers/lib.commonjs/transaction/transaction.js",
      "bytes": 48444,
      "sha256": "5d1ab70f968b852ae4aa168fea8413d694c22723b2182880358fe98f9fefad8f",
      "executable": false
    },
    {
      "path": "node_modules/ethers/lib.commonjs/transaction/transaction.js.map",
      "bytes": 41239,
      "sha256": "9bf094a4615b35e78694d61d62ffdc95d6c17a9e34dc6b94f211ec2b75be34d0",
      "executable": false
    },
    {
      "path": "node_modules/ethers/lib.commonjs/utils/base58.d.ts",
      "bytes": 873,
      "sha256": "c1d45ad150211313b9f4965a7f984993dc07313a8e81255f3d6d1c2d2b7a8fd9",
      "executable": false
    },
    {
      "path": "node_modules/ethers/lib.commonjs/utils/base58.d.ts.map",
      "bytes": 314,
      "sha256": "bbd9aab63c5991a5a426508fb1404a291ddbebbf5ef72e41b9ccac3751d293fc",
      "executable": false
    },
    {
      "path": "node_modules/ethers/lib.commonjs/utils/base58.js",
      "bytes": 2174,
      "sha256": "bc6901a54f4a72187783c5594fc4c6e21a2f27f94c43c200b107092b09db4566",
      "executable": false
    },
    {
      "path": "node_modules/ethers/lib.commonjs/utils/base58.js.map",
      "bytes": 1560,
      "sha256": "6d0637b4fd1af40475fee80fb4bac03e91e46cbdf9a763248b113258f904518d",
      "executable": false
    },
    {
      "path": "node_modules/ethers/lib.commonjs/utils/base64-browser.d.ts",
      "bytes": 220,
      "sha256": "143c50cf9d69e670767b881cc31f710ca3f96491dd4de645105c706a1606bf51",
      "executable": false
    },
    {
      "path": "node_modules/ethers/lib.commonjs/utils/base64-browser.d.ts.map",
      "bytes": 285,
      "sha256": "0368675b9a5f446d970125b28df18650a4139005324ff49fe5aebab0e6ac4743",
      "executable": false
    },
    {
      "path": "node_modules/ethers/lib.commonjs/utils/base64-browser.js",
      "bytes": 798,
      "sha256": "e40e46136b268a513a38d1faa05f7f27c11141719ce8845f46ff4eb64140d586",
      "executable": false
    },
    {
      "path": "node_modules/ethers/lib.commonjs/utils/base64-browser.js.map",
      "bytes": 825,
      "sha256": "1050c7177d924e26843abc8922dc2fa7f65f5da37fbb5b5521f222c8d1bc0fd9",
      "executable": false
    },
    {
      "path": "node_modules/ethers/lib.commonjs/utils/base64.d.ts",
      "bytes": 1057,
      "sha256": "3099c6d6ca03d5f2098837cac45e7793786c54e06dfa882ff4a854bddeb3f97b",
      "executable": false
    },
    {
      "path": "node_modules/ethers/lib.commonjs/utils/base64.d.ts.map",
      "bytes": 322,
      "sha256": "fc375d722718fb808d4c94973f8b3fd28517a47fa3e5f4898ad3ffd49070a891",
      "executable": false
    },
    {
      "path": "node_modules/ethers/lib.commonjs/utils/base64.js",
      "bytes": 1675,
      "sha256": "1159bf9ded677750169ff7d5b3390742413d2e5c4b24247d1420d8730c2fe973",
      "executable": false
    },
    {
      "path": "node_modules/ethers/lib.commonjs/utils/base64.js.map",
      "bytes": 475,
      "sha256": "7f2485cc2d7499f22975a7f974b8146453c4182064056a49341e5388bc2ee0f5",
      "executable": false
    },
    {
      "path": "node_modules/ethers/lib.commonjs/utils/data.d.ts",
      "bytes": 3180,
      "sha256": "f0b25ecfcc4cad84f95951dbdc13686433c5a7c54deebe9a43b1b4ddee1bb5be",
      "executable": false
    },
    {
      "path": "node_modules/ethers/lib.commonjs/utils/data.d.ts.map",
      "bytes": 1226,
      "sha256": "d9a4d04ddce5e4eebdaeb4335de525d449820ffba4d0ce7297c374364d4965a8",
      "executable": false
    },
    {
      "path": "node_modules/ethers/lib.commonjs/utils/data.js",
      "bytes": 5701,
      "sha256": "94218fa9bce8cc557e54dea061144fc60b1448439ca3f15a069cddeaf3adf2e8",
      "executable": false
    },
    {
      "path": "node_modules/ethers/lib.commonjs/utils/data.js.map",
      "bytes": 4229,
      "sha256": "c2b4269c60eae2cf40158edfab715d6ead58d6422160b75aa242c13798da3c10",
      "executable": false
    },
    {
      "path": "node_modules/ethers/lib.commonjs/utils/errors.d.ts",
      "bytes": 16678,
      "sha256": "fe0c1e2efe12fcc7e0409e799a31b02e3aa3007e516af720106da72e8c22157a",
      "executable": false
    },
    {
      "path": "node_modules/ethers/lib.commonjs/utils/errors.d.ts.map",
      "bytes": 6479,
      "sha256": "66f976528d951a920679a0b117977d2b067ae05ec311c65c10e6656859eb9408",
      "executable": false
    },
    {
      "path": "node_modules/ethers/lib.commonjs/utils/errors.js",
      "bytes": 8173,
      "sha256": "96e0d6db74d5d8e42c5b3c3b158a28bb36538a3f1dd3b091ca1eb4983b7c6557",
      "executable": false
    },
    {
      "path": "node_modules/ethers/lib.commonjs/utils/errors.js.map",
      "bytes": 5533,
      "sha256": "070ac5e5a2b3184b8dc3bd855f28043b4aa9d18186226fffed9e83ba6f6750d5",
      "executable": false
    },
    {
      "path": "node_modules/ethers/lib.commonjs/utils/events.d.ts",
      "bytes": 2302,
      "sha256": "7a8ead38ea10e5187f72c8ff01938f91ee8341bfdf33c467b26d049cf2719530",
      "executable": false
    },
    {
      "path": "node_modules/ethers/lib.commonjs/utils/events.d.ts.map",
      "bytes": 1394,
      "sha256": "632742c6f158cb2122af9065a8fa87488b50b7a37bf4258632d9b88f5c60db86",
      "executable": false
    },
    {
      "path": "node_modules/ethers/lib.commonjs/utils/events.js",
      "bytes": 1288,
      "sha256": "f9c1b9366193e67e2333679b20a11c53af79a3165501ef9c30cf5dba8ad1eb46",
      "executable": false
    },
    {
      "path": "node_modules/ethers/lib.commonjs/utils/events.js.map",
      "bytes": 615,
      "sha256": "cf90a6734a0a9f031a55d7b192a3ce6d02f006ee6d693b353d927ab016136bd3",
      "executable": false
    },
    {
      "path": "node_modules/ethers/lib.commonjs/utils/fetch.d.ts",
      "bytes": 12331,
      "sha256": "c8a94ee463980a023d5b0591edbd32c6c729cb217aa3901b23473295030f4354",
      "executable": false
    },
    {
      "path": "node_modules/ethers/lib.commonjs/utils/fetch.d.ts.map",
      "bytes": 4731,
      "sha256": "198ca79db00874351224243715d23ce1a328660e2a8e9bd54679e85160c757c5",
      "executable": false
    },
    {
      "path": "node_modules/ethers/lib.commonjs/utils/fetch.js",
      "bytes": 29315,
      "sha256": "b4c1b3a53270b05ed298f28f9a020f9a280ea9d221ea14b5ded28131254d8543",
      "executable": false
    },
    {
      "path": "node_modules/ethers/lib.commonjs/utils/fetch.js.map",
      "bytes": 19984,
      "sha256": "439bb818d6fe75d7b456084f410e9193a29562d509d1c06d0547a56349e12651",
      "executable": false
    },
    {
      "path": "node_modules/ethers/lib.commonjs/utils/fixednumber.d.ts",
      "bytes": 9160,
      "sha256": "9a721310a62782bf36638b10fb31aebb3ff34e2857a3fa25f0c243a67b39bff2",
      "executable": false
    },
    {
      "path": "node_modules/ethers/lib.commonjs/utils/fixednumber.d.ts.map",
      "bytes": 2255,
      "sha256": "80c57f76fc02e65102f6574a1d0b90ee588b23e7f249385a6a5f691f6cb9d4d2",
      "executable": false
    },
    {
      "path": "node_modules/ethers/lib.commonjs/utils/fixednumber.js",
      "bytes": 19962,
      "sha256": "0f7684f9e65d66346b41d75f1cc2f0772a1f1ec4b4954c485f8c6c1be8dd0975",
      "executable": false
    },
    {
      "path": "node_modules/ethers/lib.commonjs/utils/fixednumber.js.map",
      "bytes": 13277,
      "sha256": "ef7e2bc5176e0c6cb325eb9a49a96ef4b53e73340864bd36df4ed9d50a58ffde",
      "executable": false
    },
    {
      "path": "node_modules/ethers/lib.commonjs/utils/geturl-browser.d.ts",
      "bytes": 335,
      "sha256": "b3ea4f3cb1a74cc33b05a53306ead10e86ecba946597d395f3bb89be319938e7",
      "executable": false
    },
    {
      "path": "node_modules/ethers/lib.commonjs/utils/geturl-browser.d.ts.map",
      "bytes": 391,
      "sha256": "38e8393c8f775936306883aef806002bb69c0ee711bccf658b5ed1ccbc09c38c",
      "executable": false
    },
    {
      "path": "node_modules/ethers/lib.commonjs/utils/geturl-browser.js",
      "bytes": 2540,
      "sha256": "b8bbdb16813c67bbdb393209bc1f114b998de19dc09a88540e62fbc83e768875",
      "executable": false
    },
    {
      "path": "node_modules/ethers/lib.commonjs/utils/geturl-browser.js.map",
      "bytes": 2304,
      "sha256": "04f773e6ade9a7461b8edc73493c1b29dc4efdc04d97ddfc5947c1aa114a7ee2",
      "executable": false
    },
    {
      "path": "node_modules/ethers/lib.commonjs/utils/geturl.d.ts",
      "bytes": 370,
      "sha256": "32853e5f765babab7f3de559d9ecbe68049dd064e231c2da7e31ec32e0caf28d",
      "executable": false
    },
    {
      "path": "node_modules/ethers/lib.commonjs/utils/geturl.d.ts.map",
      "bytes": 397,
      "sha256": "41e39f8de743c35375cdc3140432f237aaafa2ba23a12638f0c9710ef2d864a4",
      "executable": false
    },
    {
      "path": "node_modules/ethers/lib.commonjs/utils/geturl.js",
      "bytes": 5114,
      "sha256": "bec24b7f9c274a4d456244475b12928dd2cca07e723604d1e3b8ec86300d3730",
      "executable": false
    },
    {
      "path": "node_modules/ethers/lib.commonjs/utils/geturl.js.map",
      "bytes": 4177,
      "sha256": "94ce42e02ad83c275a23b5bb37aaa1e167fab1c37964da0788051f770ce72aaa",
      "executable": false
    },
    {
      "path": "node_modules/ethers/lib.commonjs/utils/index.d.ts",
      "bytes": 2430,
      "sha256": "aa546b567b477fcd690218295cbd9eb877d3e25bdfc049b40973702712d00788",
      "executable": false
    },
    {
      "path": "node_modules/ethers/lib.commonjs/utils/index.d.ts.map",
      "bytes": 1852,
      "sha256": "3f00850ef5901bc5257f8ac3fe26692731b7284184321ba58290bdc0f503c2eb",
      "executable": false
    },
    {
      "path": "node_modules/ethers/lib.commonjs/utils/index.js",
      "bytes": 8439,
      "sha256": "9f2ac07d9b9dd29e51e5ac81a18a72da78e739d831ab948bc66bfba20eae69bb",
      "executable": false
    },
    {
      "path": "node_modules/ethers/lib.commonjs/utils/index.js.map",
      "bytes": 1431,
      "sha256": "43ebfe0211595f732b58787e86699ce60c408293cb425a0218d67f93f89b8b61",
      "executable": false
    },
    {
      "path": "node_modules/ethers/lib.commonjs/utils/maths.d.ts",
      "bytes": 2478,
      "sha256": "ca1b7949fa09108f8890ddefa6ed3d2c3461bb283cd8a09c0d5037ebf032ec71",
      "executable": false
    },
    {
      "path": "node_modules/ethers/lib.commonjs/utils/maths.d.ts.map",
      "bytes": 1203,
      "sha256": "fadcbd64eea653c48025195dfe034ac8f11f26ad8cc0c9196b35e3089350b36a",
      "executable": false
    },
    {
      "path": "node_modules/ethers/lib.commonjs/utils/maths.js",
      "bytes": 8480,
      "sha256": "103a48c11e5305a5f7ff76d7d9cae08b24d82281e46e4bc1466e0b191e66888c",
      "executable": false
    },
    {
      "path": "node_modules/ethers/lib.commonjs/utils/maths.js.map",
      "bytes": 6891,
      "sha256": "7532400ca88a47bca2cb051071c36ec9d943258c8758c007c72772b0c2409217",
      "executable": false
    },
    {
      "path": "node_modules/ethers/lib.commonjs/utils/properties.d.ts",
      "bytes": 624,
      "sha256": "1cdd7ea3d40571e6ed8cd91a1ef9f390c6d845d7adbdde29a61ca1af4036e7c8",
      "executable": false
    },
    {
      "path": "node_modules/ethers/lib.commonjs/utils/properties.d.ts.map",
      "bytes": 551,
      "sha256": "867d38ddef9bf0772066c7c906557d9ba5c4e8634f74c6118c4e45e4db92a513",
      "executable": false
    },
    {
      "path": "node_modules/ethers/lib.commonjs/utils/properties.js",
      "bytes": 1821,
      "sha256": "8a4fd276aaca99e42e848b608d6dfd38dea93f96a026f32999f1986c18ac6413",
      "executable": false
    },
    {
      "path": "node_modules/ethers/lib.commonjs/utils/properties.js.map",
      "bytes": 1702,
      "sha256": "b0035b7e457613436cacf1b102277beb0c5f8de3270a495d896e92afddc4b776",
      "executable": false
    },
    {
      "path": "node_modules/ethers/lib.commonjs/utils/rlp-decode.d.ts",
      "bytes": 245,
      "sha256": "8b49bd9c17fce53462e3c2094d961cb5bca26b3166cdc3e8c6952c00963b6a59",
      "executable": false
    },
    {
      "path": "node_modules/ethers/lib.commonjs/utils/rlp-decode.d.ts.map",
      "bytes": 250,
      "sha256": "1ecc8bae1ece9b29ae89782376725b4404f982beea7b3d14809f188ee18dc7f1",
      "executable": false
    },
    {
      "path": "node_modules/ethers/lib.commonjs/utils/rlp-decode.js",
      "bytes": 3379,
      "sha256": "58b756eaf8c85e6169cdb52153090880c33e23f40f76f437ea6601da42e50766",
      "executable": false
    },
    {
      "path": "node_modules/ethers/lib.commonjs/utils/rlp-decode.js.map",
      "bytes": 3510,
      "sha256": "ad0bba33c0dbf667dd761a60a7fe4f48f479b2938e453c91bd4d8cb93f493546",
      "executable": false
    },
    {
      "path": "node_modules/ethers/lib.commonjs/utils/rlp-encode.d.ts",
      "bytes": 235,
      "sha256": "d07f8e8c858239ee0fa66e25cc9e7034d8fe7b0876be61d3d2d22c06fdc6944d",
      "executable": false
    },
    {
      "path": "node_modules/ethers/lib.commonjs/utils/rlp-encode.d.ts.map",
      "bytes": 240,
      "sha256": "45e7dc18af3114710853150c27f8febbd8a516eab141fa6d57e8010a69d8c5c2",
      "executable": false
    },
    {
      "path": "node_modules/ethers/lib.commonjs/utils/rlp-encode.js",
      "bytes": 1577,
      "sha256": "ac3bd1e71e0cc0151ebce3f571164c6b82f53aaa37e092328d08a2a195310ea6",
      "executable": false
    },
    {
      "path": "node_modules/ethers/lib.commonjs/utils/rlp-encode.js.map",
      "bytes": 1677,
      "sha256": "aae160d8f314b03ed3dcf7f6dfd40608a8167c490e3b43a4ed0229101c164614",
      "executable": false
    },
    {
      "path": "node_modules/ethers/lib.commonjs/utils/rlp.d.ts",
      "bytes": 571,
      "sha256": "e29069b75d8b588f0cd62242dc120178d0518aeddf9757a440cd35c2606de2d6",
      "executable": false
    },
    {
      "path": "node_modules/ethers/lib.commonjs/utils/rlp.d.ts.map",
      "bytes": 372,
      "sha256": "2a0a70a41faa46a738f69643d5f3666492b4216717fca56b8187d047d0fffb79",
      "executable": false
    },
    {
      "path": "node_modules/ethers/lib.commonjs/utils/rlp.js",
      "bytes": 696,
      "sha256": "67256006fb73548108eabbc5868956f52caebad88daa8bba59226f13d5f4135c",
      "executable": false
    },
    {
      "path": "node_modules/ethers/lib.commonjs/utils/rlp.js.map",
      "bytes": 195,
      "sha256": "967995e90f987d5d04d109d5b35213e630eb4f65cba55226e644859d66beb579",
      "executable": false
    },
    {
      "path": "node_modules/ethers/lib.commonjs/utils/units.d.ts",
      "bytes": 1006,
      "sha256": "fa2f8c5eedd3ed40be37deb32999191e1334f03fd402bad36c4b5a6da92470a6",
      "executable": false
    },
    {
      "path": "node_modules/ethers/lib.commonjs/utils/units.d.ts.map",
      "bytes": 506,
      "sha256": "6f4b0b31d50bc3696a01af59ce91b764dc03cb9aded1e109aa1eca20718d5943",
      "executable": false
    },
    {
      "path": "node_modules/ethers/lib.commonjs/utils/units.js",
      "bytes": 3260,
      "sha256": "b4dab8b090da1b16fa86cc4dcae7ad83d692b218cbbb4631271df297b6174a3a",
      "executable": false
    },
    {
      "path": "node_modules/ethers/lib.commonjs/utils/units.js.map",
      "bytes": 1634,
      "sha256": "878994920b9365c15f7b2353735de0766f6b67f7647e2c05fc1f0bd1aa883cba",
      "executable": false
    },
    {
      "path": "node_modules/ethers/lib.commonjs/utils/utf8.d.ts",
      "bytes": 3945,
      "sha256": "2d28f80386b506e00285b9cbd0dc1a695c810cb3bc61e0b2b081aac304ee3bc4",
      "executable": false
    },
    {
      "path": "node_modules/ethers/lib.commonjs/utils/utf8.d.ts.map",
      "bytes": 991,
      "sha256": "9ef109dcda0b7286d03622db2ddbdb22550579b4336aa435668475ab1120b6d0",
      "executable": false
    },
    {
      "path": "node_modules/ethers/lib.commonjs/utils/utf8.js",
      "bytes": 8129,
      "sha256": "f665552162a67b547b1be04b2d1c559349eb0f489f31edb845a2171e192710f8",
      "executable": false
    },
    {
      "path": "node_modules/ethers/lib.commonjs/utils/utf8.js.map",
      "bytes": 6355,
      "sha256": "c02fc8042302c7d5489352d0f9929ac1fd116da4dab8667e26d18889ea69f29a",
      "executable": false
    },
    {
      "path": "node_modules/ethers/lib.commonjs/utils/uuid.d.ts",
      "bytes": 280,
      "sha256": "00f74835b3aaf3690d7480f1ad08fe02593113e38e7a26d7ad27d327f5b9af8f",
      "executable": false
    },
    {
      "path": "node_modules/ethers/lib.commonjs/utils/uuid.d.ts.map",
      "bytes": 226,
      "sha256": "43ab954009dee3243e0c89510e7eb69f959bbbcc4926f85cec01933df64c3753",
      "executable": false
    },
    {
      "path": "node_modules/ethers/lib.commonjs/utils/uuid.js",
      "bytes": 1037,
      "sha256": "442a0e3f717a51c58b1dd5b01ae31ebdb5d4d87e95d3cd3a93d5aa5703703370",
      "executable": false
    },
    {
      "path": "node_modules/ethers/lib.commonjs/utils/uuid.js.map",
      "bytes": 828,
      "sha256": "81118d32d996178fc54463dece44df515495056858d36214b79f0f21b546e5b7",
      "executable": false
    },
    {
      "path": "node_modules/ethers/lib.commonjs/wallet/base-wallet.d.ts",
      "bytes": 2128,
      "sha256": "abef0d03eb94032878417c5594b32bb25a44c14002933fe5b188ce7eb72ee140",
      "executable": false
    },
    {
      "path": "node_modules/ethers/lib.commonjs/wallet/base-wallet.d.ts.map",
      "bytes": 1215,
      "sha256": "a4cea54bb8d354613daf2139b3681beb9f53c0c8ac5f5e1603f7df71ae3f5cf2",
      "executable": false
    },
    {
      "path": "node_modules/ethers/lib.commonjs/wallet/base-wallet.js",
      "bytes": 5126,
      "sha256": "fd16b9463eeb67d5e3e4f63de5bc84c33b6ac9f2d579c4ef3178cb83167d757f",
      "executable": false
    },
    {
      "path": "node_modules/ethers/lib.commonjs/wallet/base-wallet.js.map",
      "bytes": 3658,
      "sha256": "93267a976f76cae541cd7397500379a41b5cda16fb6e55b176bba005712f60d9",
      "executable": false
    },
    {
      "path": "node_modules/ethers/lib.commonjs/wallet/hdwallet.d.ts",
      "bytes": 8335,
      "sha256": "7f1ddcce6f5aa325fbe874137ed533a4e23e557050dfb15747a9e19e2d6b463f",
      "executable": false
    },
    {
      "path": "node_modules/ethers/lib.commonjs/wallet/hdwallet.d.ts.map",
      "bytes": 3250,
      "sha256": "23a4f7832e3942c167d7bff08154f721b38bb6abe9a8dd9b7126e9a64654f87a",
      "executable": false
    },
    {
      "path": "node_modules/ethers/lib.commonjs/wallet/hdwallet.js",
      "bytes": 19978,
      "sha256": "4996fee2da550e04de5c6b1f331232eea3f53553d92fec636085071fc36d13d1",
      "executable": false
    },
    {
      "path": "node_modules/ethers/lib.commonjs/wallet/hdwallet.js.map",
      "bytes": 13242,
      "sha256": "fb8b2021a61f1a340d746de3ec6436861936b9643ad5ae0bd1a9c29fd4d5e725",
      "executable": false
    },
    {
      "path": "node_modules/ethers/lib.commonjs/wallet/index.d.ts",
      "bytes": 1341,
      "sha256": "deef751ee7953fca04f567770514f93f9d2fa1254e5cdcb7da5229757c65ea39",
      "executable": false
    },
    {
      "path": "node_modules/ethers/lib.commonjs/wallet/index.d.ts.map",
      "bytes": 601,
      "sha256": "10937b45d588ab627e0c4ca12359283e11cdea84aca1ad829c08e402bbc790cf",
      "executable": false
    },
    {
      "path": "node_modules/ethers/lib.commonjs/wallet/index.js",
      "bytes": 3563,
      "sha256": "30737258f198ead78d9518cc7ce184db0b876cc6f92eb1007b84d197091b2905",
      "executable": false
    },
    {
      "path": "node_modules/ethers/lib.commonjs/wallet/index.js.map",
      "bytes": 558,
      "sha256": "e8288f43264b914b9922d837c89f11abd4c8ef67250da8ca0944a95505b36ff7",
      "executable": false
    },
    {
      "path": "node_modules/ethers/lib.commonjs/wallet/json-crowdsale.d.ts",
      "bytes": 929,
      "sha256": "a10dc770ceb0a20ecde6e0cc37ed95d1c5390f34eb7d7930407fa700354db3b5",
      "executable": false
    },
    {
      "path": "node_modules/ethers/lib.commonjs/wallet/json-crowdsale.d.ts.map",
      "bytes": 417,
      "sha256": "bc85b53dd6e1d8eacd5a806d1619b18022d95ee5f5072b1a927244495255d09b",
      "executable": false
    },
    {
      "path": "node_modules/ethers/lib.commonjs/wallet/json-crowdsale.js",
      "bytes": 2487,
      "sha256": "758f02b090693b153bc8cad9f8ddb7f1176bbc78c9763bdcd493e53388899ec6",
      "executable": false
    },
    {
      "path": "node_modules/ethers/lib.commonjs/wallet/json-crowdsale.js.map",
      "bytes": 1683,
      "sha256": "6996782021bc344d10b8a359e4fb232907b37fd5e12f51618f27df78368022a5",
      "executable": false
    },
    {
      "path": "node_modules/ethers/lib.commonjs/wallet/json-keystore.d.ts",
      "bytes": 3211,
      "sha256": "0e41bc8a6621ff6901a89fb0cca175731835723a4d9bd6ba3974cd0df809be89",
      "executable": false
    },
    {
      "path": "node_modules/ethers/lib.commonjs/wallet/json-keystore.d.ts.map",
      "bytes": 1406,
      "sha256": "85543dff6c7062629c18693d9eba41b8f961378964888a7e91e586fa37c7ba3f",
      "executable": false
    },
    {
      "path": "node_modules/ethers/lib.commonjs/wallet/json-keystore.js",
      "bytes": 14479,
      "sha256": "5cbfaedd50de30f945d520642523061ae9236234160bc9e6b76c4af5e51e3f03",
      "executable": false
    },
    {
      "path": "node_modules/ethers/lib.commonjs/wallet/json-keystore.js.map",
      "bytes": 11901,
      "sha256": "48a8b0b08e7df5fa8443b8bc1e1406d90dcc5d0e57b95494c4c851a197148d09",
      "executable": false
    },
    {
      "path": "node_modules/ethers/lib.commonjs/wallet/mnemonic.d.ts",
      "bytes": 2319,
      "sha256": "4af291a429ee3d5516e506b507453e6fbc80fcea52bd62ce18190702acb5c807",
      "executable": false
    },
    {
      "path": "node_modules/ethers/lib.commonjs/wallet/mnemonic.d.ts.map",
      "bytes": 1183,
      "sha256": "47587e1a4e455f593493eab9d3d0268001c2b9c42a772fad1a3a151b374df06a",
      "executable": false
    },
    {
      "path": "node_modules/ethers/lib.commonjs/wallet/mnemonic.js",
      "bytes": 6626,
      "sha256": "575e1e397944e8e77a165d58cfa6d4c5caff139d4a9b2eef34b7687cc3402b61",
      "executable": false
    },
    {
      "path": "node_modules/ethers/lib.commonjs/wallet/mnemonic.js.map",
      "bytes": 5386,
      "sha256": "d9587b95312d446cef3a73b2b34d8da905965108dc22868d0007398e8d6b5f61",
      "executable": false
    },
    {
      "path": "node_modules/ethers/lib.commonjs/wallet/utils.d.ts",
      "bytes": 351,
      "sha256": "b424554c62c1b741ac0da65e79b5cddf8b1e228b30d1a73ba8aecedddb78ebde",
      "executable": false
    },
    {
      "path": "node_modules/ethers/lib.commonjs/wallet/utils.d.ts.map",
      "bytes": 410,
      "sha256": "3f93ebb70a095e85b0abf1118c9de09036e84a24cf8254b435edfd218ca0ddbf",
      "executable": false
    },
    {
      "path": "node_modules/ethers/lib.commonjs/wallet/utils.js",
      "bytes": 4441,
      "sha256": "2e64a4fc0f75f869f93e5a0b92e1d6ea9fc90d023b1f81e7f0ca06a2e8e970b6",
      "executable": false
    },
    {
      "path": "node_modules/ethers/lib.commonjs/wallet/utils.js.map",
      "bytes": 2747,
      "sha256": "09446da8bc0bab0f2851c74d625c6ae90b0e9f596ccabc8a717e48b97b922adf",
      "executable": false
    },
    {
      "path": "node_modules/ethers/lib.commonjs/wallet/wallet.d.ts",
      "bytes": 2940,
      "sha256": "aae5435e7c8b476b2b4fd960fb4ca413c9ed6dc8675d8db29a895ff7389e638f",
      "executable": false
    },
    {
      "path": "node_modules/ethers/lib.commonjs/wallet/wallet.d.ts.map",
      "bytes": 1119,
      "sha256": "3282cd1c85992ded5c5dd9cb33a6cd8bd6c0e05fc8c587b429c3efbb7bff3d59",
      "executable": false
    },
    {
      "path": "node_modules/ethers/lib.commonjs/wallet/wallet.js",
      "bytes": 5997,
      "sha256": "ea20742e0d885b84d7938b9f7ba12b31b1a0f5a8a8984cf525c8cb65a39a12a3",
      "executable": false
    },
    {
      "path": "node_modules/ethers/lib.commonjs/wallet/wallet.js.map",
      "bytes": 3459,
      "sha256": "4cc35d5de715e7e67e36316ee3cb131a384f947c4af7639c901b3c797e6012e1",
      "executable": false
    },
    {
      "path": "node_modules/ethers/lib.commonjs/wordlists/bit-reader.d.ts",
      "bytes": 141,
      "sha256": "03487c22bbf8b0fa0ff0b7b865b5339b81a826a3233884102d4ccba8796ec29d",
      "executable": false
    },
    {
      "path": "node_modules/ethers/lib.commonjs/wordlists/bit-reader.d.ts.map",
      "bytes": 229,
      "sha256": "7a5df16bce8d9b2a6c9867058bc6ac0e62e10f59e344a0464310f4852bb5e24f",
      "executable": false
    },
    {
      "path": "node_modules/ethers/lib.commonjs/wordlists/bit-reader.js",
      "bytes": 1145,
      "sha256": "d67f2bceaa62f1cc4f710e8dde6f818810ec2f8c2b97f68c691dfe71f162249b",
      "executable": false
    },
    {
      "path": "node_modules/ethers/lib.commonjs/wordlists/bit-reader.js.map",
      "bytes": 1060,
      "sha256": "fcb04d6a7fdcdb17055b8304fe3bd0f97f8352959e7b9751d8d8ecd6af22db0f",
      "executable": false
    },
    {
      "path": "node_modules/ethers/lib.commonjs/wordlists/decode-owl.d.ts",
      "bytes": 221,
      "sha256": "8c42c85090f1bcbd0523cee41536d0500100e73af5983fe6c7f6aa5bb9089c40",
      "executable": false
    },
    {
      "path": "node_modules/ethers/lib.commonjs/wordlists/decode-owl.d.ts.map",
      "bytes": 309,
      "sha256": "0fc170cde5e86fe05a244e9829b8c63876cbf67802fce5cec7bbc15a3c8e58df",
      "executable": false
    },
    {
      "path": "node_modules/ethers/lib.commonjs/wordlists/decode-owl.js",
      "bytes": 1834,
      "sha256": "a867ed8baf11030b1e5fbe00fdd271edc4d5b95eeec707a2c3ebbe8faa51232f",
      "executable": false
    },
    {
      "path": "node_modules/ethers/lib.commonjs/wordlists/decode-owl.js.map",
      "bytes": 1922,
      "sha256": "dfa3d34ba05bf4088ca067fd14c443b20ddef90dd5db81ee097edced53987867",
      "executable": false
    },
    {
      "path": "node_modules/ethers/lib.commonjs/wordlists/decode-owla.d.ts",
      "bytes": 144,
      "sha256": "5983ead9b6aad7a3512864366014f72032b6a423bd1d661bf814a2a2c83ce083",
      "executable": false
    },
    {
      "path": "node_modules/ethers/lib.commonjs/wordlists/decode-owla.d.ts.map",
      "bytes": 231,
      "sha256": "df79dce9a35c0035f7ee8d4922f0b3b60e58f439935aab18ccf4aaa3b6f8e7c0",
      "executable": false
    },
    {
      "path": "node_modules/ethers/lib.commonjs/wordlists/decode-owla.js",
      "bytes": 1255,
      "sha256": "df490d6b582f6d2713e954661d4504aab0ac7b19d11e70e107a594d27119b59d",
      "executable": false
    },
    {
      "path": "node_modules/ethers/lib.commonjs/wordlists/decode-owla.js.map",
      "bytes": 1202,
      "sha256": "9910ed4bc7257f47ea2fd0c6afd942a2444081dfcb7abba75e0ece05c74effa9",
      "executable": false
    },
    {
      "path": "node_modules/ethers/lib.commonjs/wordlists/generation/encode-latin.d.ts",
      "bytes": 644,
      "sha256": "9fd984d4e94660bda8d5ce949b32dcdd08220635a7db00bb022f2b41734e83bb",
      "executable": false
    },
    {
      "path": "node_modules/ethers/lib.commonjs/wordlists/generation/encode-latin.d.ts.map",
      "bytes": 798,
      "sha256": "5b6d547507798694307b46f72e13f9b7fd077cb2a288ceae51bdfed1834aa73e",
      "executable": false
    },
    {
      "path": "node_modules/ethers/lib.commonjs/wordlists/generation/encode-latin.js",
      "bytes": 12230,
      "sha256": "4de40576fb51b1af27a30204bac26e4a55365ef5cc2b15670693c3406404e1ef",
      "executable": false
    },
    {
      "path": "node_modules/ethers/lib.commonjs/wordlists/generation/encode-latin.js.map",
      "bytes": 10131,
      "sha256": "26b56ee2ab4ac320e19d8a26bcde741602994787f10390605e7648d19c75569f",
      "executable": false
    },
    {
      "path": "node_modules/ethers/lib.commonjs/wordlists/index.d.ts",
      "bytes": 1043,
      "sha256": "43881022601c5fc87ff751cd869103981215489384643c71d5c8e58619f7bc96",
      "executable": false
    },
    {
      "path": "node_modules/ethers/lib.commonjs/wordlists/index.d.ts.map",
      "bytes": 357,
      "sha256": "c36515ed51f741659457329b38ac7a9e8547917af720bc3e8e7a465a691478b0",
      "executable": false
    },
    {
      "path": "node_modules/ethers/lib.commonjs/wordlists/index.js",
      "bytes": 1866,
      "sha256": "85b04d9293fa2a6da31fb2a83b7dff469a28056d100531514d1ab5ffb4103c3a",
      "executable": false
    },
    {
      "path": "node_modules/ethers/lib.commonjs/wordlists/index.js.map",
      "bytes": 321,
      "sha256": "7e0a5585c2c5ec096f949147f7f1a023a8631193390790c02ac1acbe750de8d7",
      "executable": false
    },
    {
      "path": "node_modules/ethers/lib.commonjs/wordlists/lang-cz.d.ts",
      "bytes": 639,
      "sha256": "0154e7bbdf0ddb952e11a7a5f7e43b1862d67a567985437fdddd681f4c9e4075",
      "executable": false
    },
    {
      "path": "node_modules/ethers/lib.commonjs/wordlists/lang-cz.d.ts.map",
      "bytes": 271,
      "sha256": "26c851c40dbfb898a7df3338d6f7ae0a84f8cfd468738d0a6fead99fc5d513a4",
      "executable": false
    },
    {
      "path": "node_modules/ethers/lib.commonjs/wordlists/lang-cz.js",
      "bytes": 8159,
      "sha256": "703b812d7fee2dcb9af26a0d1e2375975c439094154e6880a60f680ce9934fa9",
      "executable": false
    },
    {
      "path": "node_modules/ethers/lib.commonjs/wordlists/lang-cz.js.map",
      "bytes": 514,
      "sha256": "a0b703d548a1c75154683b09a455cbb2830d3fe540b9d3bb70d206d1f19f762a",
      "executable": false
    },
    {
      "path": "node_modules/ethers/lib.commonjs/wordlists/lang-en.d.ts",
      "bytes": 636,
      "sha256": "3fa498ce08b62f4148452e553d138429a5d928f8c39395683ef941856d9d8942",
      "executable": false
    },
    {
      "path": "node_modules/ethers/lib.commonjs/wordlists/lang-en.d.ts.map",
      "bytes": 271,
      "sha256": "b685a2238f96c4c1db421768df8d3af497ee5b4df9ac7e3611e11fa3cd7fe756",
      "executable": false
    },
    {
      "path": "node_modules/ethers/lib.commonjs/wordlists/lang-en.js",
      "bytes": 7038,
      "sha256": "0110f9f3a909a1d6c45d41bf838f1607e55b6dc8c705e4c0f42bd15c6a76fb87",
      "executable": false
    },
    {
      "path": "node_modules/ethers/lib.commonjs/wordlists/lang-en.js.map",
      "bytes": 514,
      "sha256": "3f1972da2de6d0ea2771bdc7982f1dea682a2e053e80a4539552f421fe62f179",
      "executable": false
    },
    {
      "path": "node_modules/ethers/lib.commonjs/wordlists/lang-es.d.ts",
      "bytes": 639,
      "sha256": "206c91c5c29bb0e66b1783262e5b6b0f1504ab033a81024977cc9a4484e36e8f",
      "executable": false
    },
    {
      "path": "node_modules/ethers/lib.commonjs/wordlists/lang-es.d.ts.map",
      "bytes": 271,
      "sha256": "693b408984b4d0845a3a3e822488dba1d6e5bb04fcf5158791adab4222687ae4",
      "executable": false
    },
    {
      "path": "node_modules/ethers/lib.commonjs/wordlists/lang-es.js",
      "bytes": 7303,
      "sha256": "b2828c28c66ca858b73bb9f4d25bcab33804ec09511b8b04ec54c2b9a9570835",
      "executable": false
    },
    {
      "path": "node_modules/ethers/lib.commonjs/wordlists/lang-es.js.map",
      "bytes": 557,
      "sha256": "b658e9e882ad1099941cccf7bed17f23c2b6dac61e521831de872bde31c00abf",
      "executable": false
    },
    {
      "path": "node_modules/ethers/lib.commonjs/wordlists/lang-fr.d.ts",
      "bytes": 638,
      "sha256": "b5e820752d23030fdab51a822e31662a46e09c188d301c31483965b30baeed94",
      "executable": false
    },
    {
      "path": "node_modules/ethers/lib.commonjs/wordlists/lang-fr.d.ts.map",
      "bytes": 271,
      "sha256": "3bb6a51db4266d170738b86908bc3bc155ed1c514aa894e71acebfb5c2cfc09e",
      "executable": false
    },
    {
      "path": "node_modules/ethers/lib.commonjs/wordlists/lang-fr.js",
      "bytes": 9054,
      "sha256": "a2bbf8a91e1a13a99126e8bffdddf443ab8eaf6436d0b8a1e77becb1a2d9aaad",
      "executable": false
    },
    {
      "path": "node_modules/ethers/lib.commonjs/wordlists/lang-fr.js.map",
      "bytes": 557,
      "sha256": "7a3d0eff7221e8c2cc457b15846d75408aba902445e14a95e2b08370781efaff",
      "executable": false
    },
    {
      "path": "node_modules/ethers/lib.commonjs/wordlists/lang-it.d.ts",
      "bytes": 636,
      "sha256": "f909868bbe43d44156945d8c3d1f9f4489e6c7ae42141cfb57a8189428086b0c",
      "executable": false
    },
    {
      "path": "node_modules/ethers/lib.commonjs/wordlists/lang-it.d.ts.map",
      "bytes": 271,
      "sha256": "120261c2d6786e0a96cc876ddd942efad07ee03a968ec732df955c57b3854f59",
      "executable": false
    },
    {
      "path": "node_modules/ethers/lib.commonjs/wordlists/lang-it.js",
      "bytes": 8689,
      "sha256": "69ea10327285cdb9e454364724c87678f1f088026178c59f2f61618c96f70d87",
      "executable": false
    },
    {
      "path": "node_modules/ethers/lib.commonjs/wordlists/lang-it.js.map",
      "bytes": 514,
      "sha256": "b26c66eb7a1366e45609ecc577baa5152f4db22958c468903992068ef22dc8f3",
      "executable": false
    },
    {
      "path": "node_modules/ethers/lib.commonjs/wordlists/lang-ja.d.ts",
      "bytes": 785,
      "sha256": "fc8df545bc58bb69aa4b930f8f6e205e13cbefe6a1fa85b1217f4281f56c503b",
      "executable": false
    },
    {
      "path": "node_modules/ethers/lib.commonjs/wordlists/lang-ja.d.ts.map",
      "bytes": 464,
      "sha256": "260a42c9913c6f1b84ae0b927ebcc21bc2af6e29138481b41fd3590034641e82",
      "executable": false
    },
    {
      "path": "node_modules/ethers/lib.commonjs/wordlists/lang-ja.js",
      "bytes": 13007,
      "sha256": "3b72625736551b9226f515fefede8d1d9859dded84d9889fb7c4c3150320dd85",
      "executable": false
    },
    {
      "path": "node_modules/ethers/lib.commonjs/wordlists/lang-ja.js.map",
      "bytes": 4381,
      "sha256": "75d00f05c26ba7a1b765ea6051f7c6d1afe8ad79c2f336e5846e5ebb92b6012e",
      "executable": false
    },
    {
      "path": "node_modules/ethers/lib.commonjs/wordlists/lang-ko.d.ts",
      "bytes": 701,
      "sha256": "12336beed48c3f0ce3bac5b71841539f62ddd1b0288e108ca1ce7ce951cf6129",
      "executable": false
    },
    {
      "path": "node_modules/ethers/lib.commonjs/wordlists/lang-ko.d.ts.map",
      "bytes": 352,
      "sha256": "32e621955c8a2b0a6be8323ebdcf804226e235c3ccc3372d983a8b43b54c05bb",
      "executable": false
    },
    {
      "path": "node_modules/ethers/lib.commonjs/wordlists/lang-ko.js",
      "bytes": 14535,
      "sha256": "a2cdde69b4ea1ebef4576d46a6892fd00c5d23d50532113edfc5f300627749d0",
      "executable": false
    },
    {
      "path": "node_modules/ethers/lib.commonjs/wordlists/lang-ko.js.map",
      "bytes": 2154,
      "sha256": "64f02b53a39628d734637d8ca62a0d6e31f6ab9774aa0b9b2e02d734b297846e",
      "executable": false
    },
    {
      "path": "node_modules/ethers/lib.commonjs/wordlists/lang-pt.d.ts",
      "bytes": 639,
      "sha256": "1cecf5360f1fffa45f72c287f51be1ea3e12e7a92d5047750993f0b7101c7557",
      "executable": false
    },
    {
      "path": "node_modules/ethers/lib.commonjs/wordlists/lang-pt.d.ts.map",
      "bytes": 271,
      "sha256": "a48e9d1196131763549b520c790ae8eb9ae558a73b9062b9416db69239b4e548",
      "executable": false
    },
    {
      "path": "node_modules/ethers/lib.commonjs/wordlists/lang-pt.js",
      "bytes": 8528,
      "sha256": "e4848e099e22480ce7a84374a4711b9faa747b2489203c7c7a5a860132c949ab",
      "executable": false
    },
    {
      "path": "node_modules/ethers/lib.commonjs/wordlists/lang-pt.js.map",
      "bytes": 514,
      "sha256": "f6772d22f3773a3b7763f03a44088bbc6ff7079b1f01cf101c8bfb3feff4a93a",
      "executable": false
    },
    {
      "path": "node_modules/ethers/lib.commonjs/wordlists/lang-zh.d.ts",
      "bytes": 1059,
      "sha256": "997e3cd9dc0b53fc3270eb75935d99479ed3b2a087544a2499737689b11e2a1e",
      "executable": false
    },
    {
      "path": "node_modules/ethers/lib.commonjs/wordlists/lang-zh.d.ts.map",
      "bytes": 455,
      "sha256": "cfc20a8c84adbfb14090575b9cbda329e366555dc11ea70afab06d0bee65e8f2",
      "executable": false
    },
    {
      "path": "node_modules/ethers/lib.commonjs/wordlists/lang-zh.js",
      "bytes": 11008,
      "sha256": "312781a7dc4224e764ec6bf62ef666cb39ee677ca77a9ae5bf9952e3dcbe1522",
      "executable": false
    },
    {
      "path": "node_modules/ethers/lib.commonjs/wordlists/lang-zh.js.map",
      "bytes": 2585,
      "sha256": "c4bfa1eb0a985caebd84db8175ccad21364297423a48669a735b921afdb98890",
      "executable": false
    },
    {
      "path": "node_modules/ethers/lib.commonjs/wordlists/wordlist-owl.d.ts",
      "bytes": 1044,
      "sha256": "b908d48bfaf9a491303e5970101a2b9895cc6f8f4c6abfabd6bb93ca425a22d0",
      "executable": false
    },
    {
      "path": "node_modules/ethers/lib.commonjs/wordlists/wordlist-owl.d.ts.map",
      "bytes": 474,
      "sha256": "7447041e824fdfa590311ad6f0c2c2c4836787fe1e6de81f5dabd04da959ed56",
      "executable": false
    },
    {
      "path": "node_modules/ethers/lib.commonjs/wordlists/wordlist-owl.js",
      "bytes": 2371,
      "sha256": "112be914bd4791076e9282341e87531bcfe8568a0b14e5222204ce63e6e7f1b3",
      "executable": false
    },
    {
      "path": "node_modules/ethers/lib.commonjs/wordlists/wordlist-owl.js.map",
      "bytes": 1410,
      "sha256": "29e20b4ff50c305ce2a3e53f82567d838881307ab245a1e76fea01304b1fbd2e",
      "executable": false
    },
    {
      "path": "node_modules/ethers/lib.commonjs/wordlists/wordlist-owla.d.ts",
      "bytes": 982,
      "sha256": "96d22cd33030a9b7bab47064406ef0fbf7502fd2b2779af845bb63c27e8ca92e",
      "executable": false
    },
    {
      "path": "node_modules/ethers/lib.commonjs/wordlists/wordlist-owla.d.ts.map",
      "bytes": 415,
      "sha256": "13758b316c8080a855f2713a7b51e60b6e87f77b31df7e660830702d81e52b4f",
      "executable": false
    },
    {
      "path": "node_modules/ethers/lib.commonjs/wordlists/wordlist-owla.js",
      "bytes": 1316,
      "sha256": "cfb3feba246d0279368c3141d4f035ce3420b033092167a1731a9efc8c19bc01",
      "executable": false
    },
    {
      "path": "node_modules/ethers/lib.commonjs/wordlists/wordlist-owla.js.map",
      "bytes": 569,
      "sha256": "6448653a698f5cfa301682baf826f8bb27a69a66470f5a1a3a90d83f76019d1b",
      "executable": false
    },
    {
      "path": "node_modules/ethers/lib.commonjs/wordlists/wordlist.d.ts",
      "bytes": 1650,
      "sha256": "486a4acd1ddabb05055e75770bd51ffa166b1ac3940ec4019761f06c3c3b1d6c",
      "executable": false
    },
    {
      "path": "node_modules/ethers/lib.commonjs/wordlists/wordlist.d.ts.map",
      "bytes": 496,
      "sha256": "42d3b13706b564df4f9603a6551197cf8bcf9577f0d69dbba08dd54f7b41da5a",
      "executable": false
    },
    {
      "path": "node_modules/ethers/lib.commonjs/wordlists/wordlist.js",
      "bytes": 1564,
      "sha256": "198d248815ef4c374ce92929886455e17a9627e39f72fd5827089efcdc58869a",
      "executable": false
    },
    {
      "path": "node_modules/ethers/lib.commonjs/wordlists/wordlist.js.map",
      "bytes": 504,
      "sha256": "56d9a8520a6d137f5f5eafc6b42c219f15aff856d60fd70068faaacffbbb1e27",
      "executable": false
    },
    {
      "path": "node_modules/ethers/lib.commonjs/wordlists/wordlists-browser.d.ts",
      "bytes": 152,
      "sha256": "821c80cd6b923d8e3f842d05bb92e69fea2989afa27db821720e68c2220cd38a",
      "executable": false
    },
    {
      "path": "node_modules/ethers/lib.commonjs/wordlists/wordlists-browser.d.ts.map",
      "bytes": 250,
      "sha256": "95c84a207b54294a2b3d447062228bbcc9c878c1cdc01847a100640782cd5beb",
      "executable": false
    },
    {
      "path": "node_modules/ethers/lib.commonjs/wordlists/wordlists-browser.js",
      "bytes": 261,
      "sha256": "db5d570168a00a649916f4b1828101ea31435b66891125a6d2db5f9fdc406186",
      "executable": false
    },
    {
      "path": "node_modules/ethers/lib.commonjs/wordlists/wordlists-browser.js.map",
      "bytes": 226,
      "sha256": "071f9546828ec14acc1bffc0388296597974acdd93d71455b0d547a70fe54b9b",
      "executable": false
    },
    {
      "path": "node_modules/ethers/lib.commonjs/wordlists/wordlists-extra.d.ts",
      "bytes": 357,
      "sha256": "0a9d1c6c00ab47eadbe8d21dc420603b1cc4d7f400663d0d9c10d2831e01e9d9",
      "executable": false
    },
    {
      "path": "node_modules/ethers/lib.commonjs/wordlists/wordlists-extra.d.ts.map",
      "bytes": 466,
      "sha256": "01a6416b00550af67a1066d143d50411f5f9cabe294559d083ab89d836bad62a",
      "executable": false
    },
    {
      "path": "node_modules/ethers/lib.commonjs/wordlists/wordlists-extra.js",
      "bytes": 1528,
      "sha256": "7bf9b7cdb87075f577cba7dc6aa94680f008eb70a0249691bc594dc89fb9d674",
      "executable": false
    },
    {
      "path": "node_modules/ethers/lib.commonjs/wordlists/wordlists-extra.js.map",
      "bytes": 412,
      "sha256": "e68672a03f8e5952b5049a2aed85fca1ce1a162ea7c71c52106e1ffe0052bdfe",
      "executable": false
    },
    {
      "path": "node_modules/ethers/lib.commonjs/wordlists/wordlists.d.ts",
      "bytes": 658,
      "sha256": "cd564236c3689e0237b1b16c779deba4bf0905949b2cd1332b867a255a1fca61",
      "executable": false
    },
    {
      "path": "node_modules/ethers/lib.commonjs/wordlists/wordlists.d.ts.map",
      "bytes": 255,
      "sha256": "0e3c2231ef11f36409ab9c9610d9b7a356acdc547ea35b20e0645a375ed0633c",
      "executable": false
    },
    {
      "path": "node_modules/ethers/lib.commonjs/wordlists/wordlists.js",
      "bytes": 1509,
      "sha256": "23a03f7f67ccf145d5df5152709dda4a813828d6cc6e34dc495a4a3fd2ae5241",
      "executable": false
    },
    {
      "path": "node_modules/ethers/lib.commonjs/wordlists/wordlists.js.map",
      "bytes": 688,
      "sha256": "1981f7164fbaad1ad57c5095cb635849c2a1187df33cb07d48384938352f7da4",
      "executable": false
    },
    {
      "path": "node_modules/ethers/lib.esm/_version.d.ts",
      "bytes": 119,
      "sha256": "31e313c0dba34e94e0135fe3b19bc3ee155a3958a96a6c60f9242612b6be23c6",
      "executable": false
    },
    {
      "path": "node_modules/ethers/lib.esm/_version.d.ts.map",
      "bytes": 159,
      "sha256": "8f8c3020105f36734df0b701df03a8c9effda66868ee7f778b0194bac6fa62cb",
      "executable": false
    },
    {
      "path": "node_modules/ethers/lib.esm/_version.js",
      "bytes": 180,
      "sha256": "9f1010be12f1a336e30d98736d014bbc489ca99283ea35b6a53190f4b442e806",
      "executable": false
    },
    {
      "path": "node_modules/ethers/lib.esm/_version.js.map",
      "bytes": 174,
      "sha256": "da645a54d8d4ddae42515e9d362c8c45b1efc1e7c94183d62d5c2058bb68fcc9",
      "executable": false
    },
    {
      "path": "node_modules/ethers/lib.esm/abi/abi-coder.d.ts",
      "bytes": 2377,
      "sha256": "3ab09cdc78b5e435e38c90d4d6845abaa6b60adb4c28d1df89b4e957d4107cc9",
      "executable": false
    },
    {
      "path": "node_modules/ethers/lib.esm/abi/abi-coder.d.ts.map",
      "bytes": 985,
      "sha256": "69e8da96d0480fff11353bbc8d72095121993e06b5a7dc2763c1f632366edb7c",
      "executable": false
    },
    {
      "path": "node_modules/ethers/lib.esm/abi/abi-coder.js",
      "bytes": 8081,
      "sha256": "c9f607051d4d742691addac8aee1e847377d1e13650a904d55621fa4cbffe842",
      "executable": false
    },
    {
      "path": "node_modules/ethers/lib.esm/abi/abi-coder.js.map",
      "bytes": 6675,
      "sha256": "9e857984248f473349da7a9fb26f10ca27f4001942f17b914ca47c1a76316cca",
      "executable": false
    },
    {
      "path": "node_modules/ethers/lib.esm/abi/bytes32.d.ts",
      "bytes": 423,
      "sha256": "033d848b02f3948d2fb4feb7fba98e9cc3cba797b417210f30454491b2d9170c",
      "executable": false
    },
    {
      "path": "node_modules/ethers/lib.esm/abi/bytes32.d.ts.map",
      "bytes": 310,
      "sha256": "818f2f1e3df81613389faf4682ec5d79b36e3970a4886c4c0ec2452661e7b0ea",
      "executable": false
    },
    {
      "path": "node_modules/ethers/lib.esm/abi/bytes32.js",
      "bytes": 1195,
      "sha256": "b98ff37ea9e1ec7e6b574c9bb8e2803adac128a2ca1ca5a9c26fc57edb8be6cf",
      "executable": false
    },
    {
      "path": "node_modules/ethers/lib.esm/abi/bytes32.js.map",
      "bytes": 989,
      "sha256": "2909c395b6a64e54c2af244151c3b3d117556dbbef557d0e1f643ff56a22f1f1",
      "executable": false
    },
    {
      "path": "node_modules/ethers/lib.esm/abi/coders/abstract-coder.d.ts",
      "bytes": 3881,
      "sha256": "67dbef5497f47d7f39dfd36d503a2fcd7235296f976ccd7be93bd2ec45945b3c",
      "executable": false
    },
    {
      "path": "node_modules/ethers/lib.esm/abi/coders/abstract-coder.d.ts.map",
      "bytes": 2523,
      "sha256": "6073088c06b2a483865b64d1201699d7fe6d568255461fb69a69da6e7ad6f169",
      "executable": false
    },
    {
      "path": "node_modules/ethers/lib.esm/abi/coders/abstract-coder.js",
      "bytes": 16028,
      "sha256": "0942faf6b3b328ffe5ba427ec04a9382b0695aab0618ccf9ba2efacd307f4242",
      "executable": false
    },
    {
      "path": "node_modules/ethers/lib.esm/abi/coders/abstract-coder.js.map",
      "bytes": 13283,
      "sha256": "e84ecf80ea23248faeedf619d5f43bfd15e236949ca366029c61f4d8ce689980",
      "executable": false
    },
    {
      "path": "node_modules/ethers/lib.esm/abi/coders/address.d.ts",
      "bytes": 408,
      "sha256": "d432f5b818c23b022f0be4ac1b93583aac03a5dbbc2f23d2cfdc6acbd8116703",
      "executable": false
    },
    {
      "path": "node_modules/ethers/lib.esm/abi/coders/address.d.ts.map",
      "bytes": 467,
      "sha256": "0b2b1eec0cccf55a79d9f336843dbf3000616f5273956207da3e6ae0d21c8c41",
      "executable": false
    },
    {
      "path": "node_modules/ethers/lib.esm/abi/coders/address.js",
      "bytes": 838,
      "sha256": "2686db1e32d9e2fe65f2d65191d58cccdbe0d59b6f625be154cb44a50ca0600d",
      "executable": false
    },
    {
      "path": "node_modules/ethers/lib.esm/abi/coders/address.js.map",
      "bytes": 882,
      "sha256": "41f0638277cb3b9f8ea48194fa4fcb0e3365139732fc08bc8d4309830b08421a",
      "executable": false
    },
    {
      "path": "node_modules/ethers/lib.esm/abi/coders/anonymous.d.ts",
      "bytes": 452,
      "sha256": "7cec3e1a96117900f40511797aed1d1e68c3d7bd35d6b2a467f837bbe493e8ad",
      "executable": false
    },
    {
      "path": "node_modules/ethers/lib.esm/abi/coders/anonymous.d.ts.map",
      "bytes": 447,
      "sha256": "d6359090f488e829a4292026ef69f2b2044efc6ea98770ffca244feb08f245cb",
      "executable": false
    },
    {
      "path": "node_modules/ethers/lib.esm/abi/coders/anonymous.js",
      "bytes": 577,
      "sha256": "7e5d64424b8a3fe73252d94f8fa2430837ce634e80285e31db56f9ca795a5f84",
      "executable": false
    },
    {
      "path": "node_modules/ethers/lib.esm/abi/coders/anonymous.js.map",
      "bytes": 650,
      "sha256": "ebd9d740713ac4978e7641a47603239d1a6b0f46f4ae405c97ea33d6625b9a7e",
      "executable": false
    },
    {
      "path": "node_modules/ethers/lib.esm/abi/coders/array.d.ts",
      "bytes": 769,
      "sha256": "3124340589a03e45a24b79dd64cb60304a057bbec9776ea16f8d55f783a2b531",
      "executable": false
    },
    {
      "path": "node_modules/ethers/lib.esm/abi/coders/array.d.ts.map",
      "bytes": 901,
      "sha256": "ed22d5a3951097526a2ddc38381c386242a388c7e2efcde365fbd13fcdc37833",
      "executable": false
    },
    {
      "path": "node_modules/ethers/lib.esm/abi/coders/array.js",
      "bytes": 5949,
      "sha256": "6135fe17fe2d94bb1dbf4df0f4822bcc242945b71946685bef271ad21721b8b8",
      "executable": false
    },
    {
      "path": "node_modules/ethers/lib.esm/abi/coders/array.js.map",
      "bytes": 5668,
      "sha256": "eec0767f9de5c5e598aaf2daf84ef24c5145cd40c5f2892ac10329835473da84",
      "executable": false
    },
    {
      "path": "node_modules/ethers/lib.esm/abi/coders/boolean.d.ts",
      "bytes": 410,
      "sha256": "7129a090917912a223915b29cb712d00163521c75981fa8092115f335dc61b9f",
      "executable": false
    },
    {
      "path": "node_modules/ethers/lib.esm/abi/coders/boolean.d.ts.map",
      "bytes": 467,
      "sha256": "0a6b41f5b8cff7342ad83f9173449a44102366a77b874e9075d7b0f7f10bf51f",
      "executable": false
    },
    {
      "path": "node_modules/ethers/lib.esm/abi/coders/boolean.js",
      "bytes": 520,
      "sha256": "5cd44b4e193672d17dbb29d991f3a0383ac9a1543df72ae1b120c51923ae6046",
      "executable": false
    },
    {
      "path": "node_modules/ethers/lib.esm/abi/coders/boolean.js.map",
      "bytes": 656,
      "sha256": "b906aca4d40504553042c187e89b11b40534035bfc8d4b46cd99b537d5645a4d",
      "executable": false
    },
    {
      "path": "node_modules/ethers/lib.esm/abi/coders/bytes.d.ts",
      "bytes": 528,
      "sha256": "f85aa84e63c8d17429cd8161cca7125725a547e623623a6364d476587b89dcfe",
      "executable": false
    },
    {
      "path": "node_modules/ethers/lib.esm/abi/coders/bytes.d.ts.map",
      "bytes": 542,
      "sha256": "882903dc21e787bf2f8a037394f0f1ff91263e0df7637f90ab7b0604bb095f10",
      "executable": false
    },
    {
      "path": "node_modules/ethers/lib.esm/abi/coders/bytes.js",
      "bytes": 839,
      "sha256": "e8d2ef8828e11c52fc79e6ccca2111220af60ae1ec58ee5a342cd62dd7259614",
      "executable": false
    },
    {
      "path": "node_modules/ethers/lib.esm/abi/coders/bytes.js.map",
      "bytes": 936,
      "sha256": "079bf32d266efe9914dc0c9b43a2a0af155fcd7d4ef3679b3acdae27a85bb63f",
      "executable": false
    },
    {
      "path": "node_modules/ethers/lib.esm/abi/coders/fixed-bytes.d.ts",
      "bytes": 514,
      "sha256": "02c8003a0835f0db719b1c7e8d85548dc9c67a495debf53f91d40504c748336d",
      "executable": false
    },
    {
      "path": "node_modules/ethers/lib.esm/abi/coders/fixed-bytes.d.ts.map",
      "bytes": 579,
      "sha256": "78375c9a735749397332ca2a42ed8662e114905003f4adb883ae74b28e5fa33e",
      "executable": false
    },
    {
      "path": "node_modules/ethers/lib.esm/abi/coders/fixed-bytes.js",
      "bytes": 956,
      "sha256": "79891f6d1167980eef43c5cecc4023a60b4d3b6be30bc88ece8dc06feb5f2855",
      "executable": false
    },
    {
      "path": "node_modules/ethers/lib.esm/abi/coders/fixed-bytes.js.map",
      "bytes": 1091,
      "sha256": "fc70a39d4a3db8ca1d1b11a2340de68e5c0d5e1730d4de2fdcc8740f8c1530fa",
      "executable": false
    },
    {
      "path": "node_modules/ethers/lib.esm/abi/coders/null.d.ts",
      "bytes": 351,
      "sha256": "2cf283bda00af2894f54d7afceca9e1c856c9c78110140da6ae23213ecebbd61",
      "executable": false
    },
    {
      "path": "node_modules/ethers/lib.esm/abi/coders/null.d.ts.map",
      "bytes": 410,
      "sha256": "a626de46ddceaf46f4e6ac08588649209274675ef77f4c9dc955fc092fdcfa5a",
      "executable": false
    },
    {
      "path": "node_modules/ethers/lib.esm/abi/coders/null.js",
      "bytes": 541,
      "sha256": "c952925f628b8695f884fdc2404d2f066ffeb857b901843fb5aac2f14c3f3263",
      "executable": false
    },
    {
      "path": "node_modules/ethers/lib.esm/abi/coders/null.js.map",
      "bytes": 655,
      "sha256": "32a57bc284e0ede0fb88d5104a73bbb7d65bd7f3f824972ecc1036f7bb70b281",
      "executable": false
    },
    {
      "path": "node_modules/ethers/lib.esm/abi/coders/number.d.ts",
      "bytes": 558,
      "sha256": "7cfd40df82c249f56f5c37daeaf886941f11ab56595d657d7592d5de0fc17580",
      "executable": false
    },
    {
      "path": "node_modules/ethers/lib.esm/abi/coders/number.d.ts.map",
      "bytes": 625,
      "sha256": "916012dea55890587f2ac2f212d8e16dc3acb8a4bb3ff64ed94ea7892a75b666",
      "executable": false
    },
    {
      "path": "node_modules/ethers/lib.esm/abi/coders/number.js",
      "bytes": 1639,
      "sha256": "e3dd3faeb0029d46f42ac084197c3a1fb3ea2e5ba487fd10714999d16a07c3dd",
      "executable": false
    },
    {
      "path": "node_modules/ethers/lib.esm/abi/coders/number.js.map",
      "bytes": 1891,
      "sha256": "c1daacaf046ef10ffa678d87f1cbbba91864df8a8014bf7776993eadddf7d1d7",
      "executable": false
    },
    {
      "path": "node_modules/ethers/lib.esm/abi/coders/string.d.ts",
      "bytes": 421,
      "sha256": "cdd503d7c427abce5a90fef98ce394db81c0e24be8b01d049f7dc5077322ef1c",
      "executable": false
    },
    {
      "path": "node_modules/ethers/lib.esm/abi/coders/string.d.ts.map",
      "bytes": 467,
      "sha256": "69134e05b3728584540d55f1d1efbbf33bf7e6c4321ec95641c4d1c22f9863c1",
      "executable": false
    },
    {
      "path": "node_modules/ethers/lib.esm/abi/coders/string.js",
      "bytes": 577,
      "sha256": "f4d3601ee44a7a9d66ea0d78124e35039c93bdbab4d455c329c4e5d0bdffd4bb",
      "executable": false
    },
    {
      "path": "node_modules/ethers/lib.esm/abi/coders/string.js.map",
      "bytes": 657,
      "sha256": "a3bd8ccd9a798ac024f288a4b6714a250b7cb7bceb61eaf73dd8f7b53351abf6",
      "executable": false
    },
    {
      "path": "node_modules/ethers/lib.esm/abi/coders/tuple.d.ts",
      "bytes": 509,
      "sha256": "f89c44293da3f402e380d1893792088285af9b1f6782f02adc0410b4de1f5860",
      "executable": false
    },
    {
      "path": "node_modules/ethers/lib.esm/abi/coders/tuple.d.ts.map",
      "bytes": 615,
      "sha256": "c6e098054297193a04f9f0014f1559cfc40d4b453af41494b149584e71c20425",
      "executable": false
    },
    {
      "path": "node_modules/ethers/lib.esm/abi/coders/tuple.js",
      "bytes": 1946,
      "sha256": "0642b1548d9a9a0635b23e5ab3e5cff59a28a493adba0f82fae811a506df8591",
      "executable": false
    },
    {
      "path": "node_modules/ethers/lib.esm/abi/coders/tuple.js.map",
      "bytes": 2121,
      "sha256": "0731b84a6d41f186d65b498e6ed9602136a6d53fea9e8c3a396210ed5f9cf26e",
      "executable": false
    },
    {
      "path": "node_modules/ethers/lib.esm/abi/fragments.d.ts",
      "bytes": 14007,
      "sha256": "09c6791e3421ad7b5feff77120adcb3aca2f45b0caa48fa0eb5bbde333075257",
      "executable": false
    },
    {
      "path": "node_modules/ethers/lib.esm/abi/fragments.d.ts.map",
      "bytes": 6623,
      "sha256": "9fef54ab6da8898ee717444be1f8d4438a7984f43e2972b3e33123257140dfe9",
      "executable": false
    },
    {
      "path": "node_modules/ethers/lib.esm/abi/fragments.js",
      "bytes": 46421,
      "sha256": "e6afebdc2fd739899dd27f2ba7ed0944bad72706893a29bc1cb9bb99147ac636",
      "executable": false
    },
    {
      "path": "node_modules/ethers/lib.esm/abi/fragments.js.map",
      "bytes": 41520,
      "sha256": "fac3aecfd2da12b7fc62c8398292b086b4634de772bc24cbe7e88565c416e53d",
      "executable": false
    },
    {
      "path": "node_modules/ethers/lib.esm/abi/index.d.ts",
      "bytes": 1023,
      "sha256": "f09ab98499647d29d8f3a5e0a5c1194b5d24fa9e1b2f94e195d1555ca8ba4098",
      "executable": false
    },
    {
      "path": "node_modules/ethers/lib.esm/abi/index.d.ts.map",
      "bytes": 655,
      "sha256": "3f1fa1b0d963494886ca15bbe58893789604208976ef416580ea0f2239fd0ffa",
      "executable": false
    },
    {
      "path": "node_modules/ethers/lib.esm/abi/index.js",
      "bytes": 836,
      "sha256": "55582f8e8bb4b4623b03b290e5ca5c566a42d4bc42a2bd0355bebd80c16b3078",
      "executable": false
    },
    {
      "path": "node_modules/ethers/lib.esm/abi/index.js.map",
      "bytes": 519,
      "sha256": "cd5757bbc478554bdafa9eca287742eb1695a9cfa003a40c290a5d6750c5c06b",
      "executable": false
    },
    {
      "path": "node_modules/ethers/lib.esm/abi/interface.d.ts",
      "bytes": 13957,
      "sha256": "2a54c89cbd1baefaed665291d05b9d28ac7356536c3f681f9401d642b2b0c0cd",
      "executable": false
    },
    {
      "path": "node_modules/ethers/lib.esm/abi/interface.d.ts.map",
      "bytes": 5088,
      "sha256": "f6a0d3c67c52871a8f4a7963d5e1fe3207d6c6d07878ad1d103f3a8b7f853c39",
      "executable": false
    },
    {
      "path": "node_modules/ethers/lib.esm/abi/interface.js",
      "bytes": 41082,
      "sha256": "000167889c4ff9660119e0a64f23fbe39074d1f19b5ed99b3edb9cf195eb58bc",
      "executable": false
    },
    {
      "path": "node_modules/ethers/lib.esm/abi/interface.js.map",
      "bytes": 27639,
      "sha256": "f49968f45ecd4ee9e36f4de63ead268d85fc425c99b4b70ef26d7b6064d8dcfd",
      "executable": false
    },
    {
      "path": "node_modules/ethers/lib.esm/abi/typed.d.ts",
      "bytes": 15351,
      "sha256": "74f763ea382866434fec07cd11967ac0fa2d94d3f9f98e4a908435ec98b2e0d5",
      "executable": false
    },
    {
      "path": "node_modules/ethers/lib.esm/abi/typed.d.ts.map",
      "bytes": 8536,
      "sha256": "8a7a9907b84b7fa0cff90ef2b373cecda04fdc9deebb206e46d459069cd9a41f",
      "executable": false
    },
    {
      "path": "node_modules/ethers/lib.esm/abi/typed.js",
      "bytes": 16449,
      "sha256": "c9517b9980f400b0849a61de736e0b58f34ab7b6c642cd31d948128e35e9c327",
      "executable": false
    },
    {
      "path": "node_modules/ethers/lib.esm/abi/typed.js.map",
      "bytes": 13840,
      "sha256": "eadfc3ce13805d168897575c95fc88761c377dc22e78623245b98101cddeea46",
      "executable": false
    },
    {
      "path": "node_modules/ethers/lib.esm/address/address.d.ts",
      "bytes": 2129,
      "sha256": "53cfce94cd12e7e0bd9a5d635dd4929f5883c18135e86290775dea5b920545f8",
      "executable": false
    },
    {
      "path": "node_modules/ethers/lib.esm/address/address.d.ts.map",
      "bytes": 300,
      "sha256": "f7b3d83870f70b55d2b0fd7c852d41d75499f99cf4382442fca77cbecc24842d",
      "executable": false
    },
    {
      "path": "node_modules/ethers/lib.esm/address/address.js",
      "bytes": 5856,
      "sha256": "7a98077a0803a7c95fb5f94c4bf9e1e6bf24757e0a0813d89f121851ca1cb5bd",
      "executable": false
    },
    {
      "path": "node_modules/ethers/lib.esm/address/address.js.map",
      "bytes": 4395,
      "sha256": "e1faba7f9e31ef22c5a34c14df5d8ccf6e5507b4c94c3b0a909267486ef48aad",
      "executable": false
    },
    {
      "path": "node_modules/ethers/lib.esm/address/checks.d.ts",
      "bytes": 2538,
      "sha256": "9df9be9776aae375c562e7115e32fd0f2c2a0598b26ab23c3b0f1408751efecb",
      "executable": false
    },
    {
      "path": "node_modules/ethers/lib.esm/address/checks.d.ts.map",
      "bytes": 527,
      "sha256": "c24f55372fbbfca236ca40ce283c8cccb58e4c5e110d51bb8d9b473aa1728d1a",
      "executable": false
    },
    {
      "path": "node_modules/ethers/lib.esm/address/checks.js",
      "bytes": 3665,
      "sha256": "d7638bb0c5898dfd767cf0334321ea4652231ebf5b2df494a4b16c0ec99ae3e2",
      "executable": false
    },
    {
      "path": "node_modules/ethers/lib.esm/address/checks.js.map",
      "bytes": 1580,
      "sha256": "16e0308089da8e20c343d3991a6433489d4af783a1812dd22e723173f06c5536",
      "executable": false
    },
    {
      "path": "node_modules/ethers/lib.esm/address/contract-address.d.ts",
      "bytes": 1624,
      "sha256": "2d868771bfc205cf27c0b36626e2c3925a55a4fcdb6e4f30f563b0ba98e583c4",
      "executable": false
    },
    {
      "path": "node_modules/ethers/lib.esm/address/contract-address.d.ts.map",
      "bytes": 456,
      "sha256": "18751b92710dcbc4e26df59cb1879a7528876edf7ffd4255d03e2fb8680148a0",
      "executable": false
    },
    {
      "path": "node_modules/ethers/lib.esm/address/contract-address.js",
      "bytes": 2575,
      "sha256": "b8b0a667a65843a134ca22819d906e154c5eaf24e2d7f132badd15a134988d40",
      "executable": false
    },
    {
      "path": "node_modules/ethers/lib.esm/address/contract-address.js.map",
      "bytes": 1430,
      "sha256": "feefdd2101ddb4ef732be5735ba2ea63411c4f9781566e4c35c6b2568de9a6b3",
      "executable": false
    },
    {
      "path": "node_modules/ethers/lib.esm/address/index.d.ts",
      "bytes": 1720,
      "sha256": "3ebf9d4673a4a8bf80186f47be2697c48fd85b2dbbbfb3718744b9a94ae9bec7",
      "executable": false
    },
    {
      "path": "node_modules/ethers/lib.esm/address/index.d.ts.map",
      "bytes": 606,
      "sha256": "c06390b31f1ed8e7265f819c2ff2adb146ae5bceeb9946ecb0e0f4e138964a98",
      "executable": false
    },
    {
      "path": "node_modules/ethers/lib.esm/address/index.js",
      "bytes": 793,
      "sha256": "9fc86d21b1924360ad50fd196fff1b6d0c23af5f0651fc5d13cbd4dab98f3b5e",
      "executable": false
    },
    {
      "path": "node_modules/ethers/lib.esm/address/index.js.map",
      "bytes": 321,
      "sha256": "2fef0e96b1725c61827b5a59ea7fe9abdc021317725b4bcc5ac3dd57793ea9a9",
      "executable": false
    },
    {
      "path": "node_modules/ethers/lib.esm/constants/addresses.d.ts",
      "bytes": 193,
      "sha256": "42a070375b9fa9e09573b391dc15e9751113151288937f6d622373d8705e478a",
      "executable": false
    },
    {
      "path": "node_modules/ethers/lib.esm/constants/addresses.d.ts.map",
      "bytes": 176,
      "sha256": "d86c1fee7fcd9816e6f88dbe5ca2cd8fc8cfe05e8b584192922d4ca659b35cb5",
      "executable": false
    },
    {
      "path": "node_modules/ethers/lib.esm/constants/addresses.js",
      "bytes": 222,
      "sha256": "83f56033efe31568796ffd09aae24370777ff5237fc4ef6ad2cf325060b14d1b",
      "executable": false
    },
    {
      "path": "node_modules/ethers/lib.esm/constants/addresses.js.map",
      "bytes": 180,
      "sha256": "0244f4f73a74381cc3d65675d18a694b131cc6e6f01ecb038275c18ca134860a",
      "executable": false
    },
    {
      "path": "node_modules/ethers/lib.esm/constants/hashes.d.ts",
      "bytes": 208,
      "sha256": "77c1edc2eb2c2ef64cc6d45f846dac52c1a1cf0357c28d72a903da58b9fbf56f",
      "executable": false
    },
    {
      "path": "node_modules/ethers/lib.esm/constants/hashes.d.ts.map",
      "bytes": 170,
      "sha256": "14d7f190f7342e10e36abd807baecedc9cb44a930e0c6e5c59a93267b1d00b4b",
      "executable": false
    },
    {
      "path": "node_modules/ethers/lib.esm/constants/hashes.js",
      "bytes": 261,
      "sha256": "4751e9c2e65ee78cb8e5bc569d8746d20dc92c93647a7957d46c70742f84b7ea",
      "executable": false
    },
    {
      "path": "node_modules/ethers/lib.esm/constants/hashes.js.map",
      "bytes": 174,
      "sha256": "38489a4a30132e26613020144fede9b885616ea8f45065d0beb6781588df2e74",
      "executable": false
    },
    {
      "path": "node_modules/ethers/lib.esm/constants/index.d.ts",
      "bytes": 378,
      "sha256": "8bc016c287b028ceb9ca0438967afc8bd3ec4b0db901f5cc058ebfbe7abd7aab",
      "executable": false
    },
    {
      "path": "node_modules/ethers/lib.esm/constants/index.d.ts.map",
      "bytes": 347,
      "sha256": "c8d09a18be28e201360d2446ba7ef5db3252d899aa5eb1ff38481bdc8375fa09",
      "executable": false
    },
    {
      "path": "node_modules/ethers/lib.esm/constants/index.js",
      "bytes": 376,
      "sha256": "e1bb0f3242683ccc9eefb81260e24863b7e929625ca9790e5f99b6e2492e602e",
      "executable": false
    },
    {
      "path": "node_modules/ethers/lib.esm/constants/index.js.map",
      "bytes": 345,
      "sha256": "c95fbdf79f79b58920ef99f9e7215698ade04d4646c80abecc96c4d6256224c8",
      "executable": false
    },
    {
      "path": "node_modules/ethers/lib.esm/constants/numbers.d.ts",
      "bytes": 954,
      "sha256": "f3ccf447160ee55c440b3cdc68bbafd8393c658fb257d557745b861781ecf1d4",
      "executable": false
    },
    {
      "path": "node_modules/ethers/lib.esm/constants/numbers.d.ts.map",
      "bytes": 372,
      "sha256": "83f380732d9cc6c29c8881bdcd6252896c2f97269c16c01f8ac989c6d9cf18aa",
      "executable": false
    },
    {
      "path": "node_modules/ethers/lib.esm/constants/numbers.js",
      "bytes": 1233,
      "sha256": "70e5abfd7b83a6484c59b2eb73cb1372f9aaa29bb68f53891ba836071b8f99c2",
      "executable": false
    },
    {
      "path": "node_modules/ethers/lib.esm/constants/numbers.js.map",
      "bytes": 505,
      "sha256": "a0fc3a361e166fb2251fff9a41c4fc991f742752c5e9d4ab9a4f459a2ba457f4",
      "executable": false
    },
    {
      "path": "node_modules/ethers/lib.esm/constants/strings.d.ts",
      "bytes": 354,
      "sha256": "34ac47d3fc6b5707ceaf7f0b580ee1805fa393ea045142f659b679e0332c6240",
      "executable": false
    },
    {
      "path": "node_modules/ethers/lib.esm/constants/strings.d.ts.map",
      "bytes": 222,
      "sha256": "f531dc9ff391a60a25591641389f7a5cd04db85426a89852d16cb93400a1cee8",
      "executable": false
    },
    {
      "path": "node_modules/ethers/lib.esm/constants/strings.js",
      "bytes": 432,
      "sha256": "f14874782cf44e9171a59404bf01812fb77f91927aa9c08ec5f7d0df34099a3b",
      "executable": false
    },
    {
      "path": "node_modules/ethers/lib.esm/constants/strings.js.map",
      "bytes": 255,
      "sha256": "090da84d0c517253ab1adc1dcac39da34b7014cb0fd405207c5f01ea676030b3",
      "executable": false
    },
    {
      "path": "node_modules/ethers/lib.esm/contract/contract.d.ts",
      "bytes": 6791,
      "sha256": "8418c6ff163da8295c03be007fba44281ce6c56af61c197defd0f8a11d512fed",
      "executable": false
    },
    {
      "path": "node_modules/ethers/lib.esm/contract/contract.d.ts.map",
      "bytes": 3547,
      "sha256": "3d11c51e506265320f868a005fb1104f5669b50ea304396a2d0f89fde5645a7e",
      "executable": false
    },
    {
      "path": "node_modules/ethers/lib.esm/contract/contract.js",
      "bytes": 35241,
      "sha256": "cab6926329c0df29570d9cfdf28dfd224c955a27e18eb97fc5a303227878d591",
      "executable": false
    },
    {
      "path": "node_modules/ethers/lib.esm/contract/contract.js.map",
      "bytes": 29028,
      "sha256": "cfbf8a43b0da131281717a4013ed276e47c654769a9aaf3dc54d0189fdfc1711",
      "executable": false
    },
    {
      "path": "node_modules/ethers/lib.esm/contract/factory.d.ts",
      "bytes": 2606,
      "sha256": "7334b41305fbb99b9efe411cddcae9ef17fa6d89ab081d26435f0f9a72f065bf",
      "executable": false
    },
    {
      "path": "node_modules/ethers/lib.esm/contract/factory.d.ts.map",
      "bytes": 1564,
      "sha256": "fc53703e0b520548e1382d4bfc1398dab22ae87f73b6c32c0ce322e212db0f11",
      "executable": false
    },
    {
      "path": "node_modules/ethers/lib.esm/contract/factory.js",
      "bytes": 4176,
      "sha256": "ef64ecd778244c804c393de74e41441a912f6fdaa9d553672bcf524d5c29bafe",
      "executable": false
    },
    {
      "path": "node_modules/ethers/lib.esm/contract/factory.js.map",
      "bytes": 3052,
      "sha256": "fa55ab6f7168dd0e2acb514d584849c0199b8fa4e517431fd9a9edf03c313c8b",
      "executable": false
    },
    {
      "path": "node_modules/ethers/lib.esm/contract/index.d.ts",
      "bytes": 974,
      "sha256": "352d3bb36b12c1799dc302e90f3a9b47385a249fb5df3ce0e4df3cfd726bd746",
      "executable": false
    },
    {
      "path": "node_modules/ethers/lib.esm/contract/index.d.ts.map",
      "bytes": 529,
      "sha256": "da4a715577725e26dde17d752d689a61495d72cfb25088c38e95d5ad3ec7268d",
      "executable": false
    },
    {
      "path": "node_modules/ethers/lib.esm/contract/index.js",
      "bytes": 671,
      "sha256": "7981dd126eb08e21ee0171c09a4ac5a5e6394f709cd1bf8f6e468529246e69b1",
      "executable": false
    },
    {
      "path": "node_modules/ethers/lib.esm/contract/index.js.map",
      "bytes": 329,
      "sha256": "3bf3e6a1dbf3705842910c5ebf78e3ae54dd8d3e291968667966e924ad288ad7",
      "executable": false
    },
    {
      "path": "node_modules/ethers/lib.esm/contract/types.d.ts",
      "bytes": 6857,
      "sha256": "d0ed250ca7915611e8b150505c4b524a4ecfb1d121ef046b369976bd314698b8",
      "executable": false
    },
    {
      "path": "node_modules/ethers/lib.esm/contract/types.d.ts.map",
      "bytes": 3522,
      "sha256": "bc60b1a18571ba885dbeb4d80477493527d8a9e8f4237e3c8f1e3df2207d01a8",
      "executable": false
    },
    {
      "path": "node_modules/ethers/lib.esm/contract/types.js",
      "bytes": 50,
      "sha256": "73aebe556ca95bb7a42f2e5e1a2225deb5b99798a422ed32c5cc8fac52ba77b6",
      "executable": false
    },
    {
      "path": "node_modules/ethers/lib.esm/contract/types.js.map",
      "bytes": 151,
      "sha256": "f9e951bc5cd40292e629a6a32308edc0272cd707e533c2c4d61b5c1d066c49d0",
      "executable": false
    },
    {
      "path": "node_modules/ethers/lib.esm/contract/wrappers.d.ts",
      "bytes": 4313,
      "sha256": "14a09b10bcd25f3178c39d53b4160977293bc6bf045e52ee3c08896fdf8f3274",
      "executable": false
    },
    {
      "path": "node_modules/ethers/lib.esm/contract/wrappers.d.ts.map",
      "bytes": 2171,
      "sha256": "b793e9e43e36e4a76d01935f65843d85049926a203d2c7c6f4a48c5393686535",
      "executable": false
    },
    {
      "path": "node_modules/ethers/lib.esm/contract/wrappers.js",
      "bytes": 5000,
      "sha256": "03449896a0cdc15f22f2efb3369470e2263e43f1e846d055ec819e90b74bee1f",
      "executable": false
    },
    {
      "path": "node_modules/ethers/lib.esm/contract/wrappers.js.map",
      "bytes": 3380,
      "sha256": "1f1e18b465b2a793f281677b2188b733d71e8a1d0bd274baa743c26cc8890d94",
      "executable": false
    },
    {
      "path": "node_modules/ethers/lib.esm/crypto/crypto-browser.d.ts",
      "bytes": 609,
      "sha256": "64e38476609a864082366bfc84e50718a596e191505fbd1b68c52d0afe741608",
      "executable": false
    },
    {
      "path": "node_modules/ethers/lib.esm/crypto/crypto-browser.d.ts.map",
      "bytes": 667,
      "sha256": "5b7879a42496c8fa7949f8562c83c1ccdc43c5bc2508af6500f28122c37f2214",
      "executable": false
    },
    {
      "path": "node_modules/ethers/lib.esm/crypto/crypto-browser.js",
      "bytes": 1803,
      "sha256": "852a5c2a8dabc17292c4d70a77fd1f58c176128cd5e930d69d0257b396eff348",
      "executable": false
    },
    {
      "path": "node_modules/ethers/lib.esm/crypto/crypto-browser.js.map",
      "bytes": 1944,
      "sha256": "0e35169d5e9fbd4692c2f4b0ff5f46007dd347feed5a27671c9e36c41bc8446f",
      "executable": false
    },
    {
      "path": "node_modules/ethers/lib.esm/crypto/crypto.d.ts",
      "bytes": 110,
      "sha256": "0cd11cb899a92aa3f998b339a31e7111bfa01ff00e5470ba2c450b99b67c4e9f",
      "executable": false
    },
    {
      "path": "node_modules/ethers/lib.esm/crypto/crypto.d.ts.map",
      "bytes": 189,
      "sha256": "b17be8f7572c4302b097cc03b319bec084f4ecad4f854e5ef37d729212db54cf",
      "executable": false
    },
    {
      "path": "node_modules/ethers/lib.esm/crypto/crypto.js",
      "bytes": 108,
      "sha256": "9bda04c9ae161c70845bbf638f0c4337763252899cf1106bd808669aaa0b6f85",
      "executable": false
    },
    {
      "path": "node_modules/ethers/lib.esm/crypto/crypto.js.map",
      "bytes": 187,
      "sha256": "8503b3a187205af9c97cd7c70ade4cdca6cd17dea6fcaa70f2edaab9f6fa3f93",
      "executable": false
    },
    {
      "path": "node_modules/ethers/lib.esm/crypto/hmac.d.ts",
      "bytes": 907,
      "sha256": "afd9ebfe2b8ced603e34db1c54c7764c7db7bb9d67c69dd90beaeb4d99e11603",
      "executable": false
    },
    {
      "path": "node_modules/ethers/lib.esm/crypto/hmac.d.ts.map",
      "bytes": 302,
      "sha256": "051acec075d71049bd97a386b61b22de4aa0cd6598cbffc9fd8aa3bceb812d6a",
      "executable": false
    },
    {
      "path": "node_modules/ethers/lib.esm/crypto/hmac.js",
      "bytes": 1366,
      "sha256": "25ae819f85ec77b008b9d64080d3e8335ea4f929eea78ed82ce13caae70b5690",
      "executable": false
    },
    {
      "path": "node_modules/ethers/lib.esm/crypto/hmac.js.map",
      "bytes": 998,
      "sha256": "b93bc904ba05bccba836d98dac0912ae553293e3be801d568f353e478651ce80",
      "executable": false
    },
    {
      "path": "node_modules/ethers/lib.esm/crypto/index.d.ts",
      "bytes": 997,
      "sha256": "02d0e3d40ac1e761e16a96c882ae1b75a327d0f20731bbc690c15eba0f6c15bd",
      "executable": false
    },
    {
      "path": "node_modules/ethers/lib.esm/crypto/index.d.ts.map",
      "bytes": 796,
      "sha256": "582907dff915329b5a50f320926bf8362093ef40c86c5746b41d8329aa3b29a3",
      "executable": false
    },
    {
      "path": "node_modules/ethers/lib.esm/crypto/index.js",
      "bytes": 1146,
      "sha256": "0c3d5863e62cfd2a78f916a760dd8844a444507bc11a14a47e7369c70f200600",
      "executable": false
    },
    {
      "path": "node_modules/ethers/lib.esm/crypto/index.js.map",
      "bytes": 1035,
      "sha256": "dfeaf85c5d281da6402a271f30e143d2e0405e7fcf2ea9b429b112a026552ba9",
      "executable": false
    },
    {
      "path": "node_modules/ethers/lib.esm/crypto/keccak.d.ts",
      "bytes": 995,
      "sha256": "c2189948d258e7bffb176ec0f982ff136c15f7cb43711a6457ae93d6d1a44575",
      "executable": false
    },
    {
      "path": "node_modules/ethers/lib.esm/crypto/keccak.d.ts.map",
      "bytes": 274,
      "sha256": "2cf78f6ac435d6c9a62e161997cc6597acab2b8852916cd1ab5e8249bbb2ac3c",
      "executable": false
    },
    {
      "path": "node_modules/ethers/lib.esm/crypto/keccak.js",
      "bytes": 1287,
      "sha256": "1cfaac25ce63f98e3e8433d5600fd20dc7272bb6aeba3ffa0fca8ee134b6b942",
      "executable": false
    },
    {
      "path": "node_modules/ethers/lib.esm/crypto/keccak.js.map",
      "bytes": 840,
      "sha256": "65b01493e66e6be01056712103a6269cd0c231033c31f81219e114f194f12fb2",
      "executable": false
    },
    {
      "path": "node_modules/ethers/lib.esm/crypto/pbkdf2.d.ts",
      "bytes": 1485,
      "sha256": "7d0b3df72dc921d9f438c43ba6cb82683fa79a2ae1566946075ebbd08d830840",
      "executable": false
    },
    {
      "path": "node_modules/ethers/lib.esm/crypto/pbkdf2.d.ts.map",
      "bytes": 364,
      "sha256": "763ec3a4d6c7deb566185d0ffea0ae5b54552e7fdd8718bf23344fd2f1f383ba",
      "executable": false
    },
    {
      "path": "node_modules/ethers/lib.esm/crypto/pbkdf2.js",
      "bytes": 1681,
      "sha256": "1f347fcd2a4d200ded8edbbb67d8b7a3278e4442476f5b10123f04c8a62b918f",
      "executable": false
    },
    {
      "path": "node_modules/ethers/lib.esm/crypto/pbkdf2.js.map",
      "bytes": 1059,
      "sha256": "3e969da3df02543f19cc0ae4a3928217651779dd268953820ed24ca808250c89",
      "executable": false
    },
    {
      "path": "node_modules/ethers/lib.esm/crypto/random.d.ts",
      "bytes": 409,
      "sha256": "0e2eeffb8a065abf94202469089ca0def7db7d071fffb85c2d20b2a4611a8619",
      "executable": false
    },
    {
      "path": "node_modules/ethers/lib.esm/crypto/random.d.ts.map",
      "bytes": 198,
      "sha256": "5b1a25ef8bc3c2c722d502337649334c8103e61d9cc241bdfd4f2069f5581fba",
      "executable": false
    },
    {
      "path": "node_modules/ethers/lib.esm/crypto/random.js",
      "bytes": 1024,
      "sha256": "45799cc6f169ab89c3cfea83f1168e762205a03e556940f53e13579804b022dc",
      "executable": false
    },
    {
      "path": "node_modules/ethers/lib.esm/crypto/random.js.map",
      "bytes": 728,
      "sha256": "ef6743a322eb68ab511b7145f9272fe4b4e37e757d93d2f59d6870af86c27289",
      "executable": false
    },
    {
      "path": "node_modules/ethers/lib.esm/crypto/ripemd160.d.ts",
      "bytes": 639,
      "sha256": "a6fe037550736f4a33d23650cb86ae83e981e3547e143073fd9e6294f5eabb81",
      "executable": false
    },
    {
      "path": "node_modules/ethers/lib.esm/crypto/ripemd160.d.ts.map",
      "bytes": 262,
      "sha256": "9408e7e7a0b82599ac5d5f8f6b683528f71c3645e496d9efb3d680c20ff13aca",
      "executable": false
    },
    {
      "path": "node_modules/ethers/lib.esm/crypto/ripemd160.js",
      "bytes": 959,
      "sha256": "b924076297b89c0f97999c453cb58ec93047fd78986415a343b2717a0de5847b",
      "executable": false
    },
    {
      "path": "node_modules/ethers/lib.esm/crypto/ripemd160.js.map",
      "bytes": 838,
      "sha256": "36c2284f431b8f90e19c4051415dc75300340c645f858da76028645e1c399368",
      "executable": false
    },
    {
      "path": "node_modules/ethers/lib.esm/crypto/scrypt.d.ts",
      "bytes": 3748,
      "sha256": "edf4bbbd2c49e1a3ca16db235375e35fdc78c01336526b4ded61b83a1a27be5e",
      "executable": false
    },
    {
      "path": "node_modules/ethers/lib.esm/crypto/scrypt.d.ts.map",
      "bytes": 699,
      "sha256": "8c7c32ac3670a6a65b3a9fb370b4bd02813174fd66616144b8cab3c9e4fc02f1",
      "executable": false
    },
    {
      "path": "node_modules/ethers/lib.esm/crypto/scrypt.js",
      "bytes": 3882,
      "sha256": "c284dc987b53e2c1fb421905ff3f97970dccc697f1a9c42fe6abc886b12f62e8",
      "executable": false
    },
    {
      "path": "node_modules/ethers/lib.esm/crypto/scrypt.js.map",
      "bytes": 2090,
      "sha256": "e820ad502e1d55c02ab0ea7a343ba3a46d63d4f9472282dc333974ab0692c093",
      "executable": false
    },
    {
      "path": "node_modules/ethers/lib.esm/crypto/sha2.d.ts",
      "bytes": 1145,
      "sha256": "a91270b389959d4c658eb232bc98ac0d6625a2f5d815922f04184c067cf45ab9",
      "executable": false
    },
    {
      "path": "node_modules/ethers/lib.esm/crypto/sha2.d.ts.map",
      "bytes": 346,
      "sha256": "a5599fd1f08ff7f08b7a55714fe1ba5453a4dc8f3ee4973394622c3edaaaea1d",
      "executable": false
    },
    {
      "path": "node_modules/ethers/lib.esm/crypto/sha2.js",
      "bytes": 1670,
      "sha256": "714fad2ddcba6933a6660219cced4173e6fa0fd2ee6d13db40a9f26d2ef60d15",
      "executable": false
    },
    {
      "path": "node_modules/ethers/lib.esm/crypto/sha2.js.map",
      "bytes": 1494,
      "sha256": "2e6a6574f34a93db04e0a1f36866f8af4ecedc21c6989a49c4437b6514dd53af",
      "executable": false
    },
    {
      "path": "node_modules/ethers/lib.esm/crypto/signature.d.ts",
      "bytes": 5058,
      "sha256": "13c4194f23f76b20ef3bd4dd15f6da80806c08eaaff8d8b655a74ee67af2e41b",
      "executable": false
    },
    {
      "path": "node_modules/ethers/lib.esm/crypto/signature.d.ts.map",
      "bytes": 2018,
      "sha256": "c301d3d0f8ba6b33c1553f2581b9a489a8bd238adbd4a7771be0bdbb1731baa2",
      "executable": false
    },
    {
      "path": "node_modules/ethers/lib.esm/crypto/signature.js",
      "bytes": 11314,
      "sha256": "59f40dfb2969c897d5c2985f824523231a7ad3f1891347b571416e3d55286598",
      "executable": false
    },
    {
      "path": "node_modules/ethers/lib.esm/crypto/signature.js.map",
      "bytes": 8815,
      "sha256": "1e0624cafc7370d21ae75625d65e8c10e06de94659b8353df55e0710cc540ed7",
      "executable": false
    },
    {
      "path": "node_modules/ethers/lib.esm/crypto/signing-key.d.ts",
      "bytes": 4140,
      "sha256": "52683c193bf516deb3897278f759d14325baca083deefd36e693e5c09ba436b4",
      "executable": false
    },
    {
      "path": "node_modules/ethers/lib.esm/crypto/signing-key.d.ts.map",
      "bytes": 937,
      "sha256": "ad980aadcaeaceb5445d185b3780b7c79879d6656e182a4c300842276060da6d",
      "executable": false
    },
    {
      "path": "node_modules/ethers/lib.esm/crypto/signing-key.js",
      "bytes": 6243,
      "sha256": "4da3d51e128b5a6483337a06b3ac726c7552fa504ebf285dba8680bad458905d",
      "executable": false
    },
    {
      "path": "node_modules/ethers/lib.esm/crypto/signing-key.js.map",
      "bytes": 3282,
      "sha256": "cbf98169d5d3c8ac569f81805b5789bf6fdd035e698144044f257078ec912d9b",
      "executable": false
    },
    {
      "path": "node_modules/ethers/lib.esm/ethers.d.ts",
      "bytes": 5965,
      "sha256": "190bfb8a3040387428311c6da0dfb6250ca70fd45fe19b066e3d20fe042b4be3",
      "executable": false
    },
    {
      "path": "node_modules/ethers/lib.esm/ethers.d.ts.map",
      "bytes": 4323,
      "sha256": "a611294e962adbdafb763ff1e4ccd5138ccebd6f0956df21af3ba0649dd28bef",
      "executable": false
    },
    {
      "path": "node_modules/ethers/lib.esm/ethers.js",
      "bytes": 3429,
      "sha256": "525a528bd289c9b4d62698c2f25fb7a91b79c437e6580cc60119e13e5df311a3",
      "executable": false
    },
    {
      "path": "node_modules/ethers/lib.esm/ethers.js.map",
      "bytes": 2633,
      "sha256": "738781384491afecf50813d6e32d099bd6e2046fb32284c7344072f35461e4e9",
      "executable": false
    },
    {
      "path": "node_modules/ethers/lib.esm/hash/authorization.d.ts",
      "bytes": 721,
      "sha256": "891790a0c6238d37c521c6e37e733a7b9f3e2bcbca4b040e98dcb4fc5f31297a",
      "executable": false
    },
    {
      "path": "node_modules/ethers/lib.esm/hash/authorization.d.ts.map",
      "bytes": 567,
      "sha256": "033a4191ae7dbb2cf444d3a4f8d6b3839eb88d56df7dac2ccaab86b42c82ea29",
      "executable": false
    },
    {
      "path": "node_modules/ethers/lib.esm/hash/authorization.js",
      "bytes": 995,
      "sha256": "ced5131c482564642ff2e89ecca58e4ae300ea6ebec39d886b8748ecaa2fb009",
      "executable": false
    },
    {
      "path": "node_modules/ethers/lib.esm/hash/authorization.js.map",
      "bytes": 948,
      "sha256": "3edd88569c7df1805ce0bd3ed7f82c73692c75fc37d36a8abe9dd6c924684fe1",
      "executable": false
    },
    {
      "path": "node_modules/ethers/lib.esm/hash/id.d.ts",
      "bytes": 344,
      "sha256": "3266a03c5946baa44bb5413f01560c1d70b41cc975cccba45d6d257e8ad6e9b6",
      "executable": false
    },
    {
      "path": "node_modules/ethers/lib.esm/hash/id.d.ts.map",
      "bytes": 180,
      "sha256": "4213736420b0aaeeeb81ce567ba2999cabc6c0cee0c77986e8175d143172c5f4",
      "executable": false
    },
    {
      "path": "node_modules/ethers/lib.esm/hash/id.js",
      "bytes": 460,
      "sha256": "7a28acc94288ef163644ce8865923751d0b91123550ebae9929c2331b4d9d04b",
      "executable": false
    },
    {
      "path": "node_modules/ethers/lib.esm/hash/id.js.map",
      "bytes": 303,
      "sha256": "69d0ff8fadf1d3bb269be5c5a38800a8418d94407d6bdefabb928108b88453fe",
      "executable": false
    },
    {
      "path": "node_modules/ethers/lib.esm/hash/index.d.ts",
      "bytes": 764,
      "sha256": "a061f40fd57f34ae7bf038f9ee41c2fa83145f054adbda9be5cbf8a93b607209",
      "executable": false
    },
    {
      "path": "node_modules/ethers/lib.esm/hash/index.d.ts.map",
      "bytes": 566,
      "sha256": "729dc8a6fa2a39a2c02c7dc0b34b476c0e80d3eab5bbeefc9e0eac0a37a5f795",
      "executable": false
    },
    {
      "path": "node_modules/ethers/lib.esm/hash/index.js",
      "bytes": 626,
      "sha256": "74bbc0bacebe045a58b084f5025296bc69a9b56cadea31aa0114e3288cf904e9",
      "executable": false
    },
    {
      "path": "node_modules/ethers/lib.esm/hash/index.js.map",
      "bytes": 466,
      "sha256": "4e1678622b3d406f7702a8916d514ecbdd563563f87c058be0156dbb5622b3e3",
      "executable": false
    },
    {
      "path": "node_modules/ethers/lib.esm/hash/message.d.ts",
      "bytes": 1212,
      "sha256": "2b00099841c56a96fa1b9c0444e95503e4467528f331685665ef74397b95c656",
      "executable": false
    },
    {
      "path": "node_modules/ethers/lib.esm/hash/message.d.ts.map",
      "bytes": 361,
      "sha256": "31ff77a853a3815e2a008c1b47fe81e18b31aaf4157de4da83b8f65af69c2e93",
      "executable": false
    },
    {
      "path": "node_modules/ethers/lib.esm/hash/message.js",
      "bytes": 1592,
      "sha256": "3112146f1efad6cb62d32acb6582303cc51720bd8854f39e9822713b6e18c140",
      "executable": false
    },
    {
      "path": "node_modules/ethers/lib.esm/hash/message.js.map",
      "bytes": 763,
      "sha256": "b4b211207154639b9d8d3f14e43c152803890a3bd5e8ce3e9717e238dc659987",
      "executable": false
    },
    {
      "path": "node_modules/ethers/lib.esm/hash/namehash.d.ts",
      "bytes": 611,
      "sha256": "5ba98fa53903226fa84855af5757147f3926e84cdceb8c9653c217aef3d54362",
      "executable": false
    },
    {
      "path": "node_modules/ethers/lib.esm/hash/namehash.d.ts.map",
      "bytes": 415,
      "sha256": "30e3674c1b1f03276f7fadcfc7d235e77b0160c88dab35c2f6c94b63ffd16184",
      "executable": false
    },
    {
      "path": "node_modules/ethers/lib.esm/hash/namehash.js",
      "bytes": 2757,
      "sha256": "7dac6f5befc952c85b3664567150874f5b954a31762096bd139dca496362916f",
      "executable": false
    },
    {
      "path": "node_modules/ethers/lib.esm/hash/namehash.js.map",
      "bytes": 2884,
      "sha256": "d83fc9e052be8dee90d10547fc05d62f953287a64355086c12cfd424322dded6",
      "executable": false
    },
    {
      "path": "node_modules/ethers/lib.esm/hash/solidity.d.ts",
      "bytes": 1216,
      "sha256": "8ac191cee94b0b802d9295377456de2ded468f8212c7c147eed21f69d78b1c2e",
      "executable": false
    },
    {
      "path": "node_modules/ethers/lib.esm/hash/solidity.d.ts.map",
      "bytes": 485,
      "sha256": "fc180f03cb5a6b299a37f7a34281e7197e32bd4c54151844a0e8a9c5c1db1cd5",
      "executable": false
    },
    {
      "path": "node_modules/ethers/lib.esm/hash/solidity.js",
      "bytes": 3897,
      "sha256": "68861bf3779de30d93227ea49c888adb6129d9345f6bc452d506ee1c648ab2ba",
      "executable": false
    },
    {
      "path": "node_modules/ethers/lib.esm/hash/solidity.js.map",
      "bytes": 3524,
      "sha256": "b602a8cab89abe4ba5ca27e86cc2346a019610bb153bf7aafd9ee7ef5214e3d2",
      "executable": false
    },
    {
      "path": "node_modules/ethers/lib.esm/hash/typed-data.d.ts",
      "bytes": 5377,
      "sha256": "057980116843d7c307b7b9df0df6272fbb12b48e3a4b386fa4960cb39f40c085",
      "executable": false
    },
    {
      "path": "node_modules/ethers/lib.esm/hash/typed-data.d.ts.map",
      "bytes": 3042,
      "sha256": "2be8fa6753e5fd4635e04cd4b8c39f17cf148b2e61cfcb53878133127737fd96",
      "executable": false
    },
    {
      "path": "node_modules/ethers/lib.esm/hash/typed-data.js",
      "bytes": 19734,
      "sha256": "507dacd1218da8dc2a7a08395900c9d6b095aa2f429f62de1f5c0d06dae8fcfb",
      "executable": false
    },
    {
      "path": "node_modules/ethers/lib.esm/hash/typed-data.js.map",
      "bytes": 17139,
      "sha256": "2f1b2100dd325652bee1538b280888d921ab9d4b0f3791b9db0e9632c62a07a3",
      "executable": false
    },
    {
      "path": "node_modules/ethers/lib.esm/index.d.ts",
      "bytes": 352,
      "sha256": "e981c8c1e332df4f83dd27eeb3b0557a8afd36ffc5110b09e60d0a1a5b8c682a",
      "executable": false
    },
    {
      "path": "node_modules/ethers/lib.esm/index.d.ts.map",
      "bytes": 208,
      "sha256": "e75f2701c1d3b05fc78209d91d079712f56c5cc544311c09e0ffcecf6b9bb032",
      "executable": false
    },
    {
      "path": "node_modules/ethers/lib.esm/index.js",
      "bytes": 350,
      "sha256": "586bc08ce4c6bdb64f2972f9284f9eca568b7211f33c387d5b83f63887ffc468",
      "executable": false
    },
    {
      "path": "node_modules/ethers/lib.esm/index.js.map",
      "bytes": 206,
      "sha256": "36ac7c178ad782180a53123667e29d090a17cca15d56ae6b21c7104156a452e5",
      "executable": false
    },
    {
      "path": "node_modules/ethers/lib.esm/package.json",
      "bytes": 438,
      "sha256": "71a3a95826a9a4955ac66b62e7880e817658723e678114457e2e5d1aab27a3a0",
      "executable": false
    },
    {
      "path": "node_modules/ethers/lib.esm/providers/abstract-provider.d.ts",
      "bytes": 16097,
      "sha256": "e8b5ea1f3bc2c2397a8a793970a1c3b4b7664254104d55bd3520958f840d3b9e",
      "executable": false
    },
    {
      "path": "node_modules/ethers/lib.esm/providers/abstract-provider.d.ts.map",
      "bytes": 8895,
      "sha256": "35f6f591e6f874f2a0f6bc327d302aebf60bee2acaa42b069482c6c5c750d07b",
      "executable": false
    },
    {
      "path": "node_modules/ethers/lib.esm/providers/abstract-provider.js",
      "bytes": 51772,
      "sha256": "82859a8d79a59d230a9d99b385e6fd8871e0af408644b467f9d2f19048cca0a6",
      "executable": false
    },
    {
      "path": "node_modules/ethers/lib.esm/providers/abstract-provider.js.map",
      "bytes": 43165,
      "sha256": "55adb286a640b7738b3872804107dd120f041dc6258062deffba4f59acb6b224",
      "executable": false
    },
    {
      "path": "node_modules/ethers/lib.esm/providers/abstract-signer.d.ts",
      "bytes": 3145,
      "sha256": "afee3d5f2fd0092e4e9e2a03bde1729b599e0521e763dd145a7489a8ba97e63b",
      "executable": false
    },
    {
      "path": "node_modules/ethers/lib.esm/providers/abstract-signer.d.ts.map",
      "bytes": 2140,
      "sha256": "8f480446c111b449443c51ab3345f71b73f5d83ed99b1e267447e8dd66c3a468",
      "executable": false
    },
    {
      "path": "node_modules/ethers/lib.esm/providers/abstract-signer.js",
      "bytes": 9986,
      "sha256": "b2be508623922d8555e56f06730777fd35f362d34766a8248e35c2d7f1e3efd5",
      "executable": false
    },
    {
      "path": "node_modules/ethers/lib.esm/providers/abstract-signer.js.map",
      "bytes": 7279,
      "sha256": "d8e837b60d724f820c03445901fe362c548195efc7ac4b103ea58f12ec24992d",
      "executable": false
    },
    {
      "path": "node_modules/ethers/lib.esm/providers/community.d.ts",
      "bytes": 974,
      "sha256": "82af483335b93a35000fca8ed01c5f8c7aa23bee91896d6daafac88e4bf263bf",
      "executable": false
    },
    {
      "path": "node_modules/ethers/lib.esm/providers/community.d.ts.map",
      "bytes": 295,
      "sha256": "1227df5a0f4556f935b3c6ebe9b361b464103ba460bdcc6e535a970d08129569",
      "executable": false
    },
    {
      "path": "node_modules/ethers/lib.esm/providers/community.js",
      "bytes": 1545,
      "sha256": "787664bfd59ff9cd78e2258403658adf4bdcfb070b27c1ccbf0fe6df0e977312",
      "executable": false
    },
    {
      "path": "node_modules/ethers/lib.esm/providers/community.js.map",
      "bytes": 878,
      "sha256": "e68ed28cc79a0de0b0438112a239e6e04d33010ef86cef9a8c54cf37faa56d2f",
      "executable": false
    },
    {
      "path": "node_modules/ethers/lib.esm/providers/contracts.d.ts",
      "bytes": 1252,
      "sha256": "dc0f45854448366e46ed513f5d198379da258376d466f11e6d651dfbb968a3d5",
      "executable": false
    },
    {
      "path": "node_modules/ethers/lib.esm/providers/contracts.d.ts.map",
      "bytes": 637,
      "sha256": "5434e77e7fe4ea5ec39db5b5f36c433c54e649296d7f79b39c888b6542dab3ef",
      "executable": false
    },
    {
      "path": "node_modules/ethers/lib.esm/providers/contracts.js",
      "bytes": 48,
      "sha256": "427a6852d1b4fbc59c12b396120836e73895fb11bee3ec3841f58f9c9f32499d",
      "executable": false
    },
    {
      "path": "node_modules/ethers/lib.esm/providers/contracts.js.map",
      "bytes": 126,
      "sha256": "8edd1845fe5ded3079e55bc08ec32bd82bcda7137ac34d461d5514bf91ad3934",
      "executable": false
    },
    {
      "path": "node_modules/ethers/lib.esm/providers/default-provider.d.ts",
      "bytes": 1893,
      "sha256": "209a4f359634064b7e07b300eb87f46909411586015a75d771337301285baf6e",
      "executable": false
    },
    {
      "path": "node_modules/ethers/lib.esm/providers/default-provider.d.ts.map",
      "bytes": 442,
      "sha256": "05b94fb7623115142d69cc305c1ce5df4f51d55a151c3fd6fb207f827640fe9b",
      "executable": false
    },
    {
      "path": "node_modules/ethers/lib.esm/providers/default-provider.js",
      "bytes": 7249,
      "sha256": "6769d5785ac205e0e9ef9d4ca7c23d23ced021130ec8fda3e5f0d5ad12b0925d",
      "executable": false
    },
    {
      "path": "node_modules/ethers/lib.esm/providers/default-provider.js.map",
      "bytes": 4341,
      "sha256": "2f936647703511ea8f9b8e081476f98e02a44ba67c39e5c98864915efffbfbeb",
      "executable": false
    },
    {
      "path": "node_modules/ethers/lib.esm/providers/ens-resolver.d.ts",
      "bytes": 5310,
      "sha256": "c845638f8e301087c49190b9f7c259aa90a79755e23625585e276fe84b3991c3",
      "executable": false
    },
    {
      "path": "node_modules/ethers/lib.esm/providers/ens-resolver.d.ts.map",
      "bytes": 2332,
      "sha256": "3b0a38cb5f5594e90f4c2888de6d42135e6d53a898a86b0c25c963512638105c",
      "executable": false
    },
    {
      "path": "node_modules/ethers/lib.esm/providers/ens-resolver.js",
      "bytes": 24536,
      "sha256": "8607e03b326a3d6adf957adb8f8b17a2e8ec8ebf9b5aaa4d7878729f5e2582c2",
      "executable": false
    },
    {
      "path": "node_modules/ethers/lib.esm/providers/ens-resolver.js.map",
      "bytes": 17112,
      "sha256": "6c9d647243162d5e62ea2d2df3584fc6804a9b0e25ca41cd57241c0f047aeef8",
      "executable": false
    },
    {
      "path": "node_modules/ethers/lib.esm/providers/format.d.ts",
      "bytes": 1087,
      "sha256": "b31b025f01a686d46771b54ae03b966af7fd9fd0a5480003ab7e390c43752e2e",
      "executable": false
    },
    {
      "path": "node_modules/ethers/lib.esm/providers/format.d.ts.map",
      "bytes": 1057,
      "sha256": "16f7bb28eaadf2bb949949cd98d3b63679449e8e49ba7b155f672861738a9acd",
      "executable": false
    },
    {
      "path": "node_modules/ethers/lib.esm/providers/format.js",
      "bytes": 9547,
      "sha256": "4d692c5c5b4ff22bfb96eb721ac6bc0f542ba2c1f32f5633f1ef0e306991c2d7",
      "executable": false
    },
    {
      "path": "node_modules/ethers/lib.esm/providers/format.js.map",
      "bytes": 8046,
      "sha256": "b1fac4a435374f4f4a52a5b127da45cc7279e88882c4a2cb2db765a355232da4",
      "executable": false
    },
    {
      "path": "node_modules/ethers/lib.esm/providers/formatting.d.ts",
      "bytes": 8681,
      "sha256": "05c620cb5382f37a46eef76e57b2769109eff2190c439893d7c40fdd04eb5148",
      "executable": false
    },
    {
      "path": "node_modules/ethers/lib.esm/providers/formatting.d.ts.map",
      "bytes": 3292,
      "sha256": "22b350481f8812ca0b6ae6d0e6381230bacdf66e33a8e4d27e7c6f87d2da8d22",
      "executable": false
    },
    {
      "path": "node_modules/ethers/lib.esm/providers/formatting.js",
      "bytes": 169,
      "sha256": "c080f7e38b8b2f39d43e56b010e3075f033bd2a4d5e046470c87b8089ac518e4",
      "executable": false
    },
    {
      "path": "node_modules/ethers/lib.esm/providers/formatting.js.map",
      "bytes": 162,
      "sha256": "5922d8e56f3a3bd6e0df6276d647cd5d9922c724b460b0ba6e0b4ed643791b2e",
      "executable": false
    },
    {
      "path": "node_modules/ethers/lib.esm/providers/index.d.ts",
      "bytes": 3552,
      "sha256": "90e04e44bf25f8b6071d3695296abdcba54bc1803064e48b2e739d273f9eace7",
      "executable": false
    },
    {
      "path": "node_modules/ethers/lib.esm/providers/index.d.ts.map",
      "bytes": 2343,
      "sha256": "f3d87c10fb692413757c2172c4389ecb4a671b977baebce3928d4c910c63d0b5",
      "executable": false
    },
    {
      "path": "node_modules/ethers/lib.esm/providers/index.js",
      "bytes": 2338,
      "sha256": "42c8cd3e814001cc3655bd34c0320f782ec62df4b2fa1773498d52de2ee3eda2",
      "executable": false
    },
    {
      "path": "node_modules/ethers/lib.esm/providers/index.js.map",
      "bytes": 1507,
      "sha256": "2d4765dc6e5aacd67e2686e476dd4a44e4dae1e3ef2516cdb747647409d2e2b3",
      "executable": false
    },
    {
      "path": "node_modules/ethers/lib.esm/providers/network.d.ts",
      "bytes": 3376,
      "sha256": "87180277f45dbc2a384fa331b8db3174ae42f5445955469d1554840b245a76d5",
      "executable": false
    },
    {
      "path": "node_modules/ethers/lib.esm/providers/network.d.ts.map",
      "bytes": 1530,
      "sha256": "d0968a83c8952cc1e22cb3bfce22b463f010b3a0e9664c31d74f9287341529b3",
      "executable": false
    },
    {
      "path": "node_modules/ethers/lib.esm/providers/network.js",
      "bytes": 13575,
      "sha256": "8650e61e9b29fce7753c46e9df831d85557a55b0e58806217d572a1e9664e600",
      "executable": false
    },
    {
      "path": "node_modules/ethers/lib.esm/providers/network.js.map",
      "bytes": 10918,
      "sha256": "b23b082953a97d28fc5b741364df936b368ec66ccbd61d99a7a3c99c0e8945d3",
      "executable": false
    },
    {
      "path": "node_modules/ethers/lib.esm/providers/pagination.d.ts",
      "bytes": 192,
      "sha256": "b000559850c7766aeb0a13a56f5451e6402feacf34018971e68919362884be0c",
      "executable": false
    },
    {
      "path": "node_modules/ethers/lib.esm/providers/pagination.d.ts.map",
      "bytes": 317,
      "sha256": "37a23e753b1f00999e539a376fc40b98c889a2194e182fb9f8150b90a1153fe6",
      "executable": false
    },
    {
      "path": "node_modules/ethers/lib.esm/providers/pagination.js",
      "bytes": 49,
      "sha256": "442d5a85099066b9f94020a5199bca7ebfcb45dd4f9d0ba7b0dc595afa55893d",
      "executable": false
    },
    {
      "path": "node_modules/ethers/lib.esm/providers/pagination.js.map",
      "bytes": 128,
      "sha256": "740c6fb40b44959de2d86ca6783790fca50e1802c9ea66e2aa2be61181e32bf4",
      "executable": false
    },
    {
      "path": "node_modules/ethers/lib.esm/providers/plugin-fallback.d.ts",
      "bytes": 695,
      "sha256": "435fb4fb1fd9f596628a47bf8f0b38575d6b3863ce57a3fd85ad0fe0d6294573",
      "executable": false
    },
    {
      "path": "node_modules/ethers/lib.esm/providers/plugin-fallback.d.ts.map",
      "bytes": 551,
      "sha256": "beede74b32d06a086c43dc8d1b0d558fb10c6a076ce6b27c4b23bc1869151be5",
      "executable": false
    },
    {
      "path": "node_modules/ethers/lib.esm/providers/plugin-fallback.js",
      "bytes": 880,
      "sha256": "569eda7e1593efc7c49618b7da9a4d61b2267e5febd9b20057477de2c87ac83b",
      "executable": false
    },
    {
      "path": "node_modules/ethers/lib.esm/providers/plugin-fallback.js.map",
      "bytes": 753,
      "sha256": "00bb1419a06668d2d5aa18441c693e5320c7d0cb50c6aa153c0439afae5e0be6",
      "executable": false
    },
    {
      "path": "node_modules/ethers/lib.esm/providers/plugins-network.d.ts",
      "bytes": 5569,
      "sha256": "f52c9a59a36b2b80e82108132883624e1ca5889b8161c96685d5b7abf1221d3b",
      "executable": false
    },
    {
      "path": "node_modules/ethers/lib.esm/providers/plugins-network.d.ts.map",
      "bytes": 2591,
      "sha256": "1ec1f98e8f31739d1b0f8ec79034591da9b78bcc452cc3b5677f42646178a9f9",
      "executable": false
    },
    {
      "path": "node_modules/ethers/lib.esm/providers/plugins-network.js",
      "bytes": 7475,
      "sha256": "9d7192075d35e5ff7fed7bd7776eda54b10b29a1267d1d0122be4a2d24e879a3",
      "executable": false
    },
    {
      "path": "node_modules/ethers/lib.esm/providers/plugins-network.js.map",
      "bytes": 3616,
      "sha256": "198244839a71ad13fa05d4a479b68fd95280149e5ff616aaff11eb9b4905fccc",
      "executable": false
    },
    {
      "path": "node_modules/ethers/lib.esm/providers/provider-alchemy.d.ts",
      "bytes": 2001,
      "sha256": "7d03d9adda53f51aba7375d78b50c82a478afa5d601ccadd5c8ef2721c19390d",
      "executable": false
    },
    {
      "path": "node_modules/ethers/lib.esm/providers/provider-alchemy.d.ts.map",
      "bytes": 823,
      "sha256": "d59bd7dd5af874a8ecce07b6f8f1b902d885de674e3fdbe4c457be528e70778a",
      "executable": false
    },
    {
      "path": "node_modules/ethers/lib.esm/providers/provider-alchemy.js",
      "bytes": 5417,
      "sha256": "f1d065d704fb8749536fc555b0a659aef25ed65b9ddf55d493092e2f66cdcb29",
      "executable": false
    },
    {
      "path": "node_modules/ethers/lib.esm/providers/provider-alchemy.js.map",
      "bytes": 3379,
      "sha256": "26b20fa61422ba76b611dc65c30a629f1feb401705a4a309d40cbf6d63b26ba3",
      "executable": false
    },
    {
      "path": "node_modules/ethers/lib.esm/providers/provider-ankr.d.ts",
      "bytes": 2311,
      "sha256": "9459ddcf024cf57584f329bac738c8a26a8a76bb85b6f97ebaf755d270f1eb45",
      "executable": false
    },
    {
      "path": "node_modules/ethers/lib.esm/providers/provider-ankr.d.ts.map",
      "bytes": 908,
      "sha256": "be2e15ccaa6d4b36258949752c5dfe82452aa9ec4aa54e0b012148d8e96ea672",
      "executable": false
    },
    {
      "path": "node_modules/ethers/lib.esm/providers/provider-ankr.js",
      "bytes": 4812,
      "sha256": "030c4a10efebf3a3697455745f1b7c6b0a6f3a6c7553355a3ea1ba8e4efa231c",
      "executable": false
    },
    {
      "path": "node_modules/ethers/lib.esm/providers/provider-ankr.js.map",
      "bytes": 2693,
      "sha256": "7ff263354fe6173b498bfa4b4305dea2d206912b19002f755b9e1dd096a2bf05",
      "executable": false
    },
    {
      "path": "node_modules/ethers/lib.esm/providers/provider-blockscout.d.ts",
      "bytes": 2149,
      "sha256": "098d93d036a4f80dbd002010a940753570dfa293af4ed6e2180e2dec8aa893b5",
      "executable": false
    },
    {
      "path": "node_modules/ethers/lib.esm/providers/provider-blockscout.d.ts.map",
      "bytes": 1025,
      "sha256": "2e7ac5727a74e893552bdb7defa3a888ad2bc4d10c4652f1a488e11cea70eb0c",
      "executable": false
    },
    {
      "path": "node_modules/ethers/lib.esm/providers/provider-blockscout.js",
      "bytes": 5365,
      "sha256": "48e9c5a141e95e303c5460cffa8d9625248e4fe044221f85f5f50deca18bee79",
      "executable": false
    },
    {
      "path": "node_modules/ethers/lib.esm/providers/provider-blockscout.js.map",
      "bytes": 3214,
      "sha256": "2a3e84971ddb50e91e6d7f3f8e491e7d7c2a8f510689fcf9a6a41ac9d499f08b",
      "executable": false
    },
    {
      "path": "node_modules/ethers/lib.esm/providers/provider-browser.d.ts",
      "bytes": 3643,
      "sha256": "314359daf8d71a2883cbc054dbf16c4161f1b66c1bc01e0e737262cc0dfaf2ec",
      "executable": false
    },
    {
      "path": "node_modules/ethers/lib.esm/providers/provider-browser.d.ts.map",
      "bytes": 2214,
      "sha256": "dc0dbee9e5243bda1947546c6ffad83d9aba402579d88da796cd334518184ab8",
      "executable": false
    },
    {
      "path": "node_modules/ethers/lib.esm/providers/provider-browser.js",
      "bytes": 7910,
      "sha256": "1be5ee01fb6d23cc496c5e7fc06db9c78a2143198f427ded3f729191f79066b2",
      "executable": false
    },
    {
      "path": "node_modules/ethers/lib.esm/providers/provider-browser.js.map",
      "bytes": 6384,
      "sha256": "cd139969d3570058061e27b259b44e2a202fd60c214e460b14d54898137ee430",
      "executable": false
    },
    {
      "path": "node_modules/ethers/lib.esm/providers/provider-chainstack.d.ts",
      "bytes": 1686,
      "sha256": "3890ab6996506722cd1fecd0b5b838a5af654836abe484c99696f82dc4147f32",
      "executable": false
    },
    {
      "path": "node_modules/ethers/lib.esm/providers/provider-chainstack.d.ts.map",
      "bytes": 791,
      "sha256": "0e20d55b758138659d247332094949865ab7077b814bcbd60b087bedba777527",
      "executable": false
    },
    {
      "path": "node_modules/ethers/lib.esm/providers/provider-chainstack.js",
      "bytes": 3372,
      "sha256": "93f509da5bde5d93ba78b6eb99372dcf68730e36df22461abb8adfc4ff3d0f45",
      "executable": false
    },
    {
      "path": "node_modules/ethers/lib.esm/providers/provider-chainstack.js.map",
      "bytes": 2258,
      "sha256": "4d1fae832125063d03908950d1ca71e6a87b1390b2430763f4fc8f413bddc14b",
      "executable": false
    },
    {
      "path": "node_modules/ethers/lib.esm/providers/provider-cloudflare.d.ts",
      "bytes": 404,
      "sha256": "825b9b3691d29482cc2034a8e6292d4800222601c2a883ad3e777182bad6fa04",
      "executable": false
    },
    {
      "path": "node_modules/ethers/lib.esm/providers/provider-cloudflare.d.ts.map",
      "bytes": 321,
      "sha256": "2d261515f14ab31de3289822c3ff9477133a25c32ed55c6f7c9e094f232e4f7e",
      "executable": false
    },
    {
      "path": "node_modules/ethers/lib.esm/providers/provider-cloudflare.js",
      "bytes": 736,
      "sha256": "5186c4ccb61eb3b7e3f199a8d8b2e62fcd5fb25bfeab141c8d49f1815532e42d",
      "executable": false
    },
    {
      "path": "node_modules/ethers/lib.esm/providers/provider-cloudflare.js.map",
      "bytes": 634,
      "sha256": "033f3c19d994699388048a77ff5d421fed009ee038225c65eb68ef375b7d9e53",
      "executable": false
    },
    {
      "path": "node_modules/ethers/lib.esm/providers/provider-etherscan.d.ts",
      "bytes": 4985,
      "sha256": "ce51923912e666f0440bf60da367fa5bb59a33816f093de780d5e350cb02c220",
      "executable": false
    },
    {
      "path": "node_modules/ethers/lib.esm/providers/provider-etherscan.d.ts.map",
      "bytes": 2144,
      "sha256": "ca6725d7856558baac284ece1eb38d04730e3e4c245ffeaee397182286f00c28",
      "executable": false
    },
    {
      "path": "node_modules/ethers/lib.esm/providers/provider-etherscan.js",
      "bytes": 24371,
      "sha256": "bdbb350334aed80ee16344940a0e07dfae1eb87f958fdd5e710783a63bfe718c",
      "executable": false
    },
    {
      "path": "node_modules/ethers/lib.esm/providers/provider-etherscan.js.map",
      "bytes": 14692,
      "sha256": "3f488107ba812e1d338db7b5fb2f91a12036cf18713f186d425303244a4a3cdc",
      "executable": false
    },
    {
      "path": "node_modules/ethers/lib.esm/providers/provider-fallback.d.ts",
      "bytes": 3501,
      "sha256": "167488303ef27a82d6bf439a7e09901c88ce520b2ca70398698713cf29f7599d",
      "executable": false
    },
    {
      "path": "node_modules/ethers/lib.esm/providers/provider-fallback.d.ts.map",
      "bytes": 1709,
      "sha256": "3b80091a98bfb729bbcc545555ac51508f475bf0276fcbab57c6722a54545abf",
      "executable": false
    },
    {
      "path": "node_modules/ethers/lib.esm/providers/provider-fallback.js",
      "bytes": 23359,
      "sha256": "448caf257ac70f1d0546cc4f1c6f59227e8e44baa239c7d0126345cb85817a73",
      "executable": false
    },
    {
      "path": "node_modules/ethers/lib.esm/providers/provider-fallback.js.map",
      "bytes": 19955,
      "sha256": "442e0cc4a1f94940429459598b64856563ffaf713e2283fd3ae52f52145988d0",
      "executable": false
    },
    {
      "path": "node_modules/ethers/lib.esm/providers/provider-infura.d.ts",
      "bytes": 3755,
      "sha256": "3e6548ae5c61384f7faf2f75793628fe5ef06c56060bffe86bda3cbcc7d94524",
      "executable": false
    },
    {
      "path": "node_modules/ethers/lib.esm/providers/provider-infura.d.ts.map",
      "bytes": 1329,
      "sha256": "a7973d9a5454708517e0c4a62a89ef9829f227016493668885975a386553bd5b",
      "executable": false
    },
    {
      "path": "node_modules/ethers/lib.esm/providers/provider-infura.js",
      "bytes": 7063,
      "sha256": "a660b7a1d453639be72d0d12571d01d0a10c16842232672fe49fd575e34efb4a",
      "executable": false
    },
    {
      "path": "node_modules/ethers/lib.esm/providers/provider-infura.js.map",
      "bytes": 3734,
      "sha256": "902386a4b9bc9ed2f51cb3fb80a4bcfb25832cf52f0470f9d039e19cf8ab3ce6",
      "executable": false
    },
    {
      "path": "node_modules/ethers/lib.esm/providers/provider-ipcsocket-browser.d.ts",
      "bytes": 130,
      "sha256": "94daf1df14a61f222bcf90b95f9b4eade5cdf1143bf139769a37ff5671f16eb0",
      "executable": false
    },
    {
      "path": "node_modules/ethers/lib.esm/providers/provider-ipcsocket-browser.d.ts.map",
      "bytes": 226,
      "sha256": "ec005582d0631f48c14b8d7b7131959b5bf31fd18a9f43f0551903394c629f7e",
      "executable": false
    },
    {
      "path": "node_modules/ethers/lib.esm/providers/provider-ipcsocket-browser.js",
      "bytes": 121,
      "sha256": "43a8be3998f5cb33bb42f7608e1e988d916f75c99998cb7c8e5642b4c7b1fdc8",
      "executable": false
    },
    {
      "path": "node_modules/ethers/lib.esm/providers/provider-ipcsocket-browser.js.map",
      "bytes": 224,
      "sha256": "b6b108f773ae7631e03cab6e2c92e6ef81be4ffded85d5d1ce644ffc9b5b4c02",
      "executable": false
    },
    {
      "path": "node_modules/ethers/lib.esm/providers/provider-ipcsocket.d.ts",
      "bytes": 783,
      "sha256": "2a444ea55b9bc6f78215d2462dfdd008a9d2d5f2119ac541ae57b83847e9786a",
      "executable": false
    },
    {
      "path": "node_modules/ethers/lib.esm/providers/provider-ipcsocket.d.ts.map",
      "bytes": 574,
      "sha256": "ad10bd977041583abdbf3290f3ab4bd5aee3df7cdedd2284d4280893da418aac",
      "executable": false
    },
    {
      "path": "node_modules/ethers/lib.esm/providers/provider-ipcsocket.js",
      "bytes": 2128,
      "sha256": "e181aae417ea056d707a10493ffaf57210aae84c3331b5a525897d32619a38fa",
      "executable": false
    },
    {
      "path": "node_modules/ethers/lib.esm/providers/provider-ipcsocket.js.map",
      "bytes": 2130,
      "sha256": "0ea4ae74ce6bb1304ba750279a377735fd021a67ba6afdd3f502b90fef526183",
      "executable": false
    },
    {
      "path": "node_modules/ethers/lib.esm/providers/provider-jsonrpc.d.ts",
      "bytes": 12449,
      "sha256": "25fca633b8863ffd82f264d27c3f3bc70535bf66d484191bf3920bfd8cf7d764",
      "executable": false
    },
    {
      "path": "node_modules/ethers/lib.esm/providers/provider-jsonrpc.d.ts.map",
      "bytes": 5365,
      "sha256": "13728e1fe1794d5f6c56c88f661faeba8479d0078b3c88c2f5d3b0b87e5a0cfd",
      "executable": false
    },
    {
      "path": "node_modules/ethers/lib.esm/providers/provider-jsonrpc.js",
      "bytes": 39192,
      "sha256": "6a6a0bf4db927e18f61c4b565514b4255ec3659156bf586caff21ce852ea0942",
      "executable": false
    },
    {
      "path": "node_modules/ethers/lib.esm/providers/provider-jsonrpc.js.map",
      "bytes": 28437,
      "sha256": "e885e695bda9b3fe79e95ece6635b2563dd9682db58dd27eb5081b69c9e28257",
      "executable": false
    },
    {
      "path": "node_modules/ethers/lib.esm/providers/provider-pocket.d.ts",
      "bytes": 1979,
      "sha256": "2b4630bc489a8585742ced3952f491fe741d8f38bdd6d205d1a938baccddbda3",
      "executable": false
    },
    {
      "path": "node_modules/ethers/lib.esm/providers/provider-pocket.d.ts.map",
      "bytes": 914,
      "sha256": "38862896beb5c78c73b51d9094f90caf9f700958e124be8e8a913ff753e86205",
      "executable": false
    },
    {
      "path": "node_modules/ethers/lib.esm/providers/provider-pocket.js",
      "bytes": 3622,
      "sha256": "1f94874c1174d5e5b04a32f9294333c014bea76550e2b358399a72a65d6f1641",
      "executable": false
    },
    {
      "path": "node_modules/ethers/lib.esm/providers/provider-pocket.js.map",
      "bytes": 2162,
      "sha256": "352342e9288063623189b0cc1745609c49e868d1803e8bd131d98089e9de7eaf",
      "executable": false
    },
    {
      "path": "node_modules/ethers/lib.esm/providers/provider-quicknode.d.ts",
      "bytes": 2178,
      "sha256": "3bba9d77cfa07f2c6d174f804317e14d2573ed8234ec14152e51b207c90d1c47",
      "executable": false
    },
    {
      "path": "node_modules/ethers/lib.esm/providers/provider-quicknode.d.ts.map",
      "bytes": 804,
      "sha256": "368b6e8310886d8bb18945d62ad2309ea4b6e664a4448aa5975e8a5ba8324dd2",
      "executable": false
    },
    {
      "path": "node_modules/ethers/lib.esm/providers/provider-quicknode.js",
      "bytes": 5657,
      "sha256": "07783d3b60afb7566a683a43f51cd63508dc38269a2944fa8c1a73e7ec84f81b",
      "executable": false
    },
    {
      "path": "node_modules/ethers/lib.esm/providers/provider-quicknode.js.map",
      "bytes": 2490,
      "sha256": "4990426aac616ae8c1509849ee15b4b1c0875a7f2f26994c84e9acddb81bd113",
      "executable": false
    },
    {
      "path": "node_modules/ethers/lib.esm/providers/provider-socket.d.ts",
      "bytes": 3802,
      "sha256": "55e749e97482f1e8867594715bf2e12cd38a9ff3d5dd4775f8a038b66573608e",
      "executable": false
    },
    {
      "path": "node_modules/ethers/lib.esm/providers/provider-socket.d.ts.map",
      "bytes": 1875,
      "sha256": "7a5c5b46e685cf5ee29c1c054e45547597635548aa655f976541aa691d07c179",
      "executable": false
    },
    {
      "path": "node_modules/ethers/lib.esm/providers/provider-socket.js",
      "bytes": 10181,
      "sha256": "992b28fcb1fdba4e7f6781d8e5d9bd5fcf2bd7973403767087687a5c42f57f63",
      "executable": false
    },
    {
      "path": "node_modules/ethers/lib.esm/providers/provider-socket.js.map",
      "bytes": 6856,
      "sha256": "dd636f061acf04fe0c6c61634ef32863e326075123413d80076ebf6b7e701de9",
      "executable": false
    },
    {
      "path": "node_modules/ethers/lib.esm/providers/provider-websocket.d.ts",
      "bytes": 1464,
      "sha256": "c33f0b0ce44cc14942c7fdb26da13b6a2b2f048c9b344f015a3789a7a12604ba",
      "executable": false
    },
    {
      "path": "node_modules/ethers/lib.esm/providers/provider-websocket.d.ts.map",
      "bytes": 1070,
      "sha256": "b9d551f66009332197f66ec89f9007ed656dac28e6e4418ad82067ca546bff80",
      "executable": false
    },
    {
      "path": "node_modules/ethers/lib.esm/providers/provider-websocket.js",
      "bytes": 2628,
      "sha256": "910f31287518f3ab0bea8c94ee9a3a9820a796d4b52118dbaa733edc28c84ffe",
      "executable": false
    },
    {
      "path": "node_modules/ethers/lib.esm/providers/provider-websocket.js.map",
      "bytes": 1640,
      "sha256": "5e101fbf7de0dafa7d363ada17a36de09120d0028d30b18c4322de24e679ca81",
      "executable": false
    },
    {
      "path": "node_modules/ethers/lib.esm/providers/provider.d.ts",
      "bytes": 41089,
      "sha256": "b199e3fe2e42e49f54a6679ea0194bc72236c0d12058f588a0fe379eb1e5a52a",
      "executable": false
    },
    {
      "path": "node_modules/ethers/lib.esm/providers/provider.d.ts.map",
      "bytes": 13390,
      "sha256": "1aeac209c921af12007c6ae36deb2003fe68ef32de0141c08ef8d4e81a1529ca",
      "executable": false
    },
    {
      "path": "node_modules/ethers/lib.esm/providers/provider.js",
      "bytes": 43686,
      "sha256": "a92a54a180d13444929d9afa48c28fff9b9a0addeacff28c93d00cf34cda08af",
      "executable": false
    },
    {
      "path": "node_modules/ethers/lib.esm/providers/provider.js.map",
      "bytes": 24926,
      "sha256": "52d16bba2d0546b71331279cb130736975ce5574579ceabcc25e6537646459b2",
      "executable": false
    },
    {
      "path": "node_modules/ethers/lib.esm/providers/signer-noncemanager.d.ts",
      "bytes": 1532,
      "sha256": "97a67bba2c8123cd1fc6412042fb38ceee1477e6d844b5ec2dafea21f7f3e6f7",
      "executable": false
    },
    {
      "path": "node_modules/ethers/lib.esm/providers/signer-noncemanager.d.ts.map",
      "bytes": 1049,
      "sha256": "e788c74e299255f98c3e9dc5bc7c82926e0d9d508288cdbb589971764799bd3a",
      "executable": false
    },
    {
      "path": "node_modules/ethers/lib.esm/providers/signer-noncemanager.js",
      "bytes": 2294,
      "sha256": "87e6543d44dab83c9d4598b425927423b510f8f4fca542f7e97b4df17acaf329",
      "executable": false
    },
    {
      "path": "node_modules/ethers/lib.esm/providers/signer-noncemanager.js.map",
      "bytes": 1855,
      "sha256": "80a1bb1655f60b864eddad25839f12721ddd95a321cfb167ba110132b5f23cfc",
      "executable": false
    },
    {
      "path": "node_modules/ethers/lib.esm/providers/signer.d.ts",
      "bytes": 6220,
      "sha256": "fedb24ddffb67350cee62144c15d470251a1d0637b5ba37da4c836083165ce47",
      "executable": false
    },
    {
      "path": "node_modules/ethers/lib.esm/providers/signer.d.ts.map",
      "bytes": 1778,
      "sha256": "d74da1baf6e119db094fea6e459b8fb84b208303a7a85ac473db2b387a12d26a",
      "executable": false
    },
    {
      "path": "node_modules/ethers/lib.esm/providers/signer.js",
      "bytes": 45,
      "sha256": "28ca9eb477ad3f2fbb659e28f41cd1e0bc0efd8679da751986a17d17342b7ae9",
      "executable": false
    },
    {
      "path": "node_modules/ethers/lib.esm/providers/signer.js.map",
      "bytes": 120,
      "sha256": "6771493d6c79a93a30485ad779af9cafa71270293d22ee2f8a1b6f7f2e9535f4",
      "executable": false
    },
    {
      "path": "node_modules/ethers/lib.esm/providers/subscriber-connection.d.ts",
      "bytes": 709,
      "sha256": "6636880b988746258ec8f03fba033683a5c1b8e2cb28eb3a5984db35b221f456",
      "executable": false
    },
    {
      "path": "node_modules/ethers/lib.esm/providers/subscriber-connection.d.ts.map",
      "bytes": 627,
      "sha256": "dda10ff4df933d089c7188eb34231527e7287e7ca2a2b2c2817917c8b4c77c52",
      "executable": false
    },
    {
      "path": "node_modules/ethers/lib.esm/providers/subscriber-connection.js",
      "bytes": 1378,
      "sha256": "6bc5239cc078e816891f8b23daa0d70503945d8bac1b05b461c378b0f5a288bc",
      "executable": false
    },
    {
      "path": "node_modules/ethers/lib.esm/providers/subscriber-connection.js.map",
      "bytes": 1490,
      "sha256": "60d3edaac855c0946f33e8890bc71647149e49a12d7cebea8eff29b39c8ef74d",
      "executable": false
    },
    {
      "path": "node_modules/ethers/lib.esm/providers/subscriber-filterid.d.ts",
      "bytes": 2450,
      "sha256": "a72c8a6b4ea88c20c4b0e0aab6fd8b352ee36d870c4806a91526c8bc764b1b20",
      "executable": false
    },
    {
      "path": "node_modules/ethers/lib.esm/providers/subscriber-filterid.d.ts.map",
      "bytes": 1228,
      "sha256": "2a17b275a90cbf435152eb07c29c9dc2d9c9ce50f32fc2372abd324bf8e91ab1",
      "executable": false
    },
    {
      "path": "node_modules/ethers/lib.esm/providers/subscriber-filterid.js",
      "bytes": 5450,
      "sha256": "ea742cde1e757624f71bbdad26d376d5cf924685a57be72a1be50942d3981f0a",
      "executable": false
    },
    {
      "path": "node_modules/ethers/lib.esm/providers/subscriber-filterid.js.map",
      "bytes": 4172,
      "sha256": "0ccfd884e705cabd01decce923efa5078bba1f1cdbeff7b19e8d5931795f2f41",
      "executable": false
    },
    {
      "path": "node_modules/ethers/lib.esm/providers/subscriber-polling.d.ts",
      "bytes": 3232,
      "sha256": "8192008e5b481302fa03ad48b4a6b0c266ef6b53cbb9a9589c3feb94a3515b5d",
      "executable": false
    },
    {
      "path": "node_modules/ethers/lib.esm/providers/subscriber-polling.d.ts.map",
      "bytes": 1692,
      "sha256": "b2712dc2ccca6188649665ce01d3532fb0783c454ac6ee27f2224b2fda195491",
      "executable": false
    },
    {
      "path": "node_modules/ethers/lib.esm/providers/subscriber-polling.js",
      "bytes": 8552,
      "sha256": "5a51b23bcc553333e4e62bc2afa520fa82b22787ac8c0b75d51781f15a4352be",
      "executable": false
    },
    {
      "path": "node_modules/ethers/lib.esm/providers/subscriber-polling.js.map",
      "bytes": 6851,
      "sha256": "897435d9914b964ffa3a206d34a09195f01a1eb8afd6e54b3f9373498929e3b6",
      "executable": false
    },
    {
      "path": "node_modules/ethers/lib.esm/providers/ws-browser.d.ts",
      "bytes": 107,
      "sha256": "529d9b7f4bae95357c2a078c62ea0de073a42a2a2178481fa3c3cf7b523375b7",
      "executable": false
    },
    {
      "path": "node_modules/ethers/lib.esm/providers/ws-browser.d.ts.map",
      "bytes": 201,
      "sha256": "0b218cf455172413070f9cdbac246b0907da46ffa93678b02425b876d2d442a4",
      "executable": false
    },
    {
      "path": "node_modules/ethers/lib.esm/providers/ws-browser.js",
      "bytes": 404,
      "sha256": "bc09b548e2eec4f696b7a60c9ea9f34f42d0543f2ff341f4ca6ae77fe9d93f60",
      "executable": false
    },
    {
      "path": "node_modules/ethers/lib.esm/providers/ws-browser.js.map",
      "bytes": 475,
      "sha256": "7d17da5dae20f153794731ea689f4ba0b79ab749e95bb17b2835111a48bbe1e3",
      "executable": false
    },
    {
      "path": "node_modules/ethers/lib.esm/providers/ws.d.ts",
      "bytes": 64,
      "sha256": "2b550ff58b50e3d9715b4790748c82ebbbf74f4c41824600aa3416b690d54dda",
      "executable": false
    },
    {
      "path": "node_modules/ethers/lib.esm/providers/ws.d.ts.map",
      "bytes": 153,
      "sha256": "fee12bd147ddb9a22b13fa9bdd83f7dae0459e1b145fba4a331cedb01e619d1d",
      "executable": false
    },
    {
      "path": "node_modules/ethers/lib.esm/providers/ws.js",
      "bytes": 62,
      "sha256": "caefece82d27b0cb70f44639e1a76837ebb17b142addd5e200f70843f3dea1dd",
      "executable": false
    },
    {
      "path": "node_modules/ethers/lib.esm/providers/ws.js.map",
      "bytes": 151,
      "sha256": "a18c3c2fbb99b2a24cd654958aa11e1b0b3ac5bb690606f187bcb18e45cf1fb9",
      "executable": false
    },
    {
      "path": "node_modules/ethers/lib.esm/README.md",
      "bytes": 361,
      "sha256": "565d893be4e5d872194e4e9e8b28509d7494ba33061da59c731e453daa03b6a9",
      "executable": false
    },
    {
      "path": "node_modules/ethers/lib.esm/transaction/accesslist.d.ts",
      "bytes": 260,
      "sha256": "0df6ff347a9d41713af680b29476a430d0f0eaa30465efe3ef149cfbc7b63a3b",
      "executable": false
    },
    {
      "path": "node_modules/ethers/lib.esm/transaction/accesslist.d.ts.map",
      "bytes": 252,
      "sha256": "4654c338b139f4a2cead73ca05ae3fa25bc8e5f22615bb1ae08c3d34b106b24d",
      "executable": false
    },
    {
      "path": "node_modules/ethers/lib.esm/transaction/accesslist.js",
      "bytes": 1548,
      "sha256": "7dcfa9df4861fa918bf1437f0efc6d42ac778d1ab3269152a785ae74f30f750c",
      "executable": false
    },
    {
      "path": "node_modules/ethers/lib.esm/transaction/accesslist.js.map",
      "bytes": 1758,
      "sha256": "41a9d2c1039b85aa7aaa579fd637a8d2b99655fe6746134526ea6eb6320442b1",
      "executable": false
    },
    {
      "path": "node_modules/ethers/lib.esm/transaction/address.d.ts",
      "bytes": 614,
      "sha256": "d95862256da7116eae8b69d1fef8b1ffe47e221787fb7541b90295336731274c",
      "executable": false
    },
    {
      "path": "node_modules/ethers/lib.esm/transaction/address.d.ts.map",
      "bytes": 425,
      "sha256": "56a029b706df060ecf94c1ec44af5642a596730878322f5118f242d0679ceef4",
      "executable": false
    },
    {
      "path": "node_modules/ethers/lib.esm/transaction/address.js",
      "bytes": 808,
      "sha256": "6caca4ca24eb2cd2b8b420ca978fb787d82476507c211fd4547f0a8ac1d27a68",
      "executable": false
    },
    {
      "path": "node_modules/ethers/lib.esm/transaction/address.js.map",
      "bytes": 704,
      "sha256": "82525161b31b7a2d65300e9629da9d5dc041df981f85371d959845e1e0f63b94",
      "executable": false
    },
    {
      "path": "node_modules/ethers/lib.esm/transaction/authorization.d.ts",
      "bytes": 193,
      "sha256": "12a68e03b6c646f7eff6dee0bfad0669aa3f0bf84a62c0fe69c637fd2a4cfb46",
      "executable": false
    },
    {
      "path": "node_modules/ethers/lib.esm/transaction/authorization.d.ts.map",
      "bytes": 252,
      "sha256": "d773ae4b69e3a10a5805153fdacfab7466ceb516ead3b8ee1b55c7377a1c1a28",
      "executable": false
    },
    {
      "path": "node_modules/ethers/lib.esm/transaction/authorization.js",
      "bytes": 478,
      "sha256": "5a201be0e8f1bb96a7141ceecb8d9f2ff831406c2966871eb1cbdfe4fdcdc3c5",
      "executable": false
    },
    {
      "path": "node_modules/ethers/lib.esm/transaction/authorization.js.map",
      "bytes": 662,
      "sha256": "946f8969937912e509f41139328f95ae95b44183b2062ed1b6aa799d1c434e0d",
      "executable": false
    },
    {
      "path": "node_modules/ethers/lib.esm/transaction/index.d.ts",
      "bytes": 1323,
      "sha256": "32d70e138cd4199ae0516401cbade1343c27baa0b8d451da6d8cf753d5546668",
      "executable": false
    },
    {
      "path": "node_modules/ethers/lib.esm/transaction/index.d.ts.map",
      "bytes": 1108,
      "sha256": "89c6836495a29c10d0aa9b8b449b2ffc534e4e5a21f9f74c1d0b85afbd78777a",
      "executable": false
    },
    {
      "path": "node_modules/ethers/lib.esm/transaction/index.js",
      "bytes": 400,
      "sha256": "76cd01c430c30800cfa358d2a0303f64bf579e4fc6fcab1435a9ef94d89cc8e1",
      "executable": false
    },
    {
      "path": "node_modules/ethers/lib.esm/transaction/index.js.map",
      "bytes": 329,
      "sha256": "d2939cf81f8c5e0d725589983174c627512879873418ac7920baf41297d814d9",
      "executable": false
    },
    {
      "path": "node_modules/ethers/lib.esm/transaction/transaction.d.ts",
      "bytes": 13059,
      "sha256": "039cee8feda0a8da4d6a873792b5f935a7eb5ef276bef33f3918b10e96292fd8",
      "executable": false
    },
    {
      "path": "node_modules/ethers/lib.esm/transaction/transaction.d.ts.map",
      "bytes": 5952,
      "sha256": "d8c1168fb496b326958602b6e7e18cbaebbf73a4bf117d1eda0e17cc0ee4e483",
      "executable": false
    },
    {
      "path": "node_modules/ethers/lib.esm/transaction/transaction.js",
      "bytes": 45854,
      "sha256": "213cf05fd98e84217afd2e865a1d24bc16c44a76048afe9014ebcd260eafed65",
      "executable": false
    },
    {
      "path": "node_modules/ethers/lib.esm/transaction/transaction.js.map",
      "bytes": 40668,
      "sha256": "f29f1e468f487fa786a732d52f09605be1de019822b10d314755e185d5db9125",
      "executable": false
    },
    {
      "path": "node_modules/ethers/lib.esm/utils/base58.d.ts",
      "bytes": 873,
      "sha256": "c1d45ad150211313b9f4965a7f984993dc07313a8e81255f3d6d1c2d2b7a8fd9",
      "executable": false
    },
    {
      "path": "node_modules/ethers/lib.esm/utils/base58.d.ts.map",
      "bytes": 314,
      "sha256": "bbd9aab63c5991a5a426508fb1404a291ddbebbf5ef72e41b9ccac3751d293fc",
      "executable": false
    },
    {
      "path": "node_modules/ethers/lib.esm/utils/base58.js",
      "bytes": 1932,
      "sha256": "38fb0bf3962b8e24cbe8c9280a8de7972095c0da612ab32c0c70057e5ec5686d",
      "executable": false
    },
    {
      "path": "node_modules/ethers/lib.esm/utils/base58.js.map",
      "bytes": 1607,
      "sha256": "e2ba26bb9ae7e3f6fb02daff830d2299afdde5ffd1172ac271d5064f2045387c",
      "executable": false
    },
    {
      "path": "node_modules/ethers/lib.esm/utils/base64-browser.d.ts",
      "bytes": 220,
      "sha256": "143c50cf9d69e670767b881cc31f710ca3f96491dd4de645105c706a1606bf51",
      "executable": false
    },
    {
      "path": "node_modules/ethers/lib.esm/utils/base64-browser.d.ts.map",
      "bytes": 285,
      "sha256": "0368675b9a5f446d970125b28df18650a4139005324ff49fe5aebab0e6ac4743",
      "executable": false
    },
    {
      "path": "node_modules/ethers/lib.esm/utils/base64-browser.js",
      "bytes": 575,
      "sha256": "89cf03c8953a0a2a40df380743bf396874af63e33ac304e8602296491e13e015",
      "executable": false
    },
    {
      "path": "node_modules/ethers/lib.esm/utils/base64-browser.js.map",
      "bytes": 824,
      "sha256": "7b9ac7866328a0656a2b3ac48c8c69e22ec3a70dc6bbcbd2bdadd4987f186291",
      "executable": false
    },
    {
      "path": "node_modules/ethers/lib.esm/utils/base64.d.ts",
      "bytes": 1057,
      "sha256": "3099c6d6ca03d5f2098837cac45e7793786c54e06dfa882ff4a854bddeb3f97b",
      "executable": false
    },
    {
      "path": "node_modules/ethers/lib.esm/utils/base64.d.ts.map",
      "bytes": 322,
      "sha256": "fc375d722718fb808d4c94973f8b3fd28517a47fa3e5f4898ad3ffd49070a891",
      "executable": false
    },
    {
      "path": "node_modules/ethers/lib.esm/utils/base64.js",
      "bytes": 1466,
      "sha256": "ee069843b833a821f5f8a51bbc17c100cc8e8c89d44198fbe5aa62e465f331ce",
      "executable": false
    },
    {
      "path": "node_modules/ethers/lib.esm/utils/base64.js.map",
      "bytes": 484,
      "sha256": "de5542bef030265e3b4f9219e782b974d0de15fc240677496ed7b48faf324e93",
      "executable": false
    },
    {
      "path": "node_modules/ethers/lib.esm/utils/data.d.ts",
      "bytes": 3180,
      "sha256": "f0b25ecfcc4cad84f95951dbdc13686433c5a7c54deebe9a43b1b4ddee1bb5be",
      "executable": false
    },
    {
      "path": "node_modules/ethers/lib.esm/utils/data.d.ts.map",
      "bytes": 1226,
      "sha256": "d9a4d04ddce5e4eebdaeb4335de525d449820ffba4d0ce7297c374364d4965a8",
      "executable": false
    },
    {
      "path": "node_modules/ethers/lib.esm/utils/data.js",
      "bytes": 5052,
      "sha256": "30a7f033963d91c9edb2b94586b5e022c3919075d0cb402bc184f3a2d7d9fafc",
      "executable": false
    },
    {
      "path": "node_modules/ethers/lib.esm/utils/data.js.map",
      "bytes": 4169,
      "sha256": "047ef95f8c2e0702a22b542db511db1e4895068d09dfd10e5ceb232d019e1d81",
      "executable": false
    },
    {
      "path": "node_modules/ethers/lib.esm/utils/errors.d.ts",
      "bytes": 16678,
      "sha256": "fe0c1e2efe12fcc7e0409e799a31b02e3aa3007e516af720106da72e8c22157a",
      "executable": false
    },
    {
      "path": "node_modules/ethers/lib.esm/utils/errors.d.ts.map",
      "bytes": 6479,
      "sha256": "66f976528d951a920679a0b117977d2b067ae05ec311c65c10e6656859eb9408",
      "executable": false
    },
    {
      "path": "node_modules/ethers/lib.esm/utils/errors.js",
      "bytes": 7595,
      "sha256": "86b90fc247ae3a11abd50fa00f34a557eb11d94a4343dd92fd2833c1ddf5bd98",
      "executable": false
    },
    {
      "path": "node_modules/ethers/lib.esm/utils/errors.js.map",
      "bytes": 5523,
      "sha256": "8799fbd7a8612dfc5e08b5cdcdbdd3ae23ba14ec1215e1f3faadba646028a2a6",
      "executable": false
    },
    {
      "path": "node_modules/ethers/lib.esm/utils/events.d.ts",
      "bytes": 2302,
      "sha256": "7a8ead38ea10e5187f72c8ff01938f91ee8341bfdf33c467b26d049cf2719530",
      "executable": false
    },
    {
      "path": "node_modules/ethers/lib.esm/utils/events.d.ts.map",
      "bytes": 1394,
      "sha256": "632742c6f158cb2122af9065a8fa87488b50b7a37bf4258632d9b88f5c60db86",
      "executable": false
    },
    {
      "path": "node_modules/ethers/lib.esm/utils/events.js",
      "bytes": 1129,
      "sha256": "c0d74c2f2224697ac730ad3aab98df620dd343ef297d7f522167cdab5f47c83b",
      "executable": false
    },
    {
      "path": "node_modules/ethers/lib.esm/utils/events.js.map",
      "bytes": 631,
      "sha256": "3fe08de704d0485097b6a7463080060dbc241e4a4288aa52b9e508b5ee879ecf",
      "executable": false
    },
    {
      "path": "node_modules/ethers/lib.esm/utils/fetch.d.ts",
      "bytes": 12331,
      "sha256": "c8a94ee463980a023d5b0591edbd32c6c729cb217aa3901b23473295030f4354",
      "executable": false
    },
    {
      "path": "node_modules/ethers/lib.esm/utils/fetch.d.ts.map",
      "bytes": 4731,
      "sha256": "198ca79db00874351224243715d23ce1a328660e2a8e9bd54679e85160c757c5",
      "executable": false
    },
    {
      "path": "node_modules/ethers/lib.esm/utils/fetch.js",
      "bytes": 28676,
      "sha256": "a161fd9671c87aeece477816e1888e27bf8f9b79bdc331f0a41f02ec340afb6f",
      "executable": false
    },
    {
      "path": "node_modules/ethers/lib.esm/utils/fetch.js.map",
      "bytes": 20008,
      "sha256": "96909e35725e0bb38e33912ba2c32f45f2b02874035407227e8cc7acd09511c6",
      "executable": false
    },
    {
      "path": "node_modules/ethers/lib.esm/utils/fixednumber.d.ts",
      "bytes": 9160,
      "sha256": "9a721310a62782bf36638b10fb31aebb3ff34e2857a3fa25f0c243a67b39bff2",
      "executable": false
    },
    {
      "path": "node_modules/ethers/lib.esm/utils/fixednumber.d.ts.map",
      "bytes": 2255,
      "sha256": "80c57f76fc02e65102f6574a1d0b90ee588b23e7f249385a6a5f691f6cb9d4d2",
      "executable": false
    },
    {
      "path": "node_modules/ethers/lib.esm/utils/fixednumber.js",
      "bytes": 19466,
      "sha256": "b2c6566a0ba02d1961d1ffbc55b0d23a9fb4374cb331c058993baeb7eed0ee35",
      "executable": false
    },
    {
      "path": "node_modules/ethers/lib.esm/utils/fixednumber.js.map",
      "bytes": 13296,
      "sha256": "4d8ae2ad53e2936d84072d9c7d67d18e63ce5bdd86727c1a276130789d8a2387",
      "executable": false
    },
    {
      "path": "node_modules/ethers/lib.esm/utils/geturl-browser.d.ts",
      "bytes": 335,
      "sha256": "b3ea4f3cb1a74cc33b05a53306ead10e86ecba946597d395f3bb89be319938e7",
      "executable": false
    },
    {
      "path": "node_modules/ethers/lib.esm/utils/geturl-browser.d.ts.map",
      "bytes": 391,
      "sha256": "38e8393c8f775936306883aef806002bb69c0ee711bccf658b5ed1ccbc09c38c",
      "executable": false
    },
    {
      "path": "node_modules/ethers/lib.esm/utils/geturl-browser.js",
      "bytes": 2287,
      "sha256": "6904c603247f68b07b5c516796d8f5e16a123915f620d64cde448af6450d691b",
      "executable": false
    },
    {
      "path": "node_modules/ethers/lib.esm/utils/geturl-browser.js.map",
      "bytes": 2299,
      "sha256": "3fda48d8221794e10a6be461350de35458137f909011e92fb5eb869f532e33a9",
      "executable": false
    },
    {
      "path": "node_modules/ethers/lib.esm/utils/geturl.d.ts",
      "bytes": 370,
      "sha256": "32853e5f765babab7f3de559d9ecbe68049dd064e231c2da7e31ec32e0caf28d",
      "executable": false
    },
    {
      "path": "node_modules/ethers/lib.esm/utils/geturl.d.ts.map",
      "bytes": 397,
      "sha256": "41e39f8de743c35375cdc3140432f237aaafa2ba23a12638f0c9710ef2d864a4",
      "executable": false
    },
    {
      "path": "node_modules/ethers/lib.esm/utils/geturl.js",
      "bytes": 4700,
      "sha256": "8d782107378084930c3f14ee5556c6dc81bc3a29dd64c059d86893724b0098b1",
      "executable": false
    },
    {
      "path": "node_modules/ethers/lib.esm/utils/geturl.js.map",
      "bytes": 4245,
      "sha256": "51610eeb26f61a231414069b70dcf28137dd9793e1e49b50f53b864a544499bc",
      "executable": false
    },
    {
      "path": "node_modules/ethers/lib.esm/utils/index.d.ts",
      "bytes": 2430,
      "sha256": "aa546b567b477fcd690218295cbd9eb877d3e25bdfc049b40973702712d00788",
      "executable": false
    },
    {
      "path": "node_modules/ethers/lib.esm/utils/index.d.ts.map",
      "bytes": 1852,
      "sha256": "3f00850ef5901bc5257f8ac3fe26692731b7284184321ba58290bdc0f503c2eb",
      "executable": false
    },
    {
      "path": "node_modules/ethers/lib.esm/utils/index.js",
      "bytes": 1361,
      "sha256": "87f9f65d29d5686dbae0d032fd7a3d19d0ed6062ba63641648c5dfc7bc56aa3e",
      "executable": false
    },
    {
      "path": "node_modules/ethers/lib.esm/utils/index.js.map",
      "bytes": 1108,
      "sha256": "62736d89a38db3e562abc14f6c6b8bfeefbe6fc15ecc80141f4294e8a9ae833c",
      "executable": false
    },
    {
      "path": "node_modules/ethers/lib.esm/utils/maths.d.ts",
      "bytes": 2478,
      "sha256": "ca1b7949fa09108f8890ddefa6ed3d2c3461bb283cd8a09c0d5037ebf032ec71",
      "executable": false
    },
    {
      "path": "node_modules/ethers/lib.esm/utils/maths.d.ts.map",
      "bytes": 1203,
      "sha256": "fadcbd64eea653c48025195dfe034ac8f11f26ad8cc0c9196b35e3089350b36a",
      "executable": false
    },
    {
      "path": "node_modules/ethers/lib.esm/utils/maths.js",
      "bytes": 7688,
      "sha256": "ad3bcf8a31ac229e317848a97b5ab3cb976679747c78518a2754fefaaa48e2aa",
      "executable": false
    },
    {
      "path": "node_modules/ethers/lib.esm/utils/maths.js.map",
      "bytes": 6775,
      "sha256": "33116dc835d26ed837a8bd2f963f811764bbabe201a3711d625ac5b7b710840e",
      "executable": false
    },
    {
      "path": "node_modules/ethers/lib.esm/utils/properties.d.ts",
      "bytes": 624,
      "sha256": "1cdd7ea3d40571e6ed8cd91a1ef9f390c6d845d7adbdde29a61ca1af4036e7c8",
      "executable": false
    },
    {
      "path": "node_modules/ethers/lib.esm/utils/properties.d.ts.map",
      "bytes": 551,
      "sha256": "867d38ddef9bf0772066c7c906557d9ba5c4e8634f74c6118c4e45e4db92a513",
      "executable": false
    },
    {
      "path": "node_modules/ethers/lib.esm/utils/properties.js",
      "bytes": 1603,
      "sha256": "8767551fbaf6563360089fd1061348ab1751006cbeec366dc7b2ab5013b1c879",
      "executable": false
    },
    {
      "path": "node_modules/ethers/lib.esm/utils/properties.js.map",
      "bytes": 1691,
      "sha256": "45f14577ebbd6bff1b579dd997718bb46d9462f809da2a2da59de5fe055007b2",
      "executable": false
    },
    {
      "path": "node_modules/ethers/lib.esm/utils/rlp-decode.d.ts",
      "bytes": 245,
      "sha256": "8b49bd9c17fce53462e3c2094d961cb5bca26b3166cdc3e8c6952c00963b6a59",
      "executable": false
    },
    {
      "path": "node_modules/ethers/lib.esm/utils/rlp-decode.d.ts.map",
      "bytes": 250,
      "sha256": "1ecc8bae1ece9b29ae89782376725b4404f982beea7b3d14809f188ee18dc7f1",
      "executable": false
    },
    {
      "path": "node_modules/ethers/lib.esm/utils/rlp-decode.js",
      "bytes": 3142,
      "sha256": "3a981835374690162a61f0d72dc1080d066d75be6827de3d99481f78b4442f82",
      "executable": false
    },
    {
      "path": "node_modules/ethers/lib.esm/utils/rlp-decode.js.map",
      "bytes": 3552,
      "sha256": "0b758068353163abb3bd40b9ee7100a5184ca3f2c73e55aaa90def3aad1b64e6",
      "executable": false
    },
    {
      "path": "node_modules/ethers/lib.esm/utils/rlp-encode.d.ts",
      "bytes": 235,
      "sha256": "d07f8e8c858239ee0fa66e25cc9e7034d8fe7b0876be61d3d2d22c06fdc6944d",
      "executable": false
    },
    {
      "path": "node_modules/ethers/lib.esm/utils/rlp-encode.d.ts.map",
      "bytes": 240,
      "sha256": "45e7dc18af3114710853150c27f8febbd8a516eab141fa6d57e8010a69d8c5c2",
      "executable": false
    },
    {
      "path": "node_modules/ethers/lib.esm/utils/rlp-encode.js",
      "bytes": 1431,
      "sha256": "c6d92abf28f6589d2a814f57b64600125504d3527f1a0e43b1a09015fb86f033",
      "executable": false
    },
    {
      "path": "node_modules/ethers/lib.esm/utils/rlp-encode.js.map",
      "bytes": 1689,
      "sha256": "e95132731f534b2047380260b6688888c5e7b52c1f37b82ad378d14af90fc442",
      "executable": false
    },
    {
      "path": "node_modules/ethers/lib.esm/utils/rlp.d.ts",
      "bytes": 571,
      "sha256": "e29069b75d8b588f0cd62242dc120178d0518aeddf9757a440cd35c2606de2d6",
      "executable": false
    },
    {
      "path": "node_modules/ethers/lib.esm/utils/rlp.d.ts.map",
      "bytes": 372,
      "sha256": "2a0a70a41faa46a738f69643d5f3666492b4216717fca56b8187d047d0fffb79",
      "executable": false
    },
    {
      "path": "node_modules/ethers/lib.esm/utils/rlp.js",
      "bytes": 315,
      "sha256": "2b6e38f618deedacbd421cf5cd4782ea1d1d27f4c562e7e9c063c17920ccb5a0",
      "executable": false
    },
    {
      "path": "node_modules/ethers/lib.esm/utils/rlp.js.map",
      "bytes": 208,
      "sha256": "cac92e040b9654fc2cc027ee9dbfc85711665153197a3e3c9ca568116683c322",
      "executable": false
    },
    {
      "path": "node_modules/ethers/lib.esm/utils/units.d.ts",
      "bytes": 1006,
      "sha256": "fa2f8c5eedd3ed40be37deb32999191e1334f03fd402bad36c4b5a6da92470a6",
      "executable": false
    },
    {
      "path": "node_modules/ethers/lib.esm/utils/units.d.ts.map",
      "bytes": 506,
      "sha256": "6f4b0b31d50bc3696a01af59ce91b764dc03cb9aded1e109aa1eca20718d5943",
      "executable": false
    },
    {
      "path": "node_modules/ethers/lib.esm/utils/units.js",
      "bytes": 2858,
      "sha256": "32fb2d99a3ce9ad249b75a0a4c09c8fdee7814eec9419d4d0c228114f726ec18",
      "executable": false
    },
    {
      "path": "node_modules/ethers/lib.esm/utils/units.js.map",
      "bytes": 1657,
      "sha256": "e5f2b87271585fb7f3b898f7b246ef3a01a3b2a8f5ba9cd2f991cf8754fd687b",
      "executable": false
    },
    {
      "path": "node_modules/ethers/lib.esm/utils/utf8.d.ts",
      "bytes": 3945,
      "sha256": "2d28f80386b506e00285b9cbd0dc1a695c810cb3bc61e0b2b081aac304ee3bc4",
      "executable": false
    },
    {
      "path": "node_modules/ethers/lib.esm/utils/utf8.d.ts.map",
      "bytes": 991,
      "sha256": "9ef109dcda0b7286d03622db2ddbdb22550579b4336aa435668475ab1120b6d0",
      "executable": false
    },
    {
      "path": "node_modules/ethers/lib.esm/utils/utf8.js",
      "bytes": 7765,
      "sha256": "d6cde7314bea1ea5f17756110b64dc60eafdc03d01a8c6261da53097873bd8a0",
      "executable": false
    },
    {
      "path": "node_modules/ethers/lib.esm/utils/utf8.js.map",
      "bytes": 6368,
      "sha256": "1d93ca8a849f649bfadefd7363e1a6083bd6c1508a47994d2e53e7cc0302c4b9",
      "executable": false
    },
    {
      "path": "node_modules/ethers/lib.esm/utils/uuid.d.ts",
      "bytes": 280,
      "sha256": "00f74835b3aaf3690d7480f1ad08fe02593113e38e7a26d7ad27d327f5b9af8f",
      "executable": false
    },
    {
      "path": "node_modules/ethers/lib.esm/utils/uuid.d.ts.map",
      "bytes": 226,
      "sha256": "43ab954009dee3243e0c89510e7eb69f959bbbcc4926f85cec01933df64c3753",
      "executable": false
    },
    {
      "path": "node_modules/ethers/lib.esm/utils/uuid.js",
      "bytes": 894,
      "sha256": "0db82b8953b305fa4ec797e2fc2b8b1971d107f8d8eb218c99caa014b2cf6430",
      "executable": false
    },
    {
      "path": "node_modules/ethers/lib.esm/utils/uuid.js.map",
      "bytes": 842,
      "sha256": "721f59ac465f8cf3e95cf3592d223993cfa65268e38f074920e691fc5e68eb0f",
      "executable": false
    },
    {
      "path": "node_modules/ethers/lib.esm/wallet/base-wallet.d.ts",
      "bytes": 2128,
      "sha256": "abef0d03eb94032878417c5594b32bb25a44c14002933fe5b188ce7eb72ee140",
      "executable": false
    },
    {
      "path": "node_modules/ethers/lib.esm/wallet/base-wallet.d.ts.map",
      "bytes": 1215,
      "sha256": "a4cea54bb8d354613daf2139b3681beb9f53c0c8ac5f5e1603f7df71ae3f5cf2",
      "executable": false
    },
    {
      "path": "node_modules/ethers/lib.esm/wallet/base-wallet.js",
      "bytes": 4805,
      "sha256": "9bfb412471e5fb83f3fd4d015c0707c6248bc276a4bcb010686cd59a3125eec6",
      "executable": false
    },
    {
      "path": "node_modules/ethers/lib.esm/wallet/base-wallet.js.map",
      "bytes": 3790,
      "sha256": "317bd1165cb0d7727938e0ee0392798259cf1edd66db9c204c687bce39b256d7",
      "executable": false
    },
    {
      "path": "node_modules/ethers/lib.esm/wallet/hdwallet.d.ts",
      "bytes": 8335,
      "sha256": "7f1ddcce6f5aa325fbe874137ed533a4e23e557050dfb15747a9e19e2d6b463f",
      "executable": false
    },
    {
      "path": "node_modules/ethers/lib.esm/wallet/hdwallet.d.ts.map",
      "bytes": 3250,
      "sha256": "23a4f7832e3942c167d7bff08154f721b38bb6abe9a8dd9b7126e9a64654f87a",
      "executable": false
    },
    {
      "path": "node_modules/ethers/lib.esm/wallet/hdwallet.js",
      "bytes": 18581,
      "sha256": "bbcf201f4df3e6ad55d631246ac91fa7e801c418f6923147a1841629882c4ca9",
      "executable": false
    },
    {
      "path": "node_modules/ethers/lib.esm/wallet/hdwallet.js.map",
      "bytes": 13244,
      "sha256": "db20d989f287971ea3df844a79644e8eb0c273d7392b1b56ac83dc3604bae06c",
      "executable": false
    },
    {
      "path": "node_modules/ethers/lib.esm/wallet/index.d.ts",
      "bytes": 1341,
      "sha256": "deef751ee7953fca04f567770514f93f9d2fa1254e5cdcb7da5229757c65ea39",
      "executable": false
    },
    {
      "path": "node_modules/ethers/lib.esm/wallet/index.d.ts.map",
      "bytes": 601,
      "sha256": "10937b45d588ab627e0c4ca12359283e11cdea84aca1ad829c08e402bbc790cf",
      "executable": false
    },
    {
      "path": "node_modules/ethers/lib.esm/wallet/index.js",
      "bytes": 1203,
      "sha256": "d8d575295146c3e058055934bf27d1a190319356ae4ba28080301c4dcc58529b",
      "executable": false
    },
    {
      "path": "node_modules/ethers/lib.esm/wallet/index.js.map",
      "bytes": 500,
      "sha256": "dd6cd65e6fcea46b56833f333b0d716f71cbbb4c59eb599823a8234716929207",
      "executable": false
    },
    {
      "path": "node_modules/ethers/lib.esm/wallet/json-crowdsale.d.ts",
      "bytes": 929,
      "sha256": "a10dc770ceb0a20ecde6e0cc37ed95d1c5390f34eb7d7930407fa700354db3b5",
      "executable": false
    },
    {
      "path": "node_modules/ethers/lib.esm/wallet/json-crowdsale.d.ts.map",
      "bytes": 417,
      "sha256": "bc85b53dd6e1d8eacd5a806d1619b18022d95ee5f5072b1a927244495255d09b",
      "executable": false
    },
    {
      "path": "node_modules/ethers/lib.esm/wallet/json-crowdsale.js",
      "bytes": 2108,
      "sha256": "0bd0dad72e021e502a305e3c7ccf4b3fabb5f40d26977b29950efdd3299936a4",
      "executable": false
    },
    {
      "path": "node_modules/ethers/lib.esm/wallet/json-crowdsale.js.map",
      "bytes": 1815,
      "sha256": "03e0d2d02b5e9784639f6f41ff1965d117b566ff71de0d94d50b98e0bddee8c7",
      "executable": false
    },
    {
      "path": "node_modules/ethers/lib.esm/wallet/json-keystore.d.ts",
      "bytes": 3211,
      "sha256": "0e41bc8a6621ff6901a89fb0cca175731835723a4d9bd6ba3974cd0df809be89",
      "executable": false
    },
    {
      "path": "node_modules/ethers/lib.esm/wallet/json-keystore.d.ts.map",
      "bytes": 1406,
      "sha256": "85543dff6c7062629c18693d9eba41b8f961378964888a7e91e586fa37c7ba3f",
      "executable": false
    },
    {
      "path": "node_modules/ethers/lib.esm/wallet/json-keystore.js",
      "bytes": 12774,
      "sha256": "725510a247d7078e24e194bbb87f73235d4c3945691c85f7dbf6a2e063b6a857",
      "executable": false
    },
    {
      "path": "node_modules/ethers/lib.esm/wallet/json-keystore.js.map",
      "bytes": 11712,
      "sha256": "c35c9bd59bbf342d1f7d1da8eaec2519719cae33fffa3be1f24f60c3b924f1e2",
      "executable": false
    },
    {
      "path": "node_modules/ethers/lib.esm/wallet/mnemonic.d.ts",
      "bytes": 2319,
      "sha256": "4af291a429ee3d5516e506b507453e6fbc80fcea52bd62ce18190702acb5c807",
      "executable": false
    },
    {
      "path": "node_modules/ethers/lib.esm/wallet/mnemonic.d.ts.map",
      "bytes": 1183,
      "sha256": "47587e1a4e455f593493eab9d3d0268001c2b9c42a772fad1a3a151b374df06a",
      "executable": false
    },
    {
      "path": "node_modules/ethers/lib.esm/wallet/mnemonic.js",
      "bytes": 6254,
      "sha256": "8125b28441295ae3d3400ec79447a539f29c5bb0cac689a673fd994e40c739f2",
      "executable": false
    },
    {
      "path": "node_modules/ethers/lib.esm/wallet/mnemonic.js.map",
      "bytes": 5428,
      "sha256": "0cc95f62840a42641e40ee9d453f09a5d54705ca71a8945084d264bbac5edec2",
      "executable": false
    },
    {
      "path": "node_modules/ethers/lib.esm/wallet/utils.d.ts",
      "bytes": 351,
      "sha256": "b424554c62c1b741ac0da65e79b5cddf8b1e228b30d1a73ba8aecedddb78ebde",
      "executable": false
    },
    {
      "path": "node_modules/ethers/lib.esm/wallet/utils.d.ts.map",
      "bytes": 410,
      "sha256": "3f93ebb70a095e85b0abf1118c9de09036e84a24cf8254b435edfd218ca0ddbf",
      "executable": false
    },
    {
      "path": "node_modules/ethers/lib.esm/wallet/utils.js",
      "bytes": 4117,
      "sha256": "56a5438c1739f0cddb4a150c01b4931ea882a22215f6f0c4b029cfe9ce1e1830",
      "executable": false
    },
    {
      "path": "node_modules/ethers/lib.esm/wallet/utils.js.map",
      "bytes": 2729,
      "sha256": "41839bc738274430e7bd08e0bf0e7b5c91c8744f67a51bfb7a5551a6e401fbc7",
      "executable": false
    },
    {
      "path": "node_modules/ethers/lib.esm/wallet/wallet.d.ts",
      "bytes": 2940,
      "sha256": "aae5435e7c8b476b2b4fd960fb4ca413c9ed6dc8675d8db29a895ff7389e638f",
      "executable": false
    },
    {
      "path": "node_modules/ethers/lib.esm/wallet/wallet.d.ts.map",
      "bytes": 1119,
      "sha256": "3282cd1c85992ded5c5dd9cb33a6cd8bd6c0e05fc8c587b429c3efbb7bff3d59",
      "executable": false
    },
    {
      "path": "node_modules/ethers/lib.esm/wallet/wallet.js",
      "bytes": 5592,
      "sha256": "71b7b77c35c0320ba53b57875b1df137c89209b6160dec13e793d92564659455",
      "executable": false
    },
    {
      "path": "node_modules/ethers/lib.esm/wallet/wallet.js.map",
      "bytes": 3639,
      "sha256": "c047ce26879e28bb7e2eed9912ea176c9c0234331b88addea30227e8e3ec68eb",
      "executable": false
    },
    {
      "path": "node_modules/ethers/lib.esm/wordlists/bit-reader.d.ts",
      "bytes": 141,
      "sha256": "03487c22bbf8b0fa0ff0b7b865b5339b81a826a3233884102d4ccba8796ec29d",
      "executable": false
    },
    {
      "path": "node_modules/ethers/lib.esm/wordlists/bit-reader.d.ts.map",
      "bytes": 229,
      "sha256": "7a5df16bce8d9b2a6c9867058bc6ac0e62e10f59e344a0464310f4852bb5e24f",
      "executable": false
    },
    {
      "path": "node_modules/ethers/lib.esm/wordlists/bit-reader.js",
      "bytes": 1013,
      "sha256": "b062579e25800a07beb0669647df207e80925727370a8151d283535397150178",
      "executable": false
    },
    {
      "path": "node_modules/ethers/lib.esm/wordlists/bit-reader.js.map",
      "bytes": 1048,
      "sha256": "186136d2693d3090c26080d6f7bf0056639ca9d6c1f8f56f3fd59a68124b77c0",
      "executable": false
    },
    {
      "path": "node_modules/ethers/lib.esm/wordlists/decode-owl.d.ts",
      "bytes": 221,
      "sha256": "8c42c85090f1bcbd0523cee41536d0500100e73af5983fe6c7f6aa5bb9089c40",
      "executable": false
    },
    {
      "path": "node_modules/ethers/lib.esm/wordlists/decode-owl.d.ts.map",
      "bytes": 309,
      "sha256": "0fc170cde5e86fe05a244e9829b8c63876cbf67802fce5cec7bbc15a3c8e58df",
      "executable": false
    },
    {
      "path": "node_modules/ethers/lib.esm/wordlists/decode-owl.js",
      "bytes": 1657,
      "sha256": "98e00c4948789fe34b8c1aeef91ad816298b17fb8e6015a3d11a81c55b7e371d",
      "executable": false
    },
    {
      "path": "node_modules/ethers/lib.esm/wordlists/decode-owl.js.map",
      "bytes": 1927,
      "sha256": "38578220ec004bb03442f9b7fe89d95af19860560b39c23fab6bf98cafff4042",
      "executable": false
    },
    {
      "path": "node_modules/ethers/lib.esm/wordlists/decode-owla.d.ts",
      "bytes": 144,
      "sha256": "5983ead9b6aad7a3512864366014f72032b6a423bd1d661bf814a2a2c83ce083",
      "executable": false
    },
    {
      "path": "node_modules/ethers/lib.esm/wordlists/decode-owla.d.ts.map",
      "bytes": 231,
      "sha256": "df79dce9a35c0035f7ee8d4922f0b3b60e58f439935aab18ccf4aaa3b6f8e7c0",
      "executable": false
    },
    {
      "path": "node_modules/ethers/lib.esm/wordlists/decode-owla.js",
      "bytes": 1055,
      "sha256": "a8b8163884a338c50ea82d0b673cd36052f2fc532644a6466617f86e1d79ab9a",
      "executable": false
    },
    {
      "path": "node_modules/ethers/lib.esm/wordlists/decode-owla.js.map",
      "bytes": 1262,
      "sha256": "cb4c5efd88f7233bfa60b26456af8009eb067c7565f3dca44dc8c634852d000e",
      "executable": false
    },
    {
      "path": "node_modules/ethers/lib.esm/wordlists/generation/encode-latin.d.ts",
      "bytes": 644,
      "sha256": "9fd984d4e94660bda8d5ce949b32dcdd08220635a7db00bb022f2b41734e83bb",
      "executable": false
    },
    {
      "path": "node_modules/ethers/lib.esm/wordlists/generation/encode-latin.d.ts.map",
      "bytes": 798,
      "sha256": "5b6d547507798694307b46f72e13f9b7fd077cb2a288ceae51bdfed1834aa73e",
      "executable": false
    },
    {
      "path": "node_modules/ethers/lib.esm/wordlists/generation/encode-latin.js",
      "bytes": 11833,
      "sha256": "0bf4a437d5cc14e2ab00eb63b43a990409208304d3c01f78b296e56aee76970c",
      "executable": false
    },
    {
      "path": "node_modules/ethers/lib.esm/wordlists/generation/encode-latin.js.map",
      "bytes": 10187,
      "sha256": "6ecf0a68b4e08f0dc8b9c532cf4ca37f893e1f1832961290211a88a1247dc3d5",
      "executable": false
    },
    {
      "path": "node_modules/ethers/lib.esm/wordlists/index.d.ts",
      "bytes": 1043,
      "sha256": "43881022601c5fc87ff751cd869103981215489384643c71d5c8e58619f7bc96",
      "executable": false
    },
    {
      "path": "node_modules/ethers/lib.esm/wordlists/index.d.ts.map",
      "bytes": 357,
      "sha256": "c36515ed51f741659457329b38ac7a9e8547917af720bc3e8e7a465a691478b0",
      "executable": false
    },
    {
      "path": "node_modules/ethers/lib.esm/wordlists/index.js",
      "bytes": 1041,
      "sha256": "5e28c87aa299bb472f161463387720ad1f6403ed3e4d85c629099f881f42a5dd",
      "executable": false
    },
    {
      "path": "node_modules/ethers/lib.esm/wordlists/index.js.map",
      "bytes": 355,
      "sha256": "9768b471f7f250877c9662f7ef4ce4bf45dc9e2b3200922c7b492e3088cd36f6",
      "executable": false
    },
    {
      "path": "node_modules/ethers/lib.esm/wordlists/lang-cz.d.ts",
      "bytes": 639,
      "sha256": "0154e7bbdf0ddb952e11a7a5f7e43b1862d67a567985437fdddd681f4c9e4075",
      "executable": false
    },
    {
      "path": "node_modules/ethers/lib.esm/wordlists/lang-cz.d.ts.map",
      "bytes": 271,
      "sha256": "26c851c40dbfb898a7df3338d6f7ae0a84f8cfd468738d0a6fead99fc5d513a4",
      "executable": false
    },
    {
      "path": "node_modules/ethers/lib.esm/wordlists/lang-cz.js",
      "bytes": 8014,
      "sha256": "ad53ea06594c7ac9f3e3c6ccf1aa9d002f58181a8bb3de942f641f96e3c5d795",
      "executable": false
    },
    {
      "path": "node_modules/ethers/lib.esm/wordlists/lang-cz.js.map",
      "bytes": 532,
      "sha256": "68861ffc9b2f4d66fa96f50f33c7acaba7af77a4b401921a0d2baecf1c5e4709",
      "executable": false
    },
    {
      "path": "node_modules/ethers/lib.esm/wordlists/lang-en.d.ts",
      "bytes": 636,
      "sha256": "3fa498ce08b62f4148452e553d138429a5d928f8c39395683ef941856d9d8942",
      "executable": false
    },
    {
      "path": "node_modules/ethers/lib.esm/wordlists/lang-en.d.ts.map",
      "bytes": 271,
      "sha256": "b685a2238f96c4c1db421768df8d3af497ee5b4df9ac7e3611e11fa3cd7fe756",
      "executable": false
    },
    {
      "path": "node_modules/ethers/lib.esm/wordlists/lang-en.js",
      "bytes": 6893,
      "sha256": "55c72f9f81abd618eb892d5c3669d427adb31a40ba5d25d5946e68b67eae4472",
      "executable": false
    },
    {
      "path": "node_modules/ethers/lib.esm/wordlists/lang-en.js.map",
      "bytes": 532,
      "sha256": "360727b2058dcc3b74cee51d74f23bc38fc4ef4a6f8c6bc4267a80f39b2e240d",
      "executable": false
    },
    {
      "path": "node_modules/ethers/lib.esm/wordlists/lang-es.d.ts",
      "bytes": 639,
      "sha256": "206c91c5c29bb0e66b1783262e5b6b0f1504ab033a81024977cc9a4484e36e8f",
      "executable": false
    },
    {
      "path": "node_modules/ethers/lib.esm/wordlists/lang-es.d.ts.map",
      "bytes": 271,
      "sha256": "693b408984b4d0845a3a3e822488dba1d6e5bb04fcf5158791adab4222687ae4",
      "executable": false
    },
    {
      "path": "node_modules/ethers/lib.esm/wordlists/lang-es.js",
      "bytes": 7157,
      "sha256": "aa5c51a354223ae1e46ee9ccdd917d13e9230adc727d762cc100cd17ae00e35d",
      "executable": false
    },
    {
      "path": "node_modules/ethers/lib.esm/wordlists/lang-es.js.map",
      "bytes": 575,
      "sha256": "ccf0df21d3bb00ba4984185e096a62796fbf0aa2603ff3e3a97c9ae9c7211c13",
      "executable": false
    },
    {
      "path": "node_modules/ethers/lib.esm/wordlists/lang-fr.d.ts",
      "bytes": 638,
      "sha256": "b5e820752d23030fdab51a822e31662a46e09c188d301c31483965b30baeed94",
      "executable": false
    },
    {
      "path": "node_modules/ethers/lib.esm/wordlists/lang-fr.d.ts.map",
      "bytes": 271,
      "sha256": "3bb6a51db4266d170738b86908bc3bc155ed1c514aa894e71acebfb5c2cfc09e",
      "executable": false
    },
    {
      "path": "node_modules/ethers/lib.esm/wordlists/lang-fr.js",
      "bytes": 8908,
      "sha256": "e1540d1c79ee22a57458b774930e8f42a6b57283a60d8e76fbfcdfad82491586",
      "executable": false
    },
    {
      "path": "node_modules/ethers/lib.esm/wordlists/lang-fr.js.map",
      "bytes": 575,
      "sha256": "7fd7ab5a4d6d88c4cadbfeb89472130aae0cca0eed7a5ea12b8b7567f74d4708",
      "executable": false
    },
    {
      "path": "node_modules/ethers/lib.esm/wordlists/lang-it.d.ts",
      "bytes": 636,
      "sha256": "f909868bbe43d44156945d8c3d1f9f4489e6c7ae42141cfb57a8189428086b0c",
      "executable": false
    },
    {
      "path": "node_modules/ethers/lib.esm/wordlists/lang-it.d.ts.map",
      "bytes": 271,
      "sha256": "120261c2d6786e0a96cc876ddd942efad07ee03a968ec732df955c57b3854f59",
      "executable": false
    },
    {
      "path": "node_modules/ethers/lib.esm/wordlists/lang-it.js",
      "bytes": 8544,
      "sha256": "e2f379ac83c795df663bf9790fd38bb1414d079e0cf70cb67b868441463755a4",
      "executable": false
    },
    {
      "path": "node_modules/ethers/lib.esm/wordlists/lang-it.js.map",
      "bytes": 532,
      "sha256": "9d5737f4ef390b1aae1e866236d1e1aaba7c8e4bd0f55489bacf1fc4abe2ae70",
      "executable": false
    },
    {
      "path": "node_modules/ethers/lib.esm/wordlists/lang-ja.d.ts",
      "bytes": 785,
      "sha256": "fc8df545bc58bb69aa4b930f8f6e205e13cbefe6a1fa85b1217f4281f56c503b",
      "executable": false
    },
    {
      "path": "node_modules/ethers/lib.esm/wordlists/lang-ja.d.ts.map",
      "bytes": 464,
      "sha256": "260a42c9913c6f1b84ae0b927ebcc21bc2af6e29138481b41fd3590034641e82",
      "executable": false
    },
    {
      "path": "node_modules/ethers/lib.esm/wordlists/lang-ja.js",
      "bytes": 12817,
      "sha256": "86525412225add037ade271c8fdeafbab0064d31bc4e241f1eefd026450a39d4",
      "executable": false
    },
    {
      "path": "node_modules/ethers/lib.esm/wordlists/lang-ja.js.map",
      "bytes": 4459,
      "sha256": "1cab600864123f2cc9c4754d9c1f31de29e7cbabfad27c7aedcd918dd819a97e",
      "executable": false
    },
    {
      "path": "node_modules/ethers/lib.esm/wordlists/lang-ko.d.ts",
      "bytes": 701,
      "sha256": "12336beed48c3f0ce3bac5b71841539f62ddd1b0288e108ca1ce7ce951cf6129",
      "executable": false
    },
    {
      "path": "node_modules/ethers/lib.esm/wordlists/lang-ko.d.ts.map",
      "bytes": 352,
      "sha256": "32e621955c8a2b0a6be8323ebdcf804226e235c3ccc3372d983a8b43b54c05bb",
      "executable": false
    },
    {
      "path": "node_modules/ethers/lib.esm/wordlists/lang-ko.js",
      "bytes": 14355,
      "sha256": "edc044bce4ebfe89c6cb41b550be41db045409cd7e15711aa8452628f7b66248",
      "executable": false
    },
    {
      "path": "node_modules/ethers/lib.esm/wordlists/lang-ko.js.map",
      "bytes": 2223,
      "sha256": "28a0afdbc844c6aee675f5f606a456952b4d61d27d55a35d64d838105ce1cfb1",
      "executable": false
    },
    {
      "path": "node_modules/ethers/lib.esm/wordlists/lang-pt.d.ts",
      "bytes": 639,
      "sha256": "1cecf5360f1fffa45f72c287f51be1ea3e12e7a92d5047750993f0b7101c7557",
      "executable": false
    },
    {
      "path": "node_modules/ethers/lib.esm/wordlists/lang-pt.d.ts.map",
      "bytes": 271,
      "sha256": "a48e9d1196131763549b520c790ae8eb9ae558a73b9062b9416db69239b4e548",
      "executable": false
    },
    {
      "path": "node_modules/ethers/lib.esm/wordlists/lang-pt.js",
      "bytes": 8383,
      "sha256": "3eef98979c0463189eea8798c373cc690f450debe21b89264b5cea3190fdb8a5",
      "executable": false
    },
    {
      "path": "node_modules/ethers/lib.esm/wordlists/lang-pt.js.map",
      "bytes": 532,
      "sha256": "8a5e5fff559ac850fff752f99edff60ab4162ac0398e82d261f2c783967fbe56",
      "executable": false
    },
    {
      "path": "node_modules/ethers/lib.esm/wordlists/lang-zh.d.ts",
      "bytes": 1059,
      "sha256": "997e3cd9dc0b53fc3270eb75935d99479ed3b2a087544a2499737689b11e2a1e",
      "executable": false
    },
    {
      "path": "node_modules/ethers/lib.esm/wordlists/lang-zh.d.ts.map",
      "bytes": 455,
      "sha256": "cfc20a8c84adbfb14090575b9cbda329e366555dc11ea70afab06d0bee65e8f2",
      "executable": false
    },
    {
      "path": "node_modules/ethers/lib.esm/wordlists/lang-zh.js",
      "bytes": 10828,
      "sha256": "839289565df3701ce1f5675d2063577ab372d70eba1fbed51f84269a156d96b3",
      "executable": false
    },
    {
      "path": "node_modules/ethers/lib.esm/wordlists/lang-zh.js.map",
      "bytes": 2654,
      "sha256": "b8234da18221ce135a7dfdf08b5df7ff550bed88b009b48dd8460d2803cf1a74",
      "executable": false
    },
    {
      "path": "node_modules/ethers/lib.esm/wordlists/wordlist-owl.d.ts",
      "bytes": 1044,
      "sha256": "b908d48bfaf9a491303e5970101a2b9895cc6f8f4c6abfabd6bb93ca425a22d0",
      "executable": false
    },
    {
      "path": "node_modules/ethers/lib.esm/wordlists/wordlist-owl.d.ts.map",
      "bytes": 474,
      "sha256": "7447041e824fdfa590311ad6f0c2c2c4836787fe1e6de81f5dabd04da959ed56",
      "executable": false
    },
    {
      "path": "node_modules/ethers/lib.esm/wordlists/wordlist-owl.js",
      "bytes": 2150,
      "sha256": "350ffe433e9e7a05737b90df71f724b45f5f80649b11b9a24cf4265675adb370",
      "executable": false
    },
    {
      "path": "node_modules/ethers/lib.esm/wordlists/wordlist-owl.js.map",
      "bytes": 1499,
      "sha256": "12e2ce09d109063a5766fd064f6c2067ce26945019b56207e0356a0a0affe99c",
      "executable": false
    },
    {
      "path": "node_modules/ethers/lib.esm/wordlists/wordlist-owla.d.ts",
      "bytes": 982,
      "sha256": "96d22cd33030a9b7bab47064406ef0fbf7502fd2b2779af845bb63c27e8ca92e",
      "executable": false
    },
    {
      "path": "node_modules/ethers/lib.esm/wordlists/wordlist-owla.d.ts.map",
      "bytes": 415,
      "sha256": "13758b316c8080a855f2713a7b51e60b6e87f77b31df7e660830702d81e52b4f",
      "executable": false
    },
    {
      "path": "node_modules/ethers/lib.esm/wordlists/wordlist-owla.js",
      "bytes": 1124,
      "sha256": "8e1d34c678586c252f8d2138c619d9b8413143f010189c1867e4d1534b19e800",
      "executable": false
    },
    {
      "path": "node_modules/ethers/lib.esm/wordlists/wordlist-owla.js.map",
      "bytes": 611,
      "sha256": "66910caba3248e297a8c44f4b169b7d460548e22638af6596acd1fdf70ebc8fb",
      "executable": false
    },
    {
      "path": "node_modules/ethers/lib.esm/wordlists/wordlist.d.ts",
      "bytes": 1650,
      "sha256": "486a4acd1ddabb05055e75770bd51ffa166b1ac3940ec4019761f06c3c3b1d6c",
      "executable": false
    },
    {
      "path": "node_modules/ethers/lib.esm/wordlists/wordlist.d.ts.map",
      "bytes": 496,
      "sha256": "42d3b13706b564df4f9603a6551197cf8bcf9577f0d69dbba08dd54f7b41da5a",
      "executable": false
    },
    {
      "path": "node_modules/ethers/lib.esm/wordlists/wordlist.js",
      "bytes": 1427,
      "sha256": "77918b03eb000c5f2b1e25ae0983787fdcc6176e6b7cb4b830aca2fb8dc9a665",
      "executable": false
    },
    {
      "path": "node_modules/ethers/lib.esm/wordlists/wordlist.js.map",
      "bytes": 520,
      "sha256": "d4ea2648927ff32095fd9d5dcb932052adc2e1d985123a6ed4bbb823edc0132b",
      "executable": false
    },
    {
      "path": "node_modules/ethers/lib.esm/wordlists/wordlists-browser.d.ts",
      "bytes": 152,
      "sha256": "821c80cd6b923d8e3f842d05bb92e69fea2989afa27db821720e68c2220cd38a",
      "executable": false
    },
    {
      "path": "node_modules/ethers/lib.esm/wordlists/wordlists-browser.d.ts.map",
      "bytes": 250,
      "sha256": "95c84a207b54294a2b3d447062228bbcc9c878c1cdc01847a100640782cd5beb",
      "executable": false
    },
    {
      "path": "node_modules/ethers/lib.esm/wordlists/wordlists-browser.js",
      "bytes": 141,
      "sha256": "2e55be9da951806b9e11aee6dab72ca9c80c78ab2312d129b58e4bccbe9246a4",
      "executable": false
    },
    {
      "path": "node_modules/ethers/lib.esm/wordlists/wordlists-browser.js.map",
      "bytes": 260,
      "sha256": "ccbdfd15f830a874116a67d5913fdc4ad228f523a6983c81849e52ede67a23c7",
      "executable": false
    },
    {
      "path": "node_modules/ethers/lib.esm/wordlists/wordlists-extra.d.ts",
      "bytes": 357,
      "sha256": "0a9d1c6c00ab47eadbe8d21dc420603b1cc4d7f400663d0d9c10d2831e01e9d9",
      "executable": false
    },
    {
      "path": "node_modules/ethers/lib.esm/wordlists/wordlists-extra.d.ts.map",
      "bytes": 466,
      "sha256": "01a6416b00550af67a1066d143d50411f5f9cabe294559d083ab89d836bad62a",
      "executable": false
    },
    {
      "path": "node_modules/ethers/lib.esm/wordlists/wordlists-extra.js",
      "bytes": 355,
      "sha256": "44c92af92f836b4efd1a098cce14238148d216d46a61a8252304cffc35a53274",
      "executable": false
    },
    {
      "path": "node_modules/ethers/lib.esm/wordlists/wordlists-extra.js.map",
      "bytes": 464,
      "sha256": "d01b468965a94a922d7c16464899799a0cdb0f7465d6ec9ad17860617b1efc4f",
      "executable": false
    },
    {
      "path": "node_modules/ethers/lib.esm/wordlists/wordlists.d.ts",
      "bytes": 658,
      "sha256": "cd564236c3689e0237b1b16c779deba4bf0905949b2cd1332b867a255a1fca61",
      "executable": false
    },
    {
      "path": "node_modules/ethers/lib.esm/wordlists/wordlists.d.ts.map",
      "bytes": 255,
      "sha256": "0e3c2231ef11f36409ab9c9610d9b7a356acdc547ea35b20e0645a375ed0633c",
      "executable": false
    },
    {
      "path": "node_modules/ethers/lib.esm/wordlists/wordlists.js",
      "bytes": 1216,
      "sha256": "92957d7026a6e6e95d9666b393079f619ef7b18caaf74387f1f2f9f2ed996853",
      "executable": false
    },
    {
      "path": "node_modules/ethers/lib.esm/wordlists/wordlists.js.map",
      "bytes": 937,
      "sha256": "c9da14a11ebc3e96e951e085ea35cde18bcf991b3f8e3528d02aa771486a34d3",
      "executable": false
    },
    {
      "path": "node_modules/ethers/LICENSE.md",
      "bytes": 1075,
      "sha256": "44eea86637405118248327fbe9d9fa95d04c7a57221c7e8c155f736db9f1b612",
      "executable": false
    },
    {
      "path": "node_modules/ethers/node_modules/@noble/curves/_shortw_utils.d.ts",
      "bytes": 3648,
      "sha256": "91f41a1b20f79ec8d21a343f72d45d206434240c4df4a3b6ba8f1b0bf0a9cd78",
      "executable": false
    },
    {
      "path": "node_modules/ethers/node_modules/@noble/curves/_shortw_utils.d.ts.map",
      "bytes": 531,
      "sha256": "bd06f13daa04c0abcff36827db5b8165b6be075f9a905bcbc2fccd03bf3410b2",
      "executable": false
    },
    {
      "path": "node_modules/ethers/node_modules/@noble/curves/_shortw_utils.js",
      "bytes": 897,
      "sha256": "0d6180b48356b5244e09fcafe0de640b7d8730796826629982eb24086c2ee02f",
      "executable": false
    },
    {
      "path": "node_modules/ethers/node_modules/@noble/curves/_shortw_utils.js.map",
      "bytes": 676,
      "sha256": "ac7992af48385e7dd45b76515292f149db1054868691de1a6daf69a6f12d44dd",
      "executable": false
    },
    {
      "path": "node_modules/ethers/node_modules/@noble/curves/abstract/bls.d.ts",
      "bytes": 4062,
      "sha256": "688de257c367ef7f8e0a1936a6fc1aac040f614947429dd9900b94865311e67b",
      "executable": false
    },
    {
      "path": "node_modules/ethers/node_modules/@noble/curves/abstract/bls.d.ts.map",
      "bytes": 4176,
      "sha256": "7e238ca4918d39f610eb179fac2ffd6c9118ef28ba7f4b398d39ac88bd869785",
      "executable": false
    },
    {
      "path": "node_modules/ethers/node_modules/@noble/curves/abstract/bls.js",
      "bytes": 10118,
      "sha256": "83c1cbdc36106656d5ccc26e7968d192b219480fb607d5c5d30f42c393c89214",
      "executable": false
    },
    {
      "path": "node_modules/ethers/node_modules/@noble/curves/abstract/bls.js.map",
      "bytes": 10565,
      "sha256": "907ceec6d201e4b9699fbf89df43061b93994b90e2f96148a33eb1e0a7a8b4fd",
      "executable": false
    },
    {
      "path": "node_modules/ethers/node_modules/@noble/curves/abstract/curve.d.ts",
      "bytes": 2236,
      "sha256": "d0b3609e8e7afed0fd0570152255458407e67249b94f6603afdfd68599423f21",
      "executable": false
    },
    {
      "path": "node_modules/ethers/node_modules/@noble/curves/abstract/curve.d.ts.map",
      "bytes": 1660,
      "sha256": "32b4cfac4a4b765f5e927416238078fc729790ab6e1eca5c3581e6cf3185dac6",
      "executable": false
    },
    {
      "path": "node_modules/ethers/node_modules/@noble/curves/abstract/curve.js",
      "bytes": 7155,
      "sha256": "dd9742efb51072151df3777adc974cee481db106ffd0657683d985a096446a51",
      "executable": false
    },
    {
      "path": "node_modules/ethers/node_modules/@noble/curves/abstract/curve.js.map",
      "bytes": 4204,
      "sha256": "0a38480a450475134353589423a3a316e007efc5e4f73ec7d2b07ffc4c8f4530",
      "executable": false
    },
    {
      "path": "node_modules/ethers/node_modules/@noble/curves/abstract/edwards.d.ts",
      "bytes": 3261,
      "sha256": "6eba415efb5402fbeb79b4ed74d1645f334d36ad86a28254dd485766947e6f11",
      "executable": false
    },
    {
      "path": "node_modules/ethers/node_modules/@noble/curves/abstract/edwards.d.ts.map",
      "bytes": 2603,
      "sha256": "74c41a2d5f222801c26c70079410c74822901d3870b2aedd8653ea13470e326b",
      "executable": false
    },
    {
      "path": "node_modules/ethers/node_modules/@noble/curves/abstract/edwards.js",
      "bytes": 19532,
      "sha256": "9c8f4277df542424af035c16b87591636a241e0892a6a71f3e66122965777215",
      "executable": false
    },
    {
      "path": "node_modules/ethers/node_modules/@noble/curves/abstract/edwards.js.map",
      "bytes": 17727,
      "sha256": "53ccf8ff1ce793d54308b9a99eb49b6da2437ffada7efab1827577855087f200",
      "executable": false
    },
    {
      "path": "node_modules/ethers/node_modules/@noble/curves/abstract/hash-to-curve.d.ts",
      "bytes": 2590,
      "sha256": "966c0f443d86c942051567852ade4439c55c78cc65948887bc767091f142bfe1",
      "executable": false
    },
    {
      "path": "node_modules/ethers/node_modules/@noble/curves/abstract/hash-to-curve.d.ts.map",
      "bytes": 1929,
      "sha256": "6e731ebf476a84d58d95f32fad8b25192bcba84716c8f010a05891f9a3556f03",
      "executable": false
    },
    {
      "path": "node_modules/ethers/node_modules/@noble/curves/abstract/hash-to-curve.js",
      "bytes": 7360,
      "sha256": "29ff3ec0d01787efac0d2db7dc2c90cf9e8a92302521c1082ec85eb40908f8a1",
      "executable": false
    },
    {
      "path": "node_modules/ethers/node_modules/@noble/curves/abstract/hash-to-curve.js.map",
      "bytes": 7180,
      "sha256": "490391fa80dd36612f50d47a669eb16e7e108b9e08a0b5db62620ff2434a8f11",
      "executable": false
    },
    {
      "path": "node_modules/ethers/node_modules/@noble/curves/abstract/modular.d.ts",
      "bytes": 5346,
      "sha256": "fb58035d39c5759283cb73cfb3548aefe370aa3ad4e81fdb4e46f0979eb7669f",
      "executable": false
    },
    {
      "path": "node_modules/ethers/node_modules/@noble/curves/abstract/modular.d.ts.map",
      "bytes": 3606,
      "sha256": "ddcfdf7846e373a81aa9b064a5cb14b2ad664bd0366042602f74179f0b6a1db4",
      "executable": false
    },
    {
      "path": "node_modules/ethers/node_modules/@noble/curves/abstract/modular.js",
      "bytes": 18096,
      "sha256": "025b510f9ef15c7a97e7a8242801801240fc8a523bf0f898f7a15b56340d4542",
      "executable": false
    },
    {
      "path": "node_modules/ethers/node_modules/@noble/curves/abstract/modular.js.map",
      "bytes": 14527,
      "sha256": "64785ecd2ed70fb560e8517068f6e417f03fcc23e41f79f5485e72a989bf6bc0",
      "executable": false
    },
    {
      "path": "node_modules/ethers/node_modules/@noble/curves/abstract/montgomery.d.ts",
      "bytes": 900,
      "sha256": "69737836ab79d4d796b325ad1909f567fc59c1044128414f71cc6e571f96c404",
      "executable": false
    },
    {
      "path": "node_modules/ethers/node_modules/@noble/curves/abstract/montgomery.d.ts.map",
      "bytes": 1092,
      "sha256": "8d936d4f14cf6d8de88a8e513a74f9dcfe5dd5b9af1da581e22ccf4afb1c38c2",
      "executable": false
    },
    {
      "path": "node_modules/ethers/node_modules/@noble/curves/abstract/montgomery.js",
      "bytes": 6353,
      "sha256": "916493231c4219803b0a3f838c46cbf90d60ab2eba401e0355dc4663f76ac9eb",
      "executable": false
    },
    {
      "path": "node_modules/ethers/node_modules/@noble/curves/abstract/montgomery.js.map",
      "bytes": 5404,
      "sha256": "f7b35b9e73d66d8e73ff1ea653e32dd2b8b5be0f144f2839af0109fad5b4b411",
      "executable": false
    },
    {
      "path": "node_modules/ethers/node_modules/@noble/curves/abstract/poseidon.d.ts",
      "bytes": 940,
      "sha256": "42afabbb5bb487bf4cf09bdba471bd3778cf864ddb55db8518a4a748c63f3292",
      "executable": false
    },
    {
      "path": "node_modules/ethers/node_modules/@noble/curves/abstract/poseidon.d.ts.map",
      "bytes": 656,
      "sha256": "7ce8954ce20174e9f0668f5cf2748b5aa8fc438089fb915d0f09179a02feff81",
      "executable": false
    },
    {
      "path": "node_modules/ethers/node_modules/@noble/curves/abstract/poseidon.js",
      "bytes": 5025,
      "sha256": "150c269439fe396919c7c0297d0c346f7fe420f12a6f4932b31c483ad5120b23",
      "executable": false
    },
    {
      "path": "node_modules/ethers/node_modules/@noble/curves/abstract/poseidon.js.map",
      "bytes": 5408,
      "sha256": "6d0c9cf41d156497d54d1da1bd25d7e0fba2570e57eabcebc57d5e862c7c5ccb",
      "executable": false
    },
    {
      "path": "node_modules/ethers/node_modules/@noble/curves/abstract/utils.d.ts",
      "bytes": 3845,
      "sha256": "44412cd78df82b6698ea95aa28b4df68a2962fb84e66802802f58f11e2658d96",
      "executable": false
    },
    {
      "path": "node_modules/ethers/node_modules/@noble/curves/abstract/utils.d.ts.map",
      "bytes": 2428,
      "sha256": "9e98352674ba90adb0c1fb95c848bfdb59c3bee696ae4665520334b5baea0176",
      "executable": false
    },
    {
      "path": "node_modules/ethers/node_modules/@noble/curves/abstract/utils.js",
      "bytes": 10740,
      "sha256": "eb95b7f49abcdb90b68cc24ed967c0cbde82c3c7309a3997106d56628d1f06d8",
      "executable": false
    },
    {
      "path": "node_modules/ethers/node_modules/@noble/curves/abstract/utils.js.map",
      "bytes": 9020,
      "sha256": "28b144c41f803b3d16d6d9ff61c0704a92a6d6eb8b30d7186734cd76c66a12e2",
      "executable": false
    },
    {
      "path": "node_modules/ethers/node_modules/@noble/curves/abstract/weierstrass.d.ts",
      "bytes": 9350,
      "sha256": "628bc7c0dd29c0ce9faf446e606e16b2d31930f7d96c7a1a050034859bac9756",
      "executable": false
    },
    {
      "path": "node_modules/ethers/node_modules/@noble/curves/abstract/weierstrass.d.ts.map",
      "bytes": 6174,
      "sha256": "3db1ad91a09c7878ea26c341221a1af5f48233179bae808de0ac2cd3db973e86",
      "executable": false
    },
    {
      "path": "node_modules/ethers/node_modules/@noble/curves/abstract/weierstrass.js",
      "bytes": 46225,
      "sha256": "07143ec651d2e2359f6e93b4e66259a5dc925025c98a7231ea0fba6c273b0c71",
      "executable": false
    },
    {
      "path": "node_modules/ethers/node_modules/@noble/curves/abstract/weierstrass.js.map",
      "bytes": 41854,
      "sha256": "33c24cec9d59018b128a0ac0b0f80bef2f54fb89b9205aa917378424ef8dbec1",
      "executable": false
    },
    {
      "path": "node_modules/ethers/node_modules/@noble/curves/bls12-381.d.ts",
      "bytes": 1898,
      "sha256": "5de4dcbc7b4cbaf901c265d48133e69f5b4d20a7d91f0dfbe3c4c598820af6d9",
      "executable": false
    },
    {
      "path": "node_modules/ethers/node_modules/@noble/curves/bls12-381.d.ts.map",
      "bytes": 2443,
      "sha256": "b8c7335503f3263b672a69e2e251fd02c9f20267ffae73dafdc0737268e8b88a",
      "executable": false
    },
    {
      "path": "node_modules/ethers/node_modules/@noble/curves/bls12-381.js",
      "bytes": 56300,
      "sha256": "0955027f49a8fb37c2afb477a902db1a1ee4b2b92077670ceb5b2493e6e1fa2a",
      "executable": false
    },
    {
      "path": "node_modules/ethers/node_modules/@noble/curves/bls12-381.js.map",
      "bytes": 49985,
      "sha256": "743367c339874a6f888cc11f7281ca1e7c594ec3f28ced555085580fee27df5d",
      "executable": false
    },
    {
      "path": "node_modules/ethers/node_modules/@noble/curves/bn254.d.ts",
      "bytes": 351,
      "sha256": "4a461a5461f9e3e6c4c5bea3a522450fe7cfa5a50858ef269b8911e8e29270a6",
      "executable": false
    },
    {
      "path": "node_modules/ethers/node_modules/@noble/curves/bn254.d.ts.map",
      "bytes": 146,
      "sha256": "16d2e381c033813d448f2da4d066e6fb3993add8a55e84bd2b49dfb8a278e279",
      "executable": false
    },
    {
      "path": "node_modules/ethers/node_modules/@noble/curves/bn254.js",
      "bytes": 1075,
      "sha256": "05b1940a74cd8eec11ef8be22e750ad128d8c46b467c8d801908d164a3944c45",
      "executable": false
    },
    {
      "path": "node_modules/ethers/node_modules/@noble/curves/bn254.js.map",
      "bytes": 541,
      "sha256": "32e2e5764cbc4d158d89f0dff8fe023d4cda24db0679e5e7a1320bdb22d16d2f",
      "executable": false
    },
    {
      "path": "node_modules/ethers/node_modules/@noble/curves/ed25519.d.ts",
      "bytes": 3801,
      "sha256": "1d96f92bd2377ebbba31bda314188e03f8faf1dee2820dfe60912cb80de18b4d",
      "executable": false
    },
    {
      "path": "node_modules/ethers/node_modules/@noble/curves/ed25519.d.ts.map",
      "bytes": 1483,
      "sha256": "e62fcf9921de6084cfe27ca9c966bb4c027e5ee8c19945c6623221cc40a217a6",
      "executable": false
    },
    {
      "path": "node_modules/ethers/node_modules/@noble/curves/ed25519.js",
      "bytes": 21367,
      "sha256": "adb9cc8edd0c7144996fe55113579208e3f65a889514ce80d46eb7eae6d48138",
      "executable": false
    },
    {
      "path": "node_modules/ethers/node_modules/@noble/curves/ed25519.js.map",
      "bytes": 19462,
      "sha256": "f26f69106a40791f4b2b917997173e2da8f9c5c56f730a05fea1c4d842a3ebb6",
      "executable": false
    },
    {
      "path": "node_modules/ethers/node_modules/@noble/curves/ed448.d.ts",
      "bytes": 3350,
      "sha256": "096bc0804f01ccb3b686e21cb078df9c1ada2dfd9e0315fac48b563f850e232d",
      "executable": false
    },
    {
      "path": "node_modules/ethers/node_modules/@noble/curves/ed448.d.ts.map",
      "bytes": 1351,
      "sha256": "64121d3d10d3146b0264a3c11fd03784f89e1ea2a77ab9ffe45d04980ba11995",
      "executable": false
    },
    {
      "path": "node_modules/ethers/node_modules/@noble/curves/ed448.js",
      "bytes": 19926,
      "sha256": "edb6762706fc4e78683cf9f7a7ea449fb5bd81c57c3e6def4b742ef88c09c5b3",
      "executable": false
    },
    {
      "path": "node_modules/ethers/node_modules/@noble/curves/ed448.js.map",
      "bytes": 18651,
      "sha256": "0231ee78910cb00d31199e789e8a4afc919d49ec3cf4d2627ac3bb5e9e857f03",
      "executable": false
    },
    {
      "path": "node_modules/ethers/node_modules/@noble/curves/esm/_shortw_utils.js",
      "bytes": 663,
      "sha256": "320767dbeaae6c29d59a457fcbd3952a04133374b01d92efb5729b6451535b90",
      "executable": false
    },
    {
      "path": "node_modules/ethers/node_modules/@noble/curves/esm/_shortw_utils.js.map",
      "bytes": 734,
      "sha256": "27df6da69347dc599327c7dbbdaedfc709562b310586b1986a119899bee6c53b",
      "executable": false
    },
    {
      "path": "node_modules/ethers/node_modules/@noble/curves/esm/abstract/bls.js",
      "bytes": 9899,
      "sha256": "4c539fe24db8b32fbd8b8eb36f80d2880721c567bd000c6edce56d8145e796cd",
      "executable": false
    },
    {
      "path": "node_modules/ethers/node_modules/@noble/curves/esm/abstract/bls.js.map",
      "bytes": 10658,
      "sha256": "706a81b2cb13f40da321dc92c2c60f2ec05c8d45c77f0694aca0573e0b6c7303",
      "executable": false
    },
    {
      "path": "node_modules/ethers/node_modules/@noble/curves/esm/abstract/curve.js",
      "bytes": 6945,
      "sha256": "0f67d7a6780bee1bf53ca27107292795275f29e373f4810e7403c674e5399b10",
      "executable": false
    },
    {
      "path": "node_modules/ethers/node_modules/@noble/curves/esm/abstract/curve.js.map",
      "bytes": 4234,
      "sha256": "4e07d7a1f39a2d10a962733d09a88f7fd5f2a7e3ee9764aa97178be9f500c275",
      "executable": false
    },
    {
      "path": "node_modules/ethers/node_modules/@noble/curves/esm/abstract/edwards.js",
      "bytes": 19208,
      "sha256": "2f1964264d4e4e958942188daf487e01bdea869d59acb79d8ebb5736d1d72112",
      "executable": false
    },
    {
      "path": "node_modules/ethers/node_modules/@noble/curves/esm/abstract/edwards.js.map",
      "bytes": 17771,
      "sha256": "e342b5f65a9b8d694872766ccfcd1f88c2cc1d62e305b6fe65467f9ad03f2078",
      "executable": false
    },
    {
      "path": "node_modules/ethers/node_modules/@noble/curves/esm/abstract/hash-to-curve.js",
      "bytes": 6824,
      "sha256": "e02fe9ff8304188d9e82073747a6f97b219a43a26039e28ba2f540ff256c56f6",
      "executable": false
    },
    {
      "path": "node_modules/ethers/node_modules/@noble/curves/esm/abstract/hash-to-curve.js.map",
      "bytes": 7156,
      "sha256": "a7ba32a1e004935fbbdbb5ac9dd6df4a0a88c16941b8db361c714a456a72143d",
      "executable": false
    },
    {
      "path": "node_modules/ethers/node_modules/@noble/curves/esm/abstract/modular.js",
      "bytes": 16981,
      "sha256": "33b756ce7b13dba500aa3a6f2f1a2c32797199fff874e6b30219ace87a4199fd",
      "executable": false
    },
    {
      "path": "node_modules/ethers/node_modules/@noble/curves/esm/abstract/modular.js.map",
      "bytes": 14381,
      "sha256": "aeac08cc41d292954d531e71e620dbcea6ae8b31ace51a8c771b63241fda9f23",
      "executable": false
    },
    {
      "path": "node_modules/ethers/node_modules/@noble/curves/esm/abstract/montgomery.js",
      "bytes": 6134,
      "sha256": "91e453bb12fcfafdeba15fe6493f9132778e1a4982b1319f30357e7f27010d22",
      "executable": false
    },
    {
      "path": "node_modules/ethers/node_modules/@noble/curves/esm/abstract/montgomery.js.map",
      "bytes": 5443,
      "sha256": "e2ce0fb3dc95289db3fad9a233a330954479f8a5a94e6d67eb9fda866d3d4945",
      "executable": false
    },
    {
      "path": "node_modules/ethers/node_modules/@noble/curves/esm/abstract/poseidon.js",
      "bytes": 4758,
      "sha256": "ea170116bacf21a7bd698a6feef28e0cd87d9f49af9ae7e66dec73341a1ac6e5",
      "executable": false
    },
    {
      "path": "node_modules/ethers/node_modules/@noble/curves/esm/abstract/poseidon.js.map",
      "bytes": 5409,
      "sha256": "7152757bcf75b67259155d4b41f40d515020658402ec93730525ba7c205cbbf7",
      "executable": false
    },
    {
      "path": "node_modules/ethers/node_modules/@noble/curves/esm/abstract/utils.js",
      "bytes": 9660,
      "sha256": "84c4708891bbf3421c0dd9e166596b9062cef8f8080b3f2c46f980295f9f46e0",
      "executable": false
    },
    {
      "path": "node_modules/ethers/node_modules/@noble/curves/esm/abstract/utils.js.map",
      "bytes": 8872,
      "sha256": "63049eca16d292bb6d06c6e770080be6d124eb4142f99b870716ffb358fcf001",
      "executable": false
    },
    {
      "path": "node_modules/ethers/node_modules/@noble/curves/esm/abstract/weierstrass.js",
      "bytes": 45624,
      "sha256": "67f8391371032c777aefc4aa2bf470d600387b4a19b579b9ea0c4c4aa74bace9",
      "executable": false
    },
    {
      "path": "node_modules/ethers/node_modules/@noble/curves/esm/abstract/weierstrass.js.map",
      "bytes": 41865,
      "sha256": "58deef5e59bfb8a11f51af70a7ca555b93efa7165aa7ae9e1b6807612310cfc4",
      "executable": false
    },
    {
      "path": "node_modules/ethers/node_modules/@noble/curves/esm/bls12-381.js",
      "bytes": 55175,
      "sha256": "1a5f2b65234696953c55c16bff8a41b8f0774a5284a7c198261190c033d8908f",
      "executable": false
    },
    {
      "path": "node_modules/ethers/node_modules/@noble/curves/esm/bls12-381.js.map",
      "bytes": 49932,
      "sha256": "76bbeeece123f11c9c1734381d63c3c3ed04028d613b40acdadec1f9581d7786",
      "executable": false
    },
    {
      "path": "node_modules/ethers/node_modules/@noble/curves/esm/bn254.js",
      "bytes": 877,
      "sha256": "d7b28cad0a7c68782527047538627f0a93d9763ad6968e0e4daa23bb5446d217",
      "executable": false
    },
    {
      "path": "node_modules/ethers/node_modules/@noble/curves/esm/bn254.js.map",
      "bytes": 653,
      "sha256": "097b8f7fda0a82c23eb065dce14f0df88819099b650065ae86e697ec246bc737",
      "executable": false
    },
    {
      "path": "node_modules/ethers/node_modules/@noble/curves/esm/ed25519.js",
      "bytes": 20047,
      "sha256": "28679d6dcb0d69a455089f4bbc3321ddc43c8026ecdbaefa9f49812bfc969167",
      "executable": false
    },
    {
      "path": "node_modules/ethers/node_modules/@noble/curves/esm/ed25519.js.map",
      "bytes": 19625,
      "sha256": "4693a6f88f450e553efeadf9a04863aafaf14038dac8b69e822ce44f91fe477c",
      "executable": false
    },
    {
      "path": "node_modules/ethers/node_modules/@noble/curves/esm/ed448.js",
      "bytes": 18847,
      "sha256": "ac0ac32377cde25ee9d212513221600a4f9c68fee0376f5be98790dbddd0aab3",
      "executable": false
    },
    {
      "path": "node_modules/ethers/node_modules/@noble/curves/esm/ed448.js.map",
      "bytes": 18817,
      "sha256": "8078c998106f142ddb1ff27ec8c6c901dc2f0280eda4bf3d856709dd1a389c0e",
      "executable": false
    },
    {
      "path": "node_modules/ethers/node_modules/@noble/curves/esm/index.js",
      "bytes": 110,
      "sha256": "05d8c7cead16d731694ac2fecd8c2f3f825b75ac1d5b6bc90eb1fb4727ac2a4b",
      "executable": false
    },
    {
      "path": "node_modules/ethers/node_modules/@noble/curves/esm/index.js.map",
      "bytes": 144,
      "sha256": "9449c3b886b197e534f582a0889ab1ddc99f425fe77fe7e6d5ed99a402e05b44",
      "executable": false
    },
    {
      "path": "node_modules/ethers/node_modules/@noble/curves/esm/jubjub.js",
      "bytes": 2424,
      "sha256": "a1fdffff1df2b31ae64b90fffa549c1c35e24e90c22b70eb6e993cc772f88657",
      "executable": false
    },
    {
      "path": "node_modules/ethers/node_modules/@noble/curves/esm/jubjub.js.map",
      "bytes": 1796,
      "sha256": "3547bdb43388ba073104900c3a12c9fee9705d65409e51bd6005a98378d56dc8",
      "executable": false
    },
    {
      "path": "node_modules/ethers/node_modules/@noble/curves/esm/p256.js",
      "bytes": 1786,
      "sha256": "2e9f679e0433a083a8a43bde144a46c9d22eb04e342be4b55455f7f770626d29",
      "executable": false
    },
    {
      "path": "node_modules/ethers/node_modules/@noble/curves/esm/p256.js.map",
      "bytes": 1613,
      "sha256": "028ad0a6cb199f3ed07934c75469372beb428931ed69e2256bd7276921634c95",
      "executable": false
    },
    {
      "path": "node_modules/ethers/node_modules/@noble/curves/esm/p384.js",
      "bytes": 2041,
      "sha256": "7fffd1ae6bfa8dd66e115c3e4f828ece636598c973985b22607ca53dd7d5e7f1",
      "executable": false
    },
    {
      "path": "node_modules/ethers/node_modules/@noble/curves/esm/p384.js.map",
      "bytes": 1683,
      "sha256": "f9d996878ce35b5798193266906ebeb43d19d1a3dc459d4c6d82a39ab340f296",
      "executable": false
    },
    {
      "path": "node_modules/ethers/node_modules/@noble/curves/esm/p521.js",
      "bytes": 2405,
      "sha256": "478a819b060da4d2889b6f633c12aaffc43bc0596763fc12ed2395df88062596",
      "executable": false
    },
    {
      "path": "node_modules/ethers/node_modules/@noble/curves/esm/p521.js.map",
      "bytes": 1915,
      "sha256": "714b7369c516f1607c7f829f51e5c3cbab4623e1e4f6834476d6a6a43edcf659",
      "executable": false
    },
    {
      "path": "node_modules/ethers/node_modules/@noble/curves/esm/package.json",
      "bytes": 47,
      "sha256": "6b91de8cd0baca43d2c3a0a29ccf86cb582eaa8a20bdf61e1ead35b0c447a351",
      "executable": false
    },
    {
      "path": "node_modules/ethers/node_modules/@noble/curves/esm/pasta.js",
      "bytes": 976,
      "sha256": "600d9ea888b1e001c947a327dc1b1a8b6b4d5945f68e5610e7695147e62aa65f",
      "executable": false
    },
    {
      "path": "node_modules/ethers/node_modules/@noble/curves/esm/pasta.js.map",
      "bytes": 1161,
      "sha256": "30d3c8ed315bb8ea7d10861ddfd53965169115add9629a48401a89ed117b4e7a",
      "executable": false
    },
    {
      "path": "node_modules/ethers/node_modules/@noble/curves/esm/secp256k1.js",
      "bytes": 11486,
      "sha256": "8567fd1232aeec0783f65b08f479922457da4affe7a95ea87ce22938105bf6ad",
      "executable": false
    },
    {
      "path": "node_modules/ethers/node_modules/@noble/curves/esm/secp256k1.js.map",
      "bytes": 10476,
      "sha256": "c95aa83c67a804f42995435f62ecb0fc5bfd3e8096c49631b55e8b7149f7d2be",
      "executable": false
    },
    {
      "path": "node_modules/ethers/node_modules/@noble/curves/index.d.ts",
      "bytes": 35,
      "sha256": "3835f8d92ad0699690cf572ad0da8aa3bfa5cc1c66fbd2609c52a02b9da828dc",
      "executable": false
    },
    {
      "path": "node_modules/ethers/node_modules/@noble/curves/index.d.ts.map",
      "bytes": 101,
      "sha256": "7755bad6a1fd1a6a721ae0bbaac3da2d95847c72f2dff7bdaf44d56cd82ac9d9",
      "executable": false
    },
    {
      "path": "node_modules/ethers/node_modules/@noble/curves/index.js",
      "bytes": 110,
      "sha256": "05d8c7cead16d731694ac2fecd8c2f3f825b75ac1d5b6bc90eb1fb4727ac2a4b",
      "executable": false
    },
    {
      "path": "node_modules/ethers/node_modules/@noble/curves/index.js.map",
      "bytes": 141,
      "sha256": "00d928d5e8fdc5636973ed77271920bd4bb7adddf25ffce6179fca3417443002",
      "executable": false
    },
    {
      "path": "node_modules/ethers/node_modules/@noble/curves/jubjub.d.ts",
      "bytes": 543,
      "sha256": "1ab6247fc7e44ecb18adce0b2b38b3b83d9c8cf23736acadc38a8d9492ed9569",
      "executable": false
    },
    {
      "path": "node_modules/ethers/node_modules/@noble/curves/jubjub.d.ts.map",
      "bytes": 275,
      "sha256": "cea8ef348713a0fa5b9402f84fa9eb93010bf82e9294bd3d99de9db42e806116",
      "executable": false
    },
    {
      "path": "node_modules/ethers/node_modules/@noble/curves/jubjub.js",
      "bytes": 2715,
      "sha256": "9ed1238d6aecb73fb434189027d922617c7b31c7d86c2171bd6a8473dc985db8",
      "executable": false
    },
    {
      "path": "node_modules/ethers/node_modules/@noble/curves/jubjub.js.map",
      "bytes": 1657,
      "sha256": "4bd6951e2d44e170c16fe075011b47e104d320653f0edbd83711716763cdab45",
      "executable": false
    },
    {
      "path": "node_modules/ethers/node_modules/@noble/curves/LICENSE",
      "bytes": 1109,
      "sha256": "4f221aee6e072336700c408c68ab3b96a3fc09f6aebe6f48f1bd99e5ef13faec",
      "executable": false
    },
    {
      "path": "node_modules/ethers/node_modules/@noble/curves/p256.d.ts",
      "bytes": 6831,
      "sha256": "0abe52fb9f112becef29400328d7b18267acb82f3189ac79a514a790fc42513c",
      "executable": false
    },
    {
      "path": "node_modules/ethers/node_modules/@noble/curves/p256.d.ts.map",
      "bytes": 324,
      "sha256": "2e28130498e9f9693363a1723c5dcf60d7136e2fd42a16bae69432eb56c68257",
      "executable": false
    },
    {
      "path": "node_modules/ethers/node_modules/@noble/curves/p256.js",
      "bytes": 2046,
      "sha256": "c81cdf2b8a209cdff7542c47da7eae97e99fbd44abbf75c30bbb8633d958815f",
      "executable": false
    },
    {
      "path": "node_modules/ethers/node_modules/@noble/curves/p256.js.map",
      "bytes": 1425,
      "sha256": "7ea27e7915559852f5cdb3d399a08925c65a839e91fd83ff091919434b9b6dcb",
      "executable": false
    },
    {
      "path": "node_modules/ethers/node_modules/@noble/curves/p384.d.ts",
      "bytes": 6831,
      "sha256": "9d31cce582ca5a16710f64310ac1abbb3d31b6dd00c26225ed17800f2384dc6c",
      "executable": false
    },
    {
      "path": "node_modules/ethers/node_modules/@noble/curves/p384.d.ts.map",
      "bytes": 325,
      "sha256": "91dcbfb063e50ab72b2750532814afa1c2106662378b04a08d911209de4f066a",
      "executable": false
    },
    {
      "path": "node_modules/ethers/node_modules/@noble/curves/p384.js",
      "bytes": 2301,
      "sha256": "54f5f0f7d2db870f18a9d7825743eb2f8422b93a94ae63a3cf2ce7c3e3945c4b",
      "executable": false
    },
    {
      "path": "node_modules/ethers/node_modules/@noble/curves/p384.js.map",
      "bytes": 1495,
      "sha256": "078df0fe70264f462ecfc3f2ce042c53e88cd5faa5dff29afae876abfb6f5563",
      "executable": false
    },
    {
      "path": "node_modules/ethers/node_modules/@noble/curves/p521.d.ts",
      "bytes": 6831,
      "sha256": "a4b098ab984cf8c4f95caaa8c676f5b7cbc1cfb1852f8c275cd67d30131ad019",
      "executable": false
    },
    {
      "path": "node_modules/ethers/node_modules/@noble/curves/p521.d.ts.map",
      "bytes": 325,
      "sha256": "445c106f1cf787e186eaf316486192527c119537d4d4384179df7e2ca9e8b740",
      "executable": false
    },
    {
      "path": "node_modules/ethers/node_modules/@noble/curves/p521.js",
      "bytes": 2665,
      "sha256": "dcb4e7ca73efaaa723f1a5fd0c41c522dacfc641178f3676b2625c76617e1271",
      "executable": false
    },
    {
      "path": "node_modules/ethers/node_modules/@noble/curves/p521.js.map",
      "bytes": 1727,
      "sha256": "c0474c6d249058d25310aa2ff65a9c57891c08aea97f4825f6681621c756cce0",
      "executable": false
    },
    {
      "path": "node_modules/ethers/node_modules/@noble/curves/package.json",
      "bytes": 4817,
      "sha256": "bf61194229da9a7fd331fcf44cc24f746b5cbaefe941a312215376584c269bd5",
      "executable": false
    },
    {
      "path": "node_modules/ethers/node_modules/@noble/curves/pasta.d.ts",
      "bytes": 246,
      "sha256": "078bdd6f56ccfa866c8c4a4120077aee0058144ff495e09e403c8e87fcf68e9e",
      "executable": false
    },
    {
      "path": "node_modules/ethers/node_modules/@noble/curves/pasta.d.ts.map",
      "bytes": 228,
      "sha256": "b05e4540e394edef552af0288f3f93884b322d6c0574994cea562b6952ab0fea",
      "executable": false
    },
    {
      "path": "node_modules/ethers/node_modules/@noble/curves/pasta.js",
      "bytes": 1277,
      "sha256": "b45e0f545d01e94780d92884ddacd4ec56a0a388c1b953f8ee89f1b3275e46f1",
      "executable": false
    },
    {
      "path": "node_modules/ethers/node_modules/@noble/curves/pasta.js.map",
      "bytes": 1030,
      "sha256": "ec69725de279bc18a687e9b63223eca492e65d475cdaaccd82fead01c50ba7a7",
      "executable": false
    },
    {
      "path": "node_modules/ethers/node_modules/@noble/curves/README.md",
      "bytes": 44187,
      "sha256": "2e91693123fb871457a8ce53c00f9963bd7e81e195346e5a20ed58e666ad1cf6",
      "executable": false
    },
    {
      "path": "node_modules/ethers/node_modules/@noble/curves/secp256k1.d.ts",
      "bytes": 4763,
      "sha256": "7b4d6ac7d8eeb705af896d6a0262e928a9da37853964d6200e582d9c91400dc3",
      "executable": false
    },
    {
      "path": "node_modules/ethers/node_modules/@noble/curves/secp256k1.d.ts.map",
      "bytes": 970,
      "sha256": "5c02f4ef5f0e8e47ed60a602ae91d90fa3eba58d99ff162eb655aee45c396b56",
      "executable": false
    },
    {
      "path": "node_modules/ethers/node_modules/@noble/curves/secp256k1.js",
      "bytes": 12327,
      "sha256": "84ab892cb82f761c9357edcb9c1a73810a87d6129f5cf3bd7010fe222d2f8c21",
      "executable": false
    },
    {
      "path": "node_modules/ethers/node_modules/@noble/curves/secp256k1.js.map",
      "bytes": 10398,
      "sha256": "49696009114e1a8958e8e3c36b8e400c6ed3bd176190ba1475cf807e9e26c0c3",
      "executable": false
    },
    {
      "path": "node_modules/ethers/node_modules/@noble/curves/src/_shortw_utils.ts",
      "bytes": 868,
      "sha256": "841261dc6bb224ad3ea2ed67db2f16f2e0adf2367146193925881a1874b9438e",
      "executable": false
    },
    {
      "path": "node_modules/ethers/node_modules/@noble/curves/src/abstract/bls.ts",
      "bytes": 14137,
      "sha256": "027b6c656e52e28f5c40e27fe0286b8aef75a982bcc04aaf8c65217a1dc6c51a",
      "executable": false
    },
    {
      "path": "node_modules/ethers/node_modules/@noble/curves/src/abstract/curve.ts",
      "bytes": 7537,
      "sha256": "013578064c3ee03593e2d5cc607a78e06f7e58239df1096f3736f00f941fe9b5",
      "executable": false
    },
    {
      "path": "node_modules/ethers/node_modules/@noble/curves/src/abstract/edwards.ts",
      "bytes": 20401,
      "sha256": "e6fbf257ad92ce668f78364949fd2496e3a137ed89bbbc00603a5b5410d32b3d",
      "executable": false
    },
    {
      "path": "node_modules/ethers/node_modules/@noble/curves/src/abstract/hash-to-curve.ts",
      "bytes": 8255,
      "sha256": "b4a21043547125bc7f5009bfa0c1b5baceae01996225ebba243a7a78119f73b6",
      "executable": false
    },
    {
      "path": "node_modules/ethers/node_modules/@noble/curves/src/abstract/modular.ts",
      "bytes": 17860,
      "sha256": "837bece38c679853daf9e6c00b3c874e18f2582533129b3334dd64aa3d5d9637",
      "executable": false
    },
    {
      "path": "node_modules/ethers/node_modules/@noble/curves/src/abstract/montgomery.ts",
      "bytes": 6634,
      "sha256": "a1c7f160ca285e3cc32aaa54dd023274286f092bfd32c83145e5b840362a1e08",
      "executable": false
    },
    {
      "path": "node_modules/ethers/node_modules/@noble/curves/src/abstract/poseidon.ts",
      "bytes": 4815,
      "sha256": "217534dce5d57b7217fee6749d10c8f036f6d2b3374ee573b96228a1e75ae23b",
      "executable": false
    },
    {
      "path": "node_modules/ethers/node_modules/@noble/curves/src/abstract/utils.ts",
      "bytes": 10601,
      "sha256": "80a39b5a52f336b973098484f57cec2d58514bac696ba5d649a76159663d5870",
      "executable": false
    },
    {
      "path": "node_modules/ethers/node_modules/@noble/curves/src/abstract/weierstrass.ts",
      "bytes": 48226,
      "sha256": "15ebe87afb5747b87a4d6d03ca95da9198aeae82dd7435e86fe4f3bd829eedb6",
      "executable": false
    },
    {
      "path": "node_modules/ethers/node_modules/@noble/curves/src/bls12-381.ts",
      "bytes": 55161,
      "sha256": "b7adfffaacc149f0b4cdc77fccc383fab372fc1ec40afaec4514f36d1a4a7c91",
      "executable": false
    },
    {
      "path": "node_modules/ethers/node_modules/@noble/curves/src/bn254.ts",
      "bytes": 828,
      "sha256": "80f946b13234ba1d1ff537721506f2a27c78f24770c7d6657426ec284b4c96c7",
      "executable": false
    },
    {
      "path": "node_modules/ethers/node_modules/@noble/curves/src/ed25519.ts",
      "bytes": 20155,
      "sha256": "47c43f0d654c607b7cb2a9173503f7295399ee68ac5deb30458de6f1bfe1ebcb",
      "executable": false
    },
    {
      "path": "node_modules/ethers/node_modules/@noble/curves/src/ed448.ts",
      "bytes": 18869,
      "sha256": "3f96cf6a04cebef10ebd79ac534f9e2ed8cf31b458ee08ba0cde88454753ce62",
      "executable": false
    },
    {
      "path": "node_modules/ethers/node_modules/@noble/curves/src/index.ts",
      "bytes": 63,
      "sha256": "687b77ffc3adb460444c3fe421dce581af795488b29b9f5923fbfc4579cfa370",
      "executable": false
    },
    {
      "path": "node_modules/ethers/node_modules/@noble/curves/src/jubjub.ts",
      "bytes": 2365,
      "sha256": "90340c9170abd75fab06150f80431a8e4a1460218d41e398b6c783054d159126",
      "executable": false
    },
    {
      "path": "node_modules/ethers/node_modules/@noble/curves/src/p256.ts",
      "bytes": 1849,
      "sha256": "075245c4c701a0499835b6ab718d05ad022e31ec6c9d7145dd03a59e12d2c18f",
      "executable": false
    },
    {
      "path": "node_modules/ethers/node_modules/@noble/curves/src/p384.ts",
      "bytes": 2101,
      "sha256": "bbcad05f6dfd02eafc941738f2b9575e5f614c9cc663e06ab744444519f58989",
      "executable": false
    },
    {
      "path": "node_modules/ethers/node_modules/@noble/curves/src/p521.ts",
      "bytes": 2494,
      "sha256": "080b1dafcf37673ab09d540950a48b216d4a5910610fdbf5cdd799c652083ddc",
      "executable": false
    },
    {
      "path": "node_modules/ethers/node_modules/@noble/curves/src/pasta.ts",
      "bytes": 913,
      "sha256": "baa57d1f2c7ed207fcd79f026cf6a722b5b0866359387ac671dbbd06f7cc43ac",
      "executable": false
    },
    {
      "path": "node_modules/ethers/node_modules/@noble/curves/src/secp256k1.ts",
      "bytes": 11964,
      "sha256": "b0d1e649e693bd2b11d6d39ad41160b7bfbf7c7e335a0d88fbaaa76d1e9636a8",
      "executable": false
    },
    {
      "path": "node_modules/ethers/node_modules/@noble/hashes/_assert.d.ts",
      "bytes": 701,
      "sha256": "7d06b542241df85cb79869da594011d1aca17fbdbeab92520b74ced783287860",
      "executable": false
    },
    {
      "path": "node_modules/ethers/node_modules/@noble/hashes/_assert.js",
      "bytes": 1638,
      "sha256": "0afeca6334bf56255226fae64c7110a7926bcca3d8a8f19830111da33e8f8732",
      "executable": false
    },
    {
      "path": "node_modules/ethers/node_modules/@noble/hashes/_assert.js.map",
      "bytes": 1514,
      "sha256": "f78ce39580f4a18737efe1b4452264d2ce15e3e1ff807de07d6766ee79805ebd",
      "executable": false
    },
    {
      "path": "node_modules/ethers/node_modules/@noble/hashes/_blake2.d.ts",
      "bytes": 991,
      "sha256": "b9261314b925981f840fe625a429436541309be75bef6b421fe564ca64148bb2",
      "executable": false
    },
    {
      "path": "node_modules/ethers/node_modules/@noble/hashes/_blake2.js",
      "bytes": 4904,
      "sha256": "6719e17d728516bd82f1ce021d423dfc7a535473c4bc58585ae66969c83c6535",
      "executable": false
    },
    {
      "path": "node_modules/ethers/node_modules/@noble/hashes/_blake2.js.map",
      "bytes": 5882,
      "sha256": "a95995cedac4a3d812e091528b5085f9a386c47df567697894ff60df556f8f77",
      "executable": false
    },
    {
      "path": "node_modules/ethers/node_modules/@noble/hashes/_sha2.d.ts",
      "bytes": 864,
      "sha256": "1e7146a407bf85762b80681cd4aa3b544000e30c9b24d04685dfa69f82a48fd9",
      "executable": false
    },
    {
      "path": "node_modules/ethers/node_modules/@noble/hashes/_sha2.js",
      "bytes": 4588,
      "sha256": "837814775b82a6719cbc3009caa7c2874cc7e1ce4ec5d5b15324ccd204178614",
      "executable": false
    },
    {
      "path": "node_modules/ethers/node_modules/@noble/hashes/_sha2.js.map",
      "bytes": 4369,
      "sha256": "aac15555c95e4291fa78cf92405e0febdc0bc5eaa1f9c16b2d663277c936f690",
      "executable": false
    },
    {
      "path": "node_modules/ethers/node_modules/@noble/hashes/_u64.d.ts",
      "bytes": 3096,
      "sha256": "5a5014808c34676594335bdca6131beb5f00aeee40e753efb0e1f5aa421cab0e",
      "executable": false
    },
    {
      "path": "node_modules/ethers/node_modules/@noble/hashes/_u64.js",
      "bytes": 3752,
      "sha256": "4e8b58371f1dc83b9fa378285af8d8750d21ec22f837b23df3a35f7ab2abfba4",
      "executable": false
    },
    {
      "path": "node_modules/ethers/node_modules/@noble/hashes/_u64.js.map",
      "bytes": 5064,
      "sha256": "488cf66bb022fe853b7eb0608ea991cb0e88041ed467d239a74ab3971f339ea7",
      "executable": false
    },
    {
      "path": "node_modules/ethers/node_modules/@noble/hashes/argon2.d.ts",
      "bytes": 568,
      "sha256": "3ba46125a9060ded8b9c171044fc0df876aeb575fc0504aef216484425120bf4",
      "executable": false
    },
    {
      "path": "node_modules/ethers/node_modules/@noble/hashes/argon2.js",
      "bytes": 12500,
      "sha256": "40b1a799dc32ef7df3f80297e77bd96fa9970eb3edd96dbaff999bb7e5a1a47b",
      "executable": false
    },
    {
      "path": "node_modules/ethers/node_modules/@noble/hashes/argon2.js.map",
      "bytes": 16937,
      "sha256": "e6fa4d9e5772b1ecd1b8e6bb545f8b319fa65c49ce536c08f83b602b5a474aa5",
      "executable": false
    },
    {
      "path": "node_modules/ethers/node_modules/@noble/hashes/blake2b.d.ts",
      "bytes": 1466,
      "sha256": "a132ce4715dd84f1410aa48a5eb1bc1cd0226cf9b19b1aa480b502aeff9cc912",
      "executable": false
    },
    {
      "path": "node_modules/ethers/node_modules/@noble/hashes/blake2b.js",
      "bytes": 7983,
      "sha256": "73c0cff3b884de9ab9df029b1c7af518d41fc85157d743894f9b687816c0e140",
      "executable": false
    },
    {
      "path": "node_modules/ethers/node_modules/@noble/hashes/blake2b.js.map",
      "bytes": 12724,
      "sha256": "b4c31d1f242381595d295ef6903bfa6c314ad5f8bbe48c24def6f6fc49b0d9f0",
      "executable": false
    },
    {
      "path": "node_modules/ethers/node_modules/@noble/hashes/blake2s.d.ts",
      "bytes": 1614,
      "sha256": "7a3ae588abb5a2a828d4acc8f81c7e9aa0b64b051674ebffb79e18ddcfd214f4",
      "executable": false
    },
    {
      "path": "node_modules/ethers/node_modules/@noble/hashes/blake2s.js",
      "bytes": 5494,
      "sha256": "23281c8bbe57294c0f16bd28a6317b4591db10d37b4813c7aa9cb4b81df41f8d",
      "executable": false
    },
    {
      "path": "node_modules/ethers/node_modules/@noble/hashes/blake2s.js.map",
      "bytes": 8902,
      "sha256": "9659346148280002c0ec2e5823b552ade49ded1d13f07c43b26caae5053626ab",
      "executable": false
    },
    {
      "path": "node_modules/ethers/node_modules/@noble/hashes/blake3.d.ts",
      "bytes": 1295,
      "sha256": "cedded2f971286cad22d297cfe97239bfd972a501b283dffb3aaaedcd42d455b",
      "executable": false
    },
    {
      "path": "node_modules/ethers/node_modules/@noble/hashes/blake3.js",
      "bytes": 9393,
      "sha256": "2957d63698f4d90ad49d3fac0899b96bcd94f451b0338dffb77af5943db64bc3",
      "executable": false
    },
    {
      "path": "node_modules/ethers/node_modules/@noble/hashes/blake3.js.map",
      "bytes": 10191,
      "sha256": "51dae0adb63badcd0df961aa578784806262a38989559f5b61d7c8bad9ee5f36",
      "executable": false
    },
    {
      "path": "node_modules/ethers/node_modules/@noble/hashes/crypto.d.ts",
      "bytes": 34,
      "sha256": "914815e67e259ac3c4da1bbb15055a981c45c728f92b5337d559ed14b9207cdc",
      "executable": false
    },
    {
      "path": "node_modules/ethers/node_modules/@noble/hashes/crypto.js",
      "bytes": 243,
      "sha256": "c5ee6d6553e69ba96f9a2a7f70e677bf69a6e2d52849a892e67b2e547dc96b28",
      "executable": false
    },
    {
      "path": "node_modules/ethers/node_modules/@noble/hashes/crypto.js.map",
      "bytes": 219,
      "sha256": "99a1b845e5ee0a9945e8c82a7c0e4fb7ef4e52039320335c4df713c6a0078946",
      "executable": false
    },
    {
      "path": "node_modules/ethers/node_modules/@noble/hashes/cryptoNode.d.ts",
      "bytes": 34,
      "sha256": "914815e67e259ac3c4da1bbb15055a981c45c728f92b5337d559ed14b9207cdc",
      "executable": false
    },
    {
      "path": "node_modules/ethers/node_modules/@noble/hashes/cryptoNode.js",
      "bytes": 448,
      "sha256": "423a864b2d18b2189e5a834f84990095a498e88731a7c25878170e6d09fe4e8d",
      "executable": false
    },
    {
      "path": "node_modules/ethers/node_modules/@noble/hashes/cryptoNode.js.map",
      "bytes": 300,
      "sha256": "4f3bb0b755b4c4c48233c475ef62eabd2b7037079da852cf2d668ed7a6070dc8",
      "executable": false
    },
    {
      "path": "node_modules/ethers/node_modules/@noble/hashes/eskdf.d.ts",
      "bytes": 1613,
      "sha256": "f036a34581ced2c911a5cd2cd42a399b64c26592b6122577d13d70657b0c3cd6",
      "executable": false
    },
    {
      "path": "node_modules/ethers/node_modules/@noble/hashes/eskdf.js",
      "bytes": 6633,
      "sha256": "2d48066e02c935d019fc7cbd3639498b0a04e42a641d46dcdd09111214e0a8cd",
      "executable": false
    },
    {
      "path": "node_modules/ethers/node_modules/@noble/hashes/eskdf.js.map",
      "bytes": 5566,
      "sha256": "81e8263b1021669c0309b314219219a389e1fbe90c4e29bce024894a8de0f43f",
      "executable": false
    },
    {
      "path": "node_modules/ethers/node_modules/@noble/hashes/esm/_assert.js",
      "bytes": 1367,
      "sha256": "bd2a0bc5053296f825380b684bdd0d1ee1df149c179cdc53a4442a10838547d8",
      "executable": false
    },
    {
      "path": "node_modules/ethers/node_modules/@noble/hashes/esm/_assert.js.map",
      "bytes": 1512,
      "sha256": "54865fe335dda0772a59e362dfa48a085156b42cb129e0175200c6c0fb2dbd6a",
      "executable": false
    },
    {
      "path": "node_modules/ethers/node_modules/@noble/hashes/esm/_blake2.js",
      "bytes": 4638,
      "sha256": "78c54d1774e5142a8772f391c18f07e4c0e789ea03d83bb9f1716cd2e37496de",
      "executable": false
    },
    {
      "path": "node_modules/ethers/node_modules/@noble/hashes/esm/_blake2.js.map",
      "bytes": 5938,
      "sha256": "211633094c9e5f0e170634d3498ca7c235a054e2b3249d759f834d496fad7364",
      "executable": false
    },
    {
      "path": "node_modules/ethers/node_modules/@noble/hashes/esm/_sha2.js",
      "bytes": 4360,
      "sha256": "f931b0c98e9415f0395a606fdc205b85e3a76d2594b43ea9e445765e8cbead60",
      "executable": false
    },
    {
      "path": "node_modules/ethers/node_modules/@noble/hashes/esm/_sha2.js.map",
      "bytes": 4405,
      "sha256": "a3303638681a0c5d2aac9b538c76c5e9fef817a6a97b36177c5123a6c5e82438",
      "executable": false
    },
    {
      "path": "node_modules/ethers/node_modules/@noble/hashes/esm/_u64.js",
      "bytes": 2967,
      "sha256": "25a28c13f59b354b981f44c647a35e69df7775fbae5e549d966f7b1d519ea22e",
      "executable": false
    },
    {
      "path": "node_modules/ethers/node_modules/@noble/hashes/esm/_u64.js.map",
      "bytes": 5029,
      "sha256": "8e784de3eebf5d8aba4499f9c218c0a290036e17b3bd916bf218128556457f39",
      "executable": false
    },
    {
      "path": "node_modules/ethers/node_modules/@noble/hashes/esm/argon2.js",
      "bytes": 11897,
      "sha256": "6d4c6e7759c2b2338f1f2f4bb219a5b0a5abda0470d28b196032c613936e8057",
      "executable": false
    },
    {
      "path": "node_modules/ethers/node_modules/@noble/hashes/esm/argon2.js.map",
      "bytes": 16950,
      "sha256": "bf59612fac14448021c8bbbe6f0f5628d425c8f0370d1ea333cd55d9ffa9e843",
      "executable": false
    },
    {
      "path": "node_modules/ethers/node_modules/@noble/hashes/esm/blake2b.js",
      "bytes": 7584,
      "sha256": "1f15e68b5fc4da61090ea87f3883f8e5aac5379448a2d26490473abfec558f07",
      "executable": false
    },
    {
      "path": "node_modules/ethers/node_modules/@noble/hashes/esm/blake2b.js.map",
      "bytes": 12799,
      "sha256": "43a5a47eac59be7b469d8bb938c940a945a873c5406bbba05c14cab4c413e4d8",
      "executable": false
    },
    {
      "path": "node_modules/ethers/node_modules/@noble/hashes/esm/blake2s.js",
      "bytes": 5071,
      "sha256": "59a74a18fc3c8f69d105e4cfcf03d29ab980abf99e6d3f9bcd3b96db2b96cae3",
      "executable": false
    },
    {
      "path": "node_modules/ethers/node_modules/@noble/hashes/esm/blake2s.js.map",
      "bytes": 8997,
      "sha256": "37a62ef7c897a2dc766ce3682daa057dac4031572d011803d6a9831864b422b1",
      "executable": false
    },
    {
      "path": "node_modules/ethers/node_modules/@noble/hashes/esm/blake3.js",
      "bytes": 8984,
      "sha256": "4b53662bb055398b80a1d68b433be64e42e68f0f1f947bac46953eb5902a9444",
      "executable": false
    },
    {
      "path": "node_modules/ethers/node_modules/@noble/hashes/esm/blake3.js.map",
      "bytes": 10341,
      "sha256": "32608751c15340d0c72c50912087ce86e56ce24e95ccb8a0aa8af1cbb4c39b5e",
      "executable": false
    },
    {
      "path": "node_modules/ethers/node_modules/@noble/hashes/esm/crypto.js",
      "bytes": 146,
      "sha256": "9211d026c5d21e60e0126dd6f01150d87da5ba7261b8f468215c1264372ff5a5",
      "executable": false
    },
    {
      "path": "node_modules/ethers/node_modules/@noble/hashes/esm/crypto.js.map",
      "bytes": 229,
      "sha256": "e9cc26b308ae1aba4bee6b6d43b5abc9094db8834aaaf831ac0ee8e0187c9b80",
      "executable": false
    },
    {
      "path": "node_modules/ethers/node_modules/@noble/hashes/esm/cryptoNode.js",
      "bytes": 351,
      "sha256": "854c4a1c089cbdbd5e5bee3d837d62fb665ddba374ac5c385b5ea32fa07cd621",
      "executable": false
    },
    {
      "path": "node_modules/ethers/node_modules/@noble/hashes/esm/cryptoNode.js.map",
      "bytes": 333,
      "sha256": "1106b0cb94426e2fe472f3f53d37b981f0b6f37789de4d48591400943fc24ec8",
      "executable": false
    },
    {
      "path": "node_modules/ethers/node_modules/@noble/hashes/esm/eskdf.js",
      "bytes": 6237,
      "sha256": "027c88a5e37987a15efd18bd6defd41ac49fd2462876f847d2a44163912f3bfa",
      "executable": false
    },
    {
      "path": "node_modules/ethers/node_modules/@noble/hashes/esm/eskdf.js.map",
      "bytes": 5703,
      "sha256": "72ff5d2a678c7e376588b0edbf1d42584599fcc9fb970cd0679fb6ad958601fb",
      "executable": false
    },
    {
      "path": "node_modules/ethers/node_modules/@noble/hashes/esm/hkdf.js",
      "bytes": 2927,
      "sha256": "af29ad7a052036311a8fe48920c243a48f0c93382256ff606a227526ae72d2b8",
      "executable": false
    },
    {
      "path": "node_modules/ethers/node_modules/@noble/hashes/esm/hkdf.js.map",
      "bytes": 2215,
      "sha256": "3de5c8e575d5ae9b7a1f74c2c6d35049fd4cf5c58ad3d4a031fb649e583c8da6",
      "executable": false
    },
    {
      "path": "node_modules/ethers/node_modules/@noble/hashes/esm/hmac.js",
      "bytes": 2795,
      "sha256": "ffbf43710421711022d8f7eb3bafb44218213b80f089fdbce9a45234668fd70d",
      "executable": false
    },
    {
      "path": "node_modules/ethers/node_modules/@noble/hashes/esm/hmac.js.map",
      "bytes": 3045,
      "sha256": "6f76766e83f960b018a36e2658e8cfa3b9eaafe4c18aba731017f076d26db692",
      "executable": false
    },
    {
      "path": "node_modules/ethers/node_modules/@noble/hashes/esm/index.js",
      "bytes": 126,
      "sha256": "e466236a2503aa8173ff512e3d8227f798d55bfd284f8340782b27762a20588e",
      "executable": false
    },
    {
      "path": "node_modules/ethers/node_modules/@noble/hashes/esm/index.js.map",
      "bytes": 144,
      "sha256": "fffcf1015906bb2b984b07f73d0506b2c1ae968a31ef6c20aafc4b545fb3c2c3",
      "executable": false
    },
    {
      "path": "node_modules/ethers/node_modules/@noble/hashes/esm/package.json",
      "bytes": 147,
      "sha256": "bd389eb8cfe61883bac2f31e1369498979fe1039c19d960088e863ef5d822b4d",
      "executable": false
    },
    {
      "path": "node_modules/ethers/node_modules/@noble/hashes/esm/pbkdf2.js",
      "bytes": 3547,
      "sha256": "a25ac3ab56ecd13bdb9e44ffd90a8dca232077dd25d8a8aa363daf024f4bb3db",
      "executable": false
    },
    {
      "path": "node_modules/ethers/node_modules/@noble/hashes/esm/pbkdf2.js.map",
      "bytes": 3981,
      "sha256": "ac55b181e4acb52c1026da0a0bf71b41901a98db6433e8bb4e96518f5ecd0c34",
      "executable": false
    },
    {
      "path": "node_modules/ethers/node_modules/@noble/hashes/esm/ripemd160.js",
      "bytes": 4342,
      "sha256": "0046014fc7ded5c22fb1c4c5ecce1f0276ca6a2ff559f1b5c80ab4c2b3fd4851",
      "executable": false
    },
    {
      "path": "node_modules/ethers/node_modules/@noble/hashes/esm/ripemd160.js.map",
      "bytes": 6582,
      "sha256": "d23cf2885358bd6b02578fa8c8c6a08f42eebc5aa1e9199aa42018811d41d2a6",
      "executable": false
    },
    {
      "path": "node_modules/ethers/node_modules/@noble/hashes/esm/scrypt.js",
      "bytes": 9805,
      "sha256": "1854736ae150446016532d6c422ee21d1c7996636ba6b12bcf4d0ead4d953b82",
      "executable": false
    },
    {
      "path": "node_modules/ethers/node_modules/@noble/hashes/esm/scrypt.js.map",
      "bytes": 12020,
      "sha256": "77325566f93a37641b073e755ec15486879e541bae7e154298932f1f05c36b1b",
      "executable": false
    },
    {
      "path": "node_modules/ethers/node_modules/@noble/hashes/esm/sha1.js",
      "bytes": 2732,
      "sha256": "9c817023ac55d0886ea0683ca80f15d579df4732b3c579e713ea51abc084b5f4",
      "executable": false
    },
    {
      "path": "node_modules/ethers/node_modules/@noble/hashes/esm/sha1.js.map",
      "bytes": 3843,
      "sha256": "f0cc5d9ad1374f659aabbddc5c129e108d90ea029f462ba94b8aeecc68880b1c",
      "executable": false
    },
    {
      "path": "node_modules/ethers/node_modules/@noble/hashes/esm/sha256.js",
      "bytes": 5003,
      "sha256": "128cebb45b79080e430be04f2294f51137f46dcde542e28a32dcbf00ec7d5d3c",
      "executable": false
    },
    {
      "path": "node_modules/ethers/node_modules/@noble/hashes/esm/sha256.js.map",
      "bytes": 6020,
      "sha256": "afa44233c7841173d49bd4a32bd835267cd062542bc19db68ffba25ae646b06e",
      "executable": false
    },
    {
      "path": "node_modules/ethers/node_modules/@noble/hashes/esm/sha3-addons.js",
      "bytes": 14043,
      "sha256": "d3b8f64ae8924df5dac069fefb0ab4b2502d537fda4dc09ddb4c3aa8ff71820f",
      "executable": false
    },
    {
      "path": "node_modules/ethers/node_modules/@noble/hashes/esm/sha3-addons.js.map",
      "bytes": 15976,
      "sha256": "0296392d418c2d10e1348161ab79be4cbda1aee94bc991488be92286e5f9fe4a",
      "executable": false
    },
    {
      "path": "node_modules/ethers/node_modules/@noble/hashes/esm/sha3.js",
      "bytes": 7781,
      "sha256": "e4325043339b35faea049b15e96f4901f99eae31b7c66c81f6ae06ff703f3ff4",
      "executable": false
    },
    {
      "path": "node_modules/ethers/node_modules/@noble/hashes/esm/sha3.js.map",
      "bytes": 9781,
      "sha256": "ffd6b3a60ecf666f8b588fddb952a676041b1bcb954ef42ad58e7718588ac8c6",
      "executable": false
    },
    {
      "path": "node_modules/ethers/node_modules/@noble/hashes/esm/sha512.js",
      "bytes": 10881,
      "sha256": "ab5dcde87022d3b8abc409333fa78967169596adc59b510a281ff0428bd80deb",
      "executable": false
    },
    {
      "path": "node_modules/ethers/node_modules/@noble/hashes/esm/sha512.js.map",
      "bytes": 12527,
      "sha256": "4b190efede3eed2fcedec389dfbfda9a7151295234ddd6e092d263fedca79d95",
      "executable": false
    },
    {
      "path": "node_modules/ethers/node_modules/@noble/hashes/esm/utils.js",
      "bytes": 6012,
      "sha256": "513e1b94a89bfae285d872da84d3f07a790f2873af0c2d21b5e37ebd0053f0cd",
      "executable": false
    },
    {
      "path": "node_modules/ethers/node_modules/@noble/hashes/esm/utils.js.map",
      "bytes": 5730,
      "sha256": "599ae1cb6c0706f394b11303c73c5584e302544352d2d7ff9c4c88758a50aaf5",
      "executable": false
    },
    {
      "path": "node_modules/ethers/node_modules/@noble/hashes/hkdf.d.ts",
      "bytes": 1226,
      "sha256": "b4b4af7820e7888cf67beeb95d0d6144b3d854370a7b78a598e80dc268e74249",
      "executable": false
    },
    {
      "path": "node_modules/ethers/node_modules/@noble/hashes/hkdf.js",
      "bytes": 3188,
      "sha256": "53a0cdc3818bfa78639b4163425a4c354d63e84281cf7f186fcea3b881b6fbf0",
      "executable": false
    },
    {
      "path": "node_modules/ethers/node_modules/@noble/hashes/hkdf.js.map",
      "bytes": 2163,
      "sha256": "1fb75e09f61b3d920c0c8a56b7248e6b89767d00bc930156c7fa708052b6f32d",
      "executable": false
    },
    {
      "path": "node_modules/ethers/node_modules/@noble/hashes/hmac.d.ts",
      "bytes": 747,
      "sha256": "fdf5877ee2f8efac285a9981447c5203163a0d58c42d8c3baa21db2187dfb36c",
      "executable": false
    },
    {
      "path": "node_modules/ethers/node_modules/@noble/hashes/hmac.js",
      "bytes": 2968,
      "sha256": "80bb197d112944848cedc6364e70c67bc29b557cfb422996ba9c5d92ae6ceba8",
      "executable": false
    },
    {
      "path": "node_modules/ethers/node_modules/@noble/hashes/hmac.js.map",
      "bytes": 2978,
      "sha256": "f9dfa0f5ca7d716e05264982521d2dcd152c730ca1e9c4f9908ce124f1263327",
      "executable": false
    },
    {
      "path": "node_modules/ethers/node_modules/@noble/hashes/index.d.ts",
      "bytes": 0,
      "sha256": "e3b0c44298fc1c149afbf4c8996fb92427ae41e4649b934ca495991b7852b855",
      "executable": false
    },
    {
      "path": "node_modules/ethers/node_modules/@noble/hashes/index.js",
      "bytes": 126,
      "sha256": "e466236a2503aa8173ff512e3d8227f798d55bfd284f8340782b27762a20588e",
      "executable": false
    },
    {
      "path": "node_modules/ethers/node_modules/@noble/hashes/index.js.map",
      "bytes": 141,
      "sha256": "fae3d515609731832b686afe985fd510b8d8b947403ae5958196d9ff33a4c346",
      "executable": false
    },
    {
      "path": "node_modules/ethers/node_modules/@noble/hashes/LICENSE",
      "bytes": 1109,
      "sha256": "4f221aee6e072336700c408c68ab3b96a3fc09f6aebe6f48f1bd99e5ef13faec",
      "executable": false
    },
    {
      "path": "node_modules/ethers/node_modules/@noble/hashes/package.json",
      "bytes": 4314,
      "sha256": "8d8203c66e91a9e6ee510facf378a2c7420b27139360132a257010c2e5f091bc",
      "executable": false
    },
    {
      "path": "node_modules/ethers/node_modules/@noble/hashes/pbkdf2.d.ts",
      "bytes": 660,
      "sha256": "647c0b4342e556283ddecdc80ec6f5dab80b0101a2337d59e189aaf4a7ca1d3b",
      "executable": false
    },
    {
      "path": "node_modules/ethers/node_modules/@noble/hashes/pbkdf2.js",
      "bytes": 3818,
      "sha256": "3c8a9268260af193b3e944b3d8ae03a9ad821dfe158c7e3263cb1e0e2af95592",
      "executable": false
    },
    {
      "path": "node_modules/ethers/node_modules/@noble/hashes/pbkdf2.js.map",
      "bytes": 3908,
      "sha256": "87e366feb55ac1bccaef20e67a3be5aa7ecb1949afcedbea1438ec1060c17ac4",
      "executable": false
    },
    {
      "path": "node_modules/ethers/node_modules/@noble/hashes/README.md",
      "bytes": 20920,
      "sha256": "733468754b14f03c8506b3c033298e0f08e834ab6f624cead7c701477d34c2dd",
      "executable": false
    },
    {
      "path": "node_modules/ethers/node_modules/@noble/hashes/ripemd160.d.ts",
      "bytes": 739,
      "sha256": "7511231ee91fba9e02ad2f155f62ec42d37c3b8e68fb0c076654235d4540a3d0",
      "executable": false
    },
    {
      "path": "node_modules/ethers/node_modules/@noble/hashes/ripemd160.js",
      "bytes": 4500,
      "sha256": "f7e39e95a57cb304a75bd57723036ffa1e2dc33d19b4827e9d913124b7760b76",
      "executable": false
    },
    {
      "path": "node_modules/ethers/node_modules/@noble/hashes/ripemd160.js.map",
      "bytes": 6521,
      "sha256": "ab0318432e53bcc925f73751a2c7b7d74abc12688ffaab7ad103e249f05cce13",
      "executable": false
    },
    {
      "path": "node_modules/ethers/node_modules/@noble/hashes/scrypt.d.ts",
      "bytes": 1118,
      "sha256": "62c54b9820df7967490d68ca5a2bb690135dceeea577df80bc37ad57dc5afbec",
      "executable": false
    },
    {
      "path": "node_modules/ethers/node_modules/@noble/hashes/scrypt.js",
      "bytes": 10190,
      "sha256": "3855e55c14b872430ec67ed2c8be1d30318bb93ed4f32f03b956bb2f8e5826f2",
      "executable": false
    },
    {
      "path": "node_modules/ethers/node_modules/@noble/hashes/scrypt.js.map",
      "bytes": 11973,
      "sha256": "e4e016b2f4c53ef1dcd51f6795cf45b1a8cf971b8672719031f48f1fc18d76cc",
      "executable": false
    },
    {
      "path": "node_modules/ethers/node_modules/@noble/hashes/sha1.d.ts",
      "bytes": 616,
      "sha256": "0cdff275670433a0817d04a4c36db8dbfe67fced15ec8b42b488d7747014f0ca",
      "executable": false
    },
    {
      "path": "node_modules/ethers/node_modules/@noble/hashes/sha1.js",
      "bytes": 2841,
      "sha256": "fa627fe52de6c9bb2606a0ccafd91a8f97d12096fc00f0abe72ba97eaa859af2",
      "executable": false
    },
    {
      "path": "node_modules/ethers/node_modules/@noble/hashes/sha1.js.map",
      "bytes": 3774,
      "sha256": "0966dd05df06b18db283a3826ad62911cac8c1a09f68e4405c45d8b3d3fd279d",
      "executable": false
    },
    {
      "path": "node_modules/ethers/node_modules/@noble/hashes/sha256.d.ts",
      "bytes": 985,
      "sha256": "a3c42863fed9b49c35144d60aa0b2865b5fede65ea0050a28f45381af6dae035",
      "executable": false
    },
    {
      "path": "node_modules/ethers/node_modules/@noble/hashes/sha256.js",
      "bytes": 5280,
      "sha256": "85cfee5c78d7e0df16981a848bc081f95385c2464c1e45b0818787f324ceeaa3",
      "executable": false
    },
    {
      "path": "node_modules/ethers/node_modules/@noble/hashes/sha256.js.map",
      "bytes": 5978,
      "sha256": "de670a96ff21ea440c6e257bdf89db519f7226f33c4a1300f6a609142b59852c",
      "executable": false
    },
    {
      "path": "node_modules/ethers/node_modules/@noble/hashes/sha3-addons.d.ts",
      "bytes": 4793,
      "sha256": "da5ae96868672ccea401c4789b1e34227edf8c9d6dff2983a8839f38c71cc909",
      "executable": false
    },
    {
      "path": "node_modules/ethers/node_modules/@noble/hashes/sha3-addons.js",
      "bytes": 14429,
      "sha256": "3c9067784c2e87db69371ef8cc703d8ac4a65e8a4d77f66fd53a4e3b37583832",
      "executable": false
    },
    {
      "path": "node_modules/ethers/node_modules/@noble/hashes/sha3-addons.js.map",
      "bytes": 15639,
      "sha256": "304899fae754022ecd65db8086a048ef9b5918a1b5057be4db81161bb81d9c92",
      "executable": false
    },
    {
      "path": "node_modules/ethers/node_modules/@noble/hashes/sha3.d.ts",
      "bytes": 2724,
      "sha256": "ffc3212863d8ff2caa53d212bdfeee8d19e5528dd3a25337a211692ff6c5e7f5",
      "executable": false
    },
    {
      "path": "node_modules/ethers/node_modules/@noble/hashes/sha3.js",
      "bytes": 8089,
      "sha256": "2923bdac54647cce5ea06b48b9a12d7471e47d17d8bd22332dcc730b0707665b",
      "executable": false
    },
    {
      "path": "node_modules/ethers/node_modules/@noble/hashes/sha3.js.map",
      "bytes": 9498,
      "sha256": "7c5dfa6a9ddf9fe6b0636eb585275d16144208e7cc5d494a0f5cdce34c665f56",
      "executable": false
    },
    {
      "path": "node_modules/ethers/node_modules/@noble/hashes/sha512.d.ts",
      "bytes": 1705,
      "sha256": "a516a72256087d46b1c76e54472b610ddfdf44f96f8c20a525a46dc9ff361326",
      "executable": false
    },
    {
      "path": "node_modules/ethers/node_modules/@noble/hashes/sha512.js",
      "bytes": 11642,
      "sha256": "887d6f042a6a8455c6d510f3a366a3bf62bf54c59c8416a26ac9d9a3b7fbe207",
      "executable": false
    },
    {
      "path": "node_modules/ethers/node_modules/@noble/hashes/sha512.js.map",
      "bytes": 12449,
      "sha256": "74e1d8ec658e4684272b880f501d2f9143b63413ba19f715c8e0f0a7a8960365",
      "executable": false
    },
    {
      "path": "node_modules/ethers/node_modules/@noble/hashes/src/_assert.ts",
      "bytes": 1439,
      "sha256": "0533b7adfab3c2cbc1cc08c2ad046ee0e015f819b8b3eed6ecc405f1c42ef4a6",
      "executable": false
    },
    {
      "path": "node_modules/ethers/node_modules/@noble/hashes/src/_blake2.ts",
      "bytes": 4699,
      "sha256": "4576d0620e375d786178c33ac35535fbcb985a5dd4c459ce31392b1fbe1a76c9",
      "executable": false
    },
    {
      "path": "node_modules/ethers/node_modules/@noble/hashes/src/_sha2.ts",
      "bytes": 4280,
      "sha256": "3c99ace8058b2f7ae5eeb8dd56751221f4b9bfedb8c10ceb2a4329c5e289b42a",
      "executable": false
    },
    {
      "path": "node_modules/ethers/node_modules/@noble/hashes/src/_u64.ts",
      "bytes": 3470,
      "sha256": "9a0d57ec12b8ca2e74582c741bc60a0b5ff99ae1518526230599de03d48a85cd",
      "executable": false
    },
    {
      "path": "node_modules/ethers/node_modules/@noble/hashes/src/argon2.ts",
      "bytes": 12505,
      "sha256": "ca44ab44628ddeec4356743e7b71702730012735f4bec4084d9c38717a1cf525",
      "executable": false
    },
    {
      "path": "node_modules/ethers/node_modules/@noble/hashes/src/blake2b.ts",
      "bytes": 7467,
      "sha256": "4eede31b4de0beedc1cd36e40634d1202f0763ecfa46de91630d94d667c5cdf8",
      "executable": false
    },
    {
      "path": "node_modules/ethers/node_modules/@noble/hashes/src/blake2s.ts",
      "bytes": 5258,
      "sha256": "6ec685c59323173f887103cb30ec784ffe9180590a3abe291b70996abfa47981",
      "executable": false
    },
    {
      "path": "node_modules/ethers/node_modules/@noble/hashes/src/blake3.ts",
      "bytes": 9108,
      "sha256": "111b35a212a38ae9fc4d745ab09a9a83e0308b242b358a676aa301df0e7ba9fa",
      "executable": false
    },
    {
      "path": "node_modules/ethers/node_modules/@noble/hashes/src/crypto.ts",
      "bytes": 287,
      "sha256": "d5ac3ef40dae277d92514e4aff52b21b5eb7ff9f62d61ed4a26270581e780f40",
      "executable": false
    },
    {
      "path": "node_modules/ethers/node_modules/@noble/hashes/src/cryptoNode.ts",
      "bytes": 324,
      "sha256": "ca0b9adf9e8108cc35e5a33177dbc29f63eae3ed657ccdf87922a085999d9fe8",
      "executable": false
    },
    {
      "path": "node_modules/ethers/node_modules/@noble/hashes/src/eskdf.ts",
      "bytes": 7118,
      "sha256": "d22f4cefd1212ad096962ba1ba96654fbe4fb9063d79768ee5c2171473ffbd03",
      "executable": false
    },
    {
      "path": "node_modules/ethers/node_modules/@noble/hashes/src/hkdf.ts",
      "bytes": 2924,
      "sha256": "67ebd8611ddf09a7e5253396c1da910ef18fd02dbe8f40aa7a90572a30582478",
      "executable": false
    },
    {
      "path": "node_modules/ethers/node_modules/@noble/hashes/src/hmac.ts",
      "bytes": 2751,
      "sha256": "590aed866820d9a9a64b50c561edb54b813d352a41de20f5b7326cc853e2005c",
      "executable": false
    },
    {
      "path": "node_modules/ethers/node_modules/@noble/hashes/src/index.ts",
      "bytes": 79,
      "sha256": "dd7f711469a0107efb347e7950584413e2fff98c890b5651513dba3c6f6af276",
      "executable": false
    },
    {
      "path": "node_modules/ethers/node_modules/@noble/hashes/src/pbkdf2.ts",
      "bytes": 3760,
      "sha256": "cb924b3299749f2f754cbfb3c7906d92eeeaef8e7e8ecb89ba3ef3ee6750d8ce",
      "executable": false
    },
    {
      "path": "node_modules/ethers/node_modules/@noble/hashes/src/ripemd160.ts",
      "bytes": 4294,
      "sha256": "d4b3f69e031978273153f76957eefd3a5ee3112147f7b417de7ab2560264bb70",
      "executable": false
    },
    {
      "path": "node_modules/ethers/node_modules/@noble/hashes/src/scrypt.ts",
      "bytes": 9760,
      "sha256": "c87d281e457322fe740a9cc0c829d3d771ffd654281a63ff2d6f7793ede7ad52",
      "executable": false
    },
    {
      "path": "node_modules/ethers/node_modules/@noble/hashes/src/sha1.ts",
      "bytes": 2595,
      "sha256": "9d3ff330eccd407efc7b62923436213bf87259ae652ddcf4305c111205141727",
      "executable": false
    },
    {
      "path": "node_modules/ethers/node_modules/@noble/hashes/src/sha256.ts",
      "bytes": 4746,
      "sha256": "28a02a4d14ae5e88f8070545b92ca95064a32ed83a69018b3008393e52c4b464",
      "executable": false
    },
    {
      "path": "node_modules/ethers/node_modules/@noble/hashes/src/sha3-addons.ts",
      "bytes": 14594,
      "sha256": "e4b2e9dab57c2b482e1b7a205a8ba9e09ae3f3b46d2314c2afe4e8ead5a7ebda",
      "executable": false
    },
    {
      "path": "node_modules/ethers/node_modules/@noble/hashes/src/sha3.ts",
      "bytes": 7486,
      "sha256": "542b0347fcdfbd0b7009b9cfd9780a28642f2fb0d642742320c58fad9f93804a",
      "executable": false
    },
    {
      "path": "node_modules/ethers/node_modules/@noble/hashes/src/sha512.ts",
      "bytes": 9893,
      "sha256": "0444a62e81415a9521d44620e0b0af2db920ff0265b7da831c5c516efbb10fab",
      "executable": false
    },
    {
      "path": "node_modules/ethers/node_modules/@noble/hashes/src/utils.ts",
      "bytes": 8210,
      "sha256": "f3000c39039597053a6f4386b62125b74c4585c46b217c3c6a07c5a4a112bed9",
      "executable": false
    },
    {
      "path": "node_modules/ethers/node_modules/@noble/hashes/utils.d.ts",
      "bytes": 3921,
      "sha256": "3c3ca314a2b01902ef19b499be6e052925a849f14e2d9185afb323df3d3a72b6",
      "executable": false
    },
    {
      "path": "node_modules/ethers/node_modules/@noble/hashes/utils.js",
      "bytes": 6966,
      "sha256": "10699c217e74e7b5fd68ee4f745d9fe41ef674414b52cf860ec7c59a0a924bf4",
      "executable": false
    },
    {
      "path": "node_modules/ethers/node_modules/@noble/hashes/utils.js.map",
      "bytes": 5834,
      "sha256": "cc1359e86b4204832ce130b7e7fcabc5ab302f0aeb8742b23e2edd8acdaf5dbb",
      "executable": false
    },
    {
      "path": "node_modules/ethers/node_modules/tslib/CopyrightNotice.txt",
      "bytes": 822,
      "sha256": "da16ddb65f8ca390998fb99223d0112498b56b45784d00afd77ff8ce1ac4de8b",
      "executable": false
    },
    {
      "path": "node_modules/ethers/node_modules/tslib/LICENSE.txt",
      "bytes": 655,
      "sha256": "210b19e543130388c68654b7497e967119ce17145f66ab7d85688fbd70f08751",
      "executable": false
    },
    {
      "path": "node_modules/ethers/node_modules/tslib/modules/index.d.ts",
      "bytes": 765,
      "sha256": "31973b272be35eab5ecf20a38ea54bec84cdc0317117590cb813c72fe0ef75b3",
      "executable": false
    },
    {
      "path": "node_modules/ethers/node_modules/tslib/modules/index.js",
      "bytes": 1338,
      "sha256": "23659f655549e6fe0bf51d90c4b664c84e3547fd410e0d15bad4a6fb899dcd44",
      "executable": false
    },
    {
      "path": "node_modules/ethers/node_modules/tslib/modules/package.json",
      "bytes": 26,
      "sha256": "f2a77d1fa2e7ee710b2835b2933d75d9c7f5dad4f1bab69e1679876e32b5e9eb",
      "executable": false
    },
    {
      "path": "node_modules/ethers/node_modules/tslib/package.json",
      "bytes": 1219,
      "sha256": "7ecf3460a204a34f0ef8ea32d0f9828385658d4e5d5e271f93f40e7b36a32972",
      "executable": false
    },
    {
      "path": "node_modules/ethers/node_modules/tslib/README.md",
      "bytes": 4033,
      "sha256": "d2e199aa7eafd807ba6c3c31edaf06cc06712f30ef965687e22d315b9e8f0543",
      "executable": false
    },
    {
      "path": "node_modules/ethers/node_modules/tslib/SECURITY.md",
      "bytes": 2757,
      "sha256": "89c4e4b9ba7ec705482e2de05135d0626d33bf8c2c66119c65d7a306dd83459c",
      "executable": false
    },
    {
      "path": "node_modules/ethers/node_modules/tslib/tslib.d.ts",
      "bytes": 17891,
      "sha256": "4a882ffbb4ed09d9b7734f784aebb1dfe488d63725c40759165c5d9c657ca029",
      "executable": false
    },
    {
      "path": "node_modules/ethers/node_modules/tslib/tslib.es6.html",
      "bytes": 36,
      "sha256": "759c26504a9ccbbfcd730269c9c5ef15512cf16ba617e61a92212365e57c9f5d",
      "executable": false
    },
    {
      "path": "node_modules/ethers/node_modules/tslib/tslib.es6.js",
      "bytes": 18328,
      "sha256": "b318f91ded227a214593db44c9cb622f745640f3653b5871ef4c971658d04c98",
      "executable": false
    },
    {
      "path": "node_modules/ethers/node_modules/tslib/tslib.es6.mjs",
      "bytes": 16921,
      "sha256": "5d83156094f410806be28d6e40a34e68a1fb31e87d0bf8c08a85df2cdae28154",
      "executable": false
    },
    {
      "path": "node_modules/ethers/node_modules/tslib/tslib.html",
      "bytes": 32,
      "sha256": "e14179f388a9690437165289d45ff7747f0f839538b5abec63d2dcfe21c2a5f4",
      "executable": false
    },
    {
      "path": "node_modules/ethers/node_modules/tslib/tslib.js",
      "bytes": 21332,
      "sha256": "ed9a68aeea93ffe51834bdef70049db9492ded44b8982578b865b767c91e946c",
      "executable": false
    },
    {
      "path": "node_modules/ethers/package.json",
      "bytes": 4945,
      "sha256": "d644d7df228197962e4ca19824b06e8d50dce0b5ee2aced63dcfc2a11ec7b90f",
      "executable": false
    },
    {
      "path": "node_modules/ethers/README.md",
      "bytes": 6067,
      "sha256": "4c8364c0939d6fe8240259f039858f5cbd43bcbc936a1b35a715ba0e93fbe5ff",
      "executable": false
    },
    {
      "path": "node_modules/ethers/rollup.config.mjs",
      "bytes": 1422,
      "sha256": "bca5b9181135d843d40c16e6cd45121f3f5f30c6f6e9cf55c548d1c208fd6715",
      "executable": false
    },
    {
      "path": "node_modules/ethers/SECURITY.md",
      "bytes": 1611,
      "sha256": "28518b0502ff5b6d3da81570f351809ee273bc45a2c3dcb2ed07eb0e3e69e497",
      "executable": false
    },
    {
      "path": "node_modules/ethers/src.ts/_version.ts",
      "bytes": 153,
      "sha256": "b9eaaa6b5d62304b40d1b6bd38a70f8b2e341bd1c00fd6c3e9155b9fcc946106",
      "executable": false
    },
    {
      "path": "node_modules/ethers/src.ts/abi/abi-coder.ts",
      "bytes": 8813,
      "sha256": "2391fc9f81dab3b26c8bf5c21ca2da98acc17da99108101994c4bc0f3625859e",
      "executable": false
    },
    {
      "path": "node_modules/ethers/src.ts/abi/bytes32.ts",
      "bytes": 1214,
      "sha256": "b8f2e8ba724ec671dcc235bc8a9b30edee637de29e9ec42481d1360681048c6c",
      "executable": false
    },
    {
      "path": "node_modules/ethers/src.ts/abi/coders/abstract-coder.ts",
      "bytes": 17682,
      "sha256": "907ea38bbb756881c27614af12d31259e84e9a917c6dc6bc107607a7a51d9e73",
      "executable": false
    },
    {
      "path": "node_modules/ethers/src.ts/abi/coders/address.ts",
      "bytes": 928,
      "sha256": "6aa0a05bdda4ee48513e4479577764af9ab098036cd2f6def862bb8ded7d820e",
      "executable": false
    },
    {
      "path": "node_modules/ethers/src.ts/abi/coders/anonymous.ts",
      "bytes": 666,
      "sha256": "76739e3a49a3a263bc68457711a68a397da21d1200885b5612e1ed9b9f531b52",
      "executable": false
    },
    {
      "path": "node_modules/ethers/src.ts/abi/coders/array.ts",
      "bytes": 6397,
      "sha256": "a6d2dc265563e058365fc36791ab0a229921d27b42ab97e84994df212311798d",
      "executable": false
    },
    {
      "path": "node_modules/ethers/src.ts/abi/coders/boolean.ts",
      "bytes": 612,
      "sha256": "66fee9dbbfa354600870c304d982a23d3867510d3ea954b153b47e5343f5cabd",
      "executable": false
    },
    {
      "path": "node_modules/ethers/src.ts/abi/coders/bytes.ts",
      "bytes": 952,
      "sha256": "80f8624b98fdc5f1904ab6a14aaf7f5935915282e240b6dc4fdc1203329514ea",
      "executable": false
    },
    {
      "path": "node_modules/ethers/src.ts/abi/coders/fixed-bytes.ts",
      "bytes": 1128,
      "sha256": "0d0c6bf899e6fdc6c406e1eaab4f50bcea30ab4ae8d695703f0c84a5830fd16f",
      "executable": false
    },
    {
      "path": "node_modules/ethers/src.ts/abi/coders/null.ts",
      "bytes": 603,
      "sha256": "9acc7cbde1fd87a10fdaccefb5de82b59eed96363e641053b5bd2f9278720322",
      "executable": false
    },
    {
      "path": "node_modules/ethers/src.ts/abi/coders/number.ts",
      "bytes": 1867,
      "sha256": "92f16840d05221f67ee2b0d0b8c74dbd94d19b01a8404943b729f0b99cf16af6",
      "executable": false
    },
    {
      "path": "node_modules/ethers/src.ts/abi/coders/string.ts",
      "bytes": 671,
      "sha256": "f9850e8c709746834c4262fceab261a3605ff5644aa7f4e9a2c952de903755dd",
      "executable": false
    },
    {
      "path": "node_modules/ethers/src.ts/abi/coders/tuple.ts",
      "bytes": 2055,
      "sha256": "828d9ed3a1f3b0995d846ea2212dc64a247b7f90d59e2871b06909e75b8bb826",
      "executable": false
    },
    {
      "path": "node_modules/ethers/src.ts/abi/fragments.ts",
      "bytes": 52736,
      "sha256": "7b9ff1d7a5c298cb3af35deacd8ce1fbd7ea56e22344d5282da2a5999a12f169",
      "executable": false
    },
    {
      "path": "node_modules/ethers/src.ts/abi/index.ts",
      "bytes": 1044,
      "sha256": "d1964ee0a7e0c371fcca67d52b882c241dad9a0b097d552d18f17560514f7f86",
      "executable": false
    },
    {
      "path": "node_modules/ethers/src.ts/abi/interface.ts",
      "bytes": 45084,
      "sha256": "37671349325ca097215f854b0d0e6c72c9b9b1452a6654f0e02649693a996166",
      "executable": false
    },
    {
      "path": "node_modules/ethers/src.ts/abi/typed.ts",
      "bytes": 20503,
      "sha256": "ed7666beef4d18710e700cd95eb90db58bd695e7c05f277a0bbe371073367a6c",
      "executable": false
    },
    {
      "path": "node_modules/ethers/src.ts/address/address.ts",
      "bytes": 5911,
      "sha256": "b42cd79b915501f4099aab27714980f8ee4d571a93747ac371f30aef9fbadfe0",
      "executable": false
    },
    {
      "path": "node_modules/ethers/src.ts/address/checks.ts",
      "bytes": 3850,
      "sha256": "f6ed6ce79b150ffe5a286cca7981ad09730aec8beb5a6395e71459f1c55e63b5",
      "executable": false
    },
    {
      "path": "node_modules/ethers/src.ts/address/contract-address.ts",
      "bytes": 2692,
      "sha256": "45e0e704fd4a9a351d84c9ab9316729e00a32d02e0cd3bbdfc66b7f985a7b4a4",
      "executable": false
    },
    {
      "path": "node_modules/ethers/src.ts/address/index.ts",
      "bytes": 1699,
      "sha256": "f61b18f35d3da7dfb6d4abaca2f891cc91809c1a9bfdf0941eb7de4de5eadd19",
      "executable": false
    },
    {
      "path": "node_modules/ethers/src.ts/constants/addresses.ts",
      "bytes": 195,
      "sha256": "7a9adb525a213fb4b7b3881fefa39d998578312af6365f4041f6a8278309dc50",
      "executable": false
    },
    {
      "path": "node_modules/ethers/src.ts/constants/hashes.ts",
      "bytes": 236,
      "sha256": "15d680ea1fe166943d0df1c5c49a8ab3344fce06cf0b4a4fcfcbf6ce5df7fbc0",
      "executable": false
    },
    {
      "path": "node_modules/ethers/src.ts/constants/index.ts",
      "bytes": 364,
      "sha256": "b13174181943f1f5ca3b1fe61739e7e7101dd653010f2f02e2c6b2ebe0267eb2",
      "executable": false
    },
    {
      "path": "node_modules/ethers/src.ts/constants/numbers.ts",
      "bytes": 1243,
      "sha256": "41c6e5cf05fb0673df835c84884691c27d910b70155abb50a21c26b7665d88e2",
      "executable": false
    },
    {
      "path": "node_modules/ethers/src.ts/constants/strings.ts",
      "bytes": 417,
      "sha256": "e92417288d44a8233856a69e9e60fe8c1d1d749e5e76a18c232de22660bee0b6",
      "executable": false
    },
    {
      "path": "node_modules/ethers/src.ts/contract/contract.ts",
      "bytes": 40283,
      "sha256": "7f086d346cd53f8eb65a7a775e08dc161677d5bf482db8803341f4c6e6b7de05",
      "executable": false
    },
    {
      "path": "node_modules/ethers/src.ts/contract/factory.ts",
      "bytes": 5172,
      "sha256": "71e6615896d97271102c5fa35fe1fed5cb4d0e29e9b8895bedce4c423d319eec",
      "executable": false
    },
    {
      "path": "node_modules/ethers/src.ts/contract/index.ts",
      "bytes": 990,
      "sha256": "b54974f79515d7dd0ab06a4265c2e26f252f8a72d93acf3ffd5669a68ba2a88b",
      "executable": false
    },
    {
      "path": "node_modules/ethers/src.ts/contract/types.ts",
      "bytes": 7146,
      "sha256": "304d4c7e82fb6356cb967f4eadf8143d5b369f7630ad42c186c8c19cd3dac044",
      "executable": false
    },
    {
      "path": "node_modules/ethers/src.ts/contract/wrappers.ts",
      "bytes": 6235,
      "sha256": "688aa5b29d084c436a4dd1fc2ede924c91b669b52b6c304814162ed61abe866f",
      "executable": false
    },
    {
      "path": "node_modules/ethers/src.ts/crypto/crypto-browser.ts",
      "bytes": 2085,
      "sha256": "d49c260c571595f4ed90defabc465f1a0379afe512c78c5bb2fc743d38b94a19",
      "executable": false
    },
    {
      "path": "node_modules/ethers/src.ts/crypto/crypto.ts",
      "bytes": 79,
      "sha256": "4ac38b67ac5423044f99de2792dc8d3643fc8ba55acf1f28688ae3f29b59c8e5",
      "executable": false
    },
    {
      "path": "node_modules/ethers/src.ts/crypto/hmac.ts",
      "bytes": 1564,
      "sha256": "813536b3e56d953812a0d4bcae23f7534d8d9ddebdc6c8e2af90025f9de59695",
      "executable": false
    },
    {
      "path": "node_modules/ethers/src.ts/crypto/index.ts",
      "bytes": 1303,
      "sha256": "aa1587f72f7c3e9cb301ba6f56aa1177e8d6eccd5d6c54978d5a1ae6af1236a0",
      "executable": false
    },
    {
      "path": "node_modules/ethers/src.ts/crypto/keccak.ts",
      "bytes": 1410,
      "sha256": "c59000f10364fed26aa3841ce1952118fae01c2d43921c2421d20b6bee6a834e",
      "executable": false
    },
    {
      "path": "node_modules/ethers/src.ts/crypto/pbkdf2.ts",
      "bytes": 1952,
      "sha256": "03f3a04582808c232afb61e300bbb10ef24be1af6fbbbf60b11d8c9a81798454",
      "executable": false
    },
    {
      "path": "node_modules/ethers/src.ts/crypto/random.ts",
      "bytes": 1055,
      "sha256": "8371570d71a111b70a06a2e8dccaf567a4a44cfe910076424014c099724fdf71",
      "executable": false
    },
    {
      "path": "node_modules/ethers/src.ts/crypto/ripemd160.ts",
      "bytes": 1079,
      "sha256": "f082a045a1b5770f4be430bd99f938ce87287feae1aff7619b3415df00df32de",
      "executable": false
    },
    {
      "path": "node_modules/ethers/src.ts/crypto/scrypt.ts",
      "bytes": 4927,
      "sha256": "2906af8a25f39f52b12b4a1bd2306471c5f6ccf570b7ece88499257e6809dce2",
      "executable": false
    },
    {
      "path": "node_modules/ethers/src.ts/crypto/sha2.ts",
      "bytes": 1907,
      "sha256": "2fb491cac36ab4df24d24c5a3ff6a3803497c74c50c20bcbda2cacb339670095",
      "executable": false
    },
    {
      "path": "node_modules/ethers/src.ts/crypto/signature.ts",
      "bytes": 12147,
      "sha256": "c8f22c2c54fb60b7cca1f68d6451a3d87dfaf6e12c27199ccbc95f6b1ee466b6",
      "executable": false
    },
    {
      "path": "node_modules/ethers/src.ts/crypto/signing-key.ts",
      "bytes": 6526,
      "sha256": "d83ef2ab9b1a46b0559c9499189e3778f70c5e9a5dc984e3e65b640a8e66e08d",
      "executable": false
    },
    {
      "path": "node_modules/ethers/src.ts/ethers.ts",
      "bytes": 6612,
      "sha256": "e620f25db763d512d41cd966ccfe1d76725963f16d159071c6cec376ca2108fd",
      "executable": false
    },
    {
      "path": "node_modules/ethers/src.ts/hash/authorization.ts",
      "bytes": 1337,
      "sha256": "eb2f57d4819cc92eb43b3b19a4242abf9c37a96446d119344d4f13115a067c8d",
      "executable": false
    },
    {
      "path": "node_modules/ethers/src.ts/hash/id.ts",
      "bytes": 447,
      "sha256": "c2970f4342486b09f407ee4a5b4fa7fadf402d0b5eef28cee298f0c5f0a92a71",
      "executable": false
    },
    {
      "path": "node_modules/ethers/src.ts/hash/index.ts",
      "bytes": 734,
      "sha256": "094e558f61108bf658914b2fef3645d632ba39acc1267011c78ca0462857db9d",
      "executable": false
    },
    {
      "path": "node_modules/ethers/src.ts/hash/message.ts",
      "bytes": 1676,
      "sha256": "9c98390efb5e621634fa12830a9087c7f5c3b4b0ffa8b5b15b297158c3910a58",
      "executable": false
    },
    {
      "path": "node_modules/ethers/src.ts/hash/namehash.ts",
      "bytes": 2902,
      "sha256": "24f487715733398295b022ddee22f89867afdcd1a7d2481d55d5f56c3669fa14",
      "executable": false
    },
    {
      "path": "node_modules/ethers/src.ts/hash/solidity.ts",
      "bytes": 4002,
      "sha256": "9b310f4d710e2b302ddab00f5b39b2be022cb481f6c1912bcea9e91789346c45",
      "executable": false
    },
    {
      "path": "node_modules/ethers/src.ts/hash/typed-data.ts",
      "bytes": 22963,
      "sha256": "03e28366d8a2e950bff5ad07ee42d72de2148270b9105cca3782e49b956fae48",
      "executable": false
    },
    {
      "path": "node_modules/ethers/src.ts/index.ts",
      "bytes": 319,
      "sha256": "704747bf1f7f0e9db3d240c701101e53194321d7139ce4d477d525f072bff1f3",
      "executable": false
    },
    {
      "path": "node_modules/ethers/src.ts/providers/abstract-provider.ts",
      "bytes": 60790,
      "sha256": "de899863a1e4c1f72024b6b0515e9c5d71532d36658e4694ee0fe1c63a60435d",
      "executable": false
    },
    {
      "path": "node_modules/ethers/src.ts/providers/abstract-signer.ts",
      "bytes": 11686,
      "sha256": "b1e571c47aafc687011a98916422f327ab141dc0eacd5e98f84e6290bbe26885",
      "executable": false
    },
    {
      "path": "node_modules/ethers/src.ts/providers/community.ts",
      "bytes": 1873,
      "sha256": "274c294244a60ce347620a36d7a6929232fc1ffbf9c9acd678e122d882ddeca9",
      "executable": false
    },
    {
      "path": "node_modules/ethers/src.ts/providers/contracts.ts",
      "bytes": 1222,
      "sha256": "ad14ba10b15b6283b93692e46dde07e8672d42443c66d55b7f0c967d07730616",
      "executable": false
    },
    {
      "path": "node_modules/ethers/src.ts/providers/default-provider.ts",
      "bytes": 7319,
      "sha256": "01500d3ba7ad5d41d84ec08adbf0706b536d584de73e02eff8a657065c8064ee",
      "executable": false
    },
    {
      "path": "node_modules/ethers/src.ts/providers/ens-resolver.ts",
      "bytes": 26559,
      "sha256": "4951b990a917ca7dbb56d57d45040df41bc44c67976d1b5870f2324dd71ba64a",
      "executable": false
    },
    {
      "path": "node_modules/ethers/src.ts/providers/format.ts",
      "bytes": 9982,
      "sha256": "5e59ccb0bd6ac4fc82e9a4313cd098d5703044ab8f3f04f01fcc8b064d220702",
      "executable": false
    },
    {
      "path": "node_modules/ethers/src.ts/providers/formatting.ts",
      "bytes": 9151,
      "sha256": "025a6b212277a5e5e91b559cd1e08a35a1e77b2b4bbbb9d017a65364b7a9aa9f",
      "executable": false
    },
    {
      "path": "node_modules/ethers/src.ts/providers/index.ts",
      "bytes": 3837,
      "sha256": "da36e9a08fadc6ebcb9a51b2b186ce38b95f7dd110db444b3eb61cc7d7ea8c57",
      "executable": false
    },
    {
      "path": "node_modules/ethers/src.ts/providers/network.ts",
      "bytes": 14875,
      "sha256": "bf3895603cbe7a538c9fc721960bf3d42081c328235c42e1e465e0a47a355920",
      "executable": false
    },
    {
      "path": "node_modules/ethers/src.ts/providers/pagination.ts",
      "bytes": 218,
      "sha256": "52493d1265c4bd004c088664ba45e07cbb7333920fdf6002de12bfe4492fba69",
      "executable": false
    },
    {
      "path": "node_modules/ethers/src.ts/providers/plugin-fallback.ts",
      "bytes": 1163,
      "sha256": "6025353b441a0097cea309496f2781cd7136e869782410174a4f11c84a4aeeec",
      "executable": false
    },
    {
      "path": "node_modules/ethers/src.ts/providers/plugins-network.ts",
      "bytes": 9577,
      "sha256": "6da2913640be78a63655cb02bdbb8fe6c68bf479a9a1ef22c114f682ecd84562",
      "executable": false
    },
    {
      "path": "node_modules/ethers/src.ts/providers/provider-alchemy.ts",
      "bytes": 5731,
      "sha256": "63566373b00ad2a6db77ec535d17213c0a54171b5803a4953a8bae5dceeba306",
      "executable": false
    },
    {
      "path": "node_modules/ethers/src.ts/providers/provider-ankr.ts",
      "bytes": 5195,
      "sha256": "086d3de0dc4b23e7ba9965b5bf7b6eaf2716436c72d383eb80bb969ef0fdfc3b",
      "executable": false
    },
    {
      "path": "node_modules/ethers/src.ts/providers/provider-blockscout.ts",
      "bytes": 5860,
      "sha256": "2579502cf883ec8420ca94ba4ed7fcf213afa3a10eff085d3da2be5949c378a7",
      "executable": false
    },
    {
      "path": "node_modules/ethers/src.ts/providers/provider-browser.ts",
      "bytes": 10932,
      "sha256": "f2f734a9080fd4ae91c280f8778d9dde1ed9aea24bb12300ad593bed7cb6e17f",
      "executable": false
    },
    {
      "path": "node_modules/ethers/src.ts/providers/provider-chainstack.ts",
      "bytes": 3658,
      "sha256": "aba251e2c319cd1d3b33530f5a72b696d2c0fcda32dd2dc1ec330abe96c77c06",
      "executable": false
    },
    {
      "path": "node_modules/ethers/src.ts/providers/provider-cloudflare.ts",
      "bytes": 734,
      "sha256": "a69ade671bbf5fc9e630db8ac324eeb99f6f713ccddc7656c625cbb7da462abf",
      "executable": false
    },
    {
      "path": "node_modules/ethers/src.ts/providers/provider-etherscan.ts",
      "bytes": 24922,
      "sha256": "c711ae1cff89bdc13077cf7fc2166ad70f2a6b001f338ab8f9850138e10b53b8",
      "executable": false
    },
    {
      "path": "node_modules/ethers/src.ts/providers/provider-fallback.ts",
      "bytes": 27199,
      "sha256": "61abbc69cf32cf0f4c01250ff3f0d3e6392bad3a04b06460a17ff47ff4264c47",
      "executable": false
    },
    {
      "path": "node_modules/ethers/src.ts/providers/provider-infura.ts",
      "bytes": 7530,
      "sha256": "526a978f8b0050cb1e0db62aac435fe3714d3521b9d55bfb2cf1a8bfb92bc6d7",
      "executable": false
    },
    {
      "path": "node_modules/ethers/src.ts/providers/provider-ipcsocket-browser.ts",
      "bytes": 68,
      "sha256": "6e5e7833b1c829bece2dde95504b19c0a4925746494bb09a6b656498d6e65419",
      "executable": false
    },
    {
      "path": "node_modules/ethers/src.ts/providers/provider-ipcsocket.ts",
      "bytes": 2369,
      "sha256": "2f88a93fe01b9feac5cb8f2163cb671e1ec5dcabd4e0eac4269728a49afadd12",
      "executable": false
    },
    {
      "path": "node_modules/ethers/src.ts/providers/provider-jsonrpc.ts",
      "bytes": 46740,
      "sha256": "d212e68c7fbfcde7218f542127bbab771462e33f222fced521bd9c19228dd931",
      "executable": false
    },
    {
      "path": "node_modules/ethers/src.ts/providers/provider-pocket.ts",
      "bytes": 3930,
      "sha256": "d4f7c344ecc56c2cb8ab5a8257fcc30a55d6d7a8a19c0cdf52285a91239f2d78",
      "executable": false
    },
    {
      "path": "node_modules/ethers/src.ts/providers/provider-quicknode.ts",
      "bytes": 5931,
      "sha256": "709cbf715653033db398e50a1b781d55410e13fcd51e71939f20f95a7c4c0289",
      "executable": false
    },
    {
      "path": "node_modules/ethers/src.ts/providers/provider-socket.ts",
      "bytes": 11481,
      "sha256": "8803394d6d91051b9dbf3054346f58f7cd0641004401e8b04547a614ead99785",
      "executable": false
    },
    {
      "path": "node_modules/ethers/src.ts/providers/provider-websocket.ts",
      "bytes": 3250,
      "sha256": "24d8d28f813d04defbca4528a79d49cff50c00a2527dd338c192882588b57055",
      "executable": false
    },
    {
      "path": "node_modules/ethers/src.ts/providers/provider.ts",
      "bytes": 66080,
      "sha256": "ac6c318e0f889ec4593e9183483115fc48e23846830d4d3596a274fe7f04d2b3",
      "executable": false
    },
    {
      "path": "node_modules/ethers/src.ts/providers/signer-noncemanager.ts",
      "bytes": 2855,
      "sha256": "a4e7a06e2684880522114018f8bd299404b5f55214008b4624dfb9c75e75b965",
      "executable": false
    },
    {
      "path": "node_modules/ethers/src.ts/providers/signer.ts",
      "bytes": 6378,
      "sha256": "7a5c4c210046d34becfb9d9682938916661028d22dd6c4e8826a32e2d8d7460e",
      "executable": false
    },
    {
      "path": "node_modules/ethers/src.ts/providers/subscriber-connection.ts",
      "bytes": 1853,
      "sha256": "463fbfc32639bb8bdaf1a5979059a2c91dc415b9670b9a1dacd4915190aad14e",
      "executable": false
    },
    {
      "path": "node_modules/ethers/src.ts/providers/subscriber-filterid.ts",
      "bytes": 6098,
      "sha256": "ba63a74456f21dace16311533c69739ce52cf182197b5365d891c12fb2569291",
      "executable": false
    },
    {
      "path": "node_modules/ethers/src.ts/providers/subscriber-polling.ts",
      "bytes": 9206,
      "sha256": "f4df8149b409745fc546afc2a5af43e8dd0eb351e7642ebf1763c6eeff5cb0da",
      "executable": false
    },
    {
      "path": "node_modules/ethers/src.ts/providers/ws-browser.ts",
      "bytes": 329,
      "sha256": "359bed16e83cf5a4d6c706e4fe8817a5c52d7897f52582bee65c414365cb2a68",
      "executable": false
    },
    {
      "path": "node_modules/ethers/src.ts/providers/ws.ts",
      "bytes": 34,
      "sha256": "0a1e622075c44130e2ddde94c9271c9dbbd6ccad09c96caae91635d3223fa890",
      "executable": false
    },
    {
      "path": "node_modules/ethers/src.ts/thirdparty.d.ts",
      "bytes": 390,
      "sha256": "35165dc7529896dc2589f7d5c7ab5d6ff98171a3c8caee792d24b50381adf486",
      "executable": false
    },
    {
      "path": "node_modules/ethers/src.ts/transaction/accesslist.ts",
      "bytes": 1860,
      "sha256": "852517a563118e5d2f573662e80473b1d9dce33de433213828aab85eb5029852",
      "executable": false
    },
    {
      "path": "node_modules/ethers/src.ts/transaction/address.ts",
      "bytes": 951,
      "sha256": "4b911e5ed13e1f66c9d97e2b75170f5db051f8ab10a146e780d77c0592450795",
      "executable": false
    },
    {
      "path": "node_modules/ethers/src.ts/transaction/authorization.ts",
      "bytes": 538,
      "sha256": "e23328725974007028b941444224c4382fd47a4708cc93436ab9897d6d5aaa0f",
      "executable": false
    },
    {
      "path": "node_modules/ethers/src.ts/transaction/index.ts",
      "bytes": 1369,
      "sha256": "fd825471f40fd8000c5711f3ef327814daedfecd3147c0d2a5e3b9111bfbeb8c",
      "executable": false
    },
    {
      "path": "node_modules/ethers/src.ts/transaction/transaction.ts",
      "bytes": 52912,
      "sha256": "189c18d4e6a3138b47e516ee9ed4f381308094a9b3380a64d55cfcc50d182cdd",
      "executable": false
    },
    {
      "path": "node_modules/ethers/src.ts/utils/base58.ts",
      "bytes": 2018,
      "sha256": "2507f70a51362e95e3d68291dd1cbd784158dea97b95a744b153add0be136c90",
      "executable": false
    },
    {
      "path": "node_modules/ethers/src.ts/utils/base64-browser.ts",
      "bytes": 622,
      "sha256": "cfb1596219badc045128cd7df314d5674cb917cf5c77d1e3398a77a46613156d",
      "executable": false
    },
    {
      "path": "node_modules/ethers/src.ts/utils/base64.ts",
      "bytes": 1518,
      "sha256": "c8878c88bc64f86c9efcc9aa7cc96ba5c34aebc7e140137aa39ac653b30bbc91",
      "executable": false
    },
    {
      "path": "node_modules/ethers/src.ts/utils/data.ts",
      "bytes": 5860,
      "sha256": "670842b1821e80b278c40b6b09f79a23ca9385713827c159cc77200486dc5700",
      "executable": false
    },
    {
      "path": "node_modules/ethers/src.ts/utils/errors.ts",
      "bytes": 21924,
      "sha256": "61abb0c70c36cb264ce5ddd05f4f2cd74f2d5f4dbb5d54f73da121ada6dc7b75",
      "executable": false
    },
    {
      "path": "node_modules/ethers/src.ts/utils/events.ts",
      "bytes": 2810,
      "sha256": "d0d011ffb708b87e3880568bdcaa59adfe55aad1bc9633c8c5cfb56b69656a28",
      "executable": false
    },
    {
      "path": "node_modules/ethers/src.ts/utils/fetch.ts",
      "bytes": 32054,
      "sha256": "057cbc0dc970d831ba0f1fc2ecb04dcb4bbb8af7535d87868872b7a81a163e29",
      "executable": false
    },
    {
      "path": "node_modules/ethers/src.ts/utils/fixednumber.ts",
      "bytes": 22062,
      "sha256": "fe0f8223fd3652d227ebf0991c86a97c36eea3d4a2188ef27f942f56f40244de",
      "executable": false
    },
    {
      "path": "node_modules/ethers/src.ts/utils/geturl-browser.ts",
      "bytes": 2584,
      "sha256": "17f602abed5701f875917a5bb943f33643d40ab532f2219a64de128267e67568",
      "executable": false
    },
    {
      "path": "node_modules/ethers/src.ts/utils/geturl.ts",
      "bytes": 4909,
      "sha256": "57e30a6e1bd61b825adf76b64d70a45a319e529b9f353358507917c6bfdacd7e",
      "executable": false
    },
    {
      "path": "node_modules/ethers/src.ts/utils/index.ts",
      "bytes": 2667,
      "sha256": "57d49126aa35a4e26dd7816fc95e2788420cbebddd93c597e7f2ad81b9ff0dfc",
      "executable": false
    },
    {
      "path": "node_modules/ethers/src.ts/utils/maths.ts",
      "bytes": 8114,
      "sha256": "517c55ea8b79c8b660fca276445bda8a7ffeb86ee09f481ffa5bdb0214fcb193",
      "executable": false
    },
    {
      "path": "node_modules/ethers/src.ts/utils/properties.ts",
      "bytes": 1728,
      "sha256": "1497204c844dfad7da24759e2048b72c1307c3b4edace4a840dfb55e8d9446cf",
      "executable": false
    },
    {
      "path": "node_modules/ethers/src.ts/utils/rlp-decode.ts",
      "bytes": 3427,
      "sha256": "a4eea776f78605af1e838e898fad99b33e66ea6048fd59a2a22540962f45aab2",
      "executable": false
    },
    {
      "path": "node_modules/ethers/src.ts/utils/rlp-encode.ts",
      "bytes": 1604,
      "sha256": "e149702062da002c41dec6a0a29380af66fda1077152840c122d2754646059f8",
      "executable": false
    },
    {
      "path": "node_modules/ethers/src.ts/utils/rlp.ts",
      "bytes": 542,
      "sha256": "23074e61f02eeeb4e74b4dec3741d86adceecf77000973328413270ab0aada1b",
      "executable": false
    },
    {
      "path": "node_modules/ethers/src.ts/utils/test.txt",
      "bytes": 0,
      "sha256": "e3b0c44298fc1c149afbf4c8996fb92427ae41e4649b934ca495991b7852b855",
      "executable": false
    },
    {
      "path": "node_modules/ethers/src.ts/utils/units.ts",
      "bytes": 3002,
      "sha256": "c101ad4e110137a74a821764ca3d5883868b786b98a49d990881de90a8edbb93",
      "executable": false
    },
    {
      "path": "node_modules/ethers/src.ts/utils/utf8.ts",
      "bytes": 10752,
      "sha256": "2b9b5b4265b1d8bad4327ba700bf76eb2b0fcb3a3a7d89cd27961e9b2c9ca6e1",
      "executable": false
    },
    {
      "path": "node_modules/ethers/src.ts/utils/uuid.ts",
      "bytes": 927,
      "sha256": "91e14f985e603fa0c1b4d94cf1fc19b9823d4daf556820506a1b4bb5a0bad6b7",
      "executable": false
    },
    {
      "path": "node_modules/ethers/src.ts/wallet/base-wallet.ts",
      "bytes": 5564,
      "sha256": "f1ca6a6ea4d82c31a74ef44270b717585a71e4056b70c4464bc5efb0ee9589a0",
      "executable": false
    },
    {
      "path": "node_modules/ethers/src.ts/wallet/hdwallet.ts",
      "bytes": 20267,
      "sha256": "16d2f0edfca9540fd9e3793ebccae8628bfd422478f2c8f21ce444f8b6cdfb71",
      "executable": false
    },
    {
      "path": "node_modules/ethers/src.ts/wallet/index.ts",
      "bytes": 1347,
      "sha256": "6fa58fe87a39349ea2085afca3a0b00be28baaf6e5e6fd1dea568d9e7f884896",
      "executable": false
    },
    {
      "path": "node_modules/ethers/src.ts/wallet/json-crowdsale.ts",
      "bytes": 2283,
      "sha256": "cddf9bfbe1aeb75e394d3023bd14529e7c63860d24ecc3ba0ebb31ac0e78683f",
      "executable": false
    },
    {
      "path": "node_modules/ethers/src.ts/wallet/json-keystore.ts",
      "bytes": 14389,
      "sha256": "14fb4c34519fadb8e00c0f24cd860a65175226c071add73f2819af60a8caffad",
      "executable": false
    },
    {
      "path": "node_modules/ethers/src.ts/wallet/mnemonic.ts",
      "bytes": 6805,
      "sha256": "acbccb31d9d9678edec623909ae9226c27a0602293167f4e0196eb9aacafdcac",
      "executable": false
    },
    {
      "path": "node_modules/ethers/src.ts/wallet/utils.ts",
      "bytes": 4108,
      "sha256": "6e0a058598687f9710408df72040da5f089b37ebf88bd12eeacd1b02cf7ffce2",
      "executable": false
    },
    {
      "path": "node_modules/ethers/src.ts/wallet/wallet.ts",
      "bytes": 6209,
      "sha256": "64c4bd6eabc23912d2a59bb72e312f1e4279a1d81993fc6ba4d4e36d6e2650fe",
      "executable": false
    },
    {
      "path": "node_modules/ethers/src.ts/wordlists/bit-reader.ts",
      "bytes": 1015,
      "sha256": "de0adf8f17f08566bef6551c1151c31f08a8cc021941762b8233c348a88ea216",
      "executable": false
    },
    {
      "path": "node_modules/ethers/src.ts/wordlists/decode-owl.ts",
      "bytes": 1706,
      "sha256": "1d4dfa818e8321eca0e5318093b45011ed72d3b733f47e5e6c9a0d1fb01afd54",
      "executable": false
    },
    {
      "path": "node_modules/ethers/src.ts/wordlists/decode-owla.ts",
      "bytes": 1055,
      "sha256": "06795a8c2592cc27b3cca59a463c2673708ef428ac658779f3ea258ed4536b92",
      "executable": false
    },
    {
      "path": "node_modules/ethers/src.ts/wordlists/generation/encode-latin.ts",
      "bytes": 12237,
      "sha256": "ae10babeaa9a236add6ad89d29b6ab37adcda8fe6a1a8e951155d5987313a51a",
      "executable": false
    },
    {
      "path": "node_modules/ethers/src.ts/wordlists/index.ts",
      "bytes": 1010,
      "sha256": "731b3f2b3bbae5179ba1c6658d2c3440118c44ec23120c9be626a678a9c75367",
      "executable": false
    },
    {
      "path": "node_modules/ethers/src.ts/wordlists/lang-cz.ts",
      "bytes": 7987,
      "sha256": "38d0fc970f3e7742efbbc61b055cded7d69b8fde022b6b4d006381a50cff51d3",
      "executable": false
    },
    {
      "path": "node_modules/ethers/src.ts/wordlists/lang-en.ts",
      "bytes": 6866,
      "sha256": "403a827870a4cdef07a0b566f62e772a4d7a937562e64698d0ff7259f6565f28",
      "executable": false
    },
    {
      "path": "node_modules/ethers/src.ts/wordlists/lang-es.ts",
      "bytes": 7131,
      "sha256": "5c230c2ad033b54a4d41da8e56cc7c19a344ec76c258e329a5a1473ba33ddab0",
      "executable": false
    },
    {
      "path": "node_modules/ethers/src.ts/wordlists/lang-fr.ts",
      "bytes": 8881,
      "sha256": "aafd0c979acf9b5256c7c75ab09235896b8fc3a40915a101bf07256786fe366d",
      "executable": false
    },
    {
      "path": "node_modules/ethers/src.ts/wordlists/lang-it.ts",
      "bytes": 8517,
      "sha256": "30a3c9afa7b2a97b286ae49c71be56bc6052719a4d71a62ca91602c4ed123a8e",
      "executable": false
    },
    {
      "path": "node_modules/ethers/src.ts/wordlists/lang-ja.ts",
      "bytes": 12986,
      "sha256": "a081149423349cb436ff06a23f7e0702681522ee85a16f4fcff2c44ce61e4128",
      "executable": false
    },
    {
      "path": "node_modules/ethers/src.ts/wordlists/lang-ko.ts",
      "bytes": 14440,
      "sha256": "35fbec9fcdfe15145eaa0980c868b960f3c568ed198d4028cbc113ec24e8d8e4",
      "executable": false
    },
    {
      "path": "node_modules/ethers/src.ts/wordlists/lang-pt.ts",
      "bytes": 8357,
      "sha256": "21cf14378300655859f18e09f5f19e164a456ba1c369602ce4d0116ead05abcf",
      "executable": false
    },
    {
      "path": "node_modules/ethers/src.ts/wordlists/lang-zh.ts",
      "bytes": 11036,
      "sha256": "30149426ae5818ebcca73b0000d1c76574c2767a5a2a7711e8fc10cf06d357c2",
      "executable": false
    },
    {
      "path": "node_modules/ethers/src.ts/wordlists/wordlist-owl.ts",
      "bytes": 2258,
      "sha256": "69b84f312e683d6442a96b8be084e4812bda6111586914e631cfd71dcd95ac46",
      "executable": false
    },
    {
      "path": "node_modules/ethers/src.ts/wordlists/wordlist-owla.ts",
      "bytes": 1152,
      "sha256": "be1fccfea53691911c9474d7e1ac15f0360355bd8e8095c9cceb5043b5f19481",
      "executable": false
    },
    {
      "path": "node_modules/ethers/src.ts/wordlists/wordlist.ts",
      "bytes": 1822,
      "sha256": "1fcf00ef5f2fcaa024b345ea2bbe5af7e4446d4a76aa4cd74a3299f1123e42c2",
      "executable": false
    },
    {
      "path": "node_modules/ethers/src.ts/wordlists/wordlists-browser.ts",
      "bytes": 170,
      "sha256": "ffe5b850ba12b2bff7d00da5891570e6f42d0f9bce7435351bae69977e4b40cc",
      "executable": false
    },
    {
      "path": "node_modules/ethers/src.ts/wordlists/wordlists-extra.ts",
      "bytes": 313,
      "sha256": "6d8e823f74a835555d379b401cafcf8857cc204b246d71cc96324a1d008ea186",
      "executable": false
    },
    {
      "path": "node_modules/ethers/src.ts/wordlists/wordlists.ts",
      "bytes": 1235,
      "sha256": "4772d7e3d1b652826b94121e0bd65ebb8b5776dc8e48cceb8675fddfb306731c",
      "executable": false
    },
    {
      "path": "node_modules/fake-indexeddb/auto.d.ts",
      "bytes": 38,
      "sha256": "1e75fcf97bdaa08cda7f54196ac97f4cee497af18ef723e6c2a48a39a670ce47",
      "executable": false
    },
    {
      "path": "node_modules/fake-indexeddb/auto/index.js",
      "bytes": 2450,
      "sha256": "321dba5515db66c56b9b634d1e48100a8c835187d9849492183db3e4e3e1274b",
      "executable": false
    },
    {
      "path": "node_modules/fake-indexeddb/auto/index.mjs",
      "bytes": 2385,
      "sha256": "484e2c85b3cafb240317590feab968990dfdbd1257af74f8080031361bf5477a",
      "executable": false
    },
    {
      "path": "node_modules/fake-indexeddb/auto/package.json",
      "bytes": 27,
      "sha256": "3d04369a44dc75f6a70dfc51080beb357eb39b395a2db0b6557ce8b9900ceec4",
      "executable": false
    },
    {
      "path": "node_modules/fake-indexeddb/build/cjs/fakeIndexedDB.js",
      "bytes": 392,
      "sha256": "afeb38084602fe187245add39511865de130f381f8b9c9574e100d170b46afa0",
      "executable": false
    },
    {
      "path": "node_modules/fake-indexeddb/build/cjs/FDBCursor.js",
      "bytes": 16789,
      "sha256": "c45d40aefda4c27d4ee90c52216cc333d8ccf81cc6dc1cf3f5d98a0642a22332",
      "executable": false
    },
    {
      "path": "node_modules/fake-indexeddb/build/cjs/FDBCursorWithValue.js",
      "bytes": 592,
      "sha256": "03f34178ac81e1ac64ff6368fc716a1c5eca2e6a34cab2f25dc275036f67779b",
      "executable": false
    },
    {
      "path": "node_modules/fake-indexeddb/build/cjs/FDBDatabase.js",
      "bytes": 7819,
      "sha256": "4650978e151fa59fd8d2caef72aaf553988a0c5f29d9eb8cf20310af854a77e2",
      "executable": false
    },
    {
      "path": "node_modules/fake-indexeddb/build/cjs/FDBFactory.js",
      "bytes": 16543,
      "sha256": "af4e85e266e4ea41cc604fe35f56e68699a3e562cf74cb3286b6dcb1f4ee9280",
      "executable": false
    },
    {
      "path": "node_modules/fake-indexeddb/build/cjs/FDBIndex.js",
      "bytes": 8504,
      "sha256": "4bf18e1f8ae4b65e561d43de1ad69fc1a16d98f4a7f0706b601d2e46ecb93ca4",
      "executable": false
    },
    {
      "path": "node_modules/fake-indexeddb/build/cjs/FDBKeyRange.js",
      "bytes": 2476,
      "sha256": "b3c26346546b29d7e1c3f0d371f2831d4bfd4de7ee4a0a1d95b397220d465524",
      "executable": false
    },
    {
      "path": "node_modules/fake-indexeddb/build/cjs/FDBObjectStore.js",
      "bytes": 16141,
      "sha256": "b356c6d741681946a59cf72917e6fdf958e8eddcf26404cb2d84b33d5ffe9576",
      "executable": false
    },
    {
      "path": "node_modules/fake-indexeddb/build/cjs/FDBOpenDBRequest.js",
      "bytes": 513,
      "sha256": "51f64560e5519b24f29c41f6d244d8f893ec6deb2c4f01f2c425607bdc26ad69",
      "executable": false
    },
    {
      "path": "node_modules/fake-indexeddb/build/cjs/FDBRecord.js",
      "bytes": 651,
      "sha256": "adc567ceeb07b43cdd1b3f7a04d056efc93bbb516736ab29dd8a5eca94f00047",
      "executable": false
    },
    {
      "path": "node_modules/fake-indexeddb/build/cjs/FDBRequest.js",
      "bytes": 1024,
      "sha256": "2405130edd85a1e2e097d052c43fec4fce474f03767fe9d0a610d981be907508",
      "executable": false
    },
    {
      "path": "node_modules/fake-indexeddb/build/cjs/FDBTransaction.js",
      "bytes": 9391,
      "sha256": "7e7175a4bcbc17f79429210c2fa5c2df674bc9357988bb889732b8707bef11f2",
      "executable": false
    },
    {
      "path": "node_modules/fake-indexeddb/build/cjs/FDBVersionChangeEvent.js",
      "bytes": 720,
      "sha256": "498338a3be2f885df9e3d672c6d779d4075e614219a8d32689bc31471c6ba16d",
      "executable": false
    },
    {
      "path": "node_modules/fake-indexeddb/build/cjs/forceCloseDatabase.js",
      "bytes": 1039,
      "sha256": "a08cf545e6907e516aa995bdbf8329df6f67e9efac15afa7e0e44545ef8c9b88",
      "executable": false
    },
    {
      "path": "node_modules/fake-indexeddb/build/cjs/index.js",
      "bytes": 3184,
      "sha256": "aaac0829db0a75ce45760c4b5b8681248b199c98dbc348bf7e19789b42ee9377",
      "executable": false
    },
    {
      "path": "node_modules/fake-indexeddb/build/cjs/lib/binarySearchTree.js",
      "bytes": 10312,
      "sha256": "65d5b78adfe4f4bff983f888fd8c3721aebf68d6b77ca474039a22750da59a2a",
      "executable": false
    },
    {
      "path": "node_modules/fake-indexeddb/build/cjs/lib/canInjectKey.js",
      "bytes": 1044,
      "sha256": "088860c6067ab043522accd8581b2569a25e333cef08b0adbf4d662891472c0f",
      "executable": false
    },
    {
      "path": "node_modules/fake-indexeddb/build/cjs/lib/cloneValueForInsertion.js",
      "bytes": 1192,
      "sha256": "0446484e6dfee793e6d3541cd02d4fac27ed18da07aa5d6feb000273cc3d4203",
      "executable": false
    },
    {
      "path": "node_modules/fake-indexeddb/build/cjs/lib/closeConnection.js",
      "bytes": 1234,
      "sha256": "1d12d06e3542cfcf86070c672fe0c45ac25d83802b328b99cadbafcf919dae34",
      "executable": false
    },
    {
      "path": "node_modules/fake-indexeddb/build/cjs/lib/cmp.js",
      "bytes": 2066,
      "sha256": "28ab6885d1d495f3a3542bf46d204bd81c61958f27b1fcad104036178b4b62ee",
      "executable": false
    },
    {
      "path": "node_modules/fake-indexeddb/build/cjs/lib/Database.js",
      "bytes": 2452,
      "sha256": "9ead5303d7ef6382e4db632b01b0bb8e1f5aaf146e4a216d388848b7de35902a",
      "executable": false
    },
    {
      "path": "node_modules/fake-indexeddb/build/cjs/lib/enforceRange.js",
      "bytes": 493,
      "sha256": "66bcd7c5c2caba331ed7fb8a4c553481d2d9a5877ee57924a35f01ef89f6d171",
      "executable": false
    },
    {
      "path": "node_modules/fake-indexeddb/build/cjs/lib/errors.js",
      "bytes": 4334,
      "sha256": "ef689beb82ccb161f35369cc7da2fa558d69a3a372ededd684222d44130977d8",
      "executable": false
    },
    {
      "path": "node_modules/fake-indexeddb/build/cjs/lib/extractGetAllOptions.js",
      "bytes": 1443,
      "sha256": "6ae95572e80b5945eef6db8e6e472eedef246ae38c052d551a990fda2be02b94",
      "executable": false
    },
    {
      "path": "node_modules/fake-indexeddb/build/cjs/lib/extractKey.js",
      "bytes": 2183,
      "sha256": "2598dc6b145a8f33aa2152c654fa62e016f2fa3b2427f08c10002c1e3d546e43",
      "executable": false
    },
    {
      "path": "node_modules/fake-indexeddb/build/cjs/lib/FakeDOMStringList.js",
      "bytes": 1158,
      "sha256": "60ad989dae1a14b8d45885402e6eb6daccb13a05f353627d409ff5dd72b2e7b4",
      "executable": false
    },
    {
      "path": "node_modules/fake-indexeddb/build/cjs/lib/FakeEvent.js",
      "bytes": 1083,
      "sha256": "03234f9506474bbab67f9226f5deeeb8d26483ea99cbf845217ef2299fb00f71",
      "executable": false
    },
    {
      "path": "node_modules/fake-indexeddb/build/cjs/lib/FakeEventTarget.js",
      "bytes": 3953,
      "sha256": "c2a6dd6c0129595ed54a84329249b79b651c875e72874ea96ce0ca06a53f0c62",
      "executable": false
    },
    {
      "path": "node_modules/fake-indexeddb/build/cjs/lib/getKeyPath.js",
      "bytes": 656,
      "sha256": "7865a6e5df3369d77865d1cd86d3735110cbd5d4a7cb7f25160b1e93e85d969c",
      "executable": false
    },
    {
      "path": "node_modules/fake-indexeddb/build/cjs/lib/Index.js",
      "bytes": 5718,
      "sha256": "6aa58d8711528191fa5fb50e6496bb07695f8b4f9f4cf48a10d83a928c8dd2a2",
      "executable": false
    },
    {
      "path": "node_modules/fake-indexeddb/build/cjs/lib/intersection.js",
      "bytes": 506,
      "sha256": "8a9dfbb668fe82ff1cd527202c205a1dc6a4686075619b62e4d4a5aa4b3cf0ab",
      "executable": false
    },
    {
      "path": "node_modules/fake-indexeddb/build/cjs/lib/isPotentiallyValidKeyRange.js",
      "bytes": 1563,
      "sha256": "a548f1ded583f6863d5f065579b60cba4467806bea1b30a5e5bb0b1e60a5f0e0",
      "executable": false
    },
    {
      "path": "node_modules/fake-indexeddb/build/cjs/lib/isSharedArrayBuffer.js",
      "bytes": 281,
      "sha256": "d8aa00b85160ca44d8b2f41bc3f8de24d7a802c38311b32c1dc90d7ba97f8c0c",
      "executable": false
    },
    {
      "path": "node_modules/fake-indexeddb/build/cjs/lib/KeyGenerator.js",
      "bytes": 733,
      "sha256": "0d51771a6a4bbc375e7c0561aada483eb78b63c7b9c0d682b45f851d237855d1",
      "executable": false
    },
    {
      "path": "node_modules/fake-indexeddb/build/cjs/lib/ObjectStore.js",
      "bytes": 8553,
      "sha256": "4868c9a6f64900c16bb59e4358b34964601819a698b733c6f2c00ce533a336bd",
      "executable": false
    },
    {
      "path": "node_modules/fake-indexeddb/build/cjs/lib/RecordStore.js",
      "bytes": 4085,
      "sha256": "df04c3b4025792aaff0441b4cd8d1fdcabfc6b401ba39346f50294f0170e96db",
      "executable": false
    },
    {
      "path": "node_modules/fake-indexeddb/build/cjs/lib/scheduling.js",
      "bytes": 2233,
      "sha256": "4b85bfcf70bfc2e04f4177c4dd507ec10205ad01a715dceecfa46cd1b52c665a",
      "executable": false
    },
    {
      "path": "node_modules/fake-indexeddb/build/cjs/lib/types.js",
      "bytes": 13,
      "sha256": "5ecf2f4d83e6260dabd6ec48e76d8ddebccf956563f34072221bf960d3b8c255",
      "executable": false
    },
    {
      "path": "node_modules/fake-indexeddb/build/cjs/lib/validateKeyPath.js",
      "bytes": 11267,
      "sha256": "08a243c85891818ecd0777dc633c928425e82a64c14bb97b08f6f4872df0ad55",
      "executable": false
    },
    {
      "path": "node_modules/fake-indexeddb/build/cjs/lib/validateRequiredArguments.js",
      "bytes": 620,
      "sha256": "e94c6f6ba78bf279f20e9777e9db31b004acc4f4ca546bed33f091352bdd2036",
      "executable": false
    },
    {
      "path": "node_modules/fake-indexeddb/build/cjs/lib/valueToKey.js",
      "bytes": 1481,
      "sha256": "89468aa610107f95fc0fab93cba4872d4604e68806de88d852ce60714edf8bd6",
      "executable": false
    },
    {
      "path": "node_modules/fake-indexeddb/build/cjs/lib/valueToKeyRange.js",
      "bytes": 944,
      "sha256": "2e3fbae6d925d3e266c4d381c2b5eea7548a89e0c017e290b6ef0965ea92c10f",
      "executable": false
    },
    {
      "path": "node_modules/fake-indexeddb/build/cjs/lib/valueToKeyWithoutThrowing.js",
      "bytes": 4222,
      "sha256": "788c67a9057f4136dd3b420e9d7762f4d64b11ba106c34a03b687cf0d2341f05",
      "executable": false
    },
    {
      "path": "node_modules/fake-indexeddb/build/cjs/package.json",
      "bytes": 20,
      "sha256": "dbf8353f77358bc12169b7bb7301e1978d5b503e002ee927229a8993672818fc",
      "executable": false
    },
    {
      "path": "node_modules/fake-indexeddb/build/esm/fakeIndexedDB.js",
      "bytes": 111,
      "sha256": "d5e976278c38b011fd4264152b55b3a86cee0bcfaa10edc41e57c3a4f9b7e6ba",
      "executable": false
    },
    {
      "path": "node_modules/fake-indexeddb/build/esm/FDBCursor.js",
      "bytes": 15824,
      "sha256": "525914ffc7a506c1f6343325fe45ab2cec35a89dd0b2804eb710c4236d49275d",
      "executable": false
    },
    {
      "path": "node_modules/fake-indexeddb/build/esm/FDBCursorWithValue.js",
      "bytes": 311,
      "sha256": "df0387f379445153120e3e7e87ef01f463984d91890b2f9e68827911c5f38dc8",
      "executable": false
    },
    {
      "path": "node_modules/fake-indexeddb/build/esm/FDBDatabase.js",
      "bytes": 7297,
      "sha256": "4ace3585a0df384db8ba5319c88230bbe357a630c4af0750a8cdef00330fecfd",
      "executable": false
    },
    {
      "path": "node_modules/fake-indexeddb/build/esm/FDBFactory.js",
      "bytes": 15634,
      "sha256": "0b931d22ca105d25270bb99e8198900de4b67f48f8bdc2dbb20baffcb777b8c7",
      "executable": false
    },
    {
      "path": "node_modules/fake-indexeddb/build/esm/FDBIndex.js",
      "bytes": 7709,
      "sha256": "9090153289181c0f34071e47a2e8a14a95694a6c1244dfc3ccbc8b72758314ce",
      "executable": false
    },
    {
      "path": "node_modules/fake-indexeddb/build/esm/FDBKeyRange.js",
      "bytes": 2045,
      "sha256": "d0560ebcefad8c0e220bb7146940d5d7f42932fe946e7e72a2cff8d7b07bc8f3",
      "executable": false
    },
    {
      "path": "node_modules/fake-indexeddb/build/esm/FDBObjectStore.js",
      "bytes": 14977,
      "sha256": "0c7a13359542f5e7abfcd6d1f548b93c189f979d7f45835dde69cce862f43b02",
      "executable": false
    },
    {
      "path": "node_modules/fake-indexeddb/build/esm/FDBOpenDBRequest.js",
      "bytes": 232,
      "sha256": "08de83ff7455795bfa17b4ff6811d6adf926aa2235c743a0890e27d1d6928b3e",
      "executable": false
    },
    {
      "path": "node_modules/fake-indexeddb/build/esm/FDBRecord.js",
      "bytes": 493,
      "sha256": "f311f89d9252f0fdbaf5c5d1ed4e6fb9e24db0b719e21256662eccad144f896c",
      "executable": false
    },
    {
      "path": "node_modules/fake-indexeddb/build/esm/FDBRequest.js",
      "bytes": 738,
      "sha256": "4d87b9c1971258c20e07261ded65bfc82962181bda5f3dcb9f32e935062f9c96",
      "executable": false
    },
    {
      "path": "node_modules/fake-indexeddb/build/esm/FDBTransaction.js",
      "bytes": 8881,
      "sha256": "0f1eab0fd7246b67c8cf84cc8df2d733b9288d11457a814c5456ebd763529fd2",
      "executable": false
    },
    {
      "path": "node_modules/fake-indexeddb/build/esm/FDBVersionChangeEvent.js",
      "bytes": 439,
      "sha256": "3ef84fd543dd0fb14d478a9ac9b6f3a932e08e907081584fbb39d19410ddaaa2",
      "executable": false
    },
    {
      "path": "node_modules/fake-indexeddb/build/esm/forceCloseDatabase.js",
      "bytes": 774,
      "sha256": "be73dfaa8eda15064dbba36dfbc15f6948fa61ddbf85852f50894aec44ddbd13",
      "executable": false
    },
    {
      "path": "node_modules/fake-indexeddb/build/esm/index.js",
      "bytes": 935,
      "sha256": "45791e33b9247a10f52e8aecb3358adef073505ea0abf3368e2dd1367b1df651",
      "executable": false
    },
    {
      "path": "node_modules/fake-indexeddb/build/esm/lib/binarySearchTree.js",
      "bytes": 9945,
      "sha256": "a1f5fdef0842c338e0636ed8f7db994e39581c18276c27871cf183a8eb72b142",
      "executable": false
    },
    {
      "path": "node_modules/fake-indexeddb/build/esm/lib/canInjectKey.js",
      "bytes": 886,
      "sha256": "4f5edc82747f9fefe5adfda9409c7a9d23c91d1289132378eee14ebd2873d08e",
      "executable": false
    },
    {
      "path": "node_modules/fake-indexeddb/build/esm/lib/cloneValueForInsertion.js",
      "bytes": 1062,
      "sha256": "48db0f9802a0310599a795c8911517efb8dc634638b04ed20da53f5ad1d43f19",
      "executable": false
    },
    {
      "path": "node_modules/fake-indexeddb/build/esm/lib/closeConnection.js",
      "bytes": 935,
      "sha256": "3980e6cc75d681e332e8884e205629b99ca79c88b0ae7ec2374056d127eba70e",
      "executable": false
    },
    {
      "path": "node_modules/fake-indexeddb/build/esm/lib/cmp.js",
      "bytes": 1761,
      "sha256": "bed134465533a67c32385d513bb0eb53cd3f0c345a810f03acec76f9a9d2cd38",
      "executable": false
    },
    {
      "path": "node_modules/fake-indexeddb/build/esm/lib/Database.js",
      "bytes": 2238,
      "sha256": "0211ed0b35daea3fcaaec6cfce37e3e467ed77d9c51fbf1e8c3a1274c97a2ac5",
      "executable": false
    },
    {
      "path": "node_modules/fake-indexeddb/build/esm/lib/enforceRange.js",
      "bytes": 335,
      "sha256": "dd4b01502533d5355f6fd8e347ad57ac21862b82d7fa8cef4f262b3a28dcac2d",
      "executable": false
    },
    {
      "path": "node_modules/fake-indexeddb/build/esm/lib/errors.js",
      "bytes": 3591,
      "sha256": "1e388f274166cdda947d59e711dc530528da07fce2805258867dc1935ea37969",
      "executable": false
    },
    {
      "path": "node_modules/fake-indexeddb/build/esm/lib/extractGetAllOptions.js",
      "bytes": 1101,
      "sha256": "e79524b8a783907f4654e039fb98afcb2de43dafee1fdcc0ebe2355cba1c31f7",
      "executable": false
    },
    {
      "path": "node_modules/fake-indexeddb/build/esm/lib/extractKey.js",
      "bytes": 1897,
      "sha256": "0e49ff5cc3d9dd24aa23cbdf31a8538835e4ac919f15e9ff64e0620b4893deff",
      "executable": false
    },
    {
      "path": "node_modules/fake-indexeddb/build/esm/lib/FakeDOMStringList.js",
      "bytes": 1000,
      "sha256": "21227f286a754746088dfa7a099f2899183baacc1b4aa629054e66ace8d53aef",
      "executable": false
    },
    {
      "path": "node_modules/fake-indexeddb/build/esm/lib/FakeEvent.js",
      "bytes": 925,
      "sha256": "532189b1e822d267cd90720dda2b545ad7bb6f7f9ba84aa2ea9bc5c3681f0f4b",
      "executable": false
    },
    {
      "path": "node_modules/fake-indexeddb/build/esm/lib/FakeEventTarget.js",
      "bytes": 3798,
      "sha256": "2e331238c3d95b49077745f98084bcb1d0c66dd5b6591dc1563e6a9ea5637e4c",
      "executable": false
    },
    {
      "path": "node_modules/fake-indexeddb/build/esm/lib/getKeyPath.js",
      "bytes": 550,
      "sha256": "6a08ea6a49ca4f39ff8040b06bd07f9d67fe6dab8249491370d4a2ae99cf46ef",
      "executable": false
    },
    {
      "path": "node_modules/fake-indexeddb/build/esm/lib/Index.js",
      "bytes": 5295,
      "sha256": "639bf36888401763b619b1f82816211eddb005061ccb9498b946d67d93be87f9",
      "executable": false
    },
    {
      "path": "node_modules/fake-indexeddb/build/esm/lib/intersection.js",
      "bytes": 396,
      "sha256": "f9751ee9da6f0e9510a90c868b53be4a4c828fa3f97c13486cee1ff64ffbc650",
      "executable": false
    },
    {
      "path": "node_modules/fake-indexeddb/build/esm/lib/isPotentiallyValidKeyRange.js",
      "bytes": 616,
      "sha256": "71a3be7b6c73c6a8a77384dc560d47ff55454c9a48dd6b577e60f1382fc91e02",
      "executable": false
    },
    {
      "path": "node_modules/fake-indexeddb/build/esm/lib/isSharedArrayBuffer.js",
      "bytes": 143,
      "sha256": "2905b2c5472cc389c3bcb2a2ecd9f2f1694d522277c377fe83e730a6a6d1eb8a",
      "executable": false
    },
    {
      "path": "node_modules/fake-indexeddb/build/esm/lib/KeyGenerator.js",
      "bytes": 576,
      "sha256": "d3784ea3d14fab523d670235886d600383c047c5106a89a90e5e308c6aac1e3d",
      "executable": false
    },
    {
      "path": "node_modules/fake-indexeddb/build/esm/lib/ObjectStore.js",
      "bytes": 8151,
      "sha256": "703e0ef89c9650fd600051233d8f4e9f829efe77c39ead93fadba2726db18300",
      "executable": false
    },
    {
      "path": "node_modules/fake-indexeddb/build/esm/lib/RecordStore.js",
      "bytes": 3657,
      "sha256": "301d0f824ea68ab593cf9b8bce4e86c3569c0785622225a99710ec8a12d65202",
      "executable": false
    },
    {
      "path": "node_modules/fake-indexeddb/build/esm/lib/scheduling.js",
      "bytes": 2101,
      "sha256": "ccec4db00f46f5fdc1c3d20c01c0e2be57ddf4eb2546acfc5785f12b857f8bfa",
      "executable": false
    },
    {
      "path": "node_modules/fake-indexeddb/build/esm/lib/types.js",
      "bytes": 10,
      "sha256": "2e29cd9a98755c46896f7a2d56524db2d6d96b248e36db46de14c30bf47c8d05",
      "executable": false
    },
    {
      "path": "node_modules/fake-indexeddb/build/esm/lib/validateKeyPath.js",
      "bytes": 11082,
      "sha256": "fc27ce74444a2693e8b259b1abca4411542c33544b92a350f6694abeba5bd5c1",
      "executable": false
    },
    {
      "path": "node_modules/fake-indexeddb/build/esm/lib/validateRequiredArguments.js",
      "bytes": 484,
      "sha256": "8e7edeaf1b27b3afd79413e396f2163213605cbae87d0f8ebf6f0a1683795e7b",
      "executable": false
    },
    {
      "path": "node_modules/fake-indexeddb/build/esm/lib/valueToKey.js",
      "bytes": 639,
      "sha256": "b1b14fe186f2129d5ce812ab8f91bbcf2b336f2a89cff9bf764047ac02997222",
      "executable": false
    },
    {
      "path": "node_modules/fake-indexeddb/build/esm/lib/valueToKeyRange.js",
      "bytes": 599,
      "sha256": "e8ba602f7a0fdd98a21106ef82361d7618dbf9dbe453ff07303986af4e134285",
      "executable": false
    },
    {
      "path": "node_modules/fake-indexeddb/build/esm/lib/valueToKeyWithoutThrowing.js",
      "bytes": 3876,
      "sha256": "672e630cade58dce5bf35e1a1bd08492698d0a1038131392f4a073027c9813a9",
      "executable": false
    },
    {
      "path": "node_modules/fake-indexeddb/lib/fakeIndexedDB.d.ts",
      "bytes": 77,
      "sha256": "47deee36bdcac968f68630f6123dcd4c9df95ed997c51a460e854cf77d811423",
      "executable": false
    },
    {
      "path": "node_modules/fake-indexeddb/lib/FDBCursor.d.ts",
      "bytes": 69,
      "sha256": "0e29deb00c6e4a5ebb0b01bdbd828ef1037b4d9f5a8919df22bbe0bfdc309ad3",
      "executable": false
    },
    {
      "path": "node_modules/fake-indexeddb/lib/FDBCursor.js",
      "bytes": 52,
      "sha256": "a268ca16e1144bda6f107baa490a139cc08578bb9c9b2d5d779db5a3f07cccc4",
      "executable": false
    },
    {
      "path": "node_modules/fake-indexeddb/lib/FDBCursorWithValue.d.ts",
      "bytes": 96,
      "sha256": "699b18e0868fa4235842949db9b528abd8e9abef824700d96f5c568d08646b6d",
      "executable": false
    },
    {
      "path": "node_modules/fake-indexeddb/lib/FDBCursorWithValue.js",
      "bytes": 61,
      "sha256": "c6ae10cacef8057e5f1afd4f20afe0e96495f1fe0d8831d73fcb437cec56e53c",
      "executable": false
    },
    {
      "path": "node_modules/fake-indexeddb/lib/FDBDatabase.d.ts",
      "bytes": 75,
      "sha256": "a72059c97869633d59e4d94ed0514470c0352a9b5dd84e631d5f605453a6fb6e",
      "executable": false
    },
    {
      "path": "node_modules/fake-indexeddb/lib/FDBDatabase.js",
      "bytes": 54,
      "sha256": "8ad7d4123e0c0c4ec4138ee056b7108a6bbddf2bd287121137c52e7c182b6d1c",
      "executable": false
    },
    {
      "path": "node_modules/fake-indexeddb/lib/FDBFactory.d.ts",
      "bytes": 72,
      "sha256": "31af781829951a769ba18af6e879f72028d9dbe0835b27e351dce4eea23e0384",
      "executable": false
    },
    {
      "path": "node_modules/fake-indexeddb/lib/FDBFactory.js",
      "bytes": 53,
      "sha256": "dd9081f586dfc74c0e6b5adc6b91f6b8231968311fd533bf16f53ed3bd6e8ac0",
      "executable": false
    },
    {
      "path": "node_modules/fake-indexeddb/lib/FDBIndex.d.ts",
      "bytes": 66,
      "sha256": "e73db5b0ff5057acf9df683f9c0a27e8fa8e86679bc4fe5ce2bb20bb424436e3",
      "executable": false
    },
    {
      "path": "node_modules/fake-indexeddb/lib/FDBIndex.js",
      "bytes": 51,
      "sha256": "254d1209de1d98005f0e93e7faacf6ba4a5eef56909516232d65d33509c286f7",
      "executable": false
    },
    {
      "path": "node_modules/fake-indexeddb/lib/FDBKeyRange.d.ts",
      "bytes": 75,
      "sha256": "a345de9c9967d9790f6e8d98917fddaf7edf3a5089cd89752c627737d5c01b5e",
      "executable": false
    },
    {
      "path": "node_modules/fake-indexeddb/lib/FDBKeyRange.js",
      "bytes": 54,
      "sha256": "41dd2934adbbf061b586523ee5efe86b9c7b972bc086cd2e7251da3b065459d7",
      "executable": false
    },
    {
      "path": "node_modules/fake-indexeddb/lib/FDBObjectStore.d.ts",
      "bytes": 84,
      "sha256": "3e369b91b84f635e574707b0bc01ce7167b9841c96285cfcc705808eff0de325",
      "executable": false
    },
    {
      "path": "node_modules/fake-indexeddb/lib/FDBObjectStore.js",
      "bytes": 57,
      "sha256": "027f2c26de09a028087977fd3123cab59c86f0e56c1335b5c2781fbce2b0f048",
      "executable": false
    },
    {
      "path": "node_modules/fake-indexeddb/lib/FDBOpenDBRequest.d.ts",
      "bytes": 90,
      "sha256": "5e2fda2befab9f97424bf82b96d49050b63e1e3230dd5774807c7b7489daffe2",
      "executable": false
    },
    {
      "path": "node_modules/fake-indexeddb/lib/FDBOpenDBRequest.js",
      "bytes": 59,
      "sha256": "67fe428c5875a0d3ebb11f59f702475e768c5b27ab987c00677a7ed0fb3b35a6",
      "executable": false
    },
    {
      "path": "node_modules/fake-indexeddb/lib/FDBRequest.d.ts",
      "bytes": 72,
      "sha256": "b676afbeeeb50807b5c74f280fee1a94460429f285a7ffeafb04617d58e22021",
      "executable": false
    },
    {
      "path": "node_modules/fake-indexeddb/lib/FDBRequest.js",
      "bytes": 53,
      "sha256": "ad1ee6e7eba9ba445a886cdf4e86c9f97a33fa02581c3c8f9c56671c77a5b495",
      "executable": false
    },
    {
      "path": "node_modules/fake-indexeddb/lib/FDBTransaction.d.ts",
      "bytes": 84,
      "sha256": "199a92dc3646f173fbc60c88c8c931973b2c563189268fade18a11130e87d90e",
      "executable": false
    },
    {
      "path": "node_modules/fake-indexeddb/lib/FDBTransaction.js",
      "bytes": 57,
      "sha256": "8b88158d8956d96a0d431eff5bfba9376d72f9fd9a061a52a7fb7d3a80e11340",
      "executable": false
    },
    {
      "path": "node_modules/fake-indexeddb/lib/FDBVersionChangeEvent.d.ts",
      "bytes": 105,
      "sha256": "395e4ee633619539163041a52acf9e616a3f2a22b932e6cd334213fb22c0f6f9",
      "executable": false
    },
    {
      "path": "node_modules/fake-indexeddb/lib/FDBVersionChangeEvent.js",
      "bytes": 64,
      "sha256": "8e990e2e494ba4c3400a34450fa748c23e717241a7e9e98de98402fa697a166a",
      "executable": false
    },
    {
      "path": "node_modules/fake-indexeddb/lib/package.json",
      "bytes": 27,
      "sha256": "3d04369a44dc75f6a70dfc51080beb357eb39b395a2db0b6557ce8b9900ceec4",
      "executable": false
    },
    {
      "path": "node_modules/fake-indexeddb/lib/README.md",
      "bytes": 395,
      "sha256": "48e3fdb697497dfa651ca64a39a59bb014e36c69de6c377b5bd28bed9ac910ee",
      "executable": false
    },
    {
      "path": "node_modules/fake-indexeddb/LICENSE",
      "bytes": 10893,
      "sha256": "0c2e77addd3045b932ae0de86b7cf66aa1eeed4248d4dab37e851f9e5499d85e",
      "executable": false
    },
    {
      "path": "node_modules/fake-indexeddb/package.json",
      "bytes": 5922,
      "sha256": "399966a1e2ed0a9ea31436530f51f5d9c5bea0834e7e502352b9a2ec096e747c",
      "executable": false
    },
    {
      "path": "node_modules/fake-indexeddb/README.md",
      "bytes": 9687,
      "sha256": "4be8f55e75a999776b27e570affa8f2f970fe9689145de6258d6079d08b7c871",
      "executable": false
    },
    {
      "path": "node_modules/fake-indexeddb/types.d.ts",
      "bytes": 1285,
      "sha256": "d401ff419b87e7e103828cf80b558156cd0ac4ec480e3cad91943e5b5bffef5e",
      "executable": false
    },
    {
      "path": "node_modules/ws/browser.js",
      "bytes": 176,
      "sha256": "010da44addea1d88b2b732540c3f1fd0cbcb28926b96623d4c64222e0ead2d0e",
      "executable": false
    },
    {
      "path": "node_modules/ws/index.js",
      "bytes": 796,
      "sha256": "924564d5be26d59b9682c4263f68320e48dde7240bd2d1ad17ec305537429dd2",
      "executable": false
    },
    {
      "path": "node_modules/ws/lib/buffer-util.js",
      "bytes": 3056,
      "sha256": "8b0a45739132f82e25ea13163780abf547ccfe989267f3eb7abb475beec92da3",
      "executable": false
    },
    {
      "path": "node_modules/ws/lib/constants.js",
      "bytes": 503,
      "sha256": "391e823142b8b370e55a2fd32b022deaf03b8415c56000009674ebc86a0b4f86",
      "executable": false
    },
    {
      "path": "node_modules/ws/lib/event-target.js",
      "bytes": 7321,
      "sha256": "c45d3c6e12d170c860c0c3f1a050aa0f864d9806632b609a1e607d675aba128c",
      "executable": false
    },
    {
      "path": "node_modules/ws/lib/extension.js",
      "bytes": 6183,
      "sha256": "852564f0f6b460287043803eae732666fb5610f676874354fc89f06aa4e986ed",
      "executable": false
    },
    {
      "path": "node_modules/ws/lib/limiter.js",
      "bytes": 1034,
      "sha256": "e0469d4b83f6ba764b15f80e1766b75c136fbff68f048f4c050f0b1c7f065f69",
      "executable": false
    },
    {
      "path": "node_modules/ws/lib/permessage-deflate.js",
      "bytes": 14532,
      "sha256": "02c31796f0132a335d4efe7b7adcebadbb69543a1ce65ae04aaccc3530e27ab9",
      "executable": false
    },
    {
      "path": "node_modules/ws/lib/receiver.js",
      "bytes": 17802,
      "sha256": "4879edbf8e48d04d09783cf9c04b5e25f5a448247bb01279438ded2899747220",
      "executable": false
    },
    {
      "path": "node_modules/ws/lib/sender.js",
      "bytes": 16886,
      "sha256": "d0791d30c3defd44dcabbddb879a901c757993fea2c00a7ffea01d53b23b4b77",
      "executable": false
    },
    {
      "path": "node_modules/ws/lib/stream.js",
      "bytes": 4204,
      "sha256": "a56fcb6e2b152097ee820b6f5410b1f71e59819b45d08d9f8bda588fe39070ec",
      "executable": false
    },
    {
      "path": "node_modules/ws/lib/subprotocol.js",
      "bytes": 1498,
      "sha256": "be3f6323d6f549568577dcba9004c1479d95c65a7abb0fe0c582875b9fac0b7c",
      "executable": false
    },
    {
      "path": "node_modules/ws/lib/validation.js",
      "bytes": 3903,
      "sha256": "41ce8e83d0d434132e1704895fedb91f6703a701b42d91c80954ab29b2845593",
      "executable": false
    },
    {
      "path": "node_modules/ws/lib/websocket-server.js",
      "bytes": 17026,
      "sha256": "29029a4d346800c792300df153df2007e9805d9d7b67b0883f9730b64f25b1c8",
      "executable": false
    },
    {
      "path": "node_modules/ws/lib/websocket.js",
      "bytes": 37371,
      "sha256": "48fdb0f54c1f8ce580d3cfa2908fe7d96fe18f06f9d82306950441cb09b5db26",
      "executable": false
    },
    {
      "path": "node_modules/ws/LICENSE",
      "bytes": 1183,
      "sha256": "2b29dcfe0d6471f7e8c92c5fb38c9f93edee10330937055440192f1832b1ecef",
      "executable": false
    },
    {
      "path": "node_modules/ws/package.json",
      "bytes": 1753,
      "sha256": "584ce6e7516587ba249dc910b0c04e2753f6b3f451fc3a5bc324f7735bdacc71",
      "executable": false
    },
    {
      "path": "node_modules/ws/README.md",
      "bytes": 15306,
      "sha256": "bb979132f3cbff08ce47f36d041e18071f8f534d01f591c0b129ba7abf1e480e",
      "executable": false
    },
    {
      "path": "node_modules/ws/wrapper.mjs",
      "bytes": 554,
      "sha256": "fe154662301fd558f935f9c217fccbe7a7dac02ff39e648a000589403ff27c7f",
      "executable": false
    },
    {
      "path": "runtime/bin/node",
      "bytes": 122129232,
      "sha256": "e4b5a3af0e05c75de2eae013904145f40fe7fc2a6e6f17510128bf45cca4e79b",
      "executable": true
    },
    {
      "path": "runtime/recovery-manifest.json",
      "bytes": 26988,
      "sha256": "ff5fb65d0084054feb2e8a8a24dd0053f77c313b970ed836d46bf0991f085830",
      "executable": false
    },
    {
      "path": "scripts/operator-launch.mjs",
      "bytes": 2537,
      "sha256": "caab5d00ea2045aeb208d8bdb780b6718c70e43669d66eeb02014db440ee9c88",
      "executable": false
    },
    {
      "path": "scripts/operator-launch.sh",
      "bytes": 1383,
      "sha256": "baaa1d9910f7811ce296921827253f35ab03c437ca8c11b7fc91cf7d2568cd60",
      "executable": true
    },
    {
      "path": "scripts/toolchain.mjs",
      "bytes": 2204,
      "sha256": "f41c1b80a7dd185a4e65c5efc4645552ed1d6b12c86ad4f2b5b2df5afe2ab407",
      "executable": false
    },
    {
      "path": "shared/cli-simulator.mjs",
      "bytes": 1026,
      "sha256": "e68693d3212ee6722d41285b511ca0c882076f4aa6ba1606428137386d0dd5cb",
      "executable": false
    },
    {
      "path": "shared/crs-client.js",
      "bytes": 7108,
      "sha256": "995ad09fe17c3445d1616e797319626dca12d1b540fb0d90f92a0173b37eb496",
      "executable": false
    },
    {
      "path": "shared/deployment-manifest.mjs",
      "bytes": 6051,
      "sha256": "b546a77ca86585d96ade5a61dee18ee36d587810faae8b2185f7de64675db111",
      "executable": false
    },
    {
      "path": "shared/helpers.js",
      "bytes": 13574,
      "sha256": "de9a7dc9db704d95f896c7899805be149ad049d8b8ab1bb1bef915b126021321",
      "executable": false
    },
    {
      "path": "shared/moderation-policy.js",
      "bytes": 3525,
      "sha256": "aa14713ca8dece25fbbb582ec219b33920da98e74b15de53f4a2f7a815f6429d",
      "executable": false
    },
    {
      "path": "shared/portal-runtime.json",
      "bytes": 27543,
      "sha256": "3ae3acf30407bce72bb7978ee4c27b51f04ae13d953c2098549145d3a86feb7d",
      "executable": false
    },
    {
      "path": "shared/portal-runtime.mjs",
      "bytes": 2220,
      "sha256": "7fb6c193535226b0eeb98c0b5790a5dce0dab8674086ac4533114089b7fd546b",
      "executable": false
    },
    {
      "path": "shared/protocol-commitments.mjs",
      "bytes": 4788,
      "sha256": "2a6e2221f769bff7aa98e61600d40e03faeca8d191aaa361aa473789096f2c66",
      "executable": false
    },
    {
      "path": "shared/protocol-schema.mjs",
      "bytes": 7362,
      "sha256": "5f367b9e0360dd307ccb8d63c2b5424b34ebd6d24bea812e5cf11125b541b810",
      "executable": false
    },
    {
      "path": "shared/public-app-config.js",
      "bytes": 6156,
      "sha256": "a1fb9450185b749480d42fb85195e8bb1734fcaf60047b640820867079f40d53",
      "executable": false
    },
    {
      "path": "shared/public-feed-cli.mjs",
      "bytes": 2685,
      "sha256": "d3c06f51e4fc1e08a9f19bcfdb8ecfa3c9e1d37cb6914c262e4e3bc773379cfe",
      "executable": false
    },
    {
      "path": "shared/public-feed-connection.mjs",
      "bytes": 4084,
      "sha256": "cc357878cba5bf56d7c4010e301d49bb61d7acbf049029d4aa218ce4983a3710",
      "executable": false
    },
    {
      "path": "shared/public-feed-rpc.mjs",
      "bytes": 2373,
      "sha256": "380b097ed282a6d15f7f56c2155bd73b654e3b8272a86cf24d70c56102a50ed2",
      "executable": false
    },
    {
      "path": "shared/public-feed-source.mjs",
      "bytes": 9966,
      "sha256": "a860aaab73c0b0eeb53286bd090230baee2daefb96023ce33f476513e9bde3ca",
      "executable": false
    },
    {
      "path": "shared/public-feed.mjs",
      "bytes": 8912,
      "sha256": "6f028d27bf31dc4048f6dd4a38df1f35db195e48c1d3f45993f972602315ce12",
      "executable": false
    },
    {
      "path": "shared/transaction-outcomes.mjs",
      "bytes": 5269,
      "sha256": "981eb3f048356a85dd9833b1b612bdcb4dcd71c41af3af38d36717198b576dc1",
      "executable": false
    },
    {
      "path": "toolchain.json",
      "bytes": 1370,
      "sha256": "d9242f804526ae88e6baaf9d59d363ddc3cd2e4341e3a4344f4efa367a9a654a",
      "executable": false
    }
  ]
}
