{"profile":"C01 consistent-scope TXE","chain":1,"version":1,"originalPublicVersion":2,"realProofs":false,"port":53732}
[15:51:49.310] INFO: kv-store:lmdb-v2 Starting data store with maxReaders 2
[billboard_contract] Running 0 test functions
[billboard_contract] [0m[32m0 tests passed[0m
[billboard_test] Running 163 test functions
[15:51:58.466] INFO: kv-store:lmdb-v2 Starting data store with maxReaders 2
[15:51:58.467] INFO: kv-store:lmdb-v2 Starting data store with maxReaders 2
[15:51:58.468] INFO: kv-store:lmdb-v2 Starting data store with maxReaders 2
[15:51:58.468] INFO: kv-store:lmdb-v2 Starting data store with maxReaders 2
[15:51:58.471] INFO: world-state:database Creating world state data store at directory /var/folders/ym/q1vh2x5n58xbsmpmvs5_6w3r0000gn/T/aztec-world-state-ltV5vr/world_state with map sizes {"archiveTreeMapSizeKb":10485760,"nullifierTreeMapSizeKb":10485760,"noteHashTreeMapSizeKb":10485760,"messageTreeMapSizeKb":10485760,"publicDataTreeMapSizeKb":10485760} and 2 threads (ephemeral=true).
[15:51:58.488] INFO: world-state:database Creating world state data store at directory /var/folders/ym/q1vh2x5n58xbsmpmvs5_6w3r0000gn/T/aztec-world-state-PPxEtu/world_state with map sizes {"archiveTreeMapSizeKb":10485760,"nullifierTreeMapSizeKb":10485760,"noteHashTreeMapSizeKb":10485760,"messageTreeMapSizeKb":10485760,"publicDataTreeMapSizeKb":10485760} and 2 threads (ephemeral=true).
[15:51:58.503] INFO: txe_node Aztec Node version: txe
[15:51:58.504] INFO: txe_node Aztec Node started on chain 0x1
[15:51:58.504] INFO: txe_node Aztec Node version: txe
[15:51:58.504] INFO: txe_node Aztec Node started on chain 0x1
[15:51:58.526] INFO: txe:top_level_context Created block 1 with timestamp 1789656718
[15:51:58.531] INFO: txe:top_level_context Created block 1 with timestamp 1789656718
[15:51:58.814] INFO: txe:top_level_context Created block 2 with timestamp 1789656718
[15:51:58.815] INFO: txe:top_level_context Created block 2 with timestamp 1789656718
[15:51:59.051] INFO: simulator:public-processor Processed 1 successful txs and 0 failed txs (0 silently skipped, 0ms wasted) in 0.11254674999999952s {"blockNumber":3,"successfulCount":1,"failedCount":0,"duration":0.11254674999999952,"rate":51327292.880514316,"totalPublicGas":{"daGas":5792,"l2Gas":5776720},"totalBlockGas":{"daGas":5792,"l2Gas":5776720},"totalSizeInBytes":5920,"silentlySkippedCount":0,"silentlySkippedDurationMs":0}
[15:51:59.057] INFO: simulator:public-processor Processed 1 successful txs and 0 failed txs (0 silently skipped, 0ms wasted) in 0.10782974999999896s {"blockNumber":3,"successfulCount":1,"failedCount":0,"duration":0.10782974999999896,"rate":53572599.39858949,"totalPublicGas":{"daGas":5792,"l2Gas":5776720},"totalBlockGas":{"daGas":5792,"l2Gas":5776720},"totalSizeInBytes":5920,"silentlySkippedCount":0,"silentlySkippedDurationMs":0}
[15:51:59.366] INFO: simulator:public-processor Processed 1 successful txs and 0 failed txs (0 silently skipped, 0ms wasted) in 0.02552720800000134s {"blockNumber":4,"successfulCount":1,"failedCount":0,"duration":0.02552720800000134,"rate":44684361.87772436,"totalPublicGas":{"daGas":192,"l2Gas":1140667},"totalBlockGas":{"daGas":320,"l2Gas":1731467},"totalSizeInBytes":320,"silentlySkippedCount":0,"silentlySkippedDurationMs":0}
[15:51:59.390] INFO: simulator:public-processor Processed 1 successful txs and 0 failed txs (0 silently skipped, 0ms wasted) in 0.020386333000000378s {"blockNumber":4,"successfulCount":1,"failedCount":0,"duration":0.020386333000000378,"rate":55952534.47493371,"totalPublicGas":{"daGas":192,"l2Gas":1140667},"totalBlockGas":{"daGas":320,"l2Gas":1731467},"totalSizeInBytes":320,"silentlySkippedCount":0,"silentlySkippedDurationMs":0}
[15:51:59.411] INFO: txe:top_level_context Created block 5 with timestamp 1789656718
[15:51:59.441] INFO: txe:top_level_context Created block 5 with timestamp 1789656718
[15:51:59.806] INFO: simulator:public-processor Processed 1 successful txs and 0 failed txs (0 silently skipped, 0ms wasted) in 0.00944683299999997s {"blockNumber":6,"successfulCount":1,"failedCount":0,"duration":0.00944683299999997,"rate":0,"totalPublicGas":{"daGas":0,"l2Gas":0},"totalBlockGas":{"daGas":1984,"l2Gas":529900},"totalSizeInBytes":1984,"silentlySkippedCount":0,"silentlySkippedDurationMs":0}
[15:51:59.838] INFO: simulator:public-processor Processed 1 successful txs and 0 failed txs (0 silently skipped, 0ms wasted) in 0.007138625000001411s {"blockNumber":6,"successfulCount":1,"failedCount":0,"duration":0.007138625000001411,"rate":0,"totalPublicGas":{"daGas":0,"l2Gas":0},"totalBlockGas":{"daGas":1984,"l2Gas":529900},"totalSizeInBytes":1984,"silentlySkippedCount":0,"silentlySkippedDurationMs":0}
[15:51:59.852] INFO: txe:top_level_context Created block 7 with timestamp 1789660319
[15:51:59.914] INFO: txe:top_level_context Created block 7 with timestamp 1789660319
[15:52:01.283] INFO: simulator:public-processor Processed 1 successful txs and 0 failed txs (0 silently skipped, 0ms wasted) in 0.2898198329999996s {"blockNumber":8,"successfulCount":1,"failedCount":0,"duration":0.2898198329999996,"rate":7108271.296257365,"totalPublicGas":{"daGas":3840,"l2Gas":2060118},"totalBlockGas":{"daGas":5216,"l2Gas":2786868},"totalSizeInBytes":5216,"silentlySkippedCount":0,"silentlySkippedDurationMs":0}
[15:52:01.438] INFO: simulator:public-processor Processed 1 successful txs and 0 failed txs (0 silently skipped, 0ms wasted) in 0.08792350000000079s {"blockNumber":9,"successfulCount":1,"failedCount":0,"duration":0.08792350000000079,"rate":138256.55257126808,"totalPublicGas":{"daGas":0,"l2Gas":12156},"totalBlockGas":{"daGas":0,"l2Gas":12156},"totalSizeInBytes":128,"silentlySkippedCount":0,"silentlySkippedDurationMs":0}
[15:52:01.471] INFO: simulator:public-processor Processed 1 successful txs and 0 failed txs (0 silently skipped, 0ms wasted) in 0.006644500000000335s {"blockNumber":9,"successfulCount":1,"failedCount":0,"duration":0.006644500000000335,"rate":1829483.0310782432,"totalPublicGas":{"daGas":0,"l2Gas":12156},"totalBlockGas":{"daGas":0,"l2Gas":12156},"totalSizeInBytes":128,"silentlySkippedCount":0,"silentlySkippedDurationMs":0}
[15:52:01.494] INFO: simulator:public-processor Processed 1 successful txs and 0 failed txs (0 silently skipped, 0ms wasted) in 0.006936292000000321s {"blockNumber":9,"successfulCount":1,"failedCount":0,"duration":0.006936292000000321,"rate":1976127.8792760405,"totalPublicGas":{"daGas":0,"l2Gas":13707},"totalBlockGas":{"daGas":0,"l2Gas":13707},"totalSizeInBytes":128,"silentlySkippedCount":0,"silentlySkippedDurationMs":0}
[15:52:01.498] INFO: simulator:public-processor Processed 1 successful txs and 0 failed txs (0 silently skipped, 0ms wasted) in 0.04331058300000041s {"blockNumber":8,"successfulCount":1,"failedCount":0,"duration":0.04331058300000041,"rate":47566157.21381494,"totalPublicGas":{"daGas":3840,"l2Gas":2060118},"totalBlockGas":{"daGas":5216,"l2Gas":2786868},"totalSizeInBytes":5216,"silentlySkippedCount":0,"silentlySkippedDurationMs":0}
[15:52:01.525] INFO: simulator:public-processor Processed 1 successful txs and 0 failed txs (0 silently skipped, 0ms wasted) in 0.015129499999999099s {"blockNumber":9,"successfulCount":1,"failedCount":0,"duration":0.015129499999999099,"rate":33506659.17578441,"totalPublicGas":{"daGas":1152,"l2Gas":506939},"totalBlockGas":{"daGas":1152,"l2Gas":506939},"totalSizeInBytes":1280,"silentlySkippedCount":0,"silentlySkippedDurationMs":0}
[15:52:01.542] INFO: txe:top_level_context Created block 9 with timestamp 1789663918
[15:52:01.592] INFO: simulator:public-processor Processed 1 successful txs and 0 failed txs (0 silently skipped, 0ms wasted) in 0.02944958299999962s {"blockNumber":10,"successfulCount":1,"failedCount":0,"duration":0.02944958299999962,"rate":412773.24707790115,"totalPublicGas":{"daGas":0,"l2Gas":12156},"totalBlockGas":{"daGas":0,"l2Gas":12156},"totalSizeInBytes":128,"silentlySkippedCount":0,"silentlySkippedDurationMs":0}
[15:52:01.663] INFO: simulator:public-processor Processed 1 successful txs and 0 failed txs (0 silently skipped, 0ms wasted) in 0.008980083000000376s {"blockNumber":10,"successfulCount":1,"failedCount":0,"duration":0.008980083000000376,"rate":1514351.2593368492,"totalPublicGas":{"daGas":0,"l2Gas":13599},"totalBlockGas":{"daGas":0,"l2Gas":13599},"totalSizeInBytes":128,"silentlySkippedCount":0,"silentlySkippedDurationMs":0}
[15:52:01.702] INFO: txe:top_level_context Created block 10 with timestamp 1789663918
[15:52:02.904] INFO: simulator:public-processor Processed 1 successful txs and 0 failed txs (0 silently skipped, 0ms wasted) in 0.22023829199999817s {"blockNumber":10,"successfulCount":1,"failedCount":0,"duration":0.22023829199999817,"rate":9354040.940346636,"totalPublicGas":{"daGas":3840,"l2Gas":2060118},"totalBlockGas":{"daGas":5216,"l2Gas":2786868},"totalSizeInBytes":5216,"silentlySkippedCount":0,"silentlySkippedDurationMs":0}
[15:52:03.047] INFO: txe:top_level_context Created block 11 with timestamp 1789667519
[15:52:03.269] INFO: simulator:public-processor Processed 1 successful txs and 0 failed txs (0 silently skipped, 0ms wasted) in 0.06292333299999882s {"blockNumber":11,"successfulCount":1,"failedCount":0,"duration":0.06292333299999882,"rate":32740128.371776473,"totalPublicGas":{"daGas":3840,"l2Gas":2060118},"totalBlockGas":{"daGas":5216,"l2Gas":2786868},"totalSizeInBytes":5216,"silentlySkippedCount":0,"silentlySkippedDurationMs":0}
[15:52:04.284] INFO: simulator:public-processor Processed 1 successful txs and 0 failed txs (0 silently skipped, 0ms wasted) in 0.04906745799999771s {"blockNumber":12,"successfulCount":1,"failedCount":0,"duration":0.04906745799999771,"rate":41985423.41443684,"totalPublicGas":{"daGas":3840,"l2Gas":2060118},"totalBlockGas":{"daGas":5216,"l2Gas":2786868},"totalSizeInBytes":5216,"silentlySkippedCount":0,"silentlySkippedDurationMs":0}
[15:52:04.290] INFO: txe:top_level_context Created block 12 with timestamp 1789667519
[15:52:04.398] INFO: simulator:public-processor Processed 1 successful txs and 0 failed txs (0 silently skipped, 0ms wasted) in 0.008778833000000305s {"blockNumber":13,"successfulCount":1,"failedCount":0,"duration":0.008778833000000305,"rate":1072010.3685762873,"totalPublicGas":{"daGas":0,"l2Gas":9411},"totalBlockGas":{"daGas":0,"l2Gas":9411},"totalSizeInBytes":128,"silentlySkippedCount":0,"silentlySkippedDurationMs":0}
[billboard_test] Testing test_censor_window_grandchild_screening ... [0m[32mok[0m
[15:52:05.398] INFO: simulator:public-processor Processed 1 successful txs and 0 failed txs (0 silently skipped, 0ms wasted) in 0.04801004099999773s {"blockNumber":13,"successfulCount":1,"failedCount":0,"duration":0.04801004099999773,"rate":42910148.733263895,"totalPublicGas":{"daGas":3840,"l2Gas":2060118},"totalBlockGas":{"daGas":5216,"l2Gas":2786868},"totalSizeInBytes":5216,"silentlySkippedCount":0,"silentlySkippedDurationMs":0}
[billboard_test] Testing test_censor_window_hard_invariant ... [0m[32mok[0m
[15:52:08.373] INFO: kv-store:lmdb-v2 Starting data store with maxReaders 2
[15:52:08.375] INFO: world-state:database Creating world state data store at directory /var/folders/ym/q1vh2x5n58xbsmpmvs5_6w3r0000gn/T/aztec-world-state-btJm4Q/world_state with map sizes {"archiveTreeMapSizeKb":10485760,"nullifierTreeMapSizeKb":10485760,"noteHashTreeMapSizeKb":10485760,"messageTreeMapSizeKb":10485760,"publicDataTreeMapSizeKb":10485760} and 2 threads (ephemeral=true).
[15:52:08.389] INFO: txe_node Aztec Node version: txe
[15:52:08.389] INFO: txe_node Aztec Node started on chain 0x1
[15:52:08.407] INFO: txe:top_level_context Created block 1 with timestamp 1789656728
[15:52:08.475] INFO: txe:top_level_context Created block 2 with timestamp 1789656728
[15:52:08.608] INFO: simulator:public-processor Processed 1 successful txs and 0 failed txs (0 silently skipped, 0ms wasted) in 0.0898234999999986s {"blockNumber":3,"successfulCount":1,"failedCount":0,"duration":0.0898234999999986,"rate":64311900.56054474,"totalPublicGas":{"daGas":5792,"l2Gas":5776720},"totalBlockGas":{"daGas":5792,"l2Gas":5776720},"totalSizeInBytes":5920,"silentlySkippedCount":0,"silentlySkippedDurationMs":0}
[billboard_test] Testing test_cooldown_100x_deposit ... [0m[32mok[0m
[15:52:08.777] INFO: simulator:public-processor Processed 1 successful txs and 0 failed txs (0 silently skipped, 0ms wasted) in 0.020600916000003053s {"blockNumber":4,"successfulCount":1,"failedCount":0,"duration":0.020600916000003053,"rate":55369722.39486006,"totalPublicGas":{"daGas":192,"l2Gas":1140667},"totalBlockGas":{"daGas":320,"l2Gas":1731467},"totalSizeInBytes":320,"silentlySkippedCount":0,"silentlySkippedDurationMs":0}
[15:52:08.819] INFO: txe:top_level_context Created block 5 with timestamp 1789656728
[15:52:09.054] INFO: simulator:public-processor Processed 1 successful txs and 0 failed txs (0 silently skipped, 0ms wasted) in 0.005743791000000783s {"blockNumber":6,"successfulCount":1,"failedCount":0,"duration":0.005743791000000783,"rate":0,"totalPublicGas":{"daGas":0,"l2Gas":0},"totalBlockGas":{"daGas":1984,"l2Gas":529900},"totalSizeInBytes":1984,"silentlySkippedCount":0,"silentlySkippedDurationMs":0}
[15:52:09.097] INFO: txe:top_level_context Created block 7 with timestamp 1789660329
[15:52:09.990] INFO: simulator:public-processor Processed 1 successful txs and 0 failed txs (0 silently skipped, 0ms wasted) in 0.0432691670000022s {"blockNumber":8,"successfulCount":1,"failedCount":0,"duration":0.0432691670000022,"rate":47611686.169042625,"totalPublicGas":{"daGas":3840,"l2Gas":2060118},"totalBlockGas":{"daGas":5216,"l2Gas":2786868},"totalSizeInBytes":5216,"silentlySkippedCount":0,"silentlySkippedDurationMs":0}
[15:52:10.033] INFO: txe:top_level_context Created block 9 with timestamp 1789663928
[15:52:10.943] INFO: simulator:public-processor Processed 1 successful txs and 0 failed txs (0 silently skipped, 0ms wasted) in 0.04266425000000163s {"blockNumber":10,"successfulCount":1,"failedCount":0,"duration":0.04266425000000163,"rate":48286750.61673231,"totalPublicGas":{"daGas":3840,"l2Gas":2060118},"totalBlockGas":{"daGas":5216,"l2Gas":2786868},"totalSizeInBytes":5216,"silentlySkippedCount":0,"silentlySkippedDurationMs":0}
[15:52:10.989] INFO: simulator:public-processor Processed 1 successful txs and 0 failed txs (0 silently skipped, 0ms wasted) in 0.006534333999999945s {"blockNumber":11,"successfulCount":1,"failedCount":0,"duration":0.006534333999999945,"rate":1440238.5920279068,"totalPublicGas":{"daGas":0,"l2Gas":9411},"totalBlockGas":{"daGas":0,"l2Gas":9411},"totalSizeInBytes":128,"silentlySkippedCount":0,"silentlySkippedDurationMs":0}
[billboard_test] Testing test_cooldown_10x_deposit ... [0m[32mok[0m
[billboard_test] Testing test_censor_window_post_too_young_to_screen ... [0m[32mok[0m
[billboard_test] Testing test_cooldown_at_min_deposit ... [0m[32mok[0m
[billboard_test] Testing test_cooldown_halves_when_deposit_doubles ... [0m[32mok[0m
[billboard_test] Testing test_cooldown_minimum_one_second ... [0m[32mok[0m
[billboard_test] Testing test_cooldown_no_overflow_at_large_values ... [0m[32mok[0m
[billboard_test] Testing test_cooldown_truncation ... [0m[32mok[0m
[billboard_test] Testing test_declare_immoral_censor_passes_auth ... [0m[32mok[0m
[15:52:20.462] INFO: kv-store:lmdb-v2 Starting data store with maxReaders 2
[15:52:20.463] INFO: world-state:database Creating world state data store at directory /var/folders/ym/q1vh2x5n58xbsmpmvs5_6w3r0000gn/T/aztec-world-state-vXioYf/world_state with map sizes {"archiveTreeMapSizeKb":10485760,"nullifierTreeMapSizeKb":10485760,"noteHashTreeMapSizeKb":10485760,"messageTreeMapSizeKb":10485760,"publicDataTreeMapSizeKb":10485760} and 2 threads (ephemeral=true).
[15:52:20.478] INFO: txe_node Aztec Node version: txe
[15:52:20.478] INFO: txe_node Aztec Node started on chain 0x1
[15:52:20.496] INFO: txe:top_level_context Created block 1 with timestamp 1789656740
[15:52:20.549] INFO: txe:top_level_context Created block 2 with timestamp 1789656740
[15:52:20.685] INFO: simulator:public-processor Processed 1 successful txs and 0 failed txs (0 silently skipped, 0ms wasted) in 0.09123245899999892s {"blockNumber":3,"successfulCount":1,"failedCount":0,"duration":0.09123245899999892,"rate":63318692.30884228,"totalPublicGas":{"daGas":5792,"l2Gas":5776720},"totalBlockGas":{"daGas":5792,"l2Gas":5776720},"totalSizeInBytes":5920,"silentlySkippedCount":0,"silentlySkippedDurationMs":0}
[15:52:20.734] INFO: simulator:public-processor Processed 1 successful txs and 0 failed txs (0 silently skipped, 0ms wasted) in 0.008953042000001006s {"blockNumber":4,"successfulCount":1,"failedCount":0,"duration":0.008953042000001006,"rate":1385227.5014457216,"totalPublicGas":{"daGas":0,"l2Gas":12402},"totalBlockGas":{"daGas":0,"l2Gas":12402},"totalSizeInBytes":128,"silentlySkippedCount":0,"silentlySkippedDurationMs":0}
[15:52:20.741] WARN: txe:top_level_context Could not find function artifact in contract Billboard for function '0x2c552290' when enriching error callstack
[billboard_test] Testing test_declare_immoral_fails_when_no_censor ... [0m[32mok[0m
[billboard_test] Testing test_declare_immoral_rejects_non_censor ... [0m[32mok[0m
[15:52:23.333] INFO: kv-store:lmdb-v2 Starting data store with maxReaders 2
[15:52:23.334] INFO: world-state:database Creating world state data store at directory /var/folders/ym/q1vh2x5n58xbsmpmvs5_6w3r0000gn/T/aztec-world-state-wg2nPR/world_state with map sizes {"archiveTreeMapSizeKb":10485760,"nullifierTreeMapSizeKb":10485760,"noteHashTreeMapSizeKb":10485760,"messageTreeMapSizeKb":10485760,"publicDataTreeMapSizeKb":10485760} and 2 threads (ephemeral=true).
[15:52:23.349] INFO: txe_node Aztec Node version: txe
[15:52:23.349] INFO: txe_node Aztec Node started on chain 0x1
[15:52:23.367] INFO: txe:top_level_context Created block 1 with timestamp 1789656743
[15:52:23.425] INFO: txe:top_level_context Created block 2 with timestamp 1789656743
[15:52:23.477] INFO: simulator:public-processor Processed 1 successful txs and 0 failed txs (0 silently skipped, 0ms wasted) in 0.008839792000006128s {"blockNumber":3,"successfulCount":1,"failedCount":0,"duration":0.008839792000006128,"rate":14414931.935040062,"totalPublicGas":{"daGas":0,"l2Gas":127425},"totalBlockGas":{"daGas":0,"l2Gas":127425},"totalSizeInBytes":128,"silentlySkippedCount":0,"silentlySkippedDurationMs":0}
[15:52:23.480] WARN: txe:top_level_context Could not find function artifact in contract Billboard for function '0x8f3f1c4d' when enriching error callstack
[15:52:23.637] INFO: kv-store:lmdb-v2 Starting data store with maxReaders 2
[15:52:23.638] INFO: world-state:database Creating world state data store at directory /var/folders/ym/q1vh2x5n58xbsmpmvs5_6w3r0000gn/T/aztec-world-state-vO0F9c/world_state with map sizes {"archiveTreeMapSizeKb":10485760,"nullifierTreeMapSizeKb":10485760,"noteHashTreeMapSizeKb":10485760,"messageTreeMapSizeKb":10485760,"publicDataTreeMapSizeKb":10485760} and 2 threads (ephemeral=true).
[15:52:23.652] INFO: txe_node Aztec Node version: txe
[15:52:23.652] INFO: txe_node Aztec Node started on chain 0x1
[15:52:23.670] INFO: txe:top_level_context Created block 1 with timestamp 1789656743
[15:52:23.720] INFO: txe:top_level_context Created block 2 with timestamp 1789656743
[15:52:23.879] INFO: simulator:public-processor Processed 1 successful txs and 0 failed txs (0 silently skipped, 0ms wasted) in 0.09071612499999901s {"blockNumber":3,"successfulCount":1,"failedCount":0,"duration":0.09071612499999901,"rate":63679086.82166553,"totalPublicGas":{"daGas":5792,"l2Gas":5776720},"totalBlockGas":{"daGas":5792,"l2Gas":5776720},"totalSizeInBytes":5920,"silentlySkippedCount":0,"silentlySkippedDurationMs":0}
[15:52:23.933] INFO: simulator:public-processor Processed 1 successful txs and 0 failed txs (0 silently skipped, 0ms wasted) in 0.007308917000002111s {"blockNumber":4,"successfulCount":1,"failedCount":0,"duration":0.007308917000002111,"rate":1373801.3443027332,"totalPublicGas":{"daGas":0,"l2Gas":10041},"totalBlockGas":{"daGas":0,"l2Gas":10041},"totalSizeInBytes":128,"silentlySkippedCount":0,"silentlySkippedDurationMs":0}
[15:52:23.940] WARN: txe:top_level_context Could not find function artifact in contract Billboard for function '0x2c552290' when enriching error callstack
[billboard_test] Testing test_deposit_msg_hash_deterministic ... [0m[32mok[0m
[billboard_test] Testing test_deposit_msg_hash_differs_by_amount ... [0m[32mok[0m
[billboard_test] Testing test_deposit_msg_hash_differs_by_depositor ... [0m[32mok[0m
[15:52:29.814] INFO: kv-store:lmdb-v2 Starting data store with maxReaders 2
[15:52:29.815] INFO: world-state:database Creating world state data store at directory /var/folders/ym/q1vh2x5n58xbsmpmvs5_6w3r0000gn/T/aztec-world-state-XQye29/world_state with map sizes {"archiveTreeMapSizeKb":10485760,"nullifierTreeMapSizeKb":10485760,"noteHashTreeMapSizeKb":10485760,"messageTreeMapSizeKb":10485760,"publicDataTreeMapSizeKb":10485760} and 2 threads (ephemeral=true).
[15:52:29.828] INFO: txe_node Aztec Node version: txe
[15:52:29.828] INFO: txe_node Aztec Node started on chain 0x1
[15:52:29.847] INFO: txe:top_level_context Created block 1 with timestamp 1789656749
[15:52:29.904] INFO: txe:top_level_context Created block 2 with timestamp 1789656749
[15:52:30.037] INFO: simulator:public-processor Processed 1 successful txs and 0 failed txs (0 silently skipped, 0ms wasted) in 0.08880641699999978s {"blockNumber":3,"successfulCount":1,"failedCount":0,"duration":0.08880641699999978,"rate":65048452.523425356,"totalPublicGas":{"daGas":5792,"l2Gas":5776720},"totalBlockGas":{"daGas":5792,"l2Gas":5776720},"totalSizeInBytes":5920,"silentlySkippedCount":0,"silentlySkippedDurationMs":0}
[15:52:30.222] INFO: simulator:public-processor Processed 1 successful txs and 0 failed txs (0 silently skipped, 0ms wasted) in 0.020859874999994647s {"blockNumber":4,"successfulCount":1,"failedCount":0,"duration":0.020859874999994647,"rate":54682350.68524105,"totalPublicGas":{"daGas":192,"l2Gas":1140667},"totalBlockGas":{"daGas":320,"l2Gas":1731467},"totalSizeInBytes":320,"silentlySkippedCount":0,"silentlySkippedDurationMs":0}
[15:52:30.265] INFO: txe:top_level_context Created block 5 with timestamp 1789656749
[15:52:30.502] INFO: simulator:public-processor Processed 1 successful txs and 0 failed txs (0 silently skipped, 0ms wasted) in 0.0057318329999980055s {"blockNumber":6,"successfulCount":1,"failedCount":0,"duration":0.0057318329999980055,"rate":0,"totalPublicGas":{"daGas":0,"l2Gas":0},"totalBlockGas":{"daGas":1984,"l2Gas":529900},"totalSizeInBytes":1984,"silentlySkippedCount":0,"silentlySkippedDurationMs":0}
[15:52:30.545] INFO: txe:top_level_context Created block 7 with timestamp 1789660350
[15:52:31.438] INFO: simulator:public-processor Processed 1 successful txs and 0 failed txs (0 silently skipped, 0ms wasted) in 0.042958124999997384s {"blockNumber":8,"successfulCount":1,"failedCount":0,"duration":0.042958124999997384,"rate":47956422.67906538,"totalPublicGas":{"daGas":3840,"l2Gas":2060118},"totalBlockGas":{"daGas":5216,"l2Gas":2786868},"totalSizeInBytes":5216,"silentlySkippedCount":0,"silentlySkippedDurationMs":0}
[15:52:31.481] INFO: txe:top_level_context Created block 9 with timestamp 1789663951
[15:52:32.203] INFO: kv-store:lmdb-v2 Starting data store with maxReaders 2
[15:52:32.204] INFO: world-state:database Creating world state data store at directory /var/folders/ym/q1vh2x5n58xbsmpmvs5_6w3r0000gn/T/aztec-world-state-fyxWHC/world_state with map sizes {"archiveTreeMapSizeKb":10485760,"nullifierTreeMapSizeKb":10485760,"noteHashTreeMapSizeKb":10485760,"messageTreeMapSizeKb":10485760,"publicDataTreeMapSizeKb":10485760} and 2 threads (ephemeral=true).
[15:52:32.220] INFO: txe_node Aztec Node version: txe
[15:52:32.220] INFO: txe_node Aztec Node started on chain 0x1
[15:52:32.258] INFO: txe:top_level_context Created block 1 with timestamp 1789656752
[15:52:32.396] INFO: simulator:public-processor Processed 1 successful txs and 0 failed txs (0 silently skipped, 0ms wasted) in 0.007120167000000947s {"blockNumber":10,"successfulCount":1,"failedCount":0,"duration":0.007120167000000947,"rate":0,"totalPublicGas":{"daGas":0,"l2Gas":0},"totalBlockGas":{"daGas":1440,"l2Gas":527400},"totalSizeInBytes":1440,"silentlySkippedCount":0,"silentlySkippedDurationMs":0}
[15:52:32.402] INFO: txe:top_level_context Created block 2 with timestamp 1789656752
[15:52:32.604] INFO: simulator:public-processor Processed 1 successful txs and 0 failed txs (0 silently skipped, 0ms wasted) in 0.1108597080000036s {"blockNumber":3,"successfulCount":1,"failedCount":0,"duration":0.1108597080000036,"rate":52108381.88388348,"totalPublicGas":{"daGas":5792,"l2Gas":5776720},"totalBlockGas":{"daGas":5792,"l2Gas":5776720},"totalSizeInBytes":5920,"silentlySkippedCount":0,"silentlySkippedDurationMs":0}
[15:52:32.859] INFO: simulator:public-processor Processed 1 successful txs and 0 failed txs (0 silently skipped, 0ms wasted) in 0.021075874999994994s {"blockNumber":4,"successfulCount":1,"failedCount":0,"duration":0.021075874999994994,"rate":54121928.508319154,"totalPublicGas":{"daGas":192,"l2Gas":1140667},"totalBlockGas":{"daGas":320,"l2Gas":1731467},"totalSizeInBytes":320,"silentlySkippedCount":0,"silentlySkippedDurationMs":0}
[15:52:32.907] INFO: txe:top_level_context Created block 5 with timestamp 1789656752
[billboard_test] Testing test_dummy_post_advances_screening ... [0m[32mok[0m
[15:52:33.174] INFO: simulator:public-processor Processed 1 successful txs and 0 failed txs (0 silently skipped, 0ms wasted) in 0.005726249999999709s {"blockNumber":6,"successfulCount":1,"failedCount":0,"duration":0.005726249999999709,"rate":0,"totalPublicGas":{"daGas":0,"l2Gas":0},"totalBlockGas":{"daGas":1984,"l2Gas":529900},"totalSizeInBytes":1984,"silentlySkippedCount":0,"silentlySkippedDurationMs":0}
[15:52:33.217] INFO: txe:top_level_context Created block 7 with timestamp 1789660353
[15:52:34.058] INFO: simulator:public-processor Processed 1 successful txs and 0 failed txs (0 silently skipped, 0ms wasted) in 0.005782208999997237s {"blockNumber":8,"successfulCount":1,"failedCount":0,"duration":0.005782208999997237,"rate":0,"totalPublicGas":{"daGas":0,"l2Gas":0},"totalBlockGas":{"daGas":1440,"l2Gas":527400},"totalSizeInBytes":1440,"silentlySkippedCount":0,"silentlySkippedDurationMs":0}
[15:52:34.103] INFO: simulator:public-processor Processed 1 successful txs and 0 failed txs (0 silently skipped, 0ms wasted) in 0.006141167000001588s {"blockNumber":9,"successfulCount":1,"failedCount":0,"duration":0.006141167000001588,"rate":1532444.891988374,"totalPublicGas":{"daGas":0,"l2Gas":9411},"totalBlockGas":{"daGas":0,"l2Gas":9411},"totalSizeInBytes":128,"silentlySkippedCount":0,"silentlySkippedDurationMs":0}
[15:52:34.125] INFO: simulator:public-processor Processed 1 successful txs and 0 failed txs (0 silently skipped, 0ms wasted) in 0.006185999999994238s {"blockNumber":9,"successfulCount":1,"failedCount":0,"duration":0.006185999999994238,"rate":1764306.4985467454,"totalPublicGas":{"daGas":0,"l2Gas":10914},"totalBlockGas":{"daGas":0,"l2Gas":10914},"totalSizeInBytes":128,"silentlySkippedCount":0,"silentlySkippedDurationMs":0}
[billboard_test] Testing test_dummy_post_does_not_store_content ... [0m[32mok[0m
[15:52:35.937] INFO: kv-store:lmdb-v2 Starting data store with maxReaders 2
[15:52:35.939] INFO: world-state:database Creating world state data store at directory /var/folders/ym/q1vh2x5n58xbsmpmvs5_6w3r0000gn/T/aztec-world-state-qqnN6c/world_state with map sizes {"archiveTreeMapSizeKb":10485760,"nullifierTreeMapSizeKb":10485760,"noteHashTreeMapSizeKb":10485760,"messageTreeMapSizeKb":10485760,"publicDataTreeMapSizeKb":10485760} and 2 threads (ephemeral=true).
[15:52:35.952] INFO: txe_node Aztec Node version: txe
[15:52:35.952] INFO: txe_node Aztec Node started on chain 0x1
[15:52:35.970] INFO: txe:top_level_context Created block 1 with timestamp 1789656755
[15:52:36.025] INFO: txe:top_level_context Created block 2 with timestamp 1789656755
[15:52:36.158] INFO: simulator:public-processor Processed 1 successful txs and 0 failed txs (0 silently skipped, 0ms wasted) in 0.09063220799999544s {"blockNumber":3,"successfulCount":1,"failedCount":0,"duration":0.09063220799999544,"rate":63738047.7368519,"totalPublicGas":{"daGas":5792,"l2Gas":5776720},"totalBlockGas":{"daGas":5792,"l2Gas":5776720},"totalSizeInBytes":5920,"silentlySkippedCount":0,"silentlySkippedDurationMs":0}
[15:52:36.330] INFO: simulator:public-processor Processed 1 successful txs and 0 failed txs (0 silently skipped, 0ms wasted) in 0.02038329199999862s {"blockNumber":4,"successfulCount":1,"failedCount":0,"duration":0.02038329199999862,"rate":55960882.07930678,"totalPublicGas":{"daGas":192,"l2Gas":1140667},"totalBlockGas":{"daGas":320,"l2Gas":1731467},"totalSizeInBytes":320,"silentlySkippedCount":0,"silentlySkippedDurationMs":0}
[15:52:36.371] INFO: txe:top_level_context Created block 5 with timestamp 1789656755
[15:52:36.604] INFO: simulator:public-processor Processed 1 successful txs and 0 failed txs (0 silently skipped, 0ms wasted) in 0.005767124999998487s {"blockNumber":6,"successfulCount":1,"failedCount":0,"duration":0.005767124999998487,"rate":0,"totalPublicGas":{"daGas":0,"l2Gas":0},"totalBlockGas":{"daGas":1984,"l2Gas":529900},"totalSizeInBytes":1984,"silentlySkippedCount":0,"silentlySkippedDurationMs":0}
[15:52:36.646] INFO: txe:top_level_context Created block 7 with timestamp 1789660356
[15:52:37.511] INFO: kv-store:lmdb-v2 Starting data store with maxReaders 2
[15:52:37.512] INFO: world-state:database Creating world state data store at directory /var/folders/ym/q1vh2x5n58xbsmpmvs5_6w3r0000gn/T/aztec-world-state-8GavWv/world_state with map sizes {"archiveTreeMapSizeKb":10485760,"nullifierTreeMapSizeKb":10485760,"noteHashTreeMapSizeKb":10485760,"messageTreeMapSizeKb":10485760,"publicDataTreeMapSizeKb":10485760} and 2 threads (ephemeral=true).
[15:52:37.525] INFO: simulator:public-processor Processed 1 successful txs and 0 failed txs (0 silently skipped, 0ms wasted) in 0.05184049999999843s {"blockNumber":8,"successfulCount":1,"failedCount":0,"duration":0.05184049999999843,"rate":39739547.26517033,"totalPublicGas":{"daGas":3840,"l2Gas":2060118},"totalBlockGas":{"daGas":5216,"l2Gas":2786868},"totalSizeInBytes":5216,"silentlySkippedCount":0,"silentlySkippedDurationMs":0}
[15:52:37.527] INFO: txe_node Aztec Node version: txe
[15:52:37.527] INFO: txe_node Aztec Node started on chain 0x1
[15:52:37.544] INFO: txe:top_level_context Created block 1 with timestamp 1789656757
[15:52:37.573] INFO: simulator:public-processor Processed 1 successful txs and 0 failed txs (0 silently skipped, 0ms wasted) in 0.008020291000000726s {"blockNumber":9,"successfulCount":1,"failedCount":0,"duration":0.008020291000000726,"rate":1515655.7287009787,"totalPublicGas":{"daGas":0,"l2Gas":12156},"totalBlockGas":{"daGas":0,"l2Gas":12156},"totalSizeInBytes":128,"silentlySkippedCount":0,"silentlySkippedDurationMs":0}
[15:52:37.602] INFO: simulator:public-processor Processed 1 successful txs and 0 failed txs (0 silently skipped, 0ms wasted) in 0.006998916999997164s {"blockNumber":9,"successfulCount":1,"failedCount":0,"duration":0.006998916999997164,"rate":1736840.1425541874,"totalPublicGas":{"daGas":0,"l2Gas":12156},"totalBlockGas":{"daGas":0,"l2Gas":12156},"totalSizeInBytes":128,"silentlySkippedCount":0,"silentlySkippedDurationMs":0}
[15:52:37.620] INFO: txe:top_level_context Created block 2 with timestamp 1789656757
[15:52:37.627] INFO: simulator:public-processor Processed 1 successful txs and 0 failed txs (0 silently skipped, 0ms wasted) in 0.007702042000004439s {"blockNumber":9,"successfulCount":1,"failedCount":0,"duration":0.007702042000004439,"rate":1779657.9140950022,"totalPublicGas":{"daGas":0,"l2Gas":13707},"totalBlockGas":{"daGas":0,"l2Gas":13707},"totalSizeInBytes":128,"silentlySkippedCount":0,"silentlySkippedDurationMs":0}
[15:52:37.661] INFO: simulator:public-processor Processed 1 successful txs and 0 failed txs (0 silently skipped, 0ms wasted) in 0.017330084000001078s {"blockNumber":9,"successfulCount":1,"failedCount":0,"duration":0.017330084000001078,"rate":29251964.38747605,"totalPublicGas":{"daGas":1152,"l2Gas":506939},"totalBlockGas":{"daGas":1152,"l2Gas":506939},"totalSizeInBytes":1280,"silentlySkippedCount":0,"silentlySkippedDurationMs":0}
[15:52:37.709] INFO: txe:top_level_context Created block 10 with timestamp 1789663956
[15:52:37.839] INFO: simulator:public-processor Processed 1 successful txs and 0 failed txs (0 silently skipped, 0ms wasted) in 0.16192216700000425s {"blockNumber":3,"successfulCount":1,"failedCount":0,"duration":0.16192216700000425,"rate":35675905.94313037,"totalPublicGas":{"daGas":5792,"l2Gas":5776720},"totalBlockGas":{"daGas":5792,"l2Gas":5776720},"totalSizeInBytes":5920,"silentlySkippedCount":0,"silentlySkippedDurationMs":0}
[15:52:38.193] INFO: simulator:public-processor Processed 1 successful txs and 0 failed txs (0 silently skipped, 0ms wasted) in 0.022879457999995793s {"blockNumber":4,"successfulCount":1,"failedCount":0,"duration":0.022879457999995793,"rate":49855507.94080042,"totalPublicGas":{"daGas":192,"l2Gas":1140667},"totalBlockGas":{"daGas":320,"l2Gas":1731467},"totalSizeInBytes":320,"silentlySkippedCount":0,"silentlySkippedDurationMs":0}
[15:52:38.246] INFO: txe:top_level_context Created block 5 with timestamp 1789656757
[15:52:38.522] INFO: simulator:public-processor Processed 1 successful txs and 0 failed txs (0 silently skipped, 0ms wasted) in 0.019113540999998804s {"blockNumber":6,"successfulCount":1,"failedCount":0,"duration":0.019113540999998804,"rate":0,"totalPublicGas":{"daGas":0,"l2Gas":0},"totalBlockGas":{"daGas":1984,"l2Gas":529900},"totalSizeInBytes":1984,"silentlySkippedCount":0,"silentlySkippedDurationMs":0}
[15:52:38.852] INFO: txe:top_level_context Created block 7 with timestamp 1789660358
[15:52:39.105] INFO: simulator:public-processor Processed 1 successful txs and 0 failed txs (0 silently skipped, 0ms wasted) in 0.043904708000001846s {"blockNumber":11,"successfulCount":1,"failedCount":0,"duration":0.043904708000001846,"rate":46922484.94170405,"totalPublicGas":{"daGas":3840,"l2Gas":2060118},"totalBlockGas":{"daGas":5216,"l2Gas":2786868},"totalSizeInBytes":5216,"silentlySkippedCount":0,"silentlySkippedDurationMs":0}
[billboard_test] Testing test_flag_penalty_exact_value ... [0m[32mok[0m
[15:52:40.035] INFO: simulator:public-processor Processed 1 successful txs and 0 failed txs (0 silently skipped, 0ms wasted) in 0.043696666999996525s {"blockNumber":8,"successfulCount":1,"failedCount":0,"duration":0.043696666999996525,"rate":47145884.14718596,"totalPublicGas":{"daGas":3840,"l2Gas":2060118},"totalBlockGas":{"daGas":5216,"l2Gas":2786868},"totalSizeInBytes":5216,"silentlySkippedCount":0,"silentlySkippedDurationMs":0}
[15:52:40.083] INFO: txe:top_level_context Created block 9 with timestamp 1789663957
[15:52:40.976] INFO: simulator:public-processor Processed 1 successful txs and 0 failed txs (0 silently skipped, 0ms wasted) in 0.042607041999996s {"blockNumber":10,"successfulCount":1,"failedCount":0,"duration":0.042607041999996,"rate":48351584.69813965,"totalPublicGas":{"daGas":3840,"l2Gas":2060118},"totalBlockGas":{"daGas":5216,"l2Gas":2786868},"totalSizeInBytes":5216,"silentlySkippedCount":0,"silentlySkippedDurationMs":0}
[15:52:41.021] INFO: simulator:public-processor Processed 1 successful txs and 0 failed txs (0 silently skipped, 0ms wasted) in 0.006493957999999111s {"blockNumber":11,"successfulCount":1,"failedCount":0,"duration":0.006493957999999111,"rate":1871893.8434775316,"totalPublicGas":{"daGas":0,"l2Gas":12156},"totalBlockGas":{"daGas":0,"l2Gas":12156},"totalSizeInBytes":128,"silentlySkippedCount":0,"silentlySkippedDurationMs":0}
[15:52:41.043] INFO: simulator:public-processor Processed 1 successful txs and 0 failed txs (0 silently skipped, 0ms wasted) in 0.00652012499999546s {"blockNumber":11,"successfulCount":1,"failedCount":0,"duration":0.00652012499999546,"rate":1864381.4344063133,"totalPublicGas":{"daGas":0,"l2Gas":12156},"totalBlockGas":{"daGas":0,"l2Gas":12156},"totalSizeInBytes":128,"silentlySkippedCount":0,"silentlySkippedDurationMs":0}
[15:52:41.066] INFO: simulator:public-processor Processed 1 successful txs and 0 failed txs (0 silently skipped, 0ms wasted) in 0.006682458999996015s {"blockNumber":11,"successfulCount":1,"failedCount":0,"duration":0.006682458999996015,"rate":2051191.0361153241,"totalPublicGas":{"daGas":0,"l2Gas":13707},"totalBlockGas":{"daGas":0,"l2Gas":13707},"totalSizeInBytes":128,"silentlySkippedCount":0,"silentlySkippedDurationMs":0}
[15:52:41.096] INFO: simulator:public-processor Processed 1 successful txs and 0 failed txs (0 silently skipped, 0ms wasted) in 0.015063542000003509s {"blockNumber":11,"successfulCount":1,"failedCount":0,"duration":0.015063542000003509,"rate":33653373.15751381,"totalPublicGas":{"daGas":1152,"l2Gas":506939},"totalBlockGas":{"daGas":1152,"l2Gas":506939},"totalSizeInBytes":1280,"silentlySkippedCount":0,"silentlySkippedDurationMs":0}
[15:52:41.141] INFO: simulator:public-processor Processed 1 successful txs and 0 failed txs (0 silently skipped, 0ms wasted) in 0.006716958999997587s {"blockNumber":12,"successfulCount":1,"failedCount":0,"duration":0.006716958999997587,"rate":1809747.5360508182,"totalPublicGas":{"daGas":0,"l2Gas":12156},"totalBlockGas":{"daGas":0,"l2Gas":12156},"totalSizeInBytes":128,"silentlySkippedCount":0,"silentlySkippedDurationMs":0}
[15:52:41.163] INFO: simulator:public-processor Processed 1 successful txs and 0 failed txs (0 silently skipped, 0ms wasted) in 0.006577375000000757s {"blockNumber":12,"successfulCount":1,"failedCount":0,"duration":0.006577375000000757,"rate":1848153.7087361752,"totalPublicGas":{"daGas":0,"l2Gas":12156},"totalBlockGas":{"daGas":0,"l2Gas":12156},"totalSizeInBytes":128,"silentlySkippedCount":0,"silentlySkippedDurationMs":0}
[15:52:41.185] INFO: simulator:public-processor Processed 1 successful txs and 0 failed txs (0 silently skipped, 0ms wasted) in 0.0064315409999981055s {"blockNumber":12,"successfulCount":1,"failedCount":0,"duration":0.0064315409999981055,"rate":2131215.5205111867,"totalPublicGas":{"daGas":0,"l2Gas":13707},"totalBlockGas":{"daGas":0,"l2Gas":13707},"totalSizeInBytes":128,"silentlySkippedCount":0,"silentlySkippedDurationMs":0}
[15:52:41.216] INFO: simulator:public-processor Processed 1 successful txs and 0 failed txs (0 silently skipped, 0ms wasted) in 0.014994500000000698s {"blockNumber":12,"successfulCount":1,"failedCount":0,"duration":0.014994500000000698,"rate":33808329.72089609,"totalPublicGas":{"daGas":1152,"l2Gas":506939},"totalBlockGas":{"daGas":1152,"l2Gas":506939},"totalSizeInBytes":1280,"silentlySkippedCount":0,"silentlySkippedDurationMs":0}
[15:52:41.258] INFO: txe:top_level_context Created block 13 with timestamp 1789667558
[15:52:42.160] INFO: simulator:public-processor Processed 1 successful txs and 0 failed txs (0 silently skipped, 0ms wasted) in 0.04295608299999731s {"blockNumber":14,"successfulCount":1,"failedCount":0,"duration":0.04295608299999731,"rate":47958702.379826605,"totalPublicGas":{"daGas":3840,"l2Gas":2060118},"totalBlockGas":{"daGas":5216,"l2Gas":2786868},"totalSizeInBytes":5216,"silentlySkippedCount":0,"silentlySkippedDurationMs":0}
[billboard_test] Testing test_flag_penalty_two_flags ... [0m[32mok[0m
[15:52:42.969] INFO: kv-store:lmdb-v2 Starting data store with maxReaders 2
[15:52:42.971] INFO: world-state:database Creating world state data store at directory /var/folders/ym/q1vh2x5n58xbsmpmvs5_6w3r0000gn/T/aztec-world-state-CTgCbo/world_state with map sizes {"archiveTreeMapSizeKb":10485760,"nullifierTreeMapSizeKb":10485760,"noteHashTreeMapSizeKb":10485760,"messageTreeMapSizeKb":10485760,"publicDataTreeMapSizeKb":10485760} and 2 threads (ephemeral=true).
[15:52:42.984] INFO: txe_node Aztec Node version: txe
[15:52:42.984] INFO: txe_node Aztec Node started on chain 0x1
[15:52:43.002] INFO: txe:top_level_context Created block 1 with timestamp 1789656762
[15:52:43.057] INFO: txe:top_level_context Created block 2 with timestamp 1789656762
[15:52:43.191] INFO: simulator:public-processor Processed 1 successful txs and 0 failed txs (0 silently skipped, 0ms wasted) in 0.09227049999999871s {"blockNumber":3,"successfulCount":1,"failedCount":0,"duration":0.09227049999999871,"rate":62606358.47860454,"totalPublicGas":{"daGas":5792,"l2Gas":5776720},"totalBlockGas":{"daGas":5792,"l2Gas":5776720},"totalSizeInBytes":5920,"silentlySkippedCount":0,"silentlySkippedDurationMs":0}
[15:52:43.365] INFO: simulator:public-processor Processed 1 successful txs and 0 failed txs (0 silently skipped, 0ms wasted) in 0.0203795420000024s {"blockNumber":4,"successfulCount":1,"failedCount":0,"duration":0.0203795420000024,"rate":55971179.33267909,"totalPublicGas":{"daGas":192,"l2Gas":1140667},"totalBlockGas":{"daGas":320,"l2Gas":1731467},"totalSizeInBytes":320,"silentlySkippedCount":0,"silentlySkippedDurationMs":0}
[15:52:43.407] INFO: txe:top_level_context Created block 5 with timestamp 1789656762
[15:52:43.638] INFO: simulator:public-processor Processed 1 successful txs and 0 failed txs (0 silently skipped, 0ms wasted) in 0.0059648329999981795s {"blockNumber":6,"successfulCount":1,"failedCount":0,"duration":0.0059648329999981795,"rate":0,"totalPublicGas":{"daGas":0,"l2Gas":0},"totalBlockGas":{"daGas":1984,"l2Gas":529900},"totalSizeInBytes":1984,"silentlySkippedCount":0,"silentlySkippedDurationMs":0}
[15:52:43.682] INFO: txe:top_level_context Created block 7 with timestamp 1789660363
[15:52:44.554] INFO: simulator:public-processor Processed 1 successful txs and 0 failed txs (0 silently skipped, 0ms wasted) in 0.04239779199999612s {"blockNumber":8,"successfulCount":1,"failedCount":0,"duration":0.04239779199999612,"rate":48590219.03782604,"totalPublicGas":{"daGas":3840,"l2Gas":2060118},"totalBlockGas":{"daGas":5216,"l2Gas":2786868},"totalSizeInBytes":5216,"silentlySkippedCount":0,"silentlySkippedDurationMs":0}
[15:52:44.599] INFO: simulator:public-processor Processed 1 successful txs and 0 failed txs (0 silently skipped, 0ms wasted) in 0.006553583000000799s {"blockNumber":9,"successfulCount":1,"failedCount":0,"duration":0.006553583000000799,"rate":1854863.209941572,"totalPublicGas":{"daGas":0,"l2Gas":12156},"totalBlockGas":{"daGas":0,"l2Gas":12156},"totalSizeInBytes":128,"silentlySkippedCount":0,"silentlySkippedDurationMs":0}
[15:52:44.621] INFO: simulator:public-processor Processed 1 successful txs and 0 failed txs (0 silently skipped, 0ms wasted) in 0.0065982910000020635s {"blockNumber":9,"successfulCount":1,"failedCount":0,"duration":0.0065982910000020635,"rate":1842295.224626528,"totalPublicGas":{"daGas":0,"l2Gas":12156},"totalBlockGas":{"daGas":0,"l2Gas":12156},"totalSizeInBytes":128,"silentlySkippedCount":0,"silentlySkippedDurationMs":0}
[15:52:44.643] INFO: simulator:public-processor Processed 1 successful txs and 0 failed txs (0 silently skipped, 0ms wasted) in 0.006487874999998894s {"blockNumber":9,"successfulCount":1,"failedCount":0,"duration":0.006487874999998894,"rate":2112710.2479629056,"totalPublicGas":{"daGas":0,"l2Gas":13707},"totalBlockGas":{"daGas":0,"l2Gas":13707},"totalSizeInBytes":128,"silentlySkippedCount":0,"silentlySkippedDurationMs":0}
[15:52:44.673] INFO: simulator:public-processor Processed 1 successful txs and 0 failed txs (0 silently skipped, 0ms wasted) in 0.014571665999996184s {"blockNumber":9,"successfulCount":1,"failedCount":0,"duration":0.014571665999996184,"rate":34789364.51055993,"totalPublicGas":{"daGas":1152,"l2Gas":506939},"totalBlockGas":{"daGas":1152,"l2Gas":506939},"totalSizeInBytes":1280,"silentlySkippedCount":0,"silentlySkippedDurationMs":0}
[15:52:44.714] INFO: txe:top_level_context Created block 10 with timestamp 1789760363
[15:52:45.560] INFO: kv-store:lmdb-v2 Starting data store with maxReaders 2
[15:52:45.561] INFO: world-state:database Creating world state data store at directory /var/folders/ym/q1vh2x5n58xbsmpmvs5_6w3r0000gn/T/aztec-world-state-pFdxuv/world_state with map sizes {"archiveTreeMapSizeKb":10485760,"nullifierTreeMapSizeKb":10485760,"noteHashTreeMapSizeKb":10485760,"messageTreeMapSizeKb":10485760,"publicDataTreeMapSizeKb":10485760} and 2 threads (ephemeral=true).
[15:52:45.575] INFO: txe_node Aztec Node version: txe
[15:52:45.575] INFO: txe_node Aztec Node started on chain 0x1
[15:52:45.593] INFO: txe:top_level_context Created block 1 with timestamp 1789656765
[15:52:45.632] INFO: simulator:public-processor Processed 1 successful txs and 0 failed txs (0 silently skipped, 0ms wasted) in 0.04328629199999705s {"blockNumber":11,"successfulCount":1,"failedCount":0,"duration":0.04328629199999705,"rate":47592849.948897,"totalPublicGas":{"daGas":3840,"l2Gas":2060118},"totalBlockGas":{"daGas":5216,"l2Gas":2786868},"totalSizeInBytes":5216,"silentlySkippedCount":0,"silentlySkippedDurationMs":0}
[15:52:45.648] INFO: txe:top_level_context Created block 2 with timestamp 1789656765
[15:52:45.861] INFO: simulator:public-processor Processed 1 successful txs and 0 failed txs (0 silently skipped, 0ms wasted) in 0.09695612499999698s {"blockNumber":3,"successfulCount":1,"failedCount":0,"duration":0.09695612499999698,"rate":59580763.9795854,"totalPublicGas":{"daGas":5792,"l2Gas":5776720},"totalBlockGas":{"daGas":5792,"l2Gas":5776720},"totalSizeInBytes":5920,"silentlySkippedCount":0,"silentlySkippedDurationMs":0}
[15:52:46.081] INFO: simulator:public-processor Processed 1 successful txs and 0 failed txs (0 silently skipped, 0ms wasted) in 0.021283707999995384s {"blockNumber":4,"successfulCount":1,"failedCount":0,"duration":0.021283707999995384,"rate":53593434.00126742,"totalPublicGas":{"daGas":192,"l2Gas":1140667},"totalBlockGas":{"daGas":320,"l2Gas":1731467},"totalSizeInBytes":320,"silentlySkippedCount":0,"silentlySkippedDurationMs":0}
[15:52:46.128] INFO: txe:top_level_context Created block 5 with timestamp 1789656765
[billboard_test] Testing test_flag_penalty_with_save_up ... [0m[32mok[0m
[15:52:46.367] INFO: simulator:public-processor Processed 1 successful txs and 0 failed txs (0 silently skipped, 0ms wasted) in 0.005568125000005239s {"blockNumber":6,"successfulCount":1,"failedCount":0,"duration":0.005568125000005239,"rate":0,"totalPublicGas":{"daGas":0,"l2Gas":0},"totalBlockGas":{"daGas":1984,"l2Gas":529900},"totalSizeInBytes":1984,"silentlySkippedCount":0,"silentlySkippedDurationMs":0}
[15:52:46.409] INFO: txe:top_level_context Created block 7 with timestamp 1789660366
[15:52:47.283] INFO: simulator:public-processor Processed 1 successful txs and 0 failed txs (0 silently skipped, 0ms wasted) in 0.04401541699999507s {"blockNumber":8,"successfulCount":1,"failedCount":0,"duration":0.04401541699999507,"rate":46804463.99042933,"totalPublicGas":{"daGas":3840,"l2Gas":2060118},"totalBlockGas":{"daGas":5216,"l2Gas":2786868},"totalSizeInBytes":5216,"silentlySkippedCount":0,"silentlySkippedDurationMs":0}
[15:52:47.329] INFO: simulator:public-processor Processed 1 successful txs and 0 failed txs (0 silently skipped, 0ms wasted) in 0.006742208999996365s {"blockNumber":9,"successfulCount":1,"failedCount":0,"duration":0.006742208999996365,"rate":1802969.9168338678,"totalPublicGas":{"daGas":0,"l2Gas":12156},"totalBlockGas":{"daGas":0,"l2Gas":12156},"totalSizeInBytes":128,"silentlySkippedCount":0,"silentlySkippedDurationMs":0}
[15:52:47.351] INFO: simulator:public-processor Processed 1 successful txs and 0 failed txs (0 silently skipped, 0ms wasted) in 0.006590457999998762s {"blockNumber":9,"successfulCount":1,"failedCount":0,"duration":0.006590457999998762,"rate":1844484.8597779218,"totalPublicGas":{"daGas":0,"l2Gas":12156},"totalBlockGas":{"daGas":0,"l2Gas":12156},"totalSizeInBytes":128,"silentlySkippedCount":0,"silentlySkippedDurationMs":0}
[15:52:47.373] INFO: simulator:public-processor Processed 1 successful txs and 0 failed txs (0 silently skipped, 0ms wasted) in 0.006755083999996714s {"blockNumber":9,"successfulCount":1,"failedCount":0,"duration":0.006755083999996714,"rate":2029138.3497239512,"totalPublicGas":{"daGas":0,"l2Gas":13707},"totalBlockGas":{"daGas":0,"l2Gas":13707},"totalSizeInBytes":128,"silentlySkippedCount":0,"silentlySkippedDurationMs":0}
[15:52:47.403] INFO: simulator:public-processor Processed 1 successful txs and 0 failed txs (0 silently skipped, 0ms wasted) in 0.014585458000001382s {"blockNumber":9,"successfulCount":1,"failedCount":0,"duration":0.014585458000001382,"rate":34756467.709135495,"totalPublicGas":{"daGas":1152,"l2Gas":506939},"totalBlockGas":{"daGas":1152,"l2Gas":506939},"totalSizeInBytes":1280,"silentlySkippedCount":0,"silentlySkippedDurationMs":0}
[15:52:47.448] INFO: simulator:public-processor Processed 1 successful txs and 0 failed txs (0 silently skipped, 0ms wasted) in 0.006820291000003635s {"blockNumber":10,"successfulCount":1,"failedCount":0,"duration":0.006820291000003635,"rate":1782328.6425745648,"totalPublicGas":{"daGas":0,"l2Gas":12156},"totalBlockGas":{"daGas":0,"l2Gas":12156},"totalSizeInBytes":128,"silentlySkippedCount":0,"silentlySkippedDurationMs":0}
[15:52:47.472] INFO: simulator:public-processor Processed 1 successful txs and 0 failed txs (0 silently skipped, 0ms wasted) in 0.007042667000001529s {"blockNumber":10,"successfulCount":1,"failedCount":0,"duration":0.007042667000001529,"rate":1930944.6265167794,"totalPublicGas":{"daGas":0,"l2Gas":13599},"totalBlockGas":{"daGas":0,"l2Gas":13599},"totalSizeInBytes":128,"silentlySkippedCount":0,"silentlySkippedDurationMs":0}
[15:52:47.494] INFO: simulator:public-processor Processed 1 successful txs and 0 failed txs (0 silently skipped, 0ms wasted) in 0.006713833000001614s {"blockNumber":10,"successfulCount":1,"failedCount":0,"duration":0.006713833000001614,"rate":1810590.1651109103,"totalPublicGas":{"daGas":0,"l2Gas":12156},"totalBlockGas":{"daGas":0,"l2Gas":12156},"totalSizeInBytes":128,"silentlySkippedCount":0,"silentlySkippedDurationMs":0}
[15:52:47.516] INFO: simulator:public-processor Processed 1 successful txs and 0 failed txs (0 silently skipped, 0ms wasted) in 0.006613084000004164s {"blockNumber":10,"successfulCount":1,"failedCount":0,"duration":0.006613084000004164,"rate":2048212.3015512084,"totalPublicGas":{"daGas":0,"l2Gas":13545},"totalBlockGas":{"daGas":0,"l2Gas":13545},"totalSizeInBytes":128,"silentlySkippedCount":0,"silentlySkippedDurationMs":0}
[15:52:47.538] INFO: simulator:public-processor Processed 1 successful txs and 0 failed txs (0 silently skipped, 0ms wasted) in 0.00665116599999601s {"blockNumber":10,"successfulCount":1,"failedCount":0,"duration":0.00665116599999601,"rate":1827649.467778626,"totalPublicGas":{"daGas":0,"l2Gas":12156},"totalBlockGas":{"daGas":0,"l2Gas":12156},"totalSizeInBytes":128,"silentlySkippedCount":0,"silentlySkippedDurationMs":0}
[15:52:47.562] INFO: simulator:public-processor Processed 1 successful txs and 0 failed txs (0 silently skipped, 0ms wasted) in 0.007579542000006768s {"blockNumber":10,"successfulCount":1,"failedCount":0,"duration":0.007579542000006768,"rate":4964943.792113877,"totalPublicGas":{"daGas":0,"l2Gas":37632},"totalBlockGas":{"daGas":0,"l2Gas":37632},"totalSizeInBytes":128,"silentlySkippedCount":0,"silentlySkippedDurationMs":0}
[billboard_test] Testing test_full_flow_declare_immoral_after_post ... [0m[32mok[0m
[15:52:49.003] INFO: kv-store:lmdb-v2 Starting data store with maxReaders 2
[15:52:49.006] INFO: world-state:database Creating world state data store at directory /var/folders/ym/q1vh2x5n58xbsmpmvs5_6w3r0000gn/T/aztec-world-state-y90dHu/world_state with map sizes {"archiveTreeMapSizeKb":10485760,"nullifierTreeMapSizeKb":10485760,"noteHashTreeMapSizeKb":10485760,"messageTreeMapSizeKb":10485760,"publicDataTreeMapSizeKb":10485760} and 2 threads (ephemeral=true).
[15:52:49.021] INFO: txe_node Aztec Node version: txe
[15:52:49.021] INFO: txe_node Aztec Node started on chain 0x1
[15:52:49.040] INFO: txe:top_level_context Created block 1 with timestamp 1789656769
[15:52:49.118] INFO: txe:top_level_context Created block 2 with timestamp 1789656769
[15:52:49.252] INFO: simulator:public-processor Processed 1 successful txs and 0 failed txs (0 silently skipped, 0ms wasted) in 0.09105133300000307s {"blockNumber":3,"successfulCount":1,"failedCount":0,"duration":0.09105133300000307,"rate":63444650.50280818,"totalPublicGas":{"daGas":5792,"l2Gas":5776720},"totalBlockGas":{"daGas":5792,"l2Gas":5776720},"totalSizeInBytes":5920,"silentlySkippedCount":0,"silentlySkippedDurationMs":0}
[15:52:49.423] INFO: simulator:public-processor Processed 1 successful txs and 0 failed txs (0 silently skipped, 0ms wasted) in 0.02179295799999818s {"blockNumber":4,"successfulCount":1,"failedCount":0,"duration":0.02179295799999818,"rate":52341081.92197201,"totalPublicGas":{"daGas":192,"l2Gas":1140667},"totalBlockGas":{"daGas":320,"l2Gas":1731467},"totalSizeInBytes":320,"silentlySkippedCount":0,"silentlySkippedDurationMs":0}
[15:52:49.464] INFO: txe:top_level_context Created block 5 with timestamp 1789656769
[billboard_test] Testing test_full_flow_deposit_below_minimum ... [0m[32mok[0m
[15:52:50.509] INFO: kv-store:lmdb-v2 Starting data store with maxReaders 2
[15:52:50.511] INFO: world-state:database Creating world state data store at directory /var/folders/ym/q1vh2x5n58xbsmpmvs5_6w3r0000gn/T/aztec-world-state-8GeN3E/world_state with map sizes {"archiveTreeMapSizeKb":10485760,"nullifierTreeMapSizeKb":10485760,"noteHashTreeMapSizeKb":10485760,"messageTreeMapSizeKb":10485760,"publicDataTreeMapSizeKb":10485760} and 2 threads (ephemeral=true).
[15:52:50.524] INFO: txe_node Aztec Node version: txe
[15:52:50.524] INFO: txe_node Aztec Node started on chain 0x1
[15:52:50.542] INFO: txe:top_level_context Created block 1 with timestamp 1789656770
[15:52:50.596] INFO: txe:top_level_context Created block 2 with timestamp 1789656770
[15:52:50.727] INFO: simulator:public-processor Processed 1 successful txs and 0 failed txs (0 silently skipped, 0ms wasted) in 0.0898199999999997s {"blockNumber":3,"successfulCount":1,"failedCount":0,"duration":0.0898199999999997,"rate":64314406.59095991,"totalPublicGas":{"daGas":5792,"l2Gas":5776720},"totalBlockGas":{"daGas":5792,"l2Gas":5776720},"totalSizeInBytes":5920,"silentlySkippedCount":0,"silentlySkippedDurationMs":0}
[15:52:50.896] INFO: simulator:public-processor Processed 1 successful txs and 0 failed txs (0 silently skipped, 0ms wasted) in 0.020237584000002244s {"blockNumber":4,"successfulCount":1,"failedCount":0,"duration":0.020237584000002244,"rate":56363793.227485724,"totalPublicGas":{"daGas":192,"l2Gas":1140667},"totalBlockGas":{"daGas":320,"l2Gas":1731467},"totalSizeInBytes":320,"silentlySkippedCount":0,"silentlySkippedDurationMs":0}
[15:52:50.937] INFO: txe:top_level_context Created block 5 with timestamp 1789656770
[15:52:51.167] INFO: simulator:public-processor Processed 1 successful txs and 0 failed txs (0 silently skipped, 0ms wasted) in 0.005471834000003582s {"blockNumber":6,"successfulCount":1,"failedCount":0,"duration":0.005471834000003582,"rate":0,"totalPublicGas":{"daGas":0,"l2Gas":0},"totalBlockGas":{"daGas":1984,"l2Gas":529900},"totalSizeInBytes":1984,"silentlySkippedCount":0,"silentlySkippedDurationMs":0}
[15:52:51.210] INFO: txe:top_level_context Created block 7 with timestamp 1789660371
[15:52:52.086] INFO: simulator:public-processor Processed 1 successful txs and 0 failed txs (0 silently skipped, 0ms wasted) in 0.04269233400000667s {"blockNumber":8,"successfulCount":1,"failedCount":0,"duration":0.04269233400000667,"rate":48254986.480703495,"totalPublicGas":{"daGas":3840,"l2Gas":2060118},"totalBlockGas":{"daGas":5216,"l2Gas":2786868},"totalSizeInBytes":5216,"silentlySkippedCount":0,"silentlySkippedDurationMs":0}
[15:52:52.131] INFO: simulator:public-processor Processed 1 successful txs and 0 failed txs (0 silently skipped, 0ms wasted) in 0.006440999999991618s {"blockNumber":9,"successfulCount":1,"failedCount":0,"duration":0.006440999999991618,"rate":1887284.58314172,"totalPublicGas":{"daGas":0,"l2Gas":12156},"totalBlockGas":{"daGas":0,"l2Gas":12156},"totalSizeInBytes":128,"silentlySkippedCount":0,"silentlySkippedDurationMs":0}
[15:52:52.152] INFO: simulator:public-processor Processed 1 successful txs and 0 failed txs (0 silently skipped, 0ms wasted) in 0.006327250000002095s {"blockNumber":9,"successfulCount":1,"failedCount":0,"duration":0.006327250000002095,"rate":1921213.7974627167,"totalPublicGas":{"daGas":0,"l2Gas":12156},"totalBlockGas":{"daGas":0,"l2Gas":12156},"totalSizeInBytes":128,"silentlySkippedCount":0,"silentlySkippedDurationMs":0}
[15:52:52.175] INFO: simulator:public-processor Processed 1 successful txs and 0 failed txs (0 silently skipped, 0ms wasted) in 0.0063865420000074665s {"blockNumber":9,"successfulCount":1,"failedCount":0,"duration":0.0063865420000074665,"rate":2146231.873208377,"totalPublicGas":{"daGas":0,"l2Gas":13707},"totalBlockGas":{"daGas":0,"l2Gas":13707},"totalSizeInBytes":128,"silentlySkippedCount":0,"silentlySkippedDurationMs":0}
[15:52:52.205] INFO: simulator:public-processor Processed 1 successful txs and 0 failed txs (0 silently skipped, 0ms wasted) in 0.014704833000010695s {"blockNumber":9,"successfulCount":1,"failedCount":0,"duration":0.014704833000010695,"rate":34474311.94897836,"totalPublicGas":{"daGas":1152,"l2Gas":506939},"totalBlockGas":{"daGas":1152,"l2Gas":506939},"totalSizeInBytes":1280,"silentlySkippedCount":0,"silentlySkippedDurationMs":0}
[15:52:52.251] INFO: simulator:public-processor Processed 1 successful txs and 0 failed txs (0 silently skipped, 0ms wasted) in 0.006406208000000333s {"blockNumber":10,"successfulCount":1,"failedCount":0,"duration":0.006406208000000333,"rate":1897534.3916400105,"totalPublicGas":{"daGas":0,"l2Gas":12156},"totalBlockGas":{"daGas":0,"l2Gas":12156},"totalSizeInBytes":128,"silentlySkippedCount":0,"silentlySkippedDurationMs":0}
[15:52:52.272] INFO: simulator:public-processor Processed 1 successful txs and 0 failed txs (0 silently skipped, 0ms wasted) in 0.00639512499999546s {"blockNumber":10,"successfulCount":1,"failedCount":0,"duration":0.00639512499999546,"rate":1900822.8924389484,"totalPublicGas":{"daGas":0,"l2Gas":12156},"totalBlockGas":{"daGas":0,"l2Gas":12156},"totalSizeInBytes":128,"silentlySkippedCount":0,"silentlySkippedDurationMs":0}
[15:52:52.294] INFO: simulator:public-processor Processed 1 successful txs and 0 failed txs (0 silently skipped, 0ms wasted) in 0.006452583999998751s {"blockNumber":10,"successfulCount":1,"failedCount":0,"duration":0.006452583999998751,"rate":2124265.2555941395,"totalPublicGas":{"daGas":0,"l2Gas":13707},"totalBlockGas":{"daGas":0,"l2Gas":13707},"totalSizeInBytes":128,"silentlySkippedCount":0,"silentlySkippedDurationMs":0}
[15:52:52.316] INFO: simulator:public-processor Processed 1 successful txs and 0 failed txs (0 silently skipped, 0ms wasted) in 0.00687970900000073s {"blockNumber":10,"successfulCount":1,"failedCount":0,"duration":0.00687970900000073,"rate":2148928.1014645286,"totalPublicGas":{"daGas":0,"l2Gas":14784},"totalBlockGas":{"daGas":0,"l2Gas":14784},"totalSizeInBytes":128,"silentlySkippedCount":0,"silentlySkippedDurationMs":0}
[15:52:52.319] WARN: txe:top_level_context Could not find function artifact in contract Billboard for function '0x2c552290' when enriching error callstack
[billboard_test] Testing test_full_flow_double_flag_fails ... [0m[32mok[0m
[15:52:52.523] INFO: kv-store:lmdb-v2 Starting data store with maxReaders 2
[15:52:52.524] INFO: world-state:database Creating world state data store at directory /var/folders/ym/q1vh2x5n58xbsmpmvs5_6w3r0000gn/T/aztec-world-state-Suz9jr/world_state with map sizes {"archiveTreeMapSizeKb":10485760,"nullifierTreeMapSizeKb":10485760,"noteHashTreeMapSizeKb":10485760,"messageTreeMapSizeKb":10485760,"publicDataTreeMapSizeKb":10485760} and 2 threads (ephemeral=true).
[15:52:52.537] INFO: txe_node Aztec Node version: txe
[15:52:52.537] INFO: txe_node Aztec Node started on chain 0x1
[15:52:52.555] INFO: txe:top_level_context Created block 1 with timestamp 1789656772
[15:52:52.610] INFO: txe:top_level_context Created block 2 with timestamp 1789656772
[15:52:52.742] INFO: simulator:public-processor Processed 1 successful txs and 0 failed txs (0 silently skipped, 0ms wasted) in 0.09027449999999954s {"blockNumber":3,"successfulCount":1,"failedCount":0,"duration":0.09027449999999954,"rate":63990606.428172186,"totalPublicGas":{"daGas":5792,"l2Gas":5776720},"totalBlockGas":{"daGas":5792,"l2Gas":5776720},"totalSizeInBytes":5920,"silentlySkippedCount":0,"silentlySkippedDurationMs":0}
[15:52:52.919] INFO: simulator:public-processor Processed 1 successful txs and 0 failed txs (0 silently skipped, 0ms wasted) in 0.020796916999999665s {"blockNumber":4,"successfulCount":1,"failedCount":0,"duration":0.020796916999999665,"rate":54847889.23281361,"totalPublicGas":{"daGas":192,"l2Gas":1140667},"totalBlockGas":{"daGas":320,"l2Gas":1731467},"totalSizeInBytes":320,"silentlySkippedCount":0,"silentlySkippedDurationMs":0}
[15:52:52.961] INFO: txe:top_level_context Created block 5 with timestamp 1789656772
[15:52:53.192] INFO: simulator:public-processor Processed 1 successful txs and 0 failed txs (0 silently skipped, 0ms wasted) in 0.0057718340000137685s {"blockNumber":6,"successfulCount":1,"failedCount":0,"duration":0.0057718340000137685,"rate":0,"totalPublicGas":{"daGas":0,"l2Gas":0},"totalBlockGas":{"daGas":1984,"l2Gas":529900},"totalSizeInBytes":1984,"silentlySkippedCount":0,"silentlySkippedDurationMs":0}
[15:52:53.234] INFO: txe:top_level_context Created block 7 with timestamp 1789660373
[billboard_test] Testing test_full_flow_first_post ... [0m[32mok[0m
[15:52:54.105] INFO: simulator:public-processor Processed 1 successful txs and 0 failed txs (0 silently skipped, 0ms wasted) in 0.04264295900000434s {"blockNumber":8,"successfulCount":1,"failedCount":0,"duration":0.04264295900000434,"rate":48310859.47857864,"totalPublicGas":{"daGas":3840,"l2Gas":2060118},"totalBlockGas":{"daGas":5216,"l2Gas":2786868},"totalSizeInBytes":5216,"silentlySkippedCount":0,"silentlySkippedDurationMs":0}
[15:52:54.150] INFO: simulator:public-processor Processed 1 successful txs and 0 failed txs (0 silently skipped, 0ms wasted) in 0.006338625000003958s {"blockNumber":9,"successfulCount":1,"failedCount":0,"duration":0.006338625000003958,"rate":1484706.8567700603,"totalPublicGas":{"daGas":0,"l2Gas":9411},"totalBlockGas":{"daGas":0,"l2Gas":9411},"totalSizeInBytes":128,"silentlySkippedCount":0,"silentlySkippedDurationMs":0}
[15:52:54.172] INFO: simulator:public-processor Processed 1 successful txs and 0 failed txs (0 silently skipped, 0ms wasted) in 0.00647129099999438s {"blockNumber":9,"successfulCount":1,"failedCount":0,"duration":0.00647129099999438,"rate":1878450.5286519423,"totalPublicGas":{"daGas":0,"l2Gas":12156},"totalBlockGas":{"daGas":0,"l2Gas":12156},"totalSizeInBytes":128,"silentlySkippedCount":0,"silentlySkippedDurationMs":0}
[15:52:54.198] INFO: simulator:public-processor Processed 1 successful txs and 0 failed txs (0 silently skipped, 0ms wasted) in 0.010755707999996957s {"blockNumber":9,"successfulCount":1,"failedCount":0,"duration":0.010755707999996957,"rate":14375343.770958059,"totalPublicGas":{"daGas":0,"l2Gas":154617},"totalBlockGas":{"daGas":0,"l2Gas":154617},"totalSizeInBytes":128,"silentlySkippedCount":0,"silentlySkippedDurationMs":0}
[15:52:54.220] INFO: simulator:public-processor Processed 1 successful txs and 0 failed txs (0 silently skipped, 0ms wasted) in 0.0063481250000040745s {"blockNumber":9,"successfulCount":1,"failedCount":0,"duration":0.0063481250000040745,"rate":1914896.1307460389,"totalPublicGas":{"daGas":0,"l2Gas":12156},"totalBlockGas":{"daGas":0,"l2Gas":12156},"totalSizeInBytes":128,"silentlySkippedCount":0,"silentlySkippedDurationMs":0}
[15:52:54.243] INFO: simulator:public-processor Processed 1 successful txs and 0 failed txs (0 silently skipped, 0ms wasted) in 0.006414083999989089s {"blockNumber":9,"successfulCount":1,"failedCount":0,"duration":0.006414083999989089,"rate":2097727.4385590972,"totalPublicGas":{"daGas":0,"l2Gas":13455},"totalBlockGas":{"daGas":0,"l2Gas":13455},"totalSizeInBytes":128,"silentlySkippedCount":0,"silentlySkippedDurationMs":0}
[15:52:55.232] INFO: kv-store:lmdb-v2 Starting data store with maxReaders 2
[15:52:55.233] INFO: world-state:database Creating world state data store at directory /var/folders/ym/q1vh2x5n58xbsmpmvs5_6w3r0000gn/T/aztec-world-state-H1bOhr/world_state with map sizes {"archiveTreeMapSizeKb":10485760,"nullifierTreeMapSizeKb":10485760,"noteHashTreeMapSizeKb":10485760,"messageTreeMapSizeKb":10485760,"publicDataTreeMapSizeKb":10485760} and 2 threads (ephemeral=true).
[15:52:55.247] INFO: txe_node Aztec Node version: txe
[15:52:55.247] INFO: txe_node Aztec Node started on chain 0x1
[15:52:55.264] INFO: txe:top_level_context Created block 1 with timestamp 1789656775
[15:52:55.318] INFO: txe:top_level_context Created block 2 with timestamp 1789656775
[15:52:55.451] INFO: simulator:public-processor Processed 1 successful txs and 0 failed txs (0 silently skipped, 0ms wasted) in 0.09059612499999639s {"blockNumber":3,"successfulCount":1,"failedCount":0,"duration":0.09059612499999639,"rate":63763433.59056726,"totalPublicGas":{"daGas":5792,"l2Gas":5776720},"totalBlockGas":{"daGas":5792,"l2Gas":5776720},"totalSizeInBytes":5920,"silentlySkippedCount":0,"silentlySkippedDurationMs":0}
[15:52:55.621] INFO: simulator:public-processor Processed 1 successful txs and 0 failed txs (0 silently skipped, 0ms wasted) in 0.020294374999997672s {"blockNumber":4,"successfulCount":1,"failedCount":0,"duration":0.020294374999997672,"rate":56206066.95205597,"totalPublicGas":{"daGas":192,"l2Gas":1140667},"totalBlockGas":{"daGas":320,"l2Gas":1731467},"totalSizeInBytes":320,"silentlySkippedCount":0,"silentlySkippedDurationMs":0}
[15:52:55.663] INFO: txe:top_level_context Created block 5 with timestamp 1789656775
[15:52:55.893] INFO: simulator:public-processor Processed 1 successful txs and 0 failed txs (0 silently skipped, 0ms wasted) in 0.005658833000008599s {"blockNumber":6,"successfulCount":1,"failedCount":0,"duration":0.005658833000008599,"rate":0,"totalPublicGas":{"daGas":0,"l2Gas":0},"totalBlockGas":{"daGas":1984,"l2Gas":529900},"totalSizeInBytes":1984,"silentlySkippedCount":0,"silentlySkippedDurationMs":0}
[15:52:55.935] INFO: txe:top_level_context Created block 7 with timestamp 1789660376
[15:52:56.804] INFO: simulator:public-processor Processed 1 successful txs and 0 failed txs (0 silently skipped, 0ms wasted) in 0.04244866699998966s {"blockNumber":8,"successfulCount":1,"failedCount":0,"duration":0.04244866699998966,"rate":48531983.34827574,"totalPublicGas":{"daGas":3840,"l2Gas":2060118},"totalBlockGas":{"daGas":5216,"l2Gas":2786868},"totalSizeInBytes":5216,"silentlySkippedCount":0,"silentlySkippedDurationMs":0}
[15:52:56.850] INFO: simulator:public-processor Processed 1 successful txs and 0 failed txs (0 silently skipped, 0ms wasted) in 0.006493333000005805s {"blockNumber":9,"successfulCount":1,"failedCount":0,"duration":0.006493333000005805,"rate":1872074.0180719413,"totalPublicGas":{"daGas":0,"l2Gas":12156},"totalBlockGas":{"daGas":0,"l2Gas":12156},"totalSizeInBytes":128,"silentlySkippedCount":0,"silentlySkippedDurationMs":0}
[15:52:56.872] INFO: simulator:public-processor Processed 1 successful txs and 0 failed txs (0 silently skipped, 0ms wasted) in 0.006648333000004641s {"blockNumber":9,"successfulCount":1,"failedCount":0,"duration":0.006648333000004641,"rate":1828428.2691603317,"totalPublicGas":{"daGas":0,"l2Gas":12156},"totalBlockGas":{"daGas":0,"l2Gas":12156},"totalSizeInBytes":128,"silentlySkippedCount":0,"silentlySkippedDurationMs":0}
[15:52:56.894] INFO: simulator:public-processor Processed 1 successful txs and 0 failed txs (0 silently skipped, 0ms wasted) in 0.006424041999998735s {"blockNumber":9,"successfulCount":1,"failedCount":0,"duration":0.006424041999998735,"rate":2133703.359972226,"totalPublicGas":{"daGas":0,"l2Gas":13707},"totalBlockGas":{"daGas":0,"l2Gas":13707},"totalSizeInBytes":128,"silentlySkippedCount":0,"silentlySkippedDurationMs":0}
[15:52:56.924] INFO: simulator:public-processor Processed 1 successful txs and 0 failed txs (0 silently skipped, 0ms wasted) in 0.014611374999993132s {"blockNumber":9,"successfulCount":1,"failedCount":0,"duration":0.014611374999993132,"rate":34694818.249496594,"totalPublicGas":{"daGas":1152,"l2Gas":506939},"totalBlockGas":{"daGas":1152,"l2Gas":506939},"totalSizeInBytes":1280,"silentlySkippedCount":0,"silentlySkippedDurationMs":0}
[15:52:56.965] INFO: txe:top_level_context Created block 10 with timestamp 1789663976
[15:52:57.070] INFO: kv-store:lmdb-v2 Starting data store with maxReaders 2
[15:52:57.072] INFO: world-state:database Creating world state data store at directory /var/folders/ym/q1vh2x5n58xbsmpmvs5_6w3r0000gn/T/aztec-world-state-cN2IGV/world_state with map sizes {"archiveTreeMapSizeKb":10485760,"nullifierTreeMapSizeKb":10485760,"noteHashTreeMapSizeKb":10485760,"messageTreeMapSizeKb":10485760,"publicDataTreeMapSizeKb":10485760} and 2 threads (ephemeral=true).
[15:52:57.087] INFO: txe_node Aztec Node version: txe
[15:52:57.088] INFO: txe_node Aztec Node started on chain 0x1
[15:52:57.129] INFO: txe:top_level_context Created block 1 with timestamp 1789656777
[15:52:57.188] INFO: txe:top_level_context Created block 2 with timestamp 1789656777
[15:52:57.322] INFO: simulator:public-processor Processed 1 successful txs and 0 failed txs (0 silently skipped, 0ms wasted) in 0.0917844999999943s {"blockNumber":3,"successfulCount":1,"failedCount":0,"duration":0.0917844999999943,"rate":62937859.8783058,"totalPublicGas":{"daGas":5792,"l2Gas":5776720},"totalBlockGas":{"daGas":5792,"l2Gas":5776720},"totalSizeInBytes":5920,"silentlySkippedCount":0,"silentlySkippedDurationMs":0}
[15:52:57.826] INFO: simulator:public-processor Processed 1 successful txs and 0 failed txs (0 silently skipped, 0ms wasted) in 0.03677395899999829s {"blockNumber":4,"successfulCount":1,"failedCount":0,"duration":0.03677395899999829,"rate":31018335.556420594,"totalPublicGas":{"daGas":192,"l2Gas":1140667},"totalBlockGas":{"daGas":320,"l2Gas":1731467},"totalSizeInBytes":320,"silentlySkippedCount":0,"silentlySkippedDurationMs":0}
[15:52:57.941] INFO: txe:top_level_context Created block 5 with timestamp 1789656777
[15:52:57.984] INFO: simulator:public-processor Processed 1 successful txs and 0 failed txs (0 silently skipped, 0ms wasted) in 0.04291137500001059s {"blockNumber":11,"successfulCount":1,"failedCount":0,"duration":0.04291137500001059,"rate":48008669.03005303,"totalPublicGas":{"daGas":3840,"l2Gas":2060118},"totalBlockGas":{"daGas":5216,"l2Gas":2786868},"totalSizeInBytes":5216,"silentlySkippedCount":0,"silentlySkippedDurationMs":0}
[15:52:58.035] INFO: txe:top_level_context Created block 12 with timestamp 1789678374
[15:52:58.318] INFO: simulator:public-processor Processed 1 successful txs and 0 failed txs (0 silently skipped, 0ms wasted) in 0.005898125000006985s {"blockNumber":6,"successfulCount":1,"failedCount":0,"duration":0.005898125000006985,"rate":0,"totalPublicGas":{"daGas":0,"l2Gas":0},"totalBlockGas":{"daGas":1984,"l2Gas":529900},"totalSizeInBytes":1984,"silentlySkippedCount":0,"silentlySkippedDurationMs":0}
[billboard_test] Testing test_full_flow_flag_penalty_post3_too_early ... [0m[32mok[0m
[billboard_test] Testing test_full_flow_get_deposit_info ... [0m[32mok[0m
[15:53:02.114] INFO: kv-store:lmdb-v2 Starting data store with maxReaders 2
[15:53:02.115] INFO: world-state:database Creating world state data store at directory /var/folders/ym/q1vh2x5n58xbsmpmvs5_6w3r0000gn/T/aztec-world-state-dVkH4w/world_state with map sizes {"archiveTreeMapSizeKb":10485760,"nullifierTreeMapSizeKb":10485760,"noteHashTreeMapSizeKb":10485760,"messageTreeMapSizeKb":10485760,"publicDataTreeMapSizeKb":10485760} and 2 threads (ephemeral=true).
[15:53:02.128] INFO: txe_node Aztec Node version: txe
[15:53:02.128] INFO: txe_node Aztec Node started on chain 0x1
[15:53:02.146] INFO: txe:top_level_context Created block 1 with timestamp 1789656782
[15:53:02.177] INFO: kv-store:lmdb-v2 Starting data store with maxReaders 2
[15:53:02.178] INFO: world-state:database Creating world state data store at directory /var/folders/ym/q1vh2x5n58xbsmpmvs5_6w3r0000gn/T/aztec-world-state-MatcOU/world_state with map sizes {"archiveTreeMapSizeKb":10485760,"nullifierTreeMapSizeKb":10485760,"noteHashTreeMapSizeKb":10485760,"messageTreeMapSizeKb":10485760,"publicDataTreeMapSizeKb":10485760} and 2 threads (ephemeral=true).
[15:53:02.192] INFO: txe_node Aztec Node version: txe
[15:53:02.192] INFO: txe_node Aztec Node started on chain 0x1
[15:53:02.209] INFO: txe:top_level_context Created block 1 with timestamp 1789656782
[15:53:02.213] INFO: txe:top_level_context Created block 2 with timestamp 1789656782
[15:53:02.285] INFO: txe:top_level_context Created block 2 with timestamp 1789656782
[15:53:02.360] INFO: simulator:public-processor Processed 1 successful txs and 0 failed txs (0 silently skipped, 0ms wasted) in 0.09821483399999852s {"blockNumber":3,"successfulCount":1,"failedCount":0,"duration":0.09821483399999852,"rate":58817184.37766832,"totalPublicGas":{"daGas":5792,"l2Gas":5776720},"totalBlockGas":{"daGas":5792,"l2Gas":5776720},"totalSizeInBytes":5920,"silentlySkippedCount":0,"silentlySkippedDurationMs":0}
[15:53:02.424] INFO: simulator:public-processor Processed 1 successful txs and 0 failed txs (0 silently skipped, 0ms wasted) in 0.09673916599999939s {"blockNumber":3,"successfulCount":1,"failedCount":0,"duration":0.09673916599999939,"rate":59714387.03534033,"totalPublicGas":{"daGas":5792,"l2Gas":5776720},"totalBlockGas":{"daGas":5792,"l2Gas":5776720},"totalSizeInBytes":5920,"silentlySkippedCount":0,"silentlySkippedDurationMs":0}
[15:53:02.565] INFO: simulator:public-processor Processed 1 successful txs and 0 failed txs (0 silently skipped, 0ms wasted) in 0.023165875000006053s {"blockNumber":4,"successfulCount":1,"failedCount":0,"duration":0.023165875000006053,"rate":49239107.091776244,"totalPublicGas":{"daGas":192,"l2Gas":1140667},"totalBlockGas":{"daGas":320,"l2Gas":1731467},"totalSizeInBytes":320,"silentlySkippedCount":0,"silentlySkippedDurationMs":0}
[15:53:02.612] INFO: txe:top_level_context Created block 5 with timestamp 1789656782
[15:53:02.626] INFO: simulator:public-processor Processed 1 successful txs and 0 failed txs (0 silently skipped, 0ms wasted) in 0.020556458000006387s {"blockNumber":4,"successfulCount":1,"failedCount":0,"duration":0.020556458000006387,"rate":55489471.970299825,"totalPublicGas":{"daGas":192,"l2Gas":1140667},"totalBlockGas":{"daGas":320,"l2Gas":1731467},"totalSizeInBytes":320,"silentlySkippedCount":0,"silentlySkippedDurationMs":0}
[15:53:02.672] INFO: txe:top_level_context Created block 5 with timestamp 1789656782
[15:53:02.933] INFO: simulator:public-processor Processed 1 successful txs and 0 failed txs (0 silently skipped, 0ms wasted) in 0.019403708000012558s {"blockNumber":6,"successfulCount":1,"failedCount":0,"duration":0.019403708000012558,"rate":0,"totalPublicGas":{"daGas":0,"l2Gas":0},"totalBlockGas":{"daGas":1984,"l2Gas":529900},"totalSizeInBytes":1984,"silentlySkippedCount":0,"silentlySkippedDurationMs":0}
[15:53:02.995] INFO: txe:top_level_context Created block 7 with timestamp 1789660383
[15:53:03.031] INFO: simulator:public-processor Processed 1 successful txs and 0 failed txs (0 silently skipped, 0ms wasted) in 0.026755042000004323s {"blockNumber":6,"successfulCount":1,"failedCount":0,"duration":0.026755042000004323,"rate":0,"totalPublicGas":{"daGas":0,"l2Gas":0},"totalBlockGas":{"daGas":1984,"l2Gas":529900},"totalSizeInBytes":1984,"silentlySkippedCount":0,"silentlySkippedDurationMs":0}
[15:53:03.106] INFO: txe:top_level_context Created block 7 with timestamp 1789656882
[billboard_test] Testing test_full_flow_post_too_early ... [0m[32mok[0m
[15:53:04.340] INFO: simulator:public-processor Processed 1 successful txs and 0 failed txs (0 silently skipped, 0ms wasted) in 0.29435883299999116s {"blockNumber":8,"successfulCount":1,"failedCount":0,"duration":0.29435883299999116,"rate":6998662.071744462,"totalPublicGas":{"daGas":3840,"l2Gas":2060118},"totalBlockGas":{"daGas":5216,"l2Gas":2786868},"totalSizeInBytes":5216,"silentlySkippedCount":0,"silentlySkippedDurationMs":0}
[15:53:04.407] INFO: simulator:public-processor Processed 1 successful txs and 0 failed txs (0 silently skipped, 0ms wasted) in 0.006738500000006752s {"blockNumber":9,"successfulCount":1,"failedCount":0,"duration":0.006738500000006752,"rate":1396601.6175692766,"totalPublicGas":{"daGas":0,"l2Gas":9411},"totalBlockGas":{"daGas":0,"l2Gas":9411},"totalSizeInBytes":128,"silentlySkippedCount":0,"silentlySkippedDurationMs":0}
[15:53:04.427] INFO: txe:top_level_context Created block 9 with timestamp 1789663984
[15:53:05.305] INFO: simulator:public-processor Processed 1 successful txs and 0 failed txs (0 silently skipped, 0ms wasted) in 0.04203804099999252s {"blockNumber":10,"successfulCount":1,"failedCount":0,"duration":0.04203804099999252,"rate":49006041.932362325,"totalPublicGas":{"daGas":3840,"l2Gas":2060118},"totalBlockGas":{"daGas":5216,"l2Gas":2786868},"totalSizeInBytes":5216,"silentlySkippedCount":0,"silentlySkippedDurationMs":0}
[15:53:05.350] INFO: simulator:public-processor Processed 1 successful txs and 0 failed txs (0 silently skipped, 0ms wasted) in 0.006323290999993333s {"blockNumber":11,"successfulCount":1,"failedCount":0,"duration":0.006323290999993333,"rate":1488307.2754377306,"totalPublicGas":{"daGas":0,"l2Gas":9411},"totalBlockGas":{"daGas":0,"l2Gas":9411},"totalSizeInBytes":128,"silentlySkippedCount":0,"silentlySkippedDurationMs":0}
[15:53:05.369] INFO: txe:top_level_context Created block 11 with timestamp 1789667585
[15:53:06.264] INFO: simulator:public-processor Processed 1 successful txs and 0 failed txs (0 silently skipped, 0ms wasted) in 0.043074124999999186s {"blockNumber":12,"successfulCount":1,"failedCount":0,"duration":0.043074124999999186,"rate":47827274.49483974,"totalPublicGas":{"daGas":3840,"l2Gas":2060118},"totalBlockGas":{"daGas":5216,"l2Gas":2786868},"totalSizeInBytes":5216,"silentlySkippedCount":0,"silentlySkippedDurationMs":0}
[15:53:06.309] INFO: simulator:public-processor Processed 1 successful txs and 0 failed txs (0 silently skipped, 0ms wasted) in 0.006322000000000117s {"blockNumber":13,"successfulCount":1,"failedCount":0,"duration":0.006322000000000117,"rate":1488611.1989876346,"totalPublicGas":{"daGas":0,"l2Gas":9411},"totalBlockGas":{"daGas":0,"l2Gas":9411},"totalSizeInBytes":128,"silentlySkippedCount":0,"silentlySkippedDurationMs":0}
[15:53:06.331] INFO: simulator:public-processor Processed 1 successful txs and 0 failed txs (0 silently skipped, 0ms wasted) in 0.006368125000008149s {"blockNumber":13,"successfulCount":1,"failedCount":0,"duration":0.006368125000008149,"rate":1908882.1277824233,"totalPublicGas":{"daGas":0,"l2Gas":12156},"totalBlockGas":{"daGas":0,"l2Gas":12156},"totalSizeInBytes":128,"silentlySkippedCount":0,"silentlySkippedDurationMs":0}
[15:53:06.357] INFO: simulator:public-processor Processed 1 successful txs and 0 failed txs (0 silently skipped, 0ms wasted) in 0.010665292000005138s {"blockNumber":13,"successfulCount":1,"failedCount":0,"duration":0.010665292000005138,"rate":14497212.078199595,"totalPublicGas":{"daGas":0,"l2Gas":154617},"totalBlockGas":{"daGas":0,"l2Gas":154617},"totalSizeInBytes":128,"silentlySkippedCount":0,"silentlySkippedDurationMs":0}
[15:53:06.379] INFO: simulator:public-processor Processed 1 successful txs and 0 failed txs (0 silently skipped, 0ms wasted) in 0.006395292000001064s {"blockNumber":13,"successfulCount":1,"failedCount":0,"duration":0.006395292000001064,"rate":1900773.2563263692,"totalPublicGas":{"daGas":0,"l2Gas":12156},"totalBlockGas":{"daGas":0,"l2Gas":12156},"totalSizeInBytes":128,"silentlySkippedCount":0,"silentlySkippedDurationMs":0}
[15:53:06.405] INFO: simulator:public-processor Processed 1 successful txs and 0 failed txs (0 silently skipped, 0ms wasted) in 0.010535625000004075s {"blockNumber":13,"successfulCount":1,"failedCount":0,"duration":0.010535625000004075,"rate":14675636.234199699,"totalPublicGas":{"daGas":0,"l2Gas":154617},"totalBlockGas":{"daGas":0,"l2Gas":154617},"totalSizeInBytes":128,"silentlySkippedCount":0,"silentlySkippedDurationMs":0}
[15:53:06.427] INFO: simulator:public-processor Processed 1 successful txs and 0 failed txs (0 silently skipped, 0ms wasted) in 0.006500291999996989s {"blockNumber":13,"successfulCount":1,"failedCount":0,"duration":0.006500291999996989,"rate":1870069.8368635795,"totalPublicGas":{"daGas":0,"l2Gas":12156},"totalBlockGas":{"daGas":0,"l2Gas":12156},"totalSizeInBytes":128,"silentlySkippedCount":0,"silentlySkippedDurationMs":0}
[15:53:06.453] INFO: simulator:public-processor Processed 1 successful txs and 0 failed txs (0 silently skipped, 0ms wasted) in 0.010733583000008366s {"blockNumber":13,"successfulCount":1,"failedCount":0,"duration":0.010733583000008366,"rate":14404975.486739095,"totalPublicGas":{"daGas":0,"l2Gas":154617},"totalBlockGas":{"daGas":0,"l2Gas":154617},"totalSizeInBytes":128,"silentlySkippedCount":0,"silentlySkippedDurationMs":0}
[billboard_test] Testing test_full_flow_multiple_posts ... [0m[32mok[0m
[15:53:07.278] INFO: kv-store:lmdb-v2 Starting data store with maxReaders 2
[15:53:07.279] INFO: world-state:database Creating world state data store at directory /var/folders/ym/q1vh2x5n58xbsmpmvs5_6w3r0000gn/T/aztec-world-state-pWverL/world_state with map sizes {"archiveTreeMapSizeKb":10485760,"nullifierTreeMapSizeKb":10485760,"noteHashTreeMapSizeKb":10485760,"messageTreeMapSizeKb":10485760,"publicDataTreeMapSizeKb":10485760} and 2 threads (ephemeral=true).
[15:53:07.293] INFO: txe_node Aztec Node version: txe
[15:53:07.293] INFO: txe_node Aztec Node started on chain 0x1
[15:53:07.311] INFO: txe:top_level_context Created block 1 with timestamp 1789656787
[15:53:07.364] INFO: txe:top_level_context Created block 2 with timestamp 1789656787
[15:53:07.497] INFO: simulator:public-processor Processed 1 successful txs and 0 failed txs (0 silently skipped, 0ms wasted) in 0.08976933300000382s {"blockNumber":3,"successfulCount":1,"failedCount":0,"duration":0.08976933300000382,"rate":64350706.49349432,"totalPublicGas":{"daGas":5792,"l2Gas":5776720},"totalBlockGas":{"daGas":5792,"l2Gas":5776720},"totalSizeInBytes":5920,"silentlySkippedCount":0,"silentlySkippedDurationMs":0}
[15:53:07.677] INFO: simulator:public-processor Processed 1 successful txs and 0 failed txs (0 silently skipped, 0ms wasted) in 0.02051266600000963s {"blockNumber":4,"successfulCount":1,"failedCount":0,"duration":0.02051266600000963,"rate":55607935.11674516,"totalPublicGas":{"daGas":192,"l2Gas":1140667},"totalBlockGas":{"daGas":320,"l2Gas":1731467},"totalSizeInBytes":320,"silentlySkippedCount":0,"silentlySkippedDurationMs":0}
[15:53:07.719] INFO: txe:top_level_context Created block 5 with timestamp 1789656787
[15:53:07.951] INFO: simulator:public-processor Processed 1 successful txs and 0 failed txs (0 silently skipped, 0ms wasted) in 0.005996832999997423s {"blockNumber":6,"successfulCount":1,"failedCount":0,"duration":0.005996832999997423,"rate":0,"totalPublicGas":{"daGas":0,"l2Gas":0},"totalBlockGas":{"daGas":1984,"l2Gas":529900},"totalSizeInBytes":1984,"silentlySkippedCount":0,"silentlySkippedDurationMs":0}
[15:53:07.993] INFO: txe:top_level_context Created block 7 with timestamp 1789660388
[15:53:08.852] INFO: simulator:public-processor Processed 1 successful txs and 0 failed txs (0 silently skipped, 0ms wasted) in 0.04243424999999115s {"blockNumber":8,"successfulCount":1,"failedCount":0,"duration":0.04243424999999115,"rate":48548472.0479431,"totalPublicGas":{"daGas":3840,"l2Gas":2060118},"totalBlockGas":{"daGas":5216,"l2Gas":2786868},"totalSizeInBytes":5216,"silentlySkippedCount":0,"silentlySkippedDurationMs":0}
[15:53:08.895] INFO: txe:top_level_context Created block 9 with timestamp 1789663989
[15:53:09.489] INFO: kv-store:lmdb-v2 Starting data store with maxReaders 2
[15:53:09.575] INFO: world-state:database Creating world state data store at directory /var/folders/ym/q1vh2x5n58xbsmpmvs5_6w3r0000gn/T/aztec-world-state-zUpICB/world_state with map sizes {"archiveTreeMapSizeKb":10485760,"nullifierTreeMapSizeKb":10485760,"noteHashTreeMapSizeKb":10485760,"messageTreeMapSizeKb":10485760,"publicDataTreeMapSizeKb":10485760} and 2 threads (ephemeral=true).
[15:53:09.589] INFO: txe_node Aztec Node version: txe
[15:53:09.589] INFO: txe_node Aztec Node started on chain 0x1
[15:53:09.629] INFO: txe:top_level_context Created block 1 with timestamp 1789656789
[15:53:09.778] INFO: txe:top_level_context Created block 2 with timestamp 1789656789
[15:53:09.804] INFO: simulator:public-processor Processed 1 successful txs and 0 failed txs (0 silently skipped, 0ms wasted) in 0.043941042000005835s {"blockNumber":10,"successfulCount":1,"failedCount":0,"duration":0.043941042000005835,"rate":46883685.64404382,"totalPublicGas":{"daGas":3840,"l2Gas":2060118},"totalBlockGas":{"daGas":5216,"l2Gas":2786868},"totalSizeInBytes":5216,"silentlySkippedCount":0,"silentlySkippedDurationMs":0}
[15:53:09.856] INFO: simulator:public-processor Processed 1 successful txs and 0 failed txs (0 silently skipped, 0ms wasted) in 0.006436333000005107s {"blockNumber":11,"successfulCount":1,"failedCount":0,"duration":0.006436333000005107,"rate":1462167.9767023448,"totalPublicGas":{"daGas":0,"l2Gas":9411},"totalBlockGas":{"daGas":0,"l2Gas":9411},"totalSizeInBytes":128,"silentlySkippedCount":0,"silentlySkippedDurationMs":0}
[15:53:09.878] INFO: simulator:public-processor Processed 1 successful txs and 0 failed txs (0 silently skipped, 0ms wasted) in 0.006711291999992682s {"blockNumber":11,"successfulCount":1,"failedCount":0,"duration":0.006711291999992682,"rate":1811275.6828362192,"totalPublicGas":{"daGas":0,"l2Gas":12156},"totalBlockGas":{"daGas":0,"l2Gas":12156},"totalSizeInBytes":128,"silentlySkippedCount":0,"silentlySkippedDurationMs":0}
[15:53:09.905] INFO: simulator:public-processor Processed 1 successful txs and 0 failed txs (0 silently skipped, 0ms wasted) in 0.011924874999996973s {"blockNumber":11,"successfulCount":1,"failedCount":0,"duration":0.011924874999996973,"rate":12965922.074658163,"totalPublicGas":{"daGas":0,"l2Gas":154617},"totalBlockGas":{"daGas":0,"l2Gas":154617},"totalSizeInBytes":128,"silentlySkippedCount":0,"silentlySkippedDurationMs":0}
[15:53:09.914] INFO: simulator:public-processor Processed 1 successful txs and 0 failed txs (0 silently skipped, 0ms wasted) in 0.09257595900000888s {"blockNumber":3,"successfulCount":1,"failedCount":0,"duration":0.09257595900000888,"rate":62399785.67221157,"totalPublicGas":{"daGas":5792,"l2Gas":5776720},"totalBlockGas":{"daGas":5792,"l2Gas":5776720},"totalSizeInBytes":5920,"silentlySkippedCount":0,"silentlySkippedDurationMs":0}
[billboard_test] Testing test_full_flow_second_post_screens_first ... [0m[32mok[0m
[15:53:10.087] INFO: simulator:public-processor Processed 1 successful txs and 0 failed txs (0 silently skipped, 0ms wasted) in 0.02017766699999629s {"blockNumber":4,"successfulCount":1,"failedCount":0,"duration":0.02017766699999629,"rate":56531163.88530991,"totalPublicGas":{"daGas":192,"l2Gas":1140667},"totalBlockGas":{"daGas":320,"l2Gas":1731467},"totalSizeInBytes":320,"silentlySkippedCount":0,"silentlySkippedDurationMs":0}
[15:53:10.129] INFO: txe:top_level_context Created block 5 with timestamp 1789656789
[15:53:10.353] INFO: simulator:public-processor Processed 1 successful txs and 0 failed txs (0 silently skipped, 0ms wasted) in 0.005440042000001995s {"blockNumber":6,"successfulCount":1,"failedCount":0,"duration":0.005440042000001995,"rate":0,"totalPublicGas":{"daGas":0,"l2Gas":0},"totalBlockGas":{"daGas":1984,"l2Gas":529900},"totalSizeInBytes":1984,"silentlySkippedCount":0,"silentlySkippedDurationMs":0}
[15:53:10.395] INFO: txe:top_level_context Created block 7 with timestamp 1789660390
[15:53:11.333] INFO: simulator:public-processor Processed 1 successful txs and 0 failed txs (0 silently skipped, 0ms wasted) in 0.04787245799999801s {"blockNumber":8,"successfulCount":1,"failedCount":0,"duration":0.04787245799999801,"rate":43033470.30979871,"totalPublicGas":{"daGas":3840,"l2Gas":2060118},"totalBlockGas":{"daGas":5216,"l2Gas":2786868},"totalSizeInBytes":5216,"silentlySkippedCount":0,"silentlySkippedDurationMs":0}
[15:53:11.381] INFO: simulator:public-processor Processed 1 successful txs and 0 failed txs (0 silently skipped, 0ms wasted) in 0.006652833999993163s {"blockNumber":9,"successfulCount":1,"failedCount":0,"duration":0.006652833999993163,"rate":1827191.2391038905,"totalPublicGas":{"daGas":0,"l2Gas":12156},"totalBlockGas":{"daGas":0,"l2Gas":12156},"totalSizeInBytes":128,"silentlySkippedCount":0,"silentlySkippedDurationMs":0}
[15:53:11.403] INFO: simulator:public-processor Processed 1 successful txs and 0 failed txs (0 silently skipped, 0ms wasted) in 0.006751709000003757s {"blockNumber":9,"successfulCount":1,"failedCount":0,"duration":0.006751709000003757,"rate":1800433.0459137436,"totalPublicGas":{"daGas":0,"l2Gas":12156},"totalBlockGas":{"daGas":0,"l2Gas":12156},"totalSizeInBytes":128,"silentlySkippedCount":0,"silentlySkippedDurationMs":0}
[15:53:11.425] INFO: simulator:public-processor Processed 1 successful txs and 0 failed txs (0 silently skipped, 0ms wasted) in 0.006760542000003624s {"blockNumber":9,"successfulCount":1,"failedCount":0,"duration":0.006760542000003624,"rate":2027500.1619681753,"totalPublicGas":{"daGas":0,"l2Gas":13707},"totalBlockGas":{"daGas":0,"l2Gas":13707},"totalSizeInBytes":128,"silentlySkippedCount":0,"silentlySkippedDurationMs":0}
[15:53:11.455] INFO: simulator:public-processor Processed 1 successful txs and 0 failed txs (0 silently skipped, 0ms wasted) in 0.015137707999994745s {"blockNumber":9,"successfulCount":1,"failedCount":0,"duration":0.015137707999994745,"rate":33488491.124295432,"totalPublicGas":{"daGas":1152,"l2Gas":506939},"totalBlockGas":{"daGas":1152,"l2Gas":506939},"totalSizeInBytes":1280,"silentlySkippedCount":0,"silentlySkippedDurationMs":0}
[15:53:11.498] INFO: txe:top_level_context Created block 10 with timestamp 1789663990
[15:53:12.447] INFO: simulator:public-processor Processed 1 successful txs and 0 failed txs (0 silently skipped, 0ms wasted) in 0.05310587500000838s {"blockNumber":11,"successfulCount":1,"failedCount":0,"duration":0.05310587500000838,"rate":38792657.12126342,"totalPublicGas":{"daGas":3840,"l2Gas":2060118},"totalBlockGas":{"daGas":5216,"l2Gas":2786868},"totalSizeInBytes":5216,"silentlySkippedCount":0,"silentlySkippedDurationMs":0}
[15:53:12.503] INFO: simulator:public-processor Processed 1 successful txs and 0 failed txs (0 silently skipped, 0ms wasted) in 0.007697916000004625s {"blockNumber":12,"successfulCount":1,"failedCount":0,"duration":0.007697916000004625,"rate":1222538.6715046444,"totalPublicGas":{"daGas":0,"l2Gas":9411},"totalBlockGas":{"daGas":0,"l2Gas":9411},"totalSizeInBytes":128,"silentlySkippedCount":0,"silentlySkippedDurationMs":0}
[billboard_test] Testing test_full_flow_second_post_with_flag ... [0m[32mok[0m
[15:53:12.923] INFO: kv-store:lmdb-v2 Starting data store with maxReaders 2
[15:53:12.924] INFO: world-state:database Creating world state data store at directory /var/folders/ym/q1vh2x5n58xbsmpmvs5_6w3r0000gn/T/aztec-world-state-R3vYwv/world_state with map sizes {"archiveTreeMapSizeKb":10485760,"nullifierTreeMapSizeKb":10485760,"noteHashTreeMapSizeKb":10485760,"messageTreeMapSizeKb":10485760,"publicDataTreeMapSizeKb":10485760} and 2 threads (ephemeral=true).
[15:53:12.937] INFO: txe_node Aztec Node version: txe
[15:53:12.937] INFO: txe_node Aztec Node started on chain 0x1
[15:53:12.954] INFO: txe:top_level_context Created block 1 with timestamp 1789656792
[15:53:13.007] INFO: txe:top_level_context Created block 2 with timestamp 1789656792
[15:53:13.138] INFO: simulator:public-processor Processed 1 successful txs and 0 failed txs (0 silently skipped, 0ms wasted) in 0.08902791599999182s {"blockNumber":3,"successfulCount":1,"failedCount":0,"duration":0.08902791599999182,"rate":64886613.767310135,"totalPublicGas":{"daGas":5792,"l2Gas":5776720},"totalBlockGas":{"daGas":5792,"l2Gas":5776720},"totalSizeInBytes":5920,"silentlySkippedCount":0,"silentlySkippedDurationMs":0}
[15:53:13.307] INFO: simulator:public-processor Processed 1 successful txs and 0 failed txs (0 silently skipped, 0ms wasted) in 0.020228833000001032s {"blockNumber":4,"successfulCount":1,"failedCount":0,"duration":0.020228833000001032,"rate":56388176.22350937,"totalPublicGas":{"daGas":192,"l2Gas":1140667},"totalBlockGas":{"daGas":320,"l2Gas":1731467},"totalSizeInBytes":320,"silentlySkippedCount":0,"silentlySkippedDurationMs":0}
[15:53:13.348] INFO: txe:top_level_context Created block 5 with timestamp 1789656792
[15:53:13.572] INFO: simulator:public-processor Processed 1 successful txs and 0 failed txs (0 silently skipped, 0ms wasted) in 0.005644915999990189s {"blockNumber":6,"successfulCount":1,"failedCount":0,"duration":0.005644915999990189,"rate":0,"totalPublicGas":{"daGas":0,"l2Gas":0},"totalBlockGas":{"daGas":1984,"l2Gas":529900},"totalSizeInBytes":1984,"silentlySkippedCount":0,"silentlySkippedDurationMs":0}
[15:53:13.613] INFO: txe:top_level_context Created block 7 with timestamp 1789660393
[15:53:14.473] INFO: simulator:public-processor Processed 1 successful txs and 0 failed txs (0 silently skipped, 0ms wasted) in 0.042315583000003244s {"blockNumber":8,"successfulCount":1,"failedCount":0,"duration":0.042315583000003244,"rate":48684618.14646018,"totalPublicGas":{"daGas":3840,"l2Gas":2060118},"totalBlockGas":{"daGas":5216,"l2Gas":2786868},"totalSizeInBytes":5216,"silentlySkippedCount":0,"silentlySkippedDurationMs":0}
[15:53:14.516] INFO: txe:top_level_context Created block 9 with timestamp 1789663994
[billboard_test] Testing test_full_flow_second_post_without_flag ... [0m[32mok[0m
[billboard_test] Testing test_get_post_rejects_invalid_id ... [0m[32mok[0m
[15:53:15.278] INFO: kv-store:lmdb-v2 Starting data store with maxReaders 2
[15:53:15.280] INFO: world-state:database Creating world state data store at directory /var/folders/ym/q1vh2x5n58xbsmpmvs5_6w3r0000gn/T/aztec-world-state-UnkK3J/world_state with map sizes {"archiveTreeMapSizeKb":10485760,"nullifierTreeMapSizeKb":10485760,"noteHashTreeMapSizeKb":10485760,"messageTreeMapSizeKb":10485760,"publicDataTreeMapSizeKb":10485760} and 2 threads (ephemeral=true).
[15:53:15.295] INFO: txe_node Aztec Node version: txe
[15:53:15.295] INFO: txe_node Aztec Node started on chain 0x1
[15:53:15.382] INFO: txe:top_level_context Created block 1 with timestamp 1789656795
[15:53:15.425] INFO: simulator:public-processor Processed 1 successful txs and 0 failed txs (0 silently skipped, 0ms wasted) in 0.04307241700000304s {"blockNumber":10,"successfulCount":1,"failedCount":0,"duration":0.04307241700000304,"rate":47829171.04465845,"totalPublicGas":{"daGas":3840,"l2Gas":2060118},"totalBlockGas":{"daGas":5216,"l2Gas":2786868},"totalSizeInBytes":5216,"silentlySkippedCount":0,"silentlySkippedDurationMs":0}
[15:53:15.431] INFO: txe:top_level_context Created block 2 with timestamp 1789656795
[15:53:15.477] INFO: simulator:public-processor Processed 1 successful txs and 0 failed txs (0 silently skipped, 0ms wasted) in 0.006558792000010726s {"blockNumber":11,"successfulCount":1,"failedCount":0,"duration":0.006558792000010726,"rate":1434867.884205599,"totalPublicGas":{"daGas":0,"l2Gas":9411},"totalBlockGas":{"daGas":0,"l2Gas":9411},"totalSizeInBytes":128,"silentlySkippedCount":0,"silentlySkippedDurationMs":0}
[15:53:15.574] INFO: simulator:public-processor Processed 1 successful txs and 0 failed txs (0 silently skipped, 0ms wasted) in 0.09100779200000397s {"blockNumber":3,"successfulCount":1,"failedCount":0,"duration":0.09100779200000397,"rate":63475004.42599187,"totalPublicGas":{"daGas":5792,"l2Gas":5776720},"totalBlockGas":{"daGas":5792,"l2Gas":5776720},"totalSizeInBytes":5920,"silentlySkippedCount":0,"silentlySkippedDurationMs":0}
[15:53:15.620] INFO: simulator:public-processor Processed 1 successful txs and 0 failed txs (0 silently skipped, 0ms wasted) in 0.007029542000003858s {"blockNumber":4,"successfulCount":1,"failedCount":0,"duration":0.007029542000003858,"rate":1512047.2998090298,"totalPublicGas":{"daGas":0,"l2Gas":10629},"totalBlockGas":{"daGas":0,"l2Gas":10629},"totalSizeInBytes":128,"silentlySkippedCount":0,"silentlySkippedDurationMs":0}
[15:53:15.623] WARN: txe:top_level_context Could not find function artifact in contract Billboard for function '0x3468ad20' when enriching error callstack
[15:53:18.517] INFO: kv-store:lmdb-v2 Starting data store with maxReaders 2
[15:53:18.520] INFO: world-state:database Creating world state data store at directory /var/folders/ym/q1vh2x5n58xbsmpmvs5_6w3r0000gn/T/aztec-world-state-3qNhL1/world_state with map sizes {"archiveTreeMapSizeKb":10485760,"nullifierTreeMapSizeKb":10485760,"noteHashTreeMapSizeKb":10485760,"messageTreeMapSizeKb":10485760,"publicDataTreeMapSizeKb":10485760} and 2 threads (ephemeral=true).
[15:53:18.533] INFO: txe_node Aztec Node version: txe
[15:53:18.533] INFO: txe_node Aztec Node started on chain 0x1
[15:53:18.550] INFO: txe:top_level_context Created block 1 with timestamp 1789656798
[15:53:18.604] INFO: txe:top_level_context Created block 2 with timestamp 1789656798
[15:53:18.671] INFO: kv-store:lmdb-v2 Starting data store with maxReaders 2
[15:53:18.673] INFO: world-state:database Creating world state data store at directory /var/folders/ym/q1vh2x5n58xbsmpmvs5_6w3r0000gn/T/aztec-world-state-sfK9qp/world_state with map sizes {"archiveTreeMapSizeKb":10485760,"nullifierTreeMapSizeKb":10485760,"noteHashTreeMapSizeKb":10485760,"messageTreeMapSizeKb":10485760,"publicDataTreeMapSizeKb":10485760} and 2 threads (ephemeral=true).
[15:53:18.686] INFO: txe_node Aztec Node version: txe
[15:53:18.686] INFO: txe_node Aztec Node started on chain 0x1
[15:53:18.704] INFO: txe:top_level_context Created block 1 with timestamp 1789656798
[15:53:18.738] INFO: simulator:public-processor Processed 1 successful txs and 0 failed txs (0 silently skipped, 0ms wasted) in 0.09215429200000654s {"blockNumber":3,"successfulCount":1,"failedCount":0,"duration":0.09215429200000654,"rate":62685306.07342293,"totalPublicGas":{"daGas":5792,"l2Gas":5776720},"totalBlockGas":{"daGas":5792,"l2Gas":5776720},"totalSizeInBytes":5920,"silentlySkippedCount":0,"silentlySkippedDurationMs":0}
[15:53:18.757] INFO: txe:top_level_context Created block 2 with timestamp 1789656798
[15:53:18.912] INFO: simulator:public-processor Processed 1 successful txs and 0 failed txs (0 silently skipped, 0ms wasted) in 0.09333233299999848s {"blockNumber":3,"successfulCount":1,"failedCount":0,"duration":0.09333233299999848,"rate":61894091.94346502,"totalPublicGas":{"daGas":5792,"l2Gas":5776720},"totalBlockGas":{"daGas":5792,"l2Gas":5776720},"totalSizeInBytes":5920,"silentlySkippedCount":0,"silentlySkippedDurationMs":0}
[15:53:18.950] INFO: simulator:public-processor Processed 1 successful txs and 0 failed txs (0 silently skipped, 0ms wasted) in 0.03027529100001266s {"blockNumber":4,"successfulCount":1,"failedCount":0,"duration":0.03027529100001266,"rate":37676499.95501358,"totalPublicGas":{"daGas":192,"l2Gas":1140667},"totalBlockGas":{"daGas":320,"l2Gas":1731467},"totalSizeInBytes":320,"silentlySkippedCount":0,"silentlySkippedDurationMs":0}
[15:53:18.992] INFO: txe:top_level_context Created block 5 with timestamp 1789656798
[15:53:19.137] INFO: simulator:public-processor Processed 1 successful txs and 0 failed txs (0 silently skipped, 0ms wasted) in 0.023565667000002576s {"blockNumber":4,"successfulCount":1,"failedCount":0,"duration":0.023565667000002576,"rate":48403764.68019663,"totalPublicGas":{"daGas":192,"l2Gas":1140667},"totalBlockGas":{"daGas":320,"l2Gas":1731467},"totalSizeInBytes":320,"silentlySkippedCount":0,"silentlySkippedDurationMs":0}
[15:53:19.204] INFO: txe:top_level_context Created block 5 with timestamp 1789656798
[15:53:19.312] INFO: simulator:public-processor Processed 1 successful txs and 0 failed txs (0 silently skipped, 0ms wasted) in 0.006300250000000233s {"blockNumber":6,"successfulCount":1,"failedCount":0,"duration":0.006300250000000233,"rate":0,"totalPublicGas":{"daGas":0,"l2Gas":0},"totalBlockGas":{"daGas":1984,"l2Gas":529900},"totalSizeInBytes":1984,"silentlySkippedCount":0,"silentlySkippedDurationMs":0}
[15:53:19.377] INFO: txe:top_level_context Created block 7 with timestamp 1789663999
[15:53:19.609] INFO: simulator:public-processor Processed 1 successful txs and 0 failed txs (0 silently skipped, 0ms wasted) in 0.005608250000004773s {"blockNumber":6,"successfulCount":1,"failedCount":0,"duration":0.005608250000004773,"rate":0,"totalPublicGas":{"daGas":0,"l2Gas":0},"totalBlockGas":{"daGas":1984,"l2Gas":529900},"totalSizeInBytes":1984,"silentlySkippedCount":0,"silentlySkippedDurationMs":0}
[15:53:19.655] INFO: txe:top_level_context Created block 7 with timestamp 1789663999
[15:53:20.808] INFO: simulator:public-processor Processed 1 successful txs and 0 failed txs (0 silently skipped, 0ms wasted) in 0.29383541600000174s {"blockNumber":8,"successfulCount":1,"failedCount":0,"duration":0.29383541600000174,"rate":7011128.978407381,"totalPublicGas":{"daGas":3840,"l2Gas":2060118},"totalBlockGas":{"daGas":5216,"l2Gas":2786868},"totalSizeInBytes":5216,"silentlySkippedCount":0,"silentlySkippedDurationMs":0}
[15:53:20.948] INFO: txe:top_level_context Created block 9 with timestamp 1789671200
[15:53:21.047] INFO: simulator:public-processor Processed 1 successful txs and 0 failed txs (0 silently skipped, 0ms wasted) in 0.08552854200000001s {"blockNumber":8,"successfulCount":1,"failedCount":0,"duration":0.08552854200000001,"rate":24086906.56740062,"totalPublicGas":{"daGas":3840,"l2Gas":2060118},"totalBlockGas":{"daGas":5216,"l2Gas":2786868},"totalSizeInBytes":5216,"silentlySkippedCount":0,"silentlySkippedDurationMs":0}
[15:53:21.114] INFO: txe:top_level_context Created block 9 with timestamp 1789671200
[15:53:22.484] INFO: simulator:public-processor Processed 1 successful txs and 0 failed txs (0 silently skipped, 0ms wasted) in 0.3038931250000023s {"blockNumber":10,"successfulCount":1,"failedCount":0,"duration":0.3038931250000023,"rate":6779087.2202192275,"totalPublicGas":{"daGas":3840,"l2Gas":2060118},"totalBlockGas":{"daGas":5216,"l2Gas":2786868},"totalSizeInBytes":5216,"silentlySkippedCount":0,"silentlySkippedDurationMs":0}
[15:53:22.552] INFO: txe:top_level_context Created block 11 with timestamp 1789678401
[15:53:22.750] INFO: simulator:public-processor Processed 1 successful txs and 0 failed txs (0 silently skipped, 0ms wasted) in 0.08189808299999277s {"blockNumber":10,"successfulCount":1,"failedCount":0,"duration":0.08189808299999277,"rate":25154654.71884344,"totalPublicGas":{"daGas":3840,"l2Gas":2060118},"totalBlockGas":{"daGas":5216,"l2Gas":2786868},"totalSizeInBytes":5216,"silentlySkippedCount":0,"silentlySkippedDurationMs":0}
[15:53:22.808] INFO: txe:top_level_context Created block 11 with timestamp 1789678401
[15:53:24.032] INFO: simulator:public-processor Processed 1 successful txs and 0 failed txs (0 silently skipped, 0ms wasted) in 0.30489700000001174s {"blockNumber":12,"successfulCount":1,"failedCount":0,"duration":0.30489700000001174,"rate":6756767.0393605735,"totalPublicGas":{"daGas":3840,"l2Gas":2060118},"totalBlockGas":{"daGas":5216,"l2Gas":2786868},"totalSizeInBytes":5216,"silentlySkippedCount":0,"silentlySkippedDurationMs":0}
[15:53:24.104] INFO: txe:top_level_context Created block 13 with timestamp 1789685602
[15:53:24.305] INFO: simulator:public-processor Processed 1 successful txs and 0 failed txs (0 silently skipped, 0ms wasted) in 0.09162820900000225s {"blockNumber":12,"successfulCount":1,"failedCount":0,"duration":0.09162820900000225,"rate":22483447.21001749,"totalPublicGas":{"daGas":3840,"l2Gas":2060118},"totalBlockGas":{"daGas":5216,"l2Gas":2786868},"totalSizeInBytes":5216,"silentlySkippedCount":0,"silentlySkippedDurationMs":0}
[15:53:24.367] INFO: txe:top_level_context Created block 13 with timestamp 1789685602
[15:53:25.330] INFO: simulator:public-processor Processed 1 successful txs and 0 failed txs (0 silently skipped, 0ms wasted) in 0.04480416600000171s {"blockNumber":14,"successfulCount":1,"failedCount":0,"duration":0.04480416600000171,"rate":45980501.00965881,"totalPublicGas":{"daGas":3840,"l2Gas":2060118},"totalBlockGas":{"daGas":5216,"l2Gas":2786868},"totalSizeInBytes":5216,"silentlySkippedCount":0,"silentlySkippedDurationMs":0}
[15:53:25.650] INFO: txe:top_level_context Created block 15 with timestamp 1789692803
[15:53:25.897] INFO: simulator:public-processor Processed 1 successful txs and 0 failed txs (0 silently skipped, 0ms wasted) in 0.051764291999992565s {"blockNumber":14,"successfulCount":1,"failedCount":0,"duration":0.051764291999992565,"rate":39798052.29443292,"totalPublicGas":{"daGas":3840,"l2Gas":2060118},"totalBlockGas":{"daGas":5216,"l2Gas":2786868},"totalSizeInBytes":5216,"silentlySkippedCount":0,"silentlySkippedDurationMs":0}
[15:53:25.947] INFO: txe:top_level_context Created block 15 with timestamp 1789692803
[15:53:26.888] INFO: simulator:public-processor Processed 1 successful txs and 0 failed txs (0 silently skipped, 0ms wasted) in 0.046205624999987774s {"blockNumber":16,"successfulCount":1,"failedCount":0,"duration":0.046205624999987774,"rate":44585870.22685106,"totalPublicGas":{"daGas":3840,"l2Gas":2060118},"totalBlockGas":{"daGas":5216,"l2Gas":2786868},"totalSizeInBytes":5216,"silentlySkippedCount":0,"silentlySkippedDurationMs":0}
[15:53:27.200] INFO: txe:top_level_context Created block 17 with timestamp 1789700004
[15:53:27.552] INFO: simulator:public-processor Processed 1 successful txs and 0 failed txs (0 silently skipped, 0ms wasted) in 0.04438187499999185s {"blockNumber":16,"successfulCount":1,"failedCount":0,"duration":0.04438187499999185,"rate":46418002.84463823,"totalPublicGas":{"daGas":3840,"l2Gas":2060118},"totalBlockGas":{"daGas":5216,"l2Gas":2786868},"totalSizeInBytes":5216,"silentlySkippedCount":0,"silentlySkippedDurationMs":0}
[15:53:27.617] INFO: txe:top_level_context Created block 17 with timestamp 1789700004
[15:53:28.445] INFO: simulator:public-processor Processed 1 successful txs and 0 failed txs (0 silently skipped, 0ms wasted) in 0.04457779100000334s {"blockNumber":18,"successfulCount":1,"failedCount":0,"duration":0.04457779100000334,"rate":46213999.25357103,"totalPublicGas":{"daGas":3840,"l2Gas":2060118},"totalBlockGas":{"daGas":5216,"l2Gas":2786868},"totalSizeInBytes":5216,"silentlySkippedCount":0,"silentlySkippedDurationMs":0}
[15:53:28.494] INFO: txe:top_level_context Created block 19 with timestamp 1789707205
[15:53:29.147] INFO: simulator:public-processor Processed 1 successful txs and 0 failed txs (0 silently skipped, 0ms wasted) in 0.043843791999999666s {"blockNumber":18,"successfulCount":1,"failedCount":0,"duration":0.043843791999999666,"rate":46987678.438033275,"totalPublicGas":{"daGas":3840,"l2Gas":2060118},"totalBlockGas":{"daGas":5216,"l2Gas":2786868},"totalSizeInBytes":5216,"silentlySkippedCount":0,"silentlySkippedDurationMs":0}
[15:53:29.213] INFO: txe:top_level_context Created block 19 with timestamp 1789707205
[15:53:30.017] INFO: simulator:public-processor Processed 1 successful txs and 0 failed txs (0 silently skipped, 0ms wasted) in 0.0444340419999935s {"blockNumber":20,"successfulCount":1,"failedCount":0,"duration":0.0444340419999935,"rate":46363506.610546514,"totalPublicGas":{"daGas":3840,"l2Gas":2060118},"totalBlockGas":{"daGas":5216,"l2Gas":2786868},"totalSizeInBytes":5216,"silentlySkippedCount":0,"silentlySkippedDurationMs":0}
[15:53:30.072] INFO: txe:top_level_context Created block 21 with timestamp 1789714406
[15:53:30.756] INFO: simulator:public-processor Processed 1 successful txs and 0 failed txs (0 silently skipped, 0ms wasted) in 0.04969791699999769s {"blockNumber":20,"successfulCount":1,"failedCount":0,"duration":0.04969791699999769,"rate":41452803.74628369,"totalPublicGas":{"daGas":3840,"l2Gas":2060118},"totalBlockGas":{"daGas":5216,"l2Gas":2786868},"totalSizeInBytes":5216,"silentlySkippedCount":0,"silentlySkippedDurationMs":0}
[15:53:30.810] INFO: txe:top_level_context Created block 21 with timestamp 1789714406
[15:53:31.636] INFO: simulator:public-processor Processed 1 successful txs and 0 failed txs (0 silently skipped, 0ms wasted) in 0.04437187499999709s {"blockNumber":22,"successfulCount":1,"failedCount":0,"duration":0.04437187499999709,"rate":46428463.97633941,"totalPublicGas":{"daGas":3840,"l2Gas":2060118},"totalBlockGas":{"daGas":5216,"l2Gas":2786868},"totalSizeInBytes":5216,"silentlySkippedCount":0,"silentlySkippedDurationMs":0}
[15:53:31.685] INFO: txe:top_level_context Created block 23 with timestamp 1789721607
[15:53:32.341] INFO: simulator:public-processor Processed 1 successful txs and 0 failed txs (0 silently skipped, 0ms wasted) in 0.04814887499999895s {"blockNumber":22,"successfulCount":1,"failedCount":0,"duration":0.04814887499999895,"rate":42786420.24346456,"totalPublicGas":{"daGas":3840,"l2Gas":2060118},"totalBlockGas":{"daGas":5216,"l2Gas":2786868},"totalSizeInBytes":5216,"silentlySkippedCount":0,"silentlySkippedDurationMs":0}
[15:53:32.402] INFO: txe:top_level_context Created block 23 with timestamp 1789721607
[15:53:33.220] INFO: simulator:public-processor Processed 1 successful txs and 0 failed txs (0 silently skipped, 0ms wasted) in 0.04435995899999398s {"blockNumber":24,"successfulCount":1,"failedCount":0,"duration":0.04435995899999398,"rate":46440935.619446345,"totalPublicGas":{"daGas":3840,"l2Gas":2060118},"totalBlockGas":{"daGas":5216,"l2Gas":2786868},"totalSizeInBytes":5216,"silentlySkippedCount":0,"silentlySkippedDurationMs":0}
[15:53:33.265] INFO: txe:top_level_context Created block 25 with timestamp 1789728808
[15:53:33.912] INFO: simulator:public-processor Processed 1 successful txs and 0 failed txs (0 silently skipped, 0ms wasted) in 0.04310908300000301s {"blockNumber":24,"successfulCount":1,"failedCount":0,"duration":0.04310908300000301,"rate":47788490.420913294,"totalPublicGas":{"daGas":3840,"l2Gas":2060118},"totalBlockGas":{"daGas":5216,"l2Gas":2786868},"totalSizeInBytes":5216,"silentlySkippedCount":0,"silentlySkippedDurationMs":0}
[15:53:33.970] INFO: txe:top_level_context Created block 25 with timestamp 1789728808
[15:53:34.800] INFO: simulator:public-processor Processed 1 successful txs and 0 failed txs (0 silently skipped, 0ms wasted) in 0.043516499999997904s {"blockNumber":26,"successfulCount":1,"failedCount":0,"duration":0.043516499999997904,"rate":47341077.5223214,"totalPublicGas":{"daGas":3840,"l2Gas":2060118},"totalBlockGas":{"daGas":5216,"l2Gas":2786868},"totalSizeInBytes":5216,"silentlySkippedCount":0,"silentlySkippedDurationMs":0}
[15:53:34.846] INFO: txe:top_level_context Created block 27 with timestamp 1789736009
[15:53:35.484] INFO: simulator:public-processor Processed 1 successful txs and 0 failed txs (0 silently skipped, 0ms wasted) in 0.04438379199999326s {"blockNumber":26,"successfulCount":1,"failedCount":0,"duration":0.04438379199999326,"rate":46415997.98413603,"totalPublicGas":{"daGas":3840,"l2Gas":2060118},"totalBlockGas":{"daGas":5216,"l2Gas":2786868},"totalSizeInBytes":5216,"silentlySkippedCount":0,"silentlySkippedDurationMs":0}
[15:53:35.556] INFO: txe:top_level_context Created block 27 with timestamp 1789736009
[15:53:36.384] INFO: simulator:public-processor Processed 1 successful txs and 0 failed txs (0 silently skipped, 0ms wasted) in 0.04435241599999427s {"blockNumber":28,"successfulCount":1,"failedCount":0,"duration":0.04435241599999427,"rate":46448833.81325307,"totalPublicGas":{"daGas":3840,"l2Gas":2060118},"totalBlockGas":{"daGas":5216,"l2Gas":2786868},"totalSizeInBytes":5216,"silentlySkippedCount":0,"silentlySkippedDurationMs":0}
[15:53:36.435] INFO: txe:top_level_context Created block 29 with timestamp 1789743210
[15:53:37.075] INFO: simulator:public-processor Processed 1 successful txs and 0 failed txs (0 silently skipped, 0ms wasted) in 0.044920083000004524s {"blockNumber":28,"successfulCount":1,"failedCount":0,"duration":0.044920083000004524,"rate":45861847.5838478,"totalPublicGas":{"daGas":3840,"l2Gas":2060118},"totalBlockGas":{"daGas":5216,"l2Gas":2786868},"totalSizeInBytes":5216,"silentlySkippedCount":0,"silentlySkippedDurationMs":0}
[15:53:37.139] INFO: txe:top_level_context Created block 29 with timestamp 1789743210
[15:53:37.955] INFO: simulator:public-processor Processed 1 successful txs and 0 failed txs (0 silently skipped, 0ms wasted) in 0.04509216600000218s {"blockNumber":30,"successfulCount":1,"failedCount":0,"duration":0.04509216600000218,"rate":45686827.2861388,"totalPublicGas":{"daGas":3840,"l2Gas":2060118},"totalBlockGas":{"daGas":5216,"l2Gas":2786868},"totalSizeInBytes":5216,"silentlySkippedCount":0,"silentlySkippedDurationMs":0}
[15:53:38.004] INFO: txe:top_level_context Created block 31 with timestamp 1789750411
[15:53:38.658] INFO: simulator:public-processor Processed 1 successful txs and 0 failed txs (0 silently skipped, 0ms wasted) in 0.04370441600000777s {"blockNumber":30,"successfulCount":1,"failedCount":0,"duration":0.04370441600000777,"rate":47137524.95856789,"totalPublicGas":{"daGas":3840,"l2Gas":2060118},"totalBlockGas":{"daGas":5216,"l2Gas":2786868},"totalSizeInBytes":5216,"silentlySkippedCount":0,"silentlySkippedDurationMs":0}
[15:53:38.714] INFO: txe:top_level_context Created block 31 with timestamp 1789750411
[15:53:39.454] INFO: simulator:public-processor Processed 1 successful txs and 0 failed txs (0 silently skipped, 0ms wasted) in 0.04462491699999373s {"blockNumber":32,"successfulCount":1,"failedCount":0,"duration":0.04462491699999373,"rate":46165195.108380586,"totalPublicGas":{"daGas":3840,"l2Gas":2060118},"totalBlockGas":{"daGas":5216,"l2Gas":2786868},"totalSizeInBytes":5216,"silentlySkippedCount":0,"silentlySkippedDurationMs":0}
[15:53:39.526] INFO: txe:top_level_context Created block 33 with timestamp 1789757612
[15:53:40.269] INFO: simulator:public-processor Processed 1 successful txs and 0 failed txs (0 silently skipped, 0ms wasted) in 0.04686245800000324s {"blockNumber":32,"successfulCount":1,"failedCount":0,"duration":0.04686245800000324,"rate":43960946.30802032,"totalPublicGas":{"daGas":3840,"l2Gas":2060118},"totalBlockGas":{"daGas":5216,"l2Gas":2786868},"totalSizeInBytes":5216,"silentlySkippedCount":0,"silentlySkippedDurationMs":0}
[15:53:40.322] INFO: txe:top_level_context Created block 33 with timestamp 1789757612
[15:53:41.058] INFO: simulator:public-processor Processed 1 successful txs and 0 failed txs (0 silently skipped, 0ms wasted) in 0.04489700000001176s {"blockNumber":34,"successfulCount":1,"failedCount":0,"duration":0.04489700000001176,"rate":45885426.64319354,"totalPublicGas":{"daGas":3840,"l2Gas":2060118},"totalBlockGas":{"daGas":5216,"l2Gas":2786868},"totalSizeInBytes":5216,"silentlySkippedCount":0,"silentlySkippedDurationMs":0}
[15:53:41.108] INFO: txe:top_level_context Created block 35 with timestamp 1789764813
[15:53:41.844] INFO: simulator:public-processor Processed 1 successful txs and 0 failed txs (0 silently skipped, 0ms wasted) in 0.04701729099999648s {"blockNumber":34,"successfulCount":1,"failedCount":0,"duration":0.04701729099999648,"rate":43816178.18006899,"totalPublicGas":{"daGas":3840,"l2Gas":2060118},"totalBlockGas":{"daGas":5216,"l2Gas":2786868},"totalSizeInBytes":5216,"silentlySkippedCount":0,"silentlySkippedDurationMs":0}
[15:53:41.894] INFO: txe:top_level_context Created block 35 with timestamp 1789764813
[15:53:42.616] INFO: simulator:public-processor Processed 1 successful txs and 0 failed txs (0 silently skipped, 0ms wasted) in 0.04548912499999278s {"blockNumber":36,"successfulCount":1,"failedCount":0,"duration":0.04548912499999278,"rate":45288143.045185566,"totalPublicGas":{"daGas":3840,"l2Gas":2060118},"totalBlockGas":{"daGas":5216,"l2Gas":2786868},"totalSizeInBytes":5216,"silentlySkippedCount":0,"silentlySkippedDurationMs":0}
[15:53:42.672] INFO: txe:top_level_context Created block 37 with timestamp 1789772014
[15:53:43.416] INFO: simulator:public-processor Processed 1 successful txs and 0 failed txs (0 silently skipped, 0ms wasted) in 0.04523358400000143s {"blockNumber":36,"successfulCount":1,"failedCount":0,"duration":0.04523358400000143,"rate":45543992.26910552,"totalPublicGas":{"daGas":3840,"l2Gas":2060118},"totalBlockGas":{"daGas":5216,"l2Gas":2786868},"totalSizeInBytes":5216,"silentlySkippedCount":0,"silentlySkippedDurationMs":0}
[15:53:43.468] INFO: txe:top_level_context Created block 37 with timestamp 1789772014
[15:53:44.201] INFO: simulator:public-processor Processed 1 successful txs and 0 failed txs (0 silently skipped, 0ms wasted) in 0.048718875000005935s {"blockNumber":38,"successfulCount":1,"failedCount":0,"duration":0.048718875000005935,"rate":42285828.64443707,"totalPublicGas":{"daGas":3840,"l2Gas":2060118},"totalBlockGas":{"daGas":5216,"l2Gas":2786868},"totalSizeInBytes":5216,"silentlySkippedCount":0,"silentlySkippedDurationMs":0}
[15:53:44.257] INFO: txe:top_level_context Created block 39 with timestamp 1789779215
[15:53:44.939] INFO: simulator:public-processor Processed 1 successful txs and 0 failed txs (0 silently skipped, 0ms wasted) in 0.046895208999994796s {"blockNumber":38,"successfulCount":1,"failedCount":0,"duration":0.046895208999994796,"rate":43930244.5586761,"totalPublicGas":{"daGas":3840,"l2Gas":2060118},"totalBlockGas":{"daGas":5216,"l2Gas":2786868},"totalSizeInBytes":5216,"silentlySkippedCount":0,"silentlySkippedDurationMs":0}
[15:53:44.998] INFO: txe:top_level_context Created block 39 with timestamp 1789779215
[15:53:45.708] INFO: simulator:public-processor Processed 1 successful txs and 0 failed txs (0 silently skipped, 0ms wasted) in 0.04405112499999814s {"blockNumber":40,"successfulCount":1,"failedCount":0,"duration":0.04405112499999814,"rate":46766524.12396022,"totalPublicGas":{"daGas":3840,"l2Gas":2060118},"totalBlockGas":{"daGas":5216,"l2Gas":2786868},"totalSizeInBytes":5216,"silentlySkippedCount":0,"silentlySkippedDurationMs":0}
[15:53:45.760] INFO: simulator:public-processor Processed 1 successful txs and 0 failed txs (0 silently skipped, 0ms wasted) in 0.006906333999999333s {"blockNumber":41,"successfulCount":1,"failedCount":0,"duration":0.006906333999999333,"rate":1362662.1591137801,"totalPublicGas":{"daGas":0,"l2Gas":9411},"totalBlockGas":{"daGas":0,"l2Gas":9411},"totalSizeInBytes":128,"silentlySkippedCount":0,"silentlySkippedDurationMs":0}
[15:53:46.463] INFO: simulator:public-processor Processed 1 successful txs and 0 failed txs (0 silently skipped, 0ms wasted) in 0.044990832999988926s {"blockNumber":40,"successfulCount":1,"failedCount":0,"duration":0.044990832999988926,"rate":45789727.87635443,"totalPublicGas":{"daGas":3840,"l2Gas":2060118},"totalBlockGas":{"daGas":5216,"l2Gas":2786868},"totalSizeInBytes":5216,"silentlySkippedCount":0,"silentlySkippedDurationMs":0}
[15:53:46.514] INFO: txe:top_level_context Created block 41 with timestamp 1789786416
[15:53:46.791] INFO: simulator:public-processor Processed 1 successful txs and 0 failed txs (0 silently skipped, 0ms wasted) in 0.006482665999996243s {"blockNumber":41,"successfulCount":1,"failedCount":0,"duration":0.006482665999996243,"rate":1875154.4503460529,"totalPublicGas":{"daGas":0,"l2Gas":12156},"totalBlockGas":{"daGas":0,"l2Gas":12156},"totalSizeInBytes":128,"silentlySkippedCount":0,"silentlySkippedDurationMs":0}
[15:53:46.816] INFO: txe:top_level_context Created block 41 with timestamp 1789786416
[15:53:47.441] INFO: simulator:public-processor Processed 1 successful txs and 0 failed txs (0 silently skipped, 0ms wasted) in 0.014112916999991284s {"blockNumber":42,"successfulCount":1,"failedCount":0,"duration":0.014112916999991284,"rate":0,"totalPublicGas":{"daGas":0,"l2Gas":0},"totalBlockGas":{"daGas":1440,"l2Gas":527400},"totalSizeInBytes":1440,"silentlySkippedCount":0,"silentlySkippedDurationMs":0}
[15:53:48.071] INFO: simulator:public-processor Processed 1 successful txs and 0 failed txs (0 silently skipped, 0ms wasted) in 0.042765583999993396s {"blockNumber":42,"successfulCount":1,"failedCount":0,"duration":0.042765583999993396,"rate":48172334.08996164,"totalPublicGas":{"daGas":3840,"l2Gas":2060118},"totalBlockGas":{"daGas":5216,"l2Gas":2786868},"totalSizeInBytes":5216,"silentlySkippedCount":0,"silentlySkippedDurationMs":0}
[15:53:48.134] INFO: txe:top_level_context Created block 43 with timestamp 1789793617
[15:53:48.423] INFO: simulator:public-processor Processed 1 successful txs and 0 failed txs (0 silently skipped, 0ms wasted) in 0.010767833999998401s {"blockNumber":43,"successfulCount":1,"failedCount":0,"duration":0.010767833999998401,"rate":873991.9281817863,"totalPublicGas":{"daGas":0,"l2Gas":9411},"totalBlockGas":{"daGas":0,"l2Gas":9411},"totalSizeInBytes":128,"silentlySkippedCount":0,"silentlySkippedDurationMs":0}
[15:53:48.463] INFO: txe:top_level_context Created block 43 with timestamp 1789786417
[15:53:48.661] INFO: simulator:public-processor Processed 1 successful txs and 0 failed txs (0 silently skipped, 0ms wasted) in 0.005413249999997788s {"blockNumber":44,"successfulCount":1,"failedCount":0,"duration":0.005413249999997788,"rate":0,"totalPublicGas":{"daGas":0,"l2Gas":0},"totalBlockGas":{"daGas":256,"l2Gas":477200},"totalSizeInBytes":256,"silentlySkippedCount":0,"silentlySkippedDurationMs":0}
[billboard_test] Testing test_history_17_progress_and_exit ... [0m[32mok[0m <34.181s>
[15:53:49.318] INFO: simulator:public-processor Processed 1 successful txs and 0 failed txs (0 silently skipped, 0ms wasted) in 0.04586941600000136s {"blockNumber":44,"successfulCount":1,"failedCount":0,"duration":0.04586941600000136,"rate":44912671.22302012,"totalPublicGas":{"daGas":3840,"l2Gas":2060118},"totalBlockGas":{"daGas":5216,"l2Gas":2786868},"totalSizeInBytes":5216,"silentlySkippedCount":0,"silentlySkippedDurationMs":0}
[15:53:49.378] INFO: txe:top_level_context Created block 45 with timestamp 1789800818
[15:53:50.277] INFO: simulator:public-processor Processed 1 successful txs and 0 failed txs (0 silently skipped, 0ms wasted) in 0.04251229100000637s {"blockNumber":46,"successfulCount":1,"failedCount":0,"duration":0.04251229100000637,"rate":48459350.26177938,"totalPublicGas":{"daGas":3840,"l2Gas":2060118},"totalBlockGas":{"daGas":5216,"l2Gas":2786868},"totalSizeInBytes":5216,"silentlySkippedCount":0,"silentlySkippedDurationMs":0}
[15:53:50.325] INFO: txe:top_level_context Created block 47 with timestamp 1789808019
[15:53:51.206] INFO: simulator:public-processor Processed 1 successful txs and 0 failed txs (0 silently skipped, 0ms wasted) in 0.04300412500000675s {"blockNumber":48,"successfulCount":1,"failedCount":0,"duration":0.04300412500000675,"rate":47905125.38040657,"totalPublicGas":{"daGas":3840,"l2Gas":2060118},"totalBlockGas":{"daGas":5216,"l2Gas":2786868},"totalSizeInBytes":5216,"silentlySkippedCount":0,"silentlySkippedDurationMs":0}
[15:53:51.249] INFO: txe:top_level_context Created block 49 with timestamp 1789815220
[15:53:52.161] INFO: simulator:public-processor Processed 1 successful txs and 0 failed txs (0 silently skipped, 0ms wasted) in 0.04349879099999089s {"blockNumber":50,"successfulCount":1,"failedCount":0,"duration":0.04349879099999089,"rate":47360350.77389694,"totalPublicGas":{"daGas":3840,"l2Gas":2060118},"totalBlockGas":{"daGas":5216,"l2Gas":2786868},"totalSizeInBytes":5216,"silentlySkippedCount":0,"silentlySkippedDurationMs":0}
[15:53:52.204] INFO: txe:top_level_context Created block 51 with timestamp 1789822421
[15:53:52.525] INFO: kv-store:lmdb-v2 Starting data store with maxReaders 2
[15:53:52.526] INFO: world-state:database Creating world state data store at directory /var/folders/ym/q1vh2x5n58xbsmpmvs5_6w3r0000gn/T/aztec-world-state-KSMGAr/world_state with map sizes {"archiveTreeMapSizeKb":10485760,"nullifierTreeMapSizeKb":10485760,"noteHashTreeMapSizeKb":10485760,"messageTreeMapSizeKb":10485760,"publicDataTreeMapSizeKb":10485760} and 2 threads (ephemeral=true).
[15:53:52.539] INFO: txe_node Aztec Node version: txe
[15:53:52.539] INFO: txe_node Aztec Node started on chain 0x1
[15:53:52.558] INFO: txe:top_level_context Created block 1 with timestamp 1789656832
[15:53:52.618] INFO: txe:top_level_context Created block 2 with timestamp 1789656832
[15:53:52.957] INFO: simulator:public-processor Processed 1 successful txs and 0 failed txs (0 silently skipped, 0ms wasted) in 0.2836827090000006s {"blockNumber":3,"successfulCount":1,"failedCount":0,"duration":0.2836827090000006,"rate":20363313.71891964,"totalPublicGas":{"daGas":5792,"l2Gas":5776720},"totalBlockGas":{"daGas":5792,"l2Gas":5776720},"totalSizeInBytes":5920,"silentlySkippedCount":0,"silentlySkippedDurationMs":0}
[15:53:53.194] INFO: simulator:public-processor Processed 1 successful txs and 0 failed txs (0 silently skipped, 0ms wasted) in 0.04390741700000945s {"blockNumber":52,"successfulCount":1,"failedCount":0,"duration":0.04390741700000945,"rate":46919589.91802129,"totalPublicGas":{"daGas":3840,"l2Gas":2060118},"totalBlockGas":{"daGas":5216,"l2Gas":2786868},"totalSizeInBytes":5216,"silentlySkippedCount":0,"silentlySkippedDurationMs":0}
[15:53:53.237] INFO: txe:top_level_context Created block 53 with timestamp 1789829622
[15:53:53.247] INFO: simulator:public-processor Processed 1 successful txs and 0 failed txs (0 silently skipped, 0ms wasted) in 0.020403209000010976s {"blockNumber":4,"successfulCount":1,"failedCount":0,"duration":0.020403209000010976,"rate":55906254.74646593,"totalPublicGas":{"daGas":192,"l2Gas":1140667},"totalBlockGas":{"daGas":320,"l2Gas":1731467},"totalSizeInBytes":320,"silentlySkippedCount":0,"silentlySkippedDurationMs":0}
[15:53:53.344] INFO: txe:top_level_context Created block 5 with timestamp 1789656832
[15:53:53.717] INFO: simulator:public-processor Processed 1 successful txs and 0 failed txs (0 silently skipped, 0ms wasted) in 0.005632291000001715s {"blockNumber":6,"successfulCount":1,"failedCount":0,"duration":0.005632291000001715,"rate":0,"totalPublicGas":{"daGas":0,"l2Gas":0},"totalBlockGas":{"daGas":1984,"l2Gas":529900},"totalSizeInBytes":1984,"silentlySkippedCount":0,"silentlySkippedDurationMs":0}
[15:53:53.759] INFO: txe:top_level_context Created block 7 with timestamp 1789664033
[15:53:54.424] INFO: simulator:public-processor Processed 1 successful txs and 0 failed txs (0 silently skipped, 0ms wasted) in 0.04540391600001021s {"blockNumber":54,"successfulCount":1,"failedCount":0,"duration":0.04540391600001021,"rate":45373134.77541313,"totalPublicGas":{"daGas":3840,"l2Gas":2060118},"totalBlockGas":{"daGas":5216,"l2Gas":2786868},"totalSizeInBytes":5216,"silentlySkippedCount":0,"silentlySkippedDurationMs":0}
[15:53:54.481] INFO: txe:top_level_context Created block 55 with timestamp 1789836823
[15:53:55.305] INFO: simulator:public-processor Processed 1 successful txs and 0 failed txs (0 silently skipped, 0ms wasted) in 0.044510874999992664s {"blockNumber":8,"successfulCount":1,"failedCount":0,"duration":0.044510874999992664,"rate":46283475.66747092,"totalPublicGas":{"daGas":3840,"l2Gas":2060118},"totalBlockGas":{"daGas":5216,"l2Gas":2786868},"totalSizeInBytes":5216,"silentlySkippedCount":0,"silentlySkippedDurationMs":0}
[15:53:55.349] INFO: txe:top_level_context Created block 9 with timestamp 1789671234
[15:53:55.994] INFO: simulator:public-processor Processed 1 successful txs and 0 failed txs (0 silently skipped, 0ms wasted) in 0.045771375000011175s {"blockNumber":56,"successfulCount":1,"failedCount":0,"duration":0.045771375000011175,"rate":45008872.90363239,"totalPublicGas":{"daGas":3840,"l2Gas":2060118},"totalBlockGas":{"daGas":5216,"l2Gas":2786868},"totalSizeInBytes":5216,"silentlySkippedCount":0,"silentlySkippedDurationMs":0}
[15:53:56.056] INFO: txe:top_level_context Created block 57 with timestamp 1789844024
[15:53:56.862] INFO: simulator:public-processor Processed 1 successful txs and 0 failed txs (0 silently skipped, 0ms wasted) in 0.04420149999999558s {"blockNumber":10,"successfulCount":1,"failedCount":0,"duration":0.04420149999999558,"rate":46607422.825021915,"totalPublicGas":{"daGas":3840,"l2Gas":2060118},"totalBlockGas":{"daGas":5216,"l2Gas":2786868},"totalSizeInBytes":5216,"silentlySkippedCount":0,"silentlySkippedDurationMs":0}
[15:53:56.906] INFO: txe:top_level_context Created block 11 with timestamp 1789678435
[15:53:57.554] INFO: simulator:public-processor Processed 1 successful txs and 0 failed txs (0 silently skipped, 0ms wasted) in 0.045433583000005454s {"blockNumber":58,"successfulCount":1,"failedCount":0,"duration":0.045433583000005454,"rate":45343507.24660551,"totalPublicGas":{"daGas":3840,"l2Gas":2060118},"totalBlockGas":{"daGas":5216,"l2Gas":2786868},"totalSizeInBytes":5216,"silentlySkippedCount":0,"silentlySkippedDurationMs":0}
[15:53:57.622] INFO: txe:top_level_context Created block 59 with timestamp 1789851225
[15:53:58.432] INFO: simulator:public-processor Processed 1 successful txs and 0 failed txs (0 silently skipped, 0ms wasted) in 0.04396329099999275s {"blockNumber":12,"successfulCount":1,"failedCount":0,"duration":0.04396329099999275,"rate":46859958.68690403,"totalPublicGas":{"daGas":3840,"l2Gas":2060118},"totalBlockGas":{"daGas":5216,"l2Gas":2786868},"totalSizeInBytes":5216,"silentlySkippedCount":0,"silentlySkippedDurationMs":0}
[15:53:58.481] INFO: txe:top_level_context Created block 13 with timestamp 1789685636
[15:53:59.123] INFO: simulator:public-processor Processed 1 successful txs and 0 failed txs (0 silently skipped, 0ms wasted) in 0.04928579199998057s {"blockNumber":60,"successfulCount":1,"failedCount":0,"duration":0.04928579199998057,"rate":41799429.74236494,"totalPublicGas":{"daGas":3840,"l2Gas":2060118},"totalBlockGas":{"daGas":5216,"l2Gas":2786868},"totalSizeInBytes":5216,"silentlySkippedCount":0,"silentlySkippedDurationMs":0}
[15:53:59.181] INFO: txe:top_level_context Created block 61 with timestamp 1789858426
[15:53:59.988] INFO: simulator:public-processor Processed 1 successful txs and 0 failed txs (0 silently skipped, 0ms wasted) in 0.04530341699998826s {"blockNumber":14,"successfulCount":1,"failedCount":0,"duration":0.04530341699998826,"rate":45473788.434116,"totalPublicGas":{"daGas":3840,"l2Gas":2060118},"totalBlockGas":{"daGas":5216,"l2Gas":2786868},"totalSizeInBytes":5216,"silentlySkippedCount":0,"silentlySkippedDurationMs":0}
[15:54:00.035] INFO: txe:top_level_context Created block 15 with timestamp 1789692837
[15:54:00.669] INFO: simulator:public-processor Processed 1 successful txs and 0 failed txs (0 silently skipped, 0ms wasted) in 0.044404459000012136s {"blockNumber":62,"successfulCount":1,"failedCount":0,"duration":0.044404459000012136,"rate":46394394.76110804,"totalPublicGas":{"daGas":3840,"l2Gas":2060118},"totalBlockGas":{"daGas":5216,"l2Gas":2786868},"totalSizeInBytes":5216,"silentlySkippedCount":0,"silentlySkippedDurationMs":0}
[15:54:00.733] INFO: txe:top_level_context Created block 63 with timestamp 1789865627
[15:54:01.542] INFO: simulator:public-processor Processed 1 successful txs and 0 failed txs (0 silently skipped, 0ms wasted) in 0.04432208300000639s {"blockNumber":16,"successfulCount":1,"failedCount":0,"duration":0.04432208300000639,"rate":46480622.31190044,"totalPublicGas":{"daGas":3840,"l2Gas":2060118},"totalBlockGas":{"daGas":5216,"l2Gas":2786868},"totalSizeInBytes":5216,"silentlySkippedCount":0,"silentlySkippedDurationMs":0}
[15:54:01.589] INFO: txe:top_level_context Created block 17 with timestamp 1789700038
[15:54:02.191] INFO: simulator:public-processor Processed 1 successful txs and 0 failed txs (0 silently skipped, 0ms wasted) in 0.04404929099997389s {"blockNumber":64,"successfulCount":1,"failedCount":0,"duration":0.04404929099997389,"rate":46768471.25646633,"totalPublicGas":{"daGas":3840,"l2Gas":2060118},"totalBlockGas":{"daGas":5216,"l2Gas":2786868},"totalSizeInBytes":5216,"silentlySkippedCount":0,"silentlySkippedDurationMs":0}
[15:54:02.235] INFO: txe:top_level_context Created block 65 with timestamp 1789872828
[15:54:03.147] INFO: simulator:public-processor Processed 1 successful txs and 0 failed txs (0 silently skipped, 0ms wasted) in 0.04439725000000908s {"blockNumber":18,"successfulCount":1,"failedCount":0,"duration":0.04439725000000908,"rate":46401928.04733578,"totalPublicGas":{"daGas":3840,"l2Gas":2060118},"totalBlockGas":{"daGas":5216,"l2Gas":2786868},"totalSizeInBytes":5216,"silentlySkippedCount":0,"silentlySkippedDurationMs":0}
[15:54:03.471] INFO: txe:top_level_context Created block 19 with timestamp 1789707239
[15:54:03.692] INFO: simulator:public-processor Processed 1 successful txs and 0 failed txs (0 silently skipped, 0ms wasted) in 0.0626256669999857s {"blockNumber":66,"successfulCount":1,"failedCount":0,"duration":0.0626256669999857,"rate":32895745.445720688,"totalPublicGas":{"daGas":3840,"l2Gas":2060118},"totalBlockGas":{"daGas":5216,"l2Gas":2786868},"totalSizeInBytes":5216,"silentlySkippedCount":0,"silentlySkippedDurationMs":0}
[15:54:03.752] INFO: txe:top_level_context Created block 67 with timestamp 1789880029
[15:54:04.661] INFO: simulator:public-processor Processed 1 successful txs and 0 failed txs (0 silently skipped, 0ms wasted) in 0.04411666699999478s {"blockNumber":20,"successfulCount":1,"failedCount":0,"duration":0.04411666699999478,"rate":46697045.3593025,"totalPublicGas":{"daGas":3840,"l2Gas":2060118},"totalBlockGas":{"daGas":5216,"l2Gas":2786868},"totalSizeInBytes":5216,"silentlySkippedCount":0,"silentlySkippedDurationMs":0}
[15:54:04.985] INFO: txe:top_level_context Created block 21 with timestamp 1789714440
[15:54:05.199] INFO: simulator:public-processor Processed 1 successful txs and 0 failed txs (0 silently skipped, 0ms wasted) in 0.06139066699999967s {"blockNumber":68,"successfulCount":1,"failedCount":0,"duration":0.06139066699999967,"rate":33557511.274474524,"totalPublicGas":{"daGas":3840,"l2Gas":2060118},"totalBlockGas":{"daGas":5216,"l2Gas":2786868},"totalSizeInBytes":5216,"silentlySkippedCount":0,"silentlySkippedDurationMs":0}
[15:54:05.258] INFO: txe:top_level_context Created block 69 with timestamp 1789887230
[15:54:06.170] INFO: simulator:public-processor Processed 1 successful txs and 0 failed txs (0 silently skipped, 0ms wasted) in 0.043543292000016665s {"blockNumber":22,"successfulCount":1,"failedCount":0,"duration":0.043543292000016665,"rate":47311948.76122852,"totalPublicGas":{"daGas":3840,"l2Gas":2060118},"totalBlockGas":{"daGas":5216,"l2Gas":2786868},"totalSizeInBytes":5216,"silentlySkippedCount":0,"silentlySkippedDurationMs":0}
[15:54:06.487] INFO: txe:top_level_context Created block 23 with timestamp 1789721641
[15:54:06.733] INFO: simulator:public-processor Processed 1 successful txs and 0 failed txs (0 silently skipped, 0ms wasted) in 0.05398200000001816s {"blockNumber":70,"successfulCount":1,"failedCount":0,"duration":0.05398200000001816,"rate":38163054.35143764,"totalPublicGas":{"daGas":3840,"l2Gas":2060118},"totalBlockGas":{"daGas":5216,"l2Gas":2786868},"totalSizeInBytes":5216,"silentlySkippedCount":0,"silentlySkippedDurationMs":0}
[15:54:06.781] INFO: txe:top_level_context Created block 71 with timestamp 1789894431
[15:54:07.713] INFO: simulator:public-processor Processed 1 successful txs and 0 failed txs (0 silently skipped, 0ms wasted) in 0.04618441700001131s {"blockNumber":24,"successfulCount":1,"failedCount":0,"duration":0.04618441700001131,"rate":44606344.170145,"totalPublicGas":{"daGas":3840,"l2Gas":2060118},"totalBlockGas":{"daGas":5216,"l2Gas":2786868},"totalSizeInBytes":5216,"silentlySkippedCount":0,"silentlySkippedDurationMs":0}
[15:54:08.037] INFO: txe:top_level_context Created block 25 with timestamp 1789728842
[15:54:08.254] INFO: simulator:public-processor Processed 1 successful txs and 0 failed txs (0 silently skipped, 0ms wasted) in 0.060214124999998606s {"blockNumber":72,"successfulCount":1,"failedCount":0,"duration":0.060214124999998606,"rate":34213201.636659965,"totalPublicGas":{"daGas":3840,"l2Gas":2060118},"totalBlockGas":{"daGas":5216,"l2Gas":2786868},"totalSizeInBytes":5216,"silentlySkippedCount":0,"silentlySkippedDurationMs":0}
[15:54:08.319] INFO: simulator:public-processor Processed 1 successful txs and 0 failed txs (0 silently skipped, 0ms wasted) in 0.006819958999985829s {"blockNumber":73,"successfulCount":1,"failedCount":0,"duration":0.006819958999985829,"rate":1379920.3191719416,"totalPublicGas":{"daGas":0,"l2Gas":9411},"totalBlockGas":{"daGas":0,"l2Gas":9411},"totalSizeInBytes":128,"silentlySkippedCount":0,"silentlySkippedDurationMs":0}
[15:54:09.367] INFO: simulator:public-processor Processed 1 successful txs and 0 failed txs (0 silently skipped, 0ms wasted) in 0.05721025000000372s {"blockNumber":26,"successfulCount":1,"failedCount":0,"duration":0.05721025000000372,"rate":36009596.182499915,"totalPublicGas":{"daGas":3840,"l2Gas":2060118},"totalBlockGas":{"daGas":5216,"l2Gas":2786868},"totalSizeInBytes":5216,"silentlySkippedCount":0,"silentlySkippedDurationMs":0}
[15:54:09.403] INFO: simulator:public-processor Processed 1 successful txs and 0 failed txs (0 silently skipped, 0ms wasted) in 0.007919624999980442s {"blockNumber":73,"successfulCount":1,"failedCount":0,"duration":0.007919624999980442,"rate":1534921.1610436125,"totalPublicGas":{"daGas":0,"l2Gas":12156},"totalBlockGas":{"daGas":0,"l2Gas":12156},"totalSizeInBytes":128,"silentlySkippedCount":0,"silentlySkippedDurationMs":0}
[15:54:09.414] INFO: txe:top_level_context Created block 27 with timestamp 1789736043
[15:54:09.423] INFO: txe:top_level_context Created block 73 with timestamp 1789901632
[15:54:10.251] INFO: simulator:public-processor Processed 1 successful txs and 0 failed txs (0 silently skipped, 0ms wasted) in 0.006467666999989887s {"blockNumber":74,"successfulCount":1,"failedCount":0,"duration":0.006467666999989887,"rate":0,"totalPublicGas":{"daGas":0,"l2Gas":0},"totalBlockGas":{"daGas":1440,"l2Gas":527400},"totalSizeInBytes":1440,"silentlySkippedCount":0,"silentlySkippedDurationMs":0}
[15:54:11.170] INFO: simulator:public-processor Processed 1 successful txs and 0 failed txs (0 silently skipped, 0ms wasted) in 0.06599775000000954s {"blockNumber":28,"successfulCount":1,"failedCount":0,"duration":0.06599775000000954,"rate":31214973.2377195,"totalPublicGas":{"daGas":3840,"l2Gas":2060118},"totalBlockGas":{"daGas":5216,"l2Gas":2786868},"totalSizeInBytes":5216,"silentlySkippedCount":0,"silentlySkippedDurationMs":0}
[15:54:11.217] INFO: txe:top_level_context Created block 29 with timestamp 1789743244
[15:54:11.345] INFO: simulator:public-processor Processed 1 successful txs and 0 failed txs (0 silently skipped, 0ms wasted) in 0.008611499999999068s {"blockNumber":75,"successfulCount":1,"failedCount":0,"duration":0.008611499999999068,"rate":1092840.9684725099,"totalPublicGas":{"daGas":0,"l2Gas":9411},"totalBlockGas":{"daGas":0,"l2Gas":9411},"totalSizeInBytes":128,"silentlySkippedCount":0,"silentlySkippedDurationMs":0}
[15:54:11.388] INFO: txe:top_level_context Created block 75 with timestamp 1789901633
[15:54:11.674] INFO: simulator:public-processor Processed 1 successful txs and 0 failed txs (0 silently skipped, 0ms wasted) in 0.005406332999991719s {"blockNumber":76,"successfulCount":1,"failedCount":0,"duration":0.005406332999991719,"rate":0,"totalPublicGas":{"daGas":0,"l2Gas":0},"totalBlockGas":{"daGas":256,"l2Gas":477200},"totalSizeInBytes":256,"silentlySkippedCount":0,"silentlySkippedDurationMs":0}
[15:54:12.413] INFO: simulator:public-processor Processed 1 successful txs and 0 failed txs (0 silently skipped, 0ms wasted) in 0.04537825000000885s {"blockNumber":30,"successfulCount":1,"failedCount":0,"duration":0.04537825000000885,"rate":45398797.882236496,"totalPublicGas":{"daGas":3840,"l2Gas":2060118},"totalBlockGas":{"daGas":5216,"l2Gas":2786868},"totalSizeInBytes":5216,"silentlySkippedCount":0,"silentlySkippedDurationMs":0}
[15:54:12.462] INFO: txe:top_level_context Created block 31 with timestamp 1789750445
[billboard_test] Testing test_history_33_progress_and_exit ... [0m[32mok[0m <57.152s>
[15:54:13.365] INFO: simulator:public-processor Processed 1 successful txs and 0 failed txs (0 silently skipped, 0ms wasted) in 0.04281083299999591s {"blockNumber":32,"successfulCount":1,"failedCount":0,"duration":0.04281083299999591,"rate":48121418.24010284,"totalPublicGas":{"daGas":3840,"l2Gas":2060118},"totalBlockGas":{"daGas":5216,"l2Gas":2786868},"totalSizeInBytes":5216,"silentlySkippedCount":0,"silentlySkippedDurationMs":0}
[15:54:13.408] INFO: txe:top_level_context Created block 33 with timestamp 1789757646
[15:54:14.285] INFO: simulator:public-processor Processed 1 successful txs and 0 failed txs (0 silently skipped, 0ms wasted) in 0.04313895900000352s {"blockNumber":34,"successfulCount":1,"failedCount":0,"duration":0.04313895900000352,"rate":47755394.3756462,"totalPublicGas":{"daGas":3840,"l2Gas":2060118},"totalBlockGas":{"daGas":5216,"l2Gas":2786868},"totalSizeInBytes":5216,"silentlySkippedCount":0,"silentlySkippedDurationMs":0}
[15:54:14.332] INFO: txe:top_level_context Created block 35 with timestamp 1789764847
[15:54:15.262] INFO: simulator:public-processor Processed 1 successful txs and 0 failed txs (0 silently skipped, 0ms wasted) in 0.04299554099998204s {"blockNumber":36,"successfulCount":1,"failedCount":0,"duration":0.04299554099998204,"rate":47914689.57213169,"totalPublicGas":{"daGas":3840,"l2Gas":2060118},"totalBlockGas":{"daGas":5216,"l2Gas":2786868},"totalSizeInBytes":5216,"silentlySkippedCount":0,"silentlySkippedDurationMs":0}
[15:54:15.305] INFO: txe:top_level_context Created block 37 with timestamp 1789772048
[15:54:15.709] INFO: kv-store:lmdb-v2 Starting data store with maxReaders 2
[15:54:15.710] INFO: world-state:database Creating world state data store at directory /var/folders/ym/q1vh2x5n58xbsmpmvs5_6w3r0000gn/T/aztec-world-state-jVRWiU/world_state with map sizes {"archiveTreeMapSizeKb":10485760,"nullifierTreeMapSizeKb":10485760,"noteHashTreeMapSizeKb":10485760,"messageTreeMapSizeKb":10485760,"publicDataTreeMapSizeKb":10485760} and 2 threads (ephemeral=true).
[15:54:15.723] INFO: txe_node Aztec Node version: txe
[15:54:15.723] INFO: txe_node Aztec Node started on chain 0x1
[15:54:16.002] INFO: txe:top_level_context Created block 1 with timestamp 1789656855
[15:54:16.173] INFO: txe:top_level_context Created block 2 with timestamp 1789656855
[15:54:16.216] INFO: simulator:public-processor Processed 1 successful txs and 0 failed txs (0 silently skipped, 0ms wasted) in 0.04311854100000346s {"blockNumber":38,"successfulCount":1,"failedCount":0,"duration":0.04311854100000346,"rate":47778008.07313575,"totalPublicGas":{"daGas":3840,"l2Gas":2060118},"totalBlockGas":{"daGas":5216,"l2Gas":2786868},"totalSizeInBytes":5216,"silentlySkippedCount":0,"silentlySkippedDurationMs":0}
[15:54:16.262] INFO: simulator:public-processor Processed 1 successful txs and 0 failed txs (0 silently skipped, 0ms wasted) in 0.007247541999997338s {"blockNumber":39,"successfulCount":1,"failedCount":0,"duration":0.007247541999997338,"rate":1298509.2049143636,"totalPublicGas":{"daGas":0,"l2Gas":9411},"totalBlockGas":{"daGas":0,"l2Gas":9411},"totalSizeInBytes":128,"silentlySkippedCount":0,"silentlySkippedDurationMs":0}
[15:54:16.318] INFO: simulator:public-processor Processed 1 successful txs and 0 failed txs (0 silently skipped, 0ms wasted) in 0.10254733299999498s {"blockNumber":3,"successfulCount":1,"failedCount":0,"duration":0.10254733299999498,"rate":56332230.50276971,"totalPublicGas":{"daGas":5792,"l2Gas":5776720},"totalBlockGas":{"daGas":5792,"l2Gas":5776720},"totalSizeInBytes":5920,"silentlySkippedCount":0,"silentlySkippedDurationMs":0}
[15:54:16.577] INFO: simulator:public-processor Processed 1 successful txs and 0 failed txs (0 silently skipped, 0ms wasted) in 0.021773125000006985s {"blockNumber":4,"successfulCount":1,"failedCount":0,"duration":0.021773125000006985,"rate":52388759.07797498,"totalPublicGas":{"daGas":192,"l2Gas":1140667},"totalBlockGas":{"daGas":320,"l2Gas":1731467},"totalSizeInBytes":320,"silentlySkippedCount":0,"silentlySkippedDurationMs":0}
[15:54:16.634] INFO: txe:top_level_context Created block 5 with timestamp 1789656855
[15:54:16.838] INFO: simulator:public-processor Processed 1 successful txs and 0 failed txs (0 silently skipped, 0ms wasted) in 0.014932750000007218s {"blockNumber":39,"successfulCount":1,"failedCount":0,"duration":0.014932750000007218,"rate":814049.6559571495,"totalPublicGas":{"daGas":0,"l2Gas":12156},"totalBlockGas":{"daGas":0,"l2Gas":12156},"totalSizeInBytes":128,"silentlySkippedCount":0,"silentlySkippedDurationMs":0}
[billboard_test] Testing test_history_first_page_control ... [0m[32mok[0m
[15:54:16.922] INFO: simulator:public-processor Processed 1 successful txs and 0 failed txs (0 silently skipped, 0ms wasted) in 0.005753457999991951s {"blockNumber":6,"successfulCount":1,"failedCount":0,"duration":0.005753457999991951,"rate":0,"totalPublicGas":{"daGas":0,"l2Gas":0},"totalBlockGas":{"daGas":1984,"l2Gas":529900},"totalSizeInBytes":1984,"silentlySkippedCount":0,"silentlySkippedDurationMs":0}
[15:54:16.965] INFO: txe:top_level_context Created block 7 with timestamp 1789664056
[15:54:17.846] INFO: simulator:public-processor Processed 1 successful txs and 0 failed txs (0 silently skipped, 0ms wasted) in 0.0425475419999857s {"blockNumber":8,"successfulCount":1,"failedCount":0,"duration":0.0425475419999857,"rate":48419201.2784356,"totalPublicGas":{"daGas":3840,"l2Gas":2060118},"totalBlockGas":{"daGas":5216,"l2Gas":2786868},"totalSizeInBytes":5216,"silentlySkippedCount":0,"silentlySkippedDurationMs":0}
[15:54:17.890] INFO: txe:top_level_context Created block 9 with timestamp 1789671257
[15:54:18.788] INFO: simulator:public-processor Processed 1 successful txs and 0 failed txs (0 silently skipped, 0ms wasted) in 0.04236783299999661s {"blockNumber":10,"successfulCount":1,"failedCount":0,"duration":0.04236783299999661,"rate":48624577.99057519,"totalPublicGas":{"daGas":3840,"l2Gas":2060118},"totalBlockGas":{"daGas":5216,"l2Gas":2786868},"totalSizeInBytes":5216,"silentlySkippedCount":0,"silentlySkippedDurationMs":0}
[15:54:18.831] INFO: txe:top_level_context Created block 11 with timestamp 1789678458
[15:54:19.642] INFO: kv-store:lmdb-v2 Starting data store with maxReaders 2
[15:54:19.646] INFO: world-state:database Creating world state data store at directory /var/folders/ym/q1vh2x5n58xbsmpmvs5_6w3r0000gn/T/aztec-world-state-FTbsr1/world_state with map sizes {"archiveTreeMapSizeKb":10485760,"nullifierTreeMapSizeKb":10485760,"noteHashTreeMapSizeKb":10485760,"messageTreeMapSizeKb":10485760,"publicDataTreeMapSizeKb":10485760} and 2 threads (ephemeral=true).
[15:54:19.661] INFO: txe_node Aztec Node version: txe
[15:54:19.661] INFO: txe_node Aztec Node started on chain 0x1
[15:54:19.696] INFO: txe:top_level_context Created block 1 with timestamp 1789656859
[15:54:19.832] INFO: txe:top_level_context Created block 2 with timestamp 1789656859
[15:54:19.854] INFO: simulator:public-processor Processed 1 successful txs and 0 failed txs (0 silently skipped, 0ms wasted) in 0.045874959000007945s {"blockNumber":12,"successfulCount":1,"failedCount":0,"duration":0.045874959000007945,"rate":44907244.49475025,"totalPublicGas":{"daGas":3840,"l2Gas":2060118},"totalBlockGas":{"daGas":5216,"l2Gas":2786868},"totalSizeInBytes":5216,"silentlySkippedCount":0,"silentlySkippedDurationMs":0}
[15:54:19.898] INFO: txe:top_level_context Created block 13 with timestamp 1789685659
[15:54:19.983] INFO: simulator:public-processor Processed 1 successful txs and 0 failed txs (0 silently skipped, 0ms wasted) in 0.1064479580000043s {"blockNumber":3,"successfulCount":1,"failedCount":0,"duration":0.1064479580000043,"rate":54268020.81069293,"totalPublicGas":{"daGas":5792,"l2Gas":5776720},"totalBlockGas":{"daGas":5792,"l2Gas":5776720},"totalSizeInBytes":5920,"silentlySkippedCount":0,"silentlySkippedDurationMs":0}
[15:54:20.081] INFO: simulator:public-processor Processed 1 successful txs and 0 failed txs (0 silently skipped, 0ms wasted) in 0.006418915999995079s {"blockNumber":4,"successfulCount":1,"failedCount":0,"duration":0.006418915999995079,"rate":1700287.0889739587,"totalPublicGas":{"daGas":0,"l2Gas":10914},"totalBlockGas":{"daGas":0,"l2Gas":10914},"totalSizeInBytes":128,"silentlySkippedCount":0,"silentlySkippedDurationMs":0}
[billboard_test] Testing test_init_default_flag_state ... [0m[32mok[0m
[15:54:20.797] INFO: simulator:public-processor Processed 1 successful txs and 0 failed txs (0 silently skipped, 0ms wasted) in 0.0420618330000143s {"blockNumber":14,"successfulCount":1,"failedCount":0,"duration":0.0420618330000143,"rate":48978321.986093655,"totalPublicGas":{"daGas":3840,"l2Gas":2060118},"totalBlockGas":{"daGas":5216,"l2Gas":2786868},"totalSizeInBytes":5216,"silentlySkippedCount":0,"silentlySkippedDurationMs":0}
[15:54:20.839] INFO: txe:top_level_context Created block 15 with timestamp 1789692860
[15:54:21.737] INFO: simulator:public-processor Processed 1 successful txs and 0 failed txs (0 silently skipped, 0ms wasted) in 0.043581707999983336s {"blockNumber":16,"successfulCount":1,"failedCount":0,"duration":0.043581707999983336,"rate":47270244.66321485,"totalPublicGas":{"daGas":3840,"l2Gas":2060118},"totalBlockGas":{"daGas":5216,"l2Gas":2786868},"totalSizeInBytes":5216,"silentlySkippedCount":0,"silentlySkippedDurationMs":0}
[15:54:21.780] INFO: txe:top_level_context Created block 17 with timestamp 1789700061
[billboard_test] Testing test_init_rejects_policy_too_long ... [0m[32mok[0m
[15:54:22.679] INFO: simulator:public-processor Processed 1 successful txs and 0 failed txs (0 silently skipped, 0ms wasted) in 0.04279408299998613s {"blockNumber":18,"successfulCount":1,"failedCount":0,"duration":0.04279408299998613,"rate":48140253.4084132,"totalPublicGas":{"daGas":3840,"l2Gas":2060118},"totalBlockGas":{"daGas":5216,"l2Gas":2786868},"totalSizeInBytes":5216,"silentlySkippedCount":0,"silentlySkippedDurationMs":0}
[15:54:22.722] INFO: txe:top_level_context Created block 19 with timestamp 1789707262
[15:54:22.822] INFO: kv-store:lmdb-v2 Starting data store with maxReaders 2
[15:54:22.823] INFO: world-state:database Creating world state data store at directory /var/folders/ym/q1vh2x5n58xbsmpmvs5_6w3r0000gn/T/aztec-world-state-ix1wqH/world_state with map sizes {"archiveTreeMapSizeKb":10485760,"nullifierTreeMapSizeKb":10485760,"noteHashTreeMapSizeKb":10485760,"messageTreeMapSizeKb":10485760,"publicDataTreeMapSizeKb":10485760} and 2 threads (ephemeral=true).
[15:54:22.839] INFO: txe_node Aztec Node version: txe
[15:54:22.839] INFO: txe_node Aztec Node started on chain 0x1
[15:54:22.880] INFO: txe:top_level_context Created block 1 with timestamp 1789656862
[15:54:22.951] INFO: txe:top_level_context Created block 2 with timestamp 1789656862
[15:54:23.006] INFO: simulator:public-processor Processed 1 successful txs and 0 failed txs (0 silently skipped, 0ms wasted) in 0.010765833000012208s {"blockNumber":3,"successfulCount":1,"failedCount":0,"duration":0.010765833000012208,"rate":11856676.580423944,"totalPublicGas":{"daGas":0,"l2Gas":127647},"totalBlockGas":{"daGas":0,"l2Gas":127647},"totalSizeInBytes":128,"silentlySkippedCount":0,"silentlySkippedDurationMs":0}
[15:54:23.015] WARN: txe:top_level_context Could not find function artifact in contract Billboard for function '0x8f3f1c4d' when enriching error callstack
[15:54:23.676] INFO: simulator:public-processor Processed 1 successful txs and 0 failed txs (0 silently skipped, 0ms wasted) in 0.0424951670000155s {"blockNumber":20,"successfulCount":1,"failedCount":0,"duration":0.0424951670000155,"rate":48478877.609758504,"totalPublicGas":{"daGas":3840,"l2Gas":2060118},"totalBlockGas":{"daGas":5216,"l2Gas":2786868},"totalSizeInBytes":5216,"silentlySkippedCount":0,"silentlySkippedDurationMs":0}
[15:54:23.718] INFO: txe:top_level_context Created block 21 with timestamp 1789714463
[15:54:24.658] INFO: simulator:public-processor Processed 1 successful txs and 0 failed txs (0 silently skipped, 0ms wasted) in 0.04323320799999055s {"blockNumber":22,"successfulCount":1,"failedCount":0,"duration":0.04323320799999055,"rate":47651286.94591551,"totalPublicGas":{"daGas":3840,"l2Gas":2060118},"totalBlockGas":{"daGas":5216,"l2Gas":2786868},"totalSizeInBytes":5216,"silentlySkippedCount":0,"silentlySkippedDurationMs":0}
[15:54:24.700] INFO: txe:top_level_context Created block 23 with timestamp 1789721664
[15:54:25.598] INFO: simulator:public-processor Processed 1 successful txs and 0 failed txs (0 silently skipped, 0ms wasted) in 0.0426509579999838s {"blockNumber":24,"successfulCount":1,"failedCount":0,"duration":0.0426509579999838,"rate":48301798.98891796,"totalPublicGas":{"daGas":3840,"l2Gas":2060118},"totalBlockGas":{"daGas":5216,"l2Gas":2786868},"totalSizeInBytes":5216,"silentlySkippedCount":0,"silentlySkippedDurationMs":0}
[15:54:25.641] INFO: txe:top_level_context Created block 25 with timestamp 1789728865
[15:54:25.786] INFO: kv-store:lmdb-v2 Starting data store with maxReaders 2
[15:54:25.787] INFO: world-state:database Creating world state data store at directory /var/folders/ym/q1vh2x5n58xbsmpmvs5_6w3r0000gn/T/aztec-world-state-fNs8ae/world_state with map sizes {"archiveTreeMapSizeKb":10485760,"nullifierTreeMapSizeKb":10485760,"noteHashTreeMapSizeKb":10485760,"messageTreeMapSizeKb":10485760,"publicDataTreeMapSizeKb":10485760} and 2 threads (ephemeral=true).
[15:54:25.813] INFO: txe_node Aztec Node version: txe
[15:54:25.813] INFO: txe_node Aztec Node started on chain 0x1
[15:54:25.833] INFO: txe:top_level_context Created block 1 with timestamp 1789656865
[15:54:25.895] INFO: txe:top_level_context Created block 2 with timestamp 1789656865
[15:54:25.965] INFO: simulator:public-processor Processed 1 successful txs and 0 failed txs (0 silently skipped, 0ms wasted) in 0.011656707999994978s {"blockNumber":3,"successfulCount":1,"failedCount":0,"duration":0.011656707999994978,"rate":10909083.422185302,"totalPublicGas":{"daGas":0,"l2Gas":127164},"totalBlockGas":{"daGas":0,"l2Gas":127164},"totalSizeInBytes":128,"silentlySkippedCount":0,"silentlySkippedDurationMs":0}
[15:54:25.979] WARN: txe:top_level_context Could not find function artifact in contract Billboard for function '0x8f3f1c4d' when enriching error callstack
[billboard_test] Testing test_init_rejects_zero_base_cooldown ... [0m[32mok[0m
[15:54:26.596] INFO: simulator:public-processor Processed 1 successful txs and 0 failed txs (0 silently skipped, 0ms wasted) in 0.04229120800000965s {"blockNumber":26,"successfulCount":1,"failedCount":0,"duration":0.04229120800000965,"rate":48712678.058274664,"totalPublicGas":{"daGas":3840,"l2Gas":2060118},"totalBlockGas":{"daGas":5216,"l2Gas":2786868},"totalSizeInBytes":5216,"silentlySkippedCount":0,"silentlySkippedDurationMs":0}
[15:54:26.640] INFO: txe:top_level_context Created block 27 with timestamp 1789736066
[15:54:27.545] INFO: simulator:public-processor Processed 1 successful txs and 0 failed txs (0 silently skipped, 0ms wasted) in 0.04376020799999242s {"blockNumber":28,"successfulCount":1,"failedCount":0,"duration":0.04376020799999242,"rate":47077427.054285415,"totalPublicGas":{"daGas":3840,"l2Gas":2060118},"totalBlockGas":{"daGas":5216,"l2Gas":2786868},"totalSizeInBytes":5216,"silentlySkippedCount":0,"silentlySkippedDurationMs":0}
[15:54:27.589] INFO: txe:top_level_context Created block 29 with timestamp 1789743267
[15:54:28.479] INFO: simulator:public-processor Processed 1 successful txs and 0 failed txs (0 silently skipped, 0ms wasted) in 0.043166791000025115s {"blockNumber":30,"successfulCount":1,"failedCount":0,"duration":0.043166791000025115,"rate":47724603.85111327,"totalPublicGas":{"daGas":3840,"l2Gas":2060118},"totalBlockGas":{"daGas":5216,"l2Gas":2786868},"totalSizeInBytes":5216,"silentlySkippedCount":0,"silentlySkippedDurationMs":0}
[15:54:28.522] INFO: txe:top_level_context Created block 31 with timestamp 1789750468
[15:54:28.712] INFO: kv-store:lmdb-v2 Starting data store with maxReaders 2
[15:54:28.713] INFO: world-state:database Creating world state data store at directory /var/folders/ym/q1vh2x5n58xbsmpmvs5_6w3r0000gn/T/aztec-world-state-ufcBxU/world_state with map sizes {"archiveTreeMapSizeKb":10485760,"nullifierTreeMapSizeKb":10485760,"noteHashTreeMapSizeKb":10485760,"messageTreeMapSizeKb":10485760,"publicDataTreeMapSizeKb":10485760} and 2 threads (ephemeral=true).
[15:54:28.726] INFO: txe_node Aztec Node version: txe
[15:54:28.726] INFO: txe_node Aztec Node started on chain 0x1
[15:54:28.744] INFO: txe:top_level_context Created block 1 with timestamp 1789656868
[15:54:28.822] INFO: txe:top_level_context Created block 2 with timestamp 1789656868
[billboard_test] Testing test_init_rejects_zero_censor_window ... [0m[32mok[0m
[15:54:28.892] INFO: simulator:public-processor Processed 1 successful txs and 0 failed txs (0 silently skipped, 0ms wasted) in 0.00866945799998939s {"blockNumber":3,"successfulCount":1,"failedCount":0,"duration":0.00866945799998939,"rate":14683616.89971343,"totalPublicGas":{"daGas":0,"l2Gas":127299},"totalBlockGas":{"daGas":0,"l2Gas":127299},"totalSizeInBytes":128,"silentlySkippedCount":0,"silentlySkippedDurationMs":0}
[15:54:28.895] WARN: txe:top_level_context Could not find function artifact in contract Billboard for function '0x8f3f1c4d' when enriching error callstack
[15:54:29.452] INFO: simulator:public-processor Processed 1 successful txs and 0 failed txs (0 silently skipped, 0ms wasted) in 0.04436095800000476s {"blockNumber":32,"successfulCount":1,"failedCount":0,"duration":0.04436095800000476,"rate":46439889.77875047,"totalPublicGas":{"daGas":3840,"l2Gas":2060118},"totalBlockGas":{"daGas":5216,"l2Gas":2786868},"totalSizeInBytes":5216,"silentlySkippedCount":0,"silentlySkippedDurationMs":0}
[15:54:29.495] INFO: txe:top_level_context Created block 33 with timestamp 1789757669
[15:54:30.371] INFO: simulator:public-processor Processed 1 successful txs and 0 failed txs (0 silently skipped, 0ms wasted) in 0.044663082999992186s {"blockNumber":34,"successfulCount":1,"failedCount":0,"duration":0.044663082999992186,"rate":46125745.50664943,"totalPublicGas":{"daGas":3840,"l2Gas":2060118},"totalBlockGas":{"daGas":5216,"l2Gas":2786868},"totalSizeInBytes":5216,"silentlySkippedCount":0,"silentlySkippedDurationMs":0}
[15:54:30.414] INFO: txe:top_level_context Created block 35 with timestamp 1789764870
[15:54:31.299] INFO: simulator:public-processor Processed 1 successful txs and 0 failed txs (0 silently skipped, 0ms wasted) in 0.04644937499999651s {"blockNumber":36,"successfulCount":1,"failedCount":0,"duration":0.04644937499999651,"rate":44351899.245149255,"totalPublicGas":{"daGas":3840,"l2Gas":2060118},"totalBlockGas":{"daGas":5216,"l2Gas":2786868},"totalSizeInBytes":5216,"silentlySkippedCount":0,"silentlySkippedDurationMs":0}
[15:54:31.342] INFO: txe:top_level_context Created block 37 with timestamp 1789772071
[15:54:31.632] INFO: kv-store:lmdb-v2 Starting data store with maxReaders 2
[15:54:31.632] INFO: world-state:database Creating world state data store at directory /var/folders/ym/q1vh2x5n58xbsmpmvs5_6w3r0000gn/T/aztec-world-state-QrQGF2/world_state with map sizes {"archiveTreeMapSizeKb":10485760,"nullifierTreeMapSizeKb":10485760,"noteHashTreeMapSizeKb":10485760,"messageTreeMapSizeKb":10485760,"publicDataTreeMapSizeKb":10485760} and 2 threads (ephemeral=true).
[15:54:31.648] INFO: txe_node Aztec Node version: txe
[15:54:31.648] INFO: txe_node Aztec Node started on chain 0x1
[15:54:31.666] INFO: txe:top_level_context Created block 1 with timestamp 1789656871
[15:54:31.736] INFO: txe:top_level_context Created block 2 with timestamp 1789656871
[15:54:31.799] INFO: simulator:public-processor Processed 1 successful txs and 0 failed txs (0 silently skipped, 0ms wasted) in 0.02059795799999847s {"blockNumber":3,"successfulCount":1,"failedCount":0,"duration":0.02059795799999847,"rate":6176971.523099982,"totalPublicGas":{"daGas":0,"l2Gas":127233},"totalBlockGas":{"daGas":0,"l2Gas":127233},"totalSizeInBytes":128,"silentlySkippedCount":0,"silentlySkippedDurationMs":0}
[15:54:31.802] WARN: txe:top_level_context Could not find function artifact in contract Billboard for function '0x8f3f1c4d' when enriching error callstack
[billboard_test] Testing test_init_rejects_zero_k ... [0m[32mok[0m
[15:54:32.285] INFO: simulator:public-processor Processed 1 successful txs and 0 failed txs (0 silently skipped, 0ms wasted) in 0.04293112499997369s {"blockNumber":38,"successfulCount":1,"failedCount":0,"duration":0.04293112499997369,"rate":47986583.160848044,"totalPublicGas":{"daGas":3840,"l2Gas":2060118},"totalBlockGas":{"daGas":5216,"l2Gas":2786868},"totalSizeInBytes":5216,"silentlySkippedCount":0,"silentlySkippedDurationMs":0}
[15:54:32.333] INFO: txe:top_level_context Created block 39 with timestamp 1789779272
[15:54:33.397] INFO: simulator:public-processor Processed 1 successful txs and 0 failed txs (0 silently skipped, 0ms wasted) in 0.10174366599999485s {"blockNumber":40,"successfulCount":1,"failedCount":0,"duration":0.10174366599999485,"rate":20248120.408793844,"totalPublicGas":{"daGas":3840,"l2Gas":2060118},"totalBlockGas":{"daGas":5216,"l2Gas":2786868},"totalSizeInBytes":5216,"silentlySkippedCount":0,"silentlySkippedDurationMs":0}
[15:54:33.473] INFO: simulator:public-processor Processed 1 successful txs and 0 failed txs (0 silently skipped, 0ms wasted) in 0.01343187499998021s {"blockNumber":41,"successfulCount":1,"failedCount":0,"duration":0.01343187499998021,"rate":700646.7823750493,"totalPublicGas":{"daGas":0,"l2Gas":9411},"totalBlockGas":{"daGas":0,"l2Gas":9411},"totalSizeInBytes":128,"silentlySkippedCount":0,"silentlySkippedDurationMs":0}
[15:54:33.502] INFO: txe:top_level_context Created block 41 with timestamp 1789779272
[15:54:33.872] INFO: simulator:public-processor Processed 1 successful txs and 0 failed txs (0 silently skipped, 0ms wasted) in 0.00868924999999581s {"blockNumber":42,"successfulCount":1,"failedCount":0,"duration":0.00868924999999581,"rate":0,"totalPublicGas":{"daGas":0,"l2Gas":0},"totalBlockGas":{"daGas":832,"l2Gas":499700},"totalSizeInBytes":832,"silentlySkippedCount":0,"silentlySkippedDurationMs":0}
[15:54:34.606] INFO: txe:top_level_context Created block 43 with timestamp 1789786473
[billboard_test] Testing test_init_rejects_zero_max_save_up ... [0m[32mok[0m
[15:54:35.213] INFO: kv-store:lmdb-v2 Starting data store with maxReaders 2
[15:54:35.214] INFO: world-state:database Creating world state data store at directory /var/folders/ym/q1vh2x5n58xbsmpmvs5_6w3r0000gn/T/aztec-world-state-CDYJ2d/world_state with map sizes {"archiveTreeMapSizeKb":10485760,"nullifierTreeMapSizeKb":10485760,"noteHashTreeMapSizeKb":10485760,"messageTreeMapSizeKb":10485760,"publicDataTreeMapSizeKb":10485760} and 2 threads (ephemeral=true).
[15:54:35.227] INFO: txe_node Aztec Node version: txe
[15:54:35.227] INFO: txe_node Aztec Node started on chain 0x1
[15:54:35.246] INFO: txe:top_level_context Created block 1 with timestamp 1789656875
[15:54:35.284] INFO: simulator:public-processor Processed 1 successful txs and 0 failed txs (0 silently skipped, 0ms wasted) in 0.04429008299999987s {"blockNumber":44,"successfulCount":1,"failedCount":0,"duration":0.04429008299999987,"rate":46514204.99708718,"totalPublicGas":{"daGas":3840,"l2Gas":2060118},"totalBlockGas":{"daGas":5216,"l2Gas":2786868},"totalSizeInBytes":5216,"silentlySkippedCount":0,"silentlySkippedDurationMs":0}
[15:54:35.307] INFO: txe:top_level_context Created block 2 with timestamp 1789656875
[15:54:35.430] INFO: simulator:public-processor Processed 1 successful txs and 0 failed txs (0 silently skipped, 0ms wasted) in 0.012887291999999434s {"blockNumber":3,"successfulCount":1,"failedCount":0,"duration":0.012887291999999434,"rate":9883224.497435581,"totalPublicGas":{"daGas":0,"l2Gas":127368},"totalBlockGas":{"daGas":0,"l2Gas":127368},"totalSizeInBytes":128,"silentlySkippedCount":0,"silentlySkippedDurationMs":0}
[15:54:35.442] WARN: txe:top_level_context Could not find function artifact in contract Billboard for function '0x8f3f1c4d' when enriching error callstack
[15:54:35.762] INFO: txe:top_level_context Created block 45 with timestamp 1789793674
[15:54:36.300] INFO: simulator:public-processor Processed 1 successful txs and 0 failed txs (0 silently skipped, 0ms wasted) in 0.0058101670000178275s {"blockNumber":46,"successfulCount":1,"failedCount":0,"duration":0.0058101670000178275,"rate":0,"totalPublicGas":{"daGas":0,"l2Gas":0},"totalBlockGas":{"daGas":1440,"l2Gas":527400},"totalSizeInBytes":1440,"silentlySkippedCount":0,"silentlySkippedDurationMs":0}
[15:54:36.877] INFO: simulator:public-processor Processed 1 successful txs and 0 failed txs (0 silently skipped, 0ms wasted) in 0.005886166000011144s {"blockNumber":47,"successfulCount":1,"failedCount":0,"duration":0.005886166000011144,"rate":0,"totalPublicGas":{"daGas":0,"l2Gas":0},"totalBlockGas":{"daGas":1440,"l2Gas":527400},"totalSizeInBytes":1440,"silentlySkippedCount":0,"silentlySkippedDurationMs":0}
[15:54:36.919] INFO: txe:top_level_context Created block 48 with timestamp 1789800875
[15:54:37.119] INFO: simulator:public-processor Processed 1 successful txs and 0 failed txs (0 silently skipped, 0ms wasted) in 0.005177041999995708s {"blockNumber":49,"successfulCount":1,"failedCount":0,"duration":0.005177041999995708,"rate":0,"totalPublicGas":{"daGas":0,"l2Gas":0},"totalBlockGas":{"daGas":256,"l2Gas":477200},"totalSizeInBytes":256,"silentlySkippedCount":0,"silentlySkippedDurationMs":0}
[15:54:37.579] INFO: simulator:public-processor Processed 1 successful txs and 0 failed txs (0 silently skipped, 0ms wasted) in 0.005207292000006419s {"blockNumber":50,"successfulCount":1,"failedCount":0,"duration":0.005207292000006419,"rate":0,"totalPublicGas":{"daGas":0,"l2Gas":0},"totalBlockGas":{"daGas":256,"l2Gas":477200},"totalSizeInBytes":256,"silentlySkippedCount":0,"silentlySkippedDurationMs":0}
[billboard_test] Testing test_history_two_deposits_select_independent_children_and_exit ... [0m[32mok[0m
[billboard_test] Testing test_init_rejects_zero_min_deposit ... [0m[32mok[0m
[15:54:38.175] INFO: kv-store:lmdb-v2 Starting data store with maxReaders 2
[15:54:38.176] INFO: world-state:database Creating world state data store at directory /var/folders/ym/q1vh2x5n58xbsmpmvs5_6w3r0000gn/T/aztec-world-state-hFC9Qg/world_state with map sizes {"archiveTreeMapSizeKb":10485760,"nullifierTreeMapSizeKb":10485760,"noteHashTreeMapSizeKb":10485760,"messageTreeMapSizeKb":10485760,"publicDataTreeMapSizeKb":10485760} and 2 threads (ephemeral=true).
[15:54:38.189] INFO: txe_node Aztec Node version: txe
[15:54:38.189] INFO: txe_node Aztec Node started on chain 0x1
[15:54:38.207] INFO: txe:top_level_context Created block 1 with timestamp 1789656878
[15:54:38.268] INFO: txe:top_level_context Created block 2 with timestamp 1789656878
[15:54:38.319] INFO: simulator:public-processor Processed 1 successful txs and 0 failed txs (0 silently skipped, 0ms wasted) in 0.009051957999996375s {"blockNumber":3,"successfulCount":1,"failedCount":0,"duration":0.009051957999996375,"rate":14021054.892217886,"totalPublicGas":{"daGas":0,"l2Gas":126918},"totalBlockGas":{"daGas":0,"l2Gas":126918},"totalSizeInBytes":128,"silentlySkippedCount":0,"silentlySkippedDurationMs":0}
[15:54:38.322] WARN: txe:top_level_context Could not find function artifact in contract Billboard for function '0x8f3f1c4d' when enriching error callstack
[billboard_test] Testing test_init_sets_all_parameters ... [0m[32mok[0m
[billboard_test] Testing test_init_sets_default_policy ... [0m[32mok[0m
[15:54:40.871] INFO: kv-store:lmdb-v2 Starting data store with maxReaders 2
[15:54:40.873] INFO: world-state:database Creating world state data store at directory /var/folders/ym/q1vh2x5n58xbsmpmvs5_6w3r0000gn/T/aztec-world-state-6YgVHK/world_state with map sizes {"archiveTreeMapSizeKb":10485760,"nullifierTreeMapSizeKb":10485760,"noteHashTreeMapSizeKb":10485760,"messageTreeMapSizeKb":10485760,"publicDataTreeMapSizeKb":10485760} and 2 threads (ephemeral=true).
[15:54:40.887] INFO: txe_node Aztec Node version: txe
[15:54:40.887] INFO: txe_node Aztec Node started on chain 0x1
[15:54:40.905] INFO: txe:top_level_context Created block 1 with timestamp 1789656880
[15:54:40.954] INFO: txe:top_level_context Created block 2 with timestamp 1789656880
[15:54:41.084] INFO: simulator:public-processor Processed 1 successful txs and 0 failed txs (0 silently skipped, 0ms wasted) in 0.08837337499999558s {"blockNumber":3,"successfulCount":1,"failedCount":0,"duration":0.08837337499999558,"rate":65367199.11398981,"totalPublicGas":{"daGas":5792,"l2Gas":5776720},"totalBlockGas":{"daGas":5792,"l2Gas":5776720},"totalSizeInBytes":5920,"silentlySkippedCount":0,"silentlySkippedDurationMs":0}
[15:54:41.130] INFO: simulator:public-processor Processed 1 successful txs and 0 failed txs (0 silently skipped, 0ms wasted) in 0.00716058399999747s {"blockNumber":4,"successfulCount":1,"failedCount":0,"duration":0.00716058399999747,"rate":3563256.851677044,"totalPublicGas":{"daGas":0,"l2Gas":25515},"totalBlockGas":{"daGas":0,"l2Gas":25515},"totalSizeInBytes":128,"silentlySkippedCount":0,"silentlySkippedDurationMs":0}
[15:54:41.153] INFO: simulator:public-processor Processed 1 successful txs and 0 failed txs (0 silently skipped, 0ms wasted) in 0.007099583000002895s {"blockNumber":4,"successfulCount":1,"failedCount":0,"duration":0.007099583000002895,"rate":3605282.169387915,"totalPublicGas":{"daGas":0,"l2Gas":25596},"totalBlockGas":{"daGas":0,"l2Gas":25596},"totalSizeInBytes":128,"silentlySkippedCount":0,"silentlySkippedDurationMs":0}
[15:54:41.181] INFO: simulator:public-processor Processed 1 successful txs and 0 failed txs (0 silently skipped, 0ms wasted) in 0.01035875000001397s {"blockNumber":4,"successfulCount":1,"failedCount":0,"duration":0.01035875000001397,"rate":2431857.125615159,"totalPublicGas":{"daGas":0,"l2Gas":25191},"totalBlockGas":{"daGas":0,"l2Gas":25191},"totalSizeInBytes":128,"silentlySkippedCount":0,"silentlySkippedDurationMs":0}
[15:54:41.195] INFO: kv-store:lmdb-v2 Starting data store with maxReaders 2
[15:54:41.195] INFO: world-state:database Creating world state data store at directory /var/folders/ym/q1vh2x5n58xbsmpmvs5_6w3r0000gn/T/aztec-world-state-wByf7c/world_state with map sizes {"archiveTreeMapSizeKb":10485760,"nullifierTreeMapSizeKb":10485760,"noteHashTreeMapSizeKb":10485760,"messageTreeMapSizeKb":10485760,"publicDataTreeMapSizeKb":10485760} and 2 threads (ephemeral=true).
[15:54:41.209] INFO: txe_node Aztec Node version: txe
[15:54:41.209] INFO: txe_node Aztec Node started on chain 0x1
[15:54:41.216] INFO: simulator:public-processor Processed 1 successful txs and 0 failed txs (0 silently skipped, 0ms wasted) in 0.007842583000019658s {"blockNumber":4,"successfulCount":1,"failedCount":0,"duration":0.007842583000019658,"rate":3222407.7194894403,"totalPublicGas":{"daGas":0,"l2Gas":25272},"totalBlockGas":{"daGas":0,"l2Gas":25272},"totalSizeInBytes":128,"silentlySkippedCount":0,"silentlySkippedDurationMs":0}
[15:54:41.232] INFO: txe:top_level_context Created block 1 with timestamp 1789656881
[15:54:41.239] INFO: simulator:public-processor Processed 1 successful txs and 0 failed txs (0 silently skipped, 0ms wasted) in 0.007619583000021521s {"blockNumber":4,"successfulCount":1,"failedCount":0,"duration":0.007619583000021521,"rate":3327741.163778698,"totalPublicGas":{"daGas":0,"l2Gas":25356},"totalBlockGas":{"daGas":0,"l2Gas":25356},"totalSizeInBytes":128,"silentlySkippedCount":0,"silentlySkippedDurationMs":0}
[15:54:41.264] INFO: simulator:public-processor Processed 1 successful txs and 0 failed txs (0 silently skipped, 0ms wasted) in 0.00755549999998766s {"blockNumber":4,"successfulCount":1,"failedCount":0,"duration":0.00755549999998766,"rate":1375421.8781042914,"totalPublicGas":{"daGas":0,"l2Gas":10392},"totalBlockGas":{"daGas":0,"l2Gas":10392},"totalSizeInBytes":128,"silentlySkippedCount":0,"silentlySkippedDurationMs":0}
[15:54:41.288] INFO: simulator:public-processor Processed 1 successful txs and 0 failed txs (0 silently skipped, 0ms wasted) in 0.0076685839999991005s {"blockNumber":4,"successfulCount":1,"failedCount":0,"duration":0.0076685839999991005,"rate":3307651.060483001,"totalPublicGas":{"daGas":0,"l2Gas":25365},"totalBlockGas":{"daGas":0,"l2Gas":25365},"totalSizeInBytes":128,"silentlySkippedCount":0,"silentlySkippedDurationMs":0}
[15:54:41.304] INFO: txe:top_level_context Created block 2 with timestamp 1789656881
[15:54:41.310] INFO: simulator:public-processor Processed 1 successful txs and 0 failed txs (0 silently skipped, 0ms wasted) in 0.006614750000007916s {"blockNumber":4,"successfulCount":1,"failedCount":0,"duration":0.006614750000007916,"rate":1422729.506026492,"totalPublicGas":{"daGas":0,"l2Gas":9411},"totalBlockGas":{"daGas":0,"l2Gas":9411},"totalSizeInBytes":128,"silentlySkippedCount":0,"silentlySkippedDurationMs":0}
[15:54:41.333] INFO: simulator:public-processor Processed 1 successful txs and 0 failed txs (0 silently skipped, 0ms wasted) in 0.00646241600002395s {"blockNumber":4,"successfulCount":1,"failedCount":0,"duration":0.00646241600002395,"rate":1787721.4961025696,"totalPublicGas":{"daGas":0,"l2Gas":11553},"totalBlockGas":{"daGas":0,"l2Gas":11553},"totalSizeInBytes":128,"silentlySkippedCount":0,"silentlySkippedDurationMs":0}
[15:54:41.446] INFO: simulator:public-processor Processed 1 successful txs and 0 failed txs (0 silently skipped, 0ms wasted) in 0.08982516699997359s {"blockNumber":3,"successfulCount":1,"failedCount":0,"duration":0.08982516699997359,"rate":64310707.04273445,"totalPublicGas":{"daGas":5792,"l2Gas":5776720},"totalBlockGas":{"daGas":5792,"l2Gas":5776720},"totalSizeInBytes":5920,"silentlySkippedCount":0,"silentlySkippedDurationMs":0}
[15:54:41.496] INFO: simulator:public-processor Processed 1 successful txs and 0 failed txs (0 silently skipped, 0ms wasted) in 0.010683500000013738s {"blockNumber":4,"successfulCount":1,"failedCount":0,"duration":0.010683500000013738,"rate":11057612.2057236,"totalPublicGas":{"daGas":0,"l2Gas":118134},"totalBlockGas":{"daGas":0,"l2Gas":118134},"totalSizeInBytes":128,"silentlySkippedCount":0,"silentlySkippedDurationMs":0}
[billboard_test] Testing test_init_sets_nondefault_policy ... [0m[32mok[0m
[15:54:44.209] INFO: kv-store:lmdb-v2 Starting data store with maxReaders 2
[15:54:44.212] INFO: world-state:database Creating world state data store at directory /var/folders/ym/q1vh2x5n58xbsmpmvs5_6w3r0000gn/T/aztec-world-state-5PLDxV/world_state with map sizes {"archiveTreeMapSizeKb":10485760,"nullifierTreeMapSizeKb":10485760,"noteHashTreeMapSizeKb":10485760,"messageTreeMapSizeKb":10485760,"publicDataTreeMapSizeKb":10485760} and 2 threads (ephemeral=true).
[15:54:44.226] INFO: txe_node Aztec Node version: txe
[15:54:44.226] INFO: txe_node Aztec Node started on chain 0x1
[15:54:44.243] INFO: txe:top_level_context Created block 1 with timestamp 1789656884
[15:54:44.294] INFO: txe:top_level_context Created block 2 with timestamp 1789656884
[15:54:44.425] INFO: simulator:public-processor Processed 1 successful txs and 0 failed txs (0 silently skipped, 0ms wasted) in 0.08961595800000942s {"blockNumber":3,"successfulCount":1,"failedCount":0,"duration":0.08961595800000942,"rate":64460840.78015874,"totalPublicGas":{"daGas":5792,"l2Gas":5776720},"totalBlockGas":{"daGas":5792,"l2Gas":5776720},"totalSizeInBytes":5920,"silentlySkippedCount":0,"silentlySkippedDurationMs":0}
[15:54:44.474] INFO: simulator:public-processor Processed 1 successful txs and 0 failed txs (0 silently skipped, 0ms wasted) in 0.010456915999995545s {"blockNumber":4,"successfulCount":1,"failedCount":0,"duration":0.010456915999995545,"rate":11297212.294719622,"totalPublicGas":{"daGas":0,"l2Gas":118134},"totalBlockGas":{"daGas":0,"l2Gas":118134},"totalSizeInBytes":128,"silentlySkippedCount":0,"silentlySkippedDurationMs":0}
[15:54:44.500] INFO: kv-store:lmdb-v2 Starting data store with maxReaders 2
[15:54:44.501] INFO: world-state:database Creating world state data store at directory /var/folders/ym/q1vh2x5n58xbsmpmvs5_6w3r0000gn/T/aztec-world-state-b2lNlg/world_state with map sizes {"archiveTreeMapSizeKb":10485760,"nullifierTreeMapSizeKb":10485760,"noteHashTreeMapSizeKb":10485760,"messageTreeMapSizeKb":10485760,"publicDataTreeMapSizeKb":10485760} and 2 threads (ephemeral=true).
[15:54:44.514] INFO: txe_node Aztec Node version: txe
[15:54:44.514] INFO: txe_node Aztec Node started on chain 0x1
[15:54:44.531] INFO: txe:top_level_context Created block 1 with timestamp 1789656884
[15:54:44.584] INFO: txe:top_level_context Created block 2 with timestamp 1789656884
[15:54:44.715] INFO: simulator:public-processor Processed 1 successful txs and 0 failed txs (0 silently skipped, 0ms wasted) in 0.0889009579999838s {"blockNumber":3,"successfulCount":1,"failedCount":0,"duration":0.0889009579999838,"rate":64979277.27619147,"totalPublicGas":{"daGas":5792,"l2Gas":5776720},"totalBlockGas":{"daGas":5792,"l2Gas":5776720},"totalSizeInBytes":5920,"silentlySkippedCount":0,"silentlySkippedDurationMs":0}
[15:54:44.888] INFO: simulator:public-processor Processed 1 successful txs and 0 failed txs (0 silently skipped, 0ms wasted) in 0.02073170899998513s {"blockNumber":4,"successfulCount":1,"failedCount":0,"duration":0.02073170899998513,"rate":55020403.76897139,"totalPublicGas":{"daGas":192,"l2Gas":1140667},"totalBlockGas":{"daGas":320,"l2Gas":1731467},"totalSizeInBytes":320,"silentlySkippedCount":0,"silentlySkippedDurationMs":0}
[15:54:44.929] INFO: txe:top_level_context Created block 5 with timestamp 1789656884
[15:54:45.166] INFO: simulator:public-processor Processed 1 successful txs and 0 failed txs (0 silently skipped, 0ms wasted) in 0.0054932909999915866s {"blockNumber":6,"successfulCount":1,"failedCount":0,"duration":0.0054932909999915866,"rate":0,"totalPublicGas":{"daGas":0,"l2Gas":0},"totalBlockGas":{"daGas":1984,"l2Gas":529900},"totalSizeInBytes":1984,"silentlySkippedCount":0,"silentlySkippedDurationMs":0}
[15:54:45.209] INFO: txe:top_level_context Created block 7 with timestamp 1789660485
[15:54:46.087] INFO: simulator:public-processor Processed 1 successful txs and 0 failed txs (0 silently skipped, 0ms wasted) in 0.04321741700000712s {"blockNumber":8,"successfulCount":1,"failedCount":0,"duration":0.04321741700000712,"rate":47668698.015886985,"totalPublicGas":{"daGas":3840,"l2Gas":2060118},"totalBlockGas":{"daGas":5216,"l2Gas":2786868},"totalSizeInBytes":5216,"silentlySkippedCount":0,"silentlySkippedDurationMs":0}
[15:54:46.130] INFO: txe:top_level_context Created block 9 with timestamp 1789760485
[15:54:47.047] INFO: simulator:public-processor Processed 1 successful txs and 0 failed txs (0 silently skipped, 0ms wasted) in 0.043040833000006384s {"blockNumber":10,"successfulCount":1,"failedCount":0,"duration":0.043040833000006384,"rate":47864268.79795041,"totalPublicGas":{"daGas":3840,"l2Gas":2060118},"totalBlockGas":{"daGas":5216,"l2Gas":2786868},"totalSizeInBytes":5216,"silentlySkippedCount":0,"silentlySkippedDurationMs":0}
[15:54:47.092] INFO: simulator:public-processor Processed 1 successful txs and 0 failed txs (0 silently skipped, 0ms wasted) in 0.006391124999994645s {"blockNumber":11,"successfulCount":1,"failedCount":0,"duration":0.006391124999994645,"rate":1472510.7082098825,"totalPublicGas":{"daGas":0,"l2Gas":9411},"totalBlockGas":{"daGas":0,"l2Gas":9411},"totalSizeInBytes":128,"silentlySkippedCount":0,"silentlySkippedDurationMs":0}
[15:54:47.111] INFO: txe:top_level_context Created block 11 with timestamp 1789760486
[15:54:47.336] INFO: kv-store:lmdb-v2 Starting data store with maxReaders 2
[15:54:47.339] INFO: world-state:database Creating world state data store at directory /var/folders/ym/q1vh2x5n58xbsmpmvs5_6w3r0000gn/T/aztec-world-state-sFPnAC/world_state with map sizes {"archiveTreeMapSizeKb":10485760,"nullifierTreeMapSizeKb":10485760,"noteHashTreeMapSizeKb":10485760,"messageTreeMapSizeKb":10485760,"publicDataTreeMapSizeKb":10485760} and 2 threads (ephemeral=true).
[15:54:47.354] INFO: txe_node Aztec Node version: txe
[15:54:47.354] INFO: txe_node Aztec Node started on chain 0x1
[15:54:47.385] INFO: txe:top_level_context Created block 1 with timestamp 1789656887
[15:54:47.457] INFO: txe:top_level_context Created block 2 with timestamp 1789656887
[15:54:47.847] INFO: simulator:public-processor Processed 1 successful txs and 0 failed txs (0 silently skipped, 0ms wasted) in 0.34712770899999307s {"blockNumber":3,"successfulCount":1,"failedCount":0,"duration":0.34712770899999307,"rate":16641483.379824672,"totalPublicGas":{"daGas":5792,"l2Gas":5776720},"totalBlockGas":{"daGas":5792,"l2Gas":5776720},"totalSizeInBytes":5920,"silentlySkippedCount":0,"silentlySkippedDurationMs":0}
[15:54:48.075] INFO: simulator:public-processor Processed 1 successful txs and 0 failed txs (0 silently skipped, 0ms wasted) in 0.043035166999994545s {"blockNumber":12,"successfulCount":1,"failedCount":0,"duration":0.043035166999994545,"rate":47870570.596374385,"totalPublicGas":{"daGas":3840,"l2Gas":2060118},"totalBlockGas":{"daGas":5216,"l2Gas":2786868},"totalSizeInBytes":5216,"silentlySkippedCount":0,"silentlySkippedDurationMs":0}
[15:54:48.126] INFO: simulator:public-processor Processed 1 successful txs and 0 failed txs (0 silently skipped, 0ms wasted) in 0.019839999999996506s {"blockNumber":4,"successfulCount":1,"failedCount":0,"duration":0.019839999999996506,"rate":57493296.37097786,"totalPublicGas":{"daGas":192,"l2Gas":1140667},"totalBlockGas":{"daGas":320,"l2Gas":1731467},"totalSizeInBytes":320,"silentlySkippedCount":0,"silentlySkippedDurationMs":0}
[15:54:48.126] INFO: simulator:public-processor Processed 1 successful txs and 0 failed txs (0 silently skipped, 0ms wasted) in 0.006432375000003958s {"blockNumber":13,"successfulCount":1,"failedCount":0,"duration":0.006432375000003958,"rate":1463067.6849521692,"totalPublicGas":{"daGas":0,"l2Gas":9411},"totalBlockGas":{"daGas":0,"l2Gas":9411},"totalSizeInBytes":128,"silentlySkippedCount":0,"silentlySkippedDurationMs":0}
[15:54:48.168] INFO: txe:top_level_context Created block 5 with timestamp 1789656887
[billboard_test] Testing test_save_up_allows_burst_after_dormancy ... [0m[32mok[0m
[15:54:48.398] INFO: simulator:public-processor Processed 1 successful txs and 0 failed txs (0 silently skipped, 0ms wasted) in 0.005592791000002762s {"blockNumber":6,"successfulCount":1,"failedCount":0,"duration":0.005592791000002762,"rate":0,"totalPublicGas":{"daGas":0,"l2Gas":0},"totalBlockGas":{"daGas":1984,"l2Gas":529900},"totalSizeInBytes":1984,"silentlySkippedCount":0,"silentlySkippedDurationMs":0}
[15:54:48.441] INFO: txe:top_level_context Created block 7 with timestamp 1789660488
[15:54:49.313] INFO: simulator:public-processor Processed 1 successful txs and 0 failed txs (0 silently skipped, 0ms wasted) in 0.042959957999992186s {"blockNumber":8,"successfulCount":1,"failedCount":0,"duration":0.042959957999992186,"rate":47954376.491717584,"totalPublicGas":{"daGas":3840,"l2Gas":2060118},"totalBlockGas":{"daGas":5216,"l2Gas":2786868},"totalSizeInBytes":5216,"silentlySkippedCount":0,"silentlySkippedDurationMs":0}
[15:54:49.355] INFO: txe:top_level_context Created block 9 with timestamp 1789760488
[15:54:49.385] INFO: txe:top_level_context Created block 10 with timestamp 1789760488
[15:54:50.282] INFO: simulator:public-processor Processed 1 successful txs and 0 failed txs (0 silently skipped, 0ms wasted) in 0.042411041999992447s {"blockNumber":11,"successfulCount":1,"failedCount":0,"duration":0.042411041999992447,"rate":48575038.547752894,"totalPublicGas":{"daGas":3840,"l2Gas":2060118},"totalBlockGas":{"daGas":5216,"l2Gas":2786868},"totalSizeInBytes":5216,"silentlySkippedCount":0,"silentlySkippedDurationMs":0}
[15:54:50.324] INFO: txe:top_level_context Created block 12 with timestamp 1789760489
[15:54:50.920] INFO: kv-store:lmdb-v2 Starting data store with maxReaders 2
[15:54:51.009] INFO: world-state:database Creating world state data store at directory /var/folders/ym/q1vh2x5n58xbsmpmvs5_6w3r0000gn/T/aztec-world-state-np4Pr7/world_state with map sizes {"archiveTreeMapSizeKb":10485760,"nullifierTreeMapSizeKb":10485760,"noteHashTreeMapSizeKb":10485760,"messageTreeMapSizeKb":10485760,"publicDataTreeMapSizeKb":10485760} and 2 threads (ephemeral=true).
[15:54:51.023] INFO: txe_node Aztec Node version: txe
[15:54:51.023] INFO: txe_node Aztec Node started on chain 0x1
[15:54:51.063] INFO: txe:top_level_context Created block 1 with timestamp 1789656891
[15:54:51.198] INFO: txe:top_level_context Created block 2 with timestamp 1789656891
[15:54:51.236] INFO: simulator:public-processor Processed 1 successful txs and 0 failed txs (0 silently skipped, 0ms wasted) in 0.04448420800000895s {"blockNumber":13,"successfulCount":1,"failedCount":0,"duration":0.04448420800000895,"rate":46311221.27653898,"totalPublicGas":{"daGas":3840,"l2Gas":2060118},"totalBlockGas":{"daGas":5216,"l2Gas":2786868},"totalSizeInBytes":5216,"silentlySkippedCount":0,"silentlySkippedDurationMs":0}
[15:54:51.278] INFO: txe:top_level_context Created block 14 with timestamp 1789760490
[15:54:51.344] INFO: simulator:public-processor Processed 1 successful txs and 0 failed txs (0 silently skipped, 0ms wasted) in 0.104375s {"blockNumber":3,"successfulCount":1,"failedCount":0,"duration":0.104375,"rate":55345820.35928144,"totalPublicGas":{"daGas":5792,"l2Gas":5776720},"totalBlockGas":{"daGas":5792,"l2Gas":5776720},"totalSizeInBytes":5920,"silentlySkippedCount":0,"silentlySkippedDurationMs":0}
[15:54:51.481] INFO: simulator:public-processor Processed 1 successful txs and 0 failed txs (0 silently skipped, 0ms wasted) in 0.08219708300000639s {"blockNumber":4,"successfulCount":1,"failedCount":0,"duration":0.08219708300000639,"rate":63137033.70714015,"totalPublicGas":{"daGas":4928,"l2Gas":5189680},"totalBlockGas":{"daGas":4928,"l2Gas":5189680},"totalSizeInBytes":5056,"silentlySkippedCount":0,"silentlySkippedDurationMs":0}
[15:54:51.537] INFO: simulator:public-processor Processed 1 successful txs and 0 failed txs (0 silently skipped, 0ms wasted) in 0.015707708999980242s {"blockNumber":5,"successfulCount":1,"failedCount":0,"duration":0.015707708999980242,"rate":7520765.759038991,"totalPublicGas":{"daGas":0,"l2Gas":118134},"totalBlockGas":{"daGas":0,"l2Gas":118134},"totalSizeInBytes":128,"silentlySkippedCount":0,"silentlySkippedDurationMs":0}
[billboard_test] Testing test_set_moderation_policy_by_censor ... [0m[32mok[0m
[15:54:52.174] INFO: simulator:public-processor Processed 1 successful txs and 0 failed txs (0 silently skipped, 0ms wasted) in 0.042451417000003856s {"blockNumber":15,"successfulCount":1,"failedCount":0,"duration":0.042451417000003856,"rate":48528839.449571565,"totalPublicGas":{"daGas":3840,"l2Gas":2060118},"totalBlockGas":{"daGas":5216,"l2Gas":2786868},"totalSizeInBytes":5216,"silentlySkippedCount":0,"silentlySkippedDurationMs":0}
[15:54:52.217] INFO: txe:top_level_context Created block 16 with timestamp 1789760491
[15:54:53.093] INFO: simulator:public-processor Processed 1 successful txs and 0 failed txs (0 silently skipped, 0ms wasted) in 0.04280779200000689s {"blockNumber":17,"successfulCount":1,"failedCount":0,"duration":0.04280779200000689,"rate":48124836.71196283,"totalPublicGas":{"daGas":3840,"l2Gas":2060118},"totalBlockGas":{"daGas":5216,"l2Gas":2786868},"totalSizeInBytes":5216,"silentlySkippedCount":0,"silentlySkippedDurationMs":0}
[15:54:53.136] INFO: txe:top_level_context Created block 18 with timestamp 1789760492
[15:54:54.008] INFO: simulator:public-processor Processed 1 successful txs and 0 failed txs (0 silently skipped, 0ms wasted) in 0.042747457999998004s {"blockNumber":19,"successfulCount":1,"failedCount":0,"duration":0.042747457999998004,"rate":48192760.37419807,"totalPublicGas":{"daGas":3840,"l2Gas":2060118},"totalBlockGas":{"daGas":5216,"l2Gas":2786868},"totalSizeInBytes":5216,"silentlySkippedCount":0,"silentlySkippedDurationMs":0}
[15:54:54.051] INFO: txe:top_level_context Created block 20 with timestamp 1789760493
[15:54:54.288] INFO: kv-store:lmdb-v2 Starting data store with maxReaders 2
[15:54:54.290] INFO: world-state:database Creating world state data store at directory /var/folders/ym/q1vh2x5n58xbsmpmvs5_6w3r0000gn/T/aztec-world-state-ZT9LJX/world_state with map sizes {"archiveTreeMapSizeKb":10485760,"nullifierTreeMapSizeKb":10485760,"noteHashTreeMapSizeKb":10485760,"messageTreeMapSizeKb":10485760,"publicDataTreeMapSizeKb":10485760} and 2 threads (ephemeral=true).
[15:54:54.306] INFO: txe_node Aztec Node version: txe
[15:54:54.306] INFO: txe_node Aztec Node started on chain 0x1
[15:54:54.340] INFO: txe:top_level_context Created block 1 with timestamp 1789656894
[15:54:54.387] INFO: txe:top_level_context Created block 2 with timestamp 1789656894
[15:54:54.439] INFO: simulator:public-processor Processed 1 successful txs and 0 failed txs (0 silently skipped, 0ms wasted) in 0.008812416999979178s {"blockNumber":3,"successfulCount":1,"failedCount":0,"duration":0.008812416999979178,"rate":14459710.656032402,"totalPublicGas":{"daGas":0,"l2Gas":127425},"totalBlockGas":{"daGas":0,"l2Gas":127425},"totalSizeInBytes":128,"silentlySkippedCount":0,"silentlySkippedDurationMs":0}
[15:54:54.448] WARN: txe:top_level_context Could not find function artifact in contract Billboard for function '0x8f3f1c4d' when enriching error callstack
[billboard_test] Testing test_set_moderation_policy_fails_when_no_censor ... [0m[32mok[0m
[15:54:54.968] INFO: simulator:public-processor Processed 1 successful txs and 0 failed txs (0 silently skipped, 0ms wasted) in 0.04314908400000422s {"blockNumber":21,"successfulCount":1,"failedCount":0,"duration":0.04314908400000422,"rate":47744188.49771639,"totalPublicGas":{"daGas":3840,"l2Gas":2060118},"totalBlockGas":{"daGas":5216,"l2Gas":2786868},"totalSizeInBytes":5216,"silentlySkippedCount":0,"silentlySkippedDurationMs":0}
[15:54:55.011] INFO: txe:top_level_context Created block 22 with timestamp 1789760494
[15:54:55.876] INFO: simulator:public-processor Processed 1 successful txs and 0 failed txs (0 silently skipped, 0ms wasted) in 0.04263079100000323s {"blockNumber":23,"successfulCount":1,"failedCount":0,"duration":0.04263079100000323,"rate":48324648.72631249,"totalPublicGas":{"daGas":3840,"l2Gas":2060118},"totalBlockGas":{"daGas":5216,"l2Gas":2786868},"totalSizeInBytes":5216,"silentlySkippedCount":0,"silentlySkippedDurationMs":0}
[15:54:55.919] INFO: txe:top_level_context Created block 24 with timestamp 1789760495
[15:54:56.792] INFO: simulator:public-processor Processed 1 successful txs and 0 failed txs (0 silently skipped, 0ms wasted) in 0.0422754169999971s {"blockNumber":25,"successfulCount":1,"failedCount":0,"duration":0.0422754169999971,"rate":48730873.547625594,"totalPublicGas":{"daGas":3840,"l2Gas":2060118},"totalBlockGas":{"daGas":5216,"l2Gas":2786868},"totalSizeInBytes":5216,"silentlySkippedCount":0,"silentlySkippedDurationMs":0}
[15:54:56.834] INFO: txe:top_level_context Created block 26 with timestamp 1789760496
[15:54:57.194] INFO: kv-store:lmdb-v2 Starting data store with maxReaders 2
[15:54:57.195] INFO: world-state:database Creating world state data store at directory /var/folders/ym/q1vh2x5n58xbsmpmvs5_6w3r0000gn/T/aztec-world-state-cDBFOW/world_state with map sizes {"archiveTreeMapSizeKb":10485760,"nullifierTreeMapSizeKb":10485760,"noteHashTreeMapSizeKb":10485760,"messageTreeMapSizeKb":10485760,"publicDataTreeMapSizeKb":10485760} and 2 threads (ephemeral=true).
[15:54:57.209] INFO: txe_node Aztec Node version: txe
[15:54:57.209] INFO: txe_node Aztec Node started on chain 0x1
[15:54:57.226] INFO: txe:top_level_context Created block 1 with timestamp 1789656897
[15:54:57.567] INFO: txe:top_level_context Created block 2 with timestamp 1789656897
[15:54:57.727] INFO: simulator:public-processor Processed 1 successful txs and 0 failed txs (0 silently skipped, 0ms wasted) in 0.09739608299999963s {"blockNumber":3,"successfulCount":1,"failedCount":0,"duration":0.09739608299999963,"rate":59311625.499354236,"totalPublicGas":{"daGas":5792,"l2Gas":5776720},"totalBlockGas":{"daGas":5792,"l2Gas":5776720},"totalSizeInBytes":5920,"silentlySkippedCount":0,"silentlySkippedDurationMs":0}
[15:54:57.772] INFO: simulator:public-processor Processed 1 successful txs and 0 failed txs (0 silently skipped, 0ms wasted) in 0.041712165999982974s {"blockNumber":27,"successfulCount":1,"failedCount":0,"duration":0.041712165999982974,"rate":49388900.111321025,"totalPublicGas":{"daGas":3840,"l2Gas":2060118},"totalBlockGas":{"daGas":5216,"l2Gas":2786868},"totalSizeInBytes":5216,"silentlySkippedCount":0,"silentlySkippedDurationMs":0}
[15:54:57.779] INFO: simulator:public-processor Processed 1 successful txs and 0 failed txs (0 silently skipped, 0ms wasted) in 0.007304375000006985s {"blockNumber":4,"successfulCount":1,"failedCount":0,"duration":0.007304375000006985,"rate":5901120.903562424,"totalPublicGas":{"daGas":0,"l2Gas":43104},"totalBlockGas":{"daGas":0,"l2Gas":43104},"totalSizeInBytes":128,"silentlySkippedCount":0,"silentlySkippedDurationMs":0}
[15:54:57.782] WARN: txe:top_level_context Could not find function artifact in contract Billboard for function '0xca42e93e' when enriching error callstack
[15:54:57.815] INFO: txe:top_level_context Created block 28 with timestamp 1789760497
[billboard_test] Testing test_set_moderation_policy_rejects_non_censor ... [0m[32mok[0m
[15:54:58.782] INFO: simulator:public-processor Processed 1 successful txs and 0 failed txs (0 silently skipped, 0ms wasted) in 0.05793279200000689s {"blockNumber":29,"successfulCount":1,"failedCount":0,"duration":0.05793279200000689,"rate":35560481.87699559,"totalPublicGas":{"daGas":3840,"l2Gas":2060118},"totalBlockGas":{"daGas":5216,"l2Gas":2786868},"totalSizeInBytes":5216,"silentlySkippedCount":0,"silentlySkippedDurationMs":0}
[15:54:58.840] INFO: txe:top_level_context Created block 30 with timestamp 1789760498
[15:54:59.966] INFO: simulator:public-processor Processed 1 successful txs and 0 failed txs (0 silently skipped, 0ms wasted) in 0.043329082999989624s {"blockNumber":31,"successfulCount":1,"failedCount":0,"duration":0.043329082999989624,"rate":47545848.13162313,"totalPublicGas":{"daGas":3840,"l2Gas":2060118},"totalBlockGas":{"daGas":5216,"l2Gas":2786868},"totalSizeInBytes":5216,"silentlySkippedCount":0,"silentlySkippedDurationMs":0}
[15:55:00.009] INFO: txe:top_level_context Created block 32 with timestamp 1789760499
[15:55:00.884] INFO: kv-store:lmdb-v2 Starting data store with maxReaders 2
[15:55:00.886] INFO: world-state:database Creating world state data store at directory /var/folders/ym/q1vh2x5n58xbsmpmvs5_6w3r0000gn/T/aztec-world-state-RQMu3Q/world_state with map sizes {"archiveTreeMapSizeKb":10485760,"nullifierTreeMapSizeKb":10485760,"noteHashTreeMapSizeKb":10485760,"messageTreeMapSizeKb":10485760,"publicDataTreeMapSizeKb":10485760} and 2 threads (ephemeral=true).
[15:55:00.900] INFO: txe_node Aztec Node version: txe
[15:55:00.900] INFO: txe_node Aztec Node started on chain 0x1
[15:55:00.919] INFO: txe:top_level_context Created block 1 with timestamp 1789656900
[15:55:00.956] INFO: simulator:public-processor Processed 1 successful txs and 0 failed txs (0 silently skipped, 0ms wasted) in 0.043354833000019424s {"blockNumber":33,"successfulCount":1,"failedCount":0,"duration":0.043354833000019424,"rate":47517608.93644953,"totalPublicGas":{"daGas":3840,"l2Gas":2060118},"totalBlockGas":{"daGas":5216,"l2Gas":2786868},"totalSizeInBytes":5216,"silentlySkippedCount":0,"silentlySkippedDurationMs":0}
[15:55:00.971] INFO: txe:top_level_context Created block 2 with timestamp 1789656900
[15:55:01.000] INFO: txe:top_level_context Created block 34 with timestamp 1789760500
[billboard_test] Testing test_set_moderation_policy_rejects_too_long ... [0m[32mok[0m
[15:55:01.147] INFO: simulator:public-processor Processed 1 successful txs and 0 failed txs (0 silently skipped, 0ms wasted) in 0.13244404100000975s {"blockNumber":3,"successfulCount":1,"failedCount":0,"duration":0.13244404100000975,"rate":43616307.35806056,"totalPublicGas":{"daGas":5792,"l2Gas":5776720},"totalBlockGas":{"daGas":5792,"l2Gas":5776720},"totalSizeInBytes":5920,"silentlySkippedCount":0,"silentlySkippedDurationMs":0}
[15:55:01.206] INFO: simulator:public-processor Processed 1 successful txs and 0 failed txs (0 silently skipped, 0ms wasted) in 0.007024124999996275s {"blockNumber":4,"successfulCount":1,"failedCount":0,"duration":0.007024124999996275,"rate":6168170.412688125,"totalPublicGas":{"daGas":0,"l2Gas":43326},"totalBlockGas":{"daGas":0,"l2Gas":43326},"totalSizeInBytes":128,"silentlySkippedCount":0,"silentlySkippedDurationMs":0}
[15:55:01.210] WARN: txe:top_level_context Could not find function artifact in contract Billboard for function '0xca42e93e' when enriching error callstack
[15:55:01.888] INFO: simulator:public-processor Processed 1 successful txs and 0 failed txs (0 silently skipped, 0ms wasted) in 0.04336841699999058s {"blockNumber":35,"successfulCount":1,"failedCount":0,"duration":0.04336841699999058,"rate":47502725.31276499,"totalPublicGas":{"daGas":3840,"l2Gas":2060118},"totalBlockGas":{"daGas":5216,"l2Gas":2786868},"totalSizeInBytes":5216,"silentlySkippedCount":0,"silentlySkippedDurationMs":0}
[15:55:01.931] INFO: txe:top_level_context Created block 36 with timestamp 1789760501
[15:55:02.810] INFO: simulator:public-processor Processed 1 successful txs and 0 failed txs (0 silently skipped, 0ms wasted) in 0.04372120800000266s {"blockNumber":37,"successfulCount":1,"failedCount":0,"duration":0.04372120800000266,"rate":47119420.85405953,"totalPublicGas":{"daGas":3840,"l2Gas":2060118},"totalBlockGas":{"daGas":5216,"l2Gas":2786868},"totalSizeInBytes":5216,"silentlySkippedCount":0,"silentlySkippedDurationMs":0}
[15:55:02.853] INFO: txe:top_level_context Created block 38 with timestamp 1789760502
[15:55:03.724] INFO: simulator:public-processor Processed 1 successful txs and 0 failed txs (0 silently skipped, 0ms wasted) in 0.04287891699999454s {"blockNumber":39,"successfulCount":1,"failedCount":0,"duration":0.04287891699999454,"rate":48045010.09202873,"totalPublicGas":{"daGas":3840,"l2Gas":2060118},"totalBlockGas":{"daGas":5216,"l2Gas":2786868},"totalSizeInBytes":5216,"silentlySkippedCount":0,"silentlySkippedDurationMs":0}
[15:55:03.767] INFO: txe:top_level_context Created block 40 with timestamp 1789760503
[15:55:03.972] INFO: kv-store:lmdb-v2 Starting data store with maxReaders 2
[15:55:03.973] INFO: world-state:database Creating world state data store at directory /var/folders/ym/q1vh2x5n58xbsmpmvs5_6w3r0000gn/T/aztec-world-state-mDjyKl/world_state with map sizes {"archiveTreeMapSizeKb":10485760,"nullifierTreeMapSizeKb":10485760,"noteHashTreeMapSizeKb":10485760,"messageTreeMapSizeKb":10485760,"publicDataTreeMapSizeKb":10485760} and 2 threads (ephemeral=true).
[15:55:03.986] INFO: txe_node Aztec Node version: txe
[15:55:03.986] INFO: txe_node Aztec Node started on chain 0x1
[15:55:04.005] INFO: txe:top_level_context Created block 1 with timestamp 1789656903
[15:55:04.083] INFO: txe:top_level_context Created block 2 with timestamp 1789656903
[15:55:04.134] INFO: simulator:public-processor Processed 1 successful txs and 0 failed txs (0 silently skipped, 0ms wasted) in 0.008980624999996507s {"blockNumber":3,"successfulCount":1,"failedCount":0,"duration":0.008980624999996507,"rate":14188878.8363894,"totalPublicGas":{"daGas":0,"l2Gas":127425},"totalBlockGas":{"daGas":0,"l2Gas":127425},"totalSizeInBytes":128,"silentlySkippedCount":0,"silentlySkippedDurationMs":0}
[15:55:04.138] WARN: txe:top_level_context Could not find function artifact in contract Billboard for function '0x8f3f1c4d' when enriching error callstack
[billboard_test] Testing test_transfer_censor_fails_when_no_censor ... [0m[32mok[0m
[15:55:04.686] INFO: simulator:public-processor Processed 1 successful txs and 0 failed txs (0 silently skipped, 0ms wasted) in 0.04213470799999777s {"blockNumber":41,"successfulCount":1,"failedCount":0,"duration":0.04213470799999777,"rate":48893610.464800395,"totalPublicGas":{"daGas":3840,"l2Gas":2060118},"totalBlockGas":{"daGas":5216,"l2Gas":2786868},"totalSizeInBytes":5216,"silentlySkippedCount":0,"silentlySkippedDurationMs":0}
[15:55:04.728] INFO: txe:top_level_context Created block 42 with timestamp 1789760504
[billboard_test] Testing test_save_up_prevents_excessive_burst ... [0m[32mok[0m
[15:55:06.915] INFO: kv-store:lmdb-v2 Starting data store with maxReaders 2
[15:55:06.916] INFO: world-state:database Creating world state data store at directory /var/folders/ym/q1vh2x5n58xbsmpmvs5_6w3r0000gn/T/aztec-world-state-Wo7u1k/world_state with map sizes {"archiveTreeMapSizeKb":10485760,"nullifierTreeMapSizeKb":10485760,"noteHashTreeMapSizeKb":10485760,"messageTreeMapSizeKb":10485760,"publicDataTreeMapSizeKb":10485760} and 2 threads (ephemeral=true).
[15:55:06.929] INFO: txe_node Aztec Node version: txe
[15:55:06.929] INFO: txe_node Aztec Node started on chain 0x1
[15:55:06.947] INFO: txe:top_level_context Created block 1 with timestamp 1789656906
[15:55:06.995] INFO: txe:top_level_context Created block 2 with timestamp 1789656906
[15:55:07.127] INFO: simulator:public-processor Processed 1 successful txs and 0 failed txs (0 silently skipped, 0ms wasted) in 0.09012920799999848s {"blockNumber":3,"successfulCount":1,"failedCount":0,"duration":0.09012920799999848,"rate":64093761.92454834,"totalPublicGas":{"daGas":5792,"l2Gas":5776720},"totalBlockGas":{"daGas":5792,"l2Gas":5776720},"totalSizeInBytes":5920,"silentlySkippedCount":0,"silentlySkippedDurationMs":0}
[15:55:07.182] INFO: simulator:public-processor Processed 1 successful txs and 0 failed txs (0 silently skipped, 0ms wasted) in 0.007049333000002662s {"blockNumber":4,"successfulCount":1,"failedCount":0,"duration":0.007049333000002662,"rate":5950208.338857614,"totalPublicGas":{"daGas":64,"l2Gas":41945},"totalBlockGas":{"daGas":64,"l2Gas":41945},"totalSizeInBytes":192,"silentlySkippedCount":0,"silentlySkippedDurationMs":0}
[15:55:07.226] INFO: simulator:public-processor Processed 1 successful txs and 0 failed txs (0 silently skipped, 0ms wasted) in 0.006563417000026675s {"blockNumber":5,"successfulCount":1,"failedCount":0,"duration":0.006563417000026675,"rate":1309988.379523205,"totalPublicGas":{"daGas":0,"l2Gas":8598},"totalBlockGas":{"daGas":0,"l2Gas":8598},"totalSizeInBytes":128,"silentlySkippedCount":0,"silentlySkippedDurationMs":0}
[15:55:07.229] WARN: txe:top_level_context Could not find function artifact in contract Billboard for function '0xb6932320' when enriching error callstack
[billboard_test] Testing test_transfer_censor_old_censor_loses_rights ... [0m[32mok[0m
[15:55:08.241] INFO: kv-store:lmdb-v2 Starting data store with maxReaders 2
[15:55:08.244] INFO: world-state:database Creating world state data store at directory /var/folders/ym/q1vh2x5n58xbsmpmvs5_6w3r0000gn/T/aztec-world-state-ZY4o8B/world_state with map sizes {"archiveTreeMapSizeKb":10485760,"nullifierTreeMapSizeKb":10485760,"noteHashTreeMapSizeKb":10485760,"messageTreeMapSizeKb":10485760,"publicDataTreeMapSizeKb":10485760} and 2 threads (ephemeral=true).
[15:55:08.257] INFO: txe_node Aztec Node version: txe
[15:55:08.257] INFO: txe_node Aztec Node started on chain 0x1
[15:55:08.275] INFO: txe:top_level_context Created block 1 with timestamp 1789656908
[15:55:08.335] INFO: txe:top_level_context Created block 2 with timestamp 1789656908
[15:55:08.467] INFO: simulator:public-processor Processed 1 successful txs and 0 failed txs (0 silently skipped, 0ms wasted) in 0.08944291699997847s {"blockNumber":3,"successfulCount":1,"failedCount":0,"duration":0.08944291699997847,"rate":64585550.13362758,"totalPublicGas":{"daGas":5792,"l2Gas":5776720},"totalBlockGas":{"daGas":5792,"l2Gas":5776720},"totalSizeInBytes":5920,"silentlySkippedCount":0,"silentlySkippedDurationMs":0}
[15:55:08.522] INFO: simulator:public-processor Processed 1 successful txs and 0 failed txs (0 silently skipped, 0ms wasted) in 0.006588499999983469s {"blockNumber":4,"successfulCount":1,"failedCount":0,"duration":0.006588499999983469,"rate":1305001.1383503943,"totalPublicGas":{"daGas":0,"l2Gas":8598},"totalBlockGas":{"daGas":0,"l2Gas":8598},"totalSizeInBytes":128,"silentlySkippedCount":0,"silentlySkippedDurationMs":0}
[15:55:08.525] WARN: txe:top_level_context Could not find function artifact in contract Billboard for function '0xb6932320' when enriching error callstack
[billboard_test] Testing test_transfer_censor_rejects_non_censor ... [0m[32mok[0m
[billboard_test] Testing test_transfer_censor_rejects_zero_address ... [0m[32mok[0m
[15:55:10.043] INFO: kv-store:lmdb-v2 Starting data store with maxReaders 2
[15:55:10.044] INFO: world-state:database Creating world state data store at directory /var/folders/ym/q1vh2x5n58xbsmpmvs5_6w3r0000gn/T/aztec-world-state-RgZg2L/world_state with map sizes {"archiveTreeMapSizeKb":10485760,"nullifierTreeMapSizeKb":10485760,"noteHashTreeMapSizeKb":10485760,"messageTreeMapSizeKb":10485760,"publicDataTreeMapSizeKb":10485760} and 2 threads (ephemeral=true).
[15:55:10.058] INFO: txe_node Aztec Node version: txe
[15:55:10.058] INFO: txe_node Aztec Node started on chain 0x1
[15:55:10.075] INFO: txe:top_level_context Created block 1 with timestamp 1789656910
[15:55:10.125] INFO: txe:top_level_context Created block 2 with timestamp 1789656910
[15:55:10.275] INFO: simulator:public-processor Processed 1 successful txs and 0 failed txs (0 silently skipped, 0ms wasted) in 0.09059395899999072s {"blockNumber":3,"successfulCount":1,"failedCount":0,"duration":0.09059395899999072,"rate":63764958.102786876,"totalPublicGas":{"daGas":5792,"l2Gas":5776720},"totalBlockGas":{"daGas":5792,"l2Gas":5776720},"totalSizeInBytes":5920,"silentlySkippedCount":0,"silentlySkippedDurationMs":0}
[15:55:10.323] INFO: simulator:public-processor Processed 1 successful txs and 0 failed txs (0 silently skipped, 0ms wasted) in 0.006966291000018827s {"blockNumber":4,"successfulCount":1,"failedCount":0,"duration":0.006966291000018827,"rate":1242411.4927120628,"totalPublicGas":{"daGas":0,"l2Gas":8655},"totalBlockGas":{"daGas":0,"l2Gas":8655},"totalSizeInBytes":128,"silentlySkippedCount":0,"silentlySkippedDurationMs":0}
[15:55:10.328] WARN: txe:top_level_context Could not find function artifact in contract Billboard for function '0xb6932320' when enriching error callstack
[15:55:11.349] INFO: kv-store:lmdb-v2 Starting data store with maxReaders 2
[15:55:11.350] INFO: world-state:database Creating world state data store at directory /var/folders/ym/q1vh2x5n58xbsmpmvs5_6w3r0000gn/T/aztec-world-state-3IaRW3/world_state with map sizes {"archiveTreeMapSizeKb":10485760,"nullifierTreeMapSizeKb":10485760,"noteHashTreeMapSizeKb":10485760,"messageTreeMapSizeKb":10485760,"publicDataTreeMapSizeKb":10485760} and 2 threads (ephemeral=true).
[15:55:11.364] INFO: txe_node Aztec Node version: txe
[15:55:11.364] INFO: txe_node Aztec Node started on chain 0x1
[15:55:11.382] INFO: txe:top_level_context Created block 1 with timestamp 1789656911
[15:55:11.435] INFO: txe:top_level_context Created block 2 with timestamp 1789656911
[15:55:11.571] INFO: simulator:public-processor Processed 1 successful txs and 0 failed txs (0 silently skipped, 0ms wasted) in 0.0895059159999946s {"blockNumber":3,"successfulCount":1,"failedCount":0,"duration":0.0895059159999946,"rate":64540091.40580549,"totalPublicGas":{"daGas":5792,"l2Gas":5776720},"totalBlockGas":{"daGas":5792,"l2Gas":5776720},"totalSizeInBytes":5920,"silentlySkippedCount":0,"silentlySkippedDurationMs":0}
[15:55:11.628] INFO: simulator:public-processor Processed 1 successful txs and 0 failed txs (0 silently skipped, 0ms wasted) in 0.007596209000010276s {"blockNumber":4,"successfulCount":1,"failedCount":0,"duration":0.007596209000010276,"rate":5521833.325010312,"totalPublicGas":{"daGas":64,"l2Gas":41945},"totalBlockGas":{"daGas":64,"l2Gas":41945},"totalSizeInBytes":192,"silentlySkippedCount":0,"silentlySkippedDurationMs":0}
[15:55:11.673] INFO: simulator:public-processor Processed 1 successful txs and 0 failed txs (0 silently skipped, 0ms wasted) in 0.006365041999990354s {"blockNumber":5,"successfulCount":1,"failedCount":0,"duration":0.006365041999990354,"rate":1632667.9384072798,"totalPublicGas":{"daGas":0,"l2Gas":10392},"totalBlockGas":{"daGas":0,"l2Gas":10392},"totalSizeInBytes":128,"silentlySkippedCount":0,"silentlySkippedDurationMs":0}
[billboard_test] Testing test_transfer_censor_success ... [0m[32mok[0m
[billboard_test] Testing test_withdraw_msg_hash_deterministic ... [0m[32mok[0m
[billboard_test] Testing test_withdraw_msg_hash_differs_from_deposit_hash ... [0m[32mok[0m
[15:55:16.022] INFO: kv-store:lmdb-v2 Starting data store with maxReaders 2
[15:55:16.023] INFO: world-state:database Creating world state data store at directory /var/folders/ym/q1vh2x5n58xbsmpmvs5_6w3r0000gn/T/aztec-world-state-4DYUYp/world_state with map sizes {"archiveTreeMapSizeKb":10485760,"nullifierTreeMapSizeKb":10485760,"noteHashTreeMapSizeKb":10485760,"messageTreeMapSizeKb":10485760,"publicDataTreeMapSizeKb":10485760} and 2 threads (ephemeral=true).
[15:55:16.036] INFO: txe_node Aztec Node version: txe
[15:55:16.036] INFO: txe_node Aztec Node started on chain 0x1
[15:55:16.054] INFO: txe:top_level_context Created block 1 with timestamp 1789656916
[15:55:16.109] INFO: txe:top_level_context Created block 2 with timestamp 1789656916
[15:55:16.243] INFO: simulator:public-processor Processed 1 successful txs and 0 failed txs (0 silently skipped, 0ms wasted) in 0.08878441700001713s {"blockNumber":3,"successfulCount":1,"failedCount":0,"duration":0.08878441700001713,"rate":65064570.959551215,"totalPublicGas":{"daGas":5792,"l2Gas":5776720},"totalBlockGas":{"daGas":5792,"l2Gas":5776720},"totalSizeInBytes":5920,"silentlySkippedCount":0,"silentlySkippedDurationMs":0}
[15:55:16.417] INFO: simulator:public-processor Processed 1 successful txs and 0 failed txs (0 silently skipped, 0ms wasted) in 0.020409665999992284s {"blockNumber":4,"successfulCount":1,"failedCount":0,"duration":0.020409665999992284,"rate":55888567.70122702,"totalPublicGas":{"daGas":192,"l2Gas":1140667},"totalBlockGas":{"daGas":320,"l2Gas":1731467},"totalSizeInBytes":320,"silentlySkippedCount":0,"silentlySkippedDurationMs":0}
[15:55:16.459] INFO: txe:top_level_context Created block 5 with timestamp 1789656916
[15:55:16.690] INFO: simulator:public-processor Processed 1 successful txs and 0 failed txs (0 silently skipped, 0ms wasted) in 0.00797308399999747s {"blockNumber":6,"successfulCount":1,"failedCount":0,"duration":0.00797308399999747,"rate":0,"totalPublicGas":{"daGas":0,"l2Gas":0},"totalBlockGas":{"daGas":1984,"l2Gas":529900},"totalSizeInBytes":1984,"silentlySkippedCount":0,"silentlySkippedDurationMs":0}
[15:55:16.732] INFO: txe:top_level_context Created block 7 with timestamp 1789657016
[billboard_test] Testing test_withdraw_no_posts_too_early ... [0m[32mok[0m
[15:55:17.434] INFO: kv-store:lmdb-v2 Starting data store with maxReaders 2
[15:55:17.435] INFO: world-state:database Creating world state data store at directory /var/folders/ym/q1vh2x5n58xbsmpmvs5_6w3r0000gn/T/aztec-world-state-pLn9Ya/world_state with map sizes {"archiveTreeMapSizeKb":10485760,"nullifierTreeMapSizeKb":10485760,"noteHashTreeMapSizeKb":10485760,"messageTreeMapSizeKb":10485760,"publicDataTreeMapSizeKb":10485760} and 2 threads (ephemeral=true).
[15:55:17.449] INFO: txe_node Aztec Node version: txe
[15:55:17.449] INFO: txe_node Aztec Node started on chain 0x1
[15:55:17.466] INFO: txe:top_level_context Created block 1 with timestamp 1789656917
[15:55:17.520] INFO: txe:top_level_context Created block 2 with timestamp 1789656917
[15:55:17.651] INFO: simulator:public-processor Processed 1 successful txs and 0 failed txs (0 silently skipped, 0ms wasted) in 0.08883166599998367s {"blockNumber":3,"successfulCount":1,"failedCount":0,"duration":0.08883166599998367,"rate":65029963.526757024,"totalPublicGas":{"daGas":5792,"l2Gas":5776720},"totalBlockGas":{"daGas":5792,"l2Gas":5776720},"totalSizeInBytes":5920,"silentlySkippedCount":0,"silentlySkippedDurationMs":0}
[15:55:17.834] INFO: simulator:public-processor Processed 1 successful txs and 0 failed txs (0 silently skipped, 0ms wasted) in 0.020039916999987327s {"blockNumber":4,"successfulCount":1,"failedCount":0,"duration":0.020039916999987327,"rate":56919746.72353789,"totalPublicGas":{"daGas":192,"l2Gas":1140667},"totalBlockGas":{"daGas":320,"l2Gas":1731467},"totalSizeInBytes":320,"silentlySkippedCount":0,"silentlySkippedDurationMs":0}
[15:55:17.876] INFO: txe:top_level_context Created block 5 with timestamp 1789656917
[15:55:18.110] INFO: simulator:public-processor Processed 1 successful txs and 0 failed txs (0 silently skipped, 0ms wasted) in 0.005757999999972526s {"blockNumber":6,"successfulCount":1,"failedCount":0,"duration":0.005757999999972526,"rate":0,"totalPublicGas":{"daGas":0,"l2Gas":0},"totalBlockGas":{"daGas":1984,"l2Gas":529900},"totalSizeInBytes":1984,"silentlySkippedCount":0,"silentlySkippedDurationMs":0}
[15:55:18.152] INFO: txe:top_level_context Created block 7 with timestamp 1789660518
[15:55:19.048] INFO: simulator:public-processor Processed 1 successful txs and 0 failed txs (0 silently skipped, 0ms wasted) in 0.04864991700000246s {"blockNumber":8,"successfulCount":1,"failedCount":0,"duration":0.04864991700000246,"rate":42345765.97530261,"totalPublicGas":{"daGas":3840,"l2Gas":2060118},"totalBlockGas":{"daGas":5216,"l2Gas":2786868},"totalSizeInBytes":5216,"silentlySkippedCount":0,"silentlySkippedDurationMs":0}
[15:55:19.092] INFO: txe:top_level_context Created block 9 with timestamp 1789664119
[15:55:19.852] INFO: kv-store:lmdb-v2 Starting data store with maxReaders 2
[15:55:19.854] INFO: world-state:database Creating world state data store at directory /var/folders/ym/q1vh2x5n58xbsmpmvs5_6w3r0000gn/T/aztec-world-state-ZbwuuC/world_state with map sizes {"archiveTreeMapSizeKb":10485760,"nullifierTreeMapSizeKb":10485760,"noteHashTreeMapSizeKb":10485760,"messageTreeMapSizeKb":10485760,"publicDataTreeMapSizeKb":10485760} and 2 threads (ephemeral=true).
[15:55:19.868] INFO: txe_node Aztec Node version: txe
[15:55:19.868] INFO: txe_node Aztec Node started on chain 0x1
[15:55:19.907] INFO: txe:top_level_context Created block 1 with timestamp 1789656919
[15:55:20.040] INFO: simulator:public-processor Processed 1 successful txs and 0 failed txs (0 silently skipped, 0ms wasted) in 0.0061136669999978036s {"blockNumber":10,"successfulCount":1,"failedCount":0,"duration":0.0061136669999978036,"rate":0,"totalPublicGas":{"daGas":0,"l2Gas":0},"totalBlockGas":{"daGas":1440,"l2Gas":527400},"totalSizeInBytes":1440,"silentlySkippedCount":0,"silentlySkippedDurationMs":0}
[15:55:20.044] INFO: txe:top_level_context Created block 2 with timestamp 1789656919
[15:55:20.249] INFO: simulator:public-processor Processed 1 successful txs and 0 failed txs (0 silently skipped, 0ms wasted) in 0.11080574999999954s {"blockNumber":3,"successfulCount":1,"failedCount":0,"duration":0.11080574999999954,"rate":52133756.59656673,"totalPublicGas":{"daGas":5792,"l2Gas":5776720},"totalBlockGas":{"daGas":5792,"l2Gas":5776720},"totalSizeInBytes":5920,"silentlySkippedCount":0,"silentlySkippedDurationMs":0}
[15:55:20.502] INFO: simulator:public-processor Processed 1 successful txs and 0 failed txs (0 silently skipped, 0ms wasted) in 0.023529167000000597s {"blockNumber":4,"successfulCount":1,"failedCount":0,"duration":0.023529167000000597,"rate":48478851.80125463,"totalPublicGas":{"daGas":192,"l2Gas":1140667},"totalBlockGas":{"daGas":320,"l2Gas":1731467},"totalSizeInBytes":320,"silentlySkippedCount":0,"silentlySkippedDurationMs":0}
[15:55:20.553] INFO: txe:top_level_context Created block 5 with timestamp 1789656919
[15:55:20.623] INFO: txe:top_level_context Created block 11 with timestamp 1789667717
[15:55:20.886] INFO: simulator:public-processor Processed 1 successful txs and 0 failed txs (0 silently skipped, 0ms wasted) in 0.020099417000019458s {"blockNumber":6,"successfulCount":1,"failedCount":0,"duration":0.020099417000019458,"rate":0,"totalPublicGas":{"daGas":0,"l2Gas":0},"totalBlockGas":{"daGas":1984,"l2Gas":529900},"totalSizeInBytes":1984,"silentlySkippedCount":0,"silentlySkippedDurationMs":0}
[15:55:20.920] INFO: simulator:public-processor Processed 1 successful txs and 0 failed txs (0 silently skipped, 0ms wasted) in 0.005974667000002228s {"blockNumber":12,"successfulCount":1,"failedCount":0,"duration":0.005974667000002228,"rate":0,"totalPublicGas":{"daGas":0,"l2Gas":0},"totalBlockGas":{"daGas":256,"l2Gas":477200},"totalSizeInBytes":256,"silentlySkippedCount":0,"silentlySkippedDurationMs":0}
[15:55:20.940] INFO: txe:top_level_context Created block 7 with timestamp 1789660520
[billboard_test] Testing test_withdraw_succeeds_after_dummy_post ... [0m[32mok[0m
[15:55:22.045] INFO: simulator:public-processor Processed 1 successful txs and 0 failed txs (0 silently skipped, 0ms wasted) in 0.043591165999998335s {"blockNumber":8,"successfulCount":1,"failedCount":0,"duration":0.043591165999998335,"rate":47259988.41141526,"totalPublicGas":{"daGas":3840,"l2Gas":2060118},"totalBlockGas":{"daGas":5216,"l2Gas":2786868},"totalSizeInBytes":5216,"silentlySkippedCount":0,"silentlySkippedDurationMs":0}
[billboard_test] Testing test_withdraw_unscreened_real_posts ... [0m[32mok[0m
[billboard_test] Testing c01::c01_binding_rejects_direct_nonself_public_call ... [0m[32mok[0m
[15:55:24.372] INFO: kv-store:lmdb-v2 Starting data store with maxReaders 2
[15:55:24.373] INFO: world-state:database Creating world state data store at directory /var/folders/ym/q1vh2x5n58xbsmpmvs5_6w3r0000gn/T/aztec-world-state-VuRIYg/world_state with map sizes {"archiveTreeMapSizeKb":10485760,"nullifierTreeMapSizeKb":10485760,"noteHashTreeMapSizeKb":10485760,"messageTreeMapSizeKb":10485760,"publicDataTreeMapSizeKb":10485760} and 2 threads (ephemeral=true).
[15:55:24.386] INFO: txe_node Aztec Node version: txe
[15:55:24.386] INFO: txe_node Aztec Node started on chain 0x1
[15:55:24.403] INFO: txe:top_level_context Created block 1 with timestamp 1789656924
[15:55:24.454] INFO: txe:top_level_context Created block 2 with timestamp 1789656924
[15:55:24.587] INFO: simulator:public-processor Processed 1 successful txs and 0 failed txs (0 silently skipped, 0ms wasted) in 0.09094245800000499s {"blockNumber":3,"successfulCount":1,"failedCount":0,"duration":0.09094245800000499,"rate":63520605.523986205,"totalPublicGas":{"daGas":5792,"l2Gas":5776720},"totalBlockGas":{"daGas":5792,"l2Gas":5776720},"totalSizeInBytes":5920,"silentlySkippedCount":0,"silentlySkippedDurationMs":0}
[15:55:24.652] INFO: simulator:public-processor Processed 1 successful txs and 0 failed txs (0 silently skipped, 0ms wasted) in 0.0071544160000048575s {"blockNumber":4,"successfulCount":1,"failedCount":0,"duration":0.0071544160000048575,"rate":1614806.8549539412,"totalPublicGas":{"daGas":0,"l2Gas":11553},"totalBlockGas":{"daGas":0,"l2Gas":11553},"totalSizeInBytes":128,"silentlySkippedCount":0,"silentlySkippedDurationMs":0}
[15:55:24.676] INFO: simulator:public-processor Processed 1 successful txs and 0 failed txs (0 silently skipped, 0ms wasted) in 0.0064624159999948465s {"blockNumber":4,"successfulCount":1,"failedCount":0,"duration":0.0064624159999948465,"rate":671730.2012132091,"totalPublicGas":{"daGas":0,"l2Gas":4341},"totalBlockGas":{"daGas":0,"l2Gas":4341},"totalSizeInBytes":128,"silentlySkippedCount":0,"silentlySkippedDurationMs":0}
[15:55:24.681] WARN: txe:top_level_context Could not find function artifact in contract Billboard for function '0x5b6267a4' when enriching error callstack
[15:55:25.166] INFO: kv-store:lmdb-v2 Starting data store with maxReaders 2
[15:55:25.167] INFO: world-state:database Creating world state data store at directory /var/folders/ym/q1vh2x5n58xbsmpmvs5_6w3r0000gn/T/aztec-world-state-VrQnEO/world_state with map sizes {"archiveTreeMapSizeKb":10485760,"nullifierTreeMapSizeKb":10485760,"noteHashTreeMapSizeKb":10485760,"messageTreeMapSizeKb":10485760,"publicDataTreeMapSizeKb":10485760} and 2 threads (ephemeral=true).
[15:55:25.180] INFO: txe_node Aztec Node version: txe
[15:55:25.180] INFO: txe_node Aztec Node started on chain 0x1
[15:55:25.198] INFO: txe:top_level_context Created block 1 with timestamp 1789656925
[15:55:25.251] INFO: txe:top_level_context Created block 2 with timestamp 1789656925
[15:55:25.385] INFO: simulator:public-processor Processed 1 successful txs and 0 failed txs (0 silently skipped, 0ms wasted) in 0.09069879199998104s {"blockNumber":3,"successfulCount":1,"failedCount":0,"duration":0.09069879199998104,"rate":63691256.21872899,"totalPublicGas":{"daGas":5792,"l2Gas":5776720},"totalBlockGas":{"daGas":5792,"l2Gas":5776720},"totalSizeInBytes":5920,"silentlySkippedCount":0,"silentlySkippedDurationMs":0}
[15:55:25.545] INFO: simulator:public-processor Processed 1 successful txs and 0 failed txs (0 silently skipped, 0ms wasted) in 0.01989962499999092s {"blockNumber":4,"successfulCount":1,"failedCount":0,"duration":0.01989962499999092,"rate":57321029.918931656,"totalPublicGas":{"daGas":192,"l2Gas":1140667},"totalBlockGas":{"daGas":320,"l2Gas":1731467},"totalSizeInBytes":320,"silentlySkippedCount":0,"silentlySkippedDurationMs":0}
[15:55:25.590] INFO: simulator:public-processor Processed 1 successful txs and 0 failed txs (0 silently skipped, 0ms wasted) in 0.006280959000025178s {"blockNumber":5,"successfulCount":1,"failedCount":0,"duration":0.006280959000025178,"rate":1839368.7970186858,"totalPublicGas":{"daGas":0,"l2Gas":11553},"totalBlockGas":{"daGas":0,"l2Gas":11553},"totalSizeInBytes":128,"silentlySkippedCount":0,"silentlySkippedDurationMs":0}
[15:55:25.612] INFO: simulator:public-processor Processed 1 successful txs and 0 failed txs (0 silently skipped, 0ms wasted) in 0.006796875s {"blockNumber":5,"successfulCount":1,"failedCount":0,"duration":0.006796875,"rate":1878510.3448275863,"totalPublicGas":{"daGas":0,"l2Gas":12768},"totalBlockGas":{"daGas":0,"l2Gas":12768},"totalSizeInBytes":128,"silentlySkippedCount":0,"silentlySkippedDurationMs":0}
[15:55:25.734] INFO: simulator:public-processor Processed 1 successful txs and 0 failed txs (0 silently skipped, 0ms wasted) in 0.007306209000002127s {"blockNumber":5,"successfulCount":1,"failedCount":0,"duration":0.007306209000002127,"rate":871724.3101036592,"totalPublicGas":{"daGas":0,"l2Gas":6369},"totalBlockGas":{"daGas":128,"l2Gas":597169},"totalSizeInBytes":128,"silentlySkippedCount":0,"silentlySkippedDurationMs":0}
[15:55:25.737] WARN: txe:top_level_context Could not find function artifact in contract Billboard for function '0x5b6267a4' when enriching error callstack
[billboard_test] Testing c01::c01_binding_rejects_second_binding ... [0m[32mok[0m
[15:55:27.570] INFO: kv-store:lmdb-v2 Starting data store with maxReaders 2
[15:55:27.572] INFO: world-state:database Creating world state data store at directory /var/folders/ym/q1vh2x5n58xbsmpmvs5_6w3r0000gn/T/aztec-world-state-gD8tKR/world_state with map sizes {"archiveTreeMapSizeKb":10485760,"nullifierTreeMapSizeKb":10485760,"noteHashTreeMapSizeKb":10485760,"messageTreeMapSizeKb":10485760,"publicDataTreeMapSizeKb":10485760} and 2 threads (ephemeral=true).
[15:55:27.585] INFO: txe_node Aztec Node version: txe
[15:55:27.585] INFO: txe_node Aztec Node started on chain 0x1
[15:55:27.603] INFO: txe:top_level_context Created block 1 with timestamp 1789656927
[15:55:27.655] INFO: txe:top_level_context Created block 2 with timestamp 1789656927
[15:55:27.785] INFO: simulator:public-processor Processed 1 successful txs and 0 failed txs (0 silently skipped, 0ms wasted) in 0.08765216699999291s {"blockNumber":3,"successfulCount":1,"failedCount":0,"duration":0.08765216699999291,"rate":65905044.88041314,"totalPublicGas":{"daGas":5792,"l2Gas":5776720},"totalBlockGas":{"daGas":5792,"l2Gas":5776720},"totalSizeInBytes":5920,"silentlySkippedCount":0,"silentlySkippedDurationMs":0}
[15:55:27.835] INFO: simulator:public-processor Processed 1 successful txs and 0 failed txs (0 silently skipped, 0ms wasted) in 0.0063112079999991695s {"blockNumber":4,"successfulCount":1,"failedCount":0,"duration":0.0063112079999991695,"rate":1830552.8830616137,"totalPublicGas":{"daGas":0,"l2Gas":11553},"totalBlockGas":{"daGas":0,"l2Gas":11553},"totalSizeInBytes":128,"silentlySkippedCount":0,"silentlySkippedDurationMs":0}
[billboard_test] Testing c01::c01_binding_rejects_unauthorized_private_caller ... [0m[32mok[0m
[15:55:28.549] INFO: kv-store:lmdb-v2 Starting data store with maxReaders 2
[15:55:28.551] INFO: world-state:database Creating world state data store at directory /var/folders/ym/q1vh2x5n58xbsmpmvs5_6w3r0000gn/T/aztec-world-state-lTa1QS/world_state with map sizes {"archiveTreeMapSizeKb":10485760,"nullifierTreeMapSizeKb":10485760,"noteHashTreeMapSizeKb":10485760,"messageTreeMapSizeKb":10485760,"publicDataTreeMapSizeKb":10485760} and 2 threads (ephemeral=true).
[15:55:28.564] INFO: txe_node Aztec Node version: txe
[15:55:28.564] INFO: txe_node Aztec Node started on chain 0x1
[15:55:28.582] INFO: txe:top_level_context Created block 1 with timestamp 1789656928
[15:55:28.632] INFO: txe:top_level_context Created block 2 with timestamp 1789656928
[15:55:28.764] INFO: simulator:public-processor Processed 1 successful txs and 0 failed txs (0 silently skipped, 0ms wasted) in 0.08915491699997802s {"blockNumber":3,"successfulCount":1,"failedCount":0,"duration":0.08915491699997802,"rate":64794182.91647811,"totalPublicGas":{"daGas":5792,"l2Gas":5776720},"totalBlockGas":{"daGas":5792,"l2Gas":5776720},"totalSizeInBytes":5920,"silentlySkippedCount":0,"silentlySkippedDurationMs":0}
[15:55:28.809] INFO: simulator:public-processor Processed 1 successful txs and 0 failed txs (0 silently skipped, 0ms wasted) in 0.0063754169999738226s {"blockNumber":4,"successfulCount":1,"failedCount":0,"duration":0.0063754169999738226,"rate":1812116.7603699393,"totalPublicGas":{"daGas":0,"l2Gas":11553},"totalBlockGas":{"daGas":0,"l2Gas":11553},"totalSizeInBytes":128,"silentlySkippedCount":0,"silentlySkippedDurationMs":0}
[billboard_test] Testing c01::c01_binding_rejects_zero_portal ... [0m[32mok[0m
[15:55:30.794] INFO: kv-store:lmdb-v2 Starting data store with maxReaders 2
[15:55:30.795] INFO: world-state:database Creating world state data store at directory /var/folders/ym/q1vh2x5n58xbsmpmvs5_6w3r0000gn/T/aztec-world-state-3DgEDO/world_state with map sizes {"archiveTreeMapSizeKb":10485760,"nullifierTreeMapSizeKb":10485760,"noteHashTreeMapSizeKb":10485760,"messageTreeMapSizeKb":10485760,"publicDataTreeMapSizeKb":10485760} and 2 threads (ephemeral=true).
[15:55:30.808] INFO: txe_node Aztec Node version: txe
[15:55:30.808] INFO: txe_node Aztec Node started on chain 0x1
[15:55:30.826] INFO: txe:top_level_context Created block 1 with timestamp 1789656930
[15:55:30.880] INFO: txe:top_level_context Created block 2 with timestamp 1789656930
[15:55:31.014] INFO: simulator:public-processor Processed 1 successful txs and 0 failed txs (0 silently skipped, 0ms wasted) in 0.09106220800001756s {"blockNumber":3,"successfulCount":1,"failedCount":0,"duration":0.09106220800001756,"rate":63437073.69800308,"totalPublicGas":{"daGas":5792,"l2Gas":5776720},"totalBlockGas":{"daGas":5792,"l2Gas":5776720},"totalSizeInBytes":5920,"silentlySkippedCount":0,"silentlySkippedDurationMs":0}
[15:55:31.187] INFO: simulator:public-processor Processed 1 successful txs and 0 failed txs (0 silently skipped, 0ms wasted) in 0.020256125000014436s {"blockNumber":4,"successfulCount":1,"failedCount":0,"duration":0.020256125000014436,"rate":56312201.8648279,"totalPublicGas":{"daGas":192,"l2Gas":1140667},"totalBlockGas":{"daGas":320,"l2Gas":1731467},"totalSizeInBytes":320,"silentlySkippedCount":0,"silentlySkippedDurationMs":0}
[15:55:31.229] INFO: txe:top_level_context Created block 5 with timestamp 1789656930
[15:55:31.461] INFO: simulator:public-processor Processed 1 successful txs and 0 failed txs (0 silently skipped, 0ms wasted) in 0.0056213750000169965s {"blockNumber":6,"successfulCount":1,"failedCount":0,"duration":0.0056213750000169965,"rate":0,"totalPublicGas":{"daGas":0,"l2Gas":0},"totalBlockGas":{"daGas":1984,"l2Gas":529900},"totalSizeInBytes":1984,"silentlySkippedCount":0,"silentlySkippedDurationMs":0}
[15:55:31.711] INFO: kv-store:lmdb-v2 Starting data store with maxReaders 2
[15:55:31.714] INFO: world-state:database Creating world state data store at directory /var/folders/ym/q1vh2x5n58xbsmpmvs5_6w3r0000gn/T/aztec-world-state-PPR2Is/world_state with map sizes {"archiveTreeMapSizeKb":10485760,"nullifierTreeMapSizeKb":10485760,"noteHashTreeMapSizeKb":10485760,"messageTreeMapSizeKb":10485760,"publicDataTreeMapSizeKb":10485760} and 2 threads (ephemeral=true).
[15:55:31.728] INFO: txe_node Aztec Node version: txe
[15:55:31.728] INFO: txe_node Aztec Node started on chain 0x1
[15:55:31.766] INFO: txe:top_level_context Created block 1 with timestamp 1789656931
[15:55:31.820] INFO: txe:top_level_context Created block 2 with timestamp 1789656931
[15:55:32.016] INFO: simulator:public-processor Processed 1 successful txs and 0 failed txs (0 silently skipped, 0ms wasted) in 0.12875500000000464s {"blockNumber":3,"successfulCount":1,"failedCount":0,"duration":0.12875500000000464,"rate":44865985.78695811,"totalPublicGas":{"daGas":5792,"l2Gas":5776720},"totalBlockGas":{"daGas":5792,"l2Gas":5776720},"totalSizeInBytes":5920,"silentlySkippedCount":0,"silentlySkippedDurationMs":0}
[billboard_test] Testing c01::c01_claim_delivers_exact_v1_receipt_and_initial_eligibility ... [0m[32mok[0m
[15:55:32.297] INFO: simulator:public-processor Processed 1 successful txs and 0 failed txs (0 silently skipped, 0ms wasted) in 0.03963454099997762s {"blockNumber":4,"successfulCount":1,"failedCount":0,"duration":0.03963454099997762,"rate":28779619.272004288,"totalPublicGas":{"daGas":192,"l2Gas":1140667},"totalBlockGas":{"daGas":320,"l2Gas":1731467},"totalSizeInBytes":320,"silentlySkippedCount":0,"silentlySkippedDurationMs":0}
[billboard_test] Testing c01::c01_claim_rejects_amount_above_configuration ... [0m[32mok[0m
[billboard_test] Testing c01::c01_claim_rejects_changed_in_range_amount ... [0m[32mok[0m
[15:55:35.572] INFO: kv-store:lmdb-v2 Starting data store with maxReaders 2
[15:55:35.574] INFO: world-state:database Creating world state data store at directory /var/folders/ym/q1vh2x5n58xbsmpmvs5_6w3r0000gn/T/aztec-world-state-Ky6WMB/world_state with map sizes {"archiveTreeMapSizeKb":10485760,"nullifierTreeMapSizeKb":10485760,"noteHashTreeMapSizeKb":10485760,"messageTreeMapSizeKb":10485760,"publicDataTreeMapSizeKb":10485760} and 2 threads (ephemeral=true).
[15:55:35.587] INFO: txe_node Aztec Node version: txe
[15:55:35.587] INFO: txe_node Aztec Node started on chain 0x1
[15:55:35.605] INFO: txe:top_level_context Created block 1 with timestamp 1789656935
[15:55:35.654] INFO: txe:top_level_context Created block 2 with timestamp 1789656935
[15:55:35.787] INFO: simulator:public-processor Processed 1 successful txs and 0 failed txs (0 silently skipped, 0ms wasted) in 0.09072779199999059s {"blockNumber":3,"successfulCount":1,"failedCount":0,"duration":0.09072779199999059,"rate":63670898.1080527,"totalPublicGas":{"daGas":5792,"l2Gas":5776720},"totalBlockGas":{"daGas":5792,"l2Gas":5776720},"totalSizeInBytes":5920,"silentlySkippedCount":0,"silentlySkippedDurationMs":0}
[15:55:35.918] INFO: kv-store:lmdb-v2 Starting data store with maxReaders 2
[15:55:35.919] INFO: world-state:database Creating world state data store at directory /var/folders/ym/q1vh2x5n58xbsmpmvs5_6w3r0000gn/T/aztec-world-state-bJHSsk/world_state with map sizes {"archiveTreeMapSizeKb":10485760,"nullifierTreeMapSizeKb":10485760,"noteHashTreeMapSizeKb":10485760,"messageTreeMapSizeKb":10485760,"publicDataTreeMapSizeKb":10485760} and 2 threads (ephemeral=true).
[15:55:35.933] INFO: txe_node Aztec Node version: txe
[15:55:35.933] INFO: txe_node Aztec Node started on chain 0x1
[15:55:35.952] INFO: txe:top_level_context Created block 1 with timestamp 1789656935
[15:55:35.993] INFO: simulator:public-processor Processed 1 successful txs and 0 failed txs (0 silently skipped, 0ms wasted) in 0.02188850000000093s {"blockNumber":4,"successfulCount":1,"failedCount":0,"duration":0.02188850000000093,"rate":52112616.21399143,"totalPublicGas":{"daGas":192,"l2Gas":1140667},"totalBlockGas":{"daGas":320,"l2Gas":1731467},"totalSizeInBytes":320,"silentlySkippedCount":0,"silentlySkippedDurationMs":0}
[15:55:36.006] INFO: txe:top_level_context Created block 2 with timestamp 1789656935
[15:55:36.037] INFO: txe:top_level_context Created block 5 with timestamp 1789656935
[15:55:36.141] INFO: simulator:public-processor Processed 1 successful txs and 0 failed txs (0 silently skipped, 0ms wasted) in 0.09295750000001862s {"blockNumber":3,"successfulCount":1,"failedCount":0,"duration":0.09295750000001862,"rate":62143667.80516734,"totalPublicGas":{"daGas":5792,"l2Gas":5776720},"totalBlockGas":{"daGas":5792,"l2Gas":5776720},"totalSizeInBytes":5920,"silentlySkippedCount":0,"silentlySkippedDurationMs":0}
[15:55:36.342] INFO: simulator:public-processor Processed 1 successful txs and 0 failed txs (0 silently skipped, 0ms wasted) in 0.020094499999977415s {"blockNumber":4,"successfulCount":1,"failedCount":0,"duration":0.020094499999977415,"rate":56765134.738425046,"totalPublicGas":{"daGas":192,"l2Gas":1140667},"totalBlockGas":{"daGas":320,"l2Gas":1731467},"totalSizeInBytes":320,"silentlySkippedCount":0,"silentlySkippedDurationMs":0}
[15:55:36.384] INFO: txe:top_level_context Created block 5 with timestamp 1789656935
[billboard_test] Testing c01::c01_claim_rejects_changed_nonzero_depositor ... [0m[32mok[0m
[15:55:39.076] INFO: kv-store:lmdb-v2 Starting data store with maxReaders 2
[15:55:39.079] INFO: world-state:database Creating world state data store at directory /var/folders/ym/q1vh2x5n58xbsmpmvs5_6w3r0000gn/T/aztec-world-state-hb6xjY/world_state with map sizes {"archiveTreeMapSizeKb":10485760,"nullifierTreeMapSizeKb":10485760,"noteHashTreeMapSizeKb":10485760,"messageTreeMapSizeKb":10485760,"publicDataTreeMapSizeKb":10485760} and 2 threads (ephemeral=true).
[15:55:39.092] INFO: txe_node Aztec Node version: txe
[15:55:39.092] INFO: txe_node Aztec Node started on chain 0x1
[15:55:39.110] INFO: txe:top_level_context Created block 1 with timestamp 1789656939
[15:55:39.160] INFO: txe:top_level_context Created block 2 with timestamp 1789656939
[15:55:39.291] INFO: simulator:public-processor Processed 1 successful txs and 0 failed txs (0 silently skipped, 0ms wasted) in 0.08916520899999887s {"blockNumber":3,"successfulCount":1,"failedCount":0,"duration":0.08916520899999887,"rate":64786703.97105303,"totalPublicGas":{"daGas":5792,"l2Gas":5776720},"totalBlockGas":{"daGas":5792,"l2Gas":5776720},"totalSizeInBytes":5920,"silentlySkippedCount":0,"silentlySkippedDurationMs":0}
[15:55:39.411] INFO: kv-store:lmdb-v2 Starting data store with maxReaders 2
[15:55:39.412] INFO: world-state:database Creating world state data store at directory /var/folders/ym/q1vh2x5n58xbsmpmvs5_6w3r0000gn/T/aztec-world-state-WVcnnK/world_state with map sizes {"archiveTreeMapSizeKb":10485760,"nullifierTreeMapSizeKb":10485760,"noteHashTreeMapSizeKb":10485760,"messageTreeMapSizeKb":10485760,"publicDataTreeMapSizeKb":10485760} and 2 threads (ephemeral=true).
[15:55:39.425] INFO: txe_node Aztec Node version: txe
[15:55:39.425] INFO: txe_node Aztec Node started on chain 0x1
[15:55:39.444] INFO: txe:top_level_context Created block 1 with timestamp 1789656939
[15:55:39.486] INFO: simulator:public-processor Processed 1 successful txs and 0 failed txs (0 silently skipped, 0ms wasted) in 0.020947667000000364s {"blockNumber":4,"successfulCount":1,"failedCount":0,"duration":0.020947667000000364,"rate":54453176.09832065,"totalPublicGas":{"daGas":192,"l2Gas":1140667},"totalBlockGas":{"daGas":320,"l2Gas":1731467},"totalSizeInBytes":320,"silentlySkippedCount":0,"silentlySkippedDurationMs":0}
[15:55:39.498] INFO: txe:top_level_context Created block 2 with timestamp 1789656939
[15:55:39.529] INFO: txe:top_level_context Created block 5 with timestamp 1789656939
[15:55:39.631] INFO: simulator:public-processor Processed 1 successful txs and 0 failed txs (0 silently skipped, 0ms wasted) in 0.09111699999999837s {"blockNumber":3,"successfulCount":1,"failedCount":0,"duration":0.09111699999999837,"rate":63398926.65474174,"totalPublicGas":{"daGas":5792,"l2Gas":5776720},"totalBlockGas":{"daGas":5792,"l2Gas":5776720},"totalSizeInBytes":5920,"silentlySkippedCount":0,"silentlySkippedDurationMs":0}
[15:55:39.702] INFO: txe:top_level_context Created block 4 with timestamp 1789656939
[billboard_test] Testing c01::c01_claim_rejects_changed_receipt_nonce ... [0m[32mok[0m
[billboard_test] Testing c01::c01_claim_rejects_unbound_portal ... [0m[32mok[0m
[15:55:42.596] INFO: kv-store:lmdb-v2 Starting data store with maxReaders 2
[15:55:42.597] INFO: world-state:database Creating world state data store at directory /var/folders/ym/q1vh2x5n58xbsmpmvs5_6w3r0000gn/T/aztec-world-state-omgXWS/world_state with map sizes {"archiveTreeMapSizeKb":10485760,"nullifierTreeMapSizeKb":10485760,"noteHashTreeMapSizeKb":10485760,"messageTreeMapSizeKb":10485760,"publicDataTreeMapSizeKb":10485760} and 2 threads (ephemeral=true).
[15:55:42.610] INFO: txe_node Aztec Node version: txe
[15:55:42.610] INFO: txe_node Aztec Node started on chain 0x1
[15:55:42.628] INFO: txe:top_level_context Created block 1 with timestamp 1789656942
[15:55:42.676] INFO: txe:top_level_context Created block 2 with timestamp 1789656942
[15:55:42.721] INFO: kv-store:lmdb-v2 Starting data store with maxReaders 2
[15:55:42.722] INFO: world-state:database Creating world state data store at directory /var/folders/ym/q1vh2x5n58xbsmpmvs5_6w3r0000gn/T/aztec-world-state-rRG08w/world_state with map sizes {"archiveTreeMapSizeKb":10485760,"nullifierTreeMapSizeKb":10485760,"noteHashTreeMapSizeKb":10485760,"messageTreeMapSizeKb":10485760,"publicDataTreeMapSizeKb":10485760} and 2 threads (ephemeral=true).
[15:55:42.735] INFO: txe_node Aztec Node version: txe
[15:55:42.735] INFO: txe_node Aztec Node started on chain 0x1
[15:55:42.753] INFO: txe:top_level_context Created block 1 with timestamp 1789656942
[15:55:42.801] INFO: txe:top_level_context Created block 2 with timestamp 1789656942
[15:55:42.809] INFO: simulator:public-processor Processed 1 successful txs and 0 failed txs (0 silently skipped, 0ms wasted) in 0.09031995800000732s {"blockNumber":3,"successfulCount":1,"failedCount":0,"duration":0.09031995800000732,"rate":63958399.98065025,"totalPublicGas":{"daGas":5792,"l2Gas":5776720},"totalBlockGas":{"daGas":5792,"l2Gas":5776720},"totalSizeInBytes":5920,"silentlySkippedCount":0,"silentlySkippedDurationMs":0}
[15:55:42.936] INFO: simulator:public-processor Processed 1 successful txs and 0 failed txs (0 silently skipped, 0ms wasted) in 0.09209608300001128s {"blockNumber":3,"successfulCount":1,"failedCount":0,"duration":0.09209608300001128,"rate":62724926.0970121,"totalPublicGas":{"daGas":5792,"l2Gas":5776720},"totalBlockGas":{"daGas":5792,"l2Gas":5776720},"totalSizeInBytes":5920,"silentlySkippedCount":0,"silentlySkippedDurationMs":0}
[15:55:43.006] INFO: simulator:public-processor Processed 1 successful txs and 0 failed txs (0 silently skipped, 0ms wasted) in 0.026971749999996974s {"blockNumber":4,"successfulCount":1,"failedCount":0,"duration":0.026971749999996974,"rate":42291175.0257261,"totalPublicGas":{"daGas":192,"l2Gas":1140667},"totalBlockGas":{"daGas":320,"l2Gas":1731467},"totalSizeInBytes":320,"silentlySkippedCount":0,"silentlySkippedDurationMs":0}
[15:55:43.057] INFO: txe:top_level_context Created block 5 with timestamp 1789656942
[15:55:43.161] INFO: simulator:public-processor Processed 1 successful txs and 0 failed txs (0 silently skipped, 0ms wasted) in 0.02060008299999754s {"blockNumber":4,"successfulCount":1,"failedCount":0,"duration":0.02060008299999754,"rate":55371961.365405,"totalPublicGas":{"daGas":192,"l2Gas":1140667},"totalBlockGas":{"daGas":320,"l2Gas":1731467},"totalSizeInBytes":320,"silentlySkippedCount":0,"silentlySkippedDurationMs":0}
[15:55:43.231] INFO: txe:top_level_context Created block 5 with timestamp 1789656942
[billboard_test] Testing c01::c01_claim_rejects_wrong_nonzero_secret ... [0m[32mok[0m
[billboard_test] Testing c01::c01_claim_rejects_wrong_portal_origin ... [0m[32mok[0m
[15:55:46.148] INFO: kv-store:lmdb-v2 Starting data store with maxReaders 2
[15:55:46.149] INFO: world-state:database Creating world state data store at directory /var/folders/ym/q1vh2x5n58xbsmpmvs5_6w3r0000gn/T/aztec-world-state-7u60pi/world_state with map sizes {"archiveTreeMapSizeKb":10485760,"nullifierTreeMapSizeKb":10485760,"noteHashTreeMapSizeKb":10485760,"messageTreeMapSizeKb":10485760,"publicDataTreeMapSizeKb":10485760} and 2 threads (ephemeral=true).
[15:55:46.162] INFO: txe_node Aztec Node version: txe
[15:55:46.162] INFO: txe_node Aztec Node started on chain 0x1
[15:55:46.179] INFO: txe:top_level_context Created block 1 with timestamp 1789656946
[15:55:46.228] INFO: txe:top_level_context Created block 2 with timestamp 1789656946
[15:55:46.289] INFO: kv-store:lmdb-v2 Starting data store with maxReaders 2
[15:55:46.290] INFO: world-state:database Creating world state data store at directory /var/folders/ym/q1vh2x5n58xbsmpmvs5_6w3r0000gn/T/aztec-world-state-idmans/world_state with map sizes {"archiveTreeMapSizeKb":10485760,"nullifierTreeMapSizeKb":10485760,"noteHashTreeMapSizeKb":10485760,"messageTreeMapSizeKb":10485760,"publicDataTreeMapSizeKb":10485760} and 2 threads (ephemeral=true).
[15:55:46.303] INFO: txe_node Aztec Node version: txe
[15:55:46.303] INFO: txe_node Aztec Node started on chain 0x1
[15:55:46.321] INFO: txe:top_level_context Created block 1 with timestamp 1789656946
[15:55:46.362] INFO: simulator:public-processor Processed 1 successful txs and 0 failed txs (0 silently skipped, 0ms wasted) in 0.09219141599998693s {"blockNumber":3,"successfulCount":1,"failedCount":0,"duration":0.09219141599998693,"rate":62660063.70919413,"totalPublicGas":{"daGas":5792,"l2Gas":5776720},"totalBlockGas":{"daGas":5792,"l2Gas":5776720},"totalSizeInBytes":5920,"silentlySkippedCount":0,"silentlySkippedDurationMs":0}
[15:55:46.369] INFO: txe:top_level_context Created block 2 with timestamp 1789656946
[15:55:46.523] INFO: simulator:public-processor Processed 1 successful txs and 0 failed txs (0 silently skipped, 0ms wasted) in 0.101115541999985s {"blockNumber":3,"successfulCount":1,"failedCount":0,"duration":0.101115541999985,"rate":57129892.05952985,"totalPublicGas":{"daGas":5792,"l2Gas":5776720},"totalBlockGas":{"daGas":5792,"l2Gas":5776720},"totalSizeInBytes":5920,"silentlySkippedCount":0,"silentlySkippedDurationMs":0}
[15:55:46.559] INFO: simulator:public-processor Processed 1 successful txs and 0 failed txs (0 silently skipped, 0ms wasted) in 0.021292791999992913s {"blockNumber":4,"successfulCount":1,"failedCount":0,"duration":0.021292791999992913,"rate":53570569.796595,"totalPublicGas":{"daGas":192,"l2Gas":1140667},"totalBlockGas":{"daGas":320,"l2Gas":1731467},"totalSizeInBytes":320,"silentlySkippedCount":0,"silentlySkippedDurationMs":0}
[15:55:46.606] INFO: txe:top_level_context Created block 5 with timestamp 1789656946
[billboard_test] Testing c01::c01_claim_rejects_wrong_recipient_envelope ... [0m[32mok[0m
[15:55:46.768] INFO: simulator:public-processor Processed 1 successful txs and 0 failed txs (0 silently skipped, 0ms wasted) in 0.0321028749999823s {"blockNumber":4,"successfulCount":1,"failedCount":0,"duration":0.0321028749999823,"rate":35531615.15909802,"totalPublicGas":{"daGas":192,"l2Gas":1140667},"totalBlockGas":{"daGas":320,"l2Gas":1731467},"totalSizeInBytes":320,"silentlySkippedCount":0,"silentlySkippedDurationMs":0}
[billboard_test] Testing c01::c01_claim_rejects_zero_secret ... [0m[32mok[0m
[billboard_test] Testing c01::c01_cooldown_ceiling_and_maximum_boundaries ... [0m[32mok[0m
[15:55:49.705] INFO: kv-store:lmdb-v2 Starting data store with maxReaders 2
[15:55:49.706] INFO: world-state:database Creating world state data store at directory /var/folders/ym/q1vh2x5n58xbsmpmvs5_6w3r0000gn/T/aztec-world-state-EROkeU/world_state with map sizes {"archiveTreeMapSizeKb":10485760,"nullifierTreeMapSizeKb":10485760,"noteHashTreeMapSizeKb":10485760,"messageTreeMapSizeKb":10485760,"publicDataTreeMapSizeKb":10485760} and 2 threads (ephemeral=true).
[15:55:49.719] INFO: txe_node Aztec Node version: txe
[15:55:49.719] INFO: txe_node Aztec Node started on chain 0x1
[15:55:49.737] INFO: txe:top_level_context Created block 1 with timestamp 1789656949
[15:55:49.785] INFO: txe:top_level_context Created block 2 with timestamp 1789656949
[15:55:49.918] INFO: simulator:public-processor Processed 1 successful txs and 0 failed txs (0 silently skipped, 0ms wasted) in 0.0903513329999987s {"blockNumber":3,"successfulCount":1,"failedCount":0,"duration":0.0903513329999987,"rate":63936190.07259232,"totalPublicGas":{"daGas":5792,"l2Gas":5776720},"totalBlockGas":{"daGas":5792,"l2Gas":5776720},"totalSizeInBytes":5920,"silentlySkippedCount":0,"silentlySkippedDurationMs":0}
[15:55:50.095] INFO: simulator:public-processor Processed 1 successful txs and 0 failed txs (0 silently skipped, 0ms wasted) in 0.02039058400000795s {"blockNumber":4,"successfulCount":1,"failedCount":0,"duration":0.02039058400000795,"rate":55940869.569971874,"totalPublicGas":{"daGas":192,"l2Gas":1140667},"totalBlockGas":{"daGas":320,"l2Gas":1731467},"totalSizeInBytes":320,"silentlySkippedCount":0,"silentlySkippedDurationMs":0}
[15:55:50.142] INFO: txe:top_level_context Created block 5 with timestamp 1789656949
[15:55:50.400] INFO: simulator:public-processor Processed 1 successful txs and 0 failed txs (0 silently skipped, 0ms wasted) in 0.005656459000019823s {"blockNumber":6,"successfulCount":1,"failedCount":0,"duration":0.005656459000019823,"rate":0,"totalPublicGas":{"daGas":0,"l2Gas":0},"totalBlockGas":{"daGas":1984,"l2Gas":529900},"totalSizeInBytes":1984,"silentlySkippedCount":0,"silentlySkippedDurationMs":0}
[billboard_test] Testing c01::c01_claim_replay_cannot_mint_right_for_second_owner ... [0m[32mok[0m
[billboard_test] Testing c01::c01_cooldown_rejects_above_u32 ... [0m[32mok[0m
[billboard_test] Testing c01::c01_cooldown_rejects_above_u96 ... [0m[32mok[0m
[billboard_test] Testing c01::c01_cooldown_rejects_zero_amount ... [0m[32mok[0m
[billboard_test] Testing c01::c01_frozen_claim_boundary_vector ... [0m[32mok[0m
[billboard_test] Testing c01::c01_frozen_claim_vector ... [0m[32mok[0m
[billboard_test] Testing c01::c01_frozen_config_vector ... [0m[32mok[0m
[billboard_test] Testing c01::c01_frozen_exit_vector ... [0m[32mok[0m
[billboard_test] Testing c01::c01_frozen_ready_vector ... [0m[32mok[0m
[billboard_test] Testing c01::c01_init_rejects_wrong_configured_chain ... [0m[32mok[0m
[15:56:04.616] INFO: kv-store:lmdb-v2 Starting data store with maxReaders 2
[15:56:04.618] INFO: world-state:database Creating world state data store at directory /var/folders/ym/q1vh2x5n58xbsmpmvs5_6w3r0000gn/T/aztec-world-state-jNTyJ9/world_state with map sizes {"archiveTreeMapSizeKb":10485760,"nullifierTreeMapSizeKb":10485760,"noteHashTreeMapSizeKb":10485760,"messageTreeMapSizeKb":10485760,"publicDataTreeMapSizeKb":10485760} and 2 threads (ephemeral=true).
[15:56:04.637] INFO: txe_node Aztec Node version: txe
[15:56:04.638] INFO: txe_node Aztec Node started on chain 0x1
[15:56:04.666] INFO: txe:top_level_context Created block 1 with timestamp 1789656964
[15:56:04.766] INFO: txe:top_level_context Created block 2 with timestamp 1789656964
[15:56:04.848] INFO: simulator:public-processor Processed 1 successful txs and 0 failed txs (0 silently skipped, 0ms wasted) in 0.016105583999975352s {"blockNumber":3,"successfulCount":1,"failedCount":0,"duration":0.016105583999975352,"rate":7873666.673632827,"totalPublicGas":{"daGas":0,"l2Gas":126810},"totalBlockGas":{"daGas":0,"l2Gas":126810},"totalSizeInBytes":128,"silentlySkippedCount":0,"silentlySkippedDurationMs":0}
[15:56:04.854] WARN: txe:top_level_context Could not find function artifact in contract Billboard for function '0x8f3f1c4d' when enriching error callstack
[15:56:06.506] INFO: kv-store:lmdb-v2 Starting data store with maxReaders 2
[15:56:06.507] INFO: world-state:database Creating world state data store at directory /var/folders/ym/q1vh2x5n58xbsmpmvs5_6w3r0000gn/T/aztec-world-state-ywWy7E/world_state with map sizes {"archiveTreeMapSizeKb":10485760,"nullifierTreeMapSizeKb":10485760,"noteHashTreeMapSizeKb":10485760,"messageTreeMapSizeKb":10485760,"publicDataTreeMapSizeKb":10485760} and 2 threads (ephemeral=true).
[15:56:06.525] INFO: txe_node Aztec Node version: txe
[15:56:06.525] INFO: txe_node Aztec Node started on chain 0x1
[15:56:06.550] INFO: txe:top_level_context Created block 1 with timestamp 1789656966
[15:56:06.640] INFO: txe:top_level_context Created block 2 with timestamp 1789656966
[15:56:06.714] INFO: simulator:public-processor Processed 1 successful txs and 0 failed txs (0 silently skipped, 0ms wasted) in 0.013703957999998238s {"blockNumber":3,"successfulCount":1,"failedCount":0,"duration":0.013703957999998238,"rate":9256376.880315622,"totalPublicGas":{"daGas":0,"l2Gas":126849},"totalBlockGas":{"daGas":0,"l2Gas":126849},"totalSizeInBytes":128,"silentlySkippedCount":0,"silentlySkippedDurationMs":0}
[15:56:06.718] WARN: txe:top_level_context Could not find function artifact in contract Billboard for function '0x8f3f1c4d' when enriching error callstack
[billboard_test] Testing c01::c01_init_rejects_wrong_configured_rollup_version ... [0m[32mok[0m
[billboard_test] Testing c01::c01_time_rejects_horizon_crossing ... [0m[32mok[0m
[billboard_test] Testing c01::c01_time_rejects_out_of_range_anchor ... [0m[32mok[0m
[billboard_test] Testing c01::c01_utf8_rejects_hidden_suffix ... [0m[32mok[0m
[billboard_test] Testing c01::c01_utf8_rejects_noncanonical_field ... [0m[32mok[0m
[billboard_test] Testing c01::c01_utf8_rejects_nul ... [0m[32mok[0m
[billboard_test] Testing c01::c01_utf8_rejects_overlong_lead ... [0m[32mok[0m
[billboard_test] Testing c01::c01_utf8_rejects_scalar_above_unicode_maximum ... [0m[32mok[0m
[billboard_test] Testing c01::c01_utf8_rejects_surrogate ... [0m[32mok[0m
[billboard_test] Testing c01::c01_utf8_rejects_truncation ... [0m[32mok[0m
[billboard_test] Testing c01::c01_utf8_valid_scalar_and_field_crossing_controls ... [0m[32mok[0m
[billboard_test] Testing compact_note::c01_compact_asymmetric_sequences_do_not_swap ... [0m[32mok[0m
[billboard_test] Testing compact_note::c01_compact_exact_maximum_fields_and_generated_selectors ... [0m[32mok[0m
[billboard_test] Testing compact_note::c01_compact_metadata_rejects_truncation_above128 ... [0m[32mok[0m
[billboard_test] Testing compact_note::c01_compact_metadata_rejects_unused_bit96 ... [0m[32mok[0m
[15:56:30.805] INFO: kv-store:lmdb-v2 Starting data store with maxReaders 2
[15:56:30.807] INFO: world-state:database Creating world state data store at directory /var/folders/ym/q1vh2x5n58xbsmpmvs5_6w3r0000gn/T/aztec-world-state-aPo39Y/world_state with map sizes {"archiveTreeMapSizeKb":10485760,"nullifierTreeMapSizeKb":10485760,"noteHashTreeMapSizeKb":10485760,"messageTreeMapSizeKb":10485760,"publicDataTreeMapSizeKb":10485760} and 2 threads (ephemeral=true).
[15:56:30.822] INFO: txe_node Aztec Node version: txe
[15:56:30.822] INFO: txe_node Aztec Node started on chain 0x1
[15:56:30.840] INFO: txe:top_level_context Created block 1 with timestamp 1789656990
[15:56:30.900] INFO: txe:top_level_context Created block 2 with timestamp 1789656990
[15:56:31.050] INFO: simulator:public-processor Processed 1 successful txs and 0 failed txs (0 silently skipped, 0ms wasted) in 0.10550137499999256s {"blockNumber":3,"successfulCount":1,"failedCount":0,"duration":0.10550137499999256,"rate":54754926.179875925,"totalPublicGas":{"daGas":5792,"l2Gas":5776720},"totalBlockGas":{"daGas":5792,"l2Gas":5776720},"totalSizeInBytes":5920,"silentlySkippedCount":0,"silentlySkippedDurationMs":0}
[15:56:31.238] INFO: simulator:public-processor Processed 1 successful txs and 0 failed txs (0 silently skipped, 0ms wasted) in 0.020613707999989857s {"blockNumber":4,"successfulCount":1,"failedCount":0,"duration":0.020613707999989857,"rate":55335362.274490416,"totalPublicGas":{"daGas":192,"l2Gas":1140667},"totalBlockGas":{"daGas":320,"l2Gas":1731467},"totalSizeInBytes":320,"silentlySkippedCount":0,"silentlySkippedDurationMs":0}
[15:56:31.280] INFO: txe:top_level_context Created block 5 with timestamp 1789656990
[15:56:31.512] INFO: simulator:public-processor Processed 1 successful txs and 0 failed txs (0 silently skipped, 0ms wasted) in 0.005904374999983702s {"blockNumber":6,"successfulCount":1,"failedCount":0,"duration":0.005904374999983702,"rate":0,"totalPublicGas":{"daGas":0,"l2Gas":0},"totalBlockGas":{"daGas":1984,"l2Gas":529900},"totalSizeInBytes":1984,"silentlySkippedCount":0,"silentlySkippedDurationMs":0}
[15:56:31.994] INFO: txe:top_level_context Created block 7 with timestamp 1789660591
[15:56:32.181] INFO: simulator:public-processor Processed 1 successful txs and 0 failed txs (0 silently skipped, 0ms wasted) in 0.005139792000001762s {"blockNumber":8,"successfulCount":1,"failedCount":0,"duration":0.005139792000001762,"rate":0,"totalPublicGas":{"daGas":0,"l2Gas":0},"totalBlockGas":{"daGas":256,"l2Gas":477200},"totalSizeInBytes":256,"silentlySkippedCount":0,"silentlySkippedDurationMs":0}
[billboard_test] Testing compact_note::c01_compact_note_lifecycle_claim_deliver_select_burn ... [0m[32mok[0m
[15:56:32.499] INFO: kv-store:lmdb-v2 Starting data store with maxReaders 2
[15:56:32.500] INFO: world-state:database Creating world state data store at directory /var/folders/ym/q1vh2x5n58xbsmpmvs5_6w3r0000gn/T/aztec-world-state-dYTCcT/world_state with map sizes {"archiveTreeMapSizeKb":10485760,"nullifierTreeMapSizeKb":10485760,"noteHashTreeMapSizeKb":10485760,"messageTreeMapSizeKb":10485760,"publicDataTreeMapSizeKb":10485760} and 2 threads (ephemeral=true).
[15:56:32.513] INFO: txe_node Aztec Node version: txe
[15:56:32.513] INFO: txe_node Aztec Node started on chain 0x1
[15:56:32.532] INFO: txe:top_level_context Created block 1 with timestamp 1789656992
[15:56:32.589] INFO: txe:top_level_context Created block 2 with timestamp 1789656992
[15:56:32.732] INFO: simulator:public-processor Processed 1 successful txs and 0 failed txs (0 silently skipped, 0ms wasted) in 0.09342104200000176s {"blockNumber":3,"successfulCount":1,"failedCount":0,"duration":0.09342104200000176,"rate":61835319.71308874,"totalPublicGas":{"daGas":5792,"l2Gas":5776720},"totalBlockGas":{"daGas":5792,"l2Gas":5776720},"totalSizeInBytes":5920,"silentlySkippedCount":0,"silentlySkippedDurationMs":0}
[15:56:32.901] INFO: simulator:public-processor Processed 1 successful txs and 0 failed txs (0 silently skipped, 0ms wasted) in 0.020388124999997672s {"blockNumber":4,"successfulCount":1,"failedCount":0,"duration":0.020388124999997672,"rate":55947616.56602214,"totalPublicGas":{"daGas":192,"l2Gas":1140667},"totalBlockGas":{"daGas":320,"l2Gas":1731467},"totalSizeInBytes":320,"silentlySkippedCount":0,"silentlySkippedDurationMs":0}
[15:56:32.943] INFO: txe:top_level_context Created block 5 with timestamp 1789656992
[15:56:33.175] INFO: simulator:public-processor Processed 1 successful txs and 0 failed txs (0 silently skipped, 0ms wasted) in 0.005666417000000365s {"blockNumber":6,"successfulCount":1,"failedCount":0,"duration":0.005666417000000365,"rate":0,"totalPublicGas":{"daGas":0,"l2Gas":0},"totalBlockGas":{"daGas":1984,"l2Gas":529900},"totalSizeInBytes":1984,"silentlySkippedCount":0,"silentlySkippedDurationMs":0}
[15:56:33.217] INFO: txe:top_level_context Created block 7 with timestamp 1789660593
[15:56:33.422] INFO: simulator:public-processor Processed 1 successful txs and 0 failed txs (0 silently skipped, 0ms wasted) in 0.005116333000012674s {"blockNumber":8,"successfulCount":1,"failedCount":0,"duration":0.005116333000012674,"rate":0,"totalPublicGas":{"daGas":0,"l2Gas":0},"totalBlockGas":{"daGas":256,"l2Gas":477200},"totalSizeInBytes":256,"silentlySkippedCount":0,"silentlySkippedDurationMs":0}
[billboard_test] Testing compact_note::c01_compact_second_burn_rejected ... [0m[32mok[0m
[billboard_test] Testing compact_note::c01_compact_sequences_reject_unused_bit192 ... [0m[32mok[0m
[15:56:36.493] INFO: kv-store:lmdb-v2 Starting data store with maxReaders 2
[15:56:36.495] INFO: world-state:database Creating world state data store at directory /var/folders/ym/q1vh2x5n58xbsmpmvs5_6w3r0000gn/T/aztec-world-state-4sh9wP/world_state with map sizes {"archiveTreeMapSizeKb":10485760,"nullifierTreeMapSizeKb":10485760,"noteHashTreeMapSizeKb":10485760,"messageTreeMapSizeKb":10485760,"publicDataTreeMapSizeKb":10485760} and 2 threads (ephemeral=true).
[15:56:36.508] INFO: txe_node Aztec Node version: txe
[15:56:36.508] INFO: txe_node Aztec Node started on chain 0x1
[15:56:36.526] INFO: txe:top_level_context Created block 1 with timestamp 1789656996
[15:56:36.578] INFO: txe:top_level_context Created block 2 with timestamp 1789656996
[15:56:36.709] INFO: simulator:public-processor Processed 1 successful txs and 0 failed txs (0 silently skipped, 0ms wasted) in 0.08918216700002085s {"blockNumber":3,"successfulCount":1,"failedCount":0,"duration":0.08918216700002085,"rate":64774384.77132597,"totalPublicGas":{"daGas":5792,"l2Gas":5776720},"totalBlockGas":{"daGas":5792,"l2Gas":5776720},"totalSizeInBytes":5920,"silentlySkippedCount":0,"silentlySkippedDurationMs":0}
[15:56:36.876] INFO: simulator:public-processor Processed 1 successful txs and 0 failed txs (0 silently skipped, 0ms wasted) in 0.02018800000002375s {"blockNumber":4,"successfulCount":1,"failedCount":0,"duration":0.02018800000002375,"rate":56502229.04689212,"totalPublicGas":{"daGas":192,"l2Gas":1140667},"totalBlockGas":{"daGas":320,"l2Gas":1731467},"totalSizeInBytes":320,"silentlySkippedCount":0,"silentlySkippedDurationMs":0}
[15:56:36.918] INFO: txe:top_level_context Created block 5 with timestamp 1789656996
[15:56:37.150] INFO: simulator:public-processor Processed 1 successful txs and 0 failed txs (0 silently skipped, 0ms wasted) in 0.005550541000033263s {"blockNumber":6,"successfulCount":1,"failedCount":0,"duration":0.005550541000033263,"rate":0,"totalPublicGas":{"daGas":0,"l2Gas":0},"totalBlockGas":{"daGas":1984,"l2Gas":529900},"totalSizeInBytes":1984,"silentlySkippedCount":0,"silentlySkippedDurationMs":0}
[15:56:37.191] INFO: txe:top_level_context Created block 7 with timestamp 1789656996
[15:56:37.425] INFO: simulator:public-processor Processed 1 successful txs and 0 failed txs (0 silently skipped, 0ms wasted) in 0.005585832999960985s {"blockNumber":8,"successfulCount":1,"failedCount":0,"duration":0.005585832999960985,"rate":0,"totalPublicGas":{"daGas":0,"l2Gas":0},"totalBlockGas":{"daGas":832,"l2Gas":499700},"totalSizeInBytes":832,"silentlySkippedCount":0,"silentlySkippedDurationMs":0}
[15:56:37.885] INFO: txe:top_level_context Created block 9 with timestamp 1789660597
[15:56:38.068] INFO: simulator:public-processor Processed 1 successful txs and 0 failed txs (0 silently skipped, 0ms wasted) in 0.005078208999999333s {"blockNumber":10,"successfulCount":1,"failedCount":0,"duration":0.005078208999999333,"rate":0,"totalPublicGas":{"daGas":0,"l2Gas":0},"totalBlockGas":{"daGas":256,"l2Gas":477200},"totalSizeInBytes":256,"silentlySkippedCount":0,"silentlySkippedDurationMs":0}
[billboard_test] Testing compact_note::c01_discovery_call_preserves_page_offsets ... [0m[32mok[0m
[15:56:38.544] INFO: simulator:public-processor Processed 1 successful txs and 0 failed txs (0 silently skipped, 0ms wasted) in 0.005226582999981474s {"blockNumber":11,"successfulCount":1,"failedCount":0,"duration":0.005226582999981474,"rate":0,"totalPublicGas":{"daGas":0,"l2Gas":0},"totalBlockGas":{"daGas":256,"l2Gas":477200},"totalSizeInBytes":256,"silentlySkippedCount":0,"silentlySkippedDurationMs":0}
[billboard_test] Testing compact_note::c01_compact_two_receipts_exact_selection_and_independent_burn ... [0m[32mok[0m
[15:56:42.217] INFO: kv-store:lmdb-v2 Starting data store with maxReaders 2
[15:56:42.218] INFO: world-state:database Creating world state data store at directory /var/folders/ym/q1vh2x5n58xbsmpmvs5_6w3r0000gn/T/aztec-world-state-C0773K/world_state with map sizes {"archiveTreeMapSizeKb":10485760,"nullifierTreeMapSizeKb":10485760,"noteHashTreeMapSizeKb":10485760,"messageTreeMapSizeKb":10485760,"publicDataTreeMapSizeKb":10485760} and 2 threads (ephemeral=true).
[15:56:42.235] INFO: txe_node Aztec Node version: txe
[15:56:42.235] INFO: txe_node Aztec Node started on chain 0x1
[15:56:42.257] INFO: txe:top_level_context Created block 1 with timestamp 1789657002
[15:56:42.340] INFO: txe:top_level_context Created block 2 with timestamp 1789657002
[15:56:42.497] INFO: simulator:public-processor Processed 1 successful txs and 0 failed txs (0 silently skipped, 0ms wasted) in 0.10236945900000864s {"blockNumber":3,"successfulCount":1,"failedCount":0,"duration":0.10236945900000864,"rate":56430111.64100723,"totalPublicGas":{"daGas":5792,"l2Gas":5776720},"totalBlockGas":{"daGas":5792,"l2Gas":5776720},"totalSizeInBytes":5920,"silentlySkippedCount":0,"silentlySkippedDurationMs":0}
[15:56:42.755] INFO: simulator:public-processor Processed 1 successful txs and 0 failed txs (0 silently skipped, 0ms wasted) in 0.026022292000008745s {"blockNumber":4,"successfulCount":1,"failedCount":0,"duration":0.026022292000008745,"rate":43834224.902234465,"totalPublicGas":{"daGas":192,"l2Gas":1140667},"totalBlockGas":{"daGas":320,"l2Gas":1731467},"totalSizeInBytes":320,"silentlySkippedCount":0,"silentlySkippedDurationMs":0}
[15:56:42.802] INFO: txe:top_level_context Created block 5 with timestamp 1789657002
[15:56:43.047] INFO: simulator:public-processor Processed 1 successful txs and 0 failed txs (0 silently skipped, 0ms wasted) in 0.005492624999955296s {"blockNumber":6,"successfulCount":1,"failedCount":0,"duration":0.005492624999955296,"rate":0,"totalPublicGas":{"daGas":0,"l2Gas":0},"totalBlockGas":{"daGas":1984,"l2Gas":529900},"totalSizeInBytes":1984,"silentlySkippedCount":0,"silentlySkippedDurationMs":0}
[15:56:43.090] INFO: txe:top_level_context Created block 7 with timestamp 1789660603
[15:56:43.124] INFO: kv-store:lmdb-v2 Starting data store with maxReaders 2
[15:56:43.125] INFO: world-state:database Creating world state data store at directory /var/folders/ym/q1vh2x5n58xbsmpmvs5_6w3r0000gn/T/aztec-world-state-sQt04a/world_state with map sizes {"archiveTreeMapSizeKb":10485760,"nullifierTreeMapSizeKb":10485760,"noteHashTreeMapSizeKb":10485760,"messageTreeMapSizeKb":10485760,"publicDataTreeMapSizeKb":10485760} and 2 threads (ephemeral=true).
[15:56:43.139] INFO: txe_node Aztec Node version: txe
[15:56:43.139] INFO: txe_node Aztec Node started on chain 0x1
[15:56:43.164] INFO: txe:top_level_context Created block 1 with timestamp 1789657003
[15:56:43.228] INFO: txe:top_level_context Created block 2 with timestamp 1789657003
[15:56:43.577] INFO: simulator:public-processor Processed 1 successful txs and 0 failed txs (0 silently skipped, 0ms wasted) in 0.2904467500000028s {"blockNumber":3,"successfulCount":1,"failedCount":0,"duration":0.2904467500000028,"rate":19889084.66009671,"totalPublicGas":{"daGas":5792,"l2Gas":5776720},"totalBlockGas":{"daGas":5792,"l2Gas":5776720},"totalSizeInBytes":5920,"silentlySkippedCount":0,"silentlySkippedDurationMs":0}
[15:56:43.796] INFO: simulator:public-processor Processed 1 successful txs and 0 failed txs (0 silently skipped, 0ms wasted) in 0.04551124999998137s {"blockNumber":8,"successfulCount":1,"failedCount":0,"duration":0.04551124999998137,"rate":45266126.507200815,"totalPublicGas":{"daGas":3840,"l2Gas":2060118},"totalBlockGas":{"daGas":5216,"l2Gas":2786868},"totalSizeInBytes":5216,"silentlySkippedCount":0,"silentlySkippedDurationMs":0}
[15:56:43.974] INFO: simulator:public-processor Processed 1 successful txs and 0 failed txs (0 silently skipped, 0ms wasted) in 0.020487583000038286s {"blockNumber":4,"successfulCount":1,"failedCount":0,"duration":0.020487583000038286,"rate":55676016.053131714,"totalPublicGas":{"daGas":192,"l2Gas":1140667},"totalBlockGas":{"daGas":320,"l2Gas":1731467},"totalSizeInBytes":320,"silentlySkippedCount":0,"silentlySkippedDurationMs":0}
[15:56:44.028] INFO: txe:top_level_context Created block 5 with timestamp 1789657003
[15:56:44.351] INFO: simulator:public-processor Processed 1 successful txs and 0 failed txs (0 silently skipped, 0ms wasted) in 0.009541874999995344s {"blockNumber":6,"successfulCount":1,"failedCount":0,"duration":0.009541874999995344,"rate":0,"totalPublicGas":{"daGas":0,"l2Gas":0},"totalBlockGas":{"daGas":1984,"l2Gas":529900},"totalSizeInBytes":1984,"silentlySkippedCount":0,"silentlySkippedDurationMs":0}
[15:56:44.403] INFO: txe:top_level_context Created block 7 with timestamp 1789660604
[15:56:44.486] INFO: txe:top_level_context Created block 9 with timestamp 1789660603
[15:56:45.123] INFO: simulator:public-processor Processed 1 successful txs and 0 failed txs (0 silently skipped, 0ms wasted) in 0.06877704200003064s {"blockNumber":8,"successfulCount":1,"failedCount":0,"duration":0.06877704200003064,"rate":29953570.844164573,"totalPublicGas":{"daGas":3840,"l2Gas":2060118},"totalBlockGas":{"daGas":5216,"l2Gas":2786868},"totalSizeInBytes":5216,"silentlySkippedCount":0,"silentlySkippedDurationMs":0}
[15:56:45.138] INFO: simulator:public-processor Processed 1 successful txs and 0 failed txs (0 silently skipped, 0ms wasted) in 0.005489791000029072s {"blockNumber":10,"successfulCount":1,"failedCount":0,"duration":0.005489791000029072,"rate":0,"totalPublicGas":{"daGas":0,"l2Gas":0},"totalBlockGas":{"daGas":832,"l2Gas":499700},"totalSizeInBytes":832,"silentlySkippedCount":0,"silentlySkippedDurationMs":0}
[15:56:45.835] INFO: txe:top_level_context Created block 10 with timestamp 1789664205
[15:56:45.862] INFO: txe:top_level_context Created block 11 with timestamp 1789664204
[billboard_test] Testing c02::c02_head_cannot_have_duplicate_grandchild ... [0m[32mok[0m
[15:56:46.782] INFO: simulator:public-processor Processed 1 successful txs and 0 failed txs (0 silently skipped, 0ms wasted) in 0.043606499999994414s {"blockNumber":12,"successfulCount":1,"failedCount":0,"duration":0.043606499999994414,"rate":47243369.68113157,"totalPublicGas":{"daGas":3840,"l2Gas":2060118},"totalBlockGas":{"daGas":5216,"l2Gas":2786868},"totalSizeInBytes":5216,"silentlySkippedCount":0,"silentlySkippedDurationMs":0}
[billboard_test] Testing c02::c02_first_receipt_rejects_second_receipt_history ... [0m[32mok[0m
[15:56:49.364] INFO: kv-store:lmdb-v2 Starting data store with maxReaders 2
[15:56:49.365] INFO: world-state:database Creating world state data store at directory /var/folders/ym/q1vh2x5n58xbsmpmvs5_6w3r0000gn/T/aztec-world-state-zTiqc8/world_state with map sizes {"archiveTreeMapSizeKb":10485760,"nullifierTreeMapSizeKb":10485760,"noteHashTreeMapSizeKb":10485760,"messageTreeMapSizeKb":10485760,"publicDataTreeMapSizeKb":10485760} and 2 threads (ephemeral=true).
[15:56:49.381] INFO: txe_node Aztec Node version: txe
[15:56:49.381] INFO: txe_node Aztec Node started on chain 0x1
[15:56:49.399] INFO: txe:top_level_context Created block 1 with timestamp 1789657009
[15:56:49.453] INFO: txe:top_level_context Created block 2 with timestamp 1789657009
[15:56:49.586] INFO: simulator:public-processor Processed 1 successful txs and 0 failed txs (0 silently skipped, 0ms wasted) in 0.09024337500002003s {"blockNumber":3,"successfulCount":1,"failedCount":0,"duration":0.09024337500002003,"rate":64012676.83083349,"totalPublicGas":{"daGas":5792,"l2Gas":5776720},"totalBlockGas":{"daGas":5792,"l2Gas":5776720},"totalSizeInBytes":5920,"silentlySkippedCount":0,"silentlySkippedDurationMs":0}
[15:56:49.757] INFO: simulator:public-processor Processed 1 successful txs and 0 failed txs (0 silently skipped, 0ms wasted) in 0.02051745899999514s {"blockNumber":4,"successfulCount":1,"failedCount":0,"duration":0.02051745899999514,"rate":55594944.77363255,"totalPublicGas":{"daGas":192,"l2Gas":1140667},"totalBlockGas":{"daGas":320,"l2Gas":1731467},"totalSizeInBytes":320,"silentlySkippedCount":0,"silentlySkippedDurationMs":0}
[15:56:49.798] INFO: txe:top_level_context Created block 5 with timestamp 1789657009
[15:56:50.031] INFO: simulator:public-processor Processed 1 successful txs and 0 failed txs (0 silently skipped, 0ms wasted) in 0.0055652920000138694s {"blockNumber":6,"successfulCount":1,"failedCount":0,"duration":0.0055652920000138694,"rate":0,"totalPublicGas":{"daGas":0,"l2Gas":0},"totalBlockGas":{"daGas":1984,"l2Gas":529900},"totalSizeInBytes":1984,"silentlySkippedCount":0,"silentlySkippedDurationMs":0}
[15:56:50.072] INFO: txe:top_level_context Created block 7 with timestamp 1789660610
[15:56:50.675] INFO: simulator:public-processor Processed 1 successful txs and 0 failed txs (0 silently skipped, 0ms wasted) in 0.043265583999978846s {"blockNumber":8,"successfulCount":1,"failedCount":0,"duration":0.043265583999978846,"rate":47615629.087567784,"totalPublicGas":{"daGas":3840,"l2Gas":2060118},"totalBlockGas":{"daGas":5216,"l2Gas":2786868},"totalSizeInBytes":5216,"silentlySkippedCount":0,"silentlySkippedDurationMs":0}
[15:56:50.754] INFO: kv-store:lmdb-v2 Starting data store with maxReaders 2
[15:56:50.764] INFO: world-state:database Creating world state data store at directory /var/folders/ym/q1vh2x5n58xbsmpmvs5_6w3r0000gn/T/aztec-world-state-Sp6WH6/world_state with map sizes {"archiveTreeMapSizeKb":10485760,"nullifierTreeMapSizeKb":10485760,"noteHashTreeMapSizeKb":10485760,"messageTreeMapSizeKb":10485760,"publicDataTreeMapSizeKb":10485760} and 2 threads (ephemeral=true).
[15:56:50.798] INFO: txe_node Aztec Node version: txe
[15:56:50.798] INFO: txe_node Aztec Node started on chain 0x1
[15:56:50.834] INFO: txe:top_level_context Created block 1 with timestamp 1789657010
[15:56:50.966] INFO: txe:top_level_context Created block 2 with timestamp 1789657010
[15:56:51.135] INFO: simulator:public-processor Processed 1 successful txs and 0 failed txs (0 silently skipped, 0ms wasted) in 0.11273050000000512s {"blockNumber":3,"successfulCount":1,"failedCount":0,"duration":0.11273050000000512,"rate":51243629.718662985,"totalPublicGas":{"daGas":5792,"l2Gas":5776720},"totalBlockGas":{"daGas":5792,"l2Gas":5776720},"totalSizeInBytes":5920,"silentlySkippedCount":0,"silentlySkippedDurationMs":0}
[15:56:51.337] INFO: simulator:public-processor Processed 1 successful txs and 0 failed txs (0 silently skipped, 0ms wasted) in 0.02549520800000755s {"blockNumber":4,"successfulCount":1,"failedCount":0,"duration":0.02549520800000755,"rate":44740446.910637565,"totalPublicGas":{"daGas":192,"l2Gas":1140667},"totalBlockGas":{"daGas":320,"l2Gas":1731467},"totalSizeInBytes":320,"silentlySkippedCount":0,"silentlySkippedDurationMs":0}
[15:56:51.382] INFO: txe:top_level_context Created block 5 with timestamp 1789657010
[15:56:51.409] INFO: txe:top_level_context Created block 9 with timestamp 1789660610
[15:56:51.592] INFO: txe:top_level_context Created block 12 with timestamp 1789664211
[15:56:51.692] INFO: simulator:public-processor Processed 1 successful txs and 0 failed txs (0 silently skipped, 0ms wasted) in 0.005727374999958556s {"blockNumber":6,"successfulCount":1,"failedCount":0,"duration":0.005727374999958556,"rate":0,"totalPublicGas":{"daGas":0,"l2Gas":0},"totalBlockGas":{"daGas":1984,"l2Gas":529900},"totalSizeInBytes":1984,"silentlySkippedCount":0,"silentlySkippedDurationMs":0}
[15:56:51.749] INFO: txe:top_level_context Created block 7 with timestamp 1789660611
[billboard_test] Testing c02::c02_included_foreign_contract_rejected ... [0m[32mok[0m
[15:56:52.641] INFO: simulator:public-processor Processed 1 successful txs and 0 failed txs (0 silently skipped, 0ms wasted) in 0.04321920900000259s {"blockNumber":8,"successfulCount":1,"failedCount":0,"duration":0.04321920900000259,"rate":47666721.526529476,"totalPublicGas":{"daGas":3840,"l2Gas":2060118},"totalBlockGas":{"daGas":5216,"l2Gas":2786868},"totalSizeInBytes":5216,"silentlySkippedCount":0,"silentlySkippedDurationMs":0}
[15:56:53.193] INFO: txe:top_level_context Created block 11 with timestamp 1789664212
[billboard_test] Testing c02::c02_included_future_child_timestamp_rejected ... [0m[32mok[0m
[15:56:55.175] INFO: kv-store:lmdb-v2 Starting data store with maxReaders 2
[15:56:55.176] INFO: world-state:database Creating world state data store at directory /var/folders/ym/q1vh2x5n58xbsmpmvs5_6w3r0000gn/T/aztec-world-state-Wg94LT/world_state with map sizes {"archiveTreeMapSizeKb":10485760,"nullifierTreeMapSizeKb":10485760,"noteHashTreeMapSizeKb":10485760,"messageTreeMapSizeKb":10485760,"publicDataTreeMapSizeKb":10485760} and 2 threads (ephemeral=true).
[15:56:55.189] INFO: txe_node Aztec Node version: txe
[15:56:55.189] INFO: txe_node Aztec Node started on chain 0x1
[15:56:55.207] INFO: txe:top_level_context Created block 1 with timestamp 1789657015
[15:56:55.260] INFO: txe:top_level_context Created block 2 with timestamp 1789657015
[15:56:55.392] INFO: simulator:public-processor Processed 1 successful txs and 0 failed txs (0 silently skipped, 0ms wasted) in 0.08960620900004869s {"blockNumber":3,"successfulCount":1,"failedCount":0,"duration":0.08960620900004869,"rate":64467854.0077157,"totalPublicGas":{"daGas":5792,"l2Gas":5776720},"totalBlockGas":{"daGas":5792,"l2Gas":5776720},"totalSizeInBytes":5920,"silentlySkippedCount":0,"silentlySkippedDurationMs":0}
[15:56:55.559] INFO: simulator:public-processor Processed 1 successful txs and 0 failed txs (0 silently skipped, 0ms wasted) in 0.01997274999995716s {"blockNumber":4,"successfulCount":1,"failedCount":0,"duration":0.01997274999995716,"rate":57111163.96101922,"totalPublicGas":{"daGas":192,"l2Gas":1140667},"totalBlockGas":{"daGas":320,"l2Gas":1731467},"totalSizeInBytes":320,"silentlySkippedCount":0,"silentlySkippedDurationMs":0}
[15:56:55.600] INFO: txe:top_level_context Created block 5 with timestamp 1789657015
[15:56:55.825] INFO: simulator:public-processor Processed 1 successful txs and 0 failed txs (0 silently skipped, 0ms wasted) in 0.005573291000036989s {"blockNumber":6,"successfulCount":1,"failedCount":0,"duration":0.005573291000036989,"rate":0,"totalPublicGas":{"daGas":0,"l2Gas":0},"totalBlockGas":{"daGas":1984,"l2Gas":529900},"totalSizeInBytes":1984,"silentlySkippedCount":0,"silentlySkippedDurationMs":0}
[15:56:55.867] INFO: txe:top_level_context Created block 7 with timestamp 1789658816
[15:56:56.477] INFO: simulator:public-processor Processed 1 successful txs and 0 failed txs (0 silently skipped, 0ms wasted) in 0.04265379200002644s {"blockNumber":8,"successfulCount":1,"failedCount":0,"duration":0.04265379200002644,"rate":48298589.724419415,"totalPublicGas":{"daGas":3840,"l2Gas":2060118},"totalBlockGas":{"daGas":5216,"l2Gas":2786868},"totalSizeInBytes":5216,"silentlySkippedCount":0,"silentlySkippedDurationMs":0}
[15:56:56.645] INFO: kv-store:lmdb-v2 Starting data store with maxReaders 2
[15:56:56.646] INFO: world-state:database Creating world state data store at directory /var/folders/ym/q1vh2x5n58xbsmpmvs5_6w3r0000gn/T/aztec-world-state-vK2nj5/world_state with map sizes {"archiveTreeMapSizeKb":10485760,"nullifierTreeMapSizeKb":10485760,"noteHashTreeMapSizeKb":10485760,"messageTreeMapSizeKb":10485760,"publicDataTreeMapSizeKb":10485760} and 2 threads (ephemeral=true).
[15:56:56.672] INFO: txe_node Aztec Node version: txe
[15:56:56.672] INFO: txe_node Aztec Node started on chain 0x1
[15:56:56.692] INFO: txe:top_level_context Created block 1 with timestamp 1789657016
[15:56:56.746] INFO: txe:top_level_context Created block 2 with timestamp 1789657016
[15:56:56.900] INFO: simulator:public-processor Processed 1 successful txs and 0 failed txs (0 silently skipped, 0ms wasted) in 0.09820720799994888s {"blockNumber":3,"successfulCount":1,"failedCount":0,"duration":0.09820720799994888,"rate":58821751.65801483,"totalPublicGas":{"daGas":5792,"l2Gas":5776720},"totalBlockGas":{"daGas":5792,"l2Gas":5776720},"totalSizeInBytes":5920,"silentlySkippedCount":0,"silentlySkippedDurationMs":0}
[15:56:57.050] INFO: txe:top_level_context Created block 9 with timestamp 1789660615
[15:56:57.153] INFO: simulator:public-processor Processed 1 successful txs and 0 failed txs (0 silently skipped, 0ms wasted) in 0.021753792000003158s {"blockNumber":4,"successfulCount":1,"failedCount":0,"duration":0.021753792000003158,"rate":52435317.943641014,"totalPublicGas":{"daGas":192,"l2Gas":1140667},"totalBlockGas":{"daGas":320,"l2Gas":1731467},"totalSizeInBytes":320,"silentlySkippedCount":0,"silentlySkippedDurationMs":0}
[15:56:57.201] INFO: txe:top_level_context Created block 5 with timestamp 1789657016
[15:56:57.701] INFO: simulator:public-processor Processed 1 successful txs and 0 failed txs (0 silently skipped, 0ms wasted) in 0.044548332999984265s {"blockNumber":10,"successfulCount":1,"failedCount":0,"duration":0.044548332999984265,"rate":46244558.690910555,"totalPublicGas":{"daGas":3840,"l2Gas":2060118},"totalBlockGas":{"daGas":5216,"l2Gas":2786868},"totalSizeInBytes":5216,"silentlySkippedCount":0,"silentlySkippedDurationMs":0}
[15:56:57.975] INFO: simulator:public-processor Processed 1 successful txs and 0 failed txs (0 silently skipped, 0ms wasted) in 0.0058034580000094135s {"blockNumber":6,"successfulCount":1,"failedCount":0,"duration":0.0058034580000094135,"rate":0,"totalPublicGas":{"daGas":0,"l2Gas":0},"totalBlockGas":{"daGas":1984,"l2Gas":529900},"totalSizeInBytes":1984,"silentlySkippedCount":0,"silentlySkippedDurationMs":0}
[15:56:58.019] INFO: txe:top_level_context Created block 7 with timestamp 1789658817
[15:56:58.756] INFO: simulator:public-processor Processed 1 successful txs and 0 failed txs (0 silently skipped, 0ms wasted) in 0.07490837499999907s {"blockNumber":8,"successfulCount":1,"failedCount":0,"duration":0.07490837499999907,"rate":27501838.07885334,"totalPublicGas":{"daGas":3840,"l2Gas":2060118},"totalBlockGas":{"daGas":5216,"l2Gas":2786868},"totalSizeInBytes":5216,"silentlySkippedCount":0,"silentlySkippedDurationMs":0}
[15:56:59.099] INFO: txe:top_level_context Created block 14 with timestamp 1789664217
[billboard_test] Testing c02::c02_included_grandchild_cannot_precede_child_time ... [0m[32mok[0m
[15:57:00.480] INFO: txe:top_level_context Created block 9 with timestamp 1789660616
[15:57:01.134] INFO: simulator:public-processor Processed 1 successful txs and 0 failed txs (0 silently skipped, 0ms wasted) in 0.04297541600000113s {"blockNumber":10,"successfulCount":1,"failedCount":0,"duration":0.04297541600000113,"rate":47937127.58940939,"totalPublicGas":{"daGas":3840,"l2Gas":2060118},"totalBlockGas":{"daGas":5216,"l2Gas":2786868},"totalSizeInBytes":5216,"silentlySkippedCount":0,"silentlySkippedDurationMs":0}
[15:57:01.719] INFO: txe:top_level_context Created block 14 with timestamp 1789664218
[billboard_test] Testing c02::c02_included_grandchild_sequence_gap_rejected ... [0m[32mok[0m
[15:57:03.449] INFO: kv-store:lmdb-v2 Starting data store with maxReaders 2
[15:57:03.450] INFO: world-state:database Creating world state data store at directory /var/folders/ym/q1vh2x5n58xbsmpmvs5_6w3r0000gn/T/aztec-world-state-tll3KZ/world_state with map sizes {"archiveTreeMapSizeKb":10485760,"nullifierTreeMapSizeKb":10485760,"noteHashTreeMapSizeKb":10485760,"messageTreeMapSizeKb":10485760,"publicDataTreeMapSizeKb":10485760} and 2 threads (ephemeral=true).
[15:57:03.463] INFO: txe_node Aztec Node version: txe
[15:57:03.464] INFO: txe_node Aztec Node started on chain 0x1
[15:57:03.481] INFO: txe:top_level_context Created block 1 with timestamp 1789657023
[15:57:03.535] INFO: txe:top_level_context Created block 2 with timestamp 1789657023
[15:57:03.668] INFO: simulator:public-processor Processed 1 successful txs and 0 failed txs (0 silently skipped, 0ms wasted) in 0.09024187500000698s {"blockNumber":3,"successfulCount":1,"failedCount":0,"duration":0.09024187500000698,"rate":64013740.84924048,"totalPublicGas":{"daGas":5792,"l2Gas":5776720},"totalBlockGas":{"daGas":5792,"l2Gas":5776720},"totalSizeInBytes":5920,"silentlySkippedCount":0,"silentlySkippedDurationMs":0}
[15:57:03.839] INFO: simulator:public-processor Processed 1 successful txs and 0 failed txs (0 silently skipped, 0ms wasted) in 0.02042204200004926s {"blockNumber":4,"successfulCount":1,"failedCount":0,"duration":0.02042204200004926,"rate":55854698.56526828,"totalPublicGas":{"daGas":192,"l2Gas":1140667},"totalBlockGas":{"daGas":320,"l2Gas":1731467},"totalSizeInBytes":320,"silentlySkippedCount":0,"silentlySkippedDurationMs":0}
[15:57:03.881] INFO: txe:top_level_context Created block 5 with timestamp 1789657023
[15:57:04.113] INFO: simulator:public-processor Processed 1 successful txs and 0 failed txs (0 silently skipped, 0ms wasted) in 0.005602375000016764s {"blockNumber":6,"successfulCount":1,"failedCount":0,"duration":0.005602375000016764,"rate":0,"totalPublicGas":{"daGas":0,"l2Gas":0},"totalBlockGas":{"daGas":1984,"l2Gas":529900},"totalSizeInBytes":1984,"silentlySkippedCount":0,"silentlySkippedDurationMs":0}
[15:57:04.155] INFO: txe:top_level_context Created block 7 with timestamp 1789660624
[15:57:04.758] INFO: simulator:public-processor Processed 1 successful txs and 0 failed txs (0 silently skipped, 0ms wasted) in 0.04256966699997429s {"blockNumber":8,"successfulCount":1,"failedCount":0,"duration":0.04256966699997429,"rate":48394036.06331345,"totalPublicGas":{"daGas":3840,"l2Gas":2060118},"totalBlockGas":{"daGas":5216,"l2Gas":2786868},"totalSizeInBytes":5216,"silentlySkippedCount":0,"silentlySkippedDurationMs":0}
[15:57:05.179] INFO: kv-store:lmdb-v2 Starting data store with maxReaders 2
[15:57:05.180] INFO: world-state:database Creating world state data store at directory /var/folders/ym/q1vh2x5n58xbsmpmvs5_6w3r0000gn/T/aztec-world-state-na8cUS/world_state with map sizes {"archiveTreeMapSizeKb":10485760,"nullifierTreeMapSizeKb":10485760,"noteHashTreeMapSizeKb":10485760,"messageTreeMapSizeKb":10485760,"publicDataTreeMapSizeKb":10485760} and 2 threads (ephemeral=true).
[15:57:05.199] INFO: txe_node Aztec Node version: txe
[15:57:05.199] INFO: txe_node Aztec Node started on chain 0x1
[15:57:05.226] INFO: txe:top_level_context Created block 1 with timestamp 1789657025
[15:57:05.284] INFO: txe:top_level_context Created block 2 with timestamp 1789657025
[15:57:05.338] INFO: txe:top_level_context Created block 11 with timestamp 1789664225
[15:57:05.418] INFO: simulator:public-processor Processed 1 successful txs and 0 failed txs (0 silently skipped, 0ms wasted) in 0.09126054200000362s {"blockNumber":3,"successfulCount":1,"failedCount":0,"duration":0.09126054200000362,"rate":63299207.66852087,"totalPublicGas":{"daGas":5792,"l2Gas":5776720},"totalBlockGas":{"daGas":5792,"l2Gas":5776720},"totalSizeInBytes":5920,"silentlySkippedCount":0,"silentlySkippedDurationMs":0}
[billboard_test] Testing c02::c02_included_other_chain_rejected ... [0m[32mok[0m
[15:57:05.898] INFO: simulator:public-processor Processed 1 successful txs and 0 failed txs (0 silently skipped, 0ms wasted) in 0.019934834000014234s {"blockNumber":4,"successfulCount":1,"failedCount":0,"duration":0.019934834000014234,"rate":57219789.23923749,"totalPublicGas":{"daGas":192,"l2Gas":1140667},"totalBlockGas":{"daGas":320,"l2Gas":1731467},"totalSizeInBytes":320,"silentlySkippedCount":0,"silentlySkippedDurationMs":0}
[15:57:05.940] INFO: txe:top_level_context Created block 5 with timestamp 1789657025
[15:57:06.173] INFO: simulator:public-processor Processed 1 successful txs and 0 failed txs (0 silently skipped, 0ms wasted) in 0.005509959000046365s {"blockNumber":6,"successfulCount":1,"failedCount":0,"duration":0.005509959000046365,"rate":0,"totalPublicGas":{"daGas":0,"l2Gas":0},"totalBlockGas":{"daGas":1984,"l2Gas":529900},"totalSizeInBytes":1984,"silentlySkippedCount":0,"silentlySkippedDurationMs":0}
[15:57:06.216] INFO: txe:top_level_context Created block 7 with timestamp 1789660626
[15:57:06.820] INFO: simulator:public-processor Processed 1 successful txs and 0 failed txs (0 silently skipped, 0ms wasted) in 0.04252216699998826s {"blockNumber":8,"successfulCount":1,"failedCount":0,"duration":0.04252216699998826,"rate":48448095.319332354,"totalPublicGas":{"daGas":3840,"l2Gas":2060118},"totalBlockGas":{"daGas":5216,"l2Gas":2786868},"totalSizeInBytes":5216,"silentlySkippedCount":0,"silentlySkippedDurationMs":0}
[15:57:07.420] INFO: txe:top_level_context Created block 11 with timestamp 1789664227
[billboard_test] Testing c02::c02_included_same_content_different_head_rejected ... [0m[32mok[0m
[15:57:08.833] INFO: kv-store:lmdb-v2 Starting data store with maxReaders 2
[15:57:08.835] INFO: world-state:database Creating world state data store at directory /var/folders/ym/q1vh2x5n58xbsmpmvs5_6w3r0000gn/T/aztec-world-state-ZqCSbj/world_state with map sizes {"archiveTreeMapSizeKb":10485760,"nullifierTreeMapSizeKb":10485760,"noteHashTreeMapSizeKb":10485760,"messageTreeMapSizeKb":10485760,"publicDataTreeMapSizeKb":10485760} and 2 threads (ephemeral=true).
[15:57:08.848] INFO: txe_node Aztec Node version: txe
[15:57:08.848] INFO: txe_node Aztec Node started on chain 0x1
[15:57:08.868] INFO: txe:top_level_context Created block 1 with timestamp 1789657028
[15:57:08.923] INFO: txe:top_level_context Created block 2 with timestamp 1789657028
[15:57:09.056] INFO: simulator:public-processor Processed 1 successful txs and 0 failed txs (0 silently skipped, 0ms wasted) in 0.09058150000002933s {"blockNumber":3,"successfulCount":1,"failedCount":0,"duration":0.09058150000002933,"rate":63773728.6311016,"totalPublicGas":{"daGas":5792,"l2Gas":5776720},"totalBlockGas":{"daGas":5792,"l2Gas":5776720},"totalSizeInBytes":5920,"silentlySkippedCount":0,"silentlySkippedDurationMs":0}
[15:57:09.229] INFO: simulator:public-processor Processed 1 successful txs and 0 failed txs (0 silently skipped, 0ms wasted) in 0.020417874999984632s {"blockNumber":4,"successfulCount":1,"failedCount":0,"duration":0.020417874999984632,"rate":55866097.72078919,"totalPublicGas":{"daGas":192,"l2Gas":1140667},"totalBlockGas":{"daGas":320,"l2Gas":1731467},"totalSizeInBytes":320,"silentlySkippedCount":0,"silentlySkippedDurationMs":0}
[15:57:09.271] INFO: txe:top_level_context Created block 5 with timestamp 1789657028
[15:57:09.505] INFO: simulator:public-processor Processed 1 successful txs and 0 failed txs (0 silently skipped, 0ms wasted) in 0.005710083000012673s {"blockNumber":6,"successfulCount":1,"failedCount":0,"duration":0.005710083000012673,"rate":0,"totalPublicGas":{"daGas":0,"l2Gas":0},"totalBlockGas":{"daGas":1984,"l2Gas":529900},"totalSizeInBytes":1984,"silentlySkippedCount":0,"silentlySkippedDurationMs":0}
[15:57:09.548] INFO: txe:top_level_context Created block 7 with timestamp 1789660629
[15:57:10.157] INFO: simulator:public-processor Processed 1 successful txs and 0 failed txs (0 silently skipped, 0ms wasted) in 0.04230466699996032s {"blockNumber":8,"successfulCount":1,"failedCount":0,"duration":0.04230466699996032,"rate":48697180.38442265,"totalPublicGas":{"daGas":3840,"l2Gas":2060118},"totalBlockGas":{"daGas":5216,"l2Gas":2786868},"totalSizeInBytes":5216,"silentlySkippedCount":0,"silentlySkippedDurationMs":0}
[15:57:10.711] INFO: txe:top_level_context Created block 11 with timestamp 1789664230
[15:57:11.055] INFO: kv-store:lmdb-v2 Starting data store with maxReaders 2
[15:57:11.158] INFO: world-state:database Creating world state data store at directory /var/folders/ym/q1vh2x5n58xbsmpmvs5_6w3r0000gn/T/aztec-world-state-OHRSUB/world_state with map sizes {"archiveTreeMapSizeKb":10485760,"nullifierTreeMapSizeKb":10485760,"noteHashTreeMapSizeKb":10485760,"messageTreeMapSizeKb":10485760,"publicDataTreeMapSizeKb":10485760} and 2 threads (ephemeral=true).
[15:57:11.173] INFO: txe_node Aztec Node version: txe
[15:57:11.173] INFO: txe_node Aztec Node started on chain 0x1
[15:57:11.193] INFO: txe:top_level_context Created block 1 with timestamp 1789657031
[billboard_test] Testing c02::c02_included_sequence_gap_rejected ... [0m[32mok[0m
[15:57:11.251] INFO: txe:top_level_context Created block 2 with timestamp 1789657031
[15:57:11.384] INFO: simulator:public-processor Processed 1 successful txs and 0 failed txs (0 silently skipped, 0ms wasted) in 0.08913316600001417s {"blockNumber":3,"successfulCount":1,"failedCount":0,"duration":0.08913316600001417,"rate":64809994.5198747,"totalPublicGas":{"daGas":5792,"l2Gas":5776720},"totalBlockGas":{"daGas":5792,"l2Gas":5776720},"totalSizeInBytes":5920,"silentlySkippedCount":0,"silentlySkippedDurationMs":0}
[15:57:11.556] INFO: simulator:public-processor Processed 1 successful txs and 0 failed txs (0 silently skipped, 0ms wasted) in 0.020746417000016663s {"blockNumber":4,"successfulCount":1,"failedCount":0,"duration":0.020746417000016663,"rate":54981397.51066817,"totalPublicGas":{"daGas":192,"l2Gas":1140667},"totalBlockGas":{"daGas":320,"l2Gas":1731467},"totalSizeInBytes":320,"silentlySkippedCount":0,"silentlySkippedDurationMs":0}
[15:57:11.598] INFO: txe:top_level_context Created block 5 with timestamp 1789657031
[15:57:11.836] INFO: simulator:public-processor Processed 1 successful txs and 0 failed txs (0 silently skipped, 0ms wasted) in 0.005791666999983135s {"blockNumber":6,"successfulCount":1,"failedCount":0,"duration":0.005791666999983135,"rate":0,"totalPublicGas":{"daGas":0,"l2Gas":0},"totalBlockGas":{"daGas":1984,"l2Gas":529900},"totalSizeInBytes":1984,"silentlySkippedCount":0,"silentlySkippedDurationMs":0}
[15:57:11.879] INFO: txe:top_level_context Created block 7 with timestamp 1789660632
[15:57:12.483] INFO: simulator:public-processor Processed 1 successful txs and 0 failed txs (0 silently skipped, 0ms wasted) in 0.043003874999994876s {"blockNumber":8,"successfulCount":1,"failedCount":0,"duration":0.043003874999994876,"rate":47905403.87349385,"totalPublicGas":{"daGas":3840,"l2Gas":2060118},"totalBlockGas":{"daGas":5216,"l2Gas":2786868},"totalSizeInBytes":5216,"silentlySkippedCount":0,"silentlySkippedDurationMs":0}
[15:57:13.042] INFO: txe:top_level_context Created block 11 with timestamp 1789664233
[billboard_test] Testing c02::c02_included_wrong_owner_rejected ... [0m[32mok[0m
[15:57:14.194] INFO: kv-store:lmdb-v2 Starting data store with maxReaders 2
[15:57:14.196] INFO: world-state:database Creating world state data store at directory /var/folders/ym/q1vh2x5n58xbsmpmvs5_6w3r0000gn/T/aztec-world-state-aNH9aZ/world_state with map sizes {"archiveTreeMapSizeKb":10485760,"nullifierTreeMapSizeKb":10485760,"noteHashTreeMapSizeKb":10485760,"messageTreeMapSizeKb":10485760,"publicDataTreeMapSizeKb":10485760} and 2 threads (ephemeral=true).
[15:57:14.210] INFO: txe_node Aztec Node version: txe
[15:57:14.210] INFO: txe_node Aztec Node started on chain 0x1
[15:57:14.228] INFO: txe:top_level_context Created block 1 with timestamp 1789657034
[15:57:14.286] INFO: txe:top_level_context Created block 2 with timestamp 1789657034
[15:57:14.419] INFO: simulator:public-processor Processed 1 successful txs and 0 failed txs (0 silently skipped, 0ms wasted) in 0.08869466699997429s {"blockNumber":3,"successfulCount":1,"failedCount":0,"duration":0.08869466699997429,"rate":65130409.70097644,"totalPublicGas":{"daGas":5792,"l2Gas":5776720},"totalBlockGas":{"daGas":5792,"l2Gas":5776720},"totalSizeInBytes":5920,"silentlySkippedCount":0,"silentlySkippedDurationMs":0}
[15:57:14.594] INFO: simulator:public-processor Processed 1 successful txs and 0 failed txs (0 silently skipped, 0ms wasted) in 0.02022162500000559s {"blockNumber":4,"successfulCount":1,"failedCount":0,"duration":0.02022162500000559,"rate":56408275.79384371,"totalPublicGas":{"daGas":192,"l2Gas":1140667},"totalBlockGas":{"daGas":320,"l2Gas":1731467},"totalSizeInBytes":320,"silentlySkippedCount":0,"silentlySkippedDurationMs":0}
[15:57:14.635] INFO: txe:top_level_context Created block 5 with timestamp 1789657034
[15:57:14.868] INFO: simulator:public-processor Processed 1 successful txs and 0 failed txs (0 silently skipped, 0ms wasted) in 0.005428958999982569s {"blockNumber":6,"successfulCount":1,"failedCount":0,"duration":0.005428958999982569,"rate":0,"totalPublicGas":{"daGas":0,"l2Gas":0},"totalBlockGas":{"daGas":1984,"l2Gas":529900},"totalSizeInBytes":1984,"silentlySkippedCount":0,"silentlySkippedDurationMs":0}
[15:57:14.910] INFO: txe:top_level_context Created block 7 with timestamp 1789660635
[15:57:15.528] INFO: simulator:public-processor Processed 1 successful txs and 0 failed txs (0 silently skipped, 0ms wasted) in 0.04343691699998453s {"blockNumber":8,"successfulCount":1,"failedCount":0,"duration":0.04343691699998453,"rate":47427813.5347574,"totalPublicGas":{"daGas":3840,"l2Gas":2060118},"totalBlockGas":{"daGas":5216,"l2Gas":2786868},"totalSizeInBytes":5216,"silentlySkippedCount":0,"silentlySkippedDurationMs":0}
[15:57:16.084] INFO: txe:top_level_context Created block 11 with timestamp 1789664236
[billboard_test] Testing c02::c02_included_wrong_schema_rejected ... [0m[32mok[0m
[15:57:16.501] INFO: kv-store:lmdb-v2 Starting data store with maxReaders 2
[15:57:16.502] INFO: world-state:database Creating world state data store at directory /var/folders/ym/q1vh2x5n58xbsmpmvs5_6w3r0000gn/T/aztec-world-state-UItgnm/world_state with map sizes {"archiveTreeMapSizeKb":10485760,"nullifierTreeMapSizeKb":10485760,"noteHashTreeMapSizeKb":10485760,"messageTreeMapSizeKb":10485760,"publicDataTreeMapSizeKb":10485760} and 2 threads (ephemeral=true).
[15:57:16.516] INFO: txe_node Aztec Node version: txe
[15:57:16.516] INFO: txe_node Aztec Node started on chain 0x1
[15:57:16.540] INFO: txe:top_level_context Created block 1 with timestamp 1789657036
[15:57:16.594] INFO: txe:top_level_context Created block 2 with timestamp 1789657036
[15:57:16.727] INFO: simulator:public-processor Processed 1 successful txs and 0 failed txs (0 silently skipped, 0ms wasted) in 0.09090450000000419s {"blockNumber":3,"successfulCount":1,"failedCount":0,"duration":0.09090450000000419,"rate":63547129.13001814,"totalPublicGas":{"daGas":5792,"l2Gas":5776720},"totalBlockGas":{"daGas":5792,"l2Gas":5776720},"totalSizeInBytes":5920,"silentlySkippedCount":0,"silentlySkippedDurationMs":0}
[15:57:16.903] INFO: simulator:public-processor Processed 1 successful txs and 0 failed txs (0 silently skipped, 0ms wasted) in 0.02036183299997356s {"blockNumber":4,"successfulCount":1,"failedCount":0,"duration":0.02036183299997356,"rate":56019858.33011602,"totalPublicGas":{"daGas":192,"l2Gas":1140667},"totalBlockGas":{"daGas":320,"l2Gas":1731467},"totalSizeInBytes":320,"silentlySkippedCount":0,"silentlySkippedDurationMs":0}
[15:57:16.945] INFO: txe:top_level_context Created block 5 with timestamp 1789657036
[15:57:17.175] INFO: simulator:public-processor Processed 1 successful txs and 0 failed txs (0 silently skipped, 0ms wasted) in 0.005552708000002894s {"blockNumber":6,"successfulCount":1,"failedCount":0,"duration":0.005552708000002894,"rate":0,"totalPublicGas":{"daGas":0,"l2Gas":0},"totalBlockGas":{"daGas":1984,"l2Gas":529900},"totalSizeInBytes":1984,"silentlySkippedCount":0,"silentlySkippedDurationMs":0}
[15:57:17.217] INFO: txe:top_level_context Created block 7 with timestamp 1789660637
[15:57:17.817] INFO: simulator:public-processor Processed 1 successful txs and 0 failed txs (0 silently skipped, 0ms wasted) in 0.04254916699999012s {"blockNumber":8,"successfulCount":1,"failedCount":0,"duration":0.04254916699999012,"rate":48417352.095294334,"totalPublicGas":{"daGas":3840,"l2Gas":2060118},"totalBlockGas":{"daGas":5216,"l2Gas":2786868},"totalSizeInBytes":5216,"silentlySkippedCount":0,"silentlySkippedDurationMs":0}
[15:57:18.363] INFO: txe:top_level_context Created block 11 with timestamp 1789664238
[billboard_test] Testing c02::c02_included_wrong_slot_rejected ... [0m[32mok[0m
[15:57:19.432] INFO: kv-store:lmdb-v2 Starting data store with maxReaders 2
[15:57:19.433] INFO: world-state:database Creating world state data store at directory /var/folders/ym/q1vh2x5n58xbsmpmvs5_6w3r0000gn/T/aztec-world-state-xzhPIB/world_state with map sizes {"archiveTreeMapSizeKb":10485760,"nullifierTreeMapSizeKb":10485760,"noteHashTreeMapSizeKb":10485760,"messageTreeMapSizeKb":10485760,"publicDataTreeMapSizeKb":10485760} and 2 threads (ephemeral=true).
[15:57:19.447] INFO: txe_node Aztec Node version: txe
[15:57:19.447] INFO: txe_node Aztec Node started on chain 0x1
[15:57:19.465] INFO: txe:top_level_context Created block 1 with timestamp 1789657039
[15:57:19.519] INFO: txe:top_level_context Created block 2 with timestamp 1789657039
[15:57:19.651] INFO: simulator:public-processor Processed 1 successful txs and 0 failed txs (0 silently skipped, 0ms wasted) in 0.08958004100003746s {"blockNumber":3,"successfulCount":1,"failedCount":0,"duration":0.08958004100003746,"rate":64486686.26974154,"totalPublicGas":{"daGas":5792,"l2Gas":5776720},"totalBlockGas":{"daGas":5792,"l2Gas":5776720},"totalSizeInBytes":5920,"silentlySkippedCount":0,"silentlySkippedDurationMs":0}
[15:57:19.829] INFO: simulator:public-processor Processed 1 successful txs and 0 failed txs (0 silently skipped, 0ms wasted) in 0.020661999999952968s {"blockNumber":4,"successfulCount":1,"failedCount":0,"duration":0.020661999999952968,"rate":55206030.394085586,"totalPublicGas":{"daGas":192,"l2Gas":1140667},"totalBlockGas":{"daGas":320,"l2Gas":1731467},"totalSizeInBytes":320,"silentlySkippedCount":0,"silentlySkippedDurationMs":0}
[15:57:19.872] INFO: txe:top_level_context Created block 5 with timestamp 1789657039
[15:57:20.104] INFO: simulator:public-processor Processed 1 successful txs and 0 failed txs (0 silently skipped, 0ms wasted) in 0.005796875s {"blockNumber":6,"successfulCount":1,"failedCount":0,"duration":0.005796875,"rate":0,"totalPublicGas":{"daGas":0,"l2Gas":0},"totalBlockGas":{"daGas":1984,"l2Gas":529900},"totalSizeInBytes":1984,"silentlySkippedCount":0,"silentlySkippedDurationMs":0}
[15:57:20.146] INFO: txe:top_level_context Created block 7 with timestamp 1789658840
[15:57:20.710] INFO: simulator:public-processor Processed 1 successful txs and 0 failed txs (0 silently skipped, 0ms wasted) in 0.0056432500000228175s {"blockNumber":8,"successfulCount":1,"failedCount":0,"duration":0.0056432500000228175,"rate":0,"totalPublicGas":{"daGas":0,"l2Gas":0},"totalBlockGas":{"daGas":1440,"l2Gas":527400},"totalSizeInBytes":1440,"silentlySkippedCount":0,"silentlySkippedDurationMs":0}
[15:57:21.208] INFO: simulator:public-processor Processed 1 successful txs and 0 failed txs (0 silently skipped, 0ms wasted) in 0.006424500000022817s {"blockNumber":10,"successfulCount":1,"failedCount":0,"duration":0.006424500000022817,"rate":1698809.245849675,"totalPublicGas":{"daGas":0,"l2Gas":10914},"totalBlockGas":{"daGas":0,"l2Gas":10914},"totalSizeInBytes":128,"silentlySkippedCount":0,"silentlySkippedDurationMs":0}
[15:57:21.229] INFO: simulator:public-processor Processed 1 successful txs and 0 failed txs (0 silently skipped, 0ms wasted) in 0.00620604199997615s {"blockNumber":10,"successfulCount":1,"failedCount":0,"duration":0.00620604199997615,"rate":1516425.4447578934,"totalPublicGas":{"daGas":0,"l2Gas":9411},"totalBlockGas":{"daGas":0,"l2Gas":9411},"totalSizeInBytes":128,"silentlySkippedCount":0,"silentlySkippedDurationMs":0}
[15:57:21.651] INFO: txe:top_level_context Created block 10 with timestamp 1789660639
[15:57:21.700] INFO: kv-store:lmdb-v2 Starting data store with maxReaders 2
[15:57:21.701] INFO: world-state:database Creating world state data store at directory /var/folders/ym/q1vh2x5n58xbsmpmvs5_6w3r0000gn/T/aztec-world-state-ZDhkm2/world_state with map sizes {"archiveTreeMapSizeKb":10485760,"nullifierTreeMapSizeKb":10485760,"noteHashTreeMapSizeKb":10485760,"messageTreeMapSizeKb":10485760,"publicDataTreeMapSizeKb":10485760} and 2 threads (ephemeral=true).
[15:57:21.719] INFO: txe_node Aztec Node version: txe
[15:57:21.719] INFO: txe_node Aztec Node started on chain 0x1
[15:57:21.737] INFO: txe:top_level_context Created block 1 with timestamp 1789657041
[15:57:21.809] INFO: txe:top_level_context Created block 2 with timestamp 1789657041
[15:57:22.248] INFO: simulator:public-processor Processed 1 successful txs and 0 failed txs (0 silently skipped, 0ms wasted) in 0.1029948340000119s {"blockNumber":3,"successfulCount":1,"failedCount":0,"duration":0.1029948340000119,"rate":56087473.28044951,"totalPublicGas":{"daGas":5792,"l2Gas":5776720},"totalBlockGas":{"daGas":5792,"l2Gas":5776720},"totalSizeInBytes":5920,"silentlySkippedCount":0,"silentlySkippedDurationMs":0}
[15:57:22.299] INFO: simulator:public-processor Processed 1 successful txs and 0 failed txs (0 silently skipped, 0ms wasted) in 0.0424491670000134s {"blockNumber":11,"successfulCount":1,"failedCount":0,"duration":0.0424491670000134,"rate":48531411.70000697,"totalPublicGas":{"daGas":3840,"l2Gas":2060118},"totalBlockGas":{"daGas":5216,"l2Gas":2786868},"totalSizeInBytes":5216,"silentlySkippedCount":0,"silentlySkippedDurationMs":0}
[15:57:22.575] INFO: simulator:public-processor Processed 1 successful txs and 0 failed txs (0 silently skipped, 0ms wasted) in 0.022520875000045636s {"blockNumber":4,"successfulCount":1,"failedCount":0,"duration":0.022520875000045636,"rate":50649319.79764057,"totalPublicGas":{"daGas":192,"l2Gas":1140667},"totalBlockGas":{"daGas":320,"l2Gas":1731467},"totalSizeInBytes":320,"silentlySkippedCount":0,"silentlySkippedDurationMs":0}
[15:57:22.636] INFO: txe:top_level_context Created block 5 with timestamp 1789657041
[15:57:22.897] INFO: simulator:public-processor Processed 1 successful txs and 0 failed txs (0 silently skipped, 0ms wasted) in 0.008513875000004192s {"blockNumber":6,"successfulCount":1,"failedCount":0,"duration":0.008513875000004192,"rate":0,"totalPublicGas":{"daGas":0,"l2Gas":0},"totalBlockGas":{"daGas":1984,"l2Gas":529900},"totalSizeInBytes":1984,"silentlySkippedCount":0,"silentlySkippedDurationMs":0}
[15:57:22.944] INFO: txe:top_level_context Created block 7 with timestamp 1789660642
[billboard_test] Testing c02::c02_included_young_dummy_advances_without_publication_or_penalty ... [0m[32mok[0m
[15:57:23.554] INFO: simulator:public-processor Processed 1 successful txs and 0 failed txs (0 silently skipped, 0ms wasted) in 0.04248037499998463s {"blockNumber":8,"successfulCount":1,"failedCount":0,"duration":0.04248037499998463,"rate":48495758.335484214,"totalPublicGas":{"daGas":3840,"l2Gas":2060118},"totalBlockGas":{"daGas":5216,"l2Gas":2786868},"totalSizeInBytes":5216,"silentlySkippedCount":0,"silentlySkippedDurationMs":0}
[15:57:24.439] INFO: txe:top_level_context Created block 10 with timestamp 1789664243
[billboard_test] Testing c02::c02_matching_included_child_advances_exactly_one ... [0m[32mok[0m
[15:57:25.029] INFO: simulator:public-processor Processed 1 successful txs and 0 failed txs (0 silently skipped, 0ms wasted) in 0.04300454100000206s {"blockNumber":11,"successfulCount":1,"failedCount":0,"duration":0.04300454100000206,"rate":47904661.97511331,"totalPublicGas":{"daGas":3840,"l2Gas":2060118},"totalBlockGas":{"daGas":5216,"l2Gas":2786868},"totalSizeInBytes":5216,"silentlySkippedCount":0,"silentlySkippedDurationMs":0}
[15:57:25.878] INFO: kv-store:lmdb-v2 Starting data store with maxReaders 2
[15:57:25.879] INFO: world-state:database Creating world state data store at directory /var/folders/ym/q1vh2x5n58xbsmpmvs5_6w3r0000gn/T/aztec-world-state-N2dC8N/world_state with map sizes {"archiveTreeMapSizeKb":10485760,"nullifierTreeMapSizeKb":10485760,"noteHashTreeMapSizeKb":10485760,"messageTreeMapSizeKb":10485760,"publicDataTreeMapSizeKb":10485760} and 2 threads (ephemeral=true).
[15:57:25.892] INFO: txe_node Aztec Node version: txe
[15:57:25.892] INFO: txe_node Aztec Node started on chain 0x1
[15:57:25.910] INFO: txe:top_level_context Created block 1 with timestamp 1789657045
[15:57:25.963] INFO: txe:top_level_context Created block 2 with timestamp 1789657045
[15:57:26.094] INFO: simulator:public-processor Processed 1 successful txs and 0 failed txs (0 silently skipped, 0ms wasted) in 0.08906949999998323s {"blockNumber":3,"successfulCount":1,"failedCount":0,"duration":0.08906949999998323,"rate":64856320.064680815,"totalPublicGas":{"daGas":5792,"l2Gas":5776720},"totalBlockGas":{"daGas":5792,"l2Gas":5776720},"totalSizeInBytes":5920,"silentlySkippedCount":0,"silentlySkippedDurationMs":0}
[15:57:26.264] INFO: simulator:public-processor Processed 1 successful txs and 0 failed txs (0 silently skipped, 0ms wasted) in 0.020395790999988093s {"blockNumber":4,"successfulCount":1,"failedCount":0,"duration":0.020395790999988093,"rate":55926587.99066268,"totalPublicGas":{"daGas":192,"l2Gas":1140667},"totalBlockGas":{"daGas":320,"l2Gas":1731467},"totalSizeInBytes":320,"silentlySkippedCount":0,"silentlySkippedDurationMs":0}
[15:57:26.305] INFO: txe:top_level_context Created block 5 with timestamp 1789657045
[15:57:26.534] INFO: simulator:public-processor Processed 1 successful txs and 0 failed txs (0 silently skipped, 0ms wasted) in 0.005535250000015366s {"blockNumber":6,"successfulCount":1,"failedCount":0,"duration":0.005535250000015366,"rate":0,"totalPublicGas":{"daGas":0,"l2Gas":0},"totalBlockGas":{"daGas":1984,"l2Gas":529900},"totalSizeInBytes":1984,"silentlySkippedCount":0,"silentlySkippedDurationMs":0}
[15:57:26.576] INFO: txe:top_level_context Created block 7 with timestamp 1789660646
[15:57:27.179] INFO: simulator:public-processor Processed 1 successful txs and 0 failed txs (0 silently skipped, 0ms wasted) in 0.042692375000042374s {"blockNumber":8,"successfulCount":1,"failedCount":0,"duration":0.042692375000042374,"rate":48254940.13856,"totalPublicGas":{"daGas":3840,"l2Gas":2060118},"totalBlockGas":{"daGas":5216,"l2Gas":2786868},"totalSizeInBytes":5216,"silentlySkippedCount":0,"silentlySkippedDurationMs":0}
[15:57:27.651] INFO: txe:top_level_context Created block 9 with timestamp 1789664247
[15:57:28.199] INFO: simulator:public-processor Processed 1 successful txs and 0 failed txs (0 silently skipped, 0ms wasted) in 0.005740875000017695s {"blockNumber":10,"successfulCount":1,"failedCount":0,"duration":0.005740875000017695,"rate":0,"totalPublicGas":{"daGas":0,"l2Gas":0},"totalBlockGas":{"daGas":1440,"l2Gas":527400},"totalSizeInBytes":1440,"silentlySkippedCount":0,"silentlySkippedDurationMs":0}
[15:57:28.407] INFO: kv-store:lmdb-v2 Starting data store with maxReaders 2
[15:57:28.408] INFO: world-state:database Creating world state data store at directory /var/folders/ym/q1vh2x5n58xbsmpmvs5_6w3r0000gn/T/aztec-world-state-V4q3SC/world_state with map sizes {"archiveTreeMapSizeKb":10485760,"nullifierTreeMapSizeKb":10485760,"noteHashTreeMapSizeKb":10485760,"messageTreeMapSizeKb":10485760,"publicDataTreeMapSizeKb":10485760} and 2 threads (ephemeral=true).
[15:57:28.423] INFO: txe_node Aztec Node version: txe
[15:57:28.423] INFO: txe_node Aztec Node started on chain 0x1
[15:57:28.441] INFO: txe:top_level_context Created block 1 with timestamp 1789657048
[15:57:28.531] INFO: txe:top_level_context Created block 2 with timestamp 1789657048
[15:57:28.681] INFO: simulator:public-processor Processed 1 successful txs and 0 failed txs (0 silently skipped, 0ms wasted) in 0.09718529200000921s {"blockNumber":3,"successfulCount":1,"failedCount":0,"duration":0.09718529200000921,"rate":59440270.03591709,"totalPublicGas":{"daGas":5792,"l2Gas":5776720},"totalBlockGas":{"daGas":5792,"l2Gas":5776720},"totalSizeInBytes":5920,"silentlySkippedCount":0,"silentlySkippedDurationMs":0}
[15:57:28.723] INFO: txe:top_level_context Created block 11 with timestamp 1789667846
[15:57:28.921] INFO: simulator:public-processor Processed 1 successful txs and 0 failed txs (0 silently skipped, 0ms wasted) in 0.024783417000027837s {"blockNumber":4,"successfulCount":1,"failedCount":0,"duration":0.024783417000027837,"rate":46025412.87985909,"totalPublicGas":{"daGas":192,"l2Gas":1140667},"totalBlockGas":{"daGas":320,"l2Gas":1731467},"totalSizeInBytes":320,"silentlySkippedCount":0,"silentlySkippedDurationMs":0}
[15:57:28.955] INFO: simulator:public-processor Processed 1 successful txs and 0 failed txs (0 silently skipped, 0ms wasted) in 0.005268999999971129s {"blockNumber":12,"successfulCount":1,"failedCount":0,"duration":0.005268999999971129,"rate":0,"totalPublicGas":{"daGas":0,"l2Gas":0},"totalBlockGas":{"daGas":256,"l2Gas":477200},"totalSizeInBytes":256,"silentlySkippedCount":0,"silentlySkippedDurationMs":0}
[15:57:28.972] INFO: txe:top_level_context Created block 5 with timestamp 1789657048
[15:57:29.330] INFO: simulator:public-processor Processed 1 successful txs and 0 failed txs (0 silently skipped, 0ms wasted) in 0.006051084000035189s {"blockNumber":6,"successfulCount":1,"failedCount":0,"duration":0.006051084000035189,"rate":0,"totalPublicGas":{"daGas":0,"l2Gas":0},"totalBlockGas":{"daGas":1984,"l2Gas":529900},"totalSizeInBytes":1984,"silentlySkippedCount":0,"silentlySkippedDurationMs":0}
[15:57:29.487] INFO: txe:top_level_context Created block 9 with timestamp 1789660649
[15:57:29.658] INFO: txe:top_level_context Created block 14 with timestamp 1789667846
[billboard_test] Testing c02::c02_no_history_rejects_included_unused_hint ... [0m[32mok[0m
[15:57:30.181] INFO: simulator:public-processor Processed 1 successful txs and 0 failed txs (0 silently skipped, 0ms wasted) in 0.005488125000032596s {"blockNumber":15,"successfulCount":1,"failedCount":0,"duration":0.005488125000032596,"rate":0,"totalPublicGas":{"daGas":0,"l2Gas":0},"totalBlockGas":{"daGas":832,"l2Gas":499700},"totalSizeInBytes":832,"silentlySkippedCount":0,"silentlySkippedDurationMs":0}
[15:57:30.646] INFO: txe:top_level_context Created block 16 with timestamp 1789671447
[15:57:31.234] INFO: simulator:public-processor Processed 1 successful txs and 0 failed txs (0 silently skipped, 0ms wasted) in 0.04329375000001164s {"blockNumber":17,"successfulCount":1,"failedCount":0,"duration":0.04329375000001164,"rate":47584651.364214145,"totalPublicGas":{"daGas":3840,"l2Gas":2060118},"totalBlockGas":{"daGas":5216,"l2Gas":2786868},"totalSizeInBytes":5216,"silentlySkippedCount":0,"silentlySkippedDurationMs":0}
[15:57:32.168] INFO: txe:top_level_context Created block 20 with timestamp 1789675048
[15:57:32.760] INFO: simulator:public-processor Processed 1 successful txs and 0 failed txs (0 silently skipped, 0ms wasted) in 0.042742084000026805s {"blockNumber":21,"successfulCount":1,"failedCount":0,"duration":0.042742084000026805,"rate":48198819.69252384,"totalPublicGas":{"daGas":3840,"l2Gas":2060118},"totalBlockGas":{"daGas":5216,"l2Gas":2786868},"totalSizeInBytes":5216,"silentlySkippedCount":0,"silentlySkippedDurationMs":0}
[15:57:32.938] INFO: kv-store:lmdb-v2 Starting data store with maxReaders 2
[15:57:32.939] INFO: world-state:database Creating world state data store at directory /var/folders/ym/q1vh2x5n58xbsmpmvs5_6w3r0000gn/T/aztec-world-state-YbijSp/world_state with map sizes {"archiveTreeMapSizeKb":10485760,"nullifierTreeMapSizeKb":10485760,"noteHashTreeMapSizeKb":10485760,"messageTreeMapSizeKb":10485760,"publicDataTreeMapSizeKb":10485760} and 2 threads (ephemeral=true).
[15:57:32.952] INFO: txe_node Aztec Node version: txe
[15:57:32.952] INFO: txe_node Aztec Node started on chain 0x1
[15:57:32.970] INFO: txe:top_level_context Created block 1 with timestamp 1789657052
[15:57:33.024] INFO: txe:top_level_context Created block 2 with timestamp 1789657052
[15:57:33.184] INFO: simulator:public-processor Processed 1 successful txs and 0 failed txs (0 silently skipped, 0ms wasted) in 0.0981828749999986s {"blockNumber":3,"successfulCount":1,"failedCount":0,"duration":0.0981828749999986,"rate":58836329.65524876,"totalPublicGas":{"daGas":5792,"l2Gas":5776720},"totalBlockGas":{"daGas":5792,"l2Gas":5776720},"totalSizeInBytes":5920,"silentlySkippedCount":0,"silentlySkippedDurationMs":0}
[billboard_test] Testing c02::c02_new_cycle_screens_new_history_after_old_right_burn ... [0m[32mok[0m
[15:57:33.392] INFO: simulator:public-processor Processed 1 successful txs and 0 failed txs (0 silently skipped, 0ms wasted) in 0.02019195799995214s {"blockNumber":4,"successfulCount":1,"failedCount":0,"duration":0.02019195799995214,"rate":56491153.55740655,"totalPublicGas":{"daGas":192,"l2Gas":1140667},"totalBlockGas":{"daGas":320,"l2Gas":1731467},"totalSizeInBytes":320,"silentlySkippedCount":0,"silentlySkippedDurationMs":0}
[15:57:33.433] INFO: txe:top_level_context Created block 5 with timestamp 1789657052
[15:57:33.659] INFO: simulator:public-processor Processed 1 successful txs and 0 failed txs (0 silently skipped, 0ms wasted) in 0.005448375000036322s {"blockNumber":6,"successfulCount":1,"failedCount":0,"duration":0.005448375000036322,"rate":0,"totalPublicGas":{"daGas":0,"l2Gas":0},"totalBlockGas":{"daGas":1984,"l2Gas":529900},"totalSizeInBytes":1984,"silentlySkippedCount":0,"silentlySkippedDurationMs":0}
[15:57:33.701] INFO: txe:top_level_context Created block 7 with timestamp 1789660653
[15:57:34.303] INFO: simulator:public-processor Processed 1 successful txs and 0 failed txs (0 silently skipped, 0ms wasted) in 0.042308084000018426s {"blockNumber":8,"successfulCount":1,"failedCount":0,"duration":0.042308084000018426,"rate":48693247.3708595,"totalPublicGas":{"daGas":3840,"l2Gas":2060118},"totalBlockGas":{"daGas":5216,"l2Gas":2786868},"totalSizeInBytes":5216,"silentlySkippedCount":0,"silentlySkippedDurationMs":0}
[15:57:34.771] INFO: txe:top_level_context Created block 9 with timestamp 1789660653
[15:57:34.983] INFO: simulator:public-processor Processed 1 successful txs and 0 failed txs (0 silently skipped, 0ms wasted) in 0.005651583999977447s {"blockNumber":10,"successfulCount":1,"failedCount":0,"duration":0.005651583999977447,"rate":0,"totalPublicGas":{"daGas":0,"l2Gas":0},"totalBlockGas":{"daGas":832,"l2Gas":499700},"totalSizeInBytes":832,"silentlySkippedCount":0,"silentlySkippedDurationMs":0}
[15:57:35.439] INFO: txe:top_level_context Created block 11 with timestamp 1789664254
[15:57:36.021] INFO: simulator:public-processor Processed 1 successful txs and 0 failed txs (0 silently skipped, 0ms wasted) in 0.04280970799998613s {"blockNumber":12,"successfulCount":1,"failedCount":0,"duration":0.04280970799998613,"rate":48122682.82700427,"totalPublicGas":{"daGas":3840,"l2Gas":2060118},"totalBlockGas":{"daGas":5216,"l2Gas":2786868},"totalSizeInBytes":5216,"silentlySkippedCount":0,"silentlySkippedDurationMs":0}
[15:57:36.243] INFO: kv-store:lmdb-v2 Starting data store with maxReaders 2
[15:57:36.244] INFO: world-state:database Creating world state data store at directory /var/folders/ym/q1vh2x5n58xbsmpmvs5_6w3r0000gn/T/aztec-world-state-v7Rlyh/world_state with map sizes {"archiveTreeMapSizeKb":10485760,"nullifierTreeMapSizeKb":10485760,"noteHashTreeMapSizeKb":10485760,"messageTreeMapSizeKb":10485760,"publicDataTreeMapSizeKb":10485760} and 2 threads (ephemeral=true).
[15:57:36.257] INFO: txe_node Aztec Node version: txe
[15:57:36.257] INFO: txe_node Aztec Node started on chain 0x1
[15:57:36.280] INFO: txe:top_level_context Created block 1 with timestamp 1789657056
[15:57:36.384] INFO: txe:top_level_context Created block 2 with timestamp 1789657056
[15:57:36.520] INFO: simulator:public-processor Processed 1 successful txs and 0 failed txs (0 silently skipped, 0ms wasted) in 0.0925954170000041s {"blockNumber":3,"successfulCount":1,"failedCount":0,"duration":0.0925954170000041,"rate":62386672.98187927,"totalPublicGas":{"daGas":5792,"l2Gas":5776720},"totalBlockGas":{"daGas":5792,"l2Gas":5776720},"totalSizeInBytes":5920,"silentlySkippedCount":0,"silentlySkippedDurationMs":0}
[15:57:36.839] INFO: simulator:public-processor Processed 1 successful txs and 0 failed txs (0 silently skipped, 0ms wasted) in 0.021922333000053185s {"blockNumber":4,"successfulCount":1,"failedCount":0,"duration":0.021922333000053185,"rate":52032190.186930954,"totalPublicGas":{"daGas":192,"l2Gas":1140667},"totalBlockGas":{"daGas":320,"l2Gas":1731467},"totalSizeInBytes":320,"silentlySkippedCount":0,"silentlySkippedDurationMs":0}
[15:57:36.901] INFO: txe:top_level_context Created block 5 with timestamp 1789657056
[15:57:37.178] INFO: simulator:public-processor Processed 1 successful txs and 0 failed txs (0 silently skipped, 0ms wasted) in 0.008759499999985565s {"blockNumber":6,"successfulCount":1,"failedCount":0,"duration":0.008759499999985565,"rate":0,"totalPublicGas":{"daGas":0,"l2Gas":0},"totalBlockGas":{"daGas":1984,"l2Gas":529900},"totalSizeInBytes":1984,"silentlySkippedCount":0,"silentlySkippedDurationMs":0}
[15:57:37.193] INFO: txe:top_level_context Created block 15 with timestamp 1789667855
[15:57:37.222] INFO: txe:top_level_context Created block 7 with timestamp 1789660657
[billboard_test] Testing c02::c02_second_receipt_rejects_first_receipt_history ... [0m[32mok[0m
[15:57:38.152] INFO: simulator:public-processor Processed 1 successful txs and 0 failed txs (0 silently skipped, 0ms wasted) in 0.042990915999980645s {"blockNumber":8,"successfulCount":1,"failedCount":0,"duration":0.042990915999980645,"rate":47919844.27596117,"totalPublicGas":{"daGas":3840,"l2Gas":2060118},"totalBlockGas":{"daGas":5216,"l2Gas":2786868},"totalSizeInBytes":5216,"silentlySkippedCount":0,"silentlySkippedDurationMs":0}
[15:57:38.621] INFO: txe:top_level_context Created block 9 with timestamp 1789660657
[15:57:38.837] INFO: simulator:public-processor Processed 1 successful txs and 0 failed txs (0 silently skipped, 0ms wasted) in 0.005537041000032332s {"blockNumber":10,"successfulCount":1,"failedCount":0,"duration":0.005537041000032332,"rate":0,"totalPublicGas":{"daGas":0,"l2Gas":0},"totalBlockGas":{"daGas":832,"l2Gas":499700},"totalSizeInBytes":832,"silentlySkippedCount":0,"silentlySkippedDurationMs":0}
[15:57:39.295] INFO: txe:top_level_context Created block 11 with timestamp 1789664258
[15:57:39.883] INFO: simulator:public-processor Processed 1 successful txs and 0 failed txs (0 silently skipped, 0ms wasted) in 0.04179729199997382s {"blockNumber":12,"successfulCount":1,"failedCount":0,"duration":0.04179729199997382,"rate":49288312.745268054,"totalPublicGas":{"daGas":3840,"l2Gas":2060118},"totalBlockGas":{"daGas":5216,"l2Gas":2786868},"totalSizeInBytes":5216,"silentlySkippedCount":0,"silentlySkippedDurationMs":0}
[15:57:40.642] INFO: kv-store:lmdb-v2 Starting data store with maxReaders 2
[15:57:40.644] INFO: world-state:database Creating world state data store at directory /var/folders/ym/q1vh2x5n58xbsmpmvs5_6w3r0000gn/T/aztec-world-state-X6y1GI/world_state with map sizes {"archiveTreeMapSizeKb":10485760,"nullifierTreeMapSizeKb":10485760,"noteHashTreeMapSizeKb":10485760,"messageTreeMapSizeKb":10485760,"publicDataTreeMapSizeKb":10485760} and 2 threads (ephemeral=true).
[15:57:40.671] INFO: txe_node Aztec Node version: txe
[15:57:40.671] INFO: txe_node Aztec Node started on chain 0x1
[15:57:40.695] INFO: txe:top_level_context Created block 1 with timestamp 1789657060
[15:57:40.755] INFO: txe:top_level_context Created block 2 with timestamp 1789657060
[15:57:41.108] INFO: simulator:public-processor Processed 1 successful txs and 0 failed txs (0 silently skipped, 0ms wasted) in 0.2895696670000325s {"blockNumber":3,"successfulCount":1,"failedCount":0,"duration":0.2895696670000325,"rate":19949327.081967294,"totalPublicGas":{"daGas":5792,"l2Gas":5776720},"totalBlockGas":{"daGas":5792,"l2Gas":5776720},"totalSizeInBytes":5920,"silentlySkippedCount":0,"silentlySkippedDurationMs":0}
[15:57:41.345] INFO: simulator:public-processor Processed 1 successful txs and 0 failed txs (0 silently skipped, 0ms wasted) in 0.05027341700001853s {"blockNumber":15,"successfulCount":1,"failedCount":0,"duration":0.05027341700001853,"rate":40978276.84955731,"totalPublicGas":{"daGas":3840,"l2Gas":2060118},"totalBlockGas":{"daGas":5216,"l2Gas":2786868},"totalSizeInBytes":5216,"silentlySkippedCount":0,"silentlySkippedDurationMs":0}
[15:57:41.457] INFO: simulator:public-processor Processed 1 successful txs and 0 failed txs (0 silently skipped, 0ms wasted) in 0.04962079200003063s {"blockNumber":4,"successfulCount":1,"failedCount":0,"duration":0.04962079200003063,"rate":22987682.260277018,"totalPublicGas":{"daGas":192,"l2Gas":1140667},"totalBlockGas":{"daGas":320,"l2Gas":1731467},"totalSizeInBytes":320,"silentlySkippedCount":0,"silentlySkippedDurationMs":0}
[15:57:41.522] INFO: txe:top_level_context Created block 5 with timestamp 1789657060
[15:57:41.835] INFO: simulator:public-processor Processed 1 successful txs and 0 failed txs (0 silently skipped, 0ms wasted) in 0.005750665999948978s {"blockNumber":6,"successfulCount":1,"failedCount":0,"duration":0.005750665999948978,"rate":0,"totalPublicGas":{"daGas":0,"l2Gas":0},"totalBlockGas":{"daGas":1984,"l2Gas":529900},"totalSizeInBytes":1984,"silentlySkippedCount":0,"silentlySkippedDurationMs":0}
[15:57:41.884] INFO: txe:top_level_context Created block 7 with timestamp 1789658861
[15:57:42.014] INFO: txe:top_level_context Created block 16 with timestamp 1789667859
[15:57:42.940] INFO: simulator:public-processor Processed 1 successful txs and 0 failed txs (0 silently skipped, 0ms wasted) in 0.3714707499999786s {"blockNumber":8,"successfulCount":1,"failedCount":0,"duration":0.3714707499999786,"rate":5545841.765469068,"totalPublicGas":{"daGas":3840,"l2Gas":2060118},"totalBlockGas":{"daGas":5216,"l2Gas":2786868},"totalSizeInBytes":5216,"silentlySkippedCount":0,"silentlySkippedDurationMs":0}
[15:57:43.475] INFO: simulator:public-processor Processed 1 successful txs and 0 failed txs (0 silently skipped, 0ms wasted) in 0.08240395800000988s {"blockNumber":17,"successfulCount":1,"failedCount":0,"duration":0.08240395800000988,"rate":25000231.17821298,"totalPublicGas":{"daGas":3840,"l2Gas":2060118},"totalBlockGas":{"daGas":5216,"l2Gas":2786868},"totalSizeInBytes":5216,"silentlySkippedCount":0,"silentlySkippedDurationMs":0}
[15:57:44.364] INFO: txe:top_level_context Created block 9 with timestamp 1789660660
[billboard_test] Testing c02::c02_two_authentic_receipts_screen_only_their_own_history ... [0m[32mok[0m
[15:57:45.449] INFO: simulator:public-processor Processed 1 successful txs and 0 failed txs (0 silently skipped, 0ms wasted) in 0.08328933299996424s {"blockNumber":10,"successfulCount":1,"failedCount":0,"duration":0.08328933299996424,"rate":24734475.90222489,"totalPublicGas":{"daGas":3840,"l2Gas":2060118},"totalBlockGas":{"daGas":5216,"l2Gas":2786868},"totalSizeInBytes":5216,"silentlySkippedCount":0,"silentlySkippedDurationMs":0}
[15:57:46.545] INFO: txe:top_level_context Created block 13 with timestamp 1789662460
[15:57:47.573] INFO: simulator:public-processor Processed 1 successful txs and 0 failed txs (0 silently skipped, 0ms wasted) in 0.08058400000003166s {"blockNumber":14,"successfulCount":1,"failedCount":0,"duration":0.08058400000003166,"rate":25564851.583430838,"totalPublicGas":{"daGas":3840,"l2Gas":2060118},"totalBlockGas":{"daGas":5216,"l2Gas":2786868},"totalSizeInBytes":5216,"silentlySkippedCount":0,"silentlySkippedDurationMs":0}
[billboard_test] Testing c02::c02_valid_young_pair_remains_unscreened ... [0m[32mok[0m
[15:57:49.049] INFO: kv-store:lmdb-v2 Starting data store with maxReaders 2
[15:57:49.052] INFO: world-state:database Creating world state data store at directory /var/folders/ym/q1vh2x5n58xbsmpmvs5_6w3r0000gn/T/aztec-world-state-mL3nkz/world_state with map sizes {"archiveTreeMapSizeKb":10485760,"nullifierTreeMapSizeKb":10485760,"noteHashTreeMapSizeKb":10485760,"messageTreeMapSizeKb":10485760,"publicDataTreeMapSizeKb":10485760} and 2 threads (ephemeral=true).
[15:57:49.085] INFO: txe_node Aztec Node version: txe
[15:57:49.085] INFO: txe_node Aztec Node started on chain 0x1
[15:57:49.111] INFO: txe:top_level_context Created block 1 with timestamp 1789657069
[15:57:49.207] INFO: txe:top_level_context Created block 2 with timestamp 1789657069
[15:57:49.419] INFO: simulator:public-processor Processed 1 successful txs and 0 failed txs (0 silently skipped, 0ms wasted) in 0.14184483299998102s {"blockNumber":3,"successfulCount":1,"failedCount":0,"duration":0.14184483299998102,"rate":40725628.6875164,"totalPublicGas":{"daGas":5792,"l2Gas":5776720},"totalBlockGas":{"daGas":5792,"l2Gas":5776720},"totalSizeInBytes":5920,"silentlySkippedCount":0,"silentlySkippedDurationMs":0}
[15:57:49.600] INFO: simulator:public-processor Processed 1 successful txs and 0 failed txs (0 silently skipped, 0ms wasted) in 0.020685167000046932s {"blockNumber":4,"successfulCount":1,"failedCount":0,"duration":0.020685167000046932,"rate":55144200.672753185,"totalPublicGas":{"daGas":192,"l2Gas":1140667},"totalBlockGas":{"daGas":320,"l2Gas":1731467},"totalSizeInBytes":320,"silentlySkippedCount":0,"silentlySkippedDurationMs":0}
[15:57:49.642] INFO: txe:top_level_context Created block 5 with timestamp 1789657069
[15:57:49.874] INFO: simulator:public-processor Processed 1 successful txs and 0 failed txs (0 silently skipped, 0ms wasted) in 0.00599308399995789s {"blockNumber":6,"successfulCount":1,"failedCount":0,"duration":0.00599308399995789,"rate":0,"totalPublicGas":{"daGas":0,"l2Gas":0},"totalBlockGas":{"daGas":1984,"l2Gas":529900},"totalSizeInBytes":1984,"silentlySkippedCount":0,"silentlySkippedDurationMs":0}
[15:57:49.917] INFO: txe:top_level_context Created block 7 with timestamp 1789660670
[15:57:50.524] INFO: simulator:public-processor Processed 1 successful txs and 0 failed txs (0 silently skipped, 0ms wasted) in 0.04204725000000326s {"blockNumber":8,"successfulCount":1,"failedCount":0,"duration":0.04204725000000326,"rate":48995308.848969676,"totalPublicGas":{"daGas":3840,"l2Gas":2060118},"totalBlockGas":{"daGas":5216,"l2Gas":2786868},"totalSizeInBytes":5216,"silentlySkippedCount":0,"silentlySkippedDurationMs":0}
[15:57:50.988] INFO: txe:top_level_context Created block 9 with timestamp 1789664271
[15:57:51.539] INFO: simulator:public-processor Processed 1 successful txs and 0 failed txs (0 silently skipped, 0ms wasted) in 0.005895416999992449s {"blockNumber":10,"successfulCount":1,"failedCount":0,"duration":0.005895416999992449,"rate":0,"totalPublicGas":{"daGas":0,"l2Gas":0},"totalBlockGas":{"daGas":1440,"l2Gas":527400},"totalSizeInBytes":1440,"silentlySkippedCount":0,"silentlySkippedDurationMs":0}
[15:57:51.820] INFO: kv-store:lmdb-v2 Starting data store with maxReaders 2
[15:57:51.822] INFO: world-state:database Creating world state data store at directory /var/folders/ym/q1vh2x5n58xbsmpmvs5_6w3r0000gn/T/aztec-world-state-U2yiCg/world_state with map sizes {"archiveTreeMapSizeKb":10485760,"nullifierTreeMapSizeKb":10485760,"noteHashTreeMapSizeKb":10485760,"messageTreeMapSizeKb":10485760,"publicDataTreeMapSizeKb":10485760} and 2 threads (ephemeral=true).
[15:57:51.850] INFO: txe_node Aztec Node version: txe
[15:57:51.850] INFO: txe_node Aztec Node started on chain 0x1
[15:57:51.880] INFO: txe:top_level_context Created block 1 with timestamp 1789657071
[15:57:51.934] INFO: txe:top_level_context Created block 2 with timestamp 1789657071
[15:57:52.073] INFO: txe:top_level_context Created block 11 with timestamp 1789667870
[15:57:52.083] INFO: simulator:public-processor Processed 1 successful txs and 0 failed txs (0 silently skipped, 0ms wasted) in 0.0929859169999836s {"blockNumber":3,"successfulCount":1,"failedCount":0,"duration":0.0929859169999836,"rate":62124676.363637075,"totalPublicGas":{"daGas":5792,"l2Gas":5776720},"totalBlockGas":{"daGas":5792,"l2Gas":5776720},"totalSizeInBytes":5920,"silentlySkippedCount":0,"silentlySkippedDurationMs":0}
[15:57:52.317] INFO: simulator:public-processor Processed 1 successful txs and 0 failed txs (0 silently skipped, 0ms wasted) in 0.0099096669999999s {"blockNumber":12,"successfulCount":1,"failedCount":0,"duration":0.0099096669999999,"rate":0,"totalPublicGas":{"daGas":0,"l2Gas":0},"totalBlockGas":{"daGas":256,"l2Gas":477200},"totalSizeInBytes":256,"silentlySkippedCount":0,"silentlySkippedDurationMs":0}
[15:57:52.366] INFO: simulator:public-processor Processed 1 successful txs and 0 failed txs (0 silently skipped, 0ms wasted) in 0.03765400000003865s {"blockNumber":4,"successfulCount":1,"failedCount":0,"duration":0.03765400000003865,"rate":30293381.845191192,"totalPublicGas":{"daGas":192,"l2Gas":1140667},"totalBlockGas":{"daGas":320,"l2Gas":1731467},"totalSizeInBytes":320,"silentlySkippedCount":0,"silentlySkippedDurationMs":0}
[15:57:52.439] INFO: txe:top_level_context Created block 5 with timestamp 1789657071
[15:57:52.801] INFO: simulator:public-processor Processed 1 successful txs and 0 failed txs (0 silently skipped, 0ms wasted) in 0.005787791000038851s {"blockNumber":6,"successfulCount":1,"failedCount":0,"duration":0.005787791000038851,"rate":0,"totalPublicGas":{"daGas":0,"l2Gas":0},"totalBlockGas":{"daGas":1984,"l2Gas":529900},"totalSizeInBytes":1984,"silentlySkippedCount":0,"silentlySkippedDurationMs":0}
[15:57:52.844] INFO: txe:top_level_context Created block 7 with timestamp 1789658872
[15:57:53.013] INFO: txe:top_level_context Created block 14 with timestamp 1789667870
[15:57:53.539] INFO: simulator:public-processor Processed 1 successful txs and 0 failed txs (0 silently skipped, 0ms wasted) in 0.046007790999952704s {"blockNumber":8,"successfulCount":1,"failedCount":0,"duration":0.046007790999952704,"rate":44777589.95214784,"totalPublicGas":{"daGas":3840,"l2Gas":2060118},"totalBlockGas":{"daGas":5216,"l2Gas":2786868},"totalSizeInBytes":5216,"silentlySkippedCount":0,"silentlySkippedDurationMs":0}
[15:57:53.789] INFO: simulator:public-processor Processed 1 successful txs and 0 failed txs (0 silently skipped, 0ms wasted) in 0.005775665999972261s {"blockNumber":15,"successfulCount":1,"failedCount":0,"duration":0.005775665999972261,"rate":0,"totalPublicGas":{"daGas":0,"l2Gas":0},"totalBlockGas":{"daGas":832,"l2Gas":499700},"totalSizeInBytes":832,"silentlySkippedCount":0,"silentlySkippedDurationMs":0}
[15:57:54.276] INFO: txe:top_level_context Created block 9 with timestamp 1789660671
[15:57:54.407] INFO: txe:top_level_context Created block 16 with timestamp 1789671471
[15:57:55.231] INFO: simulator:public-processor Processed 1 successful txs and 0 failed txs (0 silently skipped, 0ms wasted) in 0.27628195799997773s {"blockNumber":10,"successfulCount":1,"failedCount":0,"duration":0.27628195799997773,"rate":7456578.109237832,"totalPublicGas":{"daGas":3840,"l2Gas":2060118},"totalBlockGas":{"daGas":5216,"l2Gas":2786868},"totalSizeInBytes":5216,"silentlySkippedCount":0,"silentlySkippedDurationMs":0}
[15:57:55.518] INFO: simulator:public-processor Processed 1 successful txs and 0 failed txs (0 silently skipped, 0ms wasted) in 0.05090483300003689s {"blockNumber":17,"successfulCount":1,"failedCount":0,"duration":0.05090483300003689,"rate":40469988.38005238,"totalPublicGas":{"daGas":3840,"l2Gas":2060118},"totalBlockGas":{"daGas":5216,"l2Gas":2786868},"totalSizeInBytes":5216,"silentlySkippedCount":0,"silentlySkippedDurationMs":0}
[15:57:56.260] INFO: txe:top_level_context Created block 14 with timestamp 1789662471
[billboard_test] Testing c02::c02_young_child_does_not_hide_wrong_owner_second_hint ... [0m[32mok[0m
[15:57:56.964] INFO: txe:top_level_context Created block 20 with timestamp 1789675072
[billboard_test] Testing c02::c02_withdrawn_cycle_included_history_cannot_screen_new_receipt ... [0m[32mok[0m
[15:57:59.885] INFO: kv-store:lmdb-v2 Starting data store with maxReaders 2
[15:57:59.886] INFO: world-state:database Creating world state data store at directory /var/folders/ym/q1vh2x5n58xbsmpmvs5_6w3r0000gn/T/aztec-world-state-uqs0VS/world_state with map sizes {"archiveTreeMapSizeKb":10485760,"nullifierTreeMapSizeKb":10485760,"noteHashTreeMapSizeKb":10485760,"messageTreeMapSizeKb":10485760,"publicDataTreeMapSizeKb":10485760} and 2 threads (ephemeral=true).
[15:57:59.900] INFO: txe_node Aztec Node version: txe
[15:57:59.900] INFO: txe_node Aztec Node started on chain 0x1
[15:57:59.918] INFO: txe:top_level_context Created block 1 with timestamp 1789657079
[15:57:59.972] INFO: txe:top_level_context Created block 2 with timestamp 1789657079
[15:58:00.124] INFO: simulator:public-processor Processed 1 successful txs and 0 failed txs (0 silently skipped, 0ms wasted) in 0.10992124999995576s {"blockNumber":3,"successfulCount":1,"failedCount":0,"duration":0.10992124999995576,"rate":52553259.72004799,"totalPublicGas":{"daGas":5792,"l2Gas":5776720},"totalBlockGas":{"daGas":5792,"l2Gas":5776720},"totalSizeInBytes":5920,"silentlySkippedCount":0,"silentlySkippedDurationMs":0}
[15:58:00.311] INFO: simulator:public-processor Processed 1 successful txs and 0 failed txs (0 silently skipped, 0ms wasted) in 0.020584207999985664s {"blockNumber":4,"successfulCount":1,"failedCount":0,"duration":0.020584207999985664,"rate":55414665.45619799,"totalPublicGas":{"daGas":192,"l2Gas":1140667},"totalBlockGas":{"daGas":320,"l2Gas":1731467},"totalSizeInBytes":320,"silentlySkippedCount":0,"silentlySkippedDurationMs":0}
[15:58:00.353] INFO: txe:top_level_context Created block 5 with timestamp 1789657079
[15:58:00.463] INFO: kv-store:lmdb-v2 Starting data store with maxReaders 2
[15:58:00.464] INFO: world-state:database Creating world state data store at directory /var/folders/ym/q1vh2x5n58xbsmpmvs5_6w3r0000gn/T/aztec-world-state-xMPnog/world_state with map sizes {"archiveTreeMapSizeKb":10485760,"nullifierTreeMapSizeKb":10485760,"noteHashTreeMapSizeKb":10485760,"messageTreeMapSizeKb":10485760,"publicDataTreeMapSizeKb":10485760} and 2 threads (ephemeral=true).
[15:58:00.477] INFO: txe_node Aztec Node version: txe
[15:58:00.477] INFO: txe_node Aztec Node started on chain 0x1
[15:58:00.527] INFO: txe:top_level_context Created block 1 with timestamp 1789657080
[15:58:00.605] INFO: txe:top_level_context Created block 2 with timestamp 1789657080
[15:58:00.620] INFO: simulator:public-processor Processed 1 successful txs and 0 failed txs (0 silently skipped, 0ms wasted) in 0.005610500000009779s {"blockNumber":6,"successfulCount":1,"failedCount":0,"duration":0.005610500000009779,"rate":0,"totalPublicGas":{"daGas":0,"l2Gas":0},"totalBlockGas":{"daGas":1984,"l2Gas":529900},"totalSizeInBytes":1984,"silentlySkippedCount":0,"silentlySkippedDurationMs":0}
[15:58:00.663] INFO: txe:top_level_context Created block 7 with timestamp 1789658880
[15:58:00.741] INFO: simulator:public-processor Processed 1 successful txs and 0 failed txs (0 silently skipped, 0ms wasted) in 0.09027420800004621s {"blockNumber":3,"successfulCount":1,"failedCount":0,"duration":0.09027420800004621,"rate":63990813.41147898,"totalPublicGas":{"daGas":5792,"l2Gas":5776720},"totalBlockGas":{"daGas":5792,"l2Gas":5776720},"totalSizeInBytes":5920,"silentlySkippedCount":0,"silentlySkippedDurationMs":0}
[15:58:01.327] INFO: simulator:public-processor Processed 1 successful txs and 0 failed txs (0 silently skipped, 0ms wasted) in 0.04287441600003512s {"blockNumber":8,"successfulCount":1,"failedCount":0,"duration":0.04287441600003512,"rate":48050053.90623425,"totalPublicGas":{"daGas":3840,"l2Gas":2060118},"totalBlockGas":{"daGas":5216,"l2Gas":2786868},"totalSizeInBytes":5216,"silentlySkippedCount":0,"silentlySkippedDurationMs":0}
[15:58:01.335] INFO: simulator:public-processor Processed 1 successful txs and 0 failed txs (0 silently skipped, 0ms wasted) in 0.020114958000020125s {"blockNumber":4,"successfulCount":1,"failedCount":0,"duration":0.020114958000020125,"rate":56707401.526707575,"totalPublicGas":{"daGas":192,"l2Gas":1140667},"totalBlockGas":{"daGas":320,"l2Gas":1731467},"totalSizeInBytes":320,"silentlySkippedCount":0,"silentlySkippedDurationMs":0}
[15:58:01.432] INFO: txe:top_level_context Created block 5 with timestamp 1789657080
[15:58:01.811] INFO: simulator:public-processor Processed 1 successful txs and 0 failed txs (0 silently skipped, 0ms wasted) in 0.006001082999981008s {"blockNumber":6,"successfulCount":1,"failedCount":0,"duration":0.006001082999981008,"rate":0,"totalPublicGas":{"daGas":0,"l2Gas":0},"totalBlockGas":{"daGas":1984,"l2Gas":529900},"totalSizeInBytes":1984,"silentlySkippedCount":0,"silentlySkippedDurationMs":0}
[15:58:01.856] INFO: txe:top_level_context Created block 7 with timestamp 1789660681
[15:58:02.001] INFO: txe:top_level_context Created block 9 with timestamp 1789660679
[15:58:02.808] INFO: simulator:public-processor Processed 1 successful txs and 0 failed txs (0 silently skipped, 0ms wasted) in 0.2702860830000136s {"blockNumber":8,"successfulCount":1,"failedCount":0,"duration":0.2702860830000136,"rate":7621990.659429906,"totalPublicGas":{"daGas":3840,"l2Gas":2060118},"totalBlockGas":{"daGas":5216,"l2Gas":2786868},"totalSizeInBytes":5216,"silentlySkippedCount":0,"silentlySkippedDurationMs":0}
[15:58:03.117] INFO: simulator:public-processor Processed 1 successful txs and 0 failed txs (0 silently skipped, 0ms wasted) in 0.005669416999968234s {"blockNumber":10,"successfulCount":1,"failedCount":0,"duration":0.005669416999968234,"rate":0,"totalPublicGas":{"daGas":0,"l2Gas":0},"totalBlockGas":{"daGas":1440,"l2Gas":527400},"totalSizeInBytes":1440,"silentlySkippedCount":0,"silentlySkippedDurationMs":0}
[15:58:03.878] INFO: txe:top_level_context Created block 13 with timestamp 1789662479
[billboard_test] Testing c02::c04_duplicate_successor_has_explicit_recoverable_error ... [0m[32mok[0m
[15:58:04.562] INFO: simulator:public-processor Processed 1 successful txs and 0 failed txs (0 silently skipped, 0ms wasted) in 0.04338845800003037s {"blockNumber":14,"successfulCount":1,"failedCount":0,"duration":0.04338845800003037,"rate":47480783.94485828,"totalPublicGas":{"daGas":3840,"l2Gas":2060118},"totalBlockGas":{"daGas":5216,"l2Gas":2786868},"totalSizeInBytes":5216,"silentlySkippedCount":0,"silentlySkippedDurationMs":0}
[billboard_test] Testing c02::c02_young_real_child_blocks_mature_dummy_grandchild ... [0m[32mok[0m
[15:58:07.508] INFO: kv-store:lmdb-v2 Starting data store with maxReaders 2
[15:58:07.509] INFO: world-state:database Creating world state data store at directory /var/folders/ym/q1vh2x5n58xbsmpmvs5_6w3r0000gn/T/aztec-world-state-hhhO1X/world_state with map sizes {"archiveTreeMapSizeKb":10485760,"nullifierTreeMapSizeKb":10485760,"noteHashTreeMapSizeKb":10485760,"messageTreeMapSizeKb":10485760,"publicDataTreeMapSizeKb":10485760} and 2 threads (ephemeral=true).
[15:58:07.523] INFO: txe_node Aztec Node version: txe
[15:58:07.523] INFO: txe_node Aztec Node started on chain 0x1
[15:58:07.541] INFO: txe:top_level_context Created block 1 with timestamp 1789657087
[15:58:07.594] INFO: txe:top_level_context Created block 2 with timestamp 1789657087
[15:58:07.726] INFO: simulator:public-processor Processed 1 successful txs and 0 failed txs (0 silently skipped, 0ms wasted) in 0.08985100000002422s {"blockNumber":3,"successfulCount":1,"failedCount":0,"duration":0.08985100000002422,"rate":64292217.11498418,"totalPublicGas":{"daGas":5792,"l2Gas":5776720},"totalBlockGas":{"daGas":5792,"l2Gas":5776720},"totalSizeInBytes":5920,"silentlySkippedCount":0,"silentlySkippedDurationMs":0}
[15:58:07.913] INFO: simulator:public-processor Processed 1 successful txs and 0 failed txs (0 silently skipped, 0ms wasted) in 0.020665500000002793s {"blockNumber":4,"successfulCount":1,"failedCount":0,"duration":0.020665500000002793,"rate":55196680.45776032,"totalPublicGas":{"daGas":192,"l2Gas":1140667},"totalBlockGas":{"daGas":320,"l2Gas":1731467},"totalSizeInBytes":320,"silentlySkippedCount":0,"silentlySkippedDurationMs":0}
[15:58:07.918] INFO: kv-store:lmdb-v2 Starting data store with maxReaders 2
[15:58:07.920] INFO: world-state:database Creating world state data store at directory /var/folders/ym/q1vh2x5n58xbsmpmvs5_6w3r0000gn/T/aztec-world-state-4SZj7Z/world_state with map sizes {"archiveTreeMapSizeKb":10485760,"nullifierTreeMapSizeKb":10485760,"noteHashTreeMapSizeKb":10485760,"messageTreeMapSizeKb":10485760,"publicDataTreeMapSizeKb":10485760} and 2 threads (ephemeral=true).
[15:58:07.933] INFO: txe_node Aztec Node version: txe
[15:58:07.933] INFO: txe_node Aztec Node started on chain 0x1
[15:58:07.951] INFO: txe:top_level_context Created block 1 with timestamp 1789657087
[15:58:07.966] INFO: txe:top_level_context Created block 5 with timestamp 1789657087
[15:58:08.027] INFO: txe:top_level_context Created block 2 with timestamp 1789657087
[15:58:08.173] INFO: simulator:public-processor Processed 1 successful txs and 0 failed txs (0 silently skipped, 0ms wasted) in 0.10111995800002478s {"blockNumber":3,"successfulCount":1,"failedCount":0,"duration":0.10111995800002478,"rate":57127397.14546345,"totalPublicGas":{"daGas":5792,"l2Gas":5776720},"totalBlockGas":{"daGas":5792,"l2Gas":5776720},"totalSizeInBytes":5920,"silentlySkippedCount":0,"silentlySkippedDurationMs":0}
[15:58:08.267] INFO: simulator:public-processor Processed 1 successful txs and 0 failed txs (0 silently skipped, 0ms wasted) in 0.0057550829999963755s {"blockNumber":6,"successfulCount":1,"failedCount":0,"duration":0.0057550829999963755,"rate":0,"totalPublicGas":{"daGas":0,"l2Gas":0},"totalBlockGas":{"daGas":1984,"l2Gas":529900},"totalSizeInBytes":1984,"silentlySkippedCount":0,"silentlySkippedDurationMs":0}
[15:58:08.313] INFO: txe:top_level_context Created block 7 with timestamp 1789660688
[15:58:08.381] INFO: simulator:public-processor Processed 1 successful txs and 0 failed txs (0 silently skipped, 0ms wasted) in 0.027544041999964974s {"blockNumber":4,"successfulCount":1,"failedCount":0,"duration":0.027544041999964974,"rate":41412476.78904391,"totalPublicGas":{"daGas":192,"l2Gas":1140667},"totalBlockGas":{"daGas":320,"l2Gas":1731467},"totalSizeInBytes":320,"silentlySkippedCount":0,"silentlySkippedDurationMs":0}
[15:58:08.424] INFO: txe:top_level_context Created block 5 with timestamp 1789657087
[15:58:09.008] INFO: simulator:public-processor Processed 1 successful txs and 0 failed txs (0 silently skipped, 0ms wasted) in 0.05434774999995716s {"blockNumber":8,"successfulCount":1,"failedCount":0,"duration":0.05434774999995716,"rate":37906224.26874386,"totalPublicGas":{"daGas":3840,"l2Gas":2060118},"totalBlockGas":{"daGas":5216,"l2Gas":2786868},"totalSizeInBytes":5216,"silentlySkippedCount":0,"silentlySkippedDurationMs":0}
[15:58:09.233] INFO: simulator:public-processor Processed 1 successful txs and 0 failed txs (0 silently skipped, 0ms wasted) in 0.005954957999987528s {"blockNumber":6,"successfulCount":1,"failedCount":0,"duration":0.005954957999987528,"rate":0,"totalPublicGas":{"daGas":0,"l2Gas":0},"totalBlockGas":{"daGas":1984,"l2Gas":529900},"totalSizeInBytes":1984,"silentlySkippedCount":0,"silentlySkippedDurationMs":0}
[15:58:09.715] INFO: txe:top_level_context Created block 9 with timestamp 1789664289
[billboard_test] Testing c02::c04_unknown_deposit_has_explicit_recoverable_error ... [0m[32mok[0m
[15:58:10.347] INFO: simulator:public-processor Processed 1 successful txs and 0 failed txs (0 silently skipped, 0ms wasted) in 0.044180458999995606s {"blockNumber":10,"successfulCount":1,"failedCount":0,"duration":0.044180458999995606,"rate":46629619.66964184,"totalPublicGas":{"daGas":3840,"l2Gas":2060118},"totalBlockGas":{"daGas":5216,"l2Gas":2786868},"totalSizeInBytes":5216,"silentlySkippedCount":0,"silentlySkippedDurationMs":0}
[15:58:10.391] INFO: txe:top_level_context Created block 11 with timestamp 1789667890
[billboard_test] Testing c02::c04_stale_retrieved_hint_cannot_skip_authentication ... [0m[32mok[0m
[15:58:12.743] INFO: kv-store:lmdb-v2 Starting data store with maxReaders 2
[15:58:12.744] INFO: world-state:database Creating world state data store at directory /var/folders/ym/q1vh2x5n58xbsmpmvs5_6w3r0000gn/T/aztec-world-state-UGapKS/world_state with map sizes {"archiveTreeMapSizeKb":10485760,"nullifierTreeMapSizeKb":10485760,"noteHashTreeMapSizeKb":10485760,"messageTreeMapSizeKb":10485760,"publicDataTreeMapSizeKb":10485760} and 2 threads (ephemeral=true).
[15:58:12.758] INFO: txe_node Aztec Node version: txe
[15:58:12.758] INFO: txe_node Aztec Node started on chain 0x1
[15:58:12.775] INFO: txe:top_level_context Created block 1 with timestamp 1789657092
[15:58:12.830] INFO: txe:top_level_context Created block 2 with timestamp 1789657092
[15:58:12.983] INFO: simulator:public-processor Processed 1 successful txs and 0 failed txs (0 silently skipped, 0ms wasted) in 0.09226549999997952s {"blockNumber":3,"successfulCount":1,"failedCount":0,"duration":0.09226549999997952,"rate":62609751.20712815,"totalPublicGas":{"daGas":5792,"l2Gas":5776720},"totalBlockGas":{"daGas":5792,"l2Gas":5776720},"totalSizeInBytes":5920,"silentlySkippedCount":0,"silentlySkippedDurationMs":0}
[15:58:13.172] INFO: simulator:public-processor Processed 1 successful txs and 0 failed txs (0 silently skipped, 0ms wasted) in 0.020847750000015368s {"blockNumber":4,"successfulCount":1,"failedCount":0,"duration":0.020847750000015368,"rate":54714153.80552621,"totalPublicGas":{"daGas":192,"l2Gas":1140667},"totalBlockGas":{"daGas":320,"l2Gas":1731467},"totalSizeInBytes":320,"silentlySkippedCount":0,"silentlySkippedDurationMs":0}
[15:58:13.214] INFO: txe:top_level_context Created block 5 with timestamp 1789657092
[15:58:13.456] INFO: simulator:public-processor Processed 1 successful txs and 0 failed txs (0 silently skipped, 0ms wasted) in 0.00573804199998267s {"blockNumber":6,"successfulCount":1,"failedCount":0,"duration":0.00573804199998267,"rate":0,"totalPublicGas":{"daGas":0,"l2Gas":0},"totalBlockGas":{"daGas":1984,"l2Gas":529900},"totalSizeInBytes":1984,"silentlySkippedCount":0,"silentlySkippedDurationMs":0}
[15:58:13.499] INFO: txe:top_level_context Created block 7 with timestamp 1789660693
[15:58:13.842] INFO: kv-store:lmdb-v2 Starting data store with maxReaders 2
[15:58:13.928] INFO: world-state:database Creating world state data store at directory /var/folders/ym/q1vh2x5n58xbsmpmvs5_6w3r0000gn/T/aztec-world-state-Ei81ec/world_state with map sizes {"archiveTreeMapSizeKb":10485760,"nullifierTreeMapSizeKb":10485760,"noteHashTreeMapSizeKb":10485760,"messageTreeMapSizeKb":10485760,"publicDataTreeMapSizeKb":10485760} and 2 threads (ephemeral=true).
[15:58:13.942] INFO: txe_node Aztec Node version: txe
[15:58:13.942] INFO: txe_node Aztec Node started on chain 0x1
[15:58:13.978] INFO: txe:top_level_context Created block 1 with timestamp 1789657093
[15:58:14.110] INFO: simulator:public-processor Processed 1 successful txs and 0 failed txs (0 silently skipped, 0ms wasted) in 0.007132749999989756s {"blockNumber":8,"successfulCount":1,"failedCount":0,"duration":0.007132749999989756,"rate":0,"totalPublicGas":{"daGas":0,"l2Gas":0},"totalBlockGas":{"daGas":1440,"l2Gas":527400},"totalSizeInBytes":1440,"silentlySkippedCount":0,"silentlySkippedDurationMs":0}
[15:58:14.121] INFO: txe:top_level_context Created block 2 with timestamp 1789657093
[15:58:14.170] INFO: simulator:public-processor Processed 1 successful txs and 0 failed txs (0 silently skipped, 0ms wasted) in 0.006973167000047397s {"blockNumber":9,"successfulCount":1,"failedCount":0,"duration":0.006973167000047397,"rate":1349601.9814147623,"totalPublicGas":{"daGas":0,"l2Gas":9411},"totalBlockGas":{"daGas":0,"l2Gas":9411},"totalSizeInBytes":128,"silentlySkippedCount":0,"silentlySkippedDurationMs":0}
[15:58:14.199] INFO: simulator:public-processor Processed 1 successful txs and 0 failed txs (0 silently skipped, 0ms wasted) in 0.006591625000000931s {"blockNumber":9,"successfulCount":1,"failedCount":0,"duration":0.006591625000000931,"rate":1655737.394041448,"totalPublicGas":{"daGas":0,"l2Gas":10914},"totalBlockGas":{"daGas":0,"l2Gas":10914},"totalSizeInBytes":128,"silentlySkippedCount":0,"silentlySkippedDurationMs":0}
[15:58:14.276] INFO: simulator:public-processor Processed 1 successful txs and 0 failed txs (0 silently skipped, 0ms wasted) in 0.09808941700001014s {"blockNumber":3,"successfulCount":1,"failedCount":0,"duration":0.09808941700001014,"rate":58892387.9525087,"totalPublicGas":{"daGas":5792,"l2Gas":5776720},"totalBlockGas":{"daGas":5792,"l2Gas":5776720},"totalSizeInBytes":5920,"silentlySkippedCount":0,"silentlySkippedDurationMs":0}
[15:58:14.517] INFO: simulator:public-processor Processed 1 successful txs and 0 failed txs (0 silently skipped, 0ms wasted) in 0.022801875000004655s {"blockNumber":4,"successfulCount":1,"failedCount":0,"duration":0.022801875000004655,"rate":50025140.47637605,"totalPublicGas":{"daGas":192,"l2Gas":1140667},"totalBlockGas":{"daGas":320,"l2Gas":1731467},"totalSizeInBytes":320,"silentlySkippedCount":0,"silentlySkippedDurationMs":0}
[15:58:14.570] INFO: txe:top_level_context Created block 5 with timestamp 1789657093
[15:58:14.845] INFO: simulator:public-processor Processed 1 successful txs and 0 failed txs (0 silently skipped, 0ms wasted) in 0.019234250000037718s {"blockNumber":6,"successfulCount":1,"failedCount":0,"duration":0.019234250000037718,"rate":0,"totalPublicGas":{"daGas":0,"l2Gas":0},"totalBlockGas":{"daGas":1984,"l2Gas":529900},"totalSizeInBytes":1984,"silentlySkippedCount":0,"silentlySkippedDurationMs":0}
[15:58:14.888] INFO: txe:top_level_context Created block 9 with timestamp 1789664293
[15:58:14.889] INFO: txe:top_level_context Created block 7 with timestamp 1789660694
[billboard_test] Testing c03::c03_dummy_rejects_hidden_content ... [0m[32mok[0m
[15:58:15.715] INFO: simulator:public-processor Processed 1 successful txs and 0 failed txs (0 silently skipped, 0ms wasted) in 0.19950066599994898s {"blockNumber":10,"successfulCount":1,"failedCount":0,"duration":0.19950066599994898,"rate":10326371.5420405,"totalPublicGas":{"daGas":3840,"l2Gas":2060118},"totalBlockGas":{"daGas":5216,"l2Gas":2786868},"totalSizeInBytes":5216,"silentlySkippedCount":0,"silentlySkippedDurationMs":0}
[15:58:15.761] INFO: simulator:public-processor Processed 1 successful txs and 0 failed txs (0 silently skipped, 0ms wasted) in 0.006355749999987893s {"blockNumber":11,"successfulCount":1,"failedCount":0,"duration":0.006355749999987893,"rate":1480706.4469209656,"totalPublicGas":{"daGas":0,"l2Gas":9411},"totalBlockGas":{"daGas":0,"l2Gas":9411},"totalSizeInBytes":128,"silentlySkippedCount":0,"silentlySkippedDurationMs":0}
[15:58:15.784] INFO: simulator:public-processor Processed 1 successful txs and 0 failed txs (0 silently skipped, 0ms wasted) in 0.006902791999978944s {"blockNumber":11,"successfulCount":1,"failedCount":0,"duration":0.006902791999978944,"rate":1761026.5527393958,"totalPublicGas":{"daGas":0,"l2Gas":12156},"totalBlockGas":{"daGas":0,"l2Gas":12156},"totalSizeInBytes":128,"silentlySkippedCount":0,"silentlySkippedDurationMs":0}
[billboard_test] Testing c03::c03_dummy_is_private_and_first_real_post_still_gets_order_zero ... [0m[32mok[0m
[billboard_test] Testing c03::c03_public_publication_rejects_nonself_caller ... [0m[32mok[0m
[15:58:18.567] INFO: kv-store:lmdb-v2 Starting data store with maxReaders 2
[15:58:18.568] INFO: world-state:database Creating world state data store at directory /var/folders/ym/q1vh2x5n58xbsmpmvs5_6w3r0000gn/T/aztec-world-state-5ixMLX/world_state with map sizes {"archiveTreeMapSizeKb":10485760,"nullifierTreeMapSizeKb":10485760,"noteHashTreeMapSizeKb":10485760,"messageTreeMapSizeKb":10485760,"publicDataTreeMapSizeKb":10485760} and 2 threads (ephemeral=true).
[15:58:18.581] INFO: txe_node Aztec Node version: txe
[15:58:18.581] INFO: txe_node Aztec Node started on chain 0x1
[15:58:18.598] INFO: txe:top_level_context Created block 1 with timestamp 1789657098
[15:58:18.649] INFO: txe:top_level_context Created block 2 with timestamp 1789657098
[15:58:18.784] INFO: simulator:public-processor Processed 1 successful txs and 0 failed txs (0 silently skipped, 0ms wasted) in 0.0909444159999839s {"blockNumber":3,"successfulCount":1,"failedCount":0,"duration":0.0909444159999839,"rate":63519237.94860613,"totalPublicGas":{"daGas":5792,"l2Gas":5776720},"totalBlockGas":{"daGas":5792,"l2Gas":5776720},"totalSizeInBytes":5920,"silentlySkippedCount":0,"silentlySkippedDurationMs":0}
[15:58:18.830] INFO: simulator:public-processor Processed 1 successful txs and 0 failed txs (0 silently skipped, 0ms wasted) in 0.006776332999987062s {"blockNumber":4,"successfulCount":1,"failedCount":0,"duration":0.006776332999987062,"rate":4181907.8253760706,"totalPublicGas":{"daGas":0,"l2Gas":28338},"totalBlockGas":{"daGas":0,"l2Gas":28338},"totalSizeInBytes":128,"silentlySkippedCount":0,"silentlySkippedDurationMs":0}
[15:58:18.833] WARN: txe:top_level_context Could not find function artifact in contract Billboard for function '0xdcbccbbf' when enriching error callstack
[15:58:19.056] INFO: kv-store:lmdb-v2 Starting data store with maxReaders 2
[15:58:19.057] INFO: world-state:database Creating world state data store at directory /var/folders/ym/q1vh2x5n58xbsmpmvs5_6w3r0000gn/T/aztec-world-state-D9lqd3/world_state with map sizes {"archiveTreeMapSizeKb":10485760,"nullifierTreeMapSizeKb":10485760,"noteHashTreeMapSizeKb":10485760,"messageTreeMapSizeKb":10485760,"publicDataTreeMapSizeKb":10485760} and 2 threads (ephemeral=true).
[15:58:19.074] INFO: txe_node Aztec Node version: txe
[15:58:19.074] INFO: txe_node Aztec Node started on chain 0x1
[15:58:19.093] INFO: txe:top_level_context Created block 1 with timestamp 1789657099
[15:58:19.144] INFO: txe:top_level_context Created block 2 with timestamp 1789657099
[15:58:19.276] INFO: simulator:public-processor Processed 1 successful txs and 0 failed txs (0 silently skipped, 0ms wasted) in 0.08952104199997848s {"blockNumber":3,"successfulCount":1,"failedCount":0,"duration":0.08952104199997848,"rate":64529186.333659835,"totalPublicGas":{"daGas":5792,"l2Gas":5776720},"totalBlockGas":{"daGas":5792,"l2Gas":5776720},"totalSizeInBytes":5920,"silentlySkippedCount":0,"silentlySkippedDurationMs":0}
[15:58:19.323] INFO: simulator:public-processor Processed 1 successful txs and 0 failed txs (0 silently skipped, 0ms wasted) in 0.007730749999987893s {"blockNumber":4,"successfulCount":1,"failedCount":0,"duration":0.007730749999987893,"rate":3672994.211434139,"totalPublicGas":{"daGas":0,"l2Gas":28395},"totalBlockGas":{"daGas":0,"l2Gas":28395},"totalSizeInBytes":128,"silentlySkippedCount":0,"silentlySkippedDurationMs":0}
[15:58:19.326] WARN: txe:top_level_context Could not find function artifact in contract Billboard for function '0xdcbccbbf' when enriching error callstack
[billboard_test] Testing c03::c03_public_publication_rejects_zero_id ... [0m[32mok[0m
[15:58:21.759] INFO: kv-store:lmdb-v2 Starting data store with maxReaders 2
[15:58:21.761] INFO: world-state:database Creating world state data store at directory /var/folders/ym/q1vh2x5n58xbsmpmvs5_6w3r0000gn/T/aztec-world-state-RJSoT8/world_state with map sizes {"archiveTreeMapSizeKb":10485760,"nullifierTreeMapSizeKb":10485760,"noteHashTreeMapSizeKb":10485760,"messageTreeMapSizeKb":10485760,"publicDataTreeMapSizeKb":10485760} and 2 threads (ephemeral=true).
[15:58:21.774] INFO: txe_node Aztec Node version: txe
[15:58:21.774] INFO: txe_node Aztec Node started on chain 0x1
[15:58:21.792] INFO: txe:top_level_context Created block 1 with timestamp 1789657101
[15:58:21.847] INFO: txe:top_level_context Created block 2 with timestamp 1789657101
[15:58:21.980] INFO: simulator:public-processor Processed 1 successful txs and 0 failed txs (0 silently skipped, 0ms wasted) in 0.09014970800001174s {"blockNumber":3,"successfulCount":1,"failedCount":0,"duration":0.09014970800001174,"rate":64079187.03407501,"totalPublicGas":{"daGas":5792,"l2Gas":5776720},"totalBlockGas":{"daGas":5792,"l2Gas":5776720},"totalSizeInBytes":5920,"silentlySkippedCount":0,"silentlySkippedDurationMs":0}
[15:58:22.154] INFO: simulator:public-processor Processed 1 successful txs and 0 failed txs (0 silently skipped, 0ms wasted) in 0.020541333000001032s {"blockNumber":4,"successfulCount":1,"failedCount":0,"duration":0.020541333000001032,"rate":55530329.99367386,"totalPublicGas":{"daGas":192,"l2Gas":1140667},"totalBlockGas":{"daGas":320,"l2Gas":1731467},"totalSizeInBytes":320,"silentlySkippedCount":0,"silentlySkippedDurationMs":0}
[15:58:22.196] INFO: txe:top_level_context Created block 5 with timestamp 1789657101
[15:58:22.236] INFO: kv-store:lmdb-v2 Starting data store with maxReaders 2
[15:58:22.236] INFO: world-state:database Creating world state data store at directory /var/folders/ym/q1vh2x5n58xbsmpmvs5_6w3r0000gn/T/aztec-world-state-TrOoga/world_state with map sizes {"archiveTreeMapSizeKb":10485760,"nullifierTreeMapSizeKb":10485760,"noteHashTreeMapSizeKb":10485760,"messageTreeMapSizeKb":10485760,"publicDataTreeMapSizeKb":10485760} and 2 threads (ephemeral=true).
[15:58:22.253] INFO: txe_node Aztec Node version: txe
[15:58:22.253] INFO: txe_node Aztec Node started on chain 0x1
[15:58:22.275] INFO: txe:top_level_context Created block 1 with timestamp 1789657102
[15:58:22.350] INFO: txe:top_level_context Created block 2 with timestamp 1789657102
[15:58:22.497] INFO: simulator:public-processor Processed 1 successful txs and 0 failed txs (0 silently skipped, 0ms wasted) in 0.005901417000044603s {"blockNumber":6,"successfulCount":1,"failedCount":0,"duration":0.005901417000044603,"rate":0,"totalPublicGas":{"daGas":0,"l2Gas":0},"totalBlockGas":{"daGas":1984,"l2Gas":529900},"totalSizeInBytes":1984,"silentlySkippedCount":0,"silentlySkippedDurationMs":0}
[15:58:22.528] INFO: simulator:public-processor Processed 1 successful txs and 0 failed txs (0 silently skipped, 0ms wasted) in 0.10245258300000569s {"blockNumber":3,"successfulCount":1,"failedCount":0,"duration":0.10245258300000569,"rate":56384327.56741408,"totalPublicGas":{"daGas":5792,"l2Gas":5776720},"totalBlockGas":{"daGas":5792,"l2Gas":5776720},"totalSizeInBytes":5920,"silentlySkippedCount":0,"silentlySkippedDurationMs":0}
[15:58:22.541] INFO: txe:top_level_context Created block 7 with timestamp 1789660702
[billboard_test] Testing c03::c03_real_post_rejects_hidden_message_suffix ... [0m[32mok[0m
[15:58:22.952] INFO: simulator:public-processor Processed 1 successful txs and 0 failed txs (0 silently skipped, 0ms wasted) in 0.20360074999998323s {"blockNumber":4,"successfulCount":1,"failedCount":0,"duration":0.20360074999998323,"rate":5602469.539037032,"totalPublicGas":{"daGas":192,"l2Gas":1140667},"totalBlockGas":{"daGas":320,"l2Gas":1731467},"totalSizeInBytes":320,"silentlySkippedCount":0,"silentlySkippedDurationMs":0}
[15:58:22.994] INFO: txe:top_level_context Created block 5 with timestamp 1789657102
[15:58:23.252] INFO: simulator:public-processor Processed 1 successful txs and 0 failed txs (0 silently skipped, 0ms wasted) in 0.006075167000002693s {"blockNumber":6,"successfulCount":1,"failedCount":0,"duration":0.006075167000002693,"rate":0,"totalPublicGas":{"daGas":0,"l2Gas":0},"totalBlockGas":{"daGas":1984,"l2Gas":529900},"totalSizeInBytes":1984,"silentlySkippedCount":0,"silentlySkippedDurationMs":0}
[15:58:23.295] INFO: txe:top_level_context Created block 7 with timestamp 1789660703
[billboard_test] Testing c03::c03_real_post_rejects_zero_nonce ... [0m[32mok[0m
[15:58:25.959] INFO: kv-store:lmdb-v2 Starting data store with maxReaders 2
[15:58:25.960] INFO: world-state:database Creating world state data store at directory /var/folders/ym/q1vh2x5n58xbsmpmvs5_6w3r0000gn/T/aztec-world-state-QlWikD/world_state with map sizes {"archiveTreeMapSizeKb":10485760,"nullifierTreeMapSizeKb":10485760,"noteHashTreeMapSizeKb":10485760,"messageTreeMapSizeKb":10485760,"publicDataTreeMapSizeKb":10485760} and 2 threads (ephemeral=true).
[15:58:25.973] INFO: txe_node Aztec Node version: txe
[15:58:25.973] INFO: txe_node Aztec Node started on chain 0x1
[15:58:25.991] INFO: txe:top_level_context Created block 1 with timestamp 1789657105
[15:58:26.046] INFO: txe:top_level_context Created block 2 with timestamp 1789657105
[15:58:26.177] INFO: simulator:public-processor Processed 1 successful txs and 0 failed txs (0 silently skipped, 0ms wasted) in 0.08952787500002887s {"blockNumber":3,"successfulCount":1,"failedCount":0,"duration":0.08952787500002887,"rate":64524261.29848538,"totalPublicGas":{"daGas":5792,"l2Gas":5776720},"totalBlockGas":{"daGas":5792,"l2Gas":5776720},"totalSizeInBytes":5920,"silentlySkippedCount":0,"silentlySkippedDurationMs":0}
[15:58:26.346] INFO: simulator:public-processor Processed 1 successful txs and 0 failed txs (0 silently skipped, 0ms wasted) in 0.020051291000039783s {"blockNumber":4,"successfulCount":1,"failedCount":0,"duration":0.020051291000039783,"rate":56887459.26622564,"totalPublicGas":{"daGas":192,"l2Gas":1140667},"totalBlockGas":{"daGas":320,"l2Gas":1731467},"totalSizeInBytes":320,"silentlySkippedCount":0,"silentlySkippedDurationMs":0}
[15:58:26.387] INFO: txe:top_level_context Created block 5 with timestamp 1789657105
[15:58:26.584] INFO: kv-store:lmdb-v2 Starting data store with maxReaders 2
[15:58:26.585] INFO: world-state:database Creating world state data store at directory /var/folders/ym/q1vh2x5n58xbsmpmvs5_6w3r0000gn/T/aztec-world-state-6Ds1oG/world_state with map sizes {"archiveTreeMapSizeKb":10485760,"nullifierTreeMapSizeKb":10485760,"noteHashTreeMapSizeKb":10485760,"messageTreeMapSizeKb":10485760,"publicDataTreeMapSizeKb":10485760} and 2 threads (ephemeral=true).
[15:58:26.599] INFO: txe_node Aztec Node version: txe
[15:58:26.599] INFO: txe_node Aztec Node started on chain 0x1
[15:58:26.617] INFO: txe:top_level_context Created block 1 with timestamp 1789657106
[15:58:26.630] INFO: simulator:public-processor Processed 1 successful txs and 0 failed txs (0 silently skipped, 0ms wasted) in 0.005932457999966573s {"blockNumber":6,"successfulCount":1,"failedCount":0,"duration":0.005932457999966573,"rate":0,"totalPublicGas":{"daGas":0,"l2Gas":0},"totalBlockGas":{"daGas":1984,"l2Gas":529900},"totalSizeInBytes":1984,"silentlySkippedCount":0,"silentlySkippedDurationMs":0}
[15:58:26.668] INFO: txe:top_level_context Created block 2 with timestamp 1789657106
[15:58:26.673] INFO: txe:top_level_context Created block 7 with timestamp 1789660706
[15:58:26.825] INFO: simulator:public-processor Processed 1 successful txs and 0 failed txs (0 silently skipped, 0ms wasted) in 0.09662075000000186s {"blockNumber":3,"successfulCount":1,"failedCount":0,"duration":0.09662075000000186,"rate":59787571.51025932,"totalPublicGas":{"daGas":5792,"l2Gas":5776720},"totalBlockGas":{"daGas":5792,"l2Gas":5776720},"totalSizeInBytes":5920,"silentlySkippedCount":0,"silentlySkippedDurationMs":0}
[15:58:27.365] INFO: simulator:public-processor Processed 1 successful txs and 0 failed txs (0 silently skipped, 0ms wasted) in 0.05890458400000352s {"blockNumber":8,"successfulCount":1,"failedCount":0,"duration":0.05890458400000352,"rate":34973814.601591565,"totalPublicGas":{"daGas":3840,"l2Gas":2060118},"totalBlockGas":{"daGas":5216,"l2Gas":2786868},"totalSizeInBytes":5216,"silentlySkippedCount":0,"silentlySkippedDurationMs":0}
[15:58:27.404] INFO: simulator:public-processor Processed 1 successful txs and 0 failed txs (0 silently skipped, 0ms wasted) in 0.02293612500000745s {"blockNumber":4,"successfulCount":1,"failedCount":0,"duration":0.02293612500000745,"rate":49732332.728376284,"totalPublicGas":{"daGas":192,"l2Gas":1140667},"totalBlockGas":{"daGas":320,"l2Gas":1731467},"totalSizeInBytes":320,"silentlySkippedCount":0,"silentlySkippedDurationMs":0}
[15:58:27.418] INFO: simulator:public-processor Processed 1 successful txs and 0 failed txs (0 silently skipped, 0ms wasted) in 0.007716916000004858s {"blockNumber":9,"successfulCount":1,"failedCount":0,"duration":0.007716916000004858,"rate":1575240.679047478,"totalPublicGas":{"daGas":0,"l2Gas":12156},"totalBlockGas":{"daGas":0,"l2Gas":12156},"totalSizeInBytes":128,"silentlySkippedCount":0,"silentlySkippedDurationMs":0}
[15:58:27.520] INFO: txe:top_level_context Created block 5 with timestamp 1789657106
[15:58:27.879] INFO: simulator:public-processor Processed 1 successful txs and 0 failed txs (0 silently skipped, 0ms wasted) in 0.005937791000003926s {"blockNumber":6,"successfulCount":1,"failedCount":0,"duration":0.005937791000003926,"rate":0,"totalPublicGas":{"daGas":0,"l2Gas":0},"totalBlockGas":{"daGas":1984,"l2Gas":529900},"totalSizeInBytes":1984,"silentlySkippedCount":0,"silentlySkippedDurationMs":0}
[15:58:28.158] INFO: txe:top_level_context Created block 9 with timestamp 1789664307
[billboard_test] Testing c03::c03_reused_nonce_rejects_duplicate_public_id ... [0m[32mok[0m
[15:58:28.786] INFO: simulator:public-processor Processed 1 successful txs and 0 failed txs (0 silently skipped, 0ms wasted) in 0.01855658299999777s {"blockNumber":10,"successfulCount":1,"failedCount":0,"duration":0.01855658299999777,"rate":1658548.8826258422,"totalPublicGas":{"daGas":0,"l2Gas":30777},"totalBlockGas":{"daGas":1376,"l2Gas":757527},"totalSizeInBytes":128,"silentlySkippedCount":0,"silentlySkippedDurationMs":0}
[15:58:28.790] WARN: txe:top_level_context Could not find function artifact in contract Billboard for function '0xdcbccbbf' when enriching error callstack
[15:58:28.877] INFO: txe:top_level_context Created block 7 with timestamp 1789657106
[15:58:29.130] INFO: simulator:public-processor Processed 1 successful txs and 0 failed txs (0 silently skipped, 0ms wasted) in 0.0057999170000548475s {"blockNumber":8,"successfulCount":1,"failedCount":0,"duration":0.0057999170000548475,"rate":0,"totalPublicGas":{"daGas":0,"l2Gas":0},"totalBlockGas":{"daGas":1984,"l2Gas":529900},"totalSizeInBytes":1984,"silentlySkippedCount":0,"silentlySkippedDurationMs":0}
[15:58:29.814] INFO: txe:top_level_context Created block 9 with timestamp 1789657106
[15:58:30.077] INFO: simulator:public-processor Processed 1 successful txs and 0 failed txs (0 silently skipped, 0ms wasted) in 0.005430458999995608s {"blockNumber":10,"successfulCount":1,"failedCount":0,"duration":0.005430458999995608,"rate":0,"totalPublicGas":{"daGas":0,"l2Gas":0},"totalBlockGas":{"daGas":1984,"l2Gas":529900},"totalSizeInBytes":1984,"silentlySkippedCount":0,"silentlySkippedDurationMs":0}
[15:58:30.993] INFO: txe:top_level_context Created block 11 with timestamp 1789657106
[15:58:31.279] INFO: simulator:public-processor Processed 1 successful txs and 0 failed txs (0 silently skipped, 0ms wasted) in 0.005671916000021156s {"blockNumber":12,"successfulCount":1,"failedCount":0,"duration":0.005671916000021156,"rate":0,"totalPublicGas":{"daGas":0,"l2Gas":0},"totalBlockGas":{"daGas":1984,"l2Gas":529900},"totalSizeInBytes":1984,"silentlySkippedCount":0,"silentlySkippedDurationMs":0}
[15:58:32.039] INFO: kv-store:lmdb-v2 Starting data store with maxReaders 2
[15:58:32.040] INFO: world-state:database Creating world state data store at directory /var/folders/ym/q1vh2x5n58xbsmpmvs5_6w3r0000gn/T/aztec-world-state-vzR5mE/world_state with map sizes {"archiveTreeMapSizeKb":10485760,"nullifierTreeMapSizeKb":10485760,"noteHashTreeMapSizeKb":10485760,"messageTreeMapSizeKb":10485760,"publicDataTreeMapSizeKb":10485760} and 2 threads (ephemeral=true).
[15:58:32.054] INFO: txe_node Aztec Node version: txe
[15:58:32.054] INFO: txe_node Aztec Node started on chain 0x1
[15:58:32.071] INFO: txe:top_level_context Created block 1 with timestamp 1789657112
[15:58:32.163] INFO: txe:top_level_context Created block 2 with timestamp 1789657112
[15:58:32.347] INFO: simulator:public-processor Processed 1 successful txs and 0 failed txs (0 silently skipped, 0ms wasted) in 0.09459974999999395s {"blockNumber":3,"successfulCount":1,"failedCount":0,"duration":0.09459974999999395,"rate":61064854.82255894,"totalPublicGas":{"daGas":5792,"l2Gas":5776720},"totalBlockGas":{"daGas":5792,"l2Gas":5776720},"totalSizeInBytes":5920,"silentlySkippedCount":0,"silentlySkippedDurationMs":0}
[15:58:32.555] INFO: simulator:public-processor Processed 1 successful txs and 0 failed txs (0 silently skipped, 0ms wasted) in 0.021852750000020023s {"blockNumber":4,"successfulCount":1,"failedCount":0,"duration":0.021852750000020023,"rate":52197869.833268344,"totalPublicGas":{"daGas":192,"l2Gas":1140667},"totalBlockGas":{"daGas":320,"l2Gas":1731467},"totalSizeInBytes":320,"silentlySkippedCount":0,"silentlySkippedDurationMs":0}
[15:58:32.563] INFO: txe:top_level_context Created block 13 with timestamp 1789657106
[15:58:32.620] INFO: txe:top_level_context Created block 5 with timestamp 1789657112
[15:58:32.879] INFO: simulator:public-processor Processed 1 successful txs and 0 failed txs (0 silently skipped, 0ms wasted) in 0.005812957999994978s {"blockNumber":6,"successfulCount":1,"failedCount":0,"duration":0.005812957999994978,"rate":0,"totalPublicGas":{"daGas":0,"l2Gas":0},"totalBlockGas":{"daGas":1984,"l2Gas":529900},"totalSizeInBytes":1984,"silentlySkippedCount":0,"silentlySkippedDurationMs":0}
[15:58:32.962] INFO: txe:top_level_context Created block 7 with timestamp 1789664313
[15:58:33.137] INFO: simulator:public-processor Processed 1 successful txs and 0 failed txs (0 silently skipped, 0ms wasted) in 0.006132999999972526s {"blockNumber":14,"successfulCount":1,"failedCount":0,"duration":0.006132999999972526,"rate":0,"totalPublicGas":{"daGas":0,"l2Gas":0},"totalBlockGas":{"daGas":1984,"l2Gas":529900},"totalSizeInBytes":1984,"silentlySkippedCount":0,"silentlySkippedDurationMs":0}
[15:58:34.160] INFO: simulator:public-processor Processed 1 successful txs and 0 failed txs (0 silently skipped, 0ms wasted) in 0.04830112499999814s {"blockNumber":8,"successfulCount":1,"failedCount":0,"duration":0.04830112499999814,"rate":42651553.14705567,"totalPublicGas":{"daGas":3840,"l2Gas":2060118},"totalBlockGas":{"daGas":5216,"l2Gas":2786868},"totalSizeInBytes":5216,"silentlySkippedCount":0,"silentlySkippedDurationMs":0}
[15:58:34.250] INFO: simulator:public-processor Processed 1 successful txs and 0 failed txs (0 silently skipped, 0ms wasted) in 0.00672158400004264s {"blockNumber":9,"successfulCount":1,"failedCount":0,"duration":0.00672158400004264,"rate":1400116.4011251365,"totalPublicGas":{"daGas":0,"l2Gas":9411},"totalBlockGas":{"daGas":0,"l2Gas":9411},"totalSizeInBytes":128,"silentlySkippedCount":0,"silentlySkippedDurationMs":0}
[15:58:35.570] INFO: txe:top_level_context Created block 15 with timestamp 1789657106
[15:58:35.964] INFO: simulator:public-processor Processed 1 successful txs and 0 failed txs (0 silently skipped, 0ms wasted) in 0.0075681249999906865s {"blockNumber":16,"successfulCount":1,"failedCount":0,"duration":0.0075681249999906865,"rate":0,"totalPublicGas":{"daGas":0,"l2Gas":0},"totalBlockGas":{"daGas":1984,"l2Gas":529900},"totalSizeInBytes":1984,"silentlySkippedCount":0,"silentlySkippedDurationMs":0}
[15:58:38.439] INFO: txe:top_level_context Created block 17 with timestamp 1789657106
[15:58:38.885] INFO: simulator:public-processor Processed 1 successful txs and 0 failed txs (0 silently skipped, 0ms wasted) in 0.009066708000027575s {"blockNumber":18,"successfulCount":1,"failedCount":0,"duration":0.009066708000027575,"rate":0,"totalPublicGas":{"daGas":0,"l2Gas":0},"totalBlockGas":{"daGas":1984,"l2Gas":529900},"totalSizeInBytes":1984,"silentlySkippedCount":0,"silentlySkippedDurationMs":0}
[15:58:42.204] INFO: txe:top_level_context Created block 19 with timestamp 1789657106
[15:58:42.750] INFO: simulator:public-processor Processed 1 successful txs and 0 failed txs (0 silently skipped, 0ms wasted) in 0.012350959000003058s {"blockNumber":20,"successfulCount":1,"failedCount":0,"duration":0.012350959000003058,"rate":0,"totalPublicGas":{"daGas":0,"l2Gas":0},"totalBlockGas":{"daGas":1984,"l2Gas":529900},"totalSizeInBytes":1984,"silentlySkippedCount":0,"silentlySkippedDurationMs":0}
[15:58:47.072] INFO: txe:top_level_context Created block 21 with timestamp 1789657106
[15:58:47.697] INFO: simulator:public-processor Processed 1 successful txs and 0 failed txs (0 silently skipped, 0ms wasted) in 0.01520250000001397s {"blockNumber":22,"successfulCount":1,"failedCount":0,"duration":0.01520250000001397,"rate":0,"totalPublicGas":{"daGas":0,"l2Gas":0},"totalBlockGas":{"daGas":1984,"l2Gas":529900},"totalSizeInBytes":1984,"silentlySkippedCount":0,"silentlySkippedDurationMs":0}
[15:58:53.280] INFO: txe:top_level_context Created block 23 with timestamp 1789657106
[15:58:53.972] INFO: simulator:public-processor Processed 1 successful txs and 0 failed txs (0 silently skipped, 0ms wasted) in 0.01905254200001946s {"blockNumber":24,"successfulCount":1,"failedCount":0,"duration":0.01905254200001946,"rate":0,"totalPublicGas":{"daGas":0,"l2Gas":0},"totalBlockGas":{"daGas":1984,"l2Gas":529900},"totalSizeInBytes":1984,"silentlySkippedCount":0,"silentlySkippedDurationMs":0}
[15:59:01.262] INFO: txe:top_level_context Created block 25 with timestamp 1789660707
[15:59:01.311] INFO: simulator:public-processor Processed 1 successful txs and 0 failed txs (0 silently skipped, 0ms wasted) in 0.007714458999980706s {"blockNumber":26,"successfulCount":1,"failedCount":0,"duration":0.007714458999980706,"rate":1219917.0414961744,"totalPublicGas":{"daGas":0,"l2Gas":9411},"totalBlockGas":{"daGas":0,"l2Gas":9411},"totalSizeInBytes":128,"silentlySkippedCount":0,"silentlySkippedDurationMs":0}
[15:59:02.442] INFO: simulator:public-processor Processed 1 successful txs and 0 failed txs (0 silently skipped, 0ms wasted) in 0.06415112499997486s {"blockNumber":26,"successfulCount":1,"failedCount":0,"duration":0.06415112499997486,"rate":32113513.208081815,"totalPublicGas":{"daGas":3840,"l2Gas":2060118},"totalBlockGas":{"daGas":5216,"l2Gas":2786868},"totalSizeInBytes":5216,"silentlySkippedCount":0,"silentlySkippedDurationMs":0}
[15:59:02.523] INFO: simulator:public-processor Processed 1 successful txs and 0 failed txs (0 silently skipped, 0ms wasted) in 0.0071701669999747536s {"blockNumber":27,"successfulCount":1,"failedCount":0,"duration":0.0071701669999747536,"rate":1312521.73067003,"totalPublicGas":{"daGas":0,"l2Gas":9411},"totalBlockGas":{"daGas":0,"l2Gas":9411},"totalSizeInBytes":128,"silentlySkippedCount":0,"silentlySkippedDurationMs":0}
[15:59:02.561] INFO: simulator:public-processor Processed 1 successful txs and 0 failed txs (0 silently skipped, 0ms wasted) in 0.007292167000006885s {"blockNumber":27,"successfulCount":1,"failedCount":0,"duration":0.007292167000006885,"rate":1666994.1870487228,"totalPublicGas":{"daGas":0,"l2Gas":12156},"totalBlockGas":{"daGas":0,"l2Gas":12156},"totalSizeInBytes":128,"silentlySkippedCount":0,"silentlySkippedDurationMs":0}
[15:59:02.602] INFO: simulator:public-processor Processed 1 successful txs and 0 failed txs (0 silently skipped, 0ms wasted) in 0.007869500000029802s {"blockNumber":27,"successfulCount":1,"failedCount":0,"duration":0.007869500000029802,"rate":1386873.3718735203,"totalPublicGas":{"daGas":0,"l2Gas":10914},"totalBlockGas":{"daGas":0,"l2Gas":10914},"totalSizeInBytes":128,"silentlySkippedCount":0,"silentlySkippedDurationMs":0}
[15:59:02.660] INFO: simulator:public-processor Processed 1 successful txs and 0 failed txs (0 silently skipped, 0ms wasted) in 0.027473333000030836s {"blockNumber":27,"successfulCount":1,"failedCount":0,"duration":0.027473333000030836,"rate":5627893.783394481,"totalPublicGas":{"daGas":0,"l2Gas":154617},"totalBlockGas":{"daGas":0,"l2Gas":154617},"totalSizeInBytes":128,"silentlySkippedCount":0,"silentlySkippedDurationMs":0}
[15:59:02.684] INFO: simulator:public-processor Processed 1 successful txs and 0 failed txs (0 silently skipped, 0ms wasted) in 0.00685491599998204s {"blockNumber":27,"successfulCount":1,"failedCount":0,"duration":0.00685491599998204,"rate":1939192.2526891397,"totalPublicGas":{"daGas":0,"l2Gas":13293},"totalBlockGas":{"daGas":0,"l2Gas":13293},"totalSizeInBytes":128,"silentlySkippedCount":0,"silentlySkippedDurationMs":0}
[15:59:02.723] INFO: simulator:public-processor Processed 1 successful txs and 0 failed txs (0 silently skipped, 0ms wasted) in 0.0077225000000325965s {"blockNumber":27,"successfulCount":1,"failedCount":0,"duration":0.0077225000000325965,"rate":1742311.4276391333,"totalPublicGas":{"daGas":0,"l2Gas":13455},"totalBlockGas":{"daGas":0,"l2Gas":13455},"totalSizeInBytes":128,"silentlySkippedCount":0,"silentlySkippedDurationMs":0}
[15:59:10.844] INFO: simulator:public-processor Processed 1 successful txs and 0 failed txs (0 silently skipped, 0ms wasted) in 0.06807862500002375s {"blockNumber":27,"successfulCount":1,"failedCount":0,"duration":0.06807862500002375,"rate":30260863.81737706,"totalPublicGas":{"daGas":3840,"l2Gas":2060118},"totalBlockGas":{"daGas":5216,"l2Gas":2786868},"totalSizeInBytes":5216,"silentlySkippedCount":0,"silentlySkippedDurationMs":0}
[15:59:10.930] INFO: simulator:public-processor Processed 1 successful txs and 0 failed txs (0 silently skipped, 0ms wasted) in 0.008058166999951936s {"blockNumber":28,"successfulCount":1,"failedCount":0,"duration":0.008058166999951936,"rate":1167883.4653161361,"totalPublicGas":{"daGas":0,"l2Gas":9411},"totalBlockGas":{"daGas":0,"l2Gas":9411},"totalSizeInBytes":128,"silentlySkippedCount":0,"silentlySkippedDurationMs":0}
[15:59:10.971] INFO: simulator:public-processor Processed 1 successful txs and 0 failed txs (0 silently skipped, 0ms wasted) in 0.00745537499996135s {"blockNumber":28,"successfulCount":1,"failedCount":0,"duration":0.00745537499996135,"rate":1630501.483837234,"totalPublicGas":{"daGas":0,"l2Gas":12156},"totalBlockGas":{"daGas":0,"l2Gas":12156},"totalSizeInBytes":128,"silentlySkippedCount":0,"silentlySkippedDurationMs":0}
[15:59:11.016] INFO: simulator:public-processor Processed 1 successful txs and 0 failed txs (0 silently skipped, 0ms wasted) in 0.007760250000050291s {"blockNumber":28,"successfulCount":1,"failedCount":0,"duration":0.007760250000050291,"rate":1406397.9897463704,"totalPublicGas":{"daGas":0,"l2Gas":10914},"totalBlockGas":{"daGas":0,"l2Gas":10914},"totalSizeInBytes":128,"silentlySkippedCount":0,"silentlySkippedDurationMs":0}
[15:59:11.091] INFO: simulator:public-processor Processed 1 successful txs and 0 failed txs (0 silently skipped, 0ms wasted) in 0.0324641249999986s {"blockNumber":28,"successfulCount":1,"failedCount":0,"duration":0.0324641249999986,"rate":4762703.445726834,"totalPublicGas":{"daGas":0,"l2Gas":154617},"totalBlockGas":{"daGas":0,"l2Gas":154617},"totalSizeInBytes":128,"silentlySkippedCount":0,"silentlySkippedDurationMs":0}
[15:59:11.121] INFO: simulator:public-processor Processed 1 successful txs and 0 failed txs (0 silently skipped, 0ms wasted) in 0.012303375000017696s {"blockNumber":28,"successfulCount":1,"failedCount":0,"duration":0.012303375000017696,"rate":1080435.2464247316,"totalPublicGas":{"daGas":0,"l2Gas":13293},"totalBlockGas":{"daGas":0,"l2Gas":13293},"totalSizeInBytes":128,"silentlySkippedCount":0,"silentlySkippedDurationMs":0}
[15:59:11.169] INFO: simulator:public-processor Processed 1 successful txs and 0 failed txs (0 silently skipped, 0ms wasted) in 0.009200124999973924s {"blockNumber":28,"successfulCount":1,"failedCount":0,"duration":0.009200124999973924,"rate":1462480.1293502138,"totalPublicGas":{"daGas":0,"l2Gas":13455},"totalBlockGas":{"daGas":0,"l2Gas":13455},"totalSizeInBytes":128,"silentlySkippedCount":0,"silentlySkippedDurationMs":0}
[15:59:18.018] INFO: txe:top_level_context Created block 73 with timestamp 1789671514
[15:59:18.767] INFO: simulator:public-processor Processed 1 successful txs and 0 failed txs (0 silently skipped, 0ms wasted) in 0.044251708000025244s {"blockNumber":74,"successfulCount":1,"failedCount":0,"duration":0.044251708000025244,"rate":46554542.03030592,"totalPublicGas":{"daGas":3840,"l2Gas":2060118},"totalBlockGas":{"daGas":5216,"l2Gas":2786868},"totalSizeInBytes":5216,"silentlySkippedCount":0,"silentlySkippedDurationMs":0}
[15:59:19.578] INFO: simulator:public-processor Processed 1 successful txs and 0 failed txs (0 silently skipped, 0ms wasted) in 0.050266915999993216s {"blockNumber":28,"successfulCount":1,"failedCount":0,"duration":0.050266915999993216,"rate":40983576.55361785,"totalPublicGas":{"daGas":3840,"l2Gas":2060118},"totalBlockGas":{"daGas":5216,"l2Gas":2786868},"totalSizeInBytes":5216,"silentlySkippedCount":0,"silentlySkippedDurationMs":0}
[15:59:19.644] INFO: simulator:public-processor Processed 1 successful txs and 0 failed txs (0 silently skipped, 0ms wasted) in 0.006751416000013706s {"blockNumber":29,"successfulCount":1,"failedCount":0,"duration":0.006751416000013706,"rate":1393929.8067221595,"totalPublicGas":{"daGas":0,"l2Gas":9411},"totalBlockGas":{"daGas":0,"l2Gas":9411},"totalSizeInBytes":128,"silentlySkippedCount":0,"silentlySkippedDurationMs":0}
[15:59:19.666] INFO: simulator:public-processor Processed 1 successful txs and 0 failed txs (0 silently skipped, 0ms wasted) in 0.006570957999967504s {"blockNumber":29,"successfulCount":1,"failedCount":0,"duration":0.006570957999967504,"rate":1849958.560085168,"totalPublicGas":{"daGas":0,"l2Gas":12156},"totalBlockGas":{"daGas":0,"l2Gas":12156},"totalSizeInBytes":128,"silentlySkippedCount":0,"silentlySkippedDurationMs":0}
[15:59:19.688] INFO: simulator:public-processor Processed 1 successful txs and 0 failed txs (0 silently skipped, 0ms wasted) in 0.006771999999997206s {"blockNumber":29,"successfulCount":1,"failedCount":0,"duration":0.006771999999997206,"rate":1611636.1488488636,"totalPublicGas":{"daGas":0,"l2Gas":10914},"totalBlockGas":{"daGas":0,"l2Gas":10914},"totalSizeInBytes":128,"silentlySkippedCount":0,"silentlySkippedDurationMs":0}
[15:59:19.718] INFO: simulator:public-processor Processed 1 successful txs and 0 failed txs (0 silently skipped, 0ms wasted) in 0.011860333999968133s {"blockNumber":29,"successfulCount":1,"failedCount":0,"duration":0.011860333999968133,"rate":13036479.411154477,"totalPublicGas":{"daGas":0,"l2Gas":154617},"totalBlockGas":{"daGas":0,"l2Gas":154617},"totalSizeInBytes":128,"silentlySkippedCount":0,"silentlySkippedDurationMs":0}
[15:59:19.745] INFO: simulator:public-processor Processed 1 successful txs and 0 failed txs (0 silently skipped, 0ms wasted) in 0.006624624999996741s {"blockNumber":29,"successfulCount":1,"failedCount":0,"duration":0.006624624999996741,"rate":2006604.1474055573,"totalPublicGas":{"daGas":0,"l2Gas":13293},"totalBlockGas":{"daGas":0,"l2Gas":13293},"totalSizeInBytes":128,"silentlySkippedCount":0,"silentlySkippedDurationMs":0}
[15:59:19.774] INFO: simulator:public-processor Processed 1 successful txs and 0 failed txs (0 silently skipped, 0ms wasted) in 0.012828125s {"blockNumber":29,"successfulCount":1,"failedCount":0,"duration":0.012828125,"rate":1048867.2350791718,"totalPublicGas":{"daGas":0,"l2Gas":13455},"totalBlockGas":{"daGas":0,"l2Gas":13455},"totalSizeInBytes":128,"silentlySkippedCount":0,"silentlySkippedDurationMs":0}
[15:59:19.942] INFO: simulator:public-processor Processed 1 successful txs and 0 failed txs (0 silently skipped, 0ms wasted) in 0.013467667000018991s {"blockNumber":75,"successfulCount":1,"failedCount":0,"duration":0.013467667000018991,"rate":698784.7264107978,"totalPublicGas":{"daGas":0,"l2Gas":9411},"totalBlockGas":{"daGas":0,"l2Gas":9411},"totalSizeInBytes":128,"silentlySkippedCount":0,"silentlySkippedDurationMs":0}
[15:59:19.976] INFO: txe:top_level_context Created block 75 with timestamp 1789678715
[15:59:21.627] INFO: simulator:public-processor Processed 1 successful txs and 0 failed txs (0 silently skipped, 0ms wasted) in 0.008584583999996538s {"blockNumber":76,"successfulCount":1,"failedCount":0,"duration":0.008584583999996538,"rate":0,"totalPublicGas":{"daGas":0,"l2Gas":0},"totalBlockGas":{"daGas":1440,"l2Gas":527400},"totalSizeInBytes":1440,"silentlySkippedCount":0,"silentlySkippedDurationMs":0}
[15:59:21.688] INFO: txe:top_level_context Created block 77 with timestamp 1789685916
[15:59:22.330] INFO: simulator:public-processor Processed 1 successful txs and 0 failed txs (0 silently skipped, 0ms wasted) in 0.010656041999987792s {"blockNumber":78,"successfulCount":1,"failedCount":0,"duration":0.010656041999987792,"rate":0,"totalPublicGas":{"daGas":0,"l2Gas":0},"totalBlockGas":{"daGas":256,"l2Gas":477200},"totalSizeInBytes":256,"silentlySkippedCount":0,"silentlySkippedDurationMs":0}
[billboard_test] Testing c04_seeded::test_history_seeded_1002_tail_authentication_and_exit ... [0m[32mok[0m <55.122s>
[15:59:28.024] INFO: kv-store:lmdb-v2 Starting data store with maxReaders 2
[15:59:28.026] INFO: world-state:database Creating world state data store at directory /var/folders/ym/q1vh2x5n58xbsmpmvs5_6w3r0000gn/T/aztec-world-state-39VnBh/world_state with map sizes {"archiveTreeMapSizeKb":10485760,"nullifierTreeMapSizeKb":10485760,"noteHashTreeMapSizeKb":10485760,"messageTreeMapSizeKb":10485760,"publicDataTreeMapSizeKb":10485760} and 2 threads (ephemeral=true).
[15:59:28.039] INFO: txe_node Aztec Node version: txe
[15:59:28.039] INFO: txe_node Aztec Node started on chain 0x1
[15:59:28.057] INFO: txe:top_level_context Created block 1 with timestamp 1789657168
[15:59:28.154] INFO: txe:top_level_context Created block 2 with timestamp 1789657168
[15:59:28.296] INFO: simulator:public-processor Processed 1 successful txs and 0 failed txs (0 silently skipped, 0ms wasted) in 0.09300279100000626s {"blockNumber":3,"successfulCount":1,"failedCount":0,"duration":0.09300279100000626,"rate":62113404.74717163,"totalPublicGas":{"daGas":5792,"l2Gas":5776720},"totalBlockGas":{"daGas":5792,"l2Gas":5776720},"totalSizeInBytes":5920,"silentlySkippedCount":0,"silentlySkippedDurationMs":0}
[15:59:28.784] INFO: simulator:public-processor Processed 1 successful txs and 0 failed txs (0 silently skipped, 0ms wasted) in 0.02149258399999235s {"blockNumber":4,"successfulCount":1,"failedCount":0,"duration":0.02149258399999235,"rate":53072585.40901392,"totalPublicGas":{"daGas":192,"l2Gas":1140667},"totalBlockGas":{"daGas":320,"l2Gas":1731467},"totalSizeInBytes":320,"silentlySkippedCount":0,"silentlySkippedDurationMs":0}
[15:59:28.883] INFO: txe:top_level_context Created block 5 with timestamp 1789657168
[15:59:28.916] INFO: simulator:public-processor Processed 1 successful txs and 0 failed txs (0 silently skipped, 0ms wasted) in 0.04814550000004238s {"blockNumber":29,"successfulCount":1,"failedCount":0,"duration":0.04814550000004238,"rate":42789419.571884945,"totalPublicGas":{"daGas":3840,"l2Gas":2060118},"totalBlockGas":{"daGas":5216,"l2Gas":2786868},"totalSizeInBytes":5216,"silentlySkippedCount":0,"silentlySkippedDurationMs":0}
[15:59:28.968] INFO: simulator:public-processor Processed 1 successful txs and 0 failed txs (0 silently skipped, 0ms wasted) in 0.008848375000001397s {"blockNumber":30,"successfulCount":1,"failedCount":0,"duration":0.008848375000001397,"rate":1063585.1215617007,"totalPublicGas":{"daGas":0,"l2Gas":9411},"totalBlockGas":{"daGas":0,"l2Gas":9411},"totalSizeInBytes":128,"silentlySkippedCount":0,"silentlySkippedDurationMs":0}
[15:59:29.003] INFO: simulator:public-processor Processed 1 successful txs and 0 failed txs (0 silently skipped, 0ms wasted) in 0.006243499999982305s {"blockNumber":30,"successfulCount":1,"failedCount":0,"duration":0.006243499999982305,"rate":1946984.8642643474,"totalPublicGas":{"daGas":0,"l2Gas":12156},"totalBlockGas":{"daGas":0,"l2Gas":12156},"totalSizeInBytes":128,"silentlySkippedCount":0,"silentlySkippedDurationMs":0}
[15:59:29.052] INFO: simulator:public-processor Processed 1 successful txs and 0 failed txs (0 silently skipped, 0ms wasted) in 0.01498441700002877s {"blockNumber":30,"successfulCount":1,"failedCount":0,"duration":0.01498441700002877,"rate":728356.6654597936,"totalPublicGas":{"daGas":0,"l2Gas":10914},"totalBlockGas":{"daGas":0,"l2Gas":10914},"totalSizeInBytes":128,"silentlySkippedCount":0,"silentlySkippedDurationMs":0}
[15:59:29.099] INFO: simulator:public-processor Processed 1 successful txs and 0 failed txs (0 silently skipped, 0ms wasted) in 0.021360416000010447s {"blockNumber":30,"successfulCount":1,"failedCount":0,"duration":0.021360416000010447,"rate":7238482.621308704,"totalPublicGas":{"daGas":0,"l2Gas":154617},"totalBlockGas":{"daGas":0,"l2Gas":154617},"totalSizeInBytes":128,"silentlySkippedCount":0,"silentlySkippedDurationMs":0}
[15:59:29.126] INFO: simulator:public-processor Processed 1 successful txs and 0 failed txs (0 silently skipped, 0ms wasted) in 0.007145875000045635s {"blockNumber":30,"successfulCount":1,"failedCount":0,"duration":0.007145875000045635,"rate":1860234.0511015248,"totalPublicGas":{"daGas":0,"l2Gas":13293},"totalBlockGas":{"daGas":0,"l2Gas":13293},"totalSizeInBytes":128,"silentlySkippedCount":0,"silentlySkippedDurationMs":0}
[15:59:29.154] INFO: simulator:public-processor Processed 1 successful txs and 0 failed txs (0 silently skipped, 0ms wasted) in 0.006584333000006154s {"blockNumber":30,"successfulCount":1,"failedCount":0,"duration":0.006584333000006154,"rate":2043487.168705991,"totalPublicGas":{"daGas":0,"l2Gas":13455},"totalBlockGas":{"daGas":0,"l2Gas":13455},"totalSizeInBytes":128,"silentlySkippedCount":0,"silentlySkippedDurationMs":0}
[15:59:29.182] INFO: simulator:public-processor Processed 1 successful txs and 0 failed txs (0 silently skipped, 0ms wasted) in 0.025508167000021786s {"blockNumber":6,"successfulCount":1,"failedCount":0,"duration":0.025508167000021786,"rate":0,"totalPublicGas":{"daGas":0,"l2Gas":0},"totalBlockGas":{"daGas":1984,"l2Gas":529900},"totalSizeInBytes":1984,"silentlySkippedCount":0,"silentlySkippedDurationMs":0}
[15:59:29.276] INFO: txe:top_level_context Created block 7 with timestamp 1789660769
[15:59:30.155] INFO: simulator:public-processor Processed 1 successful txs and 0 failed txs (0 silently skipped, 0ms wasted) in 0.04281804200005718s {"blockNumber":8,"successfulCount":1,"failedCount":0,"duration":0.04281804200005718,"rate":48113316.34448042,"totalPublicGas":{"daGas":3840,"l2Gas":2060118},"totalBlockGas":{"daGas":5216,"l2Gas":2786868},"totalSizeInBytes":5216,"silentlySkippedCount":0,"silentlySkippedDurationMs":0}
[15:59:30.201] INFO: simulator:public-processor Processed 1 successful txs and 0 failed txs (0 silently skipped, 0ms wasted) in 0.006827334000030533s {"blockNumber":9,"successfulCount":1,"failedCount":0,"duration":0.006827334000030533,"rate":1780490.012638262,"totalPublicGas":{"daGas":0,"l2Gas":12156},"totalBlockGas":{"daGas":0,"l2Gas":12156},"totalSizeInBytes":128,"silentlySkippedCount":0,"silentlySkippedDurationMs":0}
[15:59:30.223] INFO: simulator:public-processor Processed 1 successful txs and 0 failed txs (0 silently skipped, 0ms wasted) in 0.006658624999981839s {"blockNumber":9,"successfulCount":1,"failedCount":0,"duration":0.006658624999981839,"rate":2020687.4542471904,"totalPublicGas":{"daGas":0,"l2Gas":13455},"totalBlockGas":{"daGas":0,"l2Gas":13455},"totalSizeInBytes":128,"silentlySkippedCount":0,"silentlySkippedDurationMs":0}
[15:59:30.245] INFO: simulator:public-processor Processed 1 successful txs and 0 failed txs (0 silently skipped, 0ms wasted) in 0.006679415999969933s {"blockNumber":9,"successfulCount":1,"failedCount":0,"duration":0.006679415999969933,"rate":2075031.7093683623,"totalPublicGas":{"daGas":0,"l2Gas":13860},"totalBlockGas":{"daGas":0,"l2Gas":13860},"totalSizeInBytes":128,"silentlySkippedCount":0,"silentlySkippedDurationMs":0}
[15:59:30.951] INFO: txe:top_level_context Created block 9 with timestamp 1789667970
[15:59:31.557] INFO: simulator:public-processor Processed 1 successful txs and 0 failed txs (0 silently skipped, 0ms wasted) in 0.04474062499997672s {"blockNumber":10,"successfulCount":1,"failedCount":0,"duration":0.04474062499997672,"rate":46045802.89169121,"totalPublicGas":{"daGas":3840,"l2Gas":2060118},"totalBlockGas":{"daGas":5216,"l2Gas":2786868},"totalSizeInBytes":5216,"silentlySkippedCount":0,"silentlySkippedDurationMs":0}
[15:59:32.337] INFO: txe:top_level_context Created block 11 with timestamp 1789671569
[15:59:33.422] INFO: simulator:public-processor Processed 1 successful txs and 0 failed txs (0 silently skipped, 0ms wasted) in 0.005697082999977283s {"blockNumber":12,"successfulCount":1,"failedCount":0,"duration":0.005697082999977283,"rate":0,"totalPublicGas":{"daGas":0,"l2Gas":0},"totalBlockGas":{"daGas":1440,"l2Gas":527400},"totalSizeInBytes":1440,"silentlySkippedCount":0,"silentlySkippedDurationMs":0}
[billboard_test] Testing c05::c05_delayed_public_inclusion_gets_full_moderation_window ... [0m[32mok[0m
[15:59:35.448] INFO: simulator:public-processor Processed 1 successful txs and 0 failed txs (0 silently skipped, 0ms wasted) in 0.0428180000000284s {"blockNumber":30,"successfulCount":1,"failedCount":0,"duration":0.0428180000000284,"rate":48113363.53866676,"totalPublicGas":{"daGas":3840,"l2Gas":2060118},"totalBlockGas":{"daGas":5216,"l2Gas":2786868},"totalSizeInBytes":5216,"silentlySkippedCount":0,"silentlySkippedDurationMs":0}
[15:59:35.494] INFO: simulator:public-processor Processed 1 successful txs and 0 failed txs (0 silently skipped, 0ms wasted) in 0.006478624999988824s {"blockNumber":31,"successfulCount":1,"failedCount":0,"duration":0.006478624999988824,"rate":1452623.0488747589,"totalPublicGas":{"daGas":0,"l2Gas":9411},"totalBlockGas":{"daGas":0,"l2Gas":9411},"totalSizeInBytes":128,"silentlySkippedCount":0,"silentlySkippedDurationMs":0}
[15:59:35.516] INFO: simulator:public-processor Processed 1 successful txs and 0 failed txs (0 silently skipped, 0ms wasted) in 0.0063597079999744895s {"blockNumber":31,"successfulCount":1,"failedCount":0,"duration":0.0063597079999744895,"rate":1911408.5112160435,"totalPublicGas":{"daGas":0,"l2Gas":12156},"totalBlockGas":{"daGas":0,"l2Gas":12156},"totalSizeInBytes":128,"silentlySkippedCount":0,"silentlySkippedDurationMs":0}
[15:59:35.537] INFO: simulator:public-processor Processed 1 successful txs and 0 failed txs (0 silently skipped, 0ms wasted) in 0.00636104200000409s {"blockNumber":31,"successfulCount":1,"failedCount":0,"duration":0.00636104200000409,"rate":1715756.6323242295,"totalPublicGas":{"daGas":0,"l2Gas":10914},"totalBlockGas":{"daGas":0,"l2Gas":10914},"totalSizeInBytes":128,"silentlySkippedCount":0,"silentlySkippedDurationMs":0}
[15:59:35.563] INFO: simulator:public-processor Processed 1 successful txs and 0 failed txs (0 silently skipped, 0ms wasted) in 0.010889874999993481s {"blockNumber":31,"successfulCount":1,"failedCount":0,"duration":0.010889874999993481,"rate":14198234.598660918,"totalPublicGas":{"daGas":0,"l2Gas":154617},"totalBlockGas":{"daGas":0,"l2Gas":154617},"totalSizeInBytes":128,"silentlySkippedCount":0,"silentlySkippedDurationMs":0}
[15:59:35.585] INFO: simulator:public-processor Processed 1 successful txs and 0 failed txs (0 silently skipped, 0ms wasted) in 0.006372040999995079s {"blockNumber":31,"successfulCount":1,"failedCount":0,"duration":0.006372040999995079,"rate":2086144.7690010574,"totalPublicGas":{"daGas":0,"l2Gas":13293},"totalBlockGas":{"daGas":0,"l2Gas":13293},"totalSizeInBytes":128,"silentlySkippedCount":0,"silentlySkippedDurationMs":0}
[15:59:35.607] INFO: simulator:public-processor Processed 1 successful txs and 0 failed txs (0 silently skipped, 0ms wasted) in 0.006694833000015933s {"blockNumber":31,"successfulCount":1,"failedCount":0,"duration":0.006694833000015933,"rate":2009758.8692605144,"totalPublicGas":{"daGas":0,"l2Gas":13455},"totalBlockGas":{"daGas":0,"l2Gas":13455},"totalSizeInBytes":128,"silentlySkippedCount":0,"silentlySkippedDurationMs":0}
[billboard_test] Testing c05::c05_exact_executable_horizon_is_finite ... [0m[32mok[0m
[15:59:39.495] INFO: simulator:public-processor Processed 1 successful txs and 0 failed txs (0 silently skipped, 0ms wasted) in 0.04260183299996424s {"blockNumber":31,"successfulCount":1,"failedCount":0,"duration":0.04260183299996424,"rate":48357496.73028691,"totalPublicGas":{"daGas":3840,"l2Gas":2060118},"totalBlockGas":{"daGas":5216,"l2Gas":2786868},"totalSizeInBytes":5216,"silentlySkippedCount":0,"silentlySkippedDurationMs":0}
[15:59:39.541] INFO: simulator:public-processor Processed 1 successful txs and 0 failed txs (0 silently skipped, 0ms wasted) in 0.006396750000014435s {"blockNumber":32,"successfulCount":1,"failedCount":0,"duration":0.006396750000014435,"rate":1471215.8517964222,"totalPublicGas":{"daGas":0,"l2Gas":9411},"totalBlockGas":{"daGas":0,"l2Gas":9411},"totalSizeInBytes":128,"silentlySkippedCount":0,"silentlySkippedDurationMs":0}
[15:59:39.562] INFO: simulator:public-processor Processed 1 successful txs and 0 failed txs (0 silently skipped, 0ms wasted) in 0.006443374999973457s {"blockNumber":32,"successfulCount":1,"failedCount":0,"duration":0.006443374999973457,"rate":1886588.9382583003,"totalPublicGas":{"daGas":0,"l2Gas":12156},"totalBlockGas":{"daGas":0,"l2Gas":12156},"totalSizeInBytes":128,"silentlySkippedCount":0,"silentlySkippedDurationMs":0}
[15:59:39.583] INFO: simulator:public-processor Processed 1 successful txs and 0 failed txs (0 silently skipped, 0ms wasted) in 0.006288291000004392s {"blockNumber":32,"successfulCount":1,"failedCount":0,"duration":0.006288291000004392,"rate":1735606.7014062132,"totalPublicGas":{"daGas":0,"l2Gas":10914},"totalBlockGas":{"daGas":0,"l2Gas":10914},"totalSizeInBytes":128,"silentlySkippedCount":0,"silentlySkippedDurationMs":0}
[15:59:39.609] INFO: simulator:public-processor Processed 1 successful txs and 0 failed txs (0 silently skipped, 0ms wasted) in 0.010901416999986395s {"blockNumber":32,"successfulCount":1,"failedCount":0,"duration":0.010901416999986395,"rate":14183202.055310147,"totalPublicGas":{"daGas":0,"l2Gas":154617},"totalBlockGas":{"daGas":0,"l2Gas":154617},"totalSizeInBytes":128,"silentlySkippedCount":0,"silentlySkippedDurationMs":0}
[15:59:39.631] INFO: simulator:public-processor Processed 1 successful txs and 0 failed txs (0 silently skipped, 0ms wasted) in 0.006366666999994777s {"blockNumber":32,"successfulCount":1,"failedCount":0,"duration":0.006366666999994777,"rate":2087905.6498495846,"totalPublicGas":{"daGas":0,"l2Gas":13293},"totalBlockGas":{"daGas":0,"l2Gas":13293},"totalSizeInBytes":128,"silentlySkippedCount":0,"silentlySkippedDurationMs":0}
[15:59:39.652] INFO: simulator:public-processor Processed 1 successful txs and 0 failed txs (0 silently skipped, 0ms wasted) in 0.006427416999998968s {"blockNumber":32,"successfulCount":1,"failedCount":0,"duration":0.006427416999998968,"rate":2093375.9237967848,"totalPublicGas":{"daGas":0,"l2Gas":13455},"totalBlockGas":{"daGas":0,"l2Gas":13455},"totalSizeInBytes":128,"silentlySkippedCount":0,"silentlySkippedDurationMs":0}
[15:59:39.738] INFO: kv-store:lmdb-v2 Starting data store with maxReaders 2
[15:59:39.745] INFO: world-state:database Creating world state data store at directory /var/folders/ym/q1vh2x5n58xbsmpmvs5_6w3r0000gn/T/aztec-world-state-VqVH0H/world_state with map sizes {"archiveTreeMapSizeKb":10485760,"nullifierTreeMapSizeKb":10485760,"noteHashTreeMapSizeKb":10485760,"messageTreeMapSizeKb":10485760,"publicDataTreeMapSizeKb":10485760} and 2 threads (ephemeral=true).
[15:59:39.759] INFO: txe_node Aztec Node version: txe
[15:59:39.759] INFO: txe_node Aztec Node started on chain 0x1
[15:59:39.783] INFO: txe:top_level_context Created block 1 with timestamp 1789657179
[15:59:40.003] INFO: txe:top_level_context Created block 2 with timestamp 1789657179
[15:59:40.203] INFO: simulator:public-processor Processed 1 successful txs and 0 failed txs (0 silently skipped, 0ms wasted) in 0.094227125000034s {"blockNumber":3,"successfulCount":1,"failedCount":0,"duration":0.094227125000034,"rate":61306338.27571324,"totalPublicGas":{"daGas":5792,"l2Gas":5776720},"totalBlockGas":{"daGas":5792,"l2Gas":5776720},"totalSizeInBytes":5920,"silentlySkippedCount":0,"silentlySkippedDurationMs":0}
[15:59:40.391] INFO: simulator:public-processor Processed 1 successful txs and 0 failed txs (0 silently skipped, 0ms wasted) in 0.02096562500001164s {"blockNumber":4,"successfulCount":1,"failedCount":0,"duration":0.02096562500001164,"rate":54406534.5058574,"totalPublicGas":{"daGas":192,"l2Gas":1140667},"totalBlockGas":{"daGas":320,"l2Gas":1731467},"totalSizeInBytes":320,"silentlySkippedCount":0,"silentlySkippedDurationMs":0}
[15:59:40.439] INFO: txe:top_level_context Created block 5 with timestamp 1789657179
[15:59:41.026] INFO: simulator:public-processor Processed 1 successful txs and 0 failed txs (0 silently skipped, 0ms wasted) in 0.005665666999993846s {"blockNumber":6,"successfulCount":1,"failedCount":0,"duration":0.005665666999993846,"rate":0,"totalPublicGas":{"daGas":0,"l2Gas":0},"totalBlockGas":{"daGas":1984,"l2Gas":529900},"totalSizeInBytes":1984,"silentlySkippedCount":0,"silentlySkippedDurationMs":0}
[15:59:41.069] INFO: txe:top_level_context Created block 7 with timestamp 1789660780
[15:59:41.685] INFO: simulator:public-processor Processed 1 successful txs and 0 failed txs (0 silently skipped, 0ms wasted) in 0.043180792000028306s {"blockNumber":8,"successfulCount":1,"failedCount":0,"duration":0.043180792000028306,"rate":47709129.55924128,"totalPublicGas":{"daGas":3840,"l2Gas":2060118},"totalBlockGas":{"daGas":5216,"l2Gas":2786868},"totalSizeInBytes":5216,"silentlySkippedCount":0,"silentlySkippedDurationMs":0}
[15:59:41.731] INFO: simulator:public-processor Processed 1 successful txs and 0 failed txs (0 silently skipped, 0ms wasted) in 0.006843333999975584s {"blockNumber":9,"successfulCount":1,"failedCount":0,"duration":0.006843333999975584,"rate":1776327.1528239555,"totalPublicGas":{"daGas":0,"l2Gas":12156},"totalBlockGas":{"daGas":0,"l2Gas":12156},"totalSizeInBytes":128,"silentlySkippedCount":0,"silentlySkippedDurationMs":0}
[15:59:41.760] INFO: simulator:public-processor Processed 1 successful txs and 0 failed txs (0 silently skipped, 0ms wasted) in 0.01425366699998267s {"blockNumber":9,"successfulCount":1,"failedCount":0,"duration":0.01425366699998267,"rate":961647.272945037,"totalPublicGas":{"daGas":0,"l2Gas":13707},"totalBlockGas":{"daGas":0,"l2Gas":13707},"totalSizeInBytes":128,"silentlySkippedCount":0,"silentlySkippedDurationMs":0}
[15:59:41.863] INFO: simulator:public-processor Processed 1 successful txs and 0 failed txs (0 silently skipped, 0ms wasted) in 0.02158045900001889s {"blockNumber":9,"successfulCount":1,"failedCount":0,"duration":0.02158045900001889,"rate":642247.692692165,"totalPublicGas":{"daGas":0,"l2Gas":13860},"totalBlockGas":{"daGas":0,"l2Gas":13860},"totalSizeInBytes":128,"silentlySkippedCount":0,"silentlySkippedDurationMs":0}
[15:59:41.888] INFO: txe:top_level_context Created block 9 with timestamp 1789664379
[15:59:41.929] INFO: simulator:public-processor Processed 1 successful txs and 0 failed txs (0 silently skipped, 0ms wasted) in 0.015084625000017695s {"blockNumber":10,"successfulCount":1,"failedCount":0,"duration":0.015084625000017695,"rate":33606337.5787867,"totalPublicGas":{"daGas":1152,"l2Gas":506939},"totalBlockGas":{"daGas":1152,"l2Gas":506939},"totalSizeInBytes":1280,"silentlySkippedCount":0,"silentlySkippedDurationMs":0}
[15:59:41.984] INFO: txe:top_level_context Created block 11 with timestamp 1789664380
[15:59:43.145] INFO: simulator:public-processor Processed 1 successful txs and 0 failed txs (0 silently skipped, 0ms wasted) in 0.005666999999957625s {"blockNumber":12,"successfulCount":1,"failedCount":0,"duration":0.005666999999957625,"rate":0,"totalPublicGas":{"daGas":0,"l2Gas":0},"totalBlockGas":{"daGas":1440,"l2Gas":527400},"totalSizeInBytes":1440,"silentlySkippedCount":0,"silentlySkippedDurationMs":0}
[15:59:43.809] INFO: txe:top_level_context Created block 13 with timestamp 1789678779
[15:59:44.762] INFO: simulator:public-processor Processed 1 successful txs and 0 failed txs (0 silently skipped, 0ms wasted) in 0.005616665999987162s {"blockNumber":14,"successfulCount":1,"failedCount":0,"duration":0.005616665999987162,"rate":0,"totalPublicGas":{"daGas":0,"l2Gas":0},"totalBlockGas":{"daGas":1440,"l2Gas":527400},"totalSizeInBytes":1440,"silentlySkippedCount":0,"silentlySkippedDurationMs":0}
[billboard_test] Testing c05::c05_flag_before_deadline_screens_at_deadline_once ... [0m[32mok[0m
[15:59:46.038] INFO: simulator:public-processor Processed 1 successful txs and 0 failed txs (0 silently skipped, 0ms wasted) in 0.042679584000026805s {"blockNumber":32,"successfulCount":1,"failedCount":0,"duration":0.042679584000026805,"rate":48269402.06349495,"totalPublicGas":{"daGas":3840,"l2Gas":2060118},"totalBlockGas":{"daGas":5216,"l2Gas":2786868},"totalSizeInBytes":5216,"silentlySkippedCount":0,"silentlySkippedDurationMs":0}
[15:59:46.083] INFO: simulator:public-processor Processed 1 successful txs and 0 failed txs (0 silently skipped, 0ms wasted) in 0.006391958000021986s {"blockNumber":33,"successfulCount":1,"failedCount":0,"duration":0.006391958000021986,"rate":1472318.8106003872,"totalPublicGas":{"daGas":0,"l2Gas":9411},"totalBlockGas":{"daGas":0,"l2Gas":9411},"totalSizeInBytes":128,"silentlySkippedCount":0,"silentlySkippedDurationMs":0}
[15:59:46.105] INFO: simulator:public-processor Processed 1 successful txs and 0 failed txs (0 silently skipped, 0ms wasted) in 0.006670500000007451s {"blockNumber":33,"successfulCount":1,"failedCount":0,"duration":0.006670500000007451,"rate":1822352.1475131433,"totalPublicGas":{"daGas":0,"l2Gas":12156},"totalBlockGas":{"daGas":0,"l2Gas":12156},"totalSizeInBytes":128,"silentlySkippedCount":0,"silentlySkippedDurationMs":0}
[15:59:46.127] INFO: simulator:public-processor Processed 1 successful txs and 0 failed txs (0 silently skipped, 0ms wasted) in 0.0062948750000214205s {"blockNumber":33,"successfulCount":1,"failedCount":0,"duration":0.0062948750000214205,"rate":1733791.3779007306,"totalPublicGas":{"daGas":0,"l2Gas":10914},"totalBlockGas":{"daGas":0,"l2Gas":10914},"totalSizeInBytes":128,"silentlySkippedCount":0,"silentlySkippedDurationMs":0}
[15:59:46.152] INFO: simulator:public-processor Processed 1 successful txs and 0 failed txs (0 silently skipped, 0ms wasted) in 0.010583291000046301s {"blockNumber":33,"successfulCount":1,"failedCount":0,"duration":0.010583291000046301,"rate":14609538.753051726,"totalPublicGas":{"daGas":0,"l2Gas":154617},"totalBlockGas":{"daGas":0,"l2Gas":154617},"totalSizeInBytes":128,"silentlySkippedCount":0,"silentlySkippedDurationMs":0}
[15:59:46.174] INFO: simulator:public-processor Processed 1 successful txs and 0 failed txs (0 silently skipped, 0ms wasted) in 0.006411542000016197s {"blockNumber":33,"successfulCount":1,"failedCount":0,"duration":0.006411542000016197,"rate":2073292.1970980489,"totalPublicGas":{"daGas":0,"l2Gas":13293},"totalBlockGas":{"daGas":0,"l2Gas":13293},"totalSizeInBytes":128,"silentlySkippedCount":0,"silentlySkippedDurationMs":0}
[15:59:46.195] INFO: simulator:public-processor Processed 1 successful txs and 0 failed txs (0 silently skipped, 0ms wasted) in 0.006434166999999434s {"blockNumber":33,"successfulCount":1,"failedCount":0,"duration":0.006434166999999434,"rate":2091179.7906397493,"totalPublicGas":{"daGas":0,"l2Gas":13455},"totalBlockGas":{"daGas":0,"l2Gas":13455},"totalSizeInBytes":128,"silentlySkippedCount":0,"silentlySkippedDurationMs":0}
[15:59:48.138] INFO: kv-store:lmdb-v2 Starting data store with maxReaders 2
[15:59:48.140] INFO: world-state:database Creating world state data store at directory /var/folders/ym/q1vh2x5n58xbsmpmvs5_6w3r0000gn/T/aztec-world-state-prMkha/world_state with map sizes {"archiveTreeMapSizeKb":10485760,"nullifierTreeMapSizeKb":10485760,"noteHashTreeMapSizeKb":10485760,"messageTreeMapSizeKb":10485760,"publicDataTreeMapSizeKb":10485760} and 2 threads (ephemeral=true).
[15:59:48.158] INFO: txe_node Aztec Node version: txe
[15:59:48.158] INFO: txe_node Aztec Node started on chain 0x1
[15:59:48.176] INFO: txe:top_level_context Created block 1 with timestamp 1789657188
[15:59:48.229] INFO: txe:top_level_context Created block 2 with timestamp 1789657188
[15:59:48.386] INFO: simulator:public-processor Processed 1 successful txs and 0 failed txs (0 silently skipped, 0ms wasted) in 0.09096462499996415s {"blockNumber":3,"successfulCount":1,"failedCount":0,"duration":0.09096462499996415,"rate":63505126.30599287,"totalPublicGas":{"daGas":5792,"l2Gas":5776720},"totalBlockGas":{"daGas":5792,"l2Gas":5776720},"totalSizeInBytes":5920,"silentlySkippedCount":0,"silentlySkippedDurationMs":0}
[15:59:48.581] INFO: simulator:public-processor Processed 1 successful txs and 0 failed txs (0 silently skipped, 0ms wasted) in 0.030954916999966373s {"blockNumber":4,"successfulCount":1,"failedCount":0,"duration":0.030954916999966373,"rate":36849299.25676232,"totalPublicGas":{"daGas":192,"l2Gas":1140667},"totalBlockGas":{"daGas":320,"l2Gas":1731467},"totalSizeInBytes":320,"silentlySkippedCount":0,"silentlySkippedDurationMs":0}
[15:59:48.655] INFO: txe:top_level_context Created block 5 with timestamp 1789657188
[15:59:48.953] INFO: simulator:public-processor Processed 1 successful txs and 0 failed txs (0 silently skipped, 0ms wasted) in 0.006182249999954365s {"blockNumber":6,"successfulCount":1,"failedCount":0,"duration":0.006182249999954365,"rate":0,"totalPublicGas":{"daGas":0,"l2Gas":0},"totalBlockGas":{"daGas":1984,"l2Gas":529900},"totalSizeInBytes":1984,"silentlySkippedCount":0,"silentlySkippedDurationMs":0}
[15:59:48.998] INFO: txe:top_level_context Created block 7 with timestamp 1789660789
[billboard_test] Testing c05::c05_flag_cannot_apply_new_policy_to_old_post ... [0m[32mok[0m
[15:59:49.813] INFO: simulator:public-processor Processed 1 successful txs and 0 failed txs (0 silently skipped, 0ms wasted) in 0.04435229199996684s {"blockNumber":8,"successfulCount":1,"failedCount":0,"duration":0.04435229199996684,"rate":46448963.674786866,"totalPublicGas":{"daGas":3840,"l2Gas":2060118},"totalBlockGas":{"daGas":5216,"l2Gas":2786868},"totalSizeInBytes":5216,"silentlySkippedCount":0,"silentlySkippedDurationMs":0}
[15:59:49.859] INFO: simulator:public-processor Processed 1 successful txs and 0 failed txs (0 silently skipped, 0ms wasted) in 0.006906541999953333s {"blockNumber":9,"successfulCount":1,"failedCount":0,"duration":0.006906541999953333,"rate":1760070.3796606374,"totalPublicGas":{"daGas":0,"l2Gas":12156},"totalBlockGas":{"daGas":0,"l2Gas":12156},"totalSizeInBytes":128,"silentlySkippedCount":0,"silentlySkippedDurationMs":0}
[15:59:49.962] INFO: simulator:public-processor Processed 1 successful txs and 0 failed txs (0 silently skipped, 0ms wasted) in 0.08746937499998603s {"blockNumber":9,"successfulCount":1,"failedCount":0,"duration":0.08746937499998603,"rate":59331394.55953389,"totalPublicGas":{"daGas":4928,"l2Gas":5189680},"totalBlockGas":{"daGas":4928,"l2Gas":5189680},"totalSizeInBytes":5056,"silentlySkippedCount":0,"silentlySkippedDurationMs":0}
[15:59:50.007] INFO: simulator:public-processor Processed 1 successful txs and 0 failed txs (0 silently skipped, 0ms wasted) in 0.006949292000033892s {"blockNumber":10,"successfulCount":1,"failedCount":0,"duration":0.006949292000033892,"rate":1437124.817888109,"totalPublicGas":{"daGas":0,"l2Gas":9987},"totalBlockGas":{"daGas":0,"l2Gas":9987},"totalSizeInBytes":128,"silentlySkippedCount":0,"silentlySkippedDurationMs":0}
[15:59:50.033] INFO: simulator:public-processor Processed 1 successful txs and 0 failed txs (0 silently skipped, 0ms wasted) in 0.010041874999995343s {"blockNumber":10,"successfulCount":1,"failedCount":0,"duration":0.010041874999995343,"rate":1699881.745192797,"totalPublicGas":{"daGas":0,"l2Gas":17070},"totalBlockGas":{"daGas":0,"l2Gas":17070},"totalSizeInBytes":128,"silentlySkippedCount":0,"silentlySkippedDurationMs":0}
[15:59:50.053] WARN: txe:top_level_context Could not find function artifact in contract Billboard for function '0x2c552290' when enriching error callstack
[15:59:50.918] INFO: simulator:public-processor Processed 1 successful txs and 0 failed txs (0 silently skipped, 0ms wasted) in 0.04318958399997791s {"blockNumber":33,"successfulCount":1,"failedCount":0,"duration":0.04318958399997791,"rate":47699417.52625016,"totalPublicGas":{"daGas":3840,"l2Gas":2060118},"totalBlockGas":{"daGas":5216,"l2Gas":2786868},"totalSizeInBytes":5216,"silentlySkippedCount":0,"silentlySkippedDurationMs":0}
[15:59:50.964] INFO: simulator:public-processor Processed 1 successful txs and 0 failed txs (0 silently skipped, 0ms wasted) in 0.0064212079999852s {"blockNumber":34,"successfulCount":1,"failedCount":0,"duration":0.0064212079999852,"rate":1465612.077979983,"totalPublicGas":{"daGas":0,"l2Gas":9411},"totalBlockGas":{"daGas":0,"l2Gas":9411},"totalSizeInBytes":128,"silentlySkippedCount":0,"silentlySkippedDurationMs":0}
[15:59:50.986] INFO: simulator:public-processor Processed 1 successful txs and 0 failed txs (0 silently skipped, 0ms wasted) in 0.006527707999979612s {"blockNumber":34,"successfulCount":1,"failedCount":0,"duration":0.006527707999979612,"rate":1862215.6505833238,"totalPublicGas":{"daGas":0,"l2Gas":12156},"totalBlockGas":{"daGas":0,"l2Gas":12156},"totalSizeInBytes":128,"silentlySkippedCount":0,"silentlySkippedDurationMs":0}
[15:59:51.007] INFO: simulator:public-processor Processed 1 successful txs and 0 failed txs (0 silently skipped, 0ms wasted) in 0.0064569579999661075s {"blockNumber":34,"successfulCount":1,"failedCount":0,"duration":0.0064569579999661075,"rate":1690269.6285243435,"totalPublicGas":{"daGas":0,"l2Gas":10914},"totalBlockGas":{"daGas":0,"l2Gas":10914},"totalSizeInBytes":128,"silentlySkippedCount":0,"silentlySkippedDurationMs":0}
[15:59:51.033] INFO: simulator:public-processor Processed 1 successful txs and 0 failed txs (0 silently skipped, 0ms wasted) in 0.010703916999977083s {"blockNumber":34,"successfulCount":1,"failedCount":0,"duration":0.010703916999977083,"rate":14444899.002891282,"totalPublicGas":{"daGas":0,"l2Gas":154617},"totalBlockGas":{"daGas":0,"l2Gas":154617},"totalSizeInBytes":128,"silentlySkippedCount":0,"silentlySkippedDurationMs":0}
[15:59:51.055] INFO: simulator:public-processor Processed 1 successful txs and 0 failed txs (0 silently skipped, 0ms wasted) in 0.006445208000019193s {"blockNumber":34,"successfulCount":1,"failedCount":0,"duration":0.006445208000019193,"rate":2062462.5302954405,"totalPublicGas":{"daGas":0,"l2Gas":13293},"totalBlockGas":{"daGas":0,"l2Gas":13293},"totalSizeInBytes":128,"silentlySkippedCount":0,"silentlySkippedDurationMs":0}
[15:59:51.076] INFO: simulator:public-processor Processed 1 successful txs and 0 failed txs (0 silently skipped, 0ms wasted) in 0.006461583999975119s {"blockNumber":34,"successfulCount":1,"failedCount":0,"duration":0.006461583999975119,"rate":2082306.7532747095,"totalPublicGas":{"daGas":0,"l2Gas":13455},"totalBlockGas":{"daGas":0,"l2Gas":13455},"totalSizeInBytes":128,"silentlySkippedCount":0,"silentlySkippedDurationMs":0}
[15:59:52.869] INFO: kv-store:lmdb-v2 Starting data store with maxReaders 2
[15:59:52.870] INFO: world-state:database Creating world state data store at directory /var/folders/ym/q1vh2x5n58xbsmpmvs5_6w3r0000gn/T/aztec-world-state-zPrevW/world_state with map sizes {"archiveTreeMapSizeKb":10485760,"nullifierTreeMapSizeKb":10485760,"noteHashTreeMapSizeKb":10485760,"messageTreeMapSizeKb":10485760,"publicDataTreeMapSizeKb":10485760} and 2 threads (ephemeral=true).
[15:59:52.883] INFO: txe_node Aztec Node version: txe
[15:59:52.884] INFO: txe_node Aztec Node started on chain 0x1
[15:59:52.902] INFO: txe:top_level_context Created block 1 with timestamp 1789657192
[15:59:53.008] INFO: txe:top_level_context Created block 2 with timestamp 1789657192
[15:59:53.142] INFO: simulator:public-processor Processed 1 successful txs and 0 failed txs (0 silently skipped, 0ms wasted) in 0.09194987499999115s {"blockNumber":3,"successfulCount":1,"failedCount":0,"duration":0.09194987499999115,"rate":62824663.98133283,"totalPublicGas":{"daGas":5792,"l2Gas":5776720},"totalBlockGas":{"daGas":5792,"l2Gas":5776720},"totalSizeInBytes":5920,"silentlySkippedCount":0,"silentlySkippedDurationMs":0}
[15:59:53.332] INFO: simulator:public-processor Processed 1 successful txs and 0 failed txs (0 silently skipped, 0ms wasted) in 0.024180292000004554s {"blockNumber":4,"successfulCount":1,"failedCount":0,"duration":0.024180292000004554,"rate":47173417.09520237,"totalPublicGas":{"daGas":192,"l2Gas":1140667},"totalBlockGas":{"daGas":320,"l2Gas":1731467},"totalSizeInBytes":320,"silentlySkippedCount":0,"silentlySkippedDurationMs":0}
[15:59:53.423] INFO: txe:top_level_context Created block 5 with timestamp 1789657192
[15:59:53.662] INFO: simulator:public-processor Processed 1 successful txs and 0 failed txs (0 silently skipped, 0ms wasted) in 0.0058007920000236485s {"blockNumber":6,"successfulCount":1,"failedCount":0,"duration":0.0058007920000236485,"rate":0,"totalPublicGas":{"daGas":0,"l2Gas":0},"totalBlockGas":{"daGas":1984,"l2Gas":529900},"totalSizeInBytes":1984,"silentlySkippedCount":0,"silentlySkippedDurationMs":0}
[15:59:53.729] INFO: txe:top_level_context Created block 7 with timestamp 1789660793
[billboard_test] Testing c05::c05_flag_exact_deadline_rejected ... [0m[32mok[0m
[15:59:54.458] INFO: simulator:public-processor Processed 1 successful txs and 0 failed txs (0 silently skipped, 0ms wasted) in 0.04390870899998117s {"blockNumber":8,"successfulCount":1,"failedCount":0,"duration":0.04390870899998117,"rate":46918209.3238242,"totalPublicGas":{"daGas":3840,"l2Gas":2060118},"totalBlockGas":{"daGas":5216,"l2Gas":2786868},"totalSizeInBytes":5216,"silentlySkippedCount":0,"silentlySkippedDurationMs":0}
[15:59:54.526] INFO: simulator:public-processor Processed 1 successful txs and 0 failed txs (0 silently skipped, 0ms wasted) in 0.006720083000021987s {"blockNumber":9,"successfulCount":1,"failedCount":0,"duration":0.006720083000021987,"rate":1808906.2292772615,"totalPublicGas":{"daGas":0,"l2Gas":12156},"totalBlockGas":{"daGas":0,"l2Gas":12156},"totalSizeInBytes":128,"silentlySkippedCount":0,"silentlySkippedDurationMs":0}
[15:59:54.548] INFO: simulator:public-processor Processed 1 successful txs and 0 failed txs (0 silently skipped, 0ms wasted) in 0.006474959000013768s {"blockNumber":9,"successfulCount":1,"failedCount":0,"duration":0.006474959000013768,"rate":2116924.601371353,"totalPublicGas":{"daGas":0,"l2Gas":13707},"totalBlockGas":{"daGas":0,"l2Gas":13707},"totalSizeInBytes":128,"silentlySkippedCount":0,"silentlySkippedDurationMs":0}
[15:59:54.571] INFO: simulator:public-processor Processed 1 successful txs and 0 failed txs (0 silently skipped, 0ms wasted) in 0.006824250000005122s {"blockNumber":9,"successfulCount":1,"failedCount":0,"duration":0.006824250000005122,"rate":2030992.4167475689,"totalPublicGas":{"daGas":0,"l2Gas":13860},"totalBlockGas":{"daGas":0,"l2Gas":13860},"totalSizeInBytes":128,"silentlySkippedCount":0,"silentlySkippedDurationMs":0}
[15:59:54.613] INFO: txe:top_level_context Created block 9 with timestamp 1789664393
[15:59:54.680] INFO: simulator:public-processor Processed 1 successful txs and 0 failed txs (0 silently skipped, 0ms wasted) in 0.007245667000010144s {"blockNumber":10,"successfulCount":1,"failedCount":0,"duration":0.007245667000010144,"rate":2692919.782260582,"totalPublicGas":{"daGas":0,"l2Gas":19512},"totalBlockGas":{"daGas":0,"l2Gas":19512},"totalSizeInBytes":128,"silentlySkippedCount":0,"silentlySkippedDurationMs":0}
[15:59:54.683] WARN: txe:top_level_context Could not find function artifact in contract Billboard for function '0x2c552290' when enriching error callstack
[15:59:55.816] INFO: simulator:public-processor Processed 1 successful txs and 0 failed txs (0 silently skipped, 0ms wasted) in 0.05500245900003938s {"blockNumber":34,"successfulCount":1,"failedCount":0,"duration":0.05500245900003938,"rate":37455016.32933402,"totalPublicGas":{"daGas":3840,"l2Gas":2060118},"totalBlockGas":{"daGas":5216,"l2Gas":2786868},"totalSizeInBytes":5216,"silentlySkippedCount":0,"silentlySkippedDurationMs":0}
[15:59:55.889] INFO: simulator:public-processor Processed 1 successful txs and 0 failed txs (0 silently skipped, 0ms wasted) in 0.008068291999981738s {"blockNumber":35,"successfulCount":1,"failedCount":0,"duration":0.008068291999981738,"rate":1166417.8738227745,"totalPublicGas":{"daGas":0,"l2Gas":9411},"totalBlockGas":{"daGas":0,"l2Gas":9411},"totalSizeInBytes":128,"silentlySkippedCount":0,"silentlySkippedDurationMs":0}
[15:59:55.919] INFO: simulator:public-processor Processed 1 successful txs and 0 failed txs (0 silently skipped, 0ms wasted) in 0.007926042000006418s {"blockNumber":35,"successfulCount":1,"failedCount":0,"duration":0.007926042000006418,"rate":1533678.4740719462,"totalPublicGas":{"daGas":0,"l2Gas":12156},"totalBlockGas":{"daGas":0,"l2Gas":12156},"totalSizeInBytes":128,"silentlySkippedCount":0,"silentlySkippedDurationMs":0}
[15:59:55.956] INFO: simulator:public-processor Processed 1 successful txs and 0 failed txs (0 silently skipped, 0ms wasted) in 0.01304333299997961s {"blockNumber":35,"successfulCount":1,"failedCount":0,"duration":0.01304333299997961,"rate":836749.3185995527,"totalPublicGas":{"daGas":0,"l2Gas":10914},"totalBlockGas":{"daGas":0,"l2Gas":10914},"totalSizeInBytes":128,"silentlySkippedCount":0,"silentlySkippedDurationMs":0}
[15:59:56.016] INFO: simulator:public-processor Processed 1 successful txs and 0 failed txs (0 silently skipped, 0ms wasted) in 0.021492874999996275s {"blockNumber":35,"successfulCount":1,"failedCount":0,"duration":0.021492874999996275,"rate":7193872.387943762,"totalPublicGas":{"daGas":0,"l2Gas":154617},"totalBlockGas":{"daGas":0,"l2Gas":154617},"totalSizeInBytes":128,"silentlySkippedCount":0,"silentlySkippedDurationMs":0}
[15:59:56.054] INFO: simulator:public-processor Processed 1 successful txs and 0 failed txs (0 silently skipped, 0ms wasted) in 0.012067624999966938s {"blockNumber":35,"successfulCount":1,"failedCount":0,"duration":0.012067624999966938,"rate":1101542.3498854514,"totalPublicGas":{"daGas":0,"l2Gas":13293},"totalBlockGas":{"daGas":0,"l2Gas":13293},"totalSizeInBytes":128,"silentlySkippedCount":0,"silentlySkippedDurationMs":0}
[15:59:56.087] INFO: simulator:public-processor Processed 1 successful txs and 0 failed txs (0 silently skipped, 0ms wasted) in 0.013111334000015632s {"blockNumber":35,"successfulCount":1,"failedCount":0,"duration":0.013111334000015632,"rate":1026211.367964843,"totalPublicGas":{"daGas":0,"l2Gas":13455},"totalBlockGas":{"daGas":0,"l2Gas":13455},"totalSizeInBytes":128,"silentlySkippedCount":0,"silentlySkippedDurationMs":0}
[billboard_test] Testing c05::c05_generated_economic_boundaries_match_independent_integer_model ... [0m[32mok[0m
[billboard_test] Testing c05::c05_more_than_two_screened_flags_rejected ... [0m[32mok[0m
[16:00:00.654] INFO: simulator:public-processor Processed 1 successful txs and 0 failed txs (0 silently skipped, 0ms wasted) in 0.04318666599999415s {"blockNumber":35,"successfulCount":1,"failedCount":0,"duration":0.04318666599999415,"rate":47702640.43999782,"totalPublicGas":{"daGas":3840,"l2Gas":2060118},"totalBlockGas":{"daGas":5216,"l2Gas":2786868},"totalSizeInBytes":5216,"silentlySkippedCount":0,"silentlySkippedDurationMs":0}
[16:00:00.699] INFO: simulator:public-processor Processed 1 successful txs and 0 failed txs (0 silently skipped, 0ms wasted) in 0.006256916999991518s {"blockNumber":36,"successfulCount":1,"failedCount":0,"duration":0.006256916999991518,"rate":1504095.3875547268,"totalPublicGas":{"daGas":0,"l2Gas":9411},"totalBlockGas":{"daGas":0,"l2Gas":9411},"totalSizeInBytes":128,"silentlySkippedCount":0,"silentlySkippedDurationMs":0}
[16:00:00.721] INFO: simulator:public-processor Processed 1 successful txs and 0 failed txs (0 silently skipped, 0ms wasted) in 0.006370417000027374s {"blockNumber":36,"successfulCount":1,"failedCount":0,"duration":0.006370417000027374,"rate":1908195.3347712976,"totalPublicGas":{"daGas":0,"l2Gas":12156},"totalBlockGas":{"daGas":0,"l2Gas":12156},"totalSizeInBytes":128,"silentlySkippedCount":0,"silentlySkippedDurationMs":0}
[16:00:00.742] INFO: simulator:public-processor Processed 1 successful txs and 0 failed txs (0 silently skipped, 0ms wasted) in 0.006237709000008181s {"blockNumber":36,"successfulCount":1,"failedCount":0,"duration":0.006237709000008181,"rate":1749680.8523747558,"totalPublicGas":{"daGas":0,"l2Gas":10914},"totalBlockGas":{"daGas":0,"l2Gas":10914},"totalSizeInBytes":128,"silentlySkippedCount":0,"silentlySkippedDurationMs":0}
[16:00:00.768] INFO: simulator:public-processor Processed 1 successful txs and 0 failed txs (0 silently skipped, 0ms wasted) in 0.010959083000023384s {"blockNumber":36,"successfulCount":1,"failedCount":0,"duration":0.010959083000023384,"rate":14108570.94518493,"totalPublicGas":{"daGas":0,"l2Gas":154617},"totalBlockGas":{"daGas":0,"l2Gas":154617},"totalSizeInBytes":128,"silentlySkippedCount":0,"silentlySkippedDurationMs":0}
[16:00:00.790] INFO: simulator:public-processor Processed 1 successful txs and 0 failed txs (0 silently skipped, 0ms wasted) in 0.006521959000034258s {"blockNumber":36,"successfulCount":1,"failedCount":0,"duration":0.006521959000034258,"rate":2038191.2857670793,"totalPublicGas":{"daGas":0,"l2Gas":13293},"totalBlockGas":{"daGas":0,"l2Gas":13293},"totalSizeInBytes":128,"silentlySkippedCount":0,"silentlySkippedDurationMs":0}
[16:00:00.813] INFO: simulator:public-processor Processed 1 successful txs and 0 failed txs (0 silently skipped, 0ms wasted) in 0.0067067500000121075s {"blockNumber":36,"successfulCount":1,"failedCount":0,"duration":0.0067067500000121075,"rate":2006187.7958736662,"totalPublicGas":{"daGas":0,"l2Gas":13455},"totalBlockGas":{"daGas":0,"l2Gas":13455},"totalSizeInBytes":128,"silentlySkippedCount":0,"silentlySkippedDurationMs":0}
[16:00:03.612] INFO: kv-store:lmdb-v2 Starting data store with maxReaders 2
[16:00:03.614] INFO: world-state:database Creating world state data store at directory /var/folders/ym/q1vh2x5n58xbsmpmvs5_6w3r0000gn/T/aztec-world-state-D2tFY7/world_state with map sizes {"archiveTreeMapSizeKb":10485760,"nullifierTreeMapSizeKb":10485760,"noteHashTreeMapSizeKb":10485760,"messageTreeMapSizeKb":10485760,"publicDataTreeMapSizeKb":10485760} and 2 threads (ephemeral=true).
[16:00:03.628] INFO: txe_node Aztec Node version: txe
[16:00:03.628] INFO: txe_node Aztec Node started on chain 0x1
[16:00:03.677] INFO: txe:top_level_context Created block 1 with timestamp 1789657203
[16:00:03.794] INFO: txe:top_level_context Created block 2 with timestamp 1789657203
[16:00:03.933] INFO: simulator:public-processor Processed 1 successful txs and 0 failed txs (0 silently skipped, 0ms wasted) in 0.0965025419999729s {"blockNumber":3,"successfulCount":1,"failedCount":0,"duration":0.0965025419999729,"rate":59860806.568200275,"totalPublicGas":{"daGas":5792,"l2Gas":5776720},"totalBlockGas":{"daGas":5792,"l2Gas":5776720},"totalSizeInBytes":5920,"silentlySkippedCount":0,"silentlySkippedDurationMs":0}
[16:00:04.141] INFO: simulator:public-processor Processed 1 successful txs and 0 failed txs (0 silently skipped, 0ms wasted) in 0.020616875000006984s {"blockNumber":4,"successfulCount":1,"failedCount":0,"duration":0.020616875000006984,"rate":55326862.09717106,"totalPublicGas":{"daGas":192,"l2Gas":1140667},"totalBlockGas":{"daGas":320,"l2Gas":1731467},"totalSizeInBytes":320,"silentlySkippedCount":0,"silentlySkippedDurationMs":0}
[16:00:04.197] INFO: txe:top_level_context Created block 5 with timestamp 1789657203
[16:00:04.544] INFO: simulator:public-processor Processed 1 successful txs and 0 failed txs (0 silently skipped, 0ms wasted) in 0.007833374999987427s {"blockNumber":6,"successfulCount":1,"failedCount":0,"duration":0.007833374999987427,"rate":0,"totalPublicGas":{"daGas":0,"l2Gas":0},"totalBlockGas":{"daGas":1984,"l2Gas":529900},"totalSizeInBytes":1984,"silentlySkippedCount":0,"silentlySkippedDurationMs":0}
[16:00:04.584] INFO: simulator:public-processor Processed 1 successful txs and 0 failed txs (0 silently skipped, 0ms wasted) in 0.0066600830000243146s {"blockNumber":36,"successfulCount":1,"failedCount":0,"duration":0.0066600830000243146,"rate":2058082.4593252004,"totalPublicGas":{"daGas":0,"l2Gas":13707},"totalBlockGas":{"daGas":0,"l2Gas":13707},"totalSizeInBytes":128,"silentlySkippedCount":0,"silentlySkippedDurationMs":0}
[16:00:04.589] INFO: txe:top_level_context Created block 7 with timestamp 9223372036854675807
[16:00:04.622] INFO: simulator:public-processor Processed 1 successful txs and 0 failed txs (0 silently skipped, 0ms wasted) in 0.021488624999998138s {"blockNumber":36,"successfulCount":1,"failedCount":0,"duration":0.021488624999998138,"rate":23591039.44528996,"totalPublicGas":{"daGas":1152,"l2Gas":506939},"totalBlockGas":{"daGas":1152,"l2Gas":506939},"totalSizeInBytes":1280,"silentlySkippedCount":0,"silentlySkippedDurationMs":0}
[16:00:04.671] INFO: simulator:public-processor Processed 1 successful txs and 0 failed txs (0 silently skipped, 0ms wasted) in 0.007663375000003725s {"blockNumber":37,"successfulCount":1,"failedCount":0,"duration":0.007663375000003725,"rate":1774544.5055205296,"totalPublicGas":{"daGas":0,"l2Gas":13599},"totalBlockGas":{"daGas":0,"l2Gas":13599},"totalSizeInBytes":128,"silentlySkippedCount":0,"silentlySkippedDurationMs":0}
[16:00:04.704] INFO: simulator:public-processor Processed 1 successful txs and 0 failed txs (0 silently skipped, 0ms wasted) in 0.009441790999961086s {"blockNumber":37,"successfulCount":1,"failedCount":0,"duration":0.009441790999961086,"rate":1287467.6001671823,"totalPublicGas":{"daGas":0,"l2Gas":12156},"totalBlockGas":{"daGas":0,"l2Gas":12156},"totalSizeInBytes":128,"silentlySkippedCount":0,"silentlySkippedDurationMs":0}
[16:00:04.739] INFO: simulator:public-processor Processed 1 successful txs and 0 failed txs (0 silently skipped, 0ms wasted) in 0.007058541000005789s {"blockNumber":37,"successfulCount":1,"failedCount":0,"duration":0.007058541000005789,"rate":1926602.1122479625,"totalPublicGas":{"daGas":0,"l2Gas":13599},"totalBlockGas":{"daGas":0,"l2Gas":13599},"totalSizeInBytes":128,"silentlySkippedCount":0,"silentlySkippedDurationMs":0}
[16:00:04.767] INFO: simulator:public-processor Processed 1 successful txs and 0 failed txs (0 silently skipped, 0ms wasted) in 0.012379415999981574s {"blockNumber":37,"successfulCount":1,"failedCount":0,"duration":0.012379415999981574,"rate":981952.621999139,"totalPublicGas":{"daGas":0,"l2Gas":12156},"totalBlockGas":{"daGas":0,"l2Gas":12156},"totalSizeInBytes":128,"silentlySkippedCount":0,"silentlySkippedDurationMs":0}
[16:00:05.076] INFO: simulator:public-processor Processed 1 successful txs and 0 failed txs (0 silently skipped, 0ms wasted) in 0.03286504199996125s {"blockNumber":37,"successfulCount":1,"failedCount":0,"duration":0.03286504199996125,"rate":413783.13163318136,"totalPublicGas":{"daGas":0,"l2Gas":13599},"totalBlockGas":{"daGas":0,"l2Gas":13599},"totalSizeInBytes":128,"silentlySkippedCount":0,"silentlySkippedDurationMs":0}
[16:00:05.110] INFO: simulator:public-processor Processed 1 successful txs and 0 failed txs (0 silently skipped, 0ms wasted) in 0.015278540999977849s {"blockNumber":37,"successfulCount":1,"failedCount":0,"duration":0.015278540999977849,"rate":795625.7079794218,"totalPublicGas":{"daGas":0,"l2Gas":12156},"totalBlockGas":{"daGas":0,"l2Gas":12156},"totalSizeInBytes":128,"silentlySkippedCount":0,"silentlySkippedDurationMs":0}
[16:00:05.201] INFO: simulator:public-processor Processed 1 successful txs and 0 failed txs (0 silently skipped, 0ms wasted) in 0.0065956250000162985s {"blockNumber":37,"successfulCount":1,"failedCount":0,"duration":0.0065956250000162985,"rate":2061821.2830423797,"totalPublicGas":{"daGas":0,"l2Gas":13599},"totalBlockGas":{"daGas":0,"l2Gas":13599},"totalSizeInBytes":128,"silentlySkippedCount":0,"silentlySkippedDurationMs":0}
[16:00:05.209] INFO: simulator:public-processor Processed 1 successful txs and 0 failed txs (0 silently skipped, 0ms wasted) in 0.006220458000025246s {"blockNumber":8,"successfulCount":1,"failedCount":0,"duration":0.006220458000025246,"rate":0,"totalPublicGas":{"daGas":0,"l2Gas":0},"totalBlockGas":{"daGas":1440,"l2Gas":527400},"totalSizeInBytes":1440,"silentlySkippedCount":0,"silentlySkippedDurationMs":0}
[16:00:05.225] INFO: simulator:public-processor Processed 1 successful txs and 0 failed txs (0 silently skipped, 0ms wasted) in 0.006797291999973822s {"blockNumber":37,"successfulCount":1,"failedCount":0,"duration":0.006797291999973822,"rate":1788359.2466009723,"totalPublicGas":{"daGas":0,"l2Gas":12156},"totalBlockGas":{"daGas":0,"l2Gas":12156},"totalSizeInBytes":128,"silentlySkippedCount":0,"silentlySkippedDurationMs":0}
[16:00:05.278] INFO: simulator:public-processor Processed 1 successful txs and 0 failed txs (0 silently skipped, 0ms wasted) in 0.03462699999997858s {"blockNumber":37,"successfulCount":1,"failedCount":0,"duration":0.03462699999997858,"rate":392728.21786491503,"totalPublicGas":{"daGas":0,"l2Gas":13599},"totalBlockGas":{"daGas":0,"l2Gas":13599},"totalSizeInBytes":128,"silentlySkippedCount":0,"silentlySkippedDurationMs":0}
[16:00:05.339] INFO: simulator:public-processor Processed 1 successful txs and 0 failed txs (0 silently skipped, 0ms wasted) in 0.015670083999983035s {"blockNumber":37,"successfulCount":1,"failedCount":0,"duration":0.015670083999983035,"rate":775745.6820278156,"totalPublicGas":{"daGas":0,"l2Gas":12156},"totalBlockGas":{"daGas":0,"l2Gas":12156},"totalSizeInBytes":128,"silentlySkippedCount":0,"silentlySkippedDurationMs":0}
[16:00:05.378] INFO: simulator:public-processor Processed 1 successful txs and 0 failed txs (0 silently skipped, 0ms wasted) in 0.013257749999989755s {"blockNumber":37,"successfulCount":1,"failedCount":0,"duration":0.013257749999989755,"rate":1025739.6617080959,"totalPublicGas":{"daGas":0,"l2Gas":13599},"totalBlockGas":{"daGas":0,"l2Gas":13599},"totalSizeInBytes":128,"silentlySkippedCount":0,"silentlySkippedDurationMs":0}
[16:00:05.406] INFO: simulator:public-processor Processed 1 successful txs and 0 failed txs (0 silently skipped, 0ms wasted) in 0.012236957999994047s {"blockNumber":37,"successfulCount":1,"failedCount":0,"duration":0.012236957999994047,"rate":993384.140078434,"totalPublicGas":{"daGas":0,"l2Gas":12156},"totalBlockGas":{"daGas":0,"l2Gas":12156},"totalSizeInBytes":128,"silentlySkippedCount":0,"silentlySkippedDurationMs":0}
[16:00:05.459] INFO: simulator:public-processor Processed 1 successful txs and 0 failed txs (0 silently skipped, 0ms wasted) in 0.006472458999953233s {"blockNumber":37,"successfulCount":1,"failedCount":0,"duration":0.006472458999953233,"rate":2101056.182835343,"totalPublicGas":{"daGas":0,"l2Gas":13599},"totalBlockGas":{"daGas":0,"l2Gas":13599},"totalSizeInBytes":128,"silentlySkippedCount":0,"silentlySkippedDurationMs":0}
[16:00:05.481] INFO: simulator:public-processor Processed 1 successful txs and 0 failed txs (0 silently skipped, 0ms wasted) in 0.006395167000009678s {"blockNumber":37,"successfulCount":1,"failedCount":0,"duration":0.006395167000009678,"rate":1900810.4088574394,"totalPublicGas":{"daGas":0,"l2Gas":12156},"totalBlockGas":{"daGas":0,"l2Gas":12156},"totalSizeInBytes":128,"silentlySkippedCount":0,"silentlySkippedDurationMs":0}
[16:00:05.504] INFO: simulator:public-processor Processed 1 successful txs and 0 failed txs (0 silently skipped, 0ms wasted) in 0.00720620900002541s {"blockNumber":37,"successfulCount":1,"failedCount":0,"duration":0.00720620900002541,"rate":1887122.6188349586,"totalPublicGas":{"daGas":0,"l2Gas":13599},"totalBlockGas":{"daGas":0,"l2Gas":13599},"totalSizeInBytes":128,"silentlySkippedCount":0,"silentlySkippedDurationMs":0}
[16:00:05.537] INFO: simulator:public-processor Processed 1 successful txs and 0 failed txs (0 silently skipped, 0ms wasted) in 0.006843000000051689s {"blockNumber":37,"successfulCount":1,"failedCount":0,"duration":0.006843000000051689,"rate":1776413.8535595762,"totalPublicGas":{"daGas":0,"l2Gas":12156},"totalBlockGas":{"daGas":0,"l2Gas":12156},"totalSizeInBytes":128,"silentlySkippedCount":0,"silentlySkippedDurationMs":0}
[16:00:05.567] INFO: simulator:public-processor Processed 1 successful txs and 0 failed txs (0 silently skipped, 0ms wasted) in 0.00820325000002049s {"blockNumber":37,"successfulCount":1,"failedCount":0,"duration":0.00820325000002049,"rate":1657757.596070586,"totalPublicGas":{"daGas":0,"l2Gas":13599},"totalBlockGas":{"daGas":0,"l2Gas":13599},"totalSizeInBytes":128,"silentlySkippedCount":0,"silentlySkippedDurationMs":0}
[16:00:05.613] INFO: simulator:public-processor Processed 1 successful txs and 0 failed txs (0 silently skipped, 0ms wasted) in 0.006619542000000365s {"blockNumber":37,"successfulCount":1,"failedCount":0,"duration":0.006619542000000365,"rate":1836380.8251385563,"totalPublicGas":{"daGas":0,"l2Gas":12156},"totalBlockGas":{"daGas":0,"l2Gas":12156},"totalSizeInBytes":128,"silentlySkippedCount":0,"silentlySkippedDurationMs":0}
[16:00:05.636] INFO: simulator:public-processor Processed 1 successful txs and 0 failed txs (0 silently skipped, 0ms wasted) in 0.007578333000012208s {"blockNumber":37,"successfulCount":1,"failedCount":0,"duration":0.007578333000012208,"rate":1794457.9632457553,"totalPublicGas":{"daGas":0,"l2Gas":13599},"totalBlockGas":{"daGas":0,"l2Gas":13599},"totalSizeInBytes":128,"silentlySkippedCount":0,"silentlySkippedDurationMs":0}
[16:00:05.672] INFO: simulator:public-processor Processed 1 successful txs and 0 failed txs (0 silently skipped, 0ms wasted) in 0.006765750000020489s {"blockNumber":37,"successfulCount":1,"failedCount":0,"duration":0.006765750000020489,"rate":1796696.5968241787,"totalPublicGas":{"daGas":0,"l2Gas":12156},"totalBlockGas":{"daGas":0,"l2Gas":12156},"totalSizeInBytes":128,"silentlySkippedCount":0,"silentlySkippedDurationMs":0}
[16:00:05.701] INFO: simulator:public-processor Processed 1 successful txs and 0 failed txs (0 silently skipped, 0ms wasted) in 0.012980209000001196s {"blockNumber":37,"successfulCount":1,"failedCount":0,"duration":0.012980209000001196,"rate":1043511.7030857324,"totalPublicGas":{"daGas":0,"l2Gas":13545},"totalBlockGas":{"daGas":0,"l2Gas":13545},"totalSizeInBytes":128,"silentlySkippedCount":0,"silentlySkippedDurationMs":0}
[16:00:05.746] INFO: simulator:public-processor Processed 1 successful txs and 0 failed txs (0 silently skipped, 0ms wasted) in 0.02274937500001397s {"blockNumber":37,"successfulCount":1,"failedCount":0,"duration":0.02274937500001397,"rate":1654199.2911883024,"totalPublicGas":{"daGas":0,"l2Gas":37632},"totalBlockGas":{"daGas":0,"l2Gas":37632},"totalSizeInBytes":128,"silentlySkippedCount":0,"silentlySkippedDurationMs":0}
[16:00:05.785] INFO: simulator:public-processor Processed 1 successful txs and 0 failed txs (0 silently skipped, 0ms wasted) in 0.005078833999985363s {"blockNumber":9,"successfulCount":1,"failedCount":0,"duration":0.005078833999985363,"rate":0,"totalPublicGas":{"daGas":0,"l2Gas":0},"totalBlockGas":{"daGas":256,"l2Gas":477200},"totalSizeInBytes":256,"silentlySkippedCount":0,"silentlySkippedDurationMs":0}
[billboard_test] Testing c03::c03_ten_distinct_claimed_authors_get_unique_ids_and_live_order_sequentially ... [0m[32mok[0m <102.135s>
[billboard_test] Testing c05::c05_near_horizon_does_not_block_existing_eligible_exit ... [0m[32mok[0m
[billboard_test] Testing c05::c05_new_penalty_cannot_cross_executable_horizon ... [0m[32mok[0m
[16:00:09.133] INFO: kv-store:lmdb-v2 Starting data store with maxReaders 2
[16:00:09.134] INFO: world-state:database Creating world state data store at directory /var/folders/ym/q1vh2x5n58xbsmpmvs5_6w3r0000gn/T/aztec-world-state-RxSPpu/world_state with map sizes {"archiveTreeMapSizeKb":10485760,"nullifierTreeMapSizeKb":10485760,"noteHashTreeMapSizeKb":10485760,"messageTreeMapSizeKb":10485760,"publicDataTreeMapSizeKb":10485760} and 2 threads (ephemeral=true).
[16:00:09.148] INFO: txe_node Aztec Node version: txe
[16:00:09.148] INFO: txe_node Aztec Node started on chain 0x1
[16:00:09.165] INFO: txe:top_level_context Created block 1 with timestamp 1789657209
[16:00:09.219] INFO: txe:top_level_context Created block 2 with timestamp 1789657209
[16:00:09.354] INFO: simulator:public-processor Processed 1 successful txs and 0 failed txs (0 silently skipped, 0ms wasted) in 0.09142020799999591s {"blockNumber":3,"successfulCount":1,"failedCount":0,"duration":0.09142020799999591,"rate":63188655.18223562,"totalPublicGas":{"daGas":5792,"l2Gas":5776720},"totalBlockGas":{"daGas":5792,"l2Gas":5776720},"totalSizeInBytes":5920,"silentlySkippedCount":0,"silentlySkippedDurationMs":0}
[16:00:09.523] INFO: simulator:public-processor Processed 1 successful txs and 0 failed txs (0 silently skipped, 0ms wasted) in 0.02028129200002877s {"blockNumber":4,"successfulCount":1,"failedCount":0,"duration":0.02028129200002877,"rate":56242324.20687902,"totalPublicGas":{"daGas":192,"l2Gas":1140667},"totalBlockGas":{"daGas":320,"l2Gas":1731467},"totalSizeInBytes":320,"silentlySkippedCount":0,"silentlySkippedDurationMs":0}
[16:00:09.565] INFO: txe:top_level_context Created block 5 with timestamp 1789657209
[16:00:09.793] INFO: simulator:public-processor Processed 1 successful txs and 0 failed txs (0 silently skipped, 0ms wasted) in 0.005538332999974955s {"blockNumber":6,"successfulCount":1,"failedCount":0,"duration":0.005538332999974955,"rate":0,"totalPublicGas":{"daGas":0,"l2Gas":0},"totalBlockGas":{"daGas":1984,"l2Gas":529900},"totalSizeInBytes":1984,"silentlySkippedCount":0,"silentlySkippedDurationMs":0}
[16:00:09.835] INFO: txe:top_level_context Created block 7 with timestamp 1789660810
[16:00:10.436] INFO: simulator:public-processor Processed 1 successful txs and 0 failed txs (0 silently skipped, 0ms wasted) in 0.04193779100000393s {"blockNumber":8,"successfulCount":1,"failedCount":0,"duration":0.04193779100000393,"rate":49123188.20034672,"totalPublicGas":{"daGas":3840,"l2Gas":2060118},"totalBlockGas":{"daGas":5216,"l2Gas":2786868},"totalSizeInBytes":5216,"silentlySkippedCount":0,"silentlySkippedDurationMs":0}
[16:00:10.481] INFO: simulator:public-processor Processed 1 successful txs and 0 failed txs (0 silently skipped, 0ms wasted) in 0.006304874999972526s {"blockNumber":9,"successfulCount":1,"failedCount":0,"duration":0.006304874999972526,"rate":1928031.880101187,"totalPublicGas":{"daGas":0,"l2Gas":12156},"totalBlockGas":{"daGas":0,"l2Gas":12156},"totalSizeInBytes":128,"silentlySkippedCount":0,"silentlySkippedDurationMs":0}
[16:00:10.502] INFO: simulator:public-processor Processed 1 successful txs and 0 failed txs (0 silently skipped, 0ms wasted) in 0.0063597500000032595s {"blockNumber":9,"successfulCount":1,"failedCount":0,"duration":0.0063597500000032595,"rate":2155273.3991104956,"totalPublicGas":{"daGas":0,"l2Gas":13707},"totalBlockGas":{"daGas":0,"l2Gas":13707},"totalSizeInBytes":128,"silentlySkippedCount":0,"silentlySkippedDurationMs":0}
[16:00:10.532] INFO: simulator:public-processor Processed 1 successful txs and 0 failed txs (0 silently skipped, 0ms wasted) in 0.014468417000025512s {"blockNumber":9,"successfulCount":1,"failedCount":0,"duration":0.014468417000025512,"rate":35037627.129429996,"totalPublicGas":{"daGas":1152,"l2Gas":506939},"totalBlockGas":{"daGas":1152,"l2Gas":506939},"totalSizeInBytes":1280,"silentlySkippedCount":0,"silentlySkippedDurationMs":0}
[16:00:10.576] INFO: simulator:public-processor Processed 1 successful txs and 0 failed txs (0 silently skipped, 0ms wasted) in 0.006395791999995708s {"blockNumber":10,"successfulCount":1,"failedCount":0,"duration":0.006395791999995708,"rate":2167049.835268142,"totalPublicGas":{"daGas":0,"l2Gas":13860},"totalBlockGas":{"daGas":0,"l2Gas":13860},"totalSizeInBytes":128,"silentlySkippedCount":0,"silentlySkippedDurationMs":0}
[16:00:10.594] INFO: txe:top_level_context Created block 10 with timestamp 1789664410
[16:00:11.441] INFO: kv-store:lmdb-v2 Starting data store with maxReaders 2
[16:00:11.441] INFO: world-state:database Creating world state data store at directory /var/folders/ym/q1vh2x5n58xbsmpmvs5_6w3r0000gn/T/aztec-world-state-UmyQVo/world_state with map sizes {"archiveTreeMapSizeKb":10485760,"nullifierTreeMapSizeKb":10485760,"noteHashTreeMapSizeKb":10485760,"messageTreeMapSizeKb":10485760,"publicDataTreeMapSizeKb":10485760} and 2 threads (ephemeral=true).
[16:00:11.455] INFO: txe_node Aztec Node version: txe
[16:00:11.455] INFO: txe_node Aztec Node started on chain 0x1
[16:00:11.468] INFO: simulator:public-processor Processed 1 successful txs and 0 failed txs (0 silently skipped, 0ms wasted) in 0.005625249999982771s {"blockNumber":11,"successfulCount":1,"failedCount":0,"duration":0.005625249999982771,"rate":0,"totalPublicGas":{"daGas":0,"l2Gas":0},"totalBlockGas":{"daGas":1440,"l2Gas":527400},"totalSizeInBytes":1440,"silentlySkippedCount":0,"silentlySkippedDurationMs":0}
[16:00:11.472] INFO: txe:top_level_context Created block 1 with timestamp 1789657211
[16:00:11.626] INFO: txe:top_level_context Created block 2 with timestamp 1789657211
[16:00:11.788] INFO: simulator:public-processor Processed 1 successful txs and 0 failed txs (0 silently skipped, 0ms wasted) in 0.09098304199997802s {"blockNumber":3,"successfulCount":1,"failedCount":0,"duration":0.09098304199997802,"rate":63492271.44989718,"totalPublicGas":{"daGas":5792,"l2Gas":5776720},"totalBlockGas":{"daGas":5792,"l2Gas":5776720},"totalSizeInBytes":5920,"silentlySkippedCount":0,"silentlySkippedDurationMs":0}
[16:00:11.991] INFO: simulator:public-processor Processed 1 successful txs and 0 failed txs (0 silently skipped, 0ms wasted) in 0.026010917000006885s {"blockNumber":4,"successfulCount":1,"failedCount":0,"duration":0.026010917000006885,"rate":43853394.32668591,"totalPublicGas":{"daGas":192,"l2Gas":1140667},"totalBlockGas":{"daGas":320,"l2Gas":1731467},"totalSizeInBytes":320,"silentlySkippedCount":0,"silentlySkippedDurationMs":0}
[16:00:12.042] INFO: txe:top_level_context Created block 5 with timestamp 1789657211
[billboard_test] Testing c05::c05_newly_screened_flag_debt_blocks_withdraw_reset ... [0m[32mok[0m
[16:00:12.270] INFO: simulator:public-processor Processed 1 successful txs and 0 failed txs (0 silently skipped, 0ms wasted) in 0.005585624999948777s {"blockNumber":6,"successfulCount":1,"failedCount":0,"duration":0.005585624999948777,"rate":0,"totalPublicGas":{"daGas":0,"l2Gas":0},"totalBlockGas":{"daGas":1984,"l2Gas":529900},"totalSizeInBytes":1984,"silentlySkippedCount":0,"silentlySkippedDurationMs":0}
[billboard_test] Testing c05::c05_no_real_posts_still_owe_initial_cooldown ... [0m[32mok[0m
[16:00:15.020] INFO: kv-store:lmdb-v2 Starting data store with maxReaders 2
[16:00:15.021] INFO: world-state:database Creating world state data store at directory /var/folders/ym/q1vh2x5n58xbsmpmvs5_6w3r0000gn/T/aztec-world-state-5CO9Dt/world_state with map sizes {"archiveTreeMapSizeKb":10485760,"nullifierTreeMapSizeKb":10485760,"noteHashTreeMapSizeKb":10485760,"messageTreeMapSizeKb":10485760,"publicDataTreeMapSizeKb":10485760} and 2 threads (ephemeral=true).
[16:00:15.034] INFO: txe_node Aztec Node version: txe
[16:00:15.034] INFO: txe_node Aztec Node started on chain 0x1
[16:00:15.052] INFO: txe:top_level_context Created block 1 with timestamp 1789657215
[16:00:15.104] INFO: txe:top_level_context Created block 2 with timestamp 1789657215
[16:00:15.234] INFO: simulator:public-processor Processed 1 successful txs and 0 failed txs (0 silently skipped, 0ms wasted) in 0.08921899999998277s {"blockNumber":3,"successfulCount":1,"failedCount":0,"duration":0.08921899999998277,"rate":64747643.43919026,"totalPublicGas":{"daGas":5792,"l2Gas":5776720},"totalBlockGas":{"daGas":5792,"l2Gas":5776720},"totalSizeInBytes":5920,"silentlySkippedCount":0,"silentlySkippedDurationMs":0}
[16:00:15.402] INFO: simulator:public-processor Processed 1 successful txs and 0 failed txs (0 silently skipped, 0ms wasted) in 0.02033995799999684s {"blockNumber":4,"successfulCount":1,"failedCount":0,"duration":0.02033995799999684,"rate":56080105.96679586,"totalPublicGas":{"daGas":192,"l2Gas":1140667},"totalBlockGas":{"daGas":320,"l2Gas":1731467},"totalSizeInBytes":320,"silentlySkippedCount":0,"silentlySkippedDurationMs":0}
[16:00:15.446] INFO: txe:top_level_context Created block 5 with timestamp 1789657215
[16:00:15.670] INFO: simulator:public-processor Processed 1 successful txs and 0 failed txs (0 silently skipped, 0ms wasted) in 0.005613874999980908s {"blockNumber":6,"successfulCount":1,"failedCount":0,"duration":0.005613874999980908,"rate":0,"totalPublicGas":{"daGas":0,"l2Gas":0},"totalBlockGas":{"daGas":1984,"l2Gas":529900},"totalSizeInBytes":1984,"silentlySkippedCount":0,"silentlySkippedDurationMs":0}
[16:00:15.712] INFO: txe:top_level_context Created block 7 with timestamp 1789660816
[billboard_test] Testing c05::c05_policy_hash_matches_independent_python_vector ... [0m[32mok[0m
[16:00:16.314] INFO: simulator:public-processor Processed 1 successful txs and 0 failed txs (0 silently skipped, 0ms wasted) in 0.041957333000027575s {"blockNumber":8,"successfulCount":1,"failedCount":0,"duration":0.041957333000027575,"rate":49100308.63969943,"totalPublicGas":{"daGas":3840,"l2Gas":2060118},"totalBlockGas":{"daGas":5216,"l2Gas":2786868},"totalSizeInBytes":5216,"silentlySkippedCount":0,"silentlySkippedDurationMs":0}
[16:00:16.359] INFO: simulator:public-processor Processed 1 successful txs and 0 failed txs (0 silently skipped, 0ms wasted) in 0.006437666999991052s {"blockNumber":9,"successfulCount":1,"failedCount":0,"duration":0.006437666999991052,"rate":1888261.6948060372,"totalPublicGas":{"daGas":0,"l2Gas":12156},"totalBlockGas":{"daGas":0,"l2Gas":12156},"totalSizeInBytes":128,"silentlySkippedCount":0,"silentlySkippedDurationMs":0}
[16:00:16.380] INFO: simulator:public-processor Processed 1 successful txs and 0 failed txs (0 silently skipped, 0ms wasted) in 0.006492415999993682s {"blockNumber":9,"successfulCount":1,"failedCount":0,"duration":0.006492415999993682,"rate":2111232.5519518987,"totalPublicGas":{"daGas":0,"l2Gas":13707},"totalBlockGas":{"daGas":0,"l2Gas":13707},"totalSizeInBytes":128,"silentlySkippedCount":0,"silentlySkippedDurationMs":0}
[16:00:16.410] INFO: simulator:public-processor Processed 1 successful txs and 0 failed txs (0 silently skipped, 0ms wasted) in 0.014453208999999334s {"blockNumber":9,"successfulCount":1,"failedCount":0,"duration":0.014453208999999334,"rate":35074494.52920963,"totalPublicGas":{"daGas":1152,"l2Gas":506939},"totalBlockGas":{"daGas":1152,"l2Gas":506939},"totalSizeInBytes":1280,"silentlySkippedCount":0,"silentlySkippedDurationMs":0}
[16:00:16.454] INFO: simulator:public-processor Processed 1 successful txs and 0 failed txs (0 silently skipped, 0ms wasted) in 0.0063737079999991696s {"blockNumber":10,"successfulCount":1,"failedCount":0,"duration":0.0063737079999991696,"rate":2174558.357552904,"totalPublicGas":{"daGas":0,"l2Gas":13860},"totalBlockGas":{"daGas":0,"l2Gas":13860},"totalSizeInBytes":128,"silentlySkippedCount":0,"silentlySkippedDurationMs":0}
[16:00:16.472] INFO: txe:top_level_context Created block 10 with timestamp 1789664416
[16:00:17.335] INFO: simulator:public-processor Processed 1 successful txs and 0 failed txs (0 silently skipped, 0ms wasted) in 0.006283083999995142s {"blockNumber":11,"successfulCount":1,"failedCount":0,"duration":0.006283083999995142,"rate":0,"totalPublicGas":{"daGas":0,"l2Gas":0},"totalBlockGas":{"daGas":1440,"l2Gas":527400},"totalSizeInBytes":1440,"silentlySkippedCount":0,"silentlySkippedDurationMs":0}
[16:00:17.819] INFO: txe:top_level_context Created block 12 with timestamp 1789678815
[16:00:18.006] INFO: simulator:public-processor Processed 1 successful txs and 0 failed txs (0 silently skipped, 0ms wasted) in 0.00518179100000998s {"blockNumber":13,"successfulCount":1,"failedCount":0,"duration":0.00518179100000998,"rate":0,"totalPublicGas":{"daGas":0,"l2Gas":0},"totalBlockGas":{"daGas":256,"l2Gas":477200},"totalSizeInBytes":256,"silentlySkippedCount":0,"silentlySkippedDurationMs":0}
[16:00:18.441] INFO: txe:top_level_context Created block 14 with timestamp 1789678815
[16:00:18.655] INFO: simulator:public-processor Processed 1 successful txs and 0 failed txs (0 silently skipped, 0ms wasted) in 0.005524624999961816s {"blockNumber":15,"successfulCount":1,"failedCount":0,"duration":0.005524624999961816,"rate":0,"totalPublicGas":{"daGas":0,"l2Gas":0},"totalBlockGas":{"daGas":832,"l2Gas":499700},"totalSizeInBytes":832,"silentlySkippedCount":0,"silentlySkippedDurationMs":0}
[billboard_test] Testing c05::c05_penalty_expiry_allows_exit_and_distinct_redeposit ... [0m[32mok[0m
[16:00:19.062] INFO: kv-store:lmdb-v2 Starting data store with maxReaders 2
[16:00:19.063] INFO: world-state:database Creating world state data store at directory /var/folders/ym/q1vh2x5n58xbsmpmvs5_6w3r0000gn/T/aztec-world-state-yxssb1/world_state with map sizes {"archiveTreeMapSizeKb":10485760,"nullifierTreeMapSizeKb":10485760,"noteHashTreeMapSizeKb":10485760,"messageTreeMapSizeKb":10485760,"publicDataTreeMapSizeKb":10485760} and 2 threads (ephemeral=true).
[16:00:19.076] INFO: txe_node Aztec Node version: txe
[16:00:19.076] INFO: txe_node Aztec Node started on chain 0x1
[16:00:19.098] INFO: txe:top_level_context Created block 1 with timestamp 1789657219
[16:00:19.152] INFO: txe:top_level_context Created block 2 with timestamp 1789657219
[16:00:19.284] INFO: simulator:public-processor Processed 1 successful txs and 0 failed txs (0 silently skipped, 0ms wasted) in 0.08956204200000502s {"blockNumber":3,"successfulCount":1,"failedCount":0,"duration":0.08956204200000502,"rate":64499645.954920016,"totalPublicGas":{"daGas":5792,"l2Gas":5776720},"totalBlockGas":{"daGas":5792,"l2Gas":5776720},"totalSizeInBytes":5920,"silentlySkippedCount":0,"silentlySkippedDurationMs":0}
[16:00:19.501] INFO: simulator:public-processor Processed 1 successful txs and 0 failed txs (0 silently skipped, 0ms wasted) in 0.024431125000002794s {"blockNumber":4,"successfulCount":1,"failedCount":0,"duration":0.024431125000002794,"rate":46689090.24860171,"totalPublicGas":{"daGas":192,"l2Gas":1140667},"totalBlockGas":{"daGas":320,"l2Gas":1731467},"totalSizeInBytes":320,"silentlySkippedCount":0,"silentlySkippedDurationMs":0}
[16:00:19.545] INFO: txe:top_level_context Created block 5 with timestamp 1789657219
[16:00:19.775] INFO: simulator:public-processor Processed 1 successful txs and 0 failed txs (0 silently skipped, 0ms wasted) in 0.00578329200000735s {"blockNumber":6,"successfulCount":1,"failedCount":0,"duration":0.00578329200000735,"rate":0,"totalPublicGas":{"daGas":0,"l2Gas":0},"totalBlockGas":{"daGas":1984,"l2Gas":529900},"totalSizeInBytes":1984,"silentlySkippedCount":0,"silentlySkippedDurationMs":0}
[16:00:19.817] INFO: txe:top_level_context Created block 7 with timestamp 1789660820
[16:00:20.421] INFO: simulator:public-processor Processed 1 successful txs and 0 failed txs (0 silently skipped, 0ms wasted) in 0.04253541700000642s {"blockNumber":8,"successfulCount":1,"failedCount":0,"duration":0.04253541700000642,"rate":48433003.48976687,"totalPublicGas":{"daGas":3840,"l2Gas":2060118},"totalBlockGas":{"daGas":5216,"l2Gas":2786868},"totalSizeInBytes":5216,"silentlySkippedCount":0,"silentlySkippedDurationMs":0}
[16:00:20.466] INFO: simulator:public-processor Processed 1 successful txs and 0 failed txs (0 silently skipped, 0ms wasted) in 0.00635879200004274s {"blockNumber":9,"successfulCount":1,"failedCount":0,"duration":0.00635879200004274,"rate":1911683.8544047822,"totalPublicGas":{"daGas":0,"l2Gas":12156},"totalBlockGas":{"daGas":0,"l2Gas":12156},"totalSizeInBytes":128,"silentlySkippedCount":0,"silentlySkippedDurationMs":0}
[16:00:20.487] INFO: simulator:public-processor Processed 1 successful txs and 0 failed txs (0 silently skipped, 0ms wasted) in 0.006465750000032131s {"blockNumber":9,"successfulCount":1,"failedCount":0,"duration":0.006465750000032131,"rate":2119939.682160907,"totalPublicGas":{"daGas":0,"l2Gas":13707},"totalBlockGas":{"daGas":0,"l2Gas":13707},"totalSizeInBytes":128,"silentlySkippedCount":0,"silentlySkippedDurationMs":0}
[16:00:20.509] INFO: simulator:public-processor Processed 1 successful txs and 0 failed txs (0 silently skipped, 0ms wasted) in 0.006353375000006054s {"blockNumber":9,"successfulCount":1,"failedCount":0,"duration":0.006353375000006054,"rate":1571920.4359872483,"totalPublicGas":{"daGas":0,"l2Gas":9987},"totalBlockGas":{"daGas":0,"l2Gas":9987},"totalSizeInBytes":128,"silentlySkippedCount":0,"silentlySkippedDurationMs":0}
[16:00:20.535] INFO: simulator:public-processor Processed 1 successful txs and 0 failed txs (0 silently skipped, 0ms wasted) in 0.01107533299998613s {"blockNumber":9,"successfulCount":1,"failedCount":0,"duration":0.01107533299998613,"rate":10847619.660749745,"totalPublicGas":{"daGas":0,"l2Gas":120141},"totalBlockGas":{"daGas":0,"l2Gas":120141},"totalSizeInBytes":128,"silentlySkippedCount":0,"silentlySkippedDurationMs":0}
[16:00:20.631] INFO: simulator:public-processor Processed 1 successful txs and 0 failed txs (0 silently skipped, 0ms wasted) in 0.07926350000000093s {"blockNumber":9,"successfulCount":1,"failedCount":0,"duration":0.07926350000000093,"rate":65473767.875503086,"totalPublicGas":{"daGas":4928,"l2Gas":5189680},"totalBlockGas":{"daGas":4928,"l2Gas":5189680},"totalSizeInBytes":5056,"silentlySkippedCount":0,"silentlySkippedDurationMs":0}
[16:00:20.675] INFO: simulator:public-processor Processed 1 successful txs and 0 failed txs (0 silently skipped, 0ms wasted) in 0.006395000000018626s {"blockNumber":10,"successfulCount":1,"failedCount":0,"duration":0.006395000000018626,"rate":1561688.8193856,"totalPublicGas":{"daGas":0,"l2Gas":9987},"totalBlockGas":{"daGas":0,"l2Gas":9987},"totalSizeInBytes":128,"silentlySkippedCount":0,"silentlySkippedDurationMs":0}
[16:00:20.701] INFO: simulator:public-processor Processed 1 successful txs and 0 failed txs (0 silently skipped, 0ms wasted) in 0.010914624999975786s {"blockNumber":10,"successfulCount":1,"failedCount":0,"duration":0.010914624999975786,"rate":11007341.067628667,"totalPublicGas":{"daGas":0,"l2Gas":120141},"totalBlockGas":{"daGas":0,"l2Gas":120141},"totalSizeInBytes":128,"silentlySkippedCount":0,"silentlySkippedDurationMs":0}
[16:00:20.725] INFO: simulator:public-processor Processed 1 successful txs and 0 failed txs (0 silently skipped, 0ms wasted) in 0.006479582999949343s {"blockNumber":10,"successfulCount":1,"failedCount":0,"duration":0.006479582999949343,"rate":2115413.908596766,"totalPublicGas":{"daGas":0,"l2Gas":13707},"totalBlockGas":{"daGas":0,"l2Gas":13707},"totalSizeInBytes":128,"silentlySkippedCount":0,"silentlySkippedDurationMs":0}
[16:00:20.755] INFO: simulator:public-processor Processed 1 successful txs and 0 failed txs (0 silently skipped, 0ms wasted) in 0.014922458000015468s {"blockNumber":10,"successfulCount":1,"failedCount":0,"duration":0.014922458000015468,"rate":33971548.11891409,"totalPublicGas":{"daGas":1152,"l2Gas":506939},"totalBlockGas":{"daGas":1152,"l2Gas":506939},"totalSizeInBytes":1280,"silentlySkippedCount":0,"silentlySkippedDurationMs":0}
[16:00:20.799] INFO: simulator:public-processor Processed 1 successful txs and 0 failed txs (0 silently skipped, 0ms wasted) in 0.006527959000028204s {"blockNumber":11,"successfulCount":1,"failedCount":0,"duration":0.006527959000028204,"rate":2083193.230830838,"totalPublicGas":{"daGas":0,"l2Gas":13599},"totalBlockGas":{"daGas":0,"l2Gas":13599},"totalSizeInBytes":128,"silentlySkippedCount":0,"silentlySkippedDurationMs":0}
[16:00:20.822] INFO: simulator:public-processor Processed 1 successful txs and 0 failed txs (0 silently skipped, 0ms wasted) in 0.007250209000019822s {"blockNumber":11,"successfulCount":1,"failedCount":0,"duration":0.007250209000019822,"rate":5190471.060889019,"totalPublicGas":{"daGas":0,"l2Gas":37632},"totalBlockGas":{"daGas":0,"l2Gas":37632},"totalSizeInBytes":128,"silentlySkippedCount":0,"silentlySkippedDurationMs":0}
[16:00:20.843] INFO: simulator:public-processor Processed 1 successful txs and 0 failed txs (0 silently skipped, 0ms wasted) in 0.006412041999981738s {"blockNumber":11,"successfulCount":1,"failedCount":0,"duration":0.006412041999981738,"rate":2174190.3749288768,"totalPublicGas":{"daGas":0,"l2Gas":13941},"totalBlockGas":{"daGas":0,"l2Gas":13941},"totalSizeInBytes":128,"silentlySkippedCount":0,"silentlySkippedDurationMs":0}
[billboard_test] Testing c05::c05_policy_snapshot_survives_policy_change ... [0m[32mok[0m
[16:00:21.983] INFO: kv-store:lmdb-v2 Starting data store with maxReaders 2
[16:00:21.985] INFO: world-state:database Creating world state data store at directory /var/folders/ym/q1vh2x5n58xbsmpmvs5_6w3r0000gn/T/aztec-world-state-rhRrEI/world_state with map sizes {"archiveTreeMapSizeKb":10485760,"nullifierTreeMapSizeKb":10485760,"noteHashTreeMapSizeKb":10485760,"messageTreeMapSizeKb":10485760,"publicDataTreeMapSizeKb":10485760} and 2 threads (ephemeral=true).
[16:00:21.998] INFO: txe_node Aztec Node version: txe
[16:00:21.998] INFO: txe_node Aztec Node started on chain 0x1
[16:00:22.016] INFO: txe:top_level_context Created block 1 with timestamp 1789657221
[16:00:22.084] INFO: txe:top_level_context Created block 2 with timestamp 1789657221
[16:00:22.216] INFO: simulator:public-processor Processed 1 successful txs and 0 failed txs (0 silently skipped, 0ms wasted) in 0.08945883399999002s {"blockNumber":3,"successfulCount":1,"failedCount":0,"duration":0.08945883399999002,"rate":64574058.722927734,"totalPublicGas":{"daGas":5792,"l2Gas":5776720},"totalBlockGas":{"daGas":5792,"l2Gas":5776720},"totalSizeInBytes":5920,"silentlySkippedCount":0,"silentlySkippedDurationMs":0}
[16:00:22.388] INFO: simulator:public-processor Processed 1 successful txs and 0 failed txs (0 silently skipped, 0ms wasted) in 0.020682167000020853s {"blockNumber":4,"successfulCount":1,"failedCount":0,"duration":0.020682167000020853,"rate":55152199.47691409,"totalPublicGas":{"daGas":192,"l2Gas":1140667},"totalBlockGas":{"daGas":320,"l2Gas":1731467},"totalSizeInBytes":320,"silentlySkippedCount":0,"silentlySkippedDurationMs":0}
[16:00:22.430] INFO: txe:top_level_context Created block 5 with timestamp 1789657221
[16:00:22.663] INFO: simulator:public-processor Processed 1 successful txs and 0 failed txs (0 silently skipped, 0ms wasted) in 0.005712417000031564s {"blockNumber":6,"successfulCount":1,"failedCount":0,"duration":0.005712417000031564,"rate":0,"totalPublicGas":{"daGas":0,"l2Gas":0},"totalBlockGas":{"daGas":1984,"l2Gas":529900},"totalSizeInBytes":1984,"silentlySkippedCount":0,"silentlySkippedDurationMs":0}
[16:00:22.705] INFO: txe:top_level_context Created block 7 with timestamp 9223372036854675807
[billboard_test] Testing c05::c05_real_post_near_horizon_rejects_new_recovery_obligation ... [0m[32mok[0m
[billboard_test] Testing c05::c05_reason_accepts_exact_200_canonical_bytes_and_empty ... [0m[32mok[0m
[billboard_test] Testing c05::c05_reason_cannot_hide_201st_byte_by_declaring_200 ... [0m[32mok[0m
[billboard_test] Testing c05::c05_reason_rejects_201_canonical_bytes ... [0m[32mok[0m
[billboard_test] Testing c05::c05_save_floor_saturates_without_erasing_existing_debt ... [0m[32mok[0m
[billboard_test] Testing c05::c05_saved_cap_allows_exactly_m_immediate_posts ... [0m[32mok[0m
[billboard_test] Testing c05::c05_zero_save_cap_rejected ... [0m[32mok[0m
[billboard_test] [0m[32m163 tests passed[0m
[private_fee_contract] Running 0 test functions
[private_fee_contract] [0m[32m0 tests passed[0m
[private_fee_test] Running 8 test functions
[private_fee_test] Testing private_fee_claim_cannot_mint_twice ... [0m[32mok[0m
[16:00:32.054] INFO: kv-store:lmdb-v2 Starting data store with maxReaders 2
[16:00:32.056] INFO: world-state:database Creating world state data store at directory /var/folders/ym/q1vh2x5n58xbsmpmvs5_6w3r0000gn/T/aztec-world-state-ervDM6/world_state with map sizes {"archiveTreeMapSizeKb":10485760,"nullifierTreeMapSizeKb":10485760,"noteHashTreeMapSizeKb":10485760,"messageTreeMapSizeKb":10485760,"publicDataTreeMapSizeKb":10485760} and 2 threads (ephemeral=true).
[16:00:32.071] INFO: txe_node Aztec Node version: txe
[16:00:32.071] INFO: txe_node Aztec Node started on chain 0x1
[16:00:32.090] INFO: txe:top_level_context Created block 1 with timestamp 1789657232
[16:00:32.165] INFO: txe:top_level_context Created block 2 with timestamp 1789657232
[16:00:32.368] INFO: simulator:public-processor Processed 1 successful txs and 0 failed txs (0 silently skipped, 0ms wasted) in 0.005457540999981574s {"blockNumber":4,"successfulCount":1,"failedCount":0,"duration":0.005457540999981574,"rate":0,"totalPublicGas":{"daGas":0,"l2Gas":0},"totalBlockGas":{"daGas":800,"l2Gas":483700},"totalSizeInBytes":800,"silentlySkippedCount":0,"silentlySkippedDurationMs":0}
[16:00:32.697] ERROR: world-state:database Call BATCH_INSERT failed: Error: Unable to insert values into tree NullifierTree leaf type NullifierLeafValue is not updateable and 0x10d498cdab733e5d313a0e8e7f6d2c5b3fa741654a0c24f918d1346e29d4c52e is already present: [Error: Unable to insert values into tree NullifierTree leaf type NullifierLeafValue is not updateable and 0x10d498cdab733e5d313a0e8e7f6d2c5b3fa741654a0c24f918d1346e29d4c52e is already present] {"treeId":"NULLIFIER_TREE","forkId":5,"leavesCount":64}
[16:00:32.697] WARN: simulator:public-processor Failed to process tx 0x1486c4296f9af86e6e8368fcd3d945b59562fafd43b5fa97bc9a0e7e92ffd2d2: Transaction 0x1486c4296f9af86e6e8368fcd3d945b59562fafd43b5fa97bc9a0e7e92ffd2d2 failed with duplicate nullifiers Error: Transaction 0x1486c4296f9af86e6e8368fcd3d945b59562fafd43b5fa97bc9a0e7e92ffd2d2 failed with duplicate nullifiers
    at PublicProcessor.doTreeInsertionsForPrivateOnlyTx (file:///Users/zac/Documents/ChatGPT/Anonymous%20Message%20Board/aztec_experiments/node_modules/@aztec/simulator/dest/public/public_processor/public_processor.js:765:19)
    at async PublicProcessor.processPrivateOnlyTx (file:///Users/zac/Documents/ChatGPT/Anonymous%20Message%20Board/aztec_experiments/node_modules/@aztec/simulator/dest/public/public_processor/public_processor.js:834:9)
    at async file:///Users/zac/Documents/ChatGPT/Anonymous%20Message%20Board/aztec_experiments/node_modules/@aztec/telemetry-client/dest/telemetry.js:35:33
    at async PublicProcessor.processTxWithinDeadline (file:///Users/zac/Documents/ChatGPT/Anonymous%20Message%20Board/aztec_experiments/node_modules/@aztec/simulator/dest/public/public_processor/public_processor.js:784:20)
    at async elapsed (file:///Users/zac/Documents/ChatGPT/Anonymous%20Message%20Board/aztec_experiments/node_modules/@aztec/foundation/dest/timer/elapsed.js:8:20)
    at async PublicProcessor.processTx (file:///Users/zac/Documents/ChatGPT/Anonymous%20Message%20Board/aztec_experiments/node_modules/@aztec/simulator/dest/public/public_processor/public_processor.js:731:64)
    at async file:///Users/zac/Documents/ChatGPT/Anonymous%20Message%20Board/aztec_experiments/node_modules/@aztec/telemetry-client/dest/telemetry.js:35:33
    at async elapsed (file:///Users/zac/Documents/ChatGPT/Anonymous%20Message%20Board/aztec_experiments/node_modules/@aztec/foundation/dest/timer/elapsed.js:8:20)
    at async PublicProcessor.process (file:///Users/zac/Documents/ChatGPT/Anonymous%20Message%20Board/aztec_experiments/node_modules/@aztec/simulator/dest/public/public_processor/public_processor.js:580:88)
    at async TXEOracleTopLevelContext.privateCallNewFlow (file:///Users/zac/Documents/ChatGPT/Anonymous%20Message%20Board/aztec_experiments/node_modules/@aztec/txe/dest/oracle/txe_oracle_top_level_context.js:434:25)
[16:00:32.698] INFO: simulator:public-processor Processed 0 successful txs and 1 failed txs (0 silently skipped, 0ms wasted) in 0.005808290999964811s {"blockNumber":5,"successfulCount":0,"failedCount":1,"duration":0.005808290999964811,"rate":0,"totalPublicGas":{"daGas":0,"l2Gas":0},"totalBlockGas":{"daGas":0,"l2Gas":0},"totalSizeInBytes":0,"silentlySkippedCount":0,"silentlySkippedDurationMs":0}
[private_fee_test] Testing private_fee_cold_start_rejects_insufficient_bridge ... [0m[32mok[0m
[16:00:34.320] INFO: kv-store:lmdb-v2 Starting data store with maxReaders 2
[16:00:34.321] INFO: world-state:database Creating world state data store at directory /var/folders/ym/q1vh2x5n58xbsmpmvs5_6w3r0000gn/T/aztec-world-state-BJi72B/world_state with map sizes {"archiveTreeMapSizeKb":10485760,"nullifierTreeMapSizeKb":10485760,"noteHashTreeMapSizeKb":10485760,"messageTreeMapSizeKb":10485760,"publicDataTreeMapSizeKb":10485760} and 2 threads (ephemeral=true).
[16:00:34.335] INFO: txe_node Aztec Node version: txe
[16:00:34.336] INFO: txe_node Aztec Node started on chain 0x1
[16:00:34.354] INFO: txe:top_level_context Created block 1 with timestamp 1789657234
[16:00:34.400] INFO: txe:top_level_context Created block 2 with timestamp 1789657234
[16:00:34.945] INFO: kv-store:lmdb-v2 Starting data store with maxReaders 2
[16:00:34.946] INFO: world-state:database Creating world state data store at directory /var/folders/ym/q1vh2x5n58xbsmpmvs5_6w3r0000gn/T/aztec-world-state-vNj7yN/world_state with map sizes {"archiveTreeMapSizeKb":10485760,"nullifierTreeMapSizeKb":10485760,"noteHashTreeMapSizeKb":10485760,"messageTreeMapSizeKb":10485760,"publicDataTreeMapSizeKb":10485760} and 2 threads (ephemeral=true).
[16:00:34.960] INFO: txe_node Aztec Node version: txe
[16:00:34.960] INFO: txe_node Aztec Node started on chain 0x1
[16:00:34.978] INFO: txe:top_level_context Created block 1 with timestamp 1789657234
[16:00:35.024] INFO: txe:top_level_context Created block 2 with timestamp 1789657234
[16:00:35.209] INFO: simulator:public-processor Processed 1 successful txs and 0 failed txs (0 silently skipped, 0ms wasted) in 0.005176375000039116s {"blockNumber":4,"successfulCount":1,"failedCount":0,"duration":0.005176375000039116,"rate":0,"totalPublicGas":{"daGas":0,"l2Gas":0},"totalBlockGas":{"daGas":800,"l2Gas":483700},"totalSizeInBytes":800,"silentlySkippedCount":0,"silentlySkippedDurationMs":0}
[private_fee_test] Testing private_fee_mint_credits_only_bound_owner ... [0m[32mok[0m
[private_fee_test] Testing private_fee_outsider_cannot_call_balance_recursion ... [0m[32mok[0m
[16:00:36.703] INFO: kv-store:lmdb-v2 Starting data store with maxReaders 2
[16:00:36.704] INFO: world-state:database Creating world state data store at directory /var/folders/ym/q1vh2x5n58xbsmpmvs5_6w3r0000gn/T/aztec-world-state-dngOOd/world_state with map sizes {"archiveTreeMapSizeKb":10485760,"nullifierTreeMapSizeKb":10485760,"noteHashTreeMapSizeKb":10485760,"messageTreeMapSizeKb":10485760,"publicDataTreeMapSizeKb":10485760} and 2 threads (ephemeral=true).
[16:00:36.718] INFO: txe_node Aztec Node version: txe
[16:00:36.718] INFO: txe_node Aztec Node started on chain 0x1
[16:00:36.735] INFO: txe:top_level_context Created block 1 with timestamp 1789657236
[16:00:36.781] INFO: txe:top_level_context Created block 2 with timestamp 1789657236
[16:00:36.965] INFO: simulator:public-processor Processed 1 successful txs and 0 failed txs (0 silently skipped, 0ms wasted) in 0.005220749999978579s {"blockNumber":4,"successfulCount":1,"failedCount":0,"duration":0.005220749999978579,"rate":0,"totalPublicGas":{"daGas":0,"l2Gas":0},"totalBlockGas":{"daGas":800,"l2Gas":483700},"totalSizeInBytes":800,"silentlySkippedCount":0,"silentlySkippedDurationMs":0}
[16:00:37.593] INFO: kv-store:lmdb-v2 Starting data store with maxReaders 2
[16:00:37.594] INFO: world-state:database Creating world state data store at directory /var/folders/ym/q1vh2x5n58xbsmpmvs5_6w3r0000gn/T/aztec-world-state-OPYfBq/world_state with map sizes {"archiveTreeMapSizeKb":10485760,"nullifierTreeMapSizeKb":10485760,"noteHashTreeMapSizeKb":10485760,"messageTreeMapSizeKb":10485760,"publicDataTreeMapSizeKb":10485760} and 2 threads (ephemeral=true).
[16:00:37.607] INFO: txe_node Aztec Node version: txe
[16:00:37.607] INFO: txe_node Aztec Node started on chain 0x1
[16:00:37.625] INFO: txe:top_level_context Created block 1 with timestamp 1789657237
[16:00:37.670] INFO: txe:top_level_context Created block 2 with timestamp 1789657237
[private_fee_test] Testing private_fee_unclaimed_bridge_cannot_mint ... [0m[32mok[0m
[private_fee_test] Testing private_fee_unfunded_owner_cannot_pay ... [0m[32mok[0m
[16:00:39.217] INFO: kv-store:lmdb-v2 Starting data store with maxReaders 2
[16:00:39.218] INFO: world-state:database Creating world state data store at directory /var/folders/ym/q1vh2x5n58xbsmpmvs5_6w3r0000gn/T/aztec-world-state-gyBVXJ/world_state with map sizes {"archiveTreeMapSizeKb":10485760,"nullifierTreeMapSizeKb":10485760,"noteHashTreeMapSizeKb":10485760,"messageTreeMapSizeKb":10485760,"publicDataTreeMapSizeKb":10485760} and 2 threads (ephemeral=true).
[16:00:39.231] INFO: txe_node Aztec Node version: txe
[16:00:39.231] INFO: txe_node Aztec Node started on chain 0x1
[16:00:39.249] INFO: txe:top_level_context Created block 1 with timestamp 1789657239
[16:00:39.296] INFO: txe:top_level_context Created block 2 with timestamp 1789657239
[16:00:39.991] INFO: kv-store:lmdb-v2 Starting data store with maxReaders 2
[16:00:39.993] INFO: world-state:database Creating world state data store at directory /var/folders/ym/q1vh2x5n58xbsmpmvs5_6w3r0000gn/T/aztec-world-state-DSLI0B/world_state with map sizes {"archiveTreeMapSizeKb":10485760,"nullifierTreeMapSizeKb":10485760,"noteHashTreeMapSizeKb":10485760,"messageTreeMapSizeKb":10485760,"publicDataTreeMapSizeKb":10485760} and 2 threads (ephemeral=true).
[16:00:40.006] INFO: txe_node Aztec Node version: txe
[16:00:40.006] INFO: txe_node Aztec Node started on chain 0x1
[16:00:40.024] INFO: txe:top_level_context Created block 1 with timestamp 1789657240
[16:00:40.069] INFO: txe:top_level_context Created block 2 with timestamp 1789657240
[private_fee_test] Testing private_fee_wrong_amount_cannot_inflate_credit ... [0m[32mok[0m
[private_fee_test] Testing private_fee_wrong_owner_cannot_mint_known_salt ... [0m[32mok[0m
[private_fee_test] [0m[32m8 tests passed[0m
[16:00:41.570] INFO: kv-store:lmdb-v2 Starting data store with maxReaders 2
[16:00:41.571] INFO: world-state:database Creating world state data store at directory /var/folders/ym/q1vh2x5n58xbsmpmvs5_6w3r0000gn/T/aztec-world-state-GkP5lK/world_state with map sizes {"archiveTreeMapSizeKb":10485760,"nullifierTreeMapSizeKb":10485760,"noteHashTreeMapSizeKb":10485760,"messageTreeMapSizeKb":10485760,"publicDataTreeMapSizeKb":10485760} and 2 threads (ephemeral=true).
[16:00:41.585] INFO: txe_node Aztec Node version: txe
[16:00:41.585] INFO: txe_node Aztec Node started on chain 0x1
[16:00:41.603] INFO: txe:top_level_context Created block 1 with timestamp 1789657241
[16:00:41.648] INFO: txe:top_level_context Created block 2 with timestamp 1789657241
