
> test:application:unit
> npm run test:c01-clients && npm run test:noir && npm run test:portal


> test:c01-clients
> node --test scripts/test-c01-user.mjs scripts/test-c01-deploy-activation.mjs scripts/test-artifacts.mjs

✔ matching synthetic artifacts and recorded sources pass (12.126917ms)
✔ stale deploy Noir copy is rejected (8.054083ms)
✔ stale censor Noir copy is rejected (7.939292ms)
✔ missing verification key is rejected even when all consumer copies agree (8.214166ms)
✔ empty private function set is rejected even when all consumer copies agree (8.69825ms)
✔ only public functions is rejected even when all consumer copies agree (7.908083ms)
✔ untranspiled artifact is rejected even when all consumer copies agree (8.329292ms)
✔ truthy non-boolean transpilation marker is rejected even when all consumer copies agree (9.111083ms)
✔ stale portal bytecode is rejected: apps/src/billboard/portal_bytecode.txt (7.616709ms)
✔ stale portal bytecode is rejected: apps/src/billboard/deploy/portal_bytecode.txt (7.920125ms)
✔ portal source drift is rejected by embedded compiler provenance (7.764375ms)
✔ missing Solidity source provenance is rejected (7.683292ms)
✔ string-encoded Solidity metadata remains supported (9.090041ms)
✔ Noir source drift requires a rebuild (8.588791ms)
✔ Noir dependency declaration drift requires a rebuild (7.942834ms)
✔ root dependency lock drift requires a rebuild (8.492291ms)
✔ portal dependency lock drift requires a rebuild (8.618333ms)
✔ compiler configuration drift requires a rebuild (8.235166ms)
✔ toolchain pins drift requires a rebuild (9.341459ms)
✔ contract builder drift requires a rebuild (8.054459ms)
✔ Noir debug-path normalizer drift requires a rebuild (8.204417ms)
✔ Noir dependency verifier drift requires a rebuild (8.996167ms)
✔ Noir dependency pins drift requires a rebuild (9.573125ms)
✔ new Noir source omitted from the old manifest requires a rebuild (9.99225ms)
✔ contract manifest input hash tampering is rejected (9.617875ms)
✔ contract manifest noir hash tampering is rejected (9.489667ms)
✔ contract manifest portal hash tampering is rejected (9.681417ms)
✔ synchronized altered Noir artifacts still fail the recorded build hash (8.314625ms)
✔ synchronized altered portal bytecode still fails the recorded build hash (8.497167ms)
✔ pinned internal L2Block hash method differs from public node BlockResponse hash value (5.090667ms)
✔ actual deployment helper waits for finality then forwards exact authenticated witness (2.516417ms)
✔ unfinalized receipt never requests a witness or activates (0.835709ms)
✔ missing witness never activates a finalized transaction (1.043375ms)
✔ reverted receipt fails closed before witness lookup (0.414584ms)
✔ missing success receipt fails closed before witness lookup (0.374334ms)
✔ dropped receipt fails closed before witness lookup (0.334209ms)
✔ unknown receipt fails closed before witness lookup (0.359584ms)
✔ missing block hash receipt fails closed before witness lookup (0.357959ms)
✔ pending and proposed receipts do not qualify even with a high finalized tip (0.4315ms)
✔ receipt block must still match canonical block at its height (0.984375ms)
✔ re-inclusion during witness resolution refreshes receipt and waits for the new block (0.877625ms)
✔ drop during witness resolution prevents activation (0.521667ms)
✔ malformed finalized tip cannot satisfy the finality comparison (0.56475ms)
✔ activation requires successful L1 receipt and enabled portal {"activationStatus":0} (0.753083ms)
✔ activation requires successful L1 receipt and enabled portal {"enabled":false} (0.593875ms)
✔ browser actual module persists ciphertext and interoperates with Node AES-GCM (11.556625ms)
✔ browser actual custody rejects wrong wallet, ciphertext corruption and moved scope (4.313958ms)
✔ browser save observes transaction abort and never reports durable success (1.972167ms)
✔ actual engine codec matches frozen claim, boundary and exit commitments (8.188667ms)
✔ actual public deposit flow saves and reads back before send; returns event receipt nonce without secret (6.347333ms)
✔ actual deposit flow fails closed for missing store, failed durability and disabled portal (2.530042ms)
✔ actual deposit flow fails closed for mismatched read-back and existing receipt (1.465083ms)
✔ actual recovery requires the current event nonce and exact saved secret hash without signing fallback (7.198917ms)
ℹ tests 53
ℹ suites 0
ℹ pass 53
ℹ fail 0
ℹ cancelled 0
ℹ skipped 0
ℹ todo 0
ℹ duration_ms 786.939875

> test:noir
> node scripts/test-noir.mjs

{"profile":"C01 consistent-scope TXE","chain":1,"version":1,"originalPublicVersion":2,"realProofs":false,"port":54971}
[23:29:47.291] INFO: kv-store:lmdb-v2 Starting data store with maxReaders 2
[billboard_contract] Running 0 test functions
[billboard_contract] [0m[32m0 tests passed[0m
[billboard_test] Running 107 test functions
[23:29:55.449] INFO: kv-store:lmdb-v2 Starting data store with maxReaders 2
[23:29:55.450] INFO: kv-store:lmdb-v2 Starting data store with maxReaders 2
[23:29:55.452] INFO: world-state:database Creating world state data store at directory /var/folders/ym/q1vh2x5n58xbsmpmvs5_6w3r0000gn/T/aztec-world-state-NoybQe/world_state with map sizes {"archiveTreeMapSizeKb":10485760,"nullifierTreeMapSizeKb":10485760,"noteHashTreeMapSizeKb":10485760,"messageTreeMapSizeKb":10485760,"publicDataTreeMapSizeKb":10485760} and 1 threads (ephemeral=true).
[23:29:55.472] INFO: txe_node Aztec Node version: txe
[23:29:55.472] INFO: txe_node Aztec Node started on chain 0x1
[23:29:55.496] INFO: txe:top_level_context Created block 1 with timestamp 1789424995
[23:29:55.625] INFO: txe:top_level_context Created block 2 with timestamp 1789424995
[23:29:55.784] INFO: simulator:public-processor Processed 1 successful txs and 0 failed txs (0 silently skipped, 0ms wasted) in 0.09121058400000039s {"blockNumber":3,"successfulCount":1,"failedCount":0,"duration":0.09121058400000039,"rate":35525339.91011379,"totalPublicGas":{"daGas":4000,"l2Gas":3240287},"totalBlockGas":{"daGas":4000,"l2Gas":3240287},"totalSizeInBytes":4128,"silentlySkippedCount":0,"silentlySkippedDurationMs":0}
[23:29:56.047] INFO: simulator:public-processor Processed 1 successful txs and 0 failed txs (0 silently skipped, 0ms wasted) in 0.023372541999999157s {"blockNumber":4,"successfulCount":1,"failedCount":0,"duration":0.023372541999999157,"rate":48780102.73765007,"totalPublicGas":{"daGas":192,"l2Gas":1140115},"totalBlockGas":{"daGas":320,"l2Gas":1730915},"totalSizeInBytes":320,"silentlySkippedCount":0,"silentlySkippedDurationMs":0}
[23:29:56.096] INFO: txe:top_level_context Created block 5 with timestamp 1789424995
[23:29:56.371] INFO: simulator:public-processor Processed 1 successful txs and 0 failed txs (0 silently skipped, 0ms wasted) in 0.010115499999999883s {"blockNumber":6,"successfulCount":1,"failedCount":0,"duration":0.010115499999999883,"rate":0,"totalPublicGas":{"daGas":0,"l2Gas":0},"totalBlockGas":{"daGas":1984,"l2Gas":529900},"totalSizeInBytes":1984,"silentlySkippedCount":0,"silentlySkippedDurationMs":0}
[23:29:56.419] INFO: txe:top_level_context Created block 7 with timestamp 1789428596
[23:29:57.098] INFO: simulator:public-processor Processed 1 successful txs and 0 failed txs (0 silently skipped, 0ms wasted) in 0.04745070799999849s {"blockNumber":8,"successfulCount":1,"failedCount":0,"duration":0.04745070799999849,"rate":25233996.50854605,"totalPublicGas":{"daGas":2176,"l2Gas":1197371},"totalBlockGas":{"daGas":3552,"l2Gas":1924121},"totalSizeInBytes":3552,"silentlySkippedCount":0,"silentlySkippedDurationMs":0}
[23:29:57.151] INFO: txe:top_level_context Created block 9 with timestamp 1789432195
[23:29:57.803] INFO: simulator:public-processor Processed 1 successful txs and 0 failed txs (0 silently skipped, 0ms wasted) in 0.0452801670000008s {"blockNumber":10,"successfulCount":1,"failedCount":0,"duration":0.0452801670000008,"rate":26443608.302062552,"totalPublicGas":{"daGas":2176,"l2Gas":1197371},"totalBlockGas":{"daGas":3552,"l2Gas":1924121},"totalSizeInBytes":3552,"silentlySkippedCount":0,"silentlySkippedDurationMs":0}
[23:29:57.854] INFO: txe:top_level_context Created block 11 with timestamp 1789435796
[23:29:58.507] INFO: simulator:public-processor Processed 1 successful txs and 0 failed txs (0 silently skipped, 0ms wasted) in 0.04657537500000035s {"blockNumber":12,"successfulCount":1,"failedCount":0,"duration":0.04657537500000035,"rate":25708241.747919176,"totalPublicGas":{"daGas":2176,"l2Gas":1197371},"totalBlockGas":{"daGas":3552,"l2Gas":1924121},"totalSizeInBytes":3552,"silentlySkippedCount":0,"silentlySkippedDurationMs":0}
[23:29:58.561] INFO: simulator:public-processor Processed 1 successful txs and 0 failed txs (0 silently skipped, 0ms wasted) in 0.007157499999999345s {"blockNumber":13,"successfulCount":1,"failedCount":0,"duration":0.007157499999999345,"rate":1154313.6570032493,"totalPublicGas":{"daGas":0,"l2Gas":8262},"totalBlockGas":{"daGas":0,"l2Gas":8262},"totalSizeInBytes":128,"silentlySkippedCount":0,"silentlySkippedDurationMs":0}
[billboard_test] Testing test_censor_window_grandchild_screening ... [0m[32mok[0m
[23:30:01.659] INFO: kv-store:lmdb-v2 Starting data store with maxReaders 2
[23:30:01.660] INFO: world-state:database Creating world state data store at directory /var/folders/ym/q1vh2x5n58xbsmpmvs5_6w3r0000gn/T/aztec-world-state-nhwkdw/world_state with map sizes {"archiveTreeMapSizeKb":10485760,"nullifierTreeMapSizeKb":10485760,"noteHashTreeMapSizeKb":10485760,"messageTreeMapSizeKb":10485760,"publicDataTreeMapSizeKb":10485760} and 1 threads (ephemeral=true).
[23:30:01.674] INFO: txe_node Aztec Node version: txe
[23:30:01.674] INFO: txe_node Aztec Node started on chain 0x1
[23:30:01.693] INFO: txe:top_level_context Created block 1 with timestamp 1789425001
[23:30:01.752] INFO: txe:top_level_context Created block 2 with timestamp 1789425001
[23:30:01.881] INFO: simulator:public-processor Processed 1 successful txs and 0 failed txs (0 silently skipped, 0ms wasted) in 0.08374566699999923s {"blockNumber":3,"successfulCount":1,"failedCount":0,"duration":0.08374566699999923,"rate":38691995.84976772,"totalPublicGas":{"daGas":4000,"l2Gas":3240287},"totalBlockGas":{"daGas":4000,"l2Gas":3240287},"totalSizeInBytes":4128,"silentlySkippedCount":0,"silentlySkippedDurationMs":0}
[23:30:02.077] INFO: simulator:public-processor Processed 1 successful txs and 0 failed txs (0 silently skipped, 0ms wasted) in 0.022991666999998415s {"blockNumber":4,"successfulCount":1,"failedCount":0,"duration":0.022991666999998415,"rate":49588183.405756466,"totalPublicGas":{"daGas":192,"l2Gas":1140115},"totalBlockGas":{"daGas":320,"l2Gas":1730915},"totalSizeInBytes":320,"silentlySkippedCount":0,"silentlySkippedDurationMs":0}
[23:30:02.125] INFO: txe:top_level_context Created block 5 with timestamp 1789425001
[23:30:02.369] INFO: simulator:public-processor Processed 1 successful txs and 0 failed txs (0 silently skipped, 0ms wasted) in 0.007161583000000974s {"blockNumber":6,"successfulCount":1,"failedCount":0,"duration":0.007161583000000974,"rate":0,"totalPublicGas":{"daGas":0,"l2Gas":0},"totalBlockGas":{"daGas":1984,"l2Gas":529900},"totalSizeInBytes":1984,"silentlySkippedCount":0,"silentlySkippedDurationMs":0}
[23:30:02.416] INFO: txe:top_level_context Created block 7 with timestamp 1789428602
[23:30:03.038] INFO: simulator:public-processor Processed 1 successful txs and 0 failed txs (0 silently skipped, 0ms wasted) in 0.04664970800000083s {"blockNumber":8,"successfulCount":1,"failedCount":0,"duration":0.04664970800000083,"rate":25667277.488638915,"totalPublicGas":{"daGas":2176,"l2Gas":1197371},"totalBlockGas":{"daGas":3552,"l2Gas":1924121},"totalSizeInBytes":3552,"silentlySkippedCount":0,"silentlySkippedDurationMs":0}
[23:30:03.128] INFO: simulator:public-processor Processed 1 successful txs and 0 failed txs (0 silently skipped, 0ms wasted) in 0.04231125000000247s {"blockNumber":9,"successfulCount":1,"failedCount":0,"duration":0.04231125000000247,"rate":28452905.55112245,"totalPublicGas":{"daGas":2176,"l2Gas":1203878},"totalBlockGas":{"daGas":2176,"l2Gas":1203878},"totalSizeInBytes":2304,"silentlySkippedCount":0,"silentlySkippedDurationMs":0}
[23:30:03.182] INFO: simulator:public-processor Processed 1 successful txs and 0 failed txs (0 silently skipped, 0ms wasted) in 0.007370332999998936s {"blockNumber":10,"successfulCount":1,"failedCount":0,"duration":0.007370332999998936,"rate":1355434.008205795,"totalPublicGas":{"daGas":0,"l2Gas":9990},"totalBlockGas":{"daGas":0,"l2Gas":9990},"totalSizeInBytes":128,"silentlySkippedCount":0,"silentlySkippedDurationMs":0}
[23:30:03.202] INFO: txe:top_level_context Created block 10 with timestamp 1789432201
[23:30:03.857] INFO: simulator:public-processor Processed 1 successful txs and 0 failed txs (0 silently skipped, 0ms wasted) in 0.0466817919999994s {"blockNumber":11,"successfulCount":1,"failedCount":0,"duration":0.0466817919999994,"rate":25649636.58635931,"totalPublicGas":{"daGas":2176,"l2Gas":1197371},"totalBlockGas":{"daGas":3552,"l2Gas":1924121},"totalSizeInBytes":3552,"silentlySkippedCount":0,"silentlySkippedDurationMs":0}
[23:30:04.367] INFO: txe:top_level_context Created block 12 with timestamp 1789435802
[23:30:04.992] INFO: simulator:public-processor Processed 1 successful txs and 0 failed txs (0 silently skipped, 0ms wasted) in 0.045156957999999574s {"blockNumber":13,"successfulCount":1,"failedCount":0,"duration":0.045156957999999574,"rate":26515758.65672819,"totalPublicGas":{"daGas":2176,"l2Gas":1197371},"totalBlockGas":{"daGas":3552,"l2Gas":1924121},"totalSizeInBytes":3552,"silentlySkippedCount":0,"silentlySkippedDurationMs":0}
[billboard_test] Testing test_censor_window_hard_invariant ... [0m[32mok[0m
[23:30:08.185] INFO: kv-store:lmdb-v2 Starting data store with maxReaders 2
[23:30:08.187] INFO: world-state:database Creating world state data store at directory /var/folders/ym/q1vh2x5n58xbsmpmvs5_6w3r0000gn/T/aztec-world-state-L7Ui6E/world_state with map sizes {"archiveTreeMapSizeKb":10485760,"nullifierTreeMapSizeKb":10485760,"noteHashTreeMapSizeKb":10485760,"messageTreeMapSizeKb":10485760,"publicDataTreeMapSizeKb":10485760} and 1 threads (ephemeral=true).
[23:30:08.200] INFO: txe_node Aztec Node version: txe
[23:30:08.200] INFO: txe_node Aztec Node started on chain 0x1
[23:30:08.219] INFO: txe:top_level_context Created block 1 with timestamp 1789425008
[23:30:08.278] INFO: txe:top_level_context Created block 2 with timestamp 1789425008
[23:30:08.412] INFO: simulator:public-processor Processed 1 successful txs and 0 failed txs (0 silently skipped, 0ms wasted) in 0.08448516600000221s {"blockNumber":3,"successfulCount":1,"failedCount":0,"duration":0.08448516600000221,"rate":38353324.65346538,"totalPublicGas":{"daGas":4000,"l2Gas":3240287},"totalBlockGas":{"daGas":4000,"l2Gas":3240287},"totalSizeInBytes":4128,"silentlySkippedCount":0,"silentlySkippedDurationMs":0}
[23:30:08.596] INFO: simulator:public-processor Processed 1 successful txs and 0 failed txs (0 silently skipped, 0ms wasted) in 0.022588457999998354s {"blockNumber":4,"successfulCount":1,"failedCount":0,"duration":0.022588457999998354,"rate":50473343.51021584,"totalPublicGas":{"daGas":192,"l2Gas":1140115},"totalBlockGas":{"daGas":320,"l2Gas":1730915},"totalSizeInBytes":320,"silentlySkippedCount":0,"silentlySkippedDurationMs":0}
[23:30:08.643] INFO: txe:top_level_context Created block 5 with timestamp 1789425008
[23:30:08.890] INFO: simulator:public-processor Processed 1 successful txs and 0 failed txs (0 silently skipped, 0ms wasted) in 0.007398041000000376s {"blockNumber":6,"successfulCount":1,"failedCount":0,"duration":0.007398041000000376,"rate":0,"totalPublicGas":{"daGas":0,"l2Gas":0},"totalBlockGas":{"daGas":1984,"l2Gas":529900},"totalSizeInBytes":1984,"silentlySkippedCount":0,"silentlySkippedDurationMs":0}
[23:30:08.938] INFO: txe:top_level_context Created block 7 with timestamp 1789428609
[23:30:09.558] INFO: simulator:public-processor Processed 1 successful txs and 0 failed txs (0 silently skipped, 0ms wasted) in 0.04646208399999887s {"blockNumber":8,"successfulCount":1,"failedCount":0,"duration":0.04646208399999887,"rate":25770927.537387885,"totalPublicGas":{"daGas":2176,"l2Gas":1197371},"totalBlockGas":{"daGas":3552,"l2Gas":1924121},"totalSizeInBytes":3552,"silentlySkippedCount":0,"silentlySkippedDurationMs":0}
[23:30:09.608] INFO: txe:top_level_context Created block 9 with timestamp 1789432208
[23:30:10.238] INFO: simulator:public-processor Processed 1 successful txs and 0 failed txs (0 silently skipped, 0ms wasted) in 0.045789708999996945s {"blockNumber":10,"successfulCount":1,"failedCount":0,"duration":0.045789708999996945,"rate":26149347.225597784,"totalPublicGas":{"daGas":2176,"l2Gas":1197371},"totalBlockGas":{"daGas":3552,"l2Gas":1924121},"totalSizeInBytes":3552,"silentlySkippedCount":0,"silentlySkippedDurationMs":0}
[23:30:10.293] INFO: simulator:public-processor Processed 1 successful txs and 0 failed txs (0 silently skipped, 0ms wasted) in 0.006962125000001833s {"blockNumber":11,"successfulCount":1,"failedCount":0,"duration":0.006962125000001833,"rate":1186706.6448818177,"totalPublicGas":{"daGas":0,"l2Gas":8262},"totalBlockGas":{"daGas":0,"l2Gas":8262},"totalSizeInBytes":128,"silentlySkippedCount":0,"silentlySkippedDurationMs":0}
[billboard_test] Testing test_censor_window_post_too_young_to_screen ... [0m[32mok[0m
[billboard_test] Testing test_cooldown_100x_deposit ... [0m[32mok[0m
[billboard_test] Testing test_cooldown_10x_deposit ... [0m[32mok[0m
[billboard_test] Testing test_cooldown_at_min_deposit ... [0m[32mok[0m
[billboard_test] Testing test_cooldown_halves_when_deposit_doubles ... [0m[32mok[0m
[billboard_test] Testing test_cooldown_minimum_one_second ... [0m[32mok[0m
[billboard_test] Testing test_cooldown_no_overflow_at_large_values ... [0m[32mok[0m
[billboard_test] Testing test_cooldown_truncation ... [0m[32mok[0m
[23:30:32.654] INFO: kv-store:lmdb-v2 Starting data store with maxReaders 2
[23:30:32.655] INFO: world-state:database Creating world state data store at directory /var/folders/ym/q1vh2x5n58xbsmpmvs5_6w3r0000gn/T/aztec-world-state-pRG26j/world_state with map sizes {"archiveTreeMapSizeKb":10485760,"nullifierTreeMapSizeKb":10485760,"noteHashTreeMapSizeKb":10485760,"messageTreeMapSizeKb":10485760,"publicDataTreeMapSizeKb":10485760} and 1 threads (ephemeral=true).
[23:30:32.671] INFO: txe_node Aztec Node version: txe
[23:30:32.671] INFO: txe_node Aztec Node started on chain 0x1
[23:30:32.691] INFO: txe:top_level_context Created block 1 with timestamp 1789425032
[23:30:32.753] INFO: txe:top_level_context Created block 2 with timestamp 1789425032
[23:30:32.884] INFO: simulator:public-processor Processed 1 successful txs and 0 failed txs (0 silently skipped, 0ms wasted) in 0.0837532910000009s {"blockNumber":3,"successfulCount":1,"failedCount":0,"duration":0.0837532910000009,"rate":38688473.74606408,"totalPublicGas":{"daGas":4000,"l2Gas":3240287},"totalBlockGas":{"daGas":4000,"l2Gas":3240287},"totalSizeInBytes":4128,"silentlySkippedCount":0,"silentlySkippedDurationMs":0}
[23:30:32.970] INFO: simulator:public-processor Processed 1 successful txs and 0 failed txs (0 silently skipped, 0ms wasted) in 0.030948167000002285s {"blockNumber":4,"successfulCount":1,"failedCount":0,"duration":0.030948167000002285,"rate":1049529.0399588966,"totalPublicGas":{"daGas":0,"l2Gas":32481},"totalBlockGas":{"daGas":0,"l2Gas":32481},"totalSizeInBytes":128,"silentlySkippedCount":0,"silentlySkippedDurationMs":0}
[23:30:32.976] WARN: txe:top_level_context Could not find function artifact in contract Billboard for function '0x6675867b' when enriching error callstack
[billboard_test] Testing test_declare_immoral_censor_passes_auth ... [0m[32mok[0m
[billboard_test] Testing test_declare_immoral_fails_when_no_censor ... [0m[32mok[0m
[23:30:35.513] INFO: kv-store:lmdb-v2 Starting data store with maxReaders 2
[23:30:35.514] INFO: world-state:database Creating world state data store at directory /var/folders/ym/q1vh2x5n58xbsmpmvs5_6w3r0000gn/T/aztec-world-state-AXZsD6/world_state with map sizes {"archiveTreeMapSizeKb":10485760,"nullifierTreeMapSizeKb":10485760,"noteHashTreeMapSizeKb":10485760,"messageTreeMapSizeKb":10485760,"publicDataTreeMapSizeKb":10485760} and 1 threads (ephemeral=true).
[23:30:35.528] INFO: txe_node Aztec Node version: txe
[23:30:35.528] INFO: txe_node Aztec Node started on chain 0x1
[23:30:35.548] INFO: txe:top_level_context Created block 1 with timestamp 1789425035
[23:30:35.610] INFO: txe:top_level_context Created block 2 with timestamp 1789425035
[23:30:35.665] INFO: simulator:public-processor Processed 1 successful txs and 0 failed txs (0 silently skipped, 0ms wasted) in 0.009657999999995809s {"blockNumber":3,"successfulCount":1,"failedCount":0,"duration":0.009657999999995809,"rate":13095879.063994087,"totalPublicGas":{"daGas":0,"l2Gas":126480},"totalBlockGas":{"daGas":0,"l2Gas":126480},"totalSizeInBytes":128,"silentlySkippedCount":0,"silentlySkippedDurationMs":0}
[23:30:35.668] WARN: txe:top_level_context Could not find function artifact in contract Billboard for function '0x8f3f1c4d' when enriching error callstack
[billboard_test] Testing test_declare_immoral_rejects_non_censor ... [0m[32mok[0m
[23:30:38.289] INFO: kv-store:lmdb-v2 Starting data store with maxReaders 2
[23:30:38.290] INFO: world-state:database Creating world state data store at directory /var/folders/ym/q1vh2x5n58xbsmpmvs5_6w3r0000gn/T/aztec-world-state-QlBs9C/world_state with map sizes {"archiveTreeMapSizeKb":10485760,"nullifierTreeMapSizeKb":10485760,"noteHashTreeMapSizeKb":10485760,"messageTreeMapSizeKb":10485760,"publicDataTreeMapSizeKb":10485760} and 1 threads (ephemeral=true).
[23:30:38.304] INFO: txe_node Aztec Node version: txe
[23:30:38.304] INFO: txe_node Aztec Node started on chain 0x1
[23:30:38.322] INFO: txe:top_level_context Created block 1 with timestamp 1789425038
[23:30:38.378] INFO: txe:top_level_context Created block 2 with timestamp 1789425038
[23:30:38.510] INFO: simulator:public-processor Processed 1 successful txs and 0 failed txs (0 silently skipped, 0ms wasted) in 0.0840514170000024s {"blockNumber":3,"successfulCount":1,"failedCount":0,"duration":0.0840514170000024,"rate":38551247.743983984,"totalPublicGas":{"daGas":4000,"l2Gas":3240287},"totalBlockGas":{"daGas":4000,"l2Gas":3240287},"totalSizeInBytes":4128,"silentlySkippedCount":0,"silentlySkippedDurationMs":0}
[23:30:38.569] INFO: simulator:public-processor Processed 1 successful txs and 0 failed txs (0 silently skipped, 0ms wasted) in 0.007630458999999973s {"blockNumber":4,"successfulCount":1,"failedCount":0,"duration":0.007630458999999973,"rate":4060568.309193472,"totalPublicGas":{"daGas":0,"l2Gas":30984},"totalBlockGas":{"daGas":0,"l2Gas":30984},"totalSizeInBytes":128,"silentlySkippedCount":0,"silentlySkippedDurationMs":0}
[23:30:38.572] WARN: txe:top_level_context Could not find function artifact in contract Billboard for function '0x6675867b' when enriching error callstack
[billboard_test] Testing test_deposit_msg_hash_deterministic ... [0m[32mok[0m
[billboard_test] Testing test_deposit_msg_hash_differs_by_amount ... [0m[32mok[0m
[billboard_test] Testing test_deposit_msg_hash_differs_by_depositor ... [0m[32mok[0m
[23:30:49.014] INFO: kv-store:lmdb-v2 Starting data store with maxReaders 2
[23:30:49.015] INFO: world-state:database Creating world state data store at directory /var/folders/ym/q1vh2x5n58xbsmpmvs5_6w3r0000gn/T/aztec-world-state-7jpc5b/world_state with map sizes {"archiveTreeMapSizeKb":10485760,"nullifierTreeMapSizeKb":10485760,"noteHashTreeMapSizeKb":10485760,"messageTreeMapSizeKb":10485760,"publicDataTreeMapSizeKb":10485760} and 1 threads (ephemeral=true).
[23:30:49.029] INFO: txe_node Aztec Node version: txe
[23:30:49.029] INFO: txe_node Aztec Node started on chain 0x1
[23:30:49.047] INFO: txe:top_level_context Created block 1 with timestamp 1789425049
[23:30:49.109] INFO: txe:top_level_context Created block 2 with timestamp 1789425049
[23:30:49.243] INFO: simulator:public-processor Processed 1 successful txs and 0 failed txs (0 silently skipped, 0ms wasted) in 0.08673745799999596s {"blockNumber":3,"successfulCount":1,"failedCount":0,"duration":0.08673745799999596,"rate":37357412.52643294,"totalPublicGas":{"daGas":4000,"l2Gas":3240287},"totalBlockGas":{"daGas":4000,"l2Gas":3240287},"totalSizeInBytes":4128,"silentlySkippedCount":0,"silentlySkippedDurationMs":0}
[23:30:49.446] INFO: simulator:public-processor Processed 1 successful txs and 0 failed txs (0 silently skipped, 0ms wasted) in 0.022589249999997264s {"blockNumber":4,"successfulCount":1,"failedCount":0,"duration":0.022589249999997264,"rate":50471573.86810709,"totalPublicGas":{"daGas":192,"l2Gas":1140115},"totalBlockGas":{"daGas":320,"l2Gas":1730915},"totalSizeInBytes":320,"silentlySkippedCount":0,"silentlySkippedDurationMs":0}
[23:30:49.493] INFO: txe:top_level_context Created block 5 with timestamp 1789425049
[23:30:49.740] INFO: simulator:public-processor Processed 1 successful txs and 0 failed txs (0 silently skipped, 0ms wasted) in 0.008868249999999534s {"blockNumber":6,"successfulCount":1,"failedCount":0,"duration":0.008868249999999534,"rate":0,"totalPublicGas":{"daGas":0,"l2Gas":0},"totalBlockGas":{"daGas":1984,"l2Gas":529900},"totalSizeInBytes":1984,"silentlySkippedCount":0,"silentlySkippedDurationMs":0}
[23:30:49.787] INFO: txe:top_level_context Created block 7 with timestamp 1789428650
[23:30:50.402] INFO: simulator:public-processor Processed 1 successful txs and 0 failed txs (0 silently skipped, 0ms wasted) in 0.0455079160000023s {"blockNumber":8,"successfulCount":1,"failedCount":0,"duration":0.0455079160000023,"rate":26311268.571383044,"totalPublicGas":{"daGas":2176,"l2Gas":1197371},"totalBlockGas":{"daGas":3552,"l2Gas":1924121},"totalSizeInBytes":3552,"silentlySkippedCount":0,"silentlySkippedDurationMs":0}
[23:30:50.453] INFO: txe:top_level_context Created block 9 with timestamp 1789432251
[23:30:51.049] INFO: simulator:public-processor Processed 1 successful txs and 0 failed txs (0 silently skipped, 0ms wasted) in 0.013702917000002344s {"blockNumber":10,"successfulCount":1,"failedCount":0,"duration":0.013702917000002344,"rate":7052950.842509188,"totalPublicGas":{"daGas":128,"l2Gas":96646},"totalBlockGas":{"daGas":1504,"l2Gas":823396},"totalSizeInBytes":1504,"silentlySkippedCount":0,"silentlySkippedDurationMs":0}
[billboard_test] Testing test_dummy_post_advances_screening ... [0m[32mok[0m
[23:30:54.253] INFO: kv-store:lmdb-v2 Starting data store with maxReaders 2
[23:30:54.254] INFO: world-state:database Creating world state data store at directory /var/folders/ym/q1vh2x5n58xbsmpmvs5_6w3r0000gn/T/aztec-world-state-xEZZ84/world_state with map sizes {"archiveTreeMapSizeKb":10485760,"nullifierTreeMapSizeKb":10485760,"noteHashTreeMapSizeKb":10485760,"messageTreeMapSizeKb":10485760,"publicDataTreeMapSizeKb":10485760} and 1 threads (ephemeral=true).
[23:30:54.267] INFO: txe_node Aztec Node version: txe
[23:30:54.267] INFO: txe_node Aztec Node started on chain 0x1
[23:30:54.286] INFO: txe:top_level_context Created block 1 with timestamp 1789425054
[23:30:54.350] INFO: txe:top_level_context Created block 2 with timestamp 1789425054
[23:30:54.477] INFO: simulator:public-processor Processed 1 successful txs and 0 failed txs (0 silently skipped, 0ms wasted) in 0.08388445899999351s {"blockNumber":3,"successfulCount":1,"failedCount":0,"duration":0.08388445899999351,"rate":38627977.56137702,"totalPublicGas":{"daGas":4000,"l2Gas":3240287},"totalBlockGas":{"daGas":4000,"l2Gas":3240287},"totalSizeInBytes":4128,"silentlySkippedCount":0,"silentlySkippedDurationMs":0}
[23:30:54.659] INFO: simulator:public-processor Processed 1 successful txs and 0 failed txs (0 silently skipped, 0ms wasted) in 0.022084707999994863s {"blockNumber":4,"successfulCount":1,"failedCount":0,"duration":0.022084707999994863,"rate":51624635.471760154,"totalPublicGas":{"daGas":192,"l2Gas":1140115},"totalBlockGas":{"daGas":320,"l2Gas":1730915},"totalSizeInBytes":320,"silentlySkippedCount":0,"silentlySkippedDurationMs":0}
[23:30:54.706] INFO: txe:top_level_context Created block 5 with timestamp 1789425054
[23:30:54.947] INFO: simulator:public-processor Processed 1 successful txs and 0 failed txs (0 silently skipped, 0ms wasted) in 0.007045999999987543s {"blockNumber":6,"successfulCount":1,"failedCount":0,"duration":0.007045999999987543,"rate":0,"totalPublicGas":{"daGas":0,"l2Gas":0},"totalBlockGas":{"daGas":1984,"l2Gas":529900},"totalSizeInBytes":1984,"silentlySkippedCount":0,"silentlySkippedDurationMs":0}
[23:30:54.994] INFO: txe:top_level_context Created block 7 with timestamp 1789428655
[23:30:55.575] INFO: simulator:public-processor Processed 1 successful txs and 0 failed txs (0 silently skipped, 0ms wasted) in 0.014442125000001397s {"blockNumber":8,"successfulCount":1,"failedCount":0,"duration":0.014442125000001397,"rate":6691951.496056893,"totalPublicGas":{"daGas":128,"l2Gas":96646},"totalBlockGas":{"daGas":1504,"l2Gas":823396},"totalSizeInBytes":1504,"silentlySkippedCount":0,"silentlySkippedDurationMs":0}
[23:30:55.625] INFO: simulator:public-processor Processed 1 successful txs and 0 failed txs (0 silently skipped, 0ms wasted) in 0.0070015410000050906s {"blockNumber":9,"successfulCount":1,"failedCount":0,"duration":0.0070015410000050906,"rate":1180025.9400029213,"totalPublicGas":{"daGas":0,"l2Gas":8262},"totalBlockGas":{"daGas":0,"l2Gas":8262},"totalSizeInBytes":128,"silentlySkippedCount":0,"silentlySkippedDurationMs":0}
[23:30:55.648] INFO: simulator:public-processor Processed 1 successful txs and 0 failed txs (0 silently skipped, 0ms wasted) in 0.007213209000008647s {"blockNumber":9,"successfulCount":1,"failedCount":0,"duration":0.007213209000008647,"rate":1364995.801450949,"totalPublicGas":{"daGas":0,"l2Gas":9846},"totalBlockGas":{"daGas":0,"l2Gas":9846},"totalSizeInBytes":128,"silentlySkippedCount":0,"silentlySkippedDurationMs":0}
[23:30:55.673] INFO: simulator:public-processor Processed 1 successful txs and 0 failed txs (0 silently skipped, 0ms wasted) in 0.009809917000005953s {"blockNumber":9,"successfulCount":1,"failedCount":0,"duration":0.009809917000005953,"rate":12833136.100939855,"totalPublicGas":{"daGas":0,"l2Gas":125892},"totalBlockGas":{"daGas":0,"l2Gas":125892},"totalSizeInBytes":128,"silentlySkippedCount":0,"silentlySkippedDurationMs":0}
[billboard_test] Testing test_dummy_post_does_not_store_content ... [0m[32mok[0m
[23:30:58.871] INFO: kv-store:lmdb-v2 Starting data store with maxReaders 2
[23:30:58.872] INFO: world-state:database Creating world state data store at directory /var/folders/ym/q1vh2x5n58xbsmpmvs5_6w3r0000gn/T/aztec-world-state-vOhOcO/world_state with map sizes {"archiveTreeMapSizeKb":10485760,"nullifierTreeMapSizeKb":10485760,"noteHashTreeMapSizeKb":10485760,"messageTreeMapSizeKb":10485760,"publicDataTreeMapSizeKb":10485760} and 1 threads (ephemeral=true).
[23:30:58.886] INFO: txe_node Aztec Node version: txe
[23:30:58.886] INFO: txe_node Aztec Node started on chain 0x1
[23:30:58.904] INFO: txe:top_level_context Created block 1 with timestamp 1789425058
[23:30:58.964] INFO: txe:top_level_context Created block 2 with timestamp 1789425058
[23:30:59.098] INFO: simulator:public-processor Processed 1 successful txs and 0 failed txs (0 silently skipped, 0ms wasted) in 0.08892224999998871s {"blockNumber":3,"successfulCount":1,"failedCount":0,"duration":0.08892224999998871,"rate":36439552.530445546,"totalPublicGas":{"daGas":4000,"l2Gas":3240287},"totalBlockGas":{"daGas":4000,"l2Gas":3240287},"totalSizeInBytes":4128,"silentlySkippedCount":0,"silentlySkippedDurationMs":0}
[23:30:59.286] INFO: simulator:public-processor Processed 1 successful txs and 0 failed txs (0 silently skipped, 0ms wasted) in 0.02270762499999546s {"blockNumber":4,"successfulCount":1,"failedCount":0,"duration":0.02270762499999546,"rate":50208465.218191154,"totalPublicGas":{"daGas":192,"l2Gas":1140115},"totalBlockGas":{"daGas":320,"l2Gas":1730915},"totalSizeInBytes":320,"silentlySkippedCount":0,"silentlySkippedDurationMs":0}
[23:30:59.333] INFO: txe:top_level_context Created block 5 with timestamp 1789425058
[23:30:59.578] INFO: simulator:public-processor Processed 1 successful txs and 0 failed txs (0 silently skipped, 0ms wasted) in 0.007282500000001164s {"blockNumber":6,"successfulCount":1,"failedCount":0,"duration":0.007282500000001164,"rate":0,"totalPublicGas":{"daGas":0,"l2Gas":0},"totalBlockGas":{"daGas":1984,"l2Gas":529900},"totalSizeInBytes":1984,"silentlySkippedCount":0,"silentlySkippedDurationMs":0}
[23:30:59.628] INFO: txe:top_level_context Created block 7 with timestamp 1789428659
[23:31:00.280] INFO: simulator:public-processor Processed 1 successful txs and 0 failed txs (0 silently skipped, 0ms wasted) in 0.047105125000001864s {"blockNumber":8,"successfulCount":1,"failedCount":0,"duration":0.047105125000001864,"rate":25419123.71530598,"totalPublicGas":{"daGas":2176,"l2Gas":1197371},"totalBlockGas":{"daGas":3552,"l2Gas":1924121},"totalSizeInBytes":3552,"silentlySkippedCount":0,"silentlySkippedDurationMs":0}
[23:31:00.461] INFO: simulator:public-processor Processed 1 successful txs and 0 failed txs (0 silently skipped, 0ms wasted) in 0.1329407499999943s {"blockNumber":9,"successfulCount":1,"failedCount":0,"duration":0.1329407499999943,"rate":9055748.51954763,"totalPublicGas":{"daGas":2176,"l2Gas":1203878},"totalBlockGas":{"daGas":2176,"l2Gas":1203878},"totalSizeInBytes":2304,"silentlySkippedCount":0,"silentlySkippedDurationMs":0}
[23:31:00.548] INFO: txe:top_level_context Created block 10 with timestamp 1789432259
[23:31:01.250] INFO: simulator:public-processor Processed 1 successful txs and 0 failed txs (0 silently skipped, 0ms wasted) in 0.047303207999997536s {"blockNumber":11,"successfulCount":1,"failedCount":0,"duration":0.047303207999997536,"rate":25312680.695991322,"totalPublicGas":{"daGas":2176,"l2Gas":1197371},"totalBlockGas":{"daGas":3552,"l2Gas":1924121},"totalSizeInBytes":3552,"silentlySkippedCount":0,"silentlySkippedDurationMs":0}
[billboard_test] Testing test_flag_penalty_exact_value ... [0m[32mok[0m
[23:31:04.522] INFO: kv-store:lmdb-v2 Starting data store with maxReaders 2
[23:31:04.523] INFO: world-state:database Creating world state data store at directory /var/folders/ym/q1vh2x5n58xbsmpmvs5_6w3r0000gn/T/aztec-world-state-8wKLEV/world_state with map sizes {"archiveTreeMapSizeKb":10485760,"nullifierTreeMapSizeKb":10485760,"noteHashTreeMapSizeKb":10485760,"messageTreeMapSizeKb":10485760,"publicDataTreeMapSizeKb":10485760} and 1 threads (ephemeral=true).
[23:31:04.538] INFO: txe_node Aztec Node version: txe
[23:31:04.538] INFO: txe_node Aztec Node started on chain 0x1
[23:31:04.557] INFO: txe:top_level_context Created block 1 with timestamp 1789425064
[23:31:04.617] INFO: txe:top_level_context Created block 2 with timestamp 1789425064
[23:31:04.750] INFO: simulator:public-processor Processed 1 successful txs and 0 failed txs (0 silently skipped, 0ms wasted) in 0.08577529199999116s {"blockNumber":3,"successfulCount":1,"failedCount":0,"duration":0.08577529199999116,"rate":37776461.31476106,"totalPublicGas":{"daGas":4000,"l2Gas":3240287},"totalBlockGas":{"daGas":4000,"l2Gas":3240287},"totalSizeInBytes":4128,"silentlySkippedCount":0,"silentlySkippedDurationMs":0}
[23:31:04.941] INFO: simulator:public-processor Processed 1 successful txs and 0 failed txs (0 silently skipped, 0ms wasted) in 0.02248208300000988s {"blockNumber":4,"successfulCount":1,"failedCount":0,"duration":0.02248208300000988,"rate":50712160.43457801,"totalPublicGas":{"daGas":192,"l2Gas":1140115},"totalBlockGas":{"daGas":320,"l2Gas":1730915},"totalSizeInBytes":320,"silentlySkippedCount":0,"silentlySkippedDurationMs":0}
[23:31:04.992] INFO: txe:top_level_context Created block 5 with timestamp 1789425064
[23:31:05.257] INFO: simulator:public-processor Processed 1 successful txs and 0 failed txs (0 silently skipped, 0ms wasted) in 0.010209541999996873s {"blockNumber":6,"successfulCount":1,"failedCount":0,"duration":0.010209541999996873,"rate":0,"totalPublicGas":{"daGas":0,"l2Gas":0},"totalBlockGas":{"daGas":1984,"l2Gas":529900},"totalSizeInBytes":1984,"silentlySkippedCount":0,"silentlySkippedDurationMs":0}
[23:31:05.309] INFO: txe:top_level_context Created block 7 with timestamp 1789428665
[23:31:05.990] INFO: simulator:public-processor Processed 1 successful txs and 0 failed txs (0 silently skipped, 0ms wasted) in 0.048028791000004276s {"blockNumber":8,"successfulCount":1,"failedCount":0,"duration":0.048028791000004276,"rate":24930275.675685722,"totalPublicGas":{"daGas":2176,"l2Gas":1197371},"totalBlockGas":{"daGas":3552,"l2Gas":1924121},"totalSizeInBytes":3552,"silentlySkippedCount":0,"silentlySkippedDurationMs":0}
[23:31:06.041] INFO: txe:top_level_context Created block 9 with timestamp 1789432264
[23:31:06.673] INFO: simulator:public-processor Processed 1 successful txs and 0 failed txs (0 silently skipped, 0ms wasted) in 0.0459931249999936s {"blockNumber":10,"successfulCount":1,"failedCount":0,"duration":0.0459931249999936,"rate":26033695.253370296,"totalPublicGas":{"daGas":2176,"l2Gas":1197371},"totalBlockGas":{"daGas":3552,"l2Gas":1924121},"totalSizeInBytes":3552,"silentlySkippedCount":0,"silentlySkippedDurationMs":0}
[23:31:06.783] INFO: simulator:public-processor Processed 1 successful txs and 0 failed txs (0 silently skipped, 0ms wasted) in 0.06135154099999636s {"blockNumber":11,"successfulCount":1,"failedCount":0,"duration":0.06135154099999636,"rate":19622620.40003317,"totalPublicGas":{"daGas":2176,"l2Gas":1203878},"totalBlockGas":{"daGas":2176,"l2Gas":1203878},"totalSizeInBytes":2304,"silentlySkippedCount":0,"silentlySkippedDurationMs":0}
[23:31:06.873] INFO: simulator:public-processor Processed 1 successful txs and 0 failed txs (0 silently skipped, 0ms wasted) in 0.04291454199999862s {"blockNumber":12,"successfulCount":1,"failedCount":0,"duration":0.04291454199999862,"rate":28052915.02353768,"totalPublicGas":{"daGas":2176,"l2Gas":1203878},"totalBlockGas":{"daGas":2176,"l2Gas":1203878},"totalSizeInBytes":2304,"silentlySkippedCount":0,"silentlySkippedDurationMs":0}
[23:31:06.926] INFO: txe:top_level_context Created block 13 with timestamp 1789435865
[23:31:07.575] INFO: simulator:public-processor Processed 1 successful txs and 0 failed txs (0 silently skipped, 0ms wasted) in 0.04652683299999626s {"blockNumber":14,"successfulCount":1,"failedCount":0,"duration":0.04652683299999626,"rate":25735063.463272825,"totalPublicGas":{"daGas":2176,"l2Gas":1197371},"totalBlockGas":{"daGas":3552,"l2Gas":1924121},"totalSizeInBytes":3552,"silentlySkippedCount":0,"silentlySkippedDurationMs":0}
[billboard_test] Testing test_flag_penalty_two_flags ... [0m[32mok[0m
[23:31:10.854] INFO: kv-store:lmdb-v2 Starting data store with maxReaders 2
[23:31:10.855] INFO: world-state:database Creating world state data store at directory /var/folders/ym/q1vh2x5n58xbsmpmvs5_6w3r0000gn/T/aztec-world-state-BvjtRm/world_state with map sizes {"archiveTreeMapSizeKb":10485760,"nullifierTreeMapSizeKb":10485760,"noteHashTreeMapSizeKb":10485760,"messageTreeMapSizeKb":10485760,"publicDataTreeMapSizeKb":10485760} and 1 threads (ephemeral=true).
[23:31:10.869] INFO: txe_node Aztec Node version: txe
[23:31:10.869] INFO: txe_node Aztec Node started on chain 0x1
[23:31:10.888] INFO: txe:top_level_context Created block 1 with timestamp 1789425070
[23:31:10.951] INFO: txe:top_level_context Created block 2 with timestamp 1789425070
[23:31:11.079] INFO: simulator:public-processor Processed 1 successful txs and 0 failed txs (0 silently skipped, 0ms wasted) in 0.08324358299998857s {"blockNumber":3,"successfulCount":1,"failedCount":0,"duration":0.08324358299998857,"rate":38925366.77572426,"totalPublicGas":{"daGas":4000,"l2Gas":3240287},"totalBlockGas":{"daGas":4000,"l2Gas":3240287},"totalSizeInBytes":4128,"silentlySkippedCount":0,"silentlySkippedDurationMs":0}
[23:31:11.300] INFO: simulator:public-processor Processed 1 successful txs and 0 failed txs (0 silently skipped, 0ms wasted) in 0.02316995799999859s {"blockNumber":4,"successfulCount":1,"failedCount":0,"duration":0.02316995799999859,"rate":49206606.24417487,"totalPublicGas":{"daGas":192,"l2Gas":1140115},"totalBlockGas":{"daGas":320,"l2Gas":1730915},"totalSizeInBytes":320,"silentlySkippedCount":0,"silentlySkippedDurationMs":0}
[23:31:11.347] INFO: txe:top_level_context Created block 5 with timestamp 1789425070
[23:31:11.598] INFO: simulator:public-processor Processed 1 successful txs and 0 failed txs (0 silently skipped, 0ms wasted) in 0.007703582999994978s {"blockNumber":6,"successfulCount":1,"failedCount":0,"duration":0.007703582999994978,"rate":0,"totalPublicGas":{"daGas":0,"l2Gas":0},"totalBlockGas":{"daGas":1984,"l2Gas":529900},"totalSizeInBytes":1984,"silentlySkippedCount":0,"silentlySkippedDurationMs":0}
[23:31:11.646] INFO: txe:top_level_context Created block 7 with timestamp 1789428671
[23:31:12.263] INFO: simulator:public-processor Processed 1 successful txs and 0 failed txs (0 silently skipped, 0ms wasted) in 0.0462419169999921s {"blockNumber":8,"successfulCount":1,"failedCount":0,"duration":0.0462419169999921,"rate":25893628.069100264,"totalPublicGas":{"daGas":2176,"l2Gas":1197371},"totalBlockGas":{"daGas":3552,"l2Gas":1924121},"totalSizeInBytes":3552,"silentlySkippedCount":0,"silentlySkippedDurationMs":0}
[23:31:12.366] INFO: simulator:public-processor Processed 1 successful txs and 0 failed txs (0 silently skipped, 0ms wasted) in 0.054975542000000134s {"blockNumber":9,"successfulCount":1,"failedCount":0,"duration":0.054975542000000134,"rate":21898428.941364452,"totalPublicGas":{"daGas":2176,"l2Gas":1203878},"totalBlockGas":{"daGas":2176,"l2Gas":1203878},"totalSizeInBytes":2304,"silentlySkippedCount":0,"silentlySkippedDurationMs":0}
[23:31:12.416] INFO: txe:top_level_context Created block 10 with timestamp 1789528671
[23:31:13.036] INFO: simulator:public-processor Processed 1 successful txs and 0 failed txs (0 silently skipped, 0ms wasted) in 0.04427224999999453s {"blockNumber":11,"successfulCount":1,"failedCount":0,"duration":0.04427224999999453,"rate":27045632.422118776,"totalPublicGas":{"daGas":2176,"l2Gas":1197371},"totalBlockGas":{"daGas":3552,"l2Gas":1924121},"totalSizeInBytes":3552,"silentlySkippedCount":0,"silentlySkippedDurationMs":0}
[billboard_test] Testing test_flag_penalty_with_save_up ... [0m[32mok[0m
[23:31:16.205] INFO: kv-store:lmdb-v2 Starting data store with maxReaders 2
[23:31:16.206] INFO: world-state:database Creating world state data store at directory /var/folders/ym/q1vh2x5n58xbsmpmvs5_6w3r0000gn/T/aztec-world-state-Lr2S33/world_state with map sizes {"archiveTreeMapSizeKb":10485760,"nullifierTreeMapSizeKb":10485760,"noteHashTreeMapSizeKb":10485760,"messageTreeMapSizeKb":10485760,"publicDataTreeMapSizeKb":10485760} and 1 threads (ephemeral=true).
[23:31:16.220] INFO: txe_node Aztec Node version: txe
[23:31:16.220] INFO: txe_node Aztec Node started on chain 0x1
[23:31:16.239] INFO: txe:top_level_context Created block 1 with timestamp 1789425076
[23:31:16.296] INFO: txe:top_level_context Created block 2 with timestamp 1789425076
[23:31:16.424] INFO: simulator:public-processor Processed 1 successful txs and 0 failed txs (0 silently skipped, 0ms wasted) in 0.08371033299999545s {"blockNumber":3,"successfulCount":1,"failedCount":0,"duration":0.08371033299999545,"rate":38708327.68040925,"totalPublicGas":{"daGas":4000,"l2Gas":3240287},"totalBlockGas":{"daGas":4000,"l2Gas":3240287},"totalSizeInBytes":4128,"silentlySkippedCount":0,"silentlySkippedDurationMs":0}
[23:31:16.607] INFO: simulator:public-processor Processed 1 successful txs and 0 failed txs (0 silently skipped, 0ms wasted) in 0.022126791999995475s {"blockNumber":4,"successfulCount":1,"failedCount":0,"duration":0.022126791999995475,"rate":51526448.11774943,"totalPublicGas":{"daGas":192,"l2Gas":1140115},"totalBlockGas":{"daGas":320,"l2Gas":1730915},"totalSizeInBytes":320,"silentlySkippedCount":0,"silentlySkippedDurationMs":0}
[23:31:16.653] INFO: txe:top_level_context Created block 5 with timestamp 1789425076
[23:31:16.899] INFO: simulator:public-processor Processed 1 successful txs and 0 failed txs (0 silently skipped, 0ms wasted) in 0.007144082999991952s {"blockNumber":6,"successfulCount":1,"failedCount":0,"duration":0.007144082999991952,"rate":0,"totalPublicGas":{"daGas":0,"l2Gas":0},"totalBlockGas":{"daGas":1984,"l2Gas":529900},"totalSizeInBytes":1984,"silentlySkippedCount":0,"silentlySkippedDurationMs":0}
[23:31:16.950] INFO: txe:top_level_context Created block 7 with timestamp 1789428677
[billboard_test] Testing test_full_flow_declare_immoral_after_post ... [0m[32mok[0m
[23:31:17.580] INFO: simulator:public-processor Processed 1 successful txs and 0 failed txs (0 silently skipped, 0ms wasted) in 0.046117125000004304s {"blockNumber":8,"successfulCount":1,"failedCount":0,"duration":0.046117125000004304,"rate":25963695.698721208,"totalPublicGas":{"daGas":2176,"l2Gas":1197371},"totalBlockGas":{"daGas":3552,"l2Gas":1924121},"totalSizeInBytes":3552,"silentlySkippedCount":0,"silentlySkippedDurationMs":0}
[23:31:17.667] INFO: simulator:public-processor Processed 1 successful txs and 0 failed txs (0 silently skipped, 0ms wasted) in 0.04149516600000788s {"blockNumber":9,"successfulCount":1,"failedCount":0,"duration":0.04149516600000788,"rate":29012487.864243545,"totalPublicGas":{"daGas":2176,"l2Gas":1203878},"totalBlockGas":{"daGas":2176,"l2Gas":1203878},"totalSizeInBytes":2304,"silentlySkippedCount":0,"silentlySkippedDurationMs":0}
[23:31:17.720] INFO: simulator:public-processor Processed 1 successful txs and 0 failed txs (0 silently skipped, 0ms wasted) in 0.007017208999997819s {"blockNumber":10,"successfulCount":1,"failedCount":0,"duration":0.007017208999997819,"rate":1423642.9326820825,"totalPublicGas":{"daGas":0,"l2Gas":9990},"totalBlockGas":{"daGas":0,"l2Gas":9990},"totalSizeInBytes":128,"silentlySkippedCount":0,"silentlySkippedDurationMs":0}
[23:31:17.743] INFO: simulator:public-processor Processed 1 successful txs and 0 failed txs (0 silently skipped, 0ms wasted) in 0.006960707999998704s {"blockNumber":10,"successfulCount":1,"failedCount":0,"duration":0.006960707999998704,"rate":1427441.0016914732,"totalPublicGas":{"daGas":0,"l2Gas":9936},"totalBlockGas":{"daGas":0,"l2Gas":9936},"totalSizeInBytes":128,"silentlySkippedCount":0,"silentlySkippedDurationMs":0}
[23:31:17.770] INFO: simulator:public-processor Processed 1 successful txs and 0 failed txs (0 silently skipped, 0ms wasted) in 0.011136832999996842s {"blockNumber":10,"successfulCount":1,"failedCount":0,"duration":0.011136832999996842,"rate":11198785.148348311,"totalPublicGas":{"daGas":0,"l2Gas":124719},"totalBlockGas":{"daGas":0,"l2Gas":124719},"totalSizeInBytes":128,"silentlySkippedCount":0,"silentlySkippedDurationMs":0}
[billboard_test] Testing test_full_flow_deposit_below_minimum ... [0m[32mok[0m
[23:31:20.399] INFO: kv-store:lmdb-v2 Starting data store with maxReaders 2
[23:31:20.400] INFO: world-state:database Creating world state data store at directory /var/folders/ym/q1vh2x5n58xbsmpmvs5_6w3r0000gn/T/aztec-world-state-d2N2ne/world_state with map sizes {"archiveTreeMapSizeKb":10485760,"nullifierTreeMapSizeKb":10485760,"noteHashTreeMapSizeKb":10485760,"messageTreeMapSizeKb":10485760,"publicDataTreeMapSizeKb":10485760} and 1 threads (ephemeral=true).
[23:31:20.413] INFO: txe_node Aztec Node version: txe
[23:31:20.413] INFO: txe_node Aztec Node started on chain 0x1
[23:31:20.432] INFO: txe:top_level_context Created block 1 with timestamp 1789425080
[23:31:20.490] INFO: txe:top_level_context Created block 2 with timestamp 1789425080
[23:31:20.618] INFO: simulator:public-processor Processed 1 successful txs and 0 failed txs (0 silently skipped, 0ms wasted) in 0.08407650000001013s {"blockNumber":3,"successfulCount":1,"failedCount":0,"duration":0.08407650000001013,"rate":38539746.540348485,"totalPublicGas":{"daGas":4000,"l2Gas":3240287},"totalBlockGas":{"daGas":4000,"l2Gas":3240287},"totalSizeInBytes":4128,"silentlySkippedCount":0,"silentlySkippedDurationMs":0}
[23:31:20.815] INFO: simulator:public-processor Processed 1 successful txs and 0 failed txs (0 silently skipped, 0ms wasted) in 0.022648124999992435s {"blockNumber":4,"successfulCount":1,"failedCount":0,"duration":0.022648124999992435,"rate":50340370.339724846,"totalPublicGas":{"daGas":192,"l2Gas":1140115},"totalBlockGas":{"daGas":320,"l2Gas":1730915},"totalSizeInBytes":320,"silentlySkippedCount":0,"silentlySkippedDurationMs":0}
[23:31:20.861] INFO: txe:top_level_context Created block 5 with timestamp 1789425080
[23:31:23.637] INFO: kv-store:lmdb-v2 Starting data store with maxReaders 2
[23:31:23.638] INFO: world-state:database Creating world state data store at directory /var/folders/ym/q1vh2x5n58xbsmpmvs5_6w3r0000gn/T/aztec-world-state-oymqQp/world_state with map sizes {"archiveTreeMapSizeKb":10485760,"nullifierTreeMapSizeKb":10485760,"noteHashTreeMapSizeKb":10485760,"messageTreeMapSizeKb":10485760,"publicDataTreeMapSizeKb":10485760} and 1 threads (ephemeral=true).
[23:31:23.652] INFO: txe_node Aztec Node version: txe
[23:31:23.652] INFO: txe_node Aztec Node started on chain 0x1
[23:31:23.671] INFO: txe:top_level_context Created block 1 with timestamp 1789425083
[23:31:23.729] INFO: txe:top_level_context Created block 2 with timestamp 1789425083
[23:31:23.857] INFO: simulator:public-processor Processed 1 successful txs and 0 failed txs (0 silently skipped, 0ms wasted) in 0.08347970799999893s {"blockNumber":3,"successfulCount":1,"failedCount":0,"duration":0.08347970799999893,"rate":38815265.14203957,"totalPublicGas":{"daGas":4000,"l2Gas":3240287},"totalBlockGas":{"daGas":4000,"l2Gas":3240287},"totalSizeInBytes":4128,"silentlySkippedCount":0,"silentlySkippedDurationMs":0}
[23:31:24.042] INFO: simulator:public-processor Processed 1 successful txs and 0 failed txs (0 silently skipped, 0ms wasted) in 0.022151708999997938s {"blockNumber":4,"successfulCount":1,"failedCount":0,"duration":0.022151708999997938,"rate":51468489.40639777,"totalPublicGas":{"daGas":192,"l2Gas":1140115},"totalBlockGas":{"daGas":320,"l2Gas":1730915},"totalSizeInBytes":320,"silentlySkippedCount":0,"silentlySkippedDurationMs":0}
[23:31:24.088] INFO: txe:top_level_context Created block 5 with timestamp 1789425083
[23:31:24.332] INFO: simulator:public-processor Processed 1 successful txs and 0 failed txs (0 silently skipped, 0ms wasted) in 0.007476041000001715s {"blockNumber":6,"successfulCount":1,"failedCount":0,"duration":0.007476041000001715,"rate":0,"totalPublicGas":{"daGas":0,"l2Gas":0},"totalBlockGas":{"daGas":1984,"l2Gas":529900},"totalSizeInBytes":1984,"silentlySkippedCount":0,"silentlySkippedDurationMs":0}
[23:31:24.381] INFO: txe:top_level_context Created block 7 with timestamp 1789428684
[billboard_test] Testing test_full_flow_double_flag_fails ... [0m[32mok[0m
[23:31:24.981] INFO: simulator:public-processor Processed 1 successful txs and 0 failed txs (0 silently skipped, 0ms wasted) in 0.045648750000007565s {"blockNumber":8,"successfulCount":1,"failedCount":0,"duration":0.045648750000007565,"rate":26230093.9237066,"totalPublicGas":{"daGas":2176,"l2Gas":1197371},"totalBlockGas":{"daGas":3552,"l2Gas":1924121},"totalSizeInBytes":3552,"silentlySkippedCount":0,"silentlySkippedDurationMs":0}
[23:31:25.068] INFO: simulator:public-processor Processed 1 successful txs and 0 failed txs (0 silently skipped, 0ms wasted) in 0.04101949999999488s {"blockNumber":9,"successfulCount":1,"failedCount":0,"duration":0.04101949999999488,"rate":29348919.416378804,"totalPublicGas":{"daGas":2176,"l2Gas":1203878},"totalBlockGas":{"daGas":2176,"l2Gas":1203878},"totalSizeInBytes":2304,"silentlySkippedCount":0,"silentlySkippedDurationMs":0}
[23:31:25.123] INFO: simulator:public-processor Processed 1 successful txs and 0 failed txs (0 silently skipped, 0ms wasted) in 0.00844991699999082s {"blockNumber":10,"successfulCount":1,"failedCount":0,"duration":0.00844991699999082,"rate":4125839.342568439,"totalPublicGas":{"daGas":0,"l2Gas":34863},"totalBlockGas":{"daGas":0,"l2Gas":34863},"totalSizeInBytes":128,"silentlySkippedCount":0,"silentlySkippedDurationMs":0}
[23:31:25.126] WARN: txe:top_level_context Could not find function artifact in contract Billboard for function '0x6675867b' when enriching error callstack
[23:31:27.816] INFO: kv-store:lmdb-v2 Starting data store with maxReaders 2
[23:31:27.818] INFO: world-state:database Creating world state data store at directory /var/folders/ym/q1vh2x5n58xbsmpmvs5_6w3r0000gn/T/aztec-world-state-iSd6K0/world_state with map sizes {"archiveTreeMapSizeKb":10485760,"nullifierTreeMapSizeKb":10485760,"noteHashTreeMapSizeKb":10485760,"messageTreeMapSizeKb":10485760,"publicDataTreeMapSizeKb":10485760} and 1 threads (ephemeral=true).
[23:31:27.832] INFO: txe_node Aztec Node version: txe
[23:31:27.832] INFO: txe_node Aztec Node started on chain 0x1
[23:31:27.851] INFO: txe:top_level_context Created block 1 with timestamp 1789425087
[23:31:27.909] INFO: txe:top_level_context Created block 2 with timestamp 1789425087
[23:31:28.040] INFO: simulator:public-processor Processed 1 successful txs and 0 failed txs (0 silently skipped, 0ms wasted) in 0.08423870899999747s {"blockNumber":3,"successfulCount":1,"failedCount":0,"duration":0.08423870899999747,"rate":38465534.88848098,"totalPublicGas":{"daGas":4000,"l2Gas":3240287},"totalBlockGas":{"daGas":4000,"l2Gas":3240287},"totalSizeInBytes":4128,"silentlySkippedCount":0,"silentlySkippedDurationMs":0}
[23:31:28.223] INFO: simulator:public-processor Processed 1 successful txs and 0 failed txs (0 silently skipped, 0ms wasted) in 0.02241537500001141s {"blockNumber":4,"successfulCount":1,"failedCount":0,"duration":0.02241537500001141,"rate":50863079.47109605,"totalPublicGas":{"daGas":192,"l2Gas":1140115},"totalBlockGas":{"daGas":320,"l2Gas":1730915},"totalSizeInBytes":320,"silentlySkippedCount":0,"silentlySkippedDurationMs":0}
[23:31:28.270] INFO: txe:top_level_context Created block 5 with timestamp 1789425087
[23:31:28.505] INFO: simulator:public-processor Processed 1 successful txs and 0 failed txs (0 silently skipped, 0ms wasted) in 0.007009875000003376s {"blockNumber":6,"successfulCount":1,"failedCount":0,"duration":0.007009875000003376,"rate":0,"totalPublicGas":{"daGas":0,"l2Gas":0},"totalBlockGas":{"daGas":1984,"l2Gas":529900},"totalSizeInBytes":1984,"silentlySkippedCount":0,"silentlySkippedDurationMs":0}
[23:31:28.553] INFO: txe:top_level_context Created block 7 with timestamp 1789428688
[billboard_test] Testing test_full_flow_first_post ... [0m[32mok[0m
[23:31:29.154] INFO: simulator:public-processor Processed 1 successful txs and 0 failed txs (0 silently skipped, 0ms wasted) in 0.046048083000001495s {"blockNumber":8,"successfulCount":1,"failedCount":0,"duration":0.046048083000001495,"rate":26002624.256909046,"totalPublicGas":{"daGas":2176,"l2Gas":1197371},"totalBlockGas":{"daGas":3552,"l2Gas":1924121},"totalSizeInBytes":3552,"silentlySkippedCount":0,"silentlySkippedDurationMs":0}
[23:31:29.207] INFO: simulator:public-processor Processed 1 successful txs and 0 failed txs (0 silently skipped, 0ms wasted) in 0.00715516700000444s {"blockNumber":9,"successfulCount":1,"failedCount":0,"duration":0.00715516700000444,"rate":1154690.0302948728,"totalPublicGas":{"daGas":0,"l2Gas":8262},"totalBlockGas":{"daGas":0,"l2Gas":8262},"totalSizeInBytes":128,"silentlySkippedCount":0,"silentlySkippedDurationMs":0}
[23:31:29.234] INFO: simulator:public-processor Processed 1 successful txs and 0 failed txs (0 silently skipped, 0ms wasted) in 0.011204791999989538s {"blockNumber":9,"successfulCount":1,"failedCount":0,"duration":0.011204791999989538,"rate":11235549.932575058,"totalPublicGas":{"daGas":0,"l2Gas":125892},"totalBlockGas":{"daGas":0,"l2Gas":125892},"totalSizeInBytes":128,"silentlySkippedCount":0,"silentlySkippedDurationMs":0}
[23:31:29.257] INFO: simulator:public-processor Processed 1 successful txs and 0 failed txs (0 silently skipped, 0ms wasted) in 0.007148042000000714s {"blockNumber":9,"successfulCount":1,"failedCount":0,"duration":0.007148042000000714,"rate":1377440.1437483183,"totalPublicGas":{"daGas":0,"l2Gas":9846},"totalBlockGas":{"daGas":0,"l2Gas":9846},"totalSizeInBytes":128,"silentlySkippedCount":0,"silentlySkippedDurationMs":0}
[23:31:31.975] INFO: kv-store:lmdb-v2 Starting data store with maxReaders 2
[23:31:31.977] INFO: world-state:database Creating world state data store at directory /var/folders/ym/q1vh2x5n58xbsmpmvs5_6w3r0000gn/T/aztec-world-state-QvkjQd/world_state with map sizes {"archiveTreeMapSizeKb":10485760,"nullifierTreeMapSizeKb":10485760,"noteHashTreeMapSizeKb":10485760,"messageTreeMapSizeKb":10485760,"publicDataTreeMapSizeKb":10485760} and 1 threads (ephemeral=true).
[23:31:31.991] INFO: txe_node Aztec Node version: txe
[23:31:31.991] INFO: txe_node Aztec Node started on chain 0x1
[23:31:32.010] INFO: txe:top_level_context Created block 1 with timestamp 1789425091
[23:31:32.070] INFO: txe:top_level_context Created block 2 with timestamp 1789425091
[23:31:32.201] INFO: simulator:public-processor Processed 1 successful txs and 0 failed txs (0 silently skipped, 0ms wasted) in 0.08510741699999198s {"blockNumber":3,"successfulCount":1,"failedCount":0,"duration":0.08510741699999198,"rate":38072909.67366928,"totalPublicGas":{"daGas":4000,"l2Gas":3240287},"totalBlockGas":{"daGas":4000,"l2Gas":3240287},"totalSizeInBytes":4128,"silentlySkippedCount":0,"silentlySkippedDurationMs":0}
[23:31:32.390] INFO: simulator:public-processor Processed 1 successful txs and 0 failed txs (0 silently skipped, 0ms wasted) in 0.022404458999997587s {"blockNumber":4,"successfulCount":1,"failedCount":0,"duration":0.022404458999997587,"rate":50887861.20656262,"totalPublicGas":{"daGas":192,"l2Gas":1140115},"totalBlockGas":{"daGas":320,"l2Gas":1730915},"totalSizeInBytes":320,"silentlySkippedCount":0,"silentlySkippedDurationMs":0}
[23:31:32.437] INFO: txe:top_level_context Created block 5 with timestamp 1789425091
[23:31:32.684] INFO: simulator:public-processor Processed 1 successful txs and 0 failed txs (0 silently skipped, 0ms wasted) in 0.007071666000003461s {"blockNumber":6,"successfulCount":1,"failedCount":0,"duration":0.007071666000003461,"rate":0,"totalPublicGas":{"daGas":0,"l2Gas":0},"totalBlockGas":{"daGas":1984,"l2Gas":529900},"totalSizeInBytes":1984,"silentlySkippedCount":0,"silentlySkippedDurationMs":0}
[23:31:32.734] INFO: txe:top_level_context Created block 7 with timestamp 1789428692
[23:31:33.374] INFO: simulator:public-processor Processed 1 successful txs and 0 failed txs (0 silently skipped, 0ms wasted) in 0.050868207999999866s {"blockNumber":8,"successfulCount":1,"failedCount":0,"duration":0.050868207999999866,"rate":23538690.4134701,"totalPublicGas":{"daGas":2176,"l2Gas":1197371},"totalBlockGas":{"daGas":3552,"l2Gas":1924121},"totalSizeInBytes":3552,"silentlySkippedCount":0,"silentlySkippedDurationMs":0}
[23:31:33.470] INFO: simulator:public-processor Processed 1 successful txs and 0 failed txs (0 silently skipped, 0ms wasted) in 0.04553549999999814s {"blockNumber":9,"successfulCount":1,"failedCount":0,"duration":0.04553549999999814,"rate":26438229.513238005,"totalPublicGas":{"daGas":2176,"l2Gas":1203878},"totalBlockGas":{"daGas":2176,"l2Gas":1203878},"totalSizeInBytes":2304,"silentlySkippedCount":0,"silentlySkippedDurationMs":0}
[23:31:33.524] INFO: txe:top_level_context Created block 10 with timestamp 1789432292
[23:31:34.218] INFO: simulator:public-processor Processed 1 successful txs and 0 failed txs (0 silently skipped, 0ms wasted) in 0.04343691699999908s {"blockNumber":11,"successfulCount":1,"failedCount":0,"duration":0.04343691699999908,"rate":27565745.51550298,"totalPublicGas":{"daGas":2176,"l2Gas":1197371},"totalBlockGas":{"daGas":3552,"l2Gas":1924121},"totalSizeInBytes":3552,"silentlySkippedCount":0,"silentlySkippedDurationMs":0}
[23:31:34.267] INFO: txe:top_level_context Created block 12 with timestamp 1789446690
[billboard_test] Testing test_full_flow_flag_penalty_post3_too_early ... [0m[32mok[0m
[23:31:39.509] INFO: kv-store:lmdb-v2 Starting data store with maxReaders 2
[23:31:39.512] INFO: world-state:database Creating world state data store at directory /var/folders/ym/q1vh2x5n58xbsmpmvs5_6w3r0000gn/T/aztec-world-state-Mu1QxX/world_state with map sizes {"archiveTreeMapSizeKb":10485760,"nullifierTreeMapSizeKb":10485760,"noteHashTreeMapSizeKb":10485760,"messageTreeMapSizeKb":10485760,"publicDataTreeMapSizeKb":10485760} and 1 threads (ephemeral=true).
[23:31:39.538] INFO: txe_node Aztec Node version: txe
[23:31:39.538] INFO: txe_node Aztec Node started on chain 0x1
[23:31:39.580] INFO: txe:top_level_context Created block 1 with timestamp 1789425099
[23:31:39.664] INFO: txe:top_level_context Created block 2 with timestamp 1789425099
[23:31:39.891] INFO: simulator:public-processor Processed 1 successful txs and 0 failed txs (0 silently skipped, 0ms wasted) in 0.13859458299999824s {"blockNumber":3,"successfulCount":1,"failedCount":0,"duration":0.13859458299999824,"rate":23379607.845135197,"totalPublicGas":{"daGas":4000,"l2Gas":3240287},"totalBlockGas":{"daGas":4000,"l2Gas":3240287},"totalSizeInBytes":4128,"silentlySkippedCount":0,"silentlySkippedDurationMs":0}
[23:31:40.287] INFO: simulator:public-processor Processed 1 successful txs and 0 failed txs (0 silently skipped, 0ms wasted) in 0.0486652080000058s {"blockNumber":4,"successfulCount":1,"failedCount":0,"duration":0.0486652080000058,"rate":23427722.737769127,"totalPublicGas":{"daGas":192,"l2Gas":1140115},"totalBlockGas":{"daGas":320,"l2Gas":1730915},"totalSizeInBytes":320,"silentlySkippedCount":0,"silentlySkippedDurationMs":0}
[23:31:40.373] INFO: txe:top_level_context Created block 5 with timestamp 1789425099
[23:31:40.811] INFO: simulator:public-processor Processed 1 successful txs and 0 failed txs (0 silently skipped, 0ms wasted) in 0.007807750000007218s {"blockNumber":6,"successfulCount":1,"failedCount":0,"duration":0.007807750000007218,"rate":0,"totalPublicGas":{"daGas":0,"l2Gas":0},"totalBlockGas":{"daGas":1984,"l2Gas":529900},"totalSizeInBytes":1984,"silentlySkippedCount":0,"silentlySkippedDurationMs":0}
[billboard_test] Testing test_full_flow_get_deposit_info ... [0m[32mok[0m
[23:31:44.207] INFO: kv-store:lmdb-v2 Starting data store with maxReaders 2
[23:31:44.208] INFO: world-state:database Creating world state data store at directory /var/folders/ym/q1vh2x5n58xbsmpmvs5_6w3r0000gn/T/aztec-world-state-6wF6Ha/world_state with map sizes {"archiveTreeMapSizeKb":10485760,"nullifierTreeMapSizeKb":10485760,"noteHashTreeMapSizeKb":10485760,"messageTreeMapSizeKb":10485760,"publicDataTreeMapSizeKb":10485760} and 1 threads (ephemeral=true).
[23:31:44.226] INFO: txe_node Aztec Node version: txe
[23:31:44.226] INFO: txe_node Aztec Node started on chain 0x1
[23:31:44.248] INFO: txe:top_level_context Created block 1 with timestamp 1789425104
[23:31:44.331] INFO: txe:top_level_context Created block 2 with timestamp 1789425104
[23:31:44.549] INFO: simulator:public-processor Processed 1 successful txs and 0 failed txs (0 silently skipped, 0ms wasted) in 0.15292558300000383s {"blockNumber":3,"successfulCount":1,"failedCount":0,"duration":0.15292558300000383,"rate":21188652.261014555,"totalPublicGas":{"daGas":4000,"l2Gas":3240287},"totalBlockGas":{"daGas":4000,"l2Gas":3240287},"totalSizeInBytes":4128,"silentlySkippedCount":0,"silentlySkippedDurationMs":0}
[23:31:45.024] INFO: simulator:public-processor Processed 1 successful txs and 0 failed txs (0 silently skipped, 0ms wasted) in 0.03867579199999455s {"blockNumber":4,"successfulCount":1,"failedCount":0,"duration":0.03867579199999455,"rate":29478775.767543707,"totalPublicGas":{"daGas":192,"l2Gas":1140115},"totalBlockGas":{"daGas":320,"l2Gas":1730915},"totalSizeInBytes":320,"silentlySkippedCount":0,"silentlySkippedDurationMs":0}
[23:31:45.105] INFO: txe:top_level_context Created block 5 with timestamp 1789425104
[23:31:45.512] INFO: simulator:public-processor Processed 1 successful txs and 0 failed txs (0 silently skipped, 0ms wasted) in 0.01026329099999566s {"blockNumber":6,"successfulCount":1,"failedCount":0,"duration":0.01026329099999566,"rate":0,"totalPublicGas":{"daGas":0,"l2Gas":0},"totalBlockGas":{"daGas":1984,"l2Gas":529900},"totalSizeInBytes":1984,"silentlySkippedCount":0,"silentlySkippedDurationMs":0}
[23:31:45.580] INFO: txe:top_level_context Created block 7 with timestamp 1789428705
[23:31:46.726] INFO: simulator:public-processor Processed 1 successful txs and 0 failed txs (0 silently skipped, 0ms wasted) in 0.08277995899999223s {"blockNumber":8,"successfulCount":1,"failedCount":0,"duration":0.08277995899999223,"rate":14464503.41924079,"totalPublicGas":{"daGas":2176,"l2Gas":1197371},"totalBlockGas":{"daGas":3552,"l2Gas":1924121},"totalSizeInBytes":3552,"silentlySkippedCount":0,"silentlySkippedDurationMs":0}
[23:31:46.796] INFO: simulator:public-processor Processed 1 successful txs and 0 failed txs (0 silently skipped, 0ms wasted) in 0.00893025000000489s {"blockNumber":9,"successfulCount":1,"failedCount":0,"duration":0.00893025000000489,"rate":925170.0680267044,"totalPublicGas":{"daGas":0,"l2Gas":8262},"totalBlockGas":{"daGas":0,"l2Gas":8262},"totalSizeInBytes":128,"silentlySkippedCount":0,"silentlySkippedDurationMs":0}
[23:31:46.822] INFO: txe:top_level_context Created block 9 with timestamp 1789432306
[23:31:47.814] INFO: simulator:public-processor Processed 1 successful txs and 0 failed txs (0 silently skipped, 0ms wasted) in 0.05662799999999697s {"blockNumber":10,"successfulCount":1,"failedCount":0,"duration":0.05662799999999697,"rate":21144504.485414706,"totalPublicGas":{"daGas":2176,"l2Gas":1197371},"totalBlockGas":{"daGas":3552,"l2Gas":1924121},"totalSizeInBytes":3552,"silentlySkippedCount":0,"silentlySkippedDurationMs":0}
[23:31:47.885] INFO: simulator:public-processor Processed 1 successful txs and 0 failed txs (0 silently skipped, 0ms wasted) in 0.009334333999999217s {"blockNumber":11,"successfulCount":1,"failedCount":0,"duration":0.009334333999999217,"rate":885119.3882713745,"totalPublicGas":{"daGas":0,"l2Gas":8262},"totalBlockGas":{"daGas":0,"l2Gas":8262},"totalSizeInBytes":128,"silentlySkippedCount":0,"silentlySkippedDurationMs":0}
[23:31:47.911] INFO: txe:top_level_context Created block 11 with timestamp 1789435907
[23:31:48.875] INFO: simulator:public-processor Processed 1 successful txs and 0 failed txs (0 silently skipped, 0ms wasted) in 0.06327683400000388s {"blockNumber":12,"successfulCount":1,"failedCount":0,"duration":0.06327683400000388,"rate":18922738.770399395,"totalPublicGas":{"daGas":2176,"l2Gas":1197371},"totalBlockGas":{"daGas":3552,"l2Gas":1924121},"totalSizeInBytes":3552,"silentlySkippedCount":0,"silentlySkippedDurationMs":0}
[23:31:48.949] INFO: simulator:public-processor Processed 1 successful txs and 0 failed txs (0 silently skipped, 0ms wasted) in 0.009884042000005137s {"blockNumber":13,"successfulCount":1,"failedCount":0,"duration":0.009884042000005137,"rate":835892.8462663054,"totalPublicGas":{"daGas":0,"l2Gas":8262},"totalBlockGas":{"daGas":0,"l2Gas":8262},"totalSizeInBytes":128,"silentlySkippedCount":0,"silentlySkippedDurationMs":0}
[23:31:48.987] INFO: simulator:public-processor Processed 1 successful txs and 0 failed txs (0 silently skipped, 0ms wasted) in 0.016081165999989024s {"blockNumber":13,"successfulCount":1,"failedCount":0,"duration":0.016081165999989024,"rate":7828536.811328602,"totalPublicGas":{"daGas":0,"l2Gas":125892},"totalBlockGas":{"daGas":0,"l2Gas":125892},"totalSizeInBytes":128,"silentlySkippedCount":0,"silentlySkippedDurationMs":0}
[23:31:49.029] INFO: simulator:public-processor Processed 1 successful txs and 0 failed txs (0 silently skipped, 0ms wasted) in 0.017770457999999052s {"blockNumber":13,"successfulCount":1,"failedCount":0,"duration":0.017770457999999052,"rate":7084341.88921899,"totalPublicGas":{"daGas":0,"l2Gas":125892},"totalBlockGas":{"daGas":0,"l2Gas":125892},"totalSizeInBytes":128,"silentlySkippedCount":0,"silentlySkippedDurationMs":0}
[23:31:49.072] INFO: simulator:public-processor Processed 1 successful txs and 0 failed txs (0 silently skipped, 0ms wasted) in 0.019345375000004425s {"blockNumber":13,"successfulCount":1,"failedCount":0,"duration":0.019345375000004425,"rate":6507601.946200123,"totalPublicGas":{"daGas":0,"l2Gas":125892},"totalBlockGas":{"daGas":0,"l2Gas":125892},"totalSizeInBytes":128,"silentlySkippedCount":0,"silentlySkippedDurationMs":0}
[billboard_test] Testing test_full_flow_multiple_posts ... [0m[32mok[0m
[23:31:51.905] INFO: kv-store:lmdb-v2 Starting data store with maxReaders 2
[23:31:51.906] INFO: world-state:database Creating world state data store at directory /var/folders/ym/q1vh2x5n58xbsmpmvs5_6w3r0000gn/T/aztec-world-state-mRoAty/world_state with map sizes {"archiveTreeMapSizeKb":10485760,"nullifierTreeMapSizeKb":10485760,"noteHashTreeMapSizeKb":10485760,"messageTreeMapSizeKb":10485760,"publicDataTreeMapSizeKb":10485760} and 1 threads (ephemeral=true).
[23:31:51.919] INFO: txe_node Aztec Node version: txe
[23:31:51.919] INFO: txe_node Aztec Node started on chain 0x1
[23:31:51.937] INFO: txe:top_level_context Created block 1 with timestamp 1789425111
[23:31:51.996] INFO: txe:top_level_context Created block 2 with timestamp 1789425111
[23:31:52.121] INFO: simulator:public-processor Processed 1 successful txs and 0 failed txs (0 silently skipped, 0ms wasted) in 0.08250120799998695s {"blockNumber":3,"successfulCount":1,"failedCount":0,"duration":0.08250120799998695,"rate":39275630.97016122,"totalPublicGas":{"daGas":4000,"l2Gas":3240287},"totalBlockGas":{"daGas":4000,"l2Gas":3240287},"totalSizeInBytes":4128,"silentlySkippedCount":0,"silentlySkippedDurationMs":0}
[23:31:52.319] INFO: simulator:public-processor Processed 1 successful txs and 0 failed txs (0 silently skipped, 0ms wasted) in 0.027302041999995707s {"blockNumber":4,"successfulCount":1,"failedCount":0,"duration":0.027302041999995707,"rate":41759330.67571207,"totalPublicGas":{"daGas":192,"l2Gas":1140115},"totalBlockGas":{"daGas":320,"l2Gas":1730915},"totalSizeInBytes":320,"silentlySkippedCount":0,"silentlySkippedDurationMs":0}
[23:31:52.371] INFO: txe:top_level_context Created block 5 with timestamp 1789425111
[23:31:52.618] INFO: simulator:public-processor Processed 1 successful txs and 0 failed txs (0 silently skipped, 0ms wasted) in 0.007927250000007916s {"blockNumber":6,"successfulCount":1,"failedCount":0,"duration":0.007927250000007916,"rate":0,"totalPublicGas":{"daGas":0,"l2Gas":0},"totalBlockGas":{"daGas":1984,"l2Gas":529900},"totalSizeInBytes":1984,"silentlySkippedCount":0,"silentlySkippedDurationMs":0}
[23:31:52.667] INFO: txe:top_level_context Created block 7 with timestamp 1789425211
[billboard_test] Testing test_full_flow_post_too_early ... [0m[32mok[0m
[23:31:56.012] INFO: kv-store:lmdb-v2 Starting data store with maxReaders 2
[23:31:56.013] INFO: world-state:database Creating world state data store at directory /var/folders/ym/q1vh2x5n58xbsmpmvs5_6w3r0000gn/T/aztec-world-state-09D6IL/world_state with map sizes {"archiveTreeMapSizeKb":10485760,"nullifierTreeMapSizeKb":10485760,"noteHashTreeMapSizeKb":10485760,"messageTreeMapSizeKb":10485760,"publicDataTreeMapSizeKb":10485760} and 1 threads (ephemeral=true).
[23:31:56.027] INFO: txe_node Aztec Node version: txe
[23:31:56.027] INFO: txe_node Aztec Node started on chain 0x1
[23:31:56.047] INFO: txe:top_level_context Created block 1 with timestamp 1789425116
[23:31:56.106] INFO: txe:top_level_context Created block 2 with timestamp 1789425116
[23:31:56.247] INFO: simulator:public-processor Processed 1 successful txs and 0 failed txs (0 silently skipped, 0ms wasted) in 0.08931070800000453s {"blockNumber":3,"successfulCount":1,"failedCount":0,"duration":0.08931070800000453,"rate":36281058.257872455,"totalPublicGas":{"daGas":4000,"l2Gas":3240287},"totalBlockGas":{"daGas":4000,"l2Gas":3240287},"totalSizeInBytes":4128,"silentlySkippedCount":0,"silentlySkippedDurationMs":0}
[23:31:56.437] INFO: simulator:public-processor Processed 1 successful txs and 0 failed txs (0 silently skipped, 0ms wasted) in 0.022762791999994078s {"blockNumber":4,"successfulCount":1,"failedCount":0,"duration":0.022762791999994078,"rate":50086781.97298014,"totalPublicGas":{"daGas":192,"l2Gas":1140115},"totalBlockGas":{"daGas":320,"l2Gas":1730915},"totalSizeInBytes":320,"silentlySkippedCount":0,"silentlySkippedDurationMs":0}
[23:31:56.483] INFO: txe:top_level_context Created block 5 with timestamp 1789425116
[23:31:56.729] INFO: simulator:public-processor Processed 1 successful txs and 0 failed txs (0 silently skipped, 0ms wasted) in 0.007350458000000799s {"blockNumber":6,"successfulCount":1,"failedCount":0,"duration":0.007350458000000799,"rate":0,"totalPublicGas":{"daGas":0,"l2Gas":0},"totalBlockGas":{"daGas":1984,"l2Gas":529900},"totalSizeInBytes":1984,"silentlySkippedCount":0,"silentlySkippedDurationMs":0}
[23:31:56.779] INFO: txe:top_level_context Created block 7 with timestamp 1789428717
[23:31:57.399] INFO: simulator:public-processor Processed 1 successful txs and 0 failed txs (0 silently skipped, 0ms wasted) in 0.045206125000026076s {"blockNumber":8,"successfulCount":1,"failedCount":0,"duration":0.045206125000026076,"rate":26486919.637533836,"totalPublicGas":{"daGas":2176,"l2Gas":1197371},"totalBlockGas":{"daGas":3552,"l2Gas":1924121},"totalSizeInBytes":3552,"silentlySkippedCount":0,"silentlySkippedDurationMs":0}
[23:31:57.449] INFO: txe:top_level_context Created block 9 with timestamp 1789432318
[23:31:58.071] INFO: simulator:public-processor Processed 1 successful txs and 0 failed txs (0 silently skipped, 0ms wasted) in 0.04537254199999734s {"blockNumber":10,"successfulCount":1,"failedCount":0,"duration":0.04537254199999734,"rate":26389771.152783774,"totalPublicGas":{"daGas":2176,"l2Gas":1197371},"totalBlockGas":{"daGas":3552,"l2Gas":1924121},"totalSizeInBytes":3552,"silentlySkippedCount":0,"silentlySkippedDurationMs":0}
[23:31:58.124] INFO: simulator:public-processor Processed 1 successful txs and 0 failed txs (0 silently skipped, 0ms wasted) in 0.007071249999979045s {"blockNumber":11,"successfulCount":1,"failedCount":0,"duration":0.007071249999979045,"rate":1168393.1412444029,"totalPublicGas":{"daGas":0,"l2Gas":8262},"totalBlockGas":{"daGas":0,"l2Gas":8262},"totalSizeInBytes":128,"silentlySkippedCount":0,"silentlySkippedDurationMs":0}
[23:31:58.152] INFO: simulator:public-processor Processed 1 successful txs and 0 failed txs (0 silently skipped, 0ms wasted) in 0.013140958000003594s {"blockNumber":11,"successfulCount":1,"failedCount":0,"duration":0.013140958000003594,"rate":9580123.458271883,"totalPublicGas":{"daGas":0,"l2Gas":125892},"totalBlockGas":{"daGas":0,"l2Gas":125892},"totalSizeInBytes":128,"silentlySkippedCount":0,"silentlySkippedDurationMs":0}
[billboard_test] Testing test_full_flow_second_post_screens_first ... [0m[32mok[0m
[23:32:00.827] INFO: kv-store:lmdb-v2 Starting data store with maxReaders 2
[23:32:00.828] INFO: world-state:database Creating world state data store at directory /var/folders/ym/q1vh2x5n58xbsmpmvs5_6w3r0000gn/T/aztec-world-state-26nmbX/world_state with map sizes {"archiveTreeMapSizeKb":10485760,"nullifierTreeMapSizeKb":10485760,"noteHashTreeMapSizeKb":10485760,"messageTreeMapSizeKb":10485760,"publicDataTreeMapSizeKb":10485760} and 1 threads (ephemeral=true).
[23:32:00.842] INFO: txe_node Aztec Node version: txe
[23:32:00.842] INFO: txe_node Aztec Node started on chain 0x1
[23:32:00.860] INFO: txe:top_level_context Created block 1 with timestamp 1789425120
[23:32:00.920] INFO: txe:top_level_context Created block 2 with timestamp 1789425120
[23:32:01.047] INFO: simulator:public-processor Processed 1 successful txs and 0 failed txs (0 silently skipped, 0ms wasted) in 0.08199150000000373s {"blockNumber":3,"successfulCount":1,"failedCount":0,"duration":0.08199150000000373,"rate":39519791.685721725,"totalPublicGas":{"daGas":4000,"l2Gas":3240287},"totalBlockGas":{"daGas":4000,"l2Gas":3240287},"totalSizeInBytes":4128,"silentlySkippedCount":0,"silentlySkippedDurationMs":0}
[23:32:01.228] INFO: simulator:public-processor Processed 1 successful txs and 0 failed txs (0 silently skipped, 0ms wasted) in 0.022471332999994046s {"blockNumber":4,"successfulCount":1,"failedCount":0,"duration":0.022471332999994046,"rate":50736420.48739619,"totalPublicGas":{"daGas":192,"l2Gas":1140115},"totalBlockGas":{"daGas":320,"l2Gas":1730915},"totalSizeInBytes":320,"silentlySkippedCount":0,"silentlySkippedDurationMs":0}
[23:32:01.274] INFO: txe:top_level_context Created block 5 with timestamp 1789425120
[23:32:01.520] INFO: simulator:public-processor Processed 1 successful txs and 0 failed txs (0 silently skipped, 0ms wasted) in 0.0071595410000009s {"blockNumber":6,"successfulCount":1,"failedCount":0,"duration":0.0071595410000009,"rate":0,"totalPublicGas":{"daGas":0,"l2Gas":0},"totalBlockGas":{"daGas":1984,"l2Gas":529900},"totalSizeInBytes":1984,"silentlySkippedCount":0,"silentlySkippedDurationMs":0}
[23:32:01.567] INFO: txe:top_level_context Created block 7 with timestamp 1789428721
[23:32:02.163] INFO: simulator:public-processor Processed 1 successful txs and 0 failed txs (0 silently skipped, 0ms wasted) in 0.044156667000002925s {"blockNumber":8,"successfulCount":1,"failedCount":0,"duration":0.044156667000002925,"rate":27116426.155985024,"totalPublicGas":{"daGas":2176,"l2Gas":1197371},"totalBlockGas":{"daGas":3552,"l2Gas":1924121},"totalSizeInBytes":3552,"silentlySkippedCount":0,"silentlySkippedDurationMs":0}
[23:32:02.249] INFO: simulator:public-processor Processed 1 successful txs and 0 failed txs (0 silently skipped, 0ms wasted) in 0.040128499999991615s {"blockNumber":9,"successfulCount":1,"failedCount":0,"duration":0.040128499999991615,"rate":30000573.158733856,"totalPublicGas":{"daGas":2176,"l2Gas":1203878},"totalBlockGas":{"daGas":2176,"l2Gas":1203878},"totalSizeInBytes":2304,"silentlySkippedCount":0,"silentlySkippedDurationMs":0}
[23:32:02.298] INFO: txe:top_level_context Created block 10 with timestamp 1789432321
[billboard_test] Testing test_full_flow_second_post_with_flag ... [0m[32mok[0m
[23:32:02.909] INFO: simulator:public-processor Processed 1 successful txs and 0 failed txs (0 silently skipped, 0ms wasted) in 0.044348667000012935s {"blockNumber":11,"successfulCount":1,"failedCount":0,"duration":0.044348667000012935,"rate":26999030.207596786,"totalPublicGas":{"daGas":2176,"l2Gas":1197371},"totalBlockGas":{"daGas":3552,"l2Gas":1924121},"totalSizeInBytes":3552,"silentlySkippedCount":0,"silentlySkippedDurationMs":0}
[23:32:02.962] INFO: simulator:public-processor Processed 1 successful txs and 0 failed txs (0 silently skipped, 0ms wasted) in 0.00697841700000572s {"blockNumber":12,"successfulCount":1,"failedCount":0,"duration":0.00697841700000572,"rate":1183936.1276337067,"totalPublicGas":{"daGas":0,"l2Gas":8262},"totalBlockGas":{"daGas":0,"l2Gas":8262},"totalSizeInBytes":128,"silentlySkippedCount":0,"silentlySkippedDurationMs":0}
[23:32:05.595] INFO: kv-store:lmdb-v2 Starting data store with maxReaders 2
[23:32:05.596] INFO: world-state:database Creating world state data store at directory /var/folders/ym/q1vh2x5n58xbsmpmvs5_6w3r0000gn/T/aztec-world-state-2oX5zc/world_state with map sizes {"archiveTreeMapSizeKb":10485760,"nullifierTreeMapSizeKb":10485760,"noteHashTreeMapSizeKb":10485760,"messageTreeMapSizeKb":10485760,"publicDataTreeMapSizeKb":10485760} and 1 threads (ephemeral=true).
[23:32:05.609] INFO: txe_node Aztec Node version: txe
[23:32:05.609] INFO: txe_node Aztec Node started on chain 0x1
[23:32:05.628] INFO: txe:top_level_context Created block 1 with timestamp 1789425125
[23:32:05.684] INFO: txe:top_level_context Created block 2 with timestamp 1789425125
[23:32:05.832] INFO: simulator:public-processor Processed 1 successful txs and 0 failed txs (0 silently skipped, 0ms wasted) in 0.10453804200000014s {"blockNumber":3,"successfulCount":1,"failedCount":0,"duration":0.10453804200000014,"rate":30996247.280009277,"totalPublicGas":{"daGas":4000,"l2Gas":3240287},"totalBlockGas":{"daGas":4000,"l2Gas":3240287},"totalSizeInBytes":4128,"silentlySkippedCount":0,"silentlySkippedDurationMs":0}
[23:32:06.019] INFO: simulator:public-processor Processed 1 successful txs and 0 failed txs (0 silently skipped, 0ms wasted) in 0.022174124999990455s {"blockNumber":4,"successfulCount":1,"failedCount":0,"duration":0.022174124999990455,"rate":51416459.49955142,"totalPublicGas":{"daGas":192,"l2Gas":1140115},"totalBlockGas":{"daGas":320,"l2Gas":1730915},"totalSizeInBytes":320,"silentlySkippedCount":0,"silentlySkippedDurationMs":0}
[23:32:06.065] INFO: txe:top_level_context Created block 5 with timestamp 1789425125
[23:32:06.308] INFO: simulator:public-processor Processed 1 successful txs and 0 failed txs (0 silently skipped, 0ms wasted) in 0.007084124999993947s {"blockNumber":6,"successfulCount":1,"failedCount":0,"duration":0.007084124999993947,"rate":0,"totalPublicGas":{"daGas":0,"l2Gas":0},"totalBlockGas":{"daGas":1984,"l2Gas":529900},"totalSizeInBytes":1984,"silentlySkippedCount":0,"silentlySkippedDurationMs":0}
[23:32:06.354] INFO: txe:top_level_context Created block 7 with timestamp 1789428726
[23:32:06.937] INFO: simulator:public-processor Processed 1 successful txs and 0 failed txs (0 silently skipped, 0ms wasted) in 0.044336333000013835s {"blockNumber":8,"successfulCount":1,"failedCount":0,"duration":0.044336333000013835,"rate":27006541.11379997,"totalPublicGas":{"daGas":2176,"l2Gas":1197371},"totalBlockGas":{"daGas":3552,"l2Gas":1924121},"totalSizeInBytes":3552,"silentlySkippedCount":0,"silentlySkippedDurationMs":0}
[23:32:06.986] INFO: txe:top_level_context Created block 9 with timestamp 1789432327
[23:32:07.613] INFO: simulator:public-processor Processed 1 successful txs and 0 failed txs (0 silently skipped, 0ms wasted) in 0.04498770900000818s {"blockNumber":10,"successfulCount":1,"failedCount":0,"duration":0.04498770900000818,"rate":26615514.02850459,"totalPublicGas":{"daGas":2176,"l2Gas":1197371},"totalBlockGas":{"daGas":3552,"l2Gas":1924121},"totalSizeInBytes":3552,"silentlySkippedCount":0,"silentlySkippedDurationMs":0}
[23:32:07.667] INFO: simulator:public-processor Processed 1 successful txs and 0 failed txs (0 silently skipped, 0ms wasted) in 0.007110041000007186s {"blockNumber":11,"successfulCount":1,"failedCount":0,"duration":0.007110041000007186,"rate":1162018.6156439392,"totalPublicGas":{"daGas":0,"l2Gas":8262},"totalBlockGas":{"daGas":0,"l2Gas":8262},"totalSizeInBytes":128,"silentlySkippedCount":0,"silentlySkippedDurationMs":0}
[billboard_test] Testing test_full_flow_second_post_without_flag ... [0m[32mok[0m
[billboard_test] Testing test_get_post_rejects_invalid_id ... [0m[32mok[0m
[23:32:10.216] INFO: kv-store:lmdb-v2 Starting data store with maxReaders 2
[23:32:10.218] INFO: world-state:database Creating world state data store at directory /var/folders/ym/q1vh2x5n58xbsmpmvs5_6w3r0000gn/T/aztec-world-state-vG18yJ/world_state with map sizes {"archiveTreeMapSizeKb":10485760,"nullifierTreeMapSizeKb":10485760,"noteHashTreeMapSizeKb":10485760,"messageTreeMapSizeKb":10485760,"publicDataTreeMapSizeKb":10485760} and 1 threads (ephemeral=true).
[23:32:10.232] INFO: txe_node Aztec Node version: txe
[23:32:10.232] INFO: txe_node Aztec Node started on chain 0x1
[23:32:10.252] INFO: txe:top_level_context Created block 1 with timestamp 1789425130
[23:32:10.306] INFO: txe:top_level_context Created block 2 with timestamp 1789425130
[23:32:10.438] INFO: simulator:public-processor Processed 1 successful txs and 0 failed txs (0 silently skipped, 0ms wasted) in 0.08554349999999977s {"blockNumber":3,"successfulCount":1,"failedCount":0,"duration":0.08554349999999977,"rate":37878821.88594117,"totalPublicGas":{"daGas":4000,"l2Gas":3240287},"totalBlockGas":{"daGas":4000,"l2Gas":3240287},"totalSizeInBytes":4128,"silentlySkippedCount":0,"silentlySkippedDurationMs":0}
[23:32:10.492] INFO: simulator:public-processor Processed 1 successful txs and 0 failed txs (0 silently skipped, 0ms wasted) in 0.007701582999987295s {"blockNumber":4,"successfulCount":1,"failedCount":0,"duration":0.007701582999987295,"rate":1101202.1814234802,"totalPublicGas":{"daGas":0,"l2Gas":8481},"totalBlockGas":{"daGas":0,"l2Gas":8481},"totalSizeInBytes":128,"silentlySkippedCount":0,"silentlySkippedDurationMs":0}
[23:32:10.495] WARN: txe:top_level_context Could not find function artifact in contract Billboard for function '0x3bc1b6cc' when enriching error callstack
[23:32:13.214] INFO: kv-store:lmdb-v2 Starting data store with maxReaders 2
[23:32:13.215] INFO: world-state:database Creating world state data store at directory /var/folders/ym/q1vh2x5n58xbsmpmvs5_6w3r0000gn/T/aztec-world-state-MsgLTd/world_state with map sizes {"archiveTreeMapSizeKb":10485760,"nullifierTreeMapSizeKb":10485760,"noteHashTreeMapSizeKb":10485760,"messageTreeMapSizeKb":10485760,"publicDataTreeMapSizeKb":10485760} and 1 threads (ephemeral=true).
[23:32:13.235] INFO: txe_node Aztec Node version: txe
[23:32:13.235] INFO: txe_node Aztec Node started on chain 0x1
[23:32:13.254] INFO: txe:top_level_context Created block 1 with timestamp 1789425133
[23:32:13.314] INFO: txe:top_level_context Created block 2 with timestamp 1789425133
[23:32:13.448] INFO: simulator:public-processor Processed 1 successful txs and 0 failed txs (0 silently skipped, 0ms wasted) in 0.08672637499999837s {"blockNumber":3,"successfulCount":1,"failedCount":0,"duration":0.08672637499999837,"rate":37362186.53206779,"totalPublicGas":{"daGas":4000,"l2Gas":3240287},"totalBlockGas":{"daGas":4000,"l2Gas":3240287},"totalSizeInBytes":4128,"silentlySkippedCount":0,"silentlySkippedDurationMs":0}
[23:32:13.653] INFO: simulator:public-processor Processed 1 successful txs and 0 failed txs (0 silently skipped, 0ms wasted) in 0.021811791999993148s {"blockNumber":4,"successfulCount":1,"failedCount":0,"duration":0.021811791999993148,"rate":52270579.14362828,"totalPublicGas":{"daGas":192,"l2Gas":1140115},"totalBlockGas":{"daGas":320,"l2Gas":1730915},"totalSizeInBytes":320,"silentlySkippedCount":0,"silentlySkippedDurationMs":0}
[23:32:13.699] INFO: txe:top_level_context Created block 5 with timestamp 1789425133
[23:32:13.936] INFO: simulator:public-processor Processed 1 successful txs and 0 failed txs (0 silently skipped, 0ms wasted) in 0.006974625000002561s {"blockNumber":6,"successfulCount":1,"failedCount":0,"duration":0.006974625000002561,"rate":0,"totalPublicGas":{"daGas":0,"l2Gas":0},"totalBlockGas":{"daGas":1984,"l2Gas":529900},"totalSizeInBytes":1984,"silentlySkippedCount":0,"silentlySkippedDurationMs":0}
[23:32:13.983] INFO: txe:top_level_context Created block 7 with timestamp 1789432334
[23:32:14.564] INFO: simulator:public-processor Processed 1 successful txs and 0 failed txs (0 silently skipped, 0ms wasted) in 0.044213166999979875s {"blockNumber":8,"successfulCount":1,"failedCount":0,"duration":0.044213166999979875,"rate":27081774.078761313,"totalPublicGas":{"daGas":2176,"l2Gas":1197371},"totalBlockGas":{"daGas":3552,"l2Gas":1924121},"totalSizeInBytes":3552,"silentlySkippedCount":0,"silentlySkippedDurationMs":0}
[23:32:14.613] INFO: txe:top_level_context Created block 9 with timestamp 1789439535
[23:32:15.221] INFO: simulator:public-processor Processed 1 successful txs and 0 failed txs (0 silently skipped, 0ms wasted) in 0.04537470799998846s {"blockNumber":10,"successfulCount":1,"failedCount":0,"duration":0.04537470799998846,"rate":26388511.414779894,"totalPublicGas":{"daGas":2176,"l2Gas":1197371},"totalBlockGas":{"daGas":3552,"l2Gas":1924121},"totalSizeInBytes":3552,"silentlySkippedCount":0,"silentlySkippedDurationMs":0}
[23:32:15.271] INFO: txe:top_level_context Created block 11 with timestamp 1789446736
[23:32:15.918] INFO: simulator:public-processor Processed 1 successful txs and 0 failed txs (0 silently skipped, 0ms wasted) in 0.046719083000003596s {"blockNumber":12,"successfulCount":1,"failedCount":0,"duration":0.046719083000003596,"rate":25629163.14089272,"totalPublicGas":{"daGas":2176,"l2Gas":1197371},"totalBlockGas":{"daGas":3552,"l2Gas":1924121},"totalSizeInBytes":3552,"silentlySkippedCount":0,"silentlySkippedDurationMs":0}
[23:32:15.971] INFO: txe:top_level_context Created block 13 with timestamp 1789453937
[23:32:16.611] INFO: simulator:public-processor Processed 1 successful txs and 0 failed txs (0 silently skipped, 0ms wasted) in 0.04445679100000416s {"blockNumber":14,"successfulCount":1,"failedCount":0,"duration":0.04445679100000416,"rate":26933365.478400994,"totalPublicGas":{"daGas":2176,"l2Gas":1197371},"totalBlockGas":{"daGas":3552,"l2Gas":1924121},"totalSizeInBytes":3552,"silentlySkippedCount":0,"silentlySkippedDurationMs":0}
[23:32:16.662] INFO: txe:top_level_context Created block 15 with timestamp 1789461138
[23:32:17.276] INFO: simulator:public-processor Processed 1 successful txs and 0 failed txs (0 silently skipped, 0ms wasted) in 0.0449931660000002s {"blockNumber":16,"successfulCount":1,"failedCount":0,"duration":0.0449931660000002,"rate":26612285.963605996,"totalPublicGas":{"daGas":2176,"l2Gas":1197371},"totalBlockGas":{"daGas":3552,"l2Gas":1924121},"totalSizeInBytes":3552,"silentlySkippedCount":0,"silentlySkippedDurationMs":0}
[23:32:17.327] INFO: txe:top_level_context Created block 17 with timestamp 1789468339
[23:32:17.978] INFO: simulator:public-processor Processed 1 successful txs and 0 failed txs (0 silently skipped, 0ms wasted) in 0.04454045800000313s {"blockNumber":18,"successfulCount":1,"failedCount":0,"duration":0.04454045800000313,"rate":26882772.5121263,"totalPublicGas":{"daGas":2176,"l2Gas":1197371},"totalBlockGas":{"daGas":3552,"l2Gas":1924121},"totalSizeInBytes":3552,"silentlySkippedCount":0,"silentlySkippedDurationMs":0}
[23:32:18.030] INFO: txe:top_level_context Created block 19 with timestamp 1789475540
[23:32:18.642] INFO: simulator:public-processor Processed 1 successful txs and 0 failed txs (0 silently skipped, 0ms wasted) in 0.044305208000005224s {"blockNumber":20,"successfulCount":1,"failedCount":0,"duration":0.044305208000005224,"rate":27025513.569417365,"totalPublicGas":{"daGas":2176,"l2Gas":1197371},"totalBlockGas":{"daGas":3552,"l2Gas":1924121},"totalSizeInBytes":3552,"silentlySkippedCount":0,"silentlySkippedDurationMs":0}
[23:32:18.692] INFO: txe:top_level_context Created block 21 with timestamp 1789482741
[23:32:19.341] INFO: simulator:public-processor Processed 1 successful txs and 0 failed txs (0 silently skipped, 0ms wasted) in 0.045936125000007454s {"blockNumber":22,"successfulCount":1,"failedCount":0,"duration":0.045936125000007454,"rate":26065999.25439522,"totalPublicGas":{"daGas":2176,"l2Gas":1197371},"totalBlockGas":{"daGas":3552,"l2Gas":1924121},"totalSizeInBytes":3552,"silentlySkippedCount":0,"silentlySkippedDurationMs":0}
[23:32:19.395] INFO: txe:top_level_context Created block 23 with timestamp 1789489942
[23:32:20.029] INFO: simulator:public-processor Processed 1 successful txs and 0 failed txs (0 silently skipped, 0ms wasted) in 0.04584370800000033s {"blockNumber":24,"successfulCount":1,"failedCount":0,"duration":0.04584370800000033,"rate":26118546.082703244,"totalPublicGas":{"daGas":2176,"l2Gas":1197371},"totalBlockGas":{"daGas":3552,"l2Gas":1924121},"totalSizeInBytes":3552,"silentlySkippedCount":0,"silentlySkippedDurationMs":0}
[23:32:20.080] INFO: txe:top_level_context Created block 25 with timestamp 1789497143
[23:32:20.734] INFO: simulator:public-processor Processed 1 successful txs and 0 failed txs (0 silently skipped, 0ms wasted) in 0.048271042000007584s {"blockNumber":26,"successfulCount":1,"failedCount":0,"duration":0.048271042000007584,"rate":24805161.653643437,"totalPublicGas":{"daGas":2176,"l2Gas":1197371},"totalBlockGas":{"daGas":3552,"l2Gas":1924121},"totalSizeInBytes":3552,"silentlySkippedCount":0,"silentlySkippedDurationMs":0}
[23:32:20.786] INFO: txe:top_level_context Created block 27 with timestamp 1789504344
[23:32:21.505] INFO: simulator:public-processor Processed 1 successful txs and 0 failed txs (0 silently skipped, 0ms wasted) in 0.05289158399999724s {"blockNumber":28,"successfulCount":1,"failedCount":0,"duration":0.05289158399999724,"rate":22638214.049328953,"totalPublicGas":{"daGas":2176,"l2Gas":1197371},"totalBlockGas":{"daGas":3552,"l2Gas":1924121},"totalSizeInBytes":3552,"silentlySkippedCount":0,"silentlySkippedDurationMs":0}
[23:32:21.557] INFO: txe:top_level_context Created block 29 with timestamp 1789511545
[23:32:22.210] INFO: simulator:public-processor Processed 1 successful txs and 0 failed txs (0 silently skipped, 0ms wasted) in 0.04536404200000106s {"blockNumber":30,"successfulCount":1,"failedCount":0,"duration":0.04536404200000106,"rate":26394715.885325473,"totalPublicGas":{"daGas":2176,"l2Gas":1197371},"totalBlockGas":{"daGas":3552,"l2Gas":1924121},"totalSizeInBytes":3552,"silentlySkippedCount":0,"silentlySkippedDurationMs":0}
[23:32:22.262] INFO: txe:top_level_context Created block 31 with timestamp 1789518746
[23:32:22.877] INFO: simulator:public-processor Processed 1 successful txs and 0 failed txs (0 silently skipped, 0ms wasted) in 0.044687084000004686s {"blockNumber":32,"successfulCount":1,"failedCount":0,"duration":0.044687084000004686,"rate":26794565.51695954,"totalPublicGas":{"daGas":2176,"l2Gas":1197371},"totalBlockGas":{"daGas":3552,"l2Gas":1924121},"totalSizeInBytes":3552,"silentlySkippedCount":0,"silentlySkippedDurationMs":0}
[23:32:22.928] INFO: txe:top_level_context Created block 33 with timestamp 1789525947
[23:32:23.582] INFO: simulator:public-processor Processed 1 successful txs and 0 failed txs (0 silently skipped, 0ms wasted) in 0.045771375000011175s {"blockNumber":34,"successfulCount":1,"failedCount":0,"duration":0.045771375000011175,"rate":26159821.50415424,"totalPublicGas":{"daGas":2176,"l2Gas":1197371},"totalBlockGas":{"daGas":3552,"l2Gas":1924121},"totalSizeInBytes":3552,"silentlySkippedCount":0,"silentlySkippedDurationMs":0}
[23:32:23.634] INFO: txe:top_level_context Created block 35 with timestamp 1789533148
[23:32:24.223] INFO: simulator:public-processor Processed 1 successful txs and 0 failed txs (0 silently skipped, 0ms wasted) in 0.043777249999984634s {"blockNumber":36,"successfulCount":1,"failedCount":0,"duration":0.043777249999984634,"rate":27351443.957773052,"totalPublicGas":{"daGas":2176,"l2Gas":1197371},"totalBlockGas":{"daGas":3552,"l2Gas":1924121},"totalSizeInBytes":3552,"silentlySkippedCount":0,"silentlySkippedDurationMs":0}
[23:32:24.273] INFO: txe:top_level_context Created block 37 with timestamp 1789540349
[23:32:24.862] INFO: simulator:public-processor Processed 1 successful txs and 0 failed txs (0 silently skipped, 0ms wasted) in 0.04534420799999498s {"blockNumber":38,"successfulCount":1,"failedCount":0,"duration":0.04534420799999498,"rate":26406261.19217106,"totalPublicGas":{"daGas":2176,"l2Gas":1197371},"totalBlockGas":{"daGas":3552,"l2Gas":1924121},"totalSizeInBytes":3552,"silentlySkippedCount":0,"silentlySkippedDurationMs":0}
[23:32:24.917] INFO: simulator:public-processor Processed 1 successful txs and 0 failed txs (0 silently skipped, 0ms wasted) in 0.007431207999994513s {"blockNumber":39,"successfulCount":1,"failedCount":0,"duration":0.007431207999994513,"rate":1111797.7050307433,"totalPublicGas":{"daGas":0,"l2Gas":8262},"totalBlockGas":{"daGas":0,"l2Gas":8262},"totalSizeInBytes":128,"silentlySkippedCount":0,"silentlySkippedDurationMs":0}
[billboard_test] Testing test_history_first_page_control ... [0m[32mok[0m
[23:32:28.073] INFO: kv-store:lmdb-v2 Starting data store with maxReaders 2
[23:32:28.074] INFO: world-state:database Creating world state data store at directory /var/folders/ym/q1vh2x5n58xbsmpmvs5_6w3r0000gn/T/aztec-world-state-1QE5r3/world_state with map sizes {"archiveTreeMapSizeKb":10485760,"nullifierTreeMapSizeKb":10485760,"noteHashTreeMapSizeKb":10485760,"messageTreeMapSizeKb":10485760,"publicDataTreeMapSizeKb":10485760} and 1 threads (ephemeral=true).
[23:32:28.088] INFO: txe_node Aztec Node version: txe
[23:32:28.088] INFO: txe_node Aztec Node started on chain 0x1
[23:32:28.107] INFO: txe:top_level_context Created block 1 with timestamp 1789425148
[23:32:28.166] INFO: txe:top_level_context Created block 2 with timestamp 1789425148
[23:32:28.291] INFO: simulator:public-processor Processed 1 successful txs and 0 failed txs (0 silently skipped, 0ms wasted) in 0.08181312500001513s {"blockNumber":3,"successfulCount":1,"failedCount":0,"duration":0.08181312500001513,"rate":39605955.64586245,"totalPublicGas":{"daGas":4000,"l2Gas":3240287},"totalBlockGas":{"daGas":4000,"l2Gas":3240287},"totalSizeInBytes":4128,"silentlySkippedCount":0,"silentlySkippedDurationMs":0}
[23:32:28.494] INFO: simulator:public-processor Processed 1 successful txs and 0 failed txs (0 silently skipped, 0ms wasted) in 0.022127208000019893s {"blockNumber":4,"successfulCount":1,"failedCount":0,"duration":0.022127208000019893,"rate":51525479.40069868,"totalPublicGas":{"daGas":192,"l2Gas":1140115},"totalBlockGas":{"daGas":320,"l2Gas":1730915},"totalSizeInBytes":320,"silentlySkippedCount":0,"silentlySkippedDurationMs":0}
[23:32:28.540] INFO: txe:top_level_context Created block 5 with timestamp 1789425148
[23:32:28.775] INFO: simulator:public-processor Processed 1 successful txs and 0 failed txs (0 silently skipped, 0ms wasted) in 0.006815833000000566s {"blockNumber":6,"successfulCount":1,"failedCount":0,"duration":0.006815833000000566,"rate":0,"totalPublicGas":{"daGas":0,"l2Gas":0},"totalBlockGas":{"daGas":1984,"l2Gas":529900},"totalSizeInBytes":1984,"silentlySkippedCount":0,"silentlySkippedDurationMs":0}
[23:32:28.822] INFO: txe:top_level_context Created block 7 with timestamp 1789432349
[23:32:29.445] INFO: simulator:public-processor Processed 1 successful txs and 0 failed txs (0 silently skipped, 0ms wasted) in 0.04545537499999045s {"blockNumber":8,"successfulCount":1,"failedCount":0,"duration":0.04545537499999045,"rate":26341681.26432246,"totalPublicGas":{"daGas":2176,"l2Gas":1197371},"totalBlockGas":{"daGas":3552,"l2Gas":1924121},"totalSizeInBytes":3552,"silentlySkippedCount":0,"silentlySkippedDurationMs":0}
[23:32:29.495] INFO: txe:top_level_context Created block 9 with timestamp 1789439550
[23:32:30.124] INFO: simulator:public-processor Processed 1 successful txs and 0 failed txs (0 silently skipped, 0ms wasted) in 0.04476908299999195s {"blockNumber":10,"successfulCount":1,"failedCount":0,"duration":0.04476908299999195,"rate":26745488.62214165,"totalPublicGas":{"daGas":2176,"l2Gas":1197371},"totalBlockGas":{"daGas":3552,"l2Gas":1924121},"totalSizeInBytes":3552,"silentlySkippedCount":0,"silentlySkippedDurationMs":0}
[23:32:30.174] INFO: txe:top_level_context Created block 11 with timestamp 1789446751
[23:32:30.794] INFO: simulator:public-processor Processed 1 successful txs and 0 failed txs (0 silently skipped, 0ms wasted) in 0.04467345899998327s {"blockNumber":12,"successfulCount":1,"failedCount":0,"duration":0.04467345899998327,"rate":26802737.616544276,"totalPublicGas":{"daGas":2176,"l2Gas":1197371},"totalBlockGas":{"daGas":3552,"l2Gas":1924121},"totalSizeInBytes":3552,"silentlySkippedCount":0,"silentlySkippedDurationMs":0}
[23:32:30.843] INFO: txe:top_level_context Created block 13 with timestamp 1789453952
[23:32:31.472] INFO: simulator:public-processor Processed 1 successful txs and 0 failed txs (0 silently skipped, 0ms wasted) in 0.04649154200000339s {"blockNumber":14,"successfulCount":1,"failedCount":0,"duration":0.04649154200000339,"rate":25754598.546116468,"totalPublicGas":{"daGas":2176,"l2Gas":1197371},"totalBlockGas":{"daGas":3552,"l2Gas":1924121},"totalSizeInBytes":3552,"silentlySkippedCount":0,"silentlySkippedDurationMs":0}
[23:32:31.525] INFO: txe:top_level_context Created block 15 with timestamp 1789461153
[23:32:32.204] INFO: simulator:public-processor Processed 1 successful txs and 0 failed txs (0 silently skipped, 0ms wasted) in 0.045430041000014174s {"blockNumber":16,"successfulCount":1,"failedCount":0,"duration":0.045430041000014174,"rate":26356370.66670546,"totalPublicGas":{"daGas":2176,"l2Gas":1197371},"totalBlockGas":{"daGas":3552,"l2Gas":1924121},"totalSizeInBytes":3552,"silentlySkippedCount":0,"silentlySkippedDurationMs":0}
[23:32:32.255] INFO: txe:top_level_context Created block 17 with timestamp 1789468354
[23:32:32.873] INFO: simulator:public-processor Processed 1 successful txs and 0 failed txs (0 silently skipped, 0ms wasted) in 0.04407341699997778s {"blockNumber":18,"successfulCount":1,"failedCount":0,"duration":0.04407341699997778,"rate":27167646.202712253,"totalPublicGas":{"daGas":2176,"l2Gas":1197371},"totalBlockGas":{"daGas":3552,"l2Gas":1924121},"totalSizeInBytes":3552,"silentlySkippedCount":0,"silentlySkippedDurationMs":0}
[23:32:32.923] INFO: txe:top_level_context Created block 19 with timestamp 1789475555
[23:32:33.549] INFO: simulator:public-processor Processed 1 successful txs and 0 failed txs (0 silently skipped, 0ms wasted) in 0.04650025000001187s {"blockNumber":20,"successfulCount":1,"failedCount":0,"duration":0.04650025000001187,"rate":25749775.538834613,"totalPublicGas":{"daGas":2176,"l2Gas":1197371},"totalBlockGas":{"daGas":3552,"l2Gas":1924121},"totalSizeInBytes":3552,"silentlySkippedCount":0,"silentlySkippedDurationMs":0}
[23:32:33.601] INFO: txe:top_level_context Created block 21 with timestamp 1789482756
[23:32:34.274] INFO: simulator:public-processor Processed 1 successful txs and 0 failed txs (0 silently skipped, 0ms wasted) in 0.06020766700000968s {"blockNumber":22,"successfulCount":1,"failedCount":0,"duration":0.06020766700000968,"rate":19887350.891703002,"totalPublicGas":{"daGas":2176,"l2Gas":1197371},"totalBlockGas":{"daGas":3552,"l2Gas":1924121},"totalSizeInBytes":3552,"silentlySkippedCount":0,"silentlySkippedDurationMs":0}
[23:32:34.328] INFO: txe:top_level_context Created block 23 with timestamp 1789489957
[23:32:34.974] INFO: simulator:public-processor Processed 1 successful txs and 0 failed txs (0 silently skipped, 0ms wasted) in 0.04475933299999451s {"blockNumber":24,"successfulCount":1,"failedCount":0,"duration":0.04475933299999451,"rate":26751314.636438996,"totalPublicGas":{"daGas":2176,"l2Gas":1197371},"totalBlockGas":{"daGas":3552,"l2Gas":1924121},"totalSizeInBytes":3552,"silentlySkippedCount":0,"silentlySkippedDurationMs":0}
[23:32:35.025] INFO: txe:top_level_context Created block 25 with timestamp 1789497158
[23:32:35.645] INFO: simulator:public-processor Processed 1 successful txs and 0 failed txs (0 silently skipped, 0ms wasted) in 0.04533975000001374s {"blockNumber":26,"successfulCount":1,"failedCount":0,"duration":0.04533975000001374,"rate":26408857.56978451,"totalPublicGas":{"daGas":2176,"l2Gas":1197371},"totalBlockGas":{"daGas":3552,"l2Gas":1924121},"totalSizeInBytes":3552,"silentlySkippedCount":0,"silentlySkippedDurationMs":0}
[23:32:35.697] INFO: txe:top_level_context Created block 27 with timestamp 1789504359
[23:32:36.328] INFO: simulator:public-processor Processed 1 successful txs and 0 failed txs (0 silently skipped, 0ms wasted) in 0.0459800830000022s {"blockNumber":28,"successfulCount":1,"failedCount":0,"duration":0.0459800830000022,"rate":26041079.569167867,"totalPublicGas":{"daGas":2176,"l2Gas":1197371},"totalBlockGas":{"daGas":3552,"l2Gas":1924121},"totalSizeInBytes":3552,"silentlySkippedCount":0,"silentlySkippedDurationMs":0}
[23:32:36.379] INFO: txe:top_level_context Created block 29 with timestamp 1789511560
[23:32:37.009] INFO: simulator:public-processor Processed 1 successful txs and 0 failed txs (0 silently skipped, 0ms wasted) in 0.04541920899998513s {"blockNumber":30,"successfulCount":1,"failedCount":0,"duration":0.04541920899998513,"rate":26362656.38180515,"totalPublicGas":{"daGas":2176,"l2Gas":1197371},"totalBlockGas":{"daGas":3552,"l2Gas":1924121},"totalSizeInBytes":3552,"silentlySkippedCount":0,"silentlySkippedDurationMs":0}
[23:32:37.061] INFO: txe:top_level_context Created block 31 with timestamp 1789518761
[23:32:37.680] INFO: simulator:public-processor Processed 1 successful txs and 0 failed txs (0 silently skipped, 0ms wasted) in 0.04425766699999804s {"blockNumber":32,"successfulCount":1,"failedCount":0,"duration":0.04425766699999804,"rate":27054544.018329144,"totalPublicGas":{"daGas":2176,"l2Gas":1197371},"totalBlockGas":{"daGas":3552,"l2Gas":1924121},"totalSizeInBytes":3552,"silentlySkippedCount":0,"silentlySkippedDurationMs":0}
[23:32:37.730] INFO: txe:top_level_context Created block 33 with timestamp 1789525962
[23:32:38.320] INFO: simulator:public-processor Processed 1 successful txs and 0 failed txs (0 silently skipped, 0ms wasted) in 0.04590170799999032s {"blockNumber":34,"successfulCount":1,"failedCount":0,"duration":0.04590170799999032,"rate":26085543.483485464,"totalPublicGas":{"daGas":2176,"l2Gas":1197371},"totalBlockGas":{"daGas":3552,"l2Gas":1924121},"totalSizeInBytes":3552,"silentlySkippedCount":0,"silentlySkippedDurationMs":0}
[23:32:38.372] INFO: txe:top_level_context Created block 35 with timestamp 1789533163
[23:32:38.969] INFO: simulator:public-processor Processed 1 successful txs and 0 failed txs (0 silently skipped, 0ms wasted) in 0.04396808400002192s {"blockNumber":36,"successfulCount":1,"failedCount":0,"duration":0.04396808400002192,"rate":27232730.905431382,"totalPublicGas":{"daGas":2176,"l2Gas":1197371},"totalBlockGas":{"daGas":3552,"l2Gas":1924121},"totalSizeInBytes":3552,"silentlySkippedCount":0,"silentlySkippedDurationMs":0}
[23:32:39.020] INFO: txe:top_level_context Created block 37 with timestamp 1789540364
[23:32:39.649] INFO: simulator:public-processor Processed 1 successful txs and 0 failed txs (0 silently skipped, 0ms wasted) in 0.06721683300001315s {"blockNumber":38,"successfulCount":1,"failedCount":0,"duration":0.06721683300001315,"rate":17813558.69592615,"totalPublicGas":{"daGas":2176,"l2Gas":1197371},"totalBlockGas":{"daGas":3552,"l2Gas":1924121},"totalSizeInBytes":3552,"silentlySkippedCount":0,"silentlySkippedDurationMs":0}
[23:32:39.724] INFO: txe:top_level_context Created block 39 with timestamp 1789547565
[23:32:40.342] INFO: simulator:public-processor Processed 1 successful txs and 0 failed txs (0 silently skipped, 0ms wasted) in 0.044430292000004555s {"blockNumber":40,"successfulCount":1,"failedCount":0,"duration":0.044430292000004555,"rate":26949429.006675832,"totalPublicGas":{"daGas":2176,"l2Gas":1197371},"totalBlockGas":{"daGas":3552,"l2Gas":1924121},"totalSizeInBytes":3552,"silentlySkippedCount":0,"silentlySkippedDurationMs":0}
[23:32:40.397] INFO: simulator:public-processor Processed 1 successful txs and 0 failed txs (0 silently skipped, 0ms wasted) in 0.0070504169999912845s {"blockNumber":41,"successfulCount":1,"failedCount":0,"duration":0.0070504169999912845,"rate":1171845.5801990454,"totalPublicGas":{"daGas":0,"l2Gas":8262},"totalBlockGas":{"daGas":0,"l2Gas":8262},"totalSizeInBytes":128,"silentlySkippedCount":0,"silentlySkippedDurationMs":0}
[billboard_test] Testing test_history_known_bad_missing_child_after_first_page ... [0m[32mok[0m
[23:32:43.910] INFO: kv-store:lmdb-v2 Starting data store with maxReaders 2
[23:32:43.911] INFO: world-state:database Creating world state data store at directory /var/folders/ym/q1vh2x5n58xbsmpmvs5_6w3r0000gn/T/aztec-world-state-q3f1fH/world_state with map sizes {"archiveTreeMapSizeKb":10485760,"nullifierTreeMapSizeKb":10485760,"noteHashTreeMapSizeKb":10485760,"messageTreeMapSizeKb":10485760,"publicDataTreeMapSizeKb":10485760} and 1 threads (ephemeral=true).
[23:32:43.924] INFO: txe_node Aztec Node version: txe
[23:32:43.924] INFO: txe_node Aztec Node started on chain 0x1
[23:32:43.942] INFO: txe:top_level_context Created block 1 with timestamp 1789425163
[23:32:43.998] INFO: txe:top_level_context Created block 2 with timestamp 1789425163
[23:32:44.119] INFO: simulator:public-processor Processed 1 successful txs and 0 failed txs (0 silently skipped, 0ms wasted) in 0.07915070800000103s {"blockNumber":3,"successfulCount":1,"failedCount":0,"duration":0.07915070800000103,"rate":40938193.50295588,"totalPublicGas":{"daGas":4000,"l2Gas":3240287},"totalBlockGas":{"daGas":4000,"l2Gas":3240287},"totalSizeInBytes":4128,"silentlySkippedCount":0,"silentlySkippedDurationMs":0}
[23:32:44.378] INFO: simulator:public-processor Processed 1 successful txs and 0 failed txs (0 silently skipped, 0ms wasted) in 0.022239874999999302s {"blockNumber":4,"successfulCount":1,"failedCount":0,"duration":0.022239874999999302,"rate":51264451.80110211,"totalPublicGas":{"daGas":192,"l2Gas":1140115},"totalBlockGas":{"daGas":320,"l2Gas":1730915},"totalSizeInBytes":320,"silentlySkippedCount":0,"silentlySkippedDurationMs":0}
[23:32:44.423] INFO: txe:top_level_context Created block 5 with timestamp 1789425163
[23:32:44.659] INFO: simulator:public-processor Processed 1 successful txs and 0 failed txs (0 silently skipped, 0ms wasted) in 0.006753834000002825s {"blockNumber":6,"successfulCount":1,"failedCount":0,"duration":0.006753834000002825,"rate":0,"totalPublicGas":{"daGas":0,"l2Gas":0},"totalBlockGas":{"daGas":1984,"l2Gas":529900},"totalSizeInBytes":1984,"silentlySkippedCount":0,"silentlySkippedDurationMs":0}
[23:32:44.705] INFO: txe:top_level_context Created block 7 with timestamp 1789432364
[23:32:45.299] INFO: simulator:public-processor Processed 1 successful txs and 0 failed txs (0 silently skipped, 0ms wasted) in 0.044220833999977914s {"blockNumber":8,"successfulCount":1,"failedCount":0,"duration":0.044220833999977914,"rate":27077078.645793926,"totalPublicGas":{"daGas":2176,"l2Gas":1197371},"totalBlockGas":{"daGas":3552,"l2Gas":1924121},"totalSizeInBytes":3552,"silentlySkippedCount":0,"silentlySkippedDurationMs":0}
[23:32:45.348] INFO: txe:top_level_context Created block 9 with timestamp 1789439565
[23:32:45.954] INFO: simulator:public-processor Processed 1 successful txs and 0 failed txs (0 silently skipped, 0ms wasted) in 0.04373666699999012s {"blockNumber":10,"successfulCount":1,"failedCount":0,"duration":0.04373666699999012,"rate":27376823.204206906,"totalPublicGas":{"daGas":2176,"l2Gas":1197371},"totalBlockGas":{"daGas":3552,"l2Gas":1924121},"totalSizeInBytes":3552,"silentlySkippedCount":0,"silentlySkippedDurationMs":0}
[23:32:46.004] INFO: txe:top_level_context Created block 11 with timestamp 1789446766
[23:32:46.605] INFO: simulator:public-processor Processed 1 successful txs and 0 failed txs (0 silently skipped, 0ms wasted) in 0.043280958000017564s {"blockNumber":12,"successfulCount":1,"failedCount":0,"duration":0.043280958000017564,"rate":27665076.17505865,"totalPublicGas":{"daGas":2176,"l2Gas":1197371},"totalBlockGas":{"daGas":3552,"l2Gas":1924121},"totalSizeInBytes":3552,"silentlySkippedCount":0,"silentlySkippedDurationMs":0}
[23:32:46.654] INFO: txe:top_level_context Created block 13 with timestamp 1789453967
[23:32:47.260] INFO: simulator:public-processor Processed 1 successful txs and 0 failed txs (0 silently skipped, 0ms wasted) in 0.045783958999993046s {"blockNumber":14,"successfulCount":1,"failedCount":0,"duration":0.045783958999993046,"rate":26152631.317885417,"totalPublicGas":{"daGas":2176,"l2Gas":1197371},"totalBlockGas":{"daGas":3552,"l2Gas":1924121},"totalSizeInBytes":3552,"silentlySkippedCount":0,"silentlySkippedDurationMs":0}
[23:32:47.313] INFO: txe:top_level_context Created block 15 with timestamp 1789461168
[23:32:47.964] INFO: simulator:public-processor Processed 1 successful txs and 0 failed txs (0 silently skipped, 0ms wasted) in 0.04439499999998952s {"blockNumber":16,"successfulCount":1,"failedCount":0,"duration":0.04439499999998952,"rate":26970852.57349437,"totalPublicGas":{"daGas":2176,"l2Gas":1197371},"totalBlockGas":{"daGas":3552,"l2Gas":1924121},"totalSizeInBytes":3552,"silentlySkippedCount":0,"silentlySkippedDurationMs":0}
[23:32:48.014] INFO: txe:top_level_context Created block 17 with timestamp 1789468369
[23:32:48.619] INFO: simulator:public-processor Processed 1 successful txs and 0 failed txs (0 silently skipped, 0ms wasted) in 0.044501167000009445s {"blockNumber":18,"successfulCount":1,"failedCount":0,"duration":0.044501167000009445,"rate":26906507.867529538,"totalPublicGas":{"daGas":2176,"l2Gas":1197371},"totalBlockGas":{"daGas":3552,"l2Gas":1924121},"totalSizeInBytes":3552,"silentlySkippedCount":0,"silentlySkippedDurationMs":0}
[23:32:48.670] INFO: txe:top_level_context Created block 19 with timestamp 1789475570
[23:32:49.280] INFO: simulator:public-processor Processed 1 successful txs and 0 failed txs (0 silently skipped, 0ms wasted) in 0.043240583000006154s {"blockNumber":20,"successfulCount":1,"failedCount":0,"duration":0.043240583000006154,"rate":27690907.86772763,"totalPublicGas":{"daGas":2176,"l2Gas":1197371},"totalBlockGas":{"daGas":3552,"l2Gas":1924121},"totalSizeInBytes":3552,"silentlySkippedCount":0,"silentlySkippedDurationMs":0}
[23:32:49.330] INFO: txe:top_level_context Created block 21 with timestamp 1789482771
[23:32:49.934] INFO: simulator:public-processor Processed 1 successful txs and 0 failed txs (0 silently skipped, 0ms wasted) in 0.04428925000000163s {"blockNumber":22,"successfulCount":1,"failedCount":0,"duration":0.04428925000000163,"rate":27035251.21784532,"totalPublicGas":{"daGas":2176,"l2Gas":1197371},"totalBlockGas":{"daGas":3552,"l2Gas":1924121},"totalSizeInBytes":3552,"silentlySkippedCount":0,"silentlySkippedDurationMs":0}
[23:32:49.984] INFO: txe:top_level_context Created block 23 with timestamp 1789489972
[23:32:50.597] INFO: simulator:public-processor Processed 1 successful txs and 0 failed txs (0 silently skipped, 0ms wasted) in 0.0433743329999852s {"blockNumber":24,"successfulCount":1,"failedCount":0,"duration":0.0433743329999852,"rate":27605519.605348364,"totalPublicGas":{"daGas":2176,"l2Gas":1197371},"totalBlockGas":{"daGas":3552,"l2Gas":1924121},"totalSizeInBytes":3552,"silentlySkippedCount":0,"silentlySkippedDurationMs":0}
[23:32:50.647] INFO: txe:top_level_context Created block 25 with timestamp 1789497173
[23:32:51.243] INFO: simulator:public-processor Processed 1 successful txs and 0 failed txs (0 silently skipped, 0ms wasted) in 0.043235625000001165s {"blockNumber":26,"successfulCount":1,"failedCount":0,"duration":0.043235625000001165,"rate":27694083.29357949,"totalPublicGas":{"daGas":2176,"l2Gas":1197371},"totalBlockGas":{"daGas":3552,"l2Gas":1924121},"totalSizeInBytes":3552,"silentlySkippedCount":0,"silentlySkippedDurationMs":0}
[23:32:51.293] INFO: txe:top_level_context Created block 27 with timestamp 1789504374
[23:32:51.908] INFO: simulator:public-processor Processed 1 successful txs and 0 failed txs (0 silently skipped, 0ms wasted) in 0.04376554200000828s {"blockNumber":28,"successfulCount":1,"failedCount":0,"duration":0.04376554200000828,"rate":27358760.917430736,"totalPublicGas":{"daGas":2176,"l2Gas":1197371},"totalBlockGas":{"daGas":3552,"l2Gas":1924121},"totalSizeInBytes":3552,"silentlySkippedCount":0,"silentlySkippedDurationMs":0}
[23:32:51.959] INFO: txe:top_level_context Created block 29 with timestamp 1789511575
[23:32:52.592] INFO: simulator:public-processor Processed 1 successful txs and 0 failed txs (0 silently skipped, 0ms wasted) in 0.04450724999999511s {"blockNumber":30,"successfulCount":1,"failedCount":0,"duration":0.04450724999999511,"rate":26902830.437740624,"totalPublicGas":{"daGas":2176,"l2Gas":1197371},"totalBlockGas":{"daGas":3552,"l2Gas":1924121},"totalSizeInBytes":3552,"silentlySkippedCount":0,"silentlySkippedDurationMs":0}
[23:32:52.643] INFO: txe:top_level_context Created block 31 with timestamp 1789518776
[23:32:53.242] INFO: simulator:public-processor Processed 1 successful txs and 0 failed txs (0 silently skipped, 0ms wasted) in 0.04384216600001673s {"blockNumber":32,"successfulCount":1,"failedCount":0,"duration":0.04384216600001673,"rate":27310945.357935622,"totalPublicGas":{"daGas":2176,"l2Gas":1197371},"totalBlockGas":{"daGas":3552,"l2Gas":1924121},"totalSizeInBytes":3552,"silentlySkippedCount":0,"silentlySkippedDurationMs":0}
[23:32:53.293] INFO: txe:top_level_context Created block 33 with timestamp 1789525977
[23:32:53.881] INFO: simulator:public-processor Processed 1 successful txs and 0 failed txs (0 silently skipped, 0ms wasted) in 0.04452812499998254s {"blockNumber":34,"successfulCount":1,"failedCount":0,"duration":0.04452812499998254,"rate":26890218.260941137,"totalPublicGas":{"daGas":2176,"l2Gas":1197371},"totalBlockGas":{"daGas":3552,"l2Gas":1924121},"totalSizeInBytes":3552,"silentlySkippedCount":0,"silentlySkippedDurationMs":0}
[23:32:53.932] INFO: txe:top_level_context Created block 35 with timestamp 1789533178
[23:32:54.521] INFO: simulator:public-processor Processed 1 successful txs and 0 failed txs (0 silently skipped, 0ms wasted) in 0.043800791999994544s {"blockNumber":36,"successfulCount":1,"failedCount":0,"duration":0.043800791999994544,"rate":27336743.134693757,"totalPublicGas":{"daGas":2176,"l2Gas":1197371},"totalBlockGas":{"daGas":3552,"l2Gas":1924121},"totalSizeInBytes":3552,"silentlySkippedCount":0,"silentlySkippedDurationMs":0}
[23:32:54.572] INFO: txe:top_level_context Created block 37 with timestamp 1789540379
[23:32:55.213] INFO: simulator:public-processor Processed 1 successful txs and 0 failed txs (0 silently skipped, 0ms wasted) in 0.04729987499999697s {"blockNumber":38,"successfulCount":1,"failedCount":0,"duration":0.04729987499999697,"rate":25314464.361693908,"totalPublicGas":{"daGas":2176,"l2Gas":1197371},"totalBlockGas":{"daGas":3552,"l2Gas":1924121},"totalSizeInBytes":3552,"silentlySkippedCount":0,"silentlySkippedDurationMs":0}
[23:32:55.271] INFO: txe:top_level_context Created block 39 with timestamp 1789547580
[23:32:55.973] INFO: simulator:public-processor Processed 1 successful txs and 0 failed txs (0 silently skipped, 0ms wasted) in 0.04737058300001081s {"blockNumber":40,"successfulCount":1,"failedCount":0,"duration":0.04737058300001081,"rate":25276678.566521477,"totalPublicGas":{"daGas":2176,"l2Gas":1197371},"totalBlockGas":{"daGas":3552,"l2Gas":1924121},"totalSizeInBytes":3552,"silentlySkippedCount":0,"silentlySkippedDurationMs":0}
[23:32:56.028] INFO: simulator:public-processor Processed 1 successful txs and 0 failed txs (0 silently skipped, 0ms wasted) in 0.006688999999983934s {"blockNumber":41,"successfulCount":1,"failedCount":0,"duration":0.006688999999983934,"rate":1235162.2066108303,"totalPublicGas":{"daGas":0,"l2Gas":8262},"totalBlockGas":{"daGas":0,"l2Gas":8262},"totalSizeInBytes":128,"silentlySkippedCount":0,"silentlySkippedDurationMs":0}
[23:32:56.047] INFO: txe:top_level_context Created block 41 with timestamp 1789554781
[billboard_test] Testing test_history_known_bad_next_post_cannot_progress ... [0m[32mok[0m
[23:32:59.272] INFO: kv-store:lmdb-v2 Starting data store with maxReaders 2
[23:32:59.273] INFO: world-state:database Creating world state data store at directory /var/folders/ym/q1vh2x5n58xbsmpmvs5_6w3r0000gn/T/aztec-world-state-xMSrce/world_state with map sizes {"archiveTreeMapSizeKb":10485760,"nullifierTreeMapSizeKb":10485760,"noteHashTreeMapSizeKb":10485760,"messageTreeMapSizeKb":10485760,"publicDataTreeMapSizeKb":10485760} and 1 threads (ephemeral=true).
[23:32:59.287] INFO: txe_node Aztec Node version: txe
[23:32:59.287] INFO: txe_node Aztec Node started on chain 0x1
[23:32:59.306] INFO: txe:top_level_context Created block 1 with timestamp 1789425179
[23:32:59.362] INFO: txe:top_level_context Created block 2 with timestamp 1789425179
[23:32:59.492] INFO: simulator:public-processor Processed 1 successful txs and 0 failed txs (0 silently skipped, 0ms wasted) in 0.0842953339999949s {"blockNumber":3,"successfulCount":1,"failedCount":0,"duration":0.0842953339999949,"rate":38439695.84366551,"totalPublicGas":{"daGas":4000,"l2Gas":3240287},"totalBlockGas":{"daGas":4000,"l2Gas":3240287},"totalSizeInBytes":4128,"silentlySkippedCount":0,"silentlySkippedDurationMs":0}
[23:32:59.546] INFO: simulator:public-processor Processed 1 successful txs and 0 failed txs (0 silently skipped, 0ms wasted) in 0.0068655830000061546s {"blockNumber":4,"successfulCount":1,"failedCount":0,"duration":0.0068655830000061546,"rate":1455084.0037897793,"totalPublicGas":{"daGas":0,"l2Gas":9990},"totalBlockGas":{"daGas":0,"l2Gas":9990},"totalSizeInBytes":128,"silentlySkippedCount":0,"silentlySkippedDurationMs":0}
[billboard_test] Testing test_init_default_flag_state ... [0m[32mok[0m
[billboard_test] Testing test_init_rejects_policy_too_long ... [0m[32mok[0m
[23:33:02.059] INFO: kv-store:lmdb-v2 Starting data store with maxReaders 2
[23:33:02.061] INFO: world-state:database Creating world state data store at directory /var/folders/ym/q1vh2x5n58xbsmpmvs5_6w3r0000gn/T/aztec-world-state-x8nR19/world_state with map sizes {"archiveTreeMapSizeKb":10485760,"nullifierTreeMapSizeKb":10485760,"noteHashTreeMapSizeKb":10485760,"messageTreeMapSizeKb":10485760,"publicDataTreeMapSizeKb":10485760} and 1 threads (ephemeral=true).
[23:33:02.074] INFO: txe_node Aztec Node version: txe
[23:33:02.074] INFO: txe_node Aztec Node started on chain 0x1
[23:33:02.093] INFO: txe:top_level_context Created block 1 with timestamp 1789425182
[23:33:02.156] INFO: txe:top_level_context Created block 2 with timestamp 1789425182
[23:33:02.210] INFO: simulator:public-processor Processed 1 successful txs and 0 failed txs (0 silently skipped, 0ms wasted) in 0.010415875000006054s {"blockNumber":3,"successfulCount":1,"failedCount":0,"duration":0.010415875000006054,"rate":12179293.626308521,"totalPublicGas":{"daGas":0,"l2Gas":126858},"totalBlockGas":{"daGas":0,"l2Gas":126858},"totalSizeInBytes":128,"silentlySkippedCount":0,"silentlySkippedDurationMs":0}
[23:33:02.212] WARN: txe:top_level_context Could not find function artifact in contract Billboard for function '0x8f3f1c4d' when enriching error callstack
[billboard_test] Testing test_init_rejects_zero_base_cooldown ... [0m[32mok[0m
[23:33:04.729] INFO: kv-store:lmdb-v2 Starting data store with maxReaders 2
[23:33:04.730] INFO: world-state:database Creating world state data store at directory /var/folders/ym/q1vh2x5n58xbsmpmvs5_6w3r0000gn/T/aztec-world-state-n774z4/world_state with map sizes {"archiveTreeMapSizeKb":10485760,"nullifierTreeMapSizeKb":10485760,"noteHashTreeMapSizeKb":10485760,"messageTreeMapSizeKb":10485760,"publicDataTreeMapSizeKb":10485760} and 1 threads (ephemeral=true).
[23:33:04.744] INFO: txe_node Aztec Node version: txe
[23:33:04.744] INFO: txe_node Aztec Node started on chain 0x1
[23:33:04.762] INFO: txe:top_level_context Created block 1 with timestamp 1789425184
[23:33:04.824] INFO: txe:top_level_context Created block 2 with timestamp 1789425184
[23:33:04.876] INFO: simulator:public-processor Processed 1 successful txs and 0 failed txs (0 silently skipped, 0ms wasted) in 0.009474374999990686s {"blockNumber":3,"successfulCount":1,"failedCount":0,"duration":0.009474374999990686,"rate":13322145.260254538,"totalPublicGas":{"daGas":0,"l2Gas":126219},"totalBlockGas":{"daGas":0,"l2Gas":126219},"totalSizeInBytes":128,"silentlySkippedCount":0,"silentlySkippedDurationMs":0}
[23:33:04.879] WARN: txe:top_level_context Could not find function artifact in contract Billboard for function '0x8f3f1c4d' when enriching error callstack
[billboard_test] Testing test_init_rejects_zero_censor_window ... [0m[32mok[0m
[23:33:07.391] INFO: kv-store:lmdb-v2 Starting data store with maxReaders 2
[23:33:07.392] INFO: world-state:database Creating world state data store at directory /var/folders/ym/q1vh2x5n58xbsmpmvs5_6w3r0000gn/T/aztec-world-state-SbCYYZ/world_state with map sizes {"archiveTreeMapSizeKb":10485760,"nullifierTreeMapSizeKb":10485760,"noteHashTreeMapSizeKb":10485760,"messageTreeMapSizeKb":10485760,"publicDataTreeMapSizeKb":10485760} and 1 threads (ephemeral=true).
[23:33:07.405] INFO: txe_node Aztec Node version: txe
[23:33:07.405] INFO: txe_node Aztec Node started on chain 0x1
[23:33:07.424] INFO: txe:top_level_context Created block 1 with timestamp 1789425187
[23:33:07.520] INFO: txe:top_level_context Created block 2 with timestamp 1789425187
[23:33:07.579] INFO: simulator:public-processor Processed 1 successful txs and 0 failed txs (0 silently skipped, 0ms wasted) in 0.010917583000002196s {"blockNumber":3,"successfulCount":1,"failedCount":0,"duration":0.010917583000002196,"rate":11573440.751490012,"totalPublicGas":{"daGas":0,"l2Gas":126354},"totalBlockGas":{"daGas":0,"l2Gas":126354},"totalSizeInBytes":128,"silentlySkippedCount":0,"silentlySkippedDurationMs":0}
[23:33:07.587] WARN: txe:top_level_context Could not find function artifact in contract Billboard for function '0x8f3f1c4d' when enriching error callstack
[billboard_test] Testing test_init_rejects_zero_k ... [0m[32mok[0m
[23:33:10.126] INFO: kv-store:lmdb-v2 Starting data store with maxReaders 2
[23:33:10.128] INFO: world-state:database Creating world state data store at directory /var/folders/ym/q1vh2x5n58xbsmpmvs5_6w3r0000gn/T/aztec-world-state-IIPwmq/world_state with map sizes {"archiveTreeMapSizeKb":10485760,"nullifierTreeMapSizeKb":10485760,"noteHashTreeMapSizeKb":10485760,"messageTreeMapSizeKb":10485760,"publicDataTreeMapSizeKb":10485760} and 1 threads (ephemeral=true).
[23:33:10.142] INFO: txe_node Aztec Node version: txe
[23:33:10.142] INFO: txe_node Aztec Node started on chain 0x1
[23:33:10.161] INFO: txe:top_level_context Created block 1 with timestamp 1789425190
[23:33:10.224] INFO: txe:top_level_context Created block 2 with timestamp 1789425190
[23:33:10.277] INFO: simulator:public-processor Processed 1 successful txs and 0 failed txs (0 silently skipped, 0ms wasted) in 0.00929475000000093s {"blockNumber":3,"successfulCount":1,"failedCount":0,"duration":0.00929475000000093,"rate":13587024.933428802,"totalPublicGas":{"daGas":0,"l2Gas":126288},"totalBlockGas":{"daGas":0,"l2Gas":126288},"totalSizeInBytes":128,"silentlySkippedCount":0,"silentlySkippedDurationMs":0}
[23:33:10.279] WARN: txe:top_level_context Could not find function artifact in contract Billboard for function '0x8f3f1c4d' when enriching error callstack
[billboard_test] Testing test_init_rejects_zero_max_save_up ... [0m[32mok[0m
[23:33:12.881] INFO: kv-store:lmdb-v2 Starting data store with maxReaders 2
[23:33:12.882] INFO: world-state:database Creating world state data store at directory /var/folders/ym/q1vh2x5n58xbsmpmvs5_6w3r0000gn/T/aztec-world-state-yIKXEw/world_state with map sizes {"archiveTreeMapSizeKb":10485760,"nullifierTreeMapSizeKb":10485760,"noteHashTreeMapSizeKb":10485760,"messageTreeMapSizeKb":10485760,"publicDataTreeMapSizeKb":10485760} and 1 threads (ephemeral=true).
[23:33:12.896] INFO: txe_node Aztec Node version: txe
[23:33:12.896] INFO: txe_node Aztec Node started on chain 0x1
[23:33:12.915] INFO: txe:top_level_context Created block 1 with timestamp 1789425192
[23:33:12.977] INFO: txe:top_level_context Created block 2 with timestamp 1789425192
[23:33:13.030] INFO: simulator:public-processor Processed 1 successful txs and 0 failed txs (0 silently skipped, 0ms wasted) in 0.009188166000007186s {"blockNumber":3,"successfulCount":1,"failedCount":0,"duration":0.009188166000007186,"rate":13759329.119641626,"totalPublicGas":{"daGas":0,"l2Gas":126423},"totalBlockGas":{"daGas":0,"l2Gas":126423},"totalSizeInBytes":128,"silentlySkippedCount":0,"silentlySkippedDurationMs":0}
[23:33:13.032] WARN: txe:top_level_context Could not find function artifact in contract Billboard for function '0x8f3f1c4d' when enriching error callstack
[billboard_test] Testing test_init_rejects_zero_min_deposit ... [0m[32mok[0m
[23:33:15.567] INFO: kv-store:lmdb-v2 Starting data store with maxReaders 2
[23:33:15.569] INFO: world-state:database Creating world state data store at directory /var/folders/ym/q1vh2x5n58xbsmpmvs5_6w3r0000gn/T/aztec-world-state-rghwAI/world_state with map sizes {"archiveTreeMapSizeKb":10485760,"nullifierTreeMapSizeKb":10485760,"noteHashTreeMapSizeKb":10485760,"messageTreeMapSizeKb":10485760,"publicDataTreeMapSizeKb":10485760} and 1 threads (ephemeral=true).
[23:33:15.584] INFO: txe_node Aztec Node version: txe
[23:33:15.584] INFO: txe_node Aztec Node started on chain 0x1
[23:33:15.605] INFO: txe:top_level_context Created block 1 with timestamp 1789425195
[23:33:15.672] INFO: txe:top_level_context Created block 2 with timestamp 1789425195
[23:33:15.728] INFO: simulator:public-processor Processed 1 successful txs and 0 failed txs (0 silently skipped, 0ms wasted) in 0.010181167000002461s {"blockNumber":3,"successfulCount":1,"failedCount":0,"duration":0.010181167000002461,"rate":12373139.542841164,"totalPublicGas":{"daGas":0,"l2Gas":125973},"totalBlockGas":{"daGas":0,"l2Gas":125973},"totalSizeInBytes":128,"silentlySkippedCount":0,"silentlySkippedDurationMs":0}
[23:33:15.730] WARN: txe:top_level_context Could not find function artifact in contract Billboard for function '0x8f3f1c4d' when enriching error callstack
[billboard_test] Testing test_init_sets_all_parameters ... [0m[32mok[0m
[23:33:18.255] INFO: kv-store:lmdb-v2 Starting data store with maxReaders 2
[23:33:18.256] INFO: world-state:database Creating world state data store at directory /var/folders/ym/q1vh2x5n58xbsmpmvs5_6w3r0000gn/T/aztec-world-state-fSRME1/world_state with map sizes {"archiveTreeMapSizeKb":10485760,"nullifierTreeMapSizeKb":10485760,"noteHashTreeMapSizeKb":10485760,"messageTreeMapSizeKb":10485760,"publicDataTreeMapSizeKb":10485760} and 1 threads (ephemeral=true).
[23:33:18.270] INFO: txe_node Aztec Node version: txe
[23:33:18.270] INFO: txe_node Aztec Node started on chain 0x1
[23:33:18.288] INFO: txe:top_level_context Created block 1 with timestamp 1789425198
[23:33:18.341] INFO: txe:top_level_context Created block 2 with timestamp 1789425198
[23:33:18.467] INFO: simulator:public-processor Processed 1 successful txs and 0 failed txs (0 silently skipped, 0ms wasted) in 0.08231337500002701s {"blockNumber":3,"successfulCount":1,"failedCount":0,"duration":0.08231337500002701,"rate":39365255.03903754,"totalPublicGas":{"daGas":4000,"l2Gas":3240287},"totalBlockGas":{"daGas":4000,"l2Gas":3240287},"totalSizeInBytes":4128,"silentlySkippedCount":0,"silentlySkippedDurationMs":0}
[23:33:18.521] INFO: simulator:public-processor Processed 1 successful txs and 0 failed txs (0 silently skipped, 0ms wasted) in 0.007645374999992782s {"blockNumber":4,"successfulCount":1,"failedCount":0,"duration":0.007645374999992782,"rate":3112862.3514245497,"totalPublicGas":{"daGas":0,"l2Gas":23799},"totalBlockGas":{"daGas":0,"l2Gas":23799},"totalSizeInBytes":128,"silentlySkippedCount":0,"silentlySkippedDurationMs":0}
[23:33:18.543] INFO: simulator:public-processor Processed 1 successful txs and 0 failed txs (0 silently skipped, 0ms wasted) in 0.007581540999992285s {"blockNumber":4,"successfulCount":1,"failedCount":0,"duration":0.007581540999992285,"rate":3149755.4389040833,"totalPublicGas":{"daGas":0,"l2Gas":23880},"totalBlockGas":{"daGas":0,"l2Gas":23880},"totalSizeInBytes":128,"silentlySkippedCount":0,"silentlySkippedDurationMs":0}
[23:33:18.567] INFO: simulator:public-processor Processed 1 successful txs and 0 failed txs (0 silently skipped, 0ms wasted) in 0.007493083000008482s {"blockNumber":4,"successfulCount":1,"failedCount":0,"duration":0.007493083000008482,"rate":3133289.728670218,"totalPublicGas":{"daGas":0,"l2Gas":23478},"totalBlockGas":{"daGas":0,"l2Gas":23478},"totalSizeInBytes":128,"silentlySkippedCount":0,"silentlySkippedDurationMs":0}
[23:33:18.590] INFO: simulator:public-processor Processed 1 successful txs and 0 failed txs (0 silently skipped, 0ms wasted) in 0.007640791000012541s {"blockNumber":4,"successfulCount":1,"failedCount":0,"duration":0.007640791000012541,"rate":3082926.885444365,"totalPublicGas":{"daGas":0,"l2Gas":23556},"totalBlockGas":{"daGas":0,"l2Gas":23556},"totalSizeInBytes":128,"silentlySkippedCount":0,"silentlySkippedDurationMs":0}
[23:33:18.613] INFO: simulator:public-processor Processed 1 successful txs and 0 failed txs (0 silently skipped, 0ms wasted) in 0.007531458999990718s {"blockNumber":4,"successfulCount":1,"failedCount":0,"duration":0.007531458999990718,"rate":3138834.0559284906,"totalPublicGas":{"daGas":0,"l2Gas":23640},"totalBlockGas":{"daGas":0,"l2Gas":23640},"totalSizeInBytes":128,"silentlySkippedCount":0,"silentlySkippedDurationMs":0}
[23:33:18.635] INFO: simulator:public-processor Processed 1 successful txs and 0 failed txs (0 silently skipped, 0ms wasted) in 0.006727917000011075s {"blockNumber":4,"successfulCount":1,"failedCount":0,"duration":0.006727917000011075,"rate":1289552.1749132336,"totalPublicGas":{"daGas":0,"l2Gas":8676},"totalBlockGas":{"daGas":0,"l2Gas":8676},"totalSizeInBytes":128,"silentlySkippedCount":0,"silentlySkippedDurationMs":0}
[23:33:18.658] INFO: simulator:public-processor Processed 1 successful txs and 0 failed txs (0 silently skipped, 0ms wasted) in 0.007612208000005921s {"blockNumber":4,"successfulCount":1,"failedCount":0,"duration":0.007612208000005921,"rate":3106720.152678645,"totalPublicGas":{"daGas":0,"l2Gas":23649},"totalBlockGas":{"daGas":0,"l2Gas":23649},"totalSizeInBytes":128,"silentlySkippedCount":0,"silentlySkippedDurationMs":0}
[23:33:18.682] INFO: simulator:public-processor Processed 1 successful txs and 0 failed txs (0 silently skipped, 0ms wasted) in 0.006650332999997772s {"blockNumber":4,"successfulCount":1,"failedCount":0,"duration":0.006650332999997772,"rate":1242343.8044384797,"totalPublicGas":{"daGas":0,"l2Gas":8262},"totalBlockGas":{"daGas":0,"l2Gas":8262},"totalSizeInBytes":128,"silentlySkippedCount":0,"silentlySkippedDurationMs":0}
[23:33:18.704] INFO: simulator:public-processor Processed 1 successful txs and 0 failed txs (0 silently skipped, 0ms wasted) in 0.006747124999994412s {"blockNumber":4,"successfulCount":1,"failedCount":0,"duration":0.006747124999994412,"rate":1457954.3138756354,"totalPublicGas":{"daGas":0,"l2Gas":9837},"totalBlockGas":{"daGas":0,"l2Gas":9837},"totalSizeInBytes":128,"silentlySkippedCount":0,"silentlySkippedDurationMs":0}
[billboard_test] Testing test_init_sets_default_policy ... [0m[32mok[0m
[23:33:21.373] INFO: kv-store:lmdb-v2 Starting data store with maxReaders 2
[23:33:21.374] INFO: world-state:database Creating world state data store at directory /var/folders/ym/q1vh2x5n58xbsmpmvs5_6w3r0000gn/T/aztec-world-state-9OSBRu/world_state with map sizes {"archiveTreeMapSizeKb":10485760,"nullifierTreeMapSizeKb":10485760,"noteHashTreeMapSizeKb":10485760,"messageTreeMapSizeKb":10485760,"publicDataTreeMapSizeKb":10485760} and 1 threads (ephemeral=true).
[23:33:21.387] INFO: txe_node Aztec Node version: txe
[23:33:21.387] INFO: txe_node Aztec Node started on chain 0x1
[23:33:21.406] INFO: txe:top_level_context Created block 1 with timestamp 1789425201
[23:33:21.457] INFO: txe:top_level_context Created block 2 with timestamp 1789425201
[23:33:21.584] INFO: simulator:public-processor Processed 1 successful txs and 0 failed txs (0 silently skipped, 0ms wasted) in 0.08238658300001407s {"blockNumber":3,"successfulCount":1,"failedCount":0,"duration":0.08238658300001407,"rate":39330275.416319266,"totalPublicGas":{"daGas":4000,"l2Gas":3240287},"totalBlockGas":{"daGas":4000,"l2Gas":3240287},"totalSizeInBytes":4128,"silentlySkippedCount":0,"silentlySkippedDurationMs":0}
[23:33:21.641] INFO: simulator:public-processor Processed 1 successful txs and 0 failed txs (0 silently skipped, 0ms wasted) in 0.011153500000014901s {"blockNumber":4,"successfulCount":1,"failedCount":0,"duration":0.011153500000014901,"rate":10437799.793772759,"totalPublicGas":{"daGas":0,"l2Gas":116418},"totalBlockGas":{"daGas":0,"l2Gas":116418},"totalSizeInBytes":128,"silentlySkippedCount":0,"silentlySkippedDurationMs":0}
[billboard_test] Testing test_init_sets_nondefault_policy ... [0m[32mok[0m
[23:33:24.239] INFO: kv-store:lmdb-v2 Starting data store with maxReaders 2
[23:33:24.240] INFO: world-state:database Creating world state data store at directory /var/folders/ym/q1vh2x5n58xbsmpmvs5_6w3r0000gn/T/aztec-world-state-Y2PlUa/world_state with map sizes {"archiveTreeMapSizeKb":10485760,"nullifierTreeMapSizeKb":10485760,"noteHashTreeMapSizeKb":10485760,"messageTreeMapSizeKb":10485760,"publicDataTreeMapSizeKb":10485760} and 1 threads (ephemeral=true).
[23:33:24.253] INFO: txe_node Aztec Node version: txe
[23:33:24.253] INFO: txe_node Aztec Node started on chain 0x1
[23:33:24.272] INFO: txe:top_level_context Created block 1 with timestamp 1789425204
[23:33:24.327] INFO: txe:top_level_context Created block 2 with timestamp 1789425204
[23:33:24.454] INFO: simulator:public-processor Processed 1 successful txs and 0 failed txs (0 silently skipped, 0ms wasted) in 0.08243904100000508s {"blockNumber":3,"successfulCount":1,"failedCount":0,"duration":0.08243904100000508,"rate":39305248.58967974,"totalPublicGas":{"daGas":4000,"l2Gas":3240287},"totalBlockGas":{"daGas":4000,"l2Gas":3240287},"totalSizeInBytes":4128,"silentlySkippedCount":0,"silentlySkippedDurationMs":0}
[23:33:24.511] INFO: simulator:public-processor Processed 1 successful txs and 0 failed txs (0 silently skipped, 0ms wasted) in 0.011272666000004393s {"blockNumber":4,"successfulCount":1,"failedCount":0,"duration":0.011272666000004393,"rate":10327459.36054121,"totalPublicGas":{"daGas":0,"l2Gas":116418},"totalBlockGas":{"daGas":0,"l2Gas":116418},"totalSizeInBytes":128,"silentlySkippedCount":0,"silentlySkippedDurationMs":0}
[23:33:27.212] INFO: kv-store:lmdb-v2 Starting data store with maxReaders 2
[23:33:27.212] INFO: world-state:database Creating world state data store at directory /var/folders/ym/q1vh2x5n58xbsmpmvs5_6w3r0000gn/T/aztec-world-state-P8Cdz1/world_state with map sizes {"archiveTreeMapSizeKb":10485760,"nullifierTreeMapSizeKb":10485760,"noteHashTreeMapSizeKb":10485760,"messageTreeMapSizeKb":10485760,"publicDataTreeMapSizeKb":10485760} and 1 threads (ephemeral=true).
[23:33:27.226] INFO: txe_node Aztec Node version: txe
[23:33:27.226] INFO: txe_node Aztec Node started on chain 0x1
[23:33:27.244] INFO: txe:top_level_context Created block 1 with timestamp 1789425207
[23:33:27.302] INFO: txe:top_level_context Created block 2 with timestamp 1789425207
[23:33:27.428] INFO: simulator:public-processor Processed 1 successful txs and 0 failed txs (0 silently skipped, 0ms wasted) in 0.08264812499997788s {"blockNumber":3,"successfulCount":1,"failedCount":0,"duration":0.08264812499997788,"rate":39205813.80401391,"totalPublicGas":{"daGas":4000,"l2Gas":3240287},"totalBlockGas":{"daGas":4000,"l2Gas":3240287},"totalSizeInBytes":4128,"silentlySkippedCount":0,"silentlySkippedDurationMs":0}
[23:33:27.620] INFO: simulator:public-processor Processed 1 successful txs and 0 failed txs (0 silently skipped, 0ms wasted) in 0.02255500000002212s {"blockNumber":4,"successfulCount":1,"failedCount":0,"duration":0.02255500000002212,"rate":50548215.47323795,"totalPublicGas":{"daGas":192,"l2Gas":1140115},"totalBlockGas":{"daGas":320,"l2Gas":1730915},"totalSizeInBytes":320,"silentlySkippedCount":0,"silentlySkippedDurationMs":0}
[23:33:27.666] INFO: txe:top_level_context Created block 5 with timestamp 1789425207
[23:33:27.944] INFO: simulator:public-processor Processed 1 successful txs and 0 failed txs (0 silently skipped, 0ms wasted) in 0.0076785410000011324s {"blockNumber":6,"successfulCount":1,"failedCount":0,"duration":0.0076785410000011324,"rate":0,"totalPublicGas":{"daGas":0,"l2Gas":0},"totalBlockGas":{"daGas":1984,"l2Gas":529900},"totalSizeInBytes":1984,"silentlySkippedCount":0,"silentlySkippedDurationMs":0}
[23:33:27.993] INFO: txe:top_level_context Created block 7 with timestamp 1789428808
[23:33:28.621] INFO: simulator:public-processor Processed 1 successful txs and 0 failed txs (0 silently skipped, 0ms wasted) in 0.0464515830000164s {"blockNumber":8,"successfulCount":1,"failedCount":0,"duration":0.0464515830000164,"rate":25776753.399331454,"totalPublicGas":{"daGas":2176,"l2Gas":1197371},"totalBlockGas":{"daGas":3552,"l2Gas":1924121},"totalSizeInBytes":3552,"silentlySkippedCount":0,"silentlySkippedDurationMs":0}
[23:33:28.674] INFO: txe:top_level_context Created block 9 with timestamp 1789528808
[23:33:29.291] INFO: simulator:public-processor Processed 1 successful txs and 0 failed txs (0 silently skipped, 0ms wasted) in 0.04381070799997542s {"blockNumber":10,"successfulCount":1,"failedCount":0,"duration":0.04381070799997542,"rate":27330555.808426373,"totalPublicGas":{"daGas":2176,"l2Gas":1197371},"totalBlockGas":{"daGas":3552,"l2Gas":1924121},"totalSizeInBytes":3552,"silentlySkippedCount":0,"silentlySkippedDurationMs":0}
[23:33:29.344] INFO: simulator:public-processor Processed 1 successful txs and 0 failed txs (0 silently skipped, 0ms wasted) in 0.006786290999996709s {"blockNumber":11,"successfulCount":1,"failedCount":0,"duration":0.006786290999996709,"rate":1217454.4239267085,"totalPublicGas":{"daGas":0,"l2Gas":8262},"totalBlockGas":{"daGas":0,"l2Gas":8262},"totalSizeInBytes":128,"silentlySkippedCount":0,"silentlySkippedDurationMs":0}
[23:33:29.363] INFO: txe:top_level_context Created block 11 with timestamp 1789528809
[billboard_test] Testing test_save_up_allows_burst_after_dormancy ... [0m[32mok[0m
[23:33:29.983] INFO: simulator:public-processor Processed 1 successful txs and 0 failed txs (0 silently skipped, 0ms wasted) in 0.0483166659999988s {"blockNumber":12,"successfulCount":1,"failedCount":0,"duration":0.0483166659999988,"rate":24781738.87246338,"totalPublicGas":{"daGas":2176,"l2Gas":1197371},"totalBlockGas":{"daGas":3552,"l2Gas":1924121},"totalSizeInBytes":3552,"silentlySkippedCount":0,"silentlySkippedDurationMs":0}
[23:33:30.037] INFO: simulator:public-processor Processed 1 successful txs and 0 failed txs (0 silently skipped, 0ms wasted) in 0.007242666000005556s {"blockNumber":13,"successfulCount":1,"failedCount":0,"duration":0.007242666000005556,"rate":1140740.1639111429,"totalPublicGas":{"daGas":0,"l2Gas":8262},"totalBlockGas":{"daGas":0,"l2Gas":8262},"totalSizeInBytes":128,"silentlySkippedCount":0,"silentlySkippedDurationMs":0}
[23:33:32.714] INFO: kv-store:lmdb-v2 Starting data store with maxReaders 2
[23:33:32.715] INFO: world-state:database Creating world state data store at directory /var/folders/ym/q1vh2x5n58xbsmpmvs5_6w3r0000gn/T/aztec-world-state-VfEtrT/world_state with map sizes {"archiveTreeMapSizeKb":10485760,"nullifierTreeMapSizeKb":10485760,"noteHashTreeMapSizeKb":10485760,"messageTreeMapSizeKb":10485760,"publicDataTreeMapSizeKb":10485760} and 1 threads (ephemeral=true).
[23:33:32.728] INFO: txe_node Aztec Node version: txe
[23:33:32.728] INFO: txe_node Aztec Node started on chain 0x1
[23:33:32.747] INFO: txe:top_level_context Created block 1 with timestamp 1789425212
[23:33:32.805] INFO: txe:top_level_context Created block 2 with timestamp 1789425212
[23:33:32.938] INFO: simulator:public-processor Processed 1 successful txs and 0 failed txs (0 silently skipped, 0ms wasted) in 0.08206858299998566s {"blockNumber":3,"successfulCount":1,"failedCount":0,"duration":0.08206858299998566,"rate":39482672.68122037,"totalPublicGas":{"daGas":4000,"l2Gas":3240287},"totalBlockGas":{"daGas":4000,"l2Gas":3240287},"totalSizeInBytes":4128,"silentlySkippedCount":0,"silentlySkippedDurationMs":0}
[23:33:33.122] INFO: simulator:public-processor Processed 1 successful txs and 0 failed txs (0 silently skipped, 0ms wasted) in 0.022475042000005486s {"blockNumber":4,"successfulCount":1,"failedCount":0,"duration":0.022475042000005486,"rate":50728047.58272406,"totalPublicGas":{"daGas":192,"l2Gas":1140115},"totalBlockGas":{"daGas":320,"l2Gas":1730915},"totalSizeInBytes":320,"silentlySkippedCount":0,"silentlySkippedDurationMs":0}
[23:33:33.168] INFO: txe:top_level_context Created block 5 with timestamp 1789425212
[23:33:33.409] INFO: simulator:public-processor Processed 1 successful txs and 0 failed txs (0 silently skipped, 0ms wasted) in 0.007817665999988094s {"blockNumber":6,"successfulCount":1,"failedCount":0,"duration":0.007817665999988094,"rate":0,"totalPublicGas":{"daGas":0,"l2Gas":0},"totalBlockGas":{"daGas":1984,"l2Gas":529900},"totalSizeInBytes":1984,"silentlySkippedCount":0,"silentlySkippedDurationMs":0}
[23:33:33.456] INFO: txe:top_level_context Created block 7 with timestamp 1789428813
[23:33:34.058] INFO: simulator:public-processor Processed 1 successful txs and 0 failed txs (0 silently skipped, 0ms wasted) in 0.045915708000015s {"blockNumber":8,"successfulCount":1,"failedCount":0,"duration":0.045915708000015,"rate":26077589.830469538,"totalPublicGas":{"daGas":2176,"l2Gas":1197371},"totalBlockGas":{"daGas":3552,"l2Gas":1924121},"totalSizeInBytes":3552,"silentlySkippedCount":0,"silentlySkippedDurationMs":0}
[23:33:34.108] INFO: txe:top_level_context Created block 9 with timestamp 1789528813
[23:33:34.141] INFO: txe:top_level_context Created block 10 with timestamp 1789528813
[23:33:34.758] INFO: simulator:public-processor Processed 1 successful txs and 0 failed txs (0 silently skipped, 0ms wasted) in 0.04354862500002491s {"blockNumber":11,"successfulCount":1,"failedCount":0,"duration":0.04354862500002491,"rate":27495035.721548386,"totalPublicGas":{"daGas":2176,"l2Gas":1197371},"totalBlockGas":{"daGas":3552,"l2Gas":1924121},"totalSizeInBytes":3552,"silentlySkippedCount":0,"silentlySkippedDurationMs":0}
[23:33:34.807] INFO: txe:top_level_context Created block 12 with timestamp 1789528814
[23:33:35.390] INFO: simulator:public-processor Processed 1 successful txs and 0 failed txs (0 silently skipped, 0ms wasted) in 0.04423416600000928s {"blockNumber":13,"successfulCount":1,"failedCount":0,"duration":0.04423416600000928,"rate":27068917.72300508,"totalPublicGas":{"daGas":2176,"l2Gas":1197371},"totalBlockGas":{"daGas":3552,"l2Gas":1924121},"totalSizeInBytes":3552,"silentlySkippedCount":0,"silentlySkippedDurationMs":0}
[23:33:35.439] INFO: txe:top_level_context Created block 14 with timestamp 1789528815
[23:33:36.030] INFO: simulator:public-processor Processed 1 successful txs and 0 failed txs (0 silently skipped, 0ms wasted) in 0.04511187500000233s {"blockNumber":15,"successfulCount":1,"failedCount":0,"duration":0.04511187500000233,"rate":26542257.443299312,"totalPublicGas":{"daGas":2176,"l2Gas":1197371},"totalBlockGas":{"daGas":3552,"l2Gas":1924121},"totalSizeInBytes":3552,"silentlySkippedCount":0,"silentlySkippedDurationMs":0}
[23:33:36.081] INFO: txe:top_level_context Created block 16 with timestamp 1789528816
[23:33:36.679] INFO: simulator:public-processor Processed 1 successful txs and 0 failed txs (0 silently skipped, 0ms wasted) in 0.043664584000012836s {"blockNumber":17,"successfulCount":1,"failedCount":0,"duration":0.043664584000012836,"rate":27422017.807375606,"totalPublicGas":{"daGas":2176,"l2Gas":1197371},"totalBlockGas":{"daGas":3552,"l2Gas":1924121},"totalSizeInBytes":3552,"silentlySkippedCount":0,"silentlySkippedDurationMs":0}
[23:33:36.729] INFO: txe:top_level_context Created block 18 with timestamp 1789528817
[23:33:37.313] INFO: simulator:public-processor Processed 1 successful txs and 0 failed txs (0 silently skipped, 0ms wasted) in 0.04435337500000605s {"blockNumber":19,"successfulCount":1,"failedCount":0,"duration":0.04435337500000605,"rate":26996164.327964593,"totalPublicGas":{"daGas":2176,"l2Gas":1197371},"totalBlockGas":{"daGas":3552,"l2Gas":1924121},"totalSizeInBytes":3552,"silentlySkippedCount":0,"silentlySkippedDurationMs":0}
[23:33:37.364] INFO: txe:top_level_context Created block 20 with timestamp 1789528818
[23:33:38.002] INFO: simulator:public-processor Processed 1 successful txs and 0 failed txs (0 silently skipped, 0ms wasted) in 0.046449500000017s {"blockNumber":21,"successfulCount":1,"failedCount":0,"duration":0.046449500000017,"rate":25777909.342394684,"totalPublicGas":{"daGas":2176,"l2Gas":1197371},"totalBlockGas":{"daGas":3552,"l2Gas":1924121},"totalSizeInBytes":3552,"silentlySkippedCount":0,"silentlySkippedDurationMs":0}
[23:33:38.054] INFO: txe:top_level_context Created block 22 with timestamp 1789528819
[23:33:38.660] INFO: simulator:public-processor Processed 1 successful txs and 0 failed txs (0 silently skipped, 0ms wasted) in 0.04418579200000386s {"blockNumber":23,"successfulCount":1,"failedCount":0,"duration":0.04418579200000386,"rate":27098552.40344895,"totalPublicGas":{"daGas":2176,"l2Gas":1197371},"totalBlockGas":{"daGas":3552,"l2Gas":1924121},"totalSizeInBytes":3552,"silentlySkippedCount":0,"silentlySkippedDurationMs":0}
[23:33:38.712] INFO: txe:top_level_context Created block 24 with timestamp 1789528820
[23:33:39.299] INFO: simulator:public-processor Processed 1 successful txs and 0 failed txs (0 silently skipped, 0ms wasted) in 0.04390654100000393s {"blockNumber":25,"successfulCount":1,"failedCount":0,"duration":0.04390654100000393,"rate":27270902.529076315,"totalPublicGas":{"daGas":2176,"l2Gas":1197371},"totalBlockGas":{"daGas":3552,"l2Gas":1924121},"totalSizeInBytes":3552,"silentlySkippedCount":0,"silentlySkippedDurationMs":0}
[23:33:39.351] INFO: txe:top_level_context Created block 26 with timestamp 1789528821
[23:33:39.946] INFO: simulator:public-processor Processed 1 successful txs and 0 failed txs (0 silently skipped, 0ms wasted) in 0.04556716599999345s {"blockNumber":27,"successfulCount":1,"failedCount":0,"duration":0.04556716599999345,"rate":26277056.59816922,"totalPublicGas":{"daGas":2176,"l2Gas":1197371},"totalBlockGas":{"daGas":3552,"l2Gas":1924121},"totalSizeInBytes":3552,"silentlySkippedCount":0,"silentlySkippedDurationMs":0}
[23:33:39.997] INFO: txe:top_level_context Created block 28 with timestamp 1789528822
[23:33:40.602] INFO: simulator:public-processor Processed 1 successful txs and 0 failed txs (0 silently skipped, 0ms wasted) in 0.04516270799998892s {"blockNumber":29,"successfulCount":1,"failedCount":0,"duration":0.04516270799998892,"rate":26512382.73843751,"totalPublicGas":{"daGas":2176,"l2Gas":1197371},"totalBlockGas":{"daGas":3552,"l2Gas":1924121},"totalSizeInBytes":3552,"silentlySkippedCount":0,"silentlySkippedDurationMs":0}
[23:33:40.654] INFO: txe:top_level_context Created block 30 with timestamp 1789528823
[23:33:41.264] INFO: simulator:public-processor Processed 1 successful txs and 0 failed txs (0 silently skipped, 0ms wasted) in 0.04401891700000851s {"blockNumber":31,"successfulCount":1,"failedCount":0,"duration":0.04401891700000851,"rate":27201282.575847298,"totalPublicGas":{"daGas":2176,"l2Gas":1197371},"totalBlockGas":{"daGas":3552,"l2Gas":1924121},"totalSizeInBytes":3552,"silentlySkippedCount":0,"silentlySkippedDurationMs":0}
[23:33:41.315] INFO: txe:top_level_context Created block 32 with timestamp 1789528824
[23:33:41.942] INFO: simulator:public-processor Processed 1 successful txs and 0 failed txs (0 silently skipped, 0ms wasted) in 0.04775387499999488s {"blockNumber":33,"successfulCount":1,"failedCount":0,"duration":0.04775387499999488,"rate":25073797.676107507,"totalPublicGas":{"daGas":2176,"l2Gas":1197371},"totalBlockGas":{"daGas":3552,"l2Gas":1924121},"totalSizeInBytes":3552,"silentlySkippedCount":0,"silentlySkippedDurationMs":0}
[23:33:41.996] INFO: txe:top_level_context Created block 34 with timestamp 1789528825
[23:33:42.610] INFO: simulator:public-processor Processed 1 successful txs and 0 failed txs (0 silently skipped, 0ms wasted) in 0.04492520800000056s {"blockNumber":35,"successfulCount":1,"failedCount":0,"duration":0.04492520800000056,"rate":26652542.15406159,"totalPublicGas":{"daGas":2176,"l2Gas":1197371},"totalBlockGas":{"daGas":3552,"l2Gas":1924121},"totalSizeInBytes":3552,"silentlySkippedCount":0,"silentlySkippedDurationMs":0}
[23:33:42.663] INFO: txe:top_level_context Created block 36 with timestamp 1789528826
[23:33:43.259] INFO: simulator:public-processor Processed 1 successful txs and 0 failed txs (0 silently skipped, 0ms wasted) in 0.04450787499998114s {"blockNumber":37,"successfulCount":1,"failedCount":0,"duration":0.04450787499998114,"rate":26902452.655861627,"totalPublicGas":{"daGas":2176,"l2Gas":1197371},"totalBlockGas":{"daGas":3552,"l2Gas":1924121},"totalSizeInBytes":3552,"silentlySkippedCount":0,"silentlySkippedDurationMs":0}
[23:33:43.311] INFO: txe:top_level_context Created block 38 with timestamp 1789528827
[23:33:43.913] INFO: simulator:public-processor Processed 1 successful txs and 0 failed txs (0 silently skipped, 0ms wasted) in 0.04587495899997884s {"blockNumber":39,"successfulCount":1,"failedCount":0,"duration":0.04587495899997884,"rate":26100753.572347656,"totalPublicGas":{"daGas":2176,"l2Gas":1197371},"totalBlockGas":{"daGas":3552,"l2Gas":1924121},"totalSizeInBytes":3552,"silentlySkippedCount":0,"silentlySkippedDurationMs":0}
[23:33:43.967] INFO: txe:top_level_context Created block 40 with timestamp 1789528828
[23:33:44.593] INFO: simulator:public-processor Processed 1 successful txs and 0 failed txs (0 silently skipped, 0ms wasted) in 0.04504725000000326s {"blockNumber":41,"successfulCount":1,"failedCount":0,"duration":0.04504725000000326,"rate":26580335.092595294,"totalPublicGas":{"daGas":2176,"l2Gas":1197371},"totalBlockGas":{"daGas":3552,"l2Gas":1924121},"totalSizeInBytes":3552,"silentlySkippedCount":0,"silentlySkippedDurationMs":0}
[23:33:44.646] INFO: txe:top_level_context Created block 42 with timestamp 1789528829
[23:33:45.237] INFO: simulator:public-processor Processed 1 successful txs and 0 failed txs (0 silently skipped, 0ms wasted) in 0.04430670800001826s {"blockNumber":43,"successfulCount":1,"failedCount":0,"duration":0.04430670800001826,"rate":27024598.62284299,"totalPublicGas":{"daGas":2176,"l2Gas":1197371},"totalBlockGas":{"daGas":3552,"l2Gas":1924121},"totalSizeInBytes":3552,"silentlySkippedCount":0,"silentlySkippedDurationMs":0}
[23:33:45.288] INFO: txe:top_level_context Created block 44 with timestamp 1789528830
[billboard_test] Testing test_save_up_prevents_excessive_burst ... [0m[32mok[0m
[23:33:48.299] INFO: kv-store:lmdb-v2 Starting data store with maxReaders 2
[23:33:48.301] INFO: world-state:database Creating world state data store at directory /var/folders/ym/q1vh2x5n58xbsmpmvs5_6w3r0000gn/T/aztec-world-state-2cdNuA/world_state with map sizes {"archiveTreeMapSizeKb":10485760,"nullifierTreeMapSizeKb":10485760,"noteHashTreeMapSizeKb":10485760,"messageTreeMapSizeKb":10485760,"publicDataTreeMapSizeKb":10485760} and 1 threads (ephemeral=true).
[23:33:48.315] INFO: txe_node Aztec Node version: txe
[23:33:48.315] INFO: txe_node Aztec Node started on chain 0x1
[23:33:48.334] INFO: txe:top_level_context Created block 1 with timestamp 1789425228
[23:33:48.389] INFO: txe:top_level_context Created block 2 with timestamp 1789425228
[23:33:48.518] INFO: simulator:public-processor Processed 1 successful txs and 0 failed txs (0 silently skipped, 0ms wasted) in 0.08384479200001806s {"blockNumber":3,"successfulCount":1,"failedCount":0,"duration":0.08384479200001806,"rate":38646252.47086667,"totalPublicGas":{"daGas":4000,"l2Gas":3240287},"totalBlockGas":{"daGas":4000,"l2Gas":3240287},"totalSizeInBytes":4128,"silentlySkippedCount":0,"silentlySkippedDurationMs":0}
[23:33:48.616] INFO: simulator:public-processor Processed 1 successful txs and 0 failed txs (0 silently skipped, 0ms wasted) in 0.0493308749999851s {"blockNumber":4,"successfulCount":1,"failedCount":0,"duration":0.0493308749999851,"rate":53784592.30655855,"totalPublicGas":{"daGas":3136,"l2Gas":2653241},"totalBlockGas":{"daGas":3136,"l2Gas":2653241},"totalSizeInBytes":3264,"silentlySkippedCount":0,"silentlySkippedDurationMs":0}
[23:33:48.673] INFO: simulator:public-processor Processed 1 successful txs and 0 failed txs (0 silently skipped, 0ms wasted) in 0.011055208000005224s {"blockNumber":5,"successfulCount":1,"failedCount":0,"duration":0.011055208000005224,"rate":10530602.409284836,"totalPublicGas":{"daGas":0,"l2Gas":116418},"totalBlockGas":{"daGas":0,"l2Gas":116418},"totalSizeInBytes":128,"silentlySkippedCount":0,"silentlySkippedDurationMs":0}
[billboard_test] Testing test_set_moderation_policy_by_censor ... [0m[32mok[0m
[billboard_test] Testing test_set_moderation_policy_fails_when_no_censor ... [0m[32mok[0m
[23:33:51.294] INFO: kv-store:lmdb-v2 Starting data store with maxReaders 2
[23:33:51.295] INFO: world-state:database Creating world state data store at directory /var/folders/ym/q1vh2x5n58xbsmpmvs5_6w3r0000gn/T/aztec-world-state-aUa9qF/world_state with map sizes {"archiveTreeMapSizeKb":10485760,"nullifierTreeMapSizeKb":10485760,"noteHashTreeMapSizeKb":10485760,"messageTreeMapSizeKb":10485760,"publicDataTreeMapSizeKb":10485760} and 1 threads (ephemeral=true).
[23:33:51.309] INFO: txe_node Aztec Node version: txe
[23:33:51.309] INFO: txe_node Aztec Node started on chain 0x1
[23:33:51.328] INFO: txe:top_level_context Created block 1 with timestamp 1789425231
[23:33:51.376] INFO: txe:top_level_context Created block 2 with timestamp 1789425231
[23:33:51.437] INFO: simulator:public-processor Processed 1 successful txs and 0 failed txs (0 silently skipped, 0ms wasted) in 0.010769415999995544s {"blockNumber":3,"successfulCount":1,"failedCount":0,"duration":0.010769415999995544,"rate":11744369.425422171,"totalPublicGas":{"daGas":0,"l2Gas":126480},"totalBlockGas":{"daGas":0,"l2Gas":126480},"totalSizeInBytes":128,"silentlySkippedCount":0,"silentlySkippedDurationMs":0}
[23:33:51.440] WARN: txe:top_level_context Could not find function artifact in contract Billboard for function '0x8f3f1c4d' when enriching error callstack
[billboard_test] Testing test_set_moderation_policy_rejects_non_censor ... [0m[32mok[0m
[23:33:54.058] INFO: kv-store:lmdb-v2 Starting data store with maxReaders 2
[23:33:54.059] INFO: world-state:database Creating world state data store at directory /var/folders/ym/q1vh2x5n58xbsmpmvs5_6w3r0000gn/T/aztec-world-state-98kZtn/world_state with map sizes {"archiveTreeMapSizeKb":10485760,"nullifierTreeMapSizeKb":10485760,"noteHashTreeMapSizeKb":10485760,"messageTreeMapSizeKb":10485760,"publicDataTreeMapSizeKb":10485760} and 1 threads (ephemeral=true).
[23:33:54.073] INFO: txe_node Aztec Node version: txe
[23:33:54.073] INFO: txe_node Aztec Node started on chain 0x1
[23:33:54.091] INFO: txe:top_level_context Created block 1 with timestamp 1789425234
[23:33:54.144] INFO: txe:top_level_context Created block 2 with timestamp 1789425234
[23:33:54.270] INFO: simulator:public-processor Processed 1 successful txs and 0 failed txs (0 silently skipped, 0ms wasted) in 0.08269891700000152s {"blockNumber":3,"successfulCount":1,"failedCount":0,"duration":0.08269891700000152,"rate":39181734.387161806,"totalPublicGas":{"daGas":4000,"l2Gas":3240287},"totalBlockGas":{"daGas":4000,"l2Gas":3240287},"totalSizeInBytes":4128,"silentlySkippedCount":0,"silentlySkippedDurationMs":0}
[23:33:54.330] INFO: simulator:public-processor Processed 1 successful txs and 0 failed txs (0 silently skipped, 0ms wasted) in 0.007873709000006784s {"blockNumber":4,"successfulCount":1,"failedCount":0,"duration":0.007873709000006784,"rate":5353639.561731794,"totalPublicGas":{"daGas":0,"l2Gas":42153},"totalBlockGas":{"daGas":0,"l2Gas":42153},"totalSizeInBytes":128,"silentlySkippedCount":0,"silentlySkippedDurationMs":0}
[23:33:54.333] WARN: txe:top_level_context Could not find function artifact in contract Billboard for function '0xca42e93e' when enriching error callstack
[23:33:56.851] INFO: kv-store:lmdb-v2 Starting data store with maxReaders 2
[23:33:56.852] INFO: world-state:database Creating world state data store at directory /var/folders/ym/q1vh2x5n58xbsmpmvs5_6w3r0000gn/T/aztec-world-state-4uDhAD/world_state with map sizes {"archiveTreeMapSizeKb":10485760,"nullifierTreeMapSizeKb":10485760,"noteHashTreeMapSizeKb":10485760,"messageTreeMapSizeKb":10485760,"publicDataTreeMapSizeKb":10485760} and 1 threads (ephemeral=true).
[23:33:56.866] INFO: txe_node Aztec Node version: txe
[23:33:56.866] INFO: txe_node Aztec Node started on chain 0x1
[23:33:56.884] INFO: txe:top_level_context Created block 1 with timestamp 1789425236
[23:33:56.935] INFO: txe:top_level_context Created block 2 with timestamp 1789425236
[23:33:57.059] INFO: simulator:public-processor Processed 1 successful txs and 0 failed txs (0 silently skipped, 0ms wasted) in 0.08142779099999461s {"blockNumber":3,"successfulCount":1,"failedCount":0,"duration":0.08142779099999461,"rate":39793379.63374463,"totalPublicGas":{"daGas":4000,"l2Gas":3240287},"totalBlockGas":{"daGas":4000,"l2Gas":3240287},"totalSizeInBytes":4128,"silentlySkippedCount":0,"silentlySkippedDurationMs":0}
[23:33:57.112] INFO: simulator:public-processor Processed 1 successful txs and 0 failed txs (0 silently skipped, 0ms wasted) in 0.00765525000001071s {"blockNumber":4,"successfulCount":1,"failedCount":0,"duration":0.00765525000001071,"rate":5555795.042610039,"totalPublicGas":{"daGas":0,"l2Gas":42531},"totalBlockGas":{"daGas":0,"l2Gas":42531},"totalSizeInBytes":128,"silentlySkippedCount":0,"silentlySkippedDurationMs":0}
[23:33:57.115] WARN: txe:top_level_context Could not find function artifact in contract Billboard for function '0xca42e93e' when enriching error callstack
[billboard_test] Testing test_set_moderation_policy_rejects_too_long ... [0m[32mok[0m
[billboard_test] Testing test_transfer_censor_fails_when_no_censor ... [0m[32mok[0m
[23:33:59.686] INFO: kv-store:lmdb-v2 Starting data store with maxReaders 2
[23:33:59.688] INFO: world-state:database Creating world state data store at directory /var/folders/ym/q1vh2x5n58xbsmpmvs5_6w3r0000gn/T/aztec-world-state-1Efo9c/world_state with map sizes {"archiveTreeMapSizeKb":10485760,"nullifierTreeMapSizeKb":10485760,"noteHashTreeMapSizeKb":10485760,"messageTreeMapSizeKb":10485760,"publicDataTreeMapSizeKb":10485760} and 1 threads (ephemeral=true).
[23:33:59.702] INFO: txe_node Aztec Node version: txe
[23:33:59.702] INFO: txe_node Aztec Node started on chain 0x1
[23:33:59.720] INFO: txe:top_level_context Created block 1 with timestamp 1789425239
[23:33:59.767] INFO: txe:top_level_context Created block 2 with timestamp 1789425239
[23:33:59.820] INFO: simulator:public-processor Processed 1 successful txs and 0 failed txs (0 silently skipped, 0ms wasted) in 0.008945625000022118s {"blockNumber":3,"successfulCount":1,"failedCount":0,"duration":0.008945625000022118,"rate":14138754.977957077,"totalPublicGas":{"daGas":0,"l2Gas":126480},"totalBlockGas":{"daGas":0,"l2Gas":126480},"totalSizeInBytes":128,"silentlySkippedCount":0,"silentlySkippedDurationMs":0}
[23:33:59.822] WARN: txe:top_level_context Could not find function artifact in contract Billboard for function '0x8f3f1c4d' when enriching error callstack
[billboard_test] Testing test_transfer_censor_old_censor_loses_rights ... [0m[32mok[0m
[23:34:02.367] INFO: kv-store:lmdb-v2 Starting data store with maxReaders 2
[23:34:02.368] INFO: world-state:database Creating world state data store at directory /var/folders/ym/q1vh2x5n58xbsmpmvs5_6w3r0000gn/T/aztec-world-state-mGTAYJ/world_state with map sizes {"archiveTreeMapSizeKb":10485760,"nullifierTreeMapSizeKb":10485760,"noteHashTreeMapSizeKb":10485760,"messageTreeMapSizeKb":10485760,"publicDataTreeMapSizeKb":10485760} and 1 threads (ephemeral=true).
[23:34:02.381] INFO: txe_node Aztec Node version: txe
[23:34:02.381] INFO: txe_node Aztec Node started on chain 0x1
[23:34:02.400] INFO: txe:top_level_context Created block 1 with timestamp 1789425242
[23:34:02.452] INFO: txe:top_level_context Created block 2 with timestamp 1789425242
[23:34:02.577] INFO: simulator:public-processor Processed 1 successful txs and 0 failed txs (0 silently skipped, 0ms wasted) in 0.08169720799999777s {"blockNumber":3,"successfulCount":1,"failedCount":0,"duration":0.08169720799999777,"rate":39662151.00031433,"totalPublicGas":{"daGas":4000,"l2Gas":3240287},"totalBlockGas":{"daGas":4000,"l2Gas":3240287},"totalSizeInBytes":4128,"silentlySkippedCount":0,"silentlySkippedDurationMs":0}
[23:34:02.641] INFO: simulator:public-processor Processed 1 successful txs and 0 failed txs (0 silently skipped, 0ms wasted) in 0.00782620800001314s {"blockNumber":4,"successfulCount":1,"failedCount":0,"duration":0.00782620800001314,"rate":5238041.20717609,"totalPublicGas":{"daGas":64,"l2Gas":40994},"totalBlockGas":{"daGas":64,"l2Gas":40994},"totalSizeInBytes":192,"silentlySkippedCount":0,"silentlySkippedDurationMs":0}
[23:34:02.689] INFO: simulator:public-processor Processed 1 successful txs and 0 failed txs (0 silently skipped, 0ms wasted) in 0.007463917000015499s {"blockNumber":5,"successfulCount":1,"failedCount":0,"duration":0.007463917000015499,"rate":1024529.0776926003,"totalPublicGas":{"daGas":0,"l2Gas":7647},"totalBlockGas":{"daGas":0,"l2Gas":7647},"totalSizeInBytes":128,"silentlySkippedCount":0,"silentlySkippedDurationMs":0}
[23:34:02.692] WARN: txe:top_level_context Could not find function artifact in contract Billboard for function '0xb6932320' when enriching error callstack
[23:34:05.207] INFO: kv-store:lmdb-v2 Starting data store with maxReaders 2
[23:34:05.208] INFO: world-state:database Creating world state data store at directory /var/folders/ym/q1vh2x5n58xbsmpmvs5_6w3r0000gn/T/aztec-world-state-fEFYLE/world_state with map sizes {"archiveTreeMapSizeKb":10485760,"nullifierTreeMapSizeKb":10485760,"noteHashTreeMapSizeKb":10485760,"messageTreeMapSizeKb":10485760,"publicDataTreeMapSizeKb":10485760} and 1 threads (ephemeral=true).
[23:34:05.224] INFO: txe_node Aztec Node version: txe
[23:34:05.224] INFO: txe_node Aztec Node started on chain 0x1
[23:34:05.250] INFO: txe:top_level_context Created block 1 with timestamp 1789425245
[23:34:05.302] INFO: txe:top_level_context Created block 2 with timestamp 1789425245
[23:34:05.427] INFO: simulator:public-processor Processed 1 successful txs and 0 failed txs (0 silently skipped, 0ms wasted) in 0.08226399999999558s {"blockNumber":3,"successfulCount":1,"failedCount":0,"duration":0.08226399999999558,"rate":39388882.13556567,"totalPublicGas":{"daGas":4000,"l2Gas":3240287},"totalBlockGas":{"daGas":4000,"l2Gas":3240287},"totalSizeInBytes":4128,"silentlySkippedCount":0,"silentlySkippedDurationMs":0}
[23:34:05.490] INFO: simulator:public-processor Processed 1 successful txs and 0 failed txs (0 silently skipped, 0ms wasted) in 0.00709516700002132s {"blockNumber":4,"successfulCount":1,"failedCount":0,"duration":0.00709516700002132,"rate":1077775.9001270896,"totalPublicGas":{"daGas":0,"l2Gas":7647},"totalBlockGas":{"daGas":0,"l2Gas":7647},"totalSizeInBytes":128,"silentlySkippedCount":0,"silentlySkippedDurationMs":0}
[23:34:05.493] WARN: txe:top_level_context Could not find function artifact in contract Billboard for function '0xb6932320' when enriching error callstack
[billboard_test] Testing test_transfer_censor_rejects_non_censor ... [0m[32mok[0m
[billboard_test] Testing test_transfer_censor_rejects_zero_address ... [0m[32mok[0m
[23:34:08.039] INFO: kv-store:lmdb-v2 Starting data store with maxReaders 2
[23:34:08.039] INFO: world-state:database Creating world state data store at directory /var/folders/ym/q1vh2x5n58xbsmpmvs5_6w3r0000gn/T/aztec-world-state-VtSsL4/world_state with map sizes {"archiveTreeMapSizeKb":10485760,"nullifierTreeMapSizeKb":10485760,"noteHashTreeMapSizeKb":10485760,"messageTreeMapSizeKb":10485760,"publicDataTreeMapSizeKb":10485760} and 1 threads (ephemeral=true).
[23:34:08.053] INFO: txe_node Aztec Node version: txe
[23:34:08.053] INFO: txe_node Aztec Node started on chain 0x1
[23:34:08.072] INFO: txe:top_level_context Created block 1 with timestamp 1789425248
[23:34:08.124] INFO: txe:top_level_context Created block 2 with timestamp 1789425248
[23:34:08.253] INFO: simulator:public-processor Processed 1 successful txs and 0 failed txs (0 silently skipped, 0ms wasted) in 0.08540637499996229s {"blockNumber":3,"successfulCount":1,"failedCount":0,"duration":0.08540637499996229,"rate":37939638.5808604,"totalPublicGas":{"daGas":4000,"l2Gas":3240287},"totalBlockGas":{"daGas":4000,"l2Gas":3240287},"totalSizeInBytes":4128,"silentlySkippedCount":0,"silentlySkippedDurationMs":0}
[23:34:08.310] INFO: simulator:public-processor Processed 1 successful txs and 0 failed txs (0 silently skipped, 0ms wasted) in 0.007949499999987893s {"blockNumber":4,"successfulCount":1,"failedCount":0,"duration":0.007949499999987893,"rate":969117.554564656,"totalPublicGas":{"daGas":0,"l2Gas":7704},"totalBlockGas":{"daGas":0,"l2Gas":7704},"totalSizeInBytes":128,"silentlySkippedCount":0,"silentlySkippedDurationMs":0}
[23:34:08.312] WARN: txe:top_level_context Could not find function artifact in contract Billboard for function '0xb6932320' when enriching error callstack
[billboard_test] Testing test_transfer_censor_success ... [0m[32mok[0m
[23:34:10.929] INFO: kv-store:lmdb-v2 Starting data store with maxReaders 2
[23:34:10.930] INFO: world-state:database Creating world state data store at directory /var/folders/ym/q1vh2x5n58xbsmpmvs5_6w3r0000gn/T/aztec-world-state-IfJdZ0/world_state with map sizes {"archiveTreeMapSizeKb":10485760,"nullifierTreeMapSizeKb":10485760,"noteHashTreeMapSizeKb":10485760,"messageTreeMapSizeKb":10485760,"publicDataTreeMapSizeKb":10485760} and 1 threads (ephemeral=true).
[23:34:10.943] INFO: txe_node Aztec Node version: txe
[23:34:10.943] INFO: txe_node Aztec Node started on chain 0x1
[23:34:10.961] INFO: txe:top_level_context Created block 1 with timestamp 1789425250
[23:34:11.013] INFO: txe:top_level_context Created block 2 with timestamp 1789425250
[23:34:11.140] INFO: simulator:public-processor Processed 1 successful txs and 0 failed txs (0 silently skipped, 0ms wasted) in 0.0828910840000026s {"blockNumber":3,"successfulCount":1,"failedCount":0,"duration":0.0828910840000026,"rate":39090899.088735506,"totalPublicGas":{"daGas":4000,"l2Gas":3240287},"totalBlockGas":{"daGas":4000,"l2Gas":3240287},"totalSizeInBytes":4128,"silentlySkippedCount":0,"silentlySkippedDurationMs":0}
[23:34:11.200] INFO: simulator:public-processor Processed 1 successful txs and 0 failed txs (0 silently skipped, 0ms wasted) in 0.00765545799996471s {"blockNumber":4,"successfulCount":1,"failedCount":0,"duration":0.00765545799996471,"rate":5354872.301590444,"totalPublicGas":{"daGas":64,"l2Gas":40994},"totalBlockGas":{"daGas":64,"l2Gas":40994},"totalSizeInBytes":192,"silentlySkippedCount":0,"silentlySkippedDurationMs":0}
[23:34:11.249] INFO: simulator:public-processor Processed 1 successful txs and 0 failed txs (0 silently skipped, 0ms wasted) in 0.0067566660000011325s {"blockNumber":5,"successfulCount":1,"failedCount":0,"duration":0.0067566660000011325,"rate":1284065.24756419,"totalPublicGas":{"daGas":0,"l2Gas":8676},"totalBlockGas":{"daGas":0,"l2Gas":8676},"totalSizeInBytes":128,"silentlySkippedCount":0,"silentlySkippedDurationMs":0}
[billboard_test] Testing test_withdraw_msg_hash_deterministic ... [0m[32mok[0m
[billboard_test] Testing test_withdraw_msg_hash_differs_from_deposit_hash ... [0m[32mok[0m
[23:34:18.913] INFO: kv-store:lmdb-v2 Starting data store with maxReaders 2
[23:34:18.914] INFO: world-state:database Creating world state data store at directory /var/folders/ym/q1vh2x5n58xbsmpmvs5_6w3r0000gn/T/aztec-world-state-kIXKRi/world_state with map sizes {"archiveTreeMapSizeKb":10485760,"nullifierTreeMapSizeKb":10485760,"noteHashTreeMapSizeKb":10485760,"messageTreeMapSizeKb":10485760,"publicDataTreeMapSizeKb":10485760} and 1 threads (ephemeral=true).
[23:34:18.928] INFO: txe_node Aztec Node version: txe
[23:34:18.928] INFO: txe_node Aztec Node started on chain 0x1
[23:34:18.946] INFO: txe:top_level_context Created block 1 with timestamp 1789425258
[23:34:19.004] INFO: txe:top_level_context Created block 2 with timestamp 1789425258
[23:34:19.132] INFO: simulator:public-processor Processed 1 successful txs and 0 failed txs (0 silently skipped, 0ms wasted) in 0.08342387499997858s {"blockNumber":3,"successfulCount":1,"failedCount":0,"duration":0.08342387499997858,"rate":38841242.989501886,"totalPublicGas":{"daGas":4000,"l2Gas":3240287},"totalBlockGas":{"daGas":4000,"l2Gas":3240287},"totalSizeInBytes":4128,"silentlySkippedCount":0,"silentlySkippedDurationMs":0}
[23:34:19.318] INFO: simulator:public-processor Processed 1 successful txs and 0 failed txs (0 silently skipped, 0ms wasted) in 0.02274479099997552s {"blockNumber":4,"successfulCount":1,"failedCount":0,"duration":0.02274479099997552,"rate":50126422.35319846,"totalPublicGas":{"daGas":192,"l2Gas":1140115},"totalBlockGas":{"daGas":320,"l2Gas":1730915},"totalSizeInBytes":320,"silentlySkippedCount":0,"silentlySkippedDurationMs":0}
[23:34:19.364] INFO: txe:top_level_context Created block 5 with timestamp 1789425258
[23:34:19.606] INFO: simulator:public-processor Processed 1 successful txs and 0 failed txs (0 silently skipped, 0ms wasted) in 0.007121499999950175s {"blockNumber":6,"successfulCount":1,"failedCount":0,"duration":0.007121499999950175,"rate":0,"totalPublicGas":{"daGas":0,"l2Gas":0},"totalBlockGas":{"daGas":1984,"l2Gas":529900},"totalSizeInBytes":1984,"silentlySkippedCount":0,"silentlySkippedDurationMs":0}
[23:34:19.654] INFO: txe:top_level_context Created block 7 with timestamp 1789425358
[billboard_test] Testing test_withdraw_no_posts_too_early ... [0m[32mok[0m
[23:34:22.496] INFO: kv-store:lmdb-v2 Starting data store with maxReaders 2
[23:34:22.497] INFO: world-state:database Creating world state data store at directory /var/folders/ym/q1vh2x5n58xbsmpmvs5_6w3r0000gn/T/aztec-world-state-Nx9Wvn/world_state with map sizes {"archiveTreeMapSizeKb":10485760,"nullifierTreeMapSizeKb":10485760,"noteHashTreeMapSizeKb":10485760,"messageTreeMapSizeKb":10485760,"publicDataTreeMapSizeKb":10485760} and 1 threads (ephemeral=true).
[23:34:22.511] INFO: txe_node Aztec Node version: txe
[23:34:22.511] INFO: txe_node Aztec Node started on chain 0x1
[23:34:22.529] INFO: txe:top_level_context Created block 1 with timestamp 1789425262
[23:34:22.586] INFO: txe:top_level_context Created block 2 with timestamp 1789425262
[23:34:22.711] INFO: simulator:public-processor Processed 1 successful txs and 0 failed txs (0 silently skipped, 0ms wasted) in 0.08280391700001201s {"blockNumber":3,"successfulCount":1,"failedCount":0,"duration":0.08280391700001201,"rate":39132049.75556325,"totalPublicGas":{"daGas":4000,"l2Gas":3240287},"totalBlockGas":{"daGas":4000,"l2Gas":3240287},"totalSizeInBytes":4128,"silentlySkippedCount":0,"silentlySkippedDurationMs":0}
[23:34:22.899] INFO: simulator:public-processor Processed 1 successful txs and 0 failed txs (0 silently skipped, 0ms wasted) in 0.022300125000008848s {"blockNumber":4,"successfulCount":1,"failedCount":0,"duration":0.022300125000008848,"rate":51125946.60341804,"totalPublicGas":{"daGas":192,"l2Gas":1140115},"totalBlockGas":{"daGas":320,"l2Gas":1730915},"totalSizeInBytes":320,"silentlySkippedCount":0,"silentlySkippedDurationMs":0}
[23:34:22.945] INFO: txe:top_level_context Created block 5 with timestamp 1789425262
[23:34:23.182] INFO: simulator:public-processor Processed 1 successful txs and 0 failed txs (0 silently skipped, 0ms wasted) in 0.0067741669999668375s {"blockNumber":6,"successfulCount":1,"failedCount":0,"duration":0.0067741669999668375,"rate":0,"totalPublicGas":{"daGas":0,"l2Gas":0},"totalBlockGas":{"daGas":1984,"l2Gas":529900},"totalSizeInBytes":1984,"silentlySkippedCount":0,"silentlySkippedDurationMs":0}
[23:34:23.229] INFO: txe:top_level_context Created block 7 with timestamp 1789428863
[23:34:23.849] INFO: simulator:public-processor Processed 1 successful txs and 0 failed txs (0 silently skipped, 0ms wasted) in 0.04423912500002189s {"blockNumber":8,"successfulCount":1,"failedCount":0,"duration":0.04423912500002189,"rate":27065883.42331381,"totalPublicGas":{"daGas":2176,"l2Gas":1197371},"totalBlockGas":{"daGas":3552,"l2Gas":1924121},"totalSizeInBytes":3552,"silentlySkippedCount":0,"silentlySkippedDurationMs":0}
[23:34:23.900] INFO: txe:top_level_context Created block 9 with timestamp 1789432464
[23:34:24.505] INFO: simulator:public-processor Processed 1 successful txs and 0 failed txs (0 silently skipped, 0ms wasted) in 0.013865792000025976s {"blockNumber":10,"successfulCount":1,"failedCount":0,"duration":0.013865792000025976,"rate":6970103.114183377,"totalPublicGas":{"daGas":128,"l2Gas":96646},"totalBlockGas":{"daGas":1504,"l2Gas":823396},"totalSizeInBytes":1504,"silentlySkippedCount":0,"silentlySkippedDurationMs":0}
[23:34:25.006] INFO: txe:top_level_context Created block 11 with timestamp 1789436062
[23:34:25.202] INFO: simulator:public-processor Processed 1 successful txs and 0 failed txs (0 silently skipped, 0ms wasted) in 0.0059002919999766165s {"blockNumber":12,"successfulCount":1,"failedCount":0,"duration":0.0059002919999766165,"rate":0,"totalPublicGas":{"daGas":0,"l2Gas":0},"totalBlockGas":{"daGas":256,"l2Gas":477200},"totalSizeInBytes":256,"silentlySkippedCount":0,"silentlySkippedDurationMs":0}
[billboard_test] Testing test_withdraw_succeeds_after_dummy_post ... [0m[32mok[0m
[23:34:28.297] INFO: kv-store:lmdb-v2 Starting data store with maxReaders 2
[23:34:28.298] INFO: world-state:database Creating world state data store at directory /var/folders/ym/q1vh2x5n58xbsmpmvs5_6w3r0000gn/T/aztec-world-state-W4JcDO/world_state with map sizes {"archiveTreeMapSizeKb":10485760,"nullifierTreeMapSizeKb":10485760,"noteHashTreeMapSizeKb":10485760,"messageTreeMapSizeKb":10485760,"publicDataTreeMapSizeKb":10485760} and 1 threads (ephemeral=true).
[23:34:28.311] INFO: txe_node Aztec Node version: txe
[23:34:28.311] INFO: txe_node Aztec Node started on chain 0x1
[23:34:28.330] INFO: txe:top_level_context Created block 1 with timestamp 1789425268
[23:34:28.388] INFO: txe:top_level_context Created block 2 with timestamp 1789425268
[23:34:28.517] INFO: simulator:public-processor Processed 1 successful txs and 0 failed txs (0 silently skipped, 0ms wasted) in 0.08443008299998474s {"blockNumber":3,"successfulCount":1,"failedCount":0,"duration":0.08443008299998474,"rate":38378346.73217822,"totalPublicGas":{"daGas":4000,"l2Gas":3240287},"totalBlockGas":{"daGas":4000,"l2Gas":3240287},"totalSizeInBytes":4128,"silentlySkippedCount":0,"silentlySkippedDurationMs":0}
[23:34:28.713] INFO: simulator:public-processor Processed 1 successful txs and 0 failed txs (0 silently skipped, 0ms wasted) in 0.02240729200001806s {"blockNumber":4,"successfulCount":1,"failedCount":0,"duration":0.02240729200001806,"rate":50881427.34959142,"totalPublicGas":{"daGas":192,"l2Gas":1140115},"totalBlockGas":{"daGas":320,"l2Gas":1730915},"totalSizeInBytes":320,"silentlySkippedCount":0,"silentlySkippedDurationMs":0}
[23:34:28.759] INFO: txe:top_level_context Created block 5 with timestamp 1789425268
[23:34:28.998] INFO: simulator:public-processor Processed 1 successful txs and 0 failed txs (0 silently skipped, 0ms wasted) in 0.007028458000044338s {"blockNumber":6,"successfulCount":1,"failedCount":0,"duration":0.007028458000044338,"rate":0,"totalPublicGas":{"daGas":0,"l2Gas":0},"totalBlockGas":{"daGas":1984,"l2Gas":529900},"totalSizeInBytes":1984,"silentlySkippedCount":0,"silentlySkippedDurationMs":0}
[23:34:29.044] INFO: txe:top_level_context Created block 7 with timestamp 1789428869
[billboard_test] Testing test_withdraw_unscreened_real_posts ... [0m[32mok[0m
[23:34:29.662] INFO: simulator:public-processor Processed 1 successful txs and 0 failed txs (0 silently skipped, 0ms wasted) in 0.04389479200000642s {"blockNumber":8,"successfulCount":1,"failedCount":0,"duration":0.04389479200000642,"rate":27278201.93338255,"totalPublicGas":{"daGas":2176,"l2Gas":1197371},"totalBlockGas":{"daGas":3552,"l2Gas":1924121},"totalSizeInBytes":3552,"silentlySkippedCount":0,"silentlySkippedDurationMs":0}
[billboard_test] Testing c01::c01_binding_rejects_direct_nonself_public_call ... [0m[32mok[0m
[23:34:32.393] INFO: kv-store:lmdb-v2 Starting data store with maxReaders 2
[23:34:32.394] INFO: world-state:database Creating world state data store at directory /var/folders/ym/q1vh2x5n58xbsmpmvs5_6w3r0000gn/T/aztec-world-state-8M4lc5/world_state with map sizes {"archiveTreeMapSizeKb":10485760,"nullifierTreeMapSizeKb":10485760,"noteHashTreeMapSizeKb":10485760,"messageTreeMapSizeKb":10485760,"publicDataTreeMapSizeKb":10485760} and 1 threads (ephemeral=true).
[23:34:32.408] INFO: txe_node Aztec Node version: txe
[23:34:32.408] INFO: txe_node Aztec Node started on chain 0x1
[23:34:32.426] INFO: txe:top_level_context Created block 1 with timestamp 1789425272
[23:34:32.478] INFO: txe:top_level_context Created block 2 with timestamp 1789425272
[23:34:32.603] INFO: simulator:public-processor Processed 1 successful txs and 0 failed txs (0 silently skipped, 0ms wasted) in 0.08204408300004434s {"blockNumber":3,"successfulCount":1,"failedCount":0,"duration":0.08204408300004434,"rate":39494462.99495173,"totalPublicGas":{"daGas":4000,"l2Gas":3240287},"totalBlockGas":{"daGas":4000,"l2Gas":3240287},"totalSizeInBytes":4128,"silentlySkippedCount":0,"silentlySkippedDurationMs":0}
[23:34:32.656] INFO: simulator:public-processor Processed 1 successful txs and 0 failed txs (0 silently skipped, 0ms wasted) in 0.007018332999956328s {"blockNumber":4,"successfulCount":1,"failedCount":0,"duration":0.007018332999956328,"rate":1401614.884910877,"totalPublicGas":{"daGas":0,"l2Gas":9837},"totalBlockGas":{"daGas":0,"l2Gas":9837},"totalSizeInBytes":128,"silentlySkippedCount":0,"silentlySkippedDurationMs":0}
[23:34:32.679] INFO: simulator:public-processor Processed 1 successful txs and 0 failed txs (0 silently skipped, 0ms wasted) in 0.007664082999981474s {"blockNumber":4,"successfulCount":1,"failedCount":0,"duration":0.007664082999981474,"rate":442322.97588742117,"totalPublicGas":{"daGas":0,"l2Gas":3390},"totalBlockGas":{"daGas":0,"l2Gas":3390},"totalSizeInBytes":128,"silentlySkippedCount":0,"silentlySkippedDurationMs":0}
[23:34:32.681] WARN: txe:top_level_context Could not find function artifact in contract Billboard for function '0x5b6267a4' when enriching error callstack
[billboard_test] Testing c01::c01_binding_rejects_second_binding ... [0m[32mok[0m
[23:34:35.207] INFO: kv-store:lmdb-v2 Starting data store with maxReaders 2
[23:34:35.208] INFO: world-state:database Creating world state data store at directory /var/folders/ym/q1vh2x5n58xbsmpmvs5_6w3r0000gn/T/aztec-world-state-f8izNS/world_state with map sizes {"archiveTreeMapSizeKb":10485760,"nullifierTreeMapSizeKb":10485760,"noteHashTreeMapSizeKb":10485760,"messageTreeMapSizeKb":10485760,"publicDataTreeMapSizeKb":10485760} and 1 threads (ephemeral=true).
[23:34:35.221] INFO: txe_node Aztec Node version: txe
[23:34:35.221] INFO: txe_node Aztec Node started on chain 0x1
[23:34:35.239] INFO: txe:top_level_context Created block 1 with timestamp 1789425275
[23:34:35.290] INFO: txe:top_level_context Created block 2 with timestamp 1789425275
[23:34:35.415] INFO: simulator:public-processor Processed 1 successful txs and 0 failed txs (0 silently skipped, 0ms wasted) in 0.0821246669999673s {"blockNumber":3,"successfulCount":1,"failedCount":0,"duration":0.0821246669999673,"rate":39455709.452085696,"totalPublicGas":{"daGas":4000,"l2Gas":3240287},"totalBlockGas":{"daGas":4000,"l2Gas":3240287},"totalSizeInBytes":4128,"silentlySkippedCount":0,"silentlySkippedDurationMs":0}
[23:34:35.578] INFO: simulator:public-processor Processed 1 successful txs and 0 failed txs (0 silently skipped, 0ms wasted) in 0.02214258400001563s {"blockNumber":4,"successfulCount":1,"failedCount":0,"duration":0.02214258400001563,"rate":51489699.666452445,"totalPublicGas":{"daGas":192,"l2Gas":1140115},"totalBlockGas":{"daGas":320,"l2Gas":1730915},"totalSizeInBytes":320,"silentlySkippedCount":0,"silentlySkippedDurationMs":0}
[23:34:35.627] INFO: simulator:public-processor Processed 1 successful txs and 0 failed txs (0 silently skipped, 0ms wasted) in 0.006892290999996476s {"blockNumber":5,"successfulCount":1,"failedCount":0,"duration":0.006892290999996476,"rate":1427246.7601854056,"totalPublicGas":{"daGas":0,"l2Gas":9837},"totalBlockGas":{"daGas":0,"l2Gas":9837},"totalSizeInBytes":128,"silentlySkippedCount":0,"silentlySkippedDurationMs":0}
[23:34:35.649] INFO: simulator:public-processor Processed 1 successful txs and 0 failed txs (0 silently skipped, 0ms wasted) in 0.006733583999972325s {"blockNumber":5,"successfulCount":1,"failedCount":0,"duration":0.006733583999972325,"rate":1641325.0358271946,"totalPublicGas":{"daGas":0,"l2Gas":11052},"totalBlockGas":{"daGas":0,"l2Gas":11052},"totalSizeInBytes":128,"silentlySkippedCount":0,"silentlySkippedDurationMs":0}
[23:34:35.766] INFO: simulator:public-processor Processed 1 successful txs and 0 failed txs (0 silently skipped, 0ms wasted) in 0.00693929200002458s {"blockNumber":5,"successfulCount":1,"failedCount":0,"duration":0.00693929200002458,"rate":780771.2948209714,"totalPublicGas":{"daGas":0,"l2Gas":5418},"totalBlockGas":{"daGas":128,"l2Gas":596218},"totalSizeInBytes":128,"silentlySkippedCount":0,"silentlySkippedDurationMs":0}
[23:34:35.768] WARN: txe:top_level_context Could not find function artifact in contract Billboard for function '0x5b6267a4' when enriching error callstack
[billboard_test] Testing c01::c01_binding_rejects_unauthorized_private_caller ... [0m[32mok[0m
[23:34:38.326] INFO: kv-store:lmdb-v2 Starting data store with maxReaders 2
[23:34:38.327] INFO: world-state:database Creating world state data store at directory /var/folders/ym/q1vh2x5n58xbsmpmvs5_6w3r0000gn/T/aztec-world-state-m6X6uJ/world_state with map sizes {"archiveTreeMapSizeKb":10485760,"nullifierTreeMapSizeKb":10485760,"noteHashTreeMapSizeKb":10485760,"messageTreeMapSizeKb":10485760,"publicDataTreeMapSizeKb":10485760} and 1 threads (ephemeral=true).
[23:34:38.340] INFO: txe_node Aztec Node version: txe
[23:34:38.340] INFO: txe_node Aztec Node started on chain 0x1
[23:34:38.359] INFO: txe:top_level_context Created block 1 with timestamp 1789425278
[23:34:38.412] INFO: txe:top_level_context Created block 2 with timestamp 1789425278
[23:34:38.540] INFO: simulator:public-processor Processed 1 successful txs and 0 failed txs (0 silently skipped, 0ms wasted) in 0.08418858399998862s {"blockNumber":3,"successfulCount":1,"failedCount":0,"duration":0.08418858399998862,"rate":38488436.86455682,"totalPublicGas":{"daGas":4000,"l2Gas":3240287},"totalBlockGas":{"daGas":4000,"l2Gas":3240287},"totalSizeInBytes":4128,"silentlySkippedCount":0,"silentlySkippedDurationMs":0}
[23:34:38.599] INFO: simulator:public-processor Processed 1 successful txs and 0 failed txs (0 silently skipped, 0ms wasted) in 0.007046166000014636s {"blockNumber":4,"successfulCount":1,"failedCount":0,"duration":0.007046166000014636,"rate":1396078.3779405092,"totalPublicGas":{"daGas":0,"l2Gas":9837},"totalBlockGas":{"daGas":0,"l2Gas":9837},"totalSizeInBytes":128,"silentlySkippedCount":0,"silentlySkippedDurationMs":0}
[23:34:41.235] INFO: kv-store:lmdb-v2 Starting data store with maxReaders 2
[23:34:41.236] INFO: world-state:database Creating world state data store at directory /var/folders/ym/q1vh2x5n58xbsmpmvs5_6w3r0000gn/T/aztec-world-state-b7eSow/world_state with map sizes {"archiveTreeMapSizeKb":10485760,"nullifierTreeMapSizeKb":10485760,"noteHashTreeMapSizeKb":10485760,"messageTreeMapSizeKb":10485760,"publicDataTreeMapSizeKb":10485760} and 1 threads (ephemeral=true).
[23:34:41.249] INFO: txe_node Aztec Node version: txe
[23:34:41.249] INFO: txe_node Aztec Node started on chain 0x1
[23:34:41.267] INFO: txe:top_level_context Created block 1 with timestamp 1789425281
[23:34:41.318] INFO: txe:top_level_context Created block 2 with timestamp 1789425281
[23:34:41.442] INFO: simulator:public-processor Processed 1 successful txs and 0 failed txs (0 silently skipped, 0ms wasted) in 0.08123595900001238s {"blockNumber":3,"successfulCount":1,"failedCount":0,"duration":0.08123595900001238,"rate":39887348.40933565,"totalPublicGas":{"daGas":4000,"l2Gas":3240287},"totalBlockGas":{"daGas":4000,"l2Gas":3240287},"totalSizeInBytes":4128,"silentlySkippedCount":0,"silentlySkippedDurationMs":0}
[23:34:41.495] INFO: simulator:public-processor Processed 1 successful txs and 0 failed txs (0 silently skipped, 0ms wasted) in 0.006665709000022616s {"blockNumber":4,"successfulCount":1,"failedCount":0,"duration":0.006665709000022616,"rate":1475761.9932053175,"totalPublicGas":{"daGas":0,"l2Gas":9837},"totalBlockGas":{"daGas":0,"l2Gas":9837},"totalSizeInBytes":128,"silentlySkippedCount":0,"silentlySkippedDurationMs":0}
[billboard_test] Testing c01::c01_binding_rejects_zero_portal ... [0m[32mok[0m
[23:34:44.166] INFO: kv-store:lmdb-v2 Starting data store with maxReaders 2
[23:34:44.167] INFO: world-state:database Creating world state data store at directory /var/folders/ym/q1vh2x5n58xbsmpmvs5_6w3r0000gn/T/aztec-world-state-X3PiCA/world_state with map sizes {"archiveTreeMapSizeKb":10485760,"nullifierTreeMapSizeKb":10485760,"noteHashTreeMapSizeKb":10485760,"messageTreeMapSizeKb":10485760,"publicDataTreeMapSizeKb":10485760} and 1 threads (ephemeral=true).
[23:34:44.181] INFO: txe_node Aztec Node version: txe
[23:34:44.181] INFO: txe_node Aztec Node started on chain 0x1
[23:34:44.199] INFO: txe:top_level_context Created block 1 with timestamp 1789425284
[23:34:44.255] INFO: txe:top_level_context Created block 2 with timestamp 1789425284
[23:34:44.381] INFO: simulator:public-processor Processed 1 successful txs and 0 failed txs (0 silently skipped, 0ms wasted) in 0.08237762499996461s {"blockNumber":3,"successfulCount":1,"failedCount":0,"duration":0.08237762499996461,"rate":39334552.31322088,"totalPublicGas":{"daGas":4000,"l2Gas":3240287},"totalBlockGas":{"daGas":4000,"l2Gas":3240287},"totalSizeInBytes":4128,"silentlySkippedCount":0,"silentlySkippedDurationMs":0}
[23:34:44.561] INFO: simulator:public-processor Processed 1 successful txs and 0 failed txs (0 silently skipped, 0ms wasted) in 0.022360958000004757s {"blockNumber":4,"successfulCount":1,"failedCount":0,"duration":0.022360958000004757,"rate":50986858.43422976,"totalPublicGas":{"daGas":192,"l2Gas":1140115},"totalBlockGas":{"daGas":320,"l2Gas":1730915},"totalSizeInBytes":320,"silentlySkippedCount":0,"silentlySkippedDurationMs":0}
[23:34:44.607] INFO: txe:top_level_context Created block 5 with timestamp 1789425284
[23:34:44.839] INFO: simulator:public-processor Processed 1 successful txs and 0 failed txs (0 silently skipped, 0ms wasted) in 0.006980416999955196s {"blockNumber":6,"successfulCount":1,"failedCount":0,"duration":0.006980416999955196,"rate":0,"totalPublicGas":{"daGas":0,"l2Gas":0},"totalBlockGas":{"daGas":1984,"l2Gas":529900},"totalSizeInBytes":1984,"silentlySkippedCount":0,"silentlySkippedDurationMs":0}
[billboard_test] Testing c01::c01_claim_delivers_exact_v1_receipt_and_initial_eligibility ... [0m[32mok[0m
[billboard_test] Testing c01::c01_claim_rejects_amount_above_configuration ... [0m[32mok[0m
[23:34:47.973] INFO: kv-store:lmdb-v2 Starting data store with maxReaders 2
[23:34:47.974] INFO: world-state:database Creating world state data store at directory /var/folders/ym/q1vh2x5n58xbsmpmvs5_6w3r0000gn/T/aztec-world-state-xLqSmD/world_state with map sizes {"archiveTreeMapSizeKb":10485760,"nullifierTreeMapSizeKb":10485760,"noteHashTreeMapSizeKb":10485760,"messageTreeMapSizeKb":10485760,"publicDataTreeMapSizeKb":10485760} and 1 threads (ephemeral=true).
[23:34:47.991] INFO: txe_node Aztec Node version: txe
[23:34:47.991] INFO: txe_node Aztec Node started on chain 0x1
[23:34:48.014] INFO: txe:top_level_context Created block 1 with timestamp 1789425287
[23:34:48.077] INFO: txe:top_level_context Created block 2 with timestamp 1789425287
[23:34:48.203] INFO: simulator:public-processor Processed 1 successful txs and 0 failed txs (0 silently skipped, 0ms wasted) in 0.08254708400001982s {"blockNumber":3,"successfulCount":1,"failedCount":0,"duration":0.08254708400001982,"rate":39253803.320287146,"totalPublicGas":{"daGas":4000,"l2Gas":3240287},"totalBlockGas":{"daGas":4000,"l2Gas":3240287},"totalSizeInBytes":4128,"silentlySkippedCount":0,"silentlySkippedDurationMs":0}
[23:34:48.391] INFO: simulator:public-processor Processed 1 successful txs and 0 failed txs (0 silently skipped, 0ms wasted) in 0.02173499999998603s {"blockNumber":4,"successfulCount":1,"failedCount":0,"duration":0.02173499999998603,"rate":52455256.49876848,"totalPublicGas":{"daGas":192,"l2Gas":1140115},"totalBlockGas":{"daGas":320,"l2Gas":1730915},"totalSizeInBytes":320,"silentlySkippedCount":0,"silentlySkippedDurationMs":0}
[billboard_test] Testing c01::c01_claim_rejects_changed_in_range_amount ... [0m[32mok[0m
[23:34:51.108] INFO: kv-store:lmdb-v2 Starting data store with maxReaders 2
[23:34:51.109] INFO: world-state:database Creating world state data store at directory /var/folders/ym/q1vh2x5n58xbsmpmvs5_6w3r0000gn/T/aztec-world-state-qZpNxQ/world_state with map sizes {"archiveTreeMapSizeKb":10485760,"nullifierTreeMapSizeKb":10485760,"noteHashTreeMapSizeKb":10485760,"messageTreeMapSizeKb":10485760,"publicDataTreeMapSizeKb":10485760} and 1 threads (ephemeral=true).
[23:34:51.123] INFO: txe_node Aztec Node version: txe
[23:34:51.123] INFO: txe_node Aztec Node started on chain 0x1
[23:34:51.142] INFO: txe:top_level_context Created block 1 with timestamp 1789425291
[23:34:51.194] INFO: txe:top_level_context Created block 2 with timestamp 1789425291
[23:34:51.319] INFO: simulator:public-processor Processed 1 successful txs and 0 failed txs (0 silently skipped, 0ms wasted) in 0.08211337500001537s {"blockNumber":3,"successfulCount":1,"failedCount":0,"duration":0.08211337500001537,"rate":39461135.290071726,"totalPublicGas":{"daGas":4000,"l2Gas":3240287},"totalBlockGas":{"daGas":4000,"l2Gas":3240287},"totalSizeInBytes":4128,"silentlySkippedCount":0,"silentlySkippedDurationMs":0}
[23:34:51.516] INFO: simulator:public-processor Processed 1 successful txs and 0 failed txs (0 silently skipped, 0ms wasted) in 0.022480791999958456s {"blockNumber":4,"successfulCount":1,"failedCount":0,"duration":0.022480791999958456,"rate":50715072.67191062,"totalPublicGas":{"daGas":192,"l2Gas":1140115},"totalBlockGas":{"daGas":320,"l2Gas":1730915},"totalSizeInBytes":320,"silentlySkippedCount":0,"silentlySkippedDurationMs":0}
[23:34:51.563] INFO: txe:top_level_context Created block 5 with timestamp 1789425291
[billboard_test] Testing c01::c01_claim_rejects_changed_nonzero_depositor ... [0m[32mok[0m
[23:34:54.293] INFO: kv-store:lmdb-v2 Starting data store with maxReaders 2
[23:34:54.294] INFO: world-state:database Creating world state data store at directory /var/folders/ym/q1vh2x5n58xbsmpmvs5_6w3r0000gn/T/aztec-world-state-wa2XFr/world_state with map sizes {"archiveTreeMapSizeKb":10485760,"nullifierTreeMapSizeKb":10485760,"noteHashTreeMapSizeKb":10485760,"messageTreeMapSizeKb":10485760,"publicDataTreeMapSizeKb":10485760} and 1 threads (ephemeral=true).
[23:34:54.308] INFO: txe_node Aztec Node version: txe
[23:34:54.308] INFO: txe_node Aztec Node started on chain 0x1
[23:34:54.327] INFO: txe:top_level_context Created block 1 with timestamp 1789425294
[23:34:54.379] INFO: txe:top_level_context Created block 2 with timestamp 1789425294
[23:34:54.507] INFO: simulator:public-processor Processed 1 successful txs and 0 failed txs (0 silently skipped, 0ms wasted) in 0.0833572919999715s {"blockNumber":3,"successfulCount":1,"failedCount":0,"duration":0.0833572919999715,"rate":38872268.06745483,"totalPublicGas":{"daGas":4000,"l2Gas":3240287},"totalBlockGas":{"daGas":4000,"l2Gas":3240287},"totalSizeInBytes":4128,"silentlySkippedCount":0,"silentlySkippedDurationMs":0}
[23:34:54.690] INFO: simulator:public-processor Processed 1 successful txs and 0 failed txs (0 silently skipped, 0ms wasted) in 0.021667874999984633s {"blockNumber":4,"successfulCount":1,"failedCount":0,"duration":0.021667874999984633,"rate":52617757.85584921,"totalPublicGas":{"daGas":192,"l2Gas":1140115},"totalBlockGas":{"daGas":320,"l2Gas":1730915},"totalSizeInBytes":320,"silentlySkippedCount":0,"silentlySkippedDurationMs":0}
[23:34:54.735] INFO: txe:top_level_context Created block 5 with timestamp 1789425294
[23:34:57.463] INFO: kv-store:lmdb-v2 Starting data store with maxReaders 2
[23:34:57.463] INFO: world-state:database Creating world state data store at directory /var/folders/ym/q1vh2x5n58xbsmpmvs5_6w3r0000gn/T/aztec-world-state-2VcxEK/world_state with map sizes {"archiveTreeMapSizeKb":10485760,"nullifierTreeMapSizeKb":10485760,"noteHashTreeMapSizeKb":10485760,"messageTreeMapSizeKb":10485760,"publicDataTreeMapSizeKb":10485760} and 1 threads (ephemeral=true).
[23:34:57.477] INFO: txe_node Aztec Node version: txe
[23:34:57.477] INFO: txe_node Aztec Node started on chain 0x1
[23:34:57.496] INFO: txe:top_level_context Created block 1 with timestamp 1789425297
[23:34:57.547] INFO: txe:top_level_context Created block 2 with timestamp 1789425297
[23:34:57.674] INFO: simulator:public-processor Processed 1 successful txs and 0 failed txs (0 silently skipped, 0ms wasted) in 0.08365079200000036s {"blockNumber":3,"successfulCount":1,"failedCount":0,"duration":0.08365079200000036,"rate":38735879.512055136,"totalPublicGas":{"daGas":4000,"l2Gas":3240287},"totalBlockGas":{"daGas":4000,"l2Gas":3240287},"totalSizeInBytes":4128,"silentlySkippedCount":0,"silentlySkippedDurationMs":0}
[23:34:57.868] INFO: simulator:public-processor Processed 1 successful txs and 0 failed txs (0 silently skipped, 0ms wasted) in 0.022316957999952137s {"blockNumber":4,"successfulCount":1,"failedCount":0,"duration":0.022316957999952137,"rate":51087383.86308946,"totalPublicGas":{"daGas":192,"l2Gas":1140115},"totalBlockGas":{"daGas":320,"l2Gas":1730915},"totalSizeInBytes":320,"silentlySkippedCount":0,"silentlySkippedDurationMs":0}
[23:34:57.916] INFO: txe:top_level_context Created block 5 with timestamp 1789425297
[billboard_test] Testing c01::c01_claim_rejects_changed_receipt_nonce ... [0m[32mok[0m
[billboard_test] Testing c01::c01_claim_rejects_unbound_portal ... [0m[32mok[0m
[23:35:00.646] INFO: kv-store:lmdb-v2 Starting data store with maxReaders 2
[23:35:00.647] INFO: world-state:database Creating world state data store at directory /var/folders/ym/q1vh2x5n58xbsmpmvs5_6w3r0000gn/T/aztec-world-state-Vg1t7p/world_state with map sizes {"archiveTreeMapSizeKb":10485760,"nullifierTreeMapSizeKb":10485760,"noteHashTreeMapSizeKb":10485760,"messageTreeMapSizeKb":10485760,"publicDataTreeMapSizeKb":10485760} and 1 threads (ephemeral=true).
[23:35:00.661] INFO: txe_node Aztec Node version: txe
[23:35:00.661] INFO: txe_node Aztec Node started on chain 0x1
[23:35:00.679] INFO: txe:top_level_context Created block 1 with timestamp 1789425300
[23:35:00.731] INFO: txe:top_level_context Created block 2 with timestamp 1789425300
[23:35:00.857] INFO: simulator:public-processor Processed 1 successful txs and 0 failed txs (0 silently skipped, 0ms wasted) in 0.08271233300003224s {"blockNumber":3,"successfulCount":1,"failedCount":0,"duration":0.08271233300003224,"rate":39175379.08160246,"totalPublicGas":{"daGas":4000,"l2Gas":3240287},"totalBlockGas":{"daGas":4000,"l2Gas":3240287},"totalSizeInBytes":4128,"silentlySkippedCount":0,"silentlySkippedDurationMs":0}
[23:35:00.907] INFO: txe:top_level_context Created block 4 with timestamp 1789425300
[23:35:03.623] INFO: kv-store:lmdb-v2 Starting data store with maxReaders 2
[23:35:03.624] INFO: world-state:database Creating world state data store at directory /var/folders/ym/q1vh2x5n58xbsmpmvs5_6w3r0000gn/T/aztec-world-state-oVybBx/world_state with map sizes {"archiveTreeMapSizeKb":10485760,"nullifierTreeMapSizeKb":10485760,"noteHashTreeMapSizeKb":10485760,"messageTreeMapSizeKb":10485760,"publicDataTreeMapSizeKb":10485760} and 1 threads (ephemeral=true).
[23:35:03.638] INFO: txe_node Aztec Node version: txe
[23:35:03.638] INFO: txe_node Aztec Node started on chain 0x1
[23:35:03.657] INFO: txe:top_level_context Created block 1 with timestamp 1789425303
[23:35:03.708] INFO: txe:top_level_context Created block 2 with timestamp 1789425303
[23:35:03.838] INFO: simulator:public-processor Processed 1 successful txs and 0 failed txs (0 silently skipped, 0ms wasted) in 0.08466233399999328s {"blockNumber":3,"successfulCount":1,"failedCount":0,"duration":0.08466233399999328,"rate":38273064.85550301,"totalPublicGas":{"daGas":4000,"l2Gas":3240287},"totalBlockGas":{"daGas":4000,"l2Gas":3240287},"totalSizeInBytes":4128,"silentlySkippedCount":0,"silentlySkippedDurationMs":0}
[23:35:04.032] INFO: simulator:public-processor Processed 1 successful txs and 0 failed txs (0 silently skipped, 0ms wasted) in 0.02259304099995643s {"blockNumber":4,"successfulCount":1,"failedCount":0,"duration":0.02259304099995643,"rate":50463104.98892994,"totalPublicGas":{"daGas":192,"l2Gas":1140115},"totalBlockGas":{"daGas":320,"l2Gas":1730915},"totalSizeInBytes":320,"silentlySkippedCount":0,"silentlySkippedDurationMs":0}
[23:35:04.078] INFO: txe:top_level_context Created block 5 with timestamp 1789425303
[billboard_test] Testing c01::c01_claim_rejects_wrong_nonzero_secret ... [0m[32mok[0m
[23:35:06.856] INFO: kv-store:lmdb-v2 Starting data store with maxReaders 2
[23:35:06.857] INFO: world-state:database Creating world state data store at directory /var/folders/ym/q1vh2x5n58xbsmpmvs5_6w3r0000gn/T/aztec-world-state-Gc4qiY/world_state with map sizes {"archiveTreeMapSizeKb":10485760,"nullifierTreeMapSizeKb":10485760,"noteHashTreeMapSizeKb":10485760,"messageTreeMapSizeKb":10485760,"publicDataTreeMapSizeKb":10485760} and 1 threads (ephemeral=true).
[23:35:06.871] INFO: txe_node Aztec Node version: txe
[23:35:06.871] INFO: txe_node Aztec Node started on chain 0x1
[23:35:06.890] INFO: txe:top_level_context Created block 1 with timestamp 1789425306
[23:35:06.942] INFO: txe:top_level_context Created block 2 with timestamp 1789425306
[23:35:07.071] INFO: simulator:public-processor Processed 1 successful txs and 0 failed txs (0 silently skipped, 0ms wasted) in 0.08479758399998537s {"blockNumber":3,"successfulCount":1,"failedCount":0,"duration":0.08479758399998537,"rate":38212020.285867564,"totalPublicGas":{"daGas":4000,"l2Gas":3240287},"totalBlockGas":{"daGas":4000,"l2Gas":3240287},"totalSizeInBytes":4128,"silentlySkippedCount":0,"silentlySkippedDurationMs":0}
[23:35:07.263] INFO: simulator:public-processor Processed 1 successful txs and 0 failed txs (0 silently skipped, 0ms wasted) in 0.022818792000005486s {"blockNumber":4,"successfulCount":1,"failedCount":0,"duration":0.022818792000005486,"rate":49963863.117720075,"totalPublicGas":{"daGas":192,"l2Gas":1140115},"totalBlockGas":{"daGas":320,"l2Gas":1730915},"totalSizeInBytes":320,"silentlySkippedCount":0,"silentlySkippedDurationMs":0}
[23:35:07.310] INFO: txe:top_level_context Created block 5 with timestamp 1789425306
[billboard_test] Testing c01::c01_claim_rejects_wrong_portal_origin ... [0m[32mok[0m
[23:35:10.064] INFO: kv-store:lmdb-v2 Starting data store with maxReaders 2
[23:35:10.065] INFO: world-state:database Creating world state data store at directory /var/folders/ym/q1vh2x5n58xbsmpmvs5_6w3r0000gn/T/aztec-world-state-B5bKMF/world_state with map sizes {"archiveTreeMapSizeKb":10485760,"nullifierTreeMapSizeKb":10485760,"noteHashTreeMapSizeKb":10485760,"messageTreeMapSizeKb":10485760,"publicDataTreeMapSizeKb":10485760} and 1 threads (ephemeral=true).
[23:35:10.079] INFO: txe_node Aztec Node version: txe
[23:35:10.079] INFO: txe_node Aztec Node started on chain 0x1
[23:35:10.098] INFO: txe:top_level_context Created block 1 with timestamp 1789425310
[23:35:10.150] INFO: txe:top_level_context Created block 2 with timestamp 1789425310
[23:35:10.280] INFO: simulator:public-processor Processed 1 successful txs and 0 failed txs (0 silently skipped, 0ms wasted) in 0.08557916600001045s {"blockNumber":3,"successfulCount":1,"failedCount":0,"duration":0.08557916600001045,"rate":37863035.496274926,"totalPublicGas":{"daGas":4000,"l2Gas":3240287},"totalBlockGas":{"daGas":4000,"l2Gas":3240287},"totalSizeInBytes":4128,"silentlySkippedCount":0,"silentlySkippedDurationMs":0}
[23:35:10.483] INFO: simulator:public-processor Processed 1 successful txs and 0 failed txs (0 silently skipped, 0ms wasted) in 0.022587999999988825s {"blockNumber":4,"successfulCount":1,"failedCount":0,"duration":0.022587999999988825,"rate":50474366.92051373,"totalPublicGas":{"daGas":192,"l2Gas":1140115},"totalBlockGas":{"daGas":320,"l2Gas":1730915},"totalSizeInBytes":320,"silentlySkippedCount":0,"silentlySkippedDurationMs":0}
[23:35:10.529] INFO: txe:top_level_context Created block 5 with timestamp 1789425310
[billboard_test] Testing c01::c01_claim_rejects_wrong_recipient_envelope ... [0m[32mok[0m
[23:35:13.278] INFO: kv-store:lmdb-v2 Starting data store with maxReaders 2
[23:35:13.279] INFO: world-state:database Creating world state data store at directory /var/folders/ym/q1vh2x5n58xbsmpmvs5_6w3r0000gn/T/aztec-world-state-287UdD/world_state with map sizes {"archiveTreeMapSizeKb":10485760,"nullifierTreeMapSizeKb":10485760,"noteHashTreeMapSizeKb":10485760,"messageTreeMapSizeKb":10485760,"publicDataTreeMapSizeKb":10485760} and 1 threads (ephemeral=true).
[23:35:13.293] INFO: txe_node Aztec Node version: txe
[23:35:13.293] INFO: txe_node Aztec Node started on chain 0x1
[23:35:13.313] INFO: txe:top_level_context Created block 1 with timestamp 1789425313
[23:35:13.365] INFO: txe:top_level_context Created block 2 with timestamp 1789425313
[23:35:13.493] INFO: simulator:public-processor Processed 1 successful txs and 0 failed txs (0 silently skipped, 0ms wasted) in 0.08459129200002644s {"blockNumber":3,"successfulCount":1,"failedCount":0,"duration":0.08459129200002644,"rate":38305207.58565772,"totalPublicGas":{"daGas":4000,"l2Gas":3240287},"totalBlockGas":{"daGas":4000,"l2Gas":3240287},"totalSizeInBytes":4128,"silentlySkippedCount":0,"silentlySkippedDurationMs":0}
[23:35:13.682] INFO: simulator:public-processor Processed 1 successful txs and 0 failed txs (0 silently skipped, 0ms wasted) in 0.02260383300000103s {"blockNumber":4,"successfulCount":1,"failedCount":0,"duration":0.02260383300000103,"rate":50439011.82600084,"totalPublicGas":{"daGas":192,"l2Gas":1140115},"totalBlockGas":{"daGas":320,"l2Gas":1730915},"totalSizeInBytes":320,"silentlySkippedCount":0,"silentlySkippedDurationMs":0}
[billboard_test] Testing c01::c01_claim_rejects_zero_secret ... [0m[32mok[0m
[23:35:16.440] INFO: kv-store:lmdb-v2 Starting data store with maxReaders 2
[23:35:16.441] INFO: world-state:database Creating world state data store at directory /var/folders/ym/q1vh2x5n58xbsmpmvs5_6w3r0000gn/T/aztec-world-state-bBYdyO/world_state with map sizes {"archiveTreeMapSizeKb":10485760,"nullifierTreeMapSizeKb":10485760,"noteHashTreeMapSizeKb":10485760,"messageTreeMapSizeKb":10485760,"publicDataTreeMapSizeKb":10485760} and 1 threads (ephemeral=true).
[23:35:16.455] INFO: txe_node Aztec Node version: txe
[23:35:16.455] INFO: txe_node Aztec Node started on chain 0x1
[23:35:16.473] INFO: txe:top_level_context Created block 1 with timestamp 1789425316
[23:35:16.525] INFO: txe:top_level_context Created block 2 with timestamp 1789425316
[23:35:16.655] INFO: simulator:public-processor Processed 1 successful txs and 0 failed txs (0 silently skipped, 0ms wasted) in 0.0851801250000135s {"blockNumber":3,"successfulCount":1,"failedCount":0,"duration":0.0851801250000135,"rate":38040411.422259435,"totalPublicGas":{"daGas":4000,"l2Gas":3240287},"totalBlockGas":{"daGas":4000,"l2Gas":3240287},"totalSizeInBytes":4128,"silentlySkippedCount":0,"silentlySkippedDurationMs":0}
[23:35:16.846] INFO: simulator:public-processor Processed 1 successful txs and 0 failed txs (0 silently skipped, 0ms wasted) in 0.022918875000032132s {"blockNumber":4,"successfulCount":1,"failedCount":0,"duration":0.022918875000032132,"rate":49745679.05267608,"totalPublicGas":{"daGas":192,"l2Gas":1140115},"totalBlockGas":{"daGas":320,"l2Gas":1730915},"totalSizeInBytes":320,"silentlySkippedCount":0,"silentlySkippedDurationMs":0}
[23:35:16.897] INFO: txe:top_level_context Created block 5 with timestamp 1789425316
[23:35:17.164] INFO: simulator:public-processor Processed 1 successful txs and 0 failed txs (0 silently skipped, 0ms wasted) in 0.007213041999959387s {"blockNumber":6,"successfulCount":1,"failedCount":0,"duration":0.007213041999959387,"rate":0,"totalPublicGas":{"daGas":0,"l2Gas":0},"totalBlockGas":{"daGas":1984,"l2Gas":529900},"totalSizeInBytes":1984,"silentlySkippedCount":0,"silentlySkippedDurationMs":0}
[billboard_test] Testing c01::c01_claim_replay_cannot_mint_right_for_second_owner ... [0m[32mok[0m
[billboard_test] Testing c01::c01_cooldown_ceiling_and_maximum_boundaries ... [0m[32mok[0m
[billboard_test] Testing c01::c01_cooldown_rejects_above_u32 ... [0m[32mok[0m
[billboard_test] Testing c01::c01_cooldown_rejects_above_u96 ... [0m[32mok[0m
[billboard_test] Testing c01::c01_cooldown_rejects_zero_amount ... [0m[32mok[0m
[billboard_test] Testing c01::c01_frozen_claim_boundary_vector ... [0m[32mok[0m
[billboard_test] Testing c01::c01_frozen_claim_vector ... [0m[32mok[0m
[billboard_test] Testing c01::c01_frozen_config_vector ... [0m[32mok[0m
[billboard_test] Testing c01::c01_frozen_exit_vector ... [0m[32mok[0m
[billboard_test] Testing c01::c01_frozen_ready_vector ... [0m[32mok[0m
[billboard_test] Testing c01::c01_init_rejects_wrong_configured_chain ... [0m[32mok[0m
[23:35:43.565] INFO: kv-store:lmdb-v2 Starting data store with maxReaders 2
[23:35:43.566] INFO: world-state:database Creating world state data store at directory /var/folders/ym/q1vh2x5n58xbsmpmvs5_6w3r0000gn/T/aztec-world-state-T3jRBZ/world_state with map sizes {"archiveTreeMapSizeKb":10485760,"nullifierTreeMapSizeKb":10485760,"noteHashTreeMapSizeKb":10485760,"messageTreeMapSizeKb":10485760,"publicDataTreeMapSizeKb":10485760} and 1 threads (ephemeral=true).
[23:35:43.580] INFO: txe_node Aztec Node version: txe
[23:35:43.580] INFO: txe_node Aztec Node started on chain 0x1
[23:35:43.599] INFO: txe:top_level_context Created block 1 with timestamp 1789425343
[23:35:43.665] INFO: txe:top_level_context Created block 2 with timestamp 1789425343
[23:35:43.718] INFO: simulator:public-processor Processed 1 successful txs and 0 failed txs (0 silently skipped, 0ms wasted) in 0.009635042000038084s {"blockNumber":3,"successfulCount":1,"failedCount":0,"duration":0.009635042000038084,"rate":13063253.901695758,"totalPublicGas":{"daGas":0,"l2Gas":125865},"totalBlockGas":{"daGas":0,"l2Gas":125865},"totalSizeInBytes":128,"silentlySkippedCount":0,"silentlySkippedDurationMs":0}
[23:35:43.720] WARN: txe:top_level_context Could not find function artifact in contract Billboard for function '0x8f3f1c4d' when enriching error callstack
[23:35:46.305] INFO: kv-store:lmdb-v2 Starting data store with maxReaders 2
[23:35:46.305] INFO: world-state:database Creating world state data store at directory /var/folders/ym/q1vh2x5n58xbsmpmvs5_6w3r0000gn/T/aztec-world-state-LNHePq/world_state with map sizes {"archiveTreeMapSizeKb":10485760,"nullifierTreeMapSizeKb":10485760,"noteHashTreeMapSizeKb":10485760,"messageTreeMapSizeKb":10485760,"publicDataTreeMapSizeKb":10485760} and 1 threads (ephemeral=true).
[23:35:46.319] INFO: txe_node Aztec Node version: txe
[23:35:46.319] INFO: txe_node Aztec Node started on chain 0x1
[23:35:46.337] INFO: txe:top_level_context Created block 1 with timestamp 1789425346
[23:35:46.398] INFO: txe:top_level_context Created block 2 with timestamp 1789425346
[23:35:46.450] INFO: simulator:public-processor Processed 1 successful txs and 0 failed txs (0 silently skipped, 0ms wasted) in 0.009368000000016764s {"blockNumber":3,"successfulCount":1,"failedCount":0,"duration":0.009368000000016764,"rate":13439795.046944352,"totalPublicGas":{"daGas":0,"l2Gas":125904},"totalBlockGas":{"daGas":0,"l2Gas":125904},"totalSizeInBytes":128,"silentlySkippedCount":0,"silentlySkippedDurationMs":0}
[23:35:46.453] WARN: txe:top_level_context Could not find function artifact in contract Billboard for function '0x8f3f1c4d' when enriching error callstack
[billboard_test] Testing c01::c01_init_rejects_wrong_configured_rollup_version ... [0m[32mok[0m
[billboard_test] Testing c01::c01_time_rejects_horizon_crossing ... [0m[32mok[0m
[billboard_test] Testing c01::c01_time_rejects_out_of_range_anchor ... [0m[32mok[0m
[billboard_test] Testing c01::c01_utf8_rejects_hidden_suffix ... [0m[32mok[0m
[billboard_test] Testing c01::c01_utf8_rejects_noncanonical_field ... [0m[32mok[0m
[billboard_test] Testing c01::c01_utf8_rejects_nul ... [0m[32mok[0m
[billboard_test] Testing c01::c01_utf8_rejects_overlong_lead ... [0m[32mok[0m
[billboard_test] Testing c01::c01_utf8_rejects_scalar_above_unicode_maximum ... [0m[32mok[0m
[billboard_test] Testing c01::c01_utf8_rejects_surrogate ... [0m[32mok[0m
[billboard_test] Testing c01::c01_utf8_rejects_truncation ... [0m[32mok[0m
[billboard_test] Testing c01::c01_utf8_valid_scalar_and_field_crossing_controls ... [0m[32mok[0m
[billboard_test] Testing compact_note::c01_compact_asymmetric_sequences_do_not_swap ... [0m[32mok[0m
[billboard_test] Testing compact_note::c01_compact_exact_maximum_fields_and_generated_selectors ... [0m[32mok[0m
[billboard_test] Testing compact_note::c01_compact_metadata_rejects_truncation_above128 ... [0m[32mok[0m
[billboard_test] Testing compact_note::c01_compact_metadata_rejects_unused_bit96 ... [0m[32mok[0m
[23:36:28.656] INFO: kv-store:lmdb-v2 Starting data store with maxReaders 2
[23:36:28.659] INFO: world-state:database Creating world state data store at directory /var/folders/ym/q1vh2x5n58xbsmpmvs5_6w3r0000gn/T/aztec-world-state-nfbOMS/world_state with map sizes {"archiveTreeMapSizeKb":10485760,"nullifierTreeMapSizeKb":10485760,"noteHashTreeMapSizeKb":10485760,"messageTreeMapSizeKb":10485760,"publicDataTreeMapSizeKb":10485760} and 1 threads (ephemeral=true).
[23:36:28.675] INFO: txe_node Aztec Node version: txe
[23:36:28.675] INFO: txe_node Aztec Node started on chain 0x1
[23:36:28.700] INFO: txe:top_level_context Created block 1 with timestamp 1789425388
[23:36:28.766] INFO: txe:top_level_context Created block 2 with timestamp 1789425388
[23:36:28.902] INFO: simulator:public-processor Processed 1 successful txs and 0 failed txs (0 silently skipped, 0ms wasted) in 0.08792279099998995s {"blockNumber":3,"successfulCount":1,"failedCount":0,"duration":0.08792279099998995,"rate":36853777.765089035,"totalPublicGas":{"daGas":4000,"l2Gas":3240287},"totalBlockGas":{"daGas":4000,"l2Gas":3240287},"totalSizeInBytes":4128,"silentlySkippedCount":0,"silentlySkippedDurationMs":0}
[23:36:29.165] INFO: simulator:public-processor Processed 1 successful txs and 0 failed txs (0 silently skipped, 0ms wasted) in 0.022901542000006884s {"blockNumber":4,"successfulCount":1,"failedCount":0,"duration":0.022901542000006884,"rate":49783329.000276804,"totalPublicGas":{"daGas":192,"l2Gas":1140115},"totalBlockGas":{"daGas":320,"l2Gas":1730915},"totalSizeInBytes":320,"silentlySkippedCount":0,"silentlySkippedDurationMs":0}
[23:36:29.213] INFO: txe:top_level_context Created block 5 with timestamp 1789425388
[23:36:29.479] INFO: simulator:public-processor Processed 1 successful txs and 0 failed txs (0 silently skipped, 0ms wasted) in 0.007383750000037253s {"blockNumber":6,"successfulCount":1,"failedCount":0,"duration":0.007383750000037253,"rate":0,"totalPublicGas":{"daGas":0,"l2Gas":0},"totalBlockGas":{"daGas":1984,"l2Gas":529900},"totalSizeInBytes":1984,"silentlySkippedCount":0,"silentlySkippedDurationMs":0}
[23:36:30.013] INFO: txe:top_level_context Created block 7 with timestamp 1789428989
[23:36:30.219] INFO: simulator:public-processor Processed 1 successful txs and 0 failed txs (0 silently skipped, 0ms wasted) in 0.007210167000012007s {"blockNumber":8,"successfulCount":1,"failedCount":0,"duration":0.007210167000012007,"rate":0,"totalPublicGas":{"daGas":0,"l2Gas":0},"totalBlockGas":{"daGas":256,"l2Gas":477200},"totalSizeInBytes":256,"silentlySkippedCount":0,"silentlySkippedDurationMs":0}
[billboard_test] Testing compact_note::c01_compact_note_lifecycle_claim_deliver_select_burn ... [0m[32mok[0m
[23:36:33.297] INFO: kv-store:lmdb-v2 Starting data store with maxReaders 2
[23:36:33.298] INFO: world-state:database Creating world state data store at directory /var/folders/ym/q1vh2x5n58xbsmpmvs5_6w3r0000gn/T/aztec-world-state-0VPZBk/world_state with map sizes {"archiveTreeMapSizeKb":10485760,"nullifierTreeMapSizeKb":10485760,"noteHashTreeMapSizeKb":10485760,"messageTreeMapSizeKb":10485760,"publicDataTreeMapSizeKb":10485760} and 1 threads (ephemeral=true).
[23:36:33.311] INFO: txe_node Aztec Node version: txe
[23:36:33.311] INFO: txe_node Aztec Node started on chain 0x1
[23:36:33.330] INFO: txe:top_level_context Created block 1 with timestamp 1789425393
[23:36:33.391] INFO: txe:top_level_context Created block 2 with timestamp 1789425393
[23:36:33.522] INFO: simulator:public-processor Processed 1 successful txs and 0 failed txs (0 silently skipped, 0ms wasted) in 0.08566083300003083s {"blockNumber":3,"successfulCount":1,"failedCount":0,"duration":0.08566083300003083,"rate":37826937.77912286,"totalPublicGas":{"daGas":4000,"l2Gas":3240287},"totalBlockGas":{"daGas":4000,"l2Gas":3240287},"totalSizeInBytes":4128,"silentlySkippedCount":0,"silentlySkippedDurationMs":0}
[23:36:33.715] INFO: simulator:public-processor Processed 1 successful txs and 0 failed txs (0 silently skipped, 0ms wasted) in 0.022982041000039317s {"blockNumber":4,"successfulCount":1,"failedCount":0,"duration":0.022982041000039317,"rate":49608953.35614663,"totalPublicGas":{"daGas":192,"l2Gas":1140115},"totalBlockGas":{"daGas":320,"l2Gas":1730915},"totalSizeInBytes":320,"silentlySkippedCount":0,"silentlySkippedDurationMs":0}
[23:36:33.762] INFO: txe:top_level_context Created block 5 with timestamp 1789425393
[23:36:34.011] INFO: simulator:public-processor Processed 1 successful txs and 0 failed txs (0 silently skipped, 0ms wasted) in 0.007176792000012938s {"blockNumber":6,"successfulCount":1,"failedCount":0,"duration":0.007176792000012938,"rate":0,"totalPublicGas":{"daGas":0,"l2Gas":0},"totalBlockGas":{"daGas":1984,"l2Gas":529900},"totalSizeInBytes":1984,"silentlySkippedCount":0,"silentlySkippedDurationMs":0}
[23:36:34.058] INFO: txe:top_level_context Created block 7 with timestamp 1789428994
[23:36:34.280] INFO: simulator:public-processor Processed 1 successful txs and 0 failed txs (0 silently skipped, 0ms wasted) in 0.006076958999969065s {"blockNumber":8,"successfulCount":1,"failedCount":0,"duration":0.006076958999969065,"rate":0,"totalPublicGas":{"daGas":0,"l2Gas":0},"totalBlockGas":{"daGas":256,"l2Gas":477200},"totalSizeInBytes":256,"silentlySkippedCount":0,"silentlySkippedDurationMs":0}
[billboard_test] Testing compact_note::c01_compact_second_burn_rejected ... [0m[32mok[0m
[billboard_test] Testing compact_note::c01_compact_sequences_reject_unused_bit192 ... [0m[32mok[0m
[23:36:39.756] INFO: kv-store:lmdb-v2 Starting data store with maxReaders 2
[23:36:39.757] INFO: world-state:database Creating world state data store at directory /var/folders/ym/q1vh2x5n58xbsmpmvs5_6w3r0000gn/T/aztec-world-state-KzJL1k/world_state with map sizes {"archiveTreeMapSizeKb":10485760,"nullifierTreeMapSizeKb":10485760,"noteHashTreeMapSizeKb":10485760,"messageTreeMapSizeKb":10485760,"publicDataTreeMapSizeKb":10485760} and 1 threads (ephemeral=true).
[23:36:39.771] INFO: txe_node Aztec Node version: txe
[23:36:39.771] INFO: txe_node Aztec Node started on chain 0x1
[23:36:39.789] INFO: txe:top_level_context Created block 1 with timestamp 1789425399
[23:36:39.848] INFO: txe:top_level_context Created block 2 with timestamp 1789425399
[23:36:39.976] INFO: simulator:public-processor Processed 1 successful txs and 0 failed txs (0 silently skipped, 0ms wasted) in 0.08504649999999674s {"blockNumber":3,"successfulCount":1,"failedCount":0,"duration":0.08504649999999674,"rate":38100180.489498384,"totalPublicGas":{"daGas":4000,"l2Gas":3240287},"totalBlockGas":{"daGas":4000,"l2Gas":3240287},"totalSizeInBytes":4128,"silentlySkippedCount":0,"silentlySkippedDurationMs":0}
[23:36:40.178] INFO: simulator:public-processor Processed 1 successful txs and 0 failed txs (0 silently skipped, 0ms wasted) in 0.023414333000022453s {"blockNumber":4,"successfulCount":1,"failedCount":0,"duration":0.023414333000022453,"rate":48693037.72176242,"totalPublicGas":{"daGas":192,"l2Gas":1140115},"totalBlockGas":{"daGas":320,"l2Gas":1730915},"totalSizeInBytes":320,"silentlySkippedCount":0,"silentlySkippedDurationMs":0}
[23:36:40.225] INFO: txe:top_level_context Created block 5 with timestamp 1789425399
[23:36:40.470] INFO: simulator:public-processor Processed 1 successful txs and 0 failed txs (0 silently skipped, 0ms wasted) in 0.007349708000023384s {"blockNumber":6,"successfulCount":1,"failedCount":0,"duration":0.007349708000023384,"rate":0,"totalPublicGas":{"daGas":0,"l2Gas":0},"totalBlockGas":{"daGas":1984,"l2Gas":529900},"totalSizeInBytes":1984,"silentlySkippedCount":0,"silentlySkippedDurationMs":0}
[23:36:40.517] INFO: txe:top_level_context Created block 7 with timestamp 1789425399
[23:36:40.769] INFO: simulator:public-processor Processed 1 successful txs and 0 failed txs (0 silently skipped, 0ms wasted) in 0.006002000000036787s {"blockNumber":8,"successfulCount":1,"failedCount":0,"duration":0.006002000000036787,"rate":0,"totalPublicGas":{"daGas":0,"l2Gas":0},"totalBlockGas":{"daGas":832,"l2Gas":499700},"totalSizeInBytes":832,"silentlySkippedCount":0,"silentlySkippedDurationMs":0}
[23:36:41.270] INFO: txe:top_level_context Created block 9 with timestamp 1789429000
[23:36:41.472] INFO: simulator:public-processor Processed 1 successful txs and 0 failed txs (0 silently skipped, 0ms wasted) in 0.006046999999962281s {"blockNumber":10,"successfulCount":1,"failedCount":0,"duration":0.006046999999962281,"rate":0,"totalPublicGas":{"daGas":0,"l2Gas":0},"totalBlockGas":{"daGas":256,"l2Gas":477200},"totalSizeInBytes":256,"silentlySkippedCount":0,"silentlySkippedDurationMs":0}
[23:36:41.985] INFO: simulator:public-processor Processed 1 successful txs and 0 failed txs (0 silently skipped, 0ms wasted) in 0.00602295899996534s {"blockNumber":11,"successfulCount":1,"failedCount":0,"duration":0.00602295899996534,"rate":0,"totalPublicGas":{"daGas":0,"l2Gas":0},"totalBlockGas":{"daGas":256,"l2Gas":477200},"totalSizeInBytes":256,"silentlySkippedCount":0,"silentlySkippedDurationMs":0}
[billboard_test] Testing compact_note::c01_compact_two_receipts_exact_selection_and_independent_burn ... [0m[32mok[0m
[billboard_test] Testing compact_note::c01_discovery_call_preserves_page_offsets ... [0m[32mok[0m
[billboard_test] [0m[32m107 tests passed[0m

> test:portal
> cd billboard/portal && FOUNDRY_PROFILE=regression forge test --offline

No files changed, compilation skipped

Ran 3 tests for test/PortalArtifactRegression.t.sol:PortalSourceControlTest
[PASS] testConfiguredMinimumRejectsBelowAndAcceptsExact() (gas: 1464702)
[PASS] testRedepositDoesNotDoubleCountWithdrawnFunds() (gas: 1507557)
[PASS] testWithdrawalClearsIndividualAndReducesAggregateLiabilities() (gas: 1536209)
Suite result: ok. 3 passed; 0 failed; 0 skipped; finished in 6.29ms (5.94ms CPU time)

Ran 4 tests for test/PortalCodecVectors.t.sol:PortalCodecVectorsTest
[PASS] test_claim() (gas: 1639)
[PASS] test_claim_boundary() (gas: 1617)
[PASS] test_exit() (gas: 1586)
[PASS] test_ready() (gas: 1548)
Suite result: ok. 4 passed; 0 failed; 0 skipped; finished in 6.31ms (3.85ms CPU time)

Ran 16 tests for test/PortalV1.t.sol:PortalV1Test
[PASS] testBridgeActorsArePinnedDespiteRollupGetterChanges() (gas: 405002)
[PASS] testCanonicalExitRefundAndRedepositRejectOldProof() (gas: 550597)
[PASS] testCanonicalInboxMessageMatchesScopedReceiptAndEnvelope() (gas: 253630)
[PASS] testConstructorAcceptsMaximumSupportedScalarBounds() (gas: 1083462)
[PASS] testConstructorRejectsInvalidScopeAndEconomicBounds() (gas: 657942)
[PASS] testDisabledUntilCanonicalReadyAndActivationCannotRepeat() (gas: 289900)
[PASS] testEachExitReceiptWordIsAuthenticatedAndFailureRollsBack() (gas: 468805)
[PASS] testEveryReadyWordIsAuthenticatedByCanonicalOutbox() (gas: 284438)
[PASS] testInboxFailureRollsBackNonceReceiptValueAndTotal() (gas: 1457603)
[PASS] testInvalidBridgeAndChangedChainReject() (gas: 254188)
[PASS] testMinMaxSecretAndActiveReceiptBounds() (gas: 404732)
[PASS] testNonceOverflowFailsClosed() (gas: 1243179)
[PASS] testRefundReentrancyBlockedAndEffectsPrecedeCallback() (gas: 709077)
[PASS] testRejectUnsolicitedEtherAndKeepForcedSurplusSeparate() (gas: 352332)
[PASS] testRejectedRefundRollsBackCanonicalConsumptionThenRetrySucceeds() (gas: 746831)
[PASS] testWrongReadyEnvelopeAndMerkleProofReject() (gas: 261062)
Suite result: ok. 16 passed; 0 failed; 0 skipped; finished in 6.39ms (8.25ms CPU time)

Ran 3 tests for test/PortalArtifactRegression.t.sol:PortalKnownBadFixtureTest
[PASS] testKnownBadFixtureAcceptsDepositBelowConfiguredMinimum() (gas: 2103324)
[PASS] testKnownBadFixtureLeavesAggregateAfterRefund() (gas: 2181674)
[PASS] testKnownBadFixtureRejectedByProductionArtifactGuard() (gas: 1191837)
Suite result: ok. 3 passed; 0 failed; 0 skipped; finished in 8.70ms (14.11ms CPU time)

Ran 3 tests for test/PortalArtifactRegression.t.sol:PortalGeneratedArtifactTest
[PASS] testConfiguredMinimumRejectsBelowAndAcceptsExact() (gas: 6199505)
[PASS] testRedepositDoesNotDoubleCountWithdrawnFunds() (gas: 6237943)
[PASS] testWithdrawalClearsIndividualAndReducesAggregateLiabilities() (gas: 6266750)
Suite result: ok. 3 passed; 0 failed; 0 skipped; finished in 16.66ms (40.43ms CPU time)

Ran 5 test suites in 21.89ms (44.35ms CPU time): 29 tests passed, 0 failed, 0 skipped (29 total tests)
