{"profile":"C01 consistent-scope TXE","chain":1,"version":1,"originalPublicVersion":2,"realProofs":false,"port":54886}
[14:06:30.890] INFO: kv-store:lmdb-v2 Starting data store with maxReaders 2
[billboard_contract] Running 0 test functions
[billboard_contract] [0m[32m0 tests passed[0m
[billboard_test] Running 101 test functions
[14:06:38.526] INFO: kv-store:lmdb-v2 Starting data store with maxReaders 2
[14:06:38.527] INFO: kv-store:lmdb-v2 Starting data store with maxReaders 2
[14:06:38.530] INFO: world-state:database Creating world state data store at directory /var/folders/ym/q1vh2x5n58xbsmpmvs5_6w3r0000gn/T/aztec-world-state-iw25Bk/world_state with map sizes {"archiveTreeMapSizeKb":10485760,"nullifierTreeMapSizeKb":10485760,"noteHashTreeMapSizeKb":10485760,"messageTreeMapSizeKb":10485760,"publicDataTreeMapSizeKb":10485760} and 2 threads (ephemeral=true).
[14:06:38.547] INFO: txe_node Aztec Node version: txe
[14:06:38.547] INFO: txe_node Aztec Node started on chain 0x1
[14:06:38.569] INFO: txe:top_level_context Created block 1 with timestamp 1789391198
[14:06:38.684] INFO: txe:top_level_context Created block 2 with timestamp 1789391198
[14:06:38.821] INFO: simulator:public-processor Processed 1 successful txs and 0 failed txs (0 silently skipped, 0ms wasted) in 0.061546166999998604s {"blockNumber":3,"successfulCount":1,"failedCount":0,"duration":0.061546166999998604,"rate":52648071.48753997,"totalPublicGas":{"daGas":4000,"l2Gas":3240287},"totalBlockGas":{"daGas":4000,"l2Gas":3240287},"totalSizeInBytes":4128,"silentlySkippedCount":0,"silentlySkippedDurationMs":0}
[14:06:39.064] INFO: simulator:public-processor Processed 1 successful txs and 0 failed txs (0 silently skipped, 0ms wasted) in 0.02065320799999972s {"blockNumber":4,"successfulCount":1,"failedCount":0,"duration":0.02065320799999972,"rate":55202804.32947828,"totalPublicGas":{"daGas":192,"l2Gas":1140115},"totalBlockGas":{"daGas":320,"l2Gas":1730915},"totalSizeInBytes":320,"silentlySkippedCount":0,"silentlySkippedDurationMs":0}
[14:06:39.107] INFO: txe:top_level_context Created block 5 with timestamp 1789391198
[14:06:39.358] INFO: simulator:public-processor Processed 1 successful txs and 0 failed txs (0 silently skipped, 0ms wasted) in 0.00919012500000099s {"blockNumber":6,"successfulCount":1,"failedCount":0,"duration":0.00919012500000099,"rate":0,"totalPublicGas":{"daGas":0,"l2Gas":0},"totalBlockGas":{"daGas":1984,"l2Gas":529900},"totalSizeInBytes":1984,"silentlySkippedCount":0,"silentlySkippedDurationMs":0}
[14:06:39.400] INFO: txe:top_level_context Created block 7 with timestamp 1789394799
[14:06:39.986] INFO: simulator:public-processor Processed 1 successful txs and 0 failed txs (0 silently skipped, 0ms wasted) in 0.029182167000000845s {"blockNumber":8,"successfulCount":1,"failedCount":0,"duration":0.029182167000000845,"rate":41030914.530780576,"totalPublicGas":{"daGas":2176,"l2Gas":1197371},"totalBlockGas":{"daGas":3552,"l2Gas":1924121},"totalSizeInBytes":3552,"silentlySkippedCount":0,"silentlySkippedDurationMs":0}
[14:06:40.029] INFO: txe:top_level_context Created block 9 with timestamp 1789398398
[14:06:40.620] INFO: simulator:public-processor Processed 1 successful txs and 0 failed txs (0 silently skipped, 0ms wasted) in 0.029523999999999433s {"blockNumber":10,"successfulCount":1,"failedCount":0,"duration":0.029523999999999433,"rate":40555852.86546616,"totalPublicGas":{"daGas":2176,"l2Gas":1197371},"totalBlockGas":{"daGas":3552,"l2Gas":1924121},"totalSizeInBytes":3552,"silentlySkippedCount":0,"silentlySkippedDurationMs":0}
[14:06:40.663] INFO: txe:top_level_context Created block 11 with timestamp 1789401999
[14:06:41.236] INFO: simulator:public-processor Processed 1 successful txs and 0 failed txs (0 silently skipped, 0ms wasted) in 0.028942457999999532s {"blockNumber":12,"successfulCount":1,"failedCount":0,"duration":0.028942457999999532,"rate":41370743.28655912,"totalPublicGas":{"daGas":2176,"l2Gas":1197371},"totalBlockGas":{"daGas":3552,"l2Gas":1924121},"totalSizeInBytes":3552,"silentlySkippedCount":0,"silentlySkippedDurationMs":0}
[14:06:41.282] INFO: simulator:public-processor Processed 1 successful txs and 0 failed txs (0 silently skipped, 0ms wasted) in 0.006446250000000873s {"blockNumber":13,"successfulCount":1,"failedCount":0,"duration":0.006446250000000873,"rate":1281675.3926699834,"totalPublicGas":{"daGas":0,"l2Gas":8262},"totalBlockGas":{"daGas":0,"l2Gas":8262},"totalSizeInBytes":128,"silentlySkippedCount":0,"silentlySkippedDurationMs":0}
[billboard_test] Testing test_censor_window_grandchild_screening ... [0m[32mok[0m
[14:06:44.258] INFO: kv-store:lmdb-v2 Starting data store with maxReaders 2
[14:06:44.260] INFO: world-state:database Creating world state data store at directory /var/folders/ym/q1vh2x5n58xbsmpmvs5_6w3r0000gn/T/aztec-world-state-vC6RZv/world_state with map sizes {"archiveTreeMapSizeKb":10485760,"nullifierTreeMapSizeKb":10485760,"noteHashTreeMapSizeKb":10485760,"messageTreeMapSizeKb":10485760,"publicDataTreeMapSizeKb":10485760} and 2 threads (ephemeral=true).
[14:06:44.274] INFO: txe_node Aztec Node version: txe
[14:06:44.274] INFO: txe_node Aztec Node started on chain 0x1
[14:06:44.293] INFO: txe:top_level_context Created block 1 with timestamp 1789391204
[14:06:44.346] INFO: txe:top_level_context Created block 2 with timestamp 1789391204
[14:06:44.449] INFO: simulator:public-processor Processed 1 successful txs and 0 failed txs (0 silently skipped, 0ms wasted) in 0.05534124999999949s {"blockNumber":3,"successfulCount":1,"failedCount":0,"duration":0.05534124999999949,"rate":58551026.58505238,"totalPublicGas":{"daGas":4000,"l2Gas":3240287},"totalBlockGas":{"daGas":4000,"l2Gas":3240287},"totalSizeInBytes":4128,"silentlySkippedCount":0,"silentlySkippedDurationMs":0}
[14:06:44.619] INFO: simulator:public-processor Processed 1 successful txs and 0 failed txs (0 silently skipped, 0ms wasted) in 0.020864041999999243s {"blockNumber":4,"successfulCount":1,"failedCount":0,"duration":0.020864041999999243,"rate":54644972.436311305,"totalPublicGas":{"daGas":192,"l2Gas":1140115},"totalBlockGas":{"daGas":320,"l2Gas":1730915},"totalSizeInBytes":320,"silentlySkippedCount":0,"silentlySkippedDurationMs":0}
[14:06:44.660] INFO: txe:top_level_context Created block 5 with timestamp 1789391204
[14:06:44.888] INFO: simulator:public-processor Processed 1 successful txs and 0 failed txs (0 silently skipped, 0ms wasted) in 0.005553166999998211s {"blockNumber":6,"successfulCount":1,"failedCount":0,"duration":0.005553166999998211,"rate":0,"totalPublicGas":{"daGas":0,"l2Gas":0},"totalBlockGas":{"daGas":1984,"l2Gas":529900},"totalSizeInBytes":1984,"silentlySkippedCount":0,"silentlySkippedDurationMs":0}
[14:06:44.930] INFO: txe:top_level_context Created block 7 with timestamp 1789394805
[14:06:45.475] INFO: simulator:public-processor Processed 1 successful txs and 0 failed txs (0 silently skipped, 0ms wasted) in 0.02861879100000078s {"blockNumber":8,"successfulCount":1,"failedCount":0,"duration":0.02861879100000078,"rate":41838629.731073104,"totalPublicGas":{"daGas":2176,"l2Gas":1197371},"totalBlockGas":{"daGas":3552,"l2Gas":1924121},"totalSizeInBytes":3552,"silentlySkippedCount":0,"silentlySkippedDurationMs":0}
[14:06:45.539] INFO: simulator:public-processor Processed 1 successful txs and 0 failed txs (0 silently skipped, 0ms wasted) in 0.026177583000000594s {"blockNumber":9,"successfulCount":1,"failedCount":0,"duration":0.026177583000000594,"rate":45988890.57098865,"totalPublicGas":{"daGas":2176,"l2Gas":1203878},"totalBlockGas":{"daGas":2176,"l2Gas":1203878},"totalSizeInBytes":2304,"silentlySkippedCount":0,"silentlySkippedDurationMs":0}
[14:06:45.582] INFO: simulator:public-processor Processed 1 successful txs and 0 failed txs (0 silently skipped, 0ms wasted) in 0.006324749999999767s {"blockNumber":10,"successfulCount":1,"failedCount":0,"duration":0.006324749999999767,"rate":1579509.0715048607,"totalPublicGas":{"daGas":0,"l2Gas":9990},"totalBlockGas":{"daGas":0,"l2Gas":9990},"totalSizeInBytes":128,"silentlySkippedCount":0,"silentlySkippedDurationMs":0}
[14:06:45.601] INFO: txe:top_level_context Created block 10 with timestamp 1789398404
[14:06:46.183] INFO: simulator:public-processor Processed 1 successful txs and 0 failed txs (0 silently skipped, 0ms wasted) in 0.029287833000002136s {"blockNumber":11,"successfulCount":1,"failedCount":0,"duration":0.029287833000002136,"rate":40882881.29749691,"totalPublicGas":{"daGas":2176,"l2Gas":1197371},"totalBlockGas":{"daGas":3552,"l2Gas":1924121},"totalSizeInBytes":3552,"silentlySkippedCount":0,"silentlySkippedDurationMs":0}
[14:06:46.636] INFO: txe:top_level_context Created block 12 with timestamp 1789402005
[14:06:47.180] INFO: simulator:public-processor Processed 1 successful txs and 0 failed txs (0 silently skipped, 0ms wasted) in 0.029257499999999707s {"blockNumber":13,"successfulCount":1,"failedCount":0,"duration":0.029257499999999707,"rate":40925267.02554941,"totalPublicGas":{"daGas":2176,"l2Gas":1197371},"totalBlockGas":{"daGas":3552,"l2Gas":1924121},"totalSizeInBytes":3552,"silentlySkippedCount":0,"silentlySkippedDurationMs":0}
[billboard_test] Testing test_censor_window_hard_invariant ... [0m[32mok[0m
[14:06:50.145] INFO: kv-store:lmdb-v2 Starting data store with maxReaders 2
[14:06:50.147] INFO: world-state:database Creating world state data store at directory /var/folders/ym/q1vh2x5n58xbsmpmvs5_6w3r0000gn/T/aztec-world-state-eT6hFC/world_state with map sizes {"archiveTreeMapSizeKb":10485760,"nullifierTreeMapSizeKb":10485760,"noteHashTreeMapSizeKb":10485760,"messageTreeMapSizeKb":10485760,"publicDataTreeMapSizeKb":10485760} and 2 threads (ephemeral=true).
[14:06:50.160] INFO: txe_node Aztec Node version: txe
[14:06:50.160] INFO: txe_node Aztec Node started on chain 0x1
[14:06:50.177] INFO: txe:top_level_context Created block 1 with timestamp 1789391210
[14:06:50.239] INFO: txe:top_level_context Created block 2 with timestamp 1789391210
[14:06:50.340] INFO: simulator:public-processor Processed 1 successful txs and 0 failed txs (0 silently skipped, 0ms wasted) in 0.05741962500000227s {"blockNumber":3,"successfulCount":1,"failedCount":0,"duration":0.05741962500000227,"rate":56431699.09242479,"totalPublicGas":{"daGas":4000,"l2Gas":3240287},"totalBlockGas":{"daGas":4000,"l2Gas":3240287},"totalSizeInBytes":4128,"silentlySkippedCount":0,"silentlySkippedDurationMs":0}
[14:06:50.523] INFO: simulator:public-processor Processed 1 successful txs and 0 failed txs (0 silently skipped, 0ms wasted) in 0.019936207999999168s {"blockNumber":4,"successfulCount":1,"failedCount":0,"duration":0.019936207999999168,"rate":57188157.34667534,"totalPublicGas":{"daGas":192,"l2Gas":1140115},"totalBlockGas":{"daGas":320,"l2Gas":1730915},"totalSizeInBytes":320,"silentlySkippedCount":0,"silentlySkippedDurationMs":0}
[14:06:50.565] INFO: txe:top_level_context Created block 5 with timestamp 1789391210
[14:06:50.805] INFO: simulator:public-processor Processed 1 successful txs and 0 failed txs (0 silently skipped, 0ms wasted) in 0.005876708000003419s {"blockNumber":6,"successfulCount":1,"failedCount":0,"duration":0.005876708000003419,"rate":0,"totalPublicGas":{"daGas":0,"l2Gas":0},"totalBlockGas":{"daGas":1984,"l2Gas":529900},"totalSizeInBytes":1984,"silentlySkippedCount":0,"silentlySkippedDurationMs":0}
[14:06:50.846] INFO: txe:top_level_context Created block 7 with timestamp 1789394811
[14:06:51.414] INFO: simulator:public-processor Processed 1 successful txs and 0 failed txs (0 silently skipped, 0ms wasted) in 0.029640792000001966s {"blockNumber":8,"successfulCount":1,"failedCount":0,"duration":0.029640792000001966,"rate":40396052.84500902,"totalPublicGas":{"daGas":2176,"l2Gas":1197371},"totalBlockGas":{"daGas":3552,"l2Gas":1924121},"totalSizeInBytes":3552,"silentlySkippedCount":0,"silentlySkippedDurationMs":0}
[14:06:51.455] INFO: txe:top_level_context Created block 9 with timestamp 1789398410
[14:06:52.022] INFO: simulator:public-processor Processed 1 successful txs and 0 failed txs (0 silently skipped, 0ms wasted) in 0.029023083000000043s {"blockNumber":10,"successfulCount":1,"failedCount":0,"duration":0.029023083000000043,"rate":41255816.96472419,"totalPublicGas":{"daGas":2176,"l2Gas":1197371},"totalBlockGas":{"daGas":3552,"l2Gas":1924121},"totalSizeInBytes":3552,"silentlySkippedCount":0,"silentlySkippedDurationMs":0}
[14:06:52.066] INFO: simulator:public-processor Processed 1 successful txs and 0 failed txs (0 silently skipped, 0ms wasted) in 0.006274665999997524s {"blockNumber":11,"successfulCount":1,"failedCount":0,"duration":0.006274665999997524,"rate":1316723.471815593,"totalPublicGas":{"daGas":0,"l2Gas":8262},"totalBlockGas":{"daGas":0,"l2Gas":8262},"totalSizeInBytes":128,"silentlySkippedCount":0,"silentlySkippedDurationMs":0}
[billboard_test] Testing test_censor_window_post_too_young_to_screen ... [0m[32mok[0m
[billboard_test] Testing test_cooldown_100x_deposit ... [0m[32mok[0m
[billboard_test] Testing test_cooldown_10x_deposit ... [0m[32mok[0m
[billboard_test] Testing test_cooldown_at_min_deposit ... [0m[32mok[0m
[billboard_test] Testing test_cooldown_halves_when_deposit_doubles ... [0m[32mok[0m
[billboard_test] Testing test_cooldown_minimum_one_second ... [0m[32mok[0m
[billboard_test] Testing test_cooldown_no_overflow_at_large_values ... [0m[32mok[0m
[billboard_test] Testing test_cooldown_truncation ... [0m[32mok[0m
[billboard_test] Testing test_declare_immoral_censor_passes_auth ... [0m[32mok[0m
[14:07:11.760] INFO: kv-store:lmdb-v2 Starting data store with maxReaders 2
[14:07:11.772] INFO: world-state:database Creating world state data store at directory /var/folders/ym/q1vh2x5n58xbsmpmvs5_6w3r0000gn/T/aztec-world-state-1QCTEV/world_state with map sizes {"archiveTreeMapSizeKb":10485760,"nullifierTreeMapSizeKb":10485760,"noteHashTreeMapSizeKb":10485760,"messageTreeMapSizeKb":10485760,"publicDataTreeMapSizeKb":10485760} and 2 threads (ephemeral=true).
[14:07:11.791] INFO: txe_node Aztec Node version: txe
[14:07:11.791] INFO: txe_node Aztec Node started on chain 0x1
[14:07:11.810] INFO: txe:top_level_context Created block 1 with timestamp 1789391231
[14:07:11.864] INFO: txe:top_level_context Created block 2 with timestamp 1789391231
[14:07:11.986] INFO: simulator:public-processor Processed 1 successful txs and 0 failed txs (0 silently skipped, 0ms wasted) in 0.08058037499999773s {"blockNumber":3,"successfulCount":1,"failedCount":0,"duration":0.08058037499999773,"rate":40211863.00014229,"totalPublicGas":{"daGas":4000,"l2Gas":3240287},"totalBlockGas":{"daGas":4000,"l2Gas":3240287},"totalSizeInBytes":4128,"silentlySkippedCount":0,"silentlySkippedDurationMs":0}
[14:07:12.036] INFO: simulator:public-processor Processed 1 successful txs and 0 failed txs (0 silently skipped, 0ms wasted) in 0.009243999999998778s {"blockNumber":4,"successfulCount":1,"failedCount":0,"duration":0.009243999999998778,"rate":3513738.6412812956,"totalPublicGas":{"daGas":0,"l2Gas":32481},"totalBlockGas":{"daGas":0,"l2Gas":32481},"totalSizeInBytes":128,"silentlySkippedCount":0,"silentlySkippedDurationMs":0}
[14:07:12.042] WARN: txe:top_level_context Could not find function artifact in contract Billboard for function '0x6675867b' when enriching error callstack
[billboard_test] Testing test_declare_immoral_fails_when_no_censor ... [0m[32mok[0m
[14:07:14.559] INFO: kv-store:lmdb-v2 Starting data store with maxReaders 2
[14:07:14.560] INFO: world-state:database Creating world state data store at directory /var/folders/ym/q1vh2x5n58xbsmpmvs5_6w3r0000gn/T/aztec-world-state-YE6pL4/world_state with map sizes {"archiveTreeMapSizeKb":10485760,"nullifierTreeMapSizeKb":10485760,"noteHashTreeMapSizeKb":10485760,"messageTreeMapSizeKb":10485760,"publicDataTreeMapSizeKb":10485760} and 2 threads (ephemeral=true).
[14:07:14.574] INFO: txe_node Aztec Node version: txe
[14:07:14.574] INFO: txe_node Aztec Node started on chain 0x1
[14:07:14.592] INFO: txe:top_level_context Created block 1 with timestamp 1789391234
[14:07:14.650] INFO: txe:top_level_context Created block 2 with timestamp 1789391234
[14:07:14.701] INFO: simulator:public-processor Processed 1 successful txs and 0 failed txs (0 silently skipped, 0ms wasted) in 0.008800041999995302s {"blockNumber":3,"successfulCount":1,"failedCount":0,"duration":0.008800041999995302,"rate":14372658.675954903,"totalPublicGas":{"daGas":0,"l2Gas":126480},"totalBlockGas":{"daGas":0,"l2Gas":126480},"totalSizeInBytes":128,"silentlySkippedCount":0,"silentlySkippedDurationMs":0}
[14:07:14.703] WARN: txe:top_level_context Could not find function artifact in contract Billboard for function '0x8f3f1c4d' when enriching error callstack
[14:07:17.161] INFO: kv-store:lmdb-v2 Starting data store with maxReaders 2
[14:07:17.162] INFO: world-state:database Creating world state data store at directory /var/folders/ym/q1vh2x5n58xbsmpmvs5_6w3r0000gn/T/aztec-world-state-5ja8TT/world_state with map sizes {"archiveTreeMapSizeKb":10485760,"nullifierTreeMapSizeKb":10485760,"noteHashTreeMapSizeKb":10485760,"messageTreeMapSizeKb":10485760,"publicDataTreeMapSizeKb":10485760} and 2 threads (ephemeral=true).
[14:07:17.175] INFO: txe_node Aztec Node version: txe
[14:07:17.175] INFO: txe_node Aztec Node started on chain 0x1
[14:07:17.192] INFO: txe:top_level_context Created block 1 with timestamp 1789391237
[14:07:17.239] INFO: txe:top_level_context Created block 2 with timestamp 1789391237
[14:07:17.334] INFO: simulator:public-processor Processed 1 successful txs and 0 failed txs (0 silently skipped, 0ms wasted) in 0.055226249999999706s {"blockNumber":3,"successfulCount":1,"failedCount":0,"duration":0.055226249999999706,"rate":58672949.910595365,"totalPublicGas":{"daGas":4000,"l2Gas":3240287},"totalBlockGas":{"daGas":4000,"l2Gas":3240287},"totalSizeInBytes":4128,"silentlySkippedCount":0,"silentlySkippedDurationMs":0}
[14:07:17.383] INFO: simulator:public-processor Processed 1 successful txs and 0 failed txs (0 silently skipped, 0ms wasted) in 0.00657245800000237s {"blockNumber":4,"successfulCount":1,"failedCount":0,"duration":0.00657245800000237,"rate":4714218.029234851,"totalPublicGas":{"daGas":0,"l2Gas":30984},"totalBlockGas":{"daGas":0,"l2Gas":30984},"totalSizeInBytes":128,"silentlySkippedCount":0,"silentlySkippedDurationMs":0}
[14:07:17.386] WARN: txe:top_level_context Could not find function artifact in contract Billboard for function '0x6675867b' when enriching error callstack
[billboard_test] Testing test_declare_immoral_rejects_non_censor ... [0m[32mok[0m
[billboard_test] Testing test_deposit_msg_hash_deterministic ... [0m[32mok[0m
[billboard_test] Testing test_deposit_msg_hash_differs_by_amount ... [0m[32mok[0m
[billboard_test] Testing test_deposit_msg_hash_differs_by_depositor ... [0m[32mok[0m
[14:07:27.115] INFO: kv-store:lmdb-v2 Starting data store with maxReaders 2
[14:07:27.117] INFO: world-state:database Creating world state data store at directory /var/folders/ym/q1vh2x5n58xbsmpmvs5_6w3r0000gn/T/aztec-world-state-B0xYQk/world_state with map sizes {"archiveTreeMapSizeKb":10485760,"nullifierTreeMapSizeKb":10485760,"noteHashTreeMapSizeKb":10485760,"messageTreeMapSizeKb":10485760,"publicDataTreeMapSizeKb":10485760} and 2 threads (ephemeral=true).
[14:07:27.131] INFO: txe_node Aztec Node version: txe
[14:07:27.131] INFO: txe_node Aztec Node started on chain 0x1
[14:07:27.149] INFO: txe:top_level_context Created block 1 with timestamp 1789391247
[14:07:27.207] INFO: txe:top_level_context Created block 2 with timestamp 1789391247
[14:07:27.306] INFO: simulator:public-processor Processed 1 successful txs and 0 failed txs (0 silently skipped, 0ms wasted) in 0.05797379199999705s {"blockNumber":3,"successfulCount":1,"failedCount":0,"duration":0.05797379199999705,"rate":55892272.83942656,"totalPublicGas":{"daGas":4000,"l2Gas":3240287},"totalBlockGas":{"daGas":4000,"l2Gas":3240287},"totalSizeInBytes":4128,"silentlySkippedCount":0,"silentlySkippedDurationMs":0}
[14:07:27.480] INFO: simulator:public-processor Processed 1 successful txs and 0 failed txs (0 silently skipped, 0ms wasted) in 0.01960650000000169s {"blockNumber":4,"successfulCount":1,"failedCount":0,"duration":0.01960650000000169,"rate":58149848.26460112,"totalPublicGas":{"daGas":192,"l2Gas":1140115},"totalBlockGas":{"daGas":320,"l2Gas":1730915},"totalSizeInBytes":320,"silentlySkippedCount":0,"silentlySkippedDurationMs":0}
[14:07:27.521] INFO: txe:top_level_context Created block 5 with timestamp 1789391247
[14:07:27.752] INFO: simulator:public-processor Processed 1 successful txs and 0 failed txs (0 silently skipped, 0ms wasted) in 0.005580125000000408s {"blockNumber":6,"successfulCount":1,"failedCount":0,"duration":0.005580125000000408,"rate":0,"totalPublicGas":{"daGas":0,"l2Gas":0},"totalBlockGas":{"daGas":1984,"l2Gas":529900},"totalSizeInBytes":1984,"silentlySkippedCount":0,"silentlySkippedDurationMs":0}
[14:07:27.795] INFO: txe:top_level_context Created block 7 with timestamp 1789394848
[14:07:28.407] INFO: simulator:public-processor Processed 1 successful txs and 0 failed txs (0 silently skipped, 0ms wasted) in 0.030949790999999095s {"blockNumber":8,"successfulCount":1,"failedCount":0,"duration":0.030949790999999095,"rate":38687531.040194586,"totalPublicGas":{"daGas":2176,"l2Gas":1197371},"totalBlockGas":{"daGas":3552,"l2Gas":1924121},"totalSizeInBytes":3552,"silentlySkippedCount":0,"silentlySkippedDurationMs":0}
[14:07:28.450] INFO: txe:top_level_context Created block 9 with timestamp 1789398449
[14:07:29.032] INFO: simulator:public-processor Processed 1 successful txs and 0 failed txs (0 silently skipped, 0ms wasted) in 0.011239166999999725s {"blockNumber":10,"successfulCount":1,"failedCount":0,"duration":0.011239166999999725,"rate":8599035.853813931,"totalPublicGas":{"daGas":128,"l2Gas":96646},"totalBlockGas":{"daGas":1504,"l2Gas":823396},"totalSizeInBytes":1504,"silentlySkippedCount":0,"silentlySkippedDurationMs":0}
[billboard_test] Testing test_dummy_post_advances_screening ... [0m[32mok[0m
[14:07:32.006] INFO: kv-store:lmdb-v2 Starting data store with maxReaders 2
[14:07:32.007] INFO: world-state:database Creating world state data store at directory /var/folders/ym/q1vh2x5n58xbsmpmvs5_6w3r0000gn/T/aztec-world-state-ABdzf3/world_state with map sizes {"archiveTreeMapSizeKb":10485760,"nullifierTreeMapSizeKb":10485760,"noteHashTreeMapSizeKb":10485760,"messageTreeMapSizeKb":10485760,"publicDataTreeMapSizeKb":10485760} and 2 threads (ephemeral=true).
[14:07:32.021] INFO: txe_node Aztec Node version: txe
[14:07:32.021] INFO: txe_node Aztec Node started on chain 0x1
[14:07:32.039] INFO: txe:top_level_context Created block 1 with timestamp 1789391252
[14:07:32.093] INFO: txe:top_level_context Created block 2 with timestamp 1789391252
[14:07:32.187] INFO: simulator:public-processor Processed 1 successful txs and 0 failed txs (0 silently skipped, 0ms wasted) in 0.05498766700000124s {"blockNumber":3,"successfulCount":1,"failedCount":0,"duration":0.05498766700000124,"rate":58927522.784335025,"totalPublicGas":{"daGas":4000,"l2Gas":3240287},"totalBlockGas":{"daGas":4000,"l2Gas":3240287},"totalSizeInBytes":4128,"silentlySkippedCount":0,"silentlySkippedDurationMs":0}
[14:07:32.369] INFO: simulator:public-processor Processed 1 successful txs and 0 failed txs (0 silently skipped, 0ms wasted) in 0.02016020899999421s {"blockNumber":4,"successfulCount":1,"failedCount":0,"duration":0.02016020899999421,"rate":56552737.12689821,"totalPublicGas":{"daGas":192,"l2Gas":1140115},"totalBlockGas":{"daGas":320,"l2Gas":1730915},"totalSizeInBytes":320,"silentlySkippedCount":0,"silentlySkippedDurationMs":0}
[14:07:32.410] INFO: txe:top_level_context Created block 5 with timestamp 1789391252
[14:07:32.632] INFO: simulator:public-processor Processed 1 successful txs and 0 failed txs (0 silently skipped, 0ms wasted) in 0.005466749999999593s {"blockNumber":6,"successfulCount":1,"failedCount":0,"duration":0.005466749999999593,"rate":0,"totalPublicGas":{"daGas":0,"l2Gas":0},"totalBlockGas":{"daGas":1984,"l2Gas":529900},"totalSizeInBytes":1984,"silentlySkippedCount":0,"silentlySkippedDurationMs":0}
[14:07:32.674] INFO: txe:top_level_context Created block 7 with timestamp 1789394853
[14:07:33.222] INFO: simulator:public-processor Processed 1 successful txs and 0 failed txs (0 silently skipped, 0ms wasted) in 0.01082129200000054s {"blockNumber":8,"successfulCount":1,"failedCount":0,"duration":0.01082129200000054,"rate":8931096.212910175,"totalPublicGas":{"daGas":128,"l2Gas":96646},"totalBlockGas":{"daGas":1504,"l2Gas":823396},"totalSizeInBytes":1504,"silentlySkippedCount":0,"silentlySkippedDurationMs":0}
[14:07:33.265] INFO: simulator:public-processor Processed 1 successful txs and 0 failed txs (0 silently skipped, 0ms wasted) in 0.005873290999996243s {"blockNumber":9,"successfulCount":1,"failedCount":0,"duration":0.005873290999996243,"rate":1406707.0744503015,"totalPublicGas":{"daGas":0,"l2Gas":8262},"totalBlockGas":{"daGas":0,"l2Gas":8262},"totalSizeInBytes":128,"silentlySkippedCount":0,"silentlySkippedDurationMs":0}
[14:07:33.285] INFO: simulator:public-processor Processed 1 successful txs and 0 failed txs (0 silently skipped, 0ms wasted) in 0.005803875000005064s {"blockNumber":9,"successfulCount":1,"failedCount":0,"duration":0.005803875000005064,"rate":1696452.8009289328,"totalPublicGas":{"daGas":0,"l2Gas":9846},"totalBlockGas":{"daGas":0,"l2Gas":9846},"totalSizeInBytes":128,"silentlySkippedCount":0,"silentlySkippedDurationMs":0}
[14:07:33.308] INFO: simulator:public-processor Processed 1 successful txs and 0 failed txs (0 silently skipped, 0ms wasted) in 0.008007042000004731s {"blockNumber":9,"successfulCount":1,"failedCount":0,"duration":0.008007042000004731,"rate":15722660.128412666,"totalPublicGas":{"daGas":0,"l2Gas":125892},"totalBlockGas":{"daGas":0,"l2Gas":125892},"totalSizeInBytes":128,"silentlySkippedCount":0,"silentlySkippedDurationMs":0}
[billboard_test] Testing test_dummy_post_does_not_store_content ... [0m[32mok[0m
[14:07:36.373] INFO: kv-store:lmdb-v2 Starting data store with maxReaders 2
[14:07:36.376] INFO: world-state:database Creating world state data store at directory /var/folders/ym/q1vh2x5n58xbsmpmvs5_6w3r0000gn/T/aztec-world-state-MvJNF6/world_state with map sizes {"archiveTreeMapSizeKb":10485760,"nullifierTreeMapSizeKb":10485760,"noteHashTreeMapSizeKb":10485760,"messageTreeMapSizeKb":10485760,"publicDataTreeMapSizeKb":10485760} and 2 threads (ephemeral=true).
[14:07:36.395] INFO: txe_node Aztec Node version: txe
[14:07:36.395] INFO: txe_node Aztec Node started on chain 0x1
[14:07:36.414] INFO: txe:top_level_context Created block 1 with timestamp 1789391256
[14:07:36.468] INFO: txe:top_level_context Created block 2 with timestamp 1789391256
[14:07:36.563] INFO: simulator:public-processor Processed 1 successful txs and 0 failed txs (0 silently skipped, 0ms wasted) in 0.05523504200000025s {"blockNumber":3,"successfulCount":1,"failedCount":0,"duration":0.05523504200000025,"rate":58663610.68395649,"totalPublicGas":{"daGas":4000,"l2Gas":3240287},"totalBlockGas":{"daGas":4000,"l2Gas":3240287},"totalSizeInBytes":4128,"silentlySkippedCount":0,"silentlySkippedDurationMs":0}
[14:07:36.744] INFO: simulator:public-processor Processed 1 successful txs and 0 failed txs (0 silently skipped, 0ms wasted) in 0.02064716700000281s {"blockNumber":4,"successfulCount":1,"failedCount":0,"duration":0.02064716700000281,"rate":55218955.70466615,"totalPublicGas":{"daGas":192,"l2Gas":1140115},"totalBlockGas":{"daGas":320,"l2Gas":1730915},"totalSizeInBytes":320,"silentlySkippedCount":0,"silentlySkippedDurationMs":0}
[14:07:36.785] INFO: txe:top_level_context Created block 5 with timestamp 1789391256
[14:07:37.015] INFO: simulator:public-processor Processed 1 successful txs and 0 failed txs (0 silently skipped, 0ms wasted) in 0.005586957999999868s {"blockNumber":6,"successfulCount":1,"failedCount":0,"duration":0.005586957999999868,"rate":0,"totalPublicGas":{"daGas":0,"l2Gas":0},"totalBlockGas":{"daGas":1984,"l2Gas":529900},"totalSizeInBytes":1984,"silentlySkippedCount":0,"silentlySkippedDurationMs":0}
[14:07:37.075] INFO: txe:top_level_context Created block 7 with timestamp 1789394857
[14:07:37.705] INFO: simulator:public-processor Processed 1 successful txs and 0 failed txs (0 silently skipped, 0ms wasted) in 0.07059674999999697s {"blockNumber":8,"successfulCount":1,"failedCount":0,"duration":0.07059674999999697,"rate":16960709.94769662,"totalPublicGas":{"daGas":2176,"l2Gas":1197371},"totalBlockGas":{"daGas":3552,"l2Gas":1924121},"totalSizeInBytes":3552,"silentlySkippedCount":0,"silentlySkippedDurationMs":0}
[14:07:37.798] INFO: simulator:public-processor Processed 1 successful txs and 0 failed txs (0 silently skipped, 0ms wasted) in 0.03922329199999513s {"blockNumber":9,"successfulCount":1,"failedCount":0,"duration":0.03922329199999513,"rate":30692936.227794178,"totalPublicGas":{"daGas":2176,"l2Gas":1203878},"totalBlockGas":{"daGas":2176,"l2Gas":1203878},"totalSizeInBytes":2304,"silentlySkippedCount":0,"silentlySkippedDurationMs":0}
[14:07:37.841] INFO: txe:top_level_context Created block 10 with timestamp 1789398457
[14:07:38.424] INFO: simulator:public-processor Processed 1 successful txs and 0 failed txs (0 silently skipped, 0ms wasted) in 0.030186957999991135s {"blockNumber":11,"successfulCount":1,"failedCount":0,"duration":0.030186957999991135,"rate":39665175.93459903,"totalPublicGas":{"daGas":2176,"l2Gas":1197371},"totalBlockGas":{"daGas":3552,"l2Gas":1924121},"totalSizeInBytes":3552,"silentlySkippedCount":0,"silentlySkippedDurationMs":0}
[billboard_test] Testing test_flag_penalty_exact_value ... [0m[32mok[0m
[14:07:41.411] INFO: kv-store:lmdb-v2 Starting data store with maxReaders 2
[14:07:41.412] INFO: world-state:database Creating world state data store at directory /var/folders/ym/q1vh2x5n58xbsmpmvs5_6w3r0000gn/T/aztec-world-state-WRJijs/world_state with map sizes {"archiveTreeMapSizeKb":10485760,"nullifierTreeMapSizeKb":10485760,"noteHashTreeMapSizeKb":10485760,"messageTreeMapSizeKb":10485760,"publicDataTreeMapSizeKb":10485760} and 2 threads (ephemeral=true).
[14:07:41.425] INFO: txe_node Aztec Node version: txe
[14:07:41.425] INFO: txe_node Aztec Node started on chain 0x1
[14:07:41.443] INFO: txe:top_level_context Created block 1 with timestamp 1789391261
[14:07:41.493] INFO: txe:top_level_context Created block 2 with timestamp 1789391261
[14:07:41.587] INFO: simulator:public-processor Processed 1 successful txs and 0 failed txs (0 silently skipped, 0ms wasted) in 0.05508445799999754s {"blockNumber":3,"successfulCount":1,"failedCount":0,"duration":0.05508445799999754,"rate":58823978.98877656,"totalPublicGas":{"daGas":4000,"l2Gas":3240287},"totalBlockGas":{"daGas":4000,"l2Gas":3240287},"totalSizeInBytes":4128,"silentlySkippedCount":0,"silentlySkippedDurationMs":0}
[14:07:41.763] INFO: simulator:public-processor Processed 1 successful txs and 0 failed txs (0 silently skipped, 0ms wasted) in 0.02052120799999102s {"blockNumber":4,"successfulCount":1,"failedCount":0,"duration":0.02052120799999102,"rate":55557889.184715584,"totalPublicGas":{"daGas":192,"l2Gas":1140115},"totalBlockGas":{"daGas":320,"l2Gas":1730915},"totalSizeInBytes":320,"silentlySkippedCount":0,"silentlySkippedDurationMs":0}
[14:07:41.804] INFO: txe:top_level_context Created block 5 with timestamp 1789391261
[14:07:42.038] INFO: simulator:public-processor Processed 1 successful txs and 0 failed txs (0 silently skipped, 0ms wasted) in 0.006048749999987195s {"blockNumber":6,"successfulCount":1,"failedCount":0,"duration":0.006048749999987195,"rate":0,"totalPublicGas":{"daGas":0,"l2Gas":0},"totalBlockGas":{"daGas":1984,"l2Gas":529900},"totalSizeInBytes":1984,"silentlySkippedCount":0,"silentlySkippedDurationMs":0}
[14:07:42.081] INFO: txe:top_level_context Created block 7 with timestamp 1789394862
[14:07:42.634] INFO: simulator:public-processor Processed 1 successful txs and 0 failed txs (0 silently skipped, 0ms wasted) in 0.028752334000004338s {"blockNumber":8,"successfulCount":1,"failedCount":0,"duration":0.028752334000004338,"rate":41644306.16310381,"totalPublicGas":{"daGas":2176,"l2Gas":1197371},"totalBlockGas":{"daGas":3552,"l2Gas":1924121},"totalSizeInBytes":3552,"silentlySkippedCount":0,"silentlySkippedDurationMs":0}
[14:07:42.675] INFO: txe:top_level_context Created block 9 with timestamp 1789398461
[14:07:43.233] INFO: simulator:public-processor Processed 1 successful txs and 0 failed txs (0 silently skipped, 0ms wasted) in 0.028716124999991734s {"blockNumber":10,"successfulCount":1,"failedCount":0,"duration":0.028716124999991734,"rate":41696816.68401794,"totalPublicGas":{"daGas":2176,"l2Gas":1197371},"totalBlockGas":{"daGas":3552,"l2Gas":1924121},"totalSizeInBytes":3552,"silentlySkippedCount":0,"silentlySkippedDurationMs":0}
[14:07:43.296] INFO: simulator:public-processor Processed 1 successful txs and 0 failed txs (0 silently skipped, 0ms wasted) in 0.025719166999988375s {"blockNumber":11,"successfulCount":1,"failedCount":0,"duration":0.025719166999988375,"rate":46808592.20675942,"totalPublicGas":{"daGas":2176,"l2Gas":1203878},"totalBlockGas":{"daGas":2176,"l2Gas":1203878},"totalSizeInBytes":2304,"silentlySkippedCount":0,"silentlySkippedDurationMs":0}
[14:07:43.361] INFO: simulator:public-processor Processed 1 successful txs and 0 failed txs (0 silently skipped, 0ms wasted) in 0.02654962499999965s {"blockNumber":12,"successfulCount":1,"failedCount":0,"duration":0.02654962499999965,"rate":45344444.60138386,"totalPublicGas":{"daGas":2176,"l2Gas":1203878},"totalBlockGas":{"daGas":2176,"l2Gas":1203878},"totalSizeInBytes":2304,"silentlySkippedCount":0,"silentlySkippedDurationMs":0}
[14:07:43.402] INFO: txe:top_level_context Created block 13 with timestamp 1789402062
[14:07:43.977] INFO: simulator:public-processor Processed 1 successful txs and 0 failed txs (0 silently skipped, 0ms wasted) in 0.029146333000011508s {"blockNumber":14,"successfulCount":1,"failedCount":0,"duration":0.029146333000011508,"rate":41081360.04620297,"totalPublicGas":{"daGas":2176,"l2Gas":1197371},"totalBlockGas":{"daGas":3552,"l2Gas":1924121},"totalSizeInBytes":3552,"silentlySkippedCount":0,"silentlySkippedDurationMs":0}
[billboard_test] Testing test_flag_penalty_two_flags ... [0m[32mok[0m
[14:07:46.957] INFO: kv-store:lmdb-v2 Starting data store with maxReaders 2
[14:07:46.958] INFO: world-state:database Creating world state data store at directory /var/folders/ym/q1vh2x5n58xbsmpmvs5_6w3r0000gn/T/aztec-world-state-D32389/world_state with map sizes {"archiveTreeMapSizeKb":10485760,"nullifierTreeMapSizeKb":10485760,"noteHashTreeMapSizeKb":10485760,"messageTreeMapSizeKb":10485760,"publicDataTreeMapSizeKb":10485760} and 2 threads (ephemeral=true).
[14:07:46.971] INFO: txe_node Aztec Node version: txe
[14:07:46.971] INFO: txe_node Aztec Node started on chain 0x1
[14:07:46.988] INFO: txe:top_level_context Created block 1 with timestamp 1789391266
[14:07:47.039] INFO: txe:top_level_context Created block 2 with timestamp 1789391266
[14:07:47.134] INFO: simulator:public-processor Processed 1 successful txs and 0 failed txs (0 silently skipped, 0ms wasted) in 0.05520354199998837s {"blockNumber":3,"successfulCount":1,"failedCount":0,"duration":0.05520354199998837,"rate":58697085.05299683,"totalPublicGas":{"daGas":4000,"l2Gas":3240287},"totalBlockGas":{"daGas":4000,"l2Gas":3240287},"totalSizeInBytes":4128,"silentlySkippedCount":0,"silentlySkippedDurationMs":0}
[14:07:47.300] INFO: simulator:public-processor Processed 1 successful txs and 0 failed txs (0 silently skipped, 0ms wasted) in 0.019644249999997556s {"blockNumber":4,"successfulCount":1,"failedCount":0,"duration":0.019644249999997556,"rate":58038102.752721116,"totalPublicGas":{"daGas":192,"l2Gas":1140115},"totalBlockGas":{"daGas":320,"l2Gas":1730915},"totalSizeInBytes":320,"silentlySkippedCount":0,"silentlySkippedDurationMs":0}
[14:07:47.340] INFO: txe:top_level_context Created block 5 with timestamp 1789391266
[14:07:47.561] INFO: simulator:public-processor Processed 1 successful txs and 0 failed txs (0 silently skipped, 0ms wasted) in 0.005505166999995708s {"blockNumber":6,"successfulCount":1,"failedCount":0,"duration":0.005505166999995708,"rate":0,"totalPublicGas":{"daGas":0,"l2Gas":0},"totalBlockGas":{"daGas":1984,"l2Gas":529900},"totalSizeInBytes":1984,"silentlySkippedCount":0,"silentlySkippedDurationMs":0}
[14:07:47.602] INFO: txe:top_level_context Created block 7 with timestamp 1789394867
[14:07:48.142] INFO: simulator:public-processor Processed 1 successful txs and 0 failed txs (0 silently skipped, 0ms wasted) in 0.028680124999998953s {"blockNumber":8,"successfulCount":1,"failedCount":0,"duration":0.028680124999998953,"rate":41749155.55633191,"totalPublicGas":{"daGas":2176,"l2Gas":1197371},"totalBlockGas":{"daGas":3552,"l2Gas":1924121},"totalSizeInBytes":3552,"silentlySkippedCount":0,"silentlySkippedDurationMs":0}
[14:07:48.205] INFO: simulator:public-processor Processed 1 successful txs and 0 failed txs (0 silently skipped, 0ms wasted) in 0.02562874999998894s {"blockNumber":9,"successfulCount":1,"failedCount":0,"duration":0.02562874999998894,"rate":46973730.67358024,"totalPublicGas":{"daGas":2176,"l2Gas":1203878},"totalBlockGas":{"daGas":2176,"l2Gas":1203878},"totalSizeInBytes":2304,"silentlySkippedCount":0,"silentlySkippedDurationMs":0}
[14:07:48.245] INFO: txe:top_level_context Created block 10 with timestamp 1789494867
[14:07:48.820] INFO: simulator:public-processor Processed 1 successful txs and 0 failed txs (0 silently skipped, 0ms wasted) in 0.029001665999996477s {"blockNumber":11,"successfulCount":1,"failedCount":0,"duration":0.029001665999996477,"rate":41286283.34662379,"totalPublicGas":{"daGas":2176,"l2Gas":1197371},"totalBlockGas":{"daGas":3552,"l2Gas":1924121},"totalSizeInBytes":3552,"silentlySkippedCount":0,"silentlySkippedDurationMs":0}
[billboard_test] Testing test_flag_penalty_with_save_up ... [0m[32mok[0m
[14:07:51.790] INFO: kv-store:lmdb-v2 Starting data store with maxReaders 2
[14:07:51.791] INFO: world-state:database Creating world state data store at directory /var/folders/ym/q1vh2x5n58xbsmpmvs5_6w3r0000gn/T/aztec-world-state-2Andf8/world_state with map sizes {"archiveTreeMapSizeKb":10485760,"nullifierTreeMapSizeKb":10485760,"noteHashTreeMapSizeKb":10485760,"messageTreeMapSizeKb":10485760,"publicDataTreeMapSizeKb":10485760} and 2 threads (ephemeral=true).
[14:07:51.804] INFO: txe_node Aztec Node version: txe
[14:07:51.804] INFO: txe_node Aztec Node started on chain 0x1
[14:07:51.821] INFO: txe:top_level_context Created block 1 with timestamp 1789391271
[14:07:51.871] INFO: txe:top_level_context Created block 2 with timestamp 1789391271
[14:07:51.964] INFO: simulator:public-processor Processed 1 successful txs and 0 failed txs (0 silently skipped, 0ms wasted) in 0.05448070900001039s {"blockNumber":3,"successfulCount":1,"failedCount":0,"duration":0.05448070900001039,"rate":59475859.61114019,"totalPublicGas":{"daGas":4000,"l2Gas":3240287},"totalBlockGas":{"daGas":4000,"l2Gas":3240287},"totalSizeInBytes":4128,"silentlySkippedCount":0,"silentlySkippedDurationMs":0}
[14:07:52.125] INFO: simulator:public-processor Processed 1 successful txs and 0 failed txs (0 silently skipped, 0ms wasted) in 0.019868542000011074s {"blockNumber":4,"successfulCount":1,"failedCount":0,"duration":0.019868542000011074,"rate":57382922.20935812,"totalPublicGas":{"daGas":192,"l2Gas":1140115},"totalBlockGas":{"daGas":320,"l2Gas":1730915},"totalSizeInBytes":320,"silentlySkippedCount":0,"silentlySkippedDurationMs":0}
[14:07:52.165] INFO: txe:top_level_context Created block 5 with timestamp 1789391271
[14:07:52.385] INFO: simulator:public-processor Processed 1 successful txs and 0 failed txs (0 silently skipped, 0ms wasted) in 0.005556125000002794s {"blockNumber":6,"successfulCount":1,"failedCount":0,"duration":0.005556125000002794,"rate":0,"totalPublicGas":{"daGas":0,"l2Gas":0},"totalBlockGas":{"daGas":1984,"l2Gas":529900},"totalSizeInBytes":1984,"silentlySkippedCount":0,"silentlySkippedDurationMs":0}
[14:07:52.427] INFO: txe:top_level_context Created block 7 with timestamp 1789394872
[14:07:52.963] INFO: simulator:public-processor Processed 1 successful txs and 0 failed txs (0 silently skipped, 0ms wasted) in 0.028418917000002694s {"blockNumber":8,"successfulCount":1,"failedCount":0,"duration":0.028418917000002694,"rate":42132886.34467973,"totalPublicGas":{"daGas":2176,"l2Gas":1197371},"totalBlockGas":{"daGas":3552,"l2Gas":1924121},"totalSizeInBytes":3552,"silentlySkippedCount":0,"silentlySkippedDurationMs":0}
[14:07:53.025] INFO: simulator:public-processor Processed 1 successful txs and 0 failed txs (0 silently skipped, 0ms wasted) in 0.02519650000000547s {"blockNumber":9,"successfulCount":1,"failedCount":0,"duration":0.02519650000000547,"rate":47779572.55967053,"totalPublicGas":{"daGas":2176,"l2Gas":1203878},"totalBlockGas":{"daGas":2176,"l2Gas":1203878},"totalSizeInBytes":2304,"silentlySkippedCount":0,"silentlySkippedDurationMs":0}
[14:07:53.069] INFO: simulator:public-processor Processed 1 successful txs and 0 failed txs (0 silently skipped, 0ms wasted) in 0.005954207999995561s {"blockNumber":10,"successfulCount":1,"failedCount":0,"duration":0.005954207999995561,"rate":1677805.0078209308,"totalPublicGas":{"daGas":0,"l2Gas":9990},"totalBlockGas":{"daGas":0,"l2Gas":9990},"totalSizeInBytes":128,"silentlySkippedCount":0,"silentlySkippedDurationMs":0}
[14:07:53.089] INFO: simulator:public-processor Processed 1 successful txs and 0 failed txs (0 silently skipped, 0ms wasted) in 0.005858124999998836s {"blockNumber":10,"successfulCount":1,"failedCount":0,"duration":0.005858124999998836,"rate":1696105.8359119983,"totalPublicGas":{"daGas":0,"l2Gas":9936},"totalBlockGas":{"daGas":0,"l2Gas":9936},"totalSizeInBytes":128,"silentlySkippedCount":0,"silentlySkippedDurationMs":0}
[14:07:53.113] INFO: simulator:public-processor Processed 1 successful txs and 0 failed txs (0 silently skipped, 0ms wasted) in 0.00935725000000093s {"blockNumber":10,"successfulCount":1,"failedCount":0,"duration":0.00935725000000093,"rate":13328595.474096298,"totalPublicGas":{"daGas":0,"l2Gas":124719},"totalBlockGas":{"daGas":0,"l2Gas":124719},"totalSizeInBytes":128,"silentlySkippedCount":0,"silentlySkippedDurationMs":0}
[billboard_test] Testing test_full_flow_declare_immoral_after_post ... [0m[32mok[0m
[billboard_test] Testing test_full_flow_deposit_below_minimum ... [0m[32mok[0m
[14:07:55.521] INFO: kv-store:lmdb-v2 Starting data store with maxReaders 2
[14:07:55.522] INFO: world-state:database Creating world state data store at directory /var/folders/ym/q1vh2x5n58xbsmpmvs5_6w3r0000gn/T/aztec-world-state-Bv6gPr/world_state with map sizes {"archiveTreeMapSizeKb":10485760,"nullifierTreeMapSizeKb":10485760,"noteHashTreeMapSizeKb":10485760,"messageTreeMapSizeKb":10485760,"publicDataTreeMapSizeKb":10485760} and 2 threads (ephemeral=true).
[14:07:55.535] INFO: txe_node Aztec Node version: txe
[14:07:55.535] INFO: txe_node Aztec Node started on chain 0x1
[14:07:55.552] INFO: txe:top_level_context Created block 1 with timestamp 1789391275
[14:07:55.602] INFO: txe:top_level_context Created block 2 with timestamp 1789391275
[14:07:55.695] INFO: simulator:public-processor Processed 1 successful txs and 0 failed txs (0 silently skipped, 0ms wasted) in 0.05428666599999997s {"blockNumber":3,"successfulCount":1,"failedCount":0,"duration":0.05428666599999997,"rate":59688450.93563126,"totalPublicGas":{"daGas":4000,"l2Gas":3240287},"totalBlockGas":{"daGas":4000,"l2Gas":3240287},"totalSizeInBytes":4128,"silentlySkippedCount":0,"silentlySkippedDurationMs":0}
[14:07:55.869] INFO: simulator:public-processor Processed 1 successful txs and 0 failed txs (0 silently skipped, 0ms wasted) in 0.019806084000010743s {"blockNumber":4,"successfulCount":1,"failedCount":0,"duration":0.019806084000010743,"rate":57563877.84679604,"totalPublicGas":{"daGas":192,"l2Gas":1140115},"totalBlockGas":{"daGas":320,"l2Gas":1730915},"totalSizeInBytes":320,"silentlySkippedCount":0,"silentlySkippedDurationMs":0}
[14:07:55.910] INFO: txe:top_level_context Created block 5 with timestamp 1789391275
[14:07:58.539] INFO: kv-store:lmdb-v2 Starting data store with maxReaders 2
[14:07:58.540] INFO: world-state:database Creating world state data store at directory /var/folders/ym/q1vh2x5n58xbsmpmvs5_6w3r0000gn/T/aztec-world-state-xXVII6/world_state with map sizes {"archiveTreeMapSizeKb":10485760,"nullifierTreeMapSizeKb":10485760,"noteHashTreeMapSizeKb":10485760,"messageTreeMapSizeKb":10485760,"publicDataTreeMapSizeKb":10485760} and 2 threads (ephemeral=true).
[14:07:58.553] INFO: txe_node Aztec Node version: txe
[14:07:58.553] INFO: txe_node Aztec Node started on chain 0x1
[14:07:58.570] INFO: txe:top_level_context Created block 1 with timestamp 1789391278
[14:07:58.620] INFO: txe:top_level_context Created block 2 with timestamp 1789391278
[14:07:58.713] INFO: simulator:public-processor Processed 1 successful txs and 0 failed txs (0 silently skipped, 0ms wasted) in 0.05432962499999849s {"blockNumber":3,"successfulCount":1,"failedCount":0,"duration":0.05432962499999849,"rate":59641254.656186014,"totalPublicGas":{"daGas":4000,"l2Gas":3240287},"totalBlockGas":{"daGas":4000,"l2Gas":3240287},"totalSizeInBytes":4128,"silentlySkippedCount":0,"silentlySkippedDurationMs":0}
[14:07:58.874] INFO: simulator:public-processor Processed 1 successful txs and 0 failed txs (0 silently skipped, 0ms wasted) in 0.019356500000008964s {"blockNumber":4,"successfulCount":1,"failedCount":0,"duration":0.019356500000008964,"rate":58900886.0072571,"totalPublicGas":{"daGas":192,"l2Gas":1140115},"totalBlockGas":{"daGas":320,"l2Gas":1730915},"totalSizeInBytes":320,"silentlySkippedCount":0,"silentlySkippedDurationMs":0}
[14:07:58.915] INFO: txe:top_level_context Created block 5 with timestamp 1789391278
[14:07:59.134] INFO: simulator:public-processor Processed 1 successful txs and 0 failed txs (0 silently skipped, 0ms wasted) in 0.005443707999991602s {"blockNumber":6,"successfulCount":1,"failedCount":0,"duration":0.005443707999991602,"rate":0,"totalPublicGas":{"daGas":0,"l2Gas":0},"totalBlockGas":{"daGas":1984,"l2Gas":529900},"totalSizeInBytes":1984,"silentlySkippedCount":0,"silentlySkippedDurationMs":0}
[14:07:59.175] INFO: txe:top_level_context Created block 7 with timestamp 1789394879
[14:07:59.752] INFO: simulator:public-processor Processed 1 successful txs and 0 failed txs (0 silently skipped, 0ms wasted) in 0.028743124999993597s {"blockNumber":8,"successfulCount":1,"failedCount":0,"duration":0.028743124999993597,"rate":41657648.56814514,"totalPublicGas":{"daGas":2176,"l2Gas":1197371},"totalBlockGas":{"daGas":3552,"l2Gas":1924121},"totalSizeInBytes":3552,"silentlySkippedCount":0,"silentlySkippedDurationMs":0}
[14:07:59.815] INFO: simulator:public-processor Processed 1 successful txs and 0 failed txs (0 silently skipped, 0ms wasted) in 0.02551175000000512s {"blockNumber":9,"successfulCount":1,"failedCount":0,"duration":0.02551175000000512,"rate":47189157.93701954,"totalPublicGas":{"daGas":2176,"l2Gas":1203878},"totalBlockGas":{"daGas":2176,"l2Gas":1203878},"totalSizeInBytes":2304,"silentlySkippedCount":0,"silentlySkippedDurationMs":0}
[14:07:59.858] INFO: simulator:public-processor Processed 1 successful txs and 0 failed txs (0 silently skipped, 0ms wasted) in 0.006899959000002127s {"blockNumber":10,"successfulCount":1,"failedCount":0,"duration":0.006899959000002127,"rate":5052638.718576335,"totalPublicGas":{"daGas":0,"l2Gas":34863},"totalBlockGas":{"daGas":0,"l2Gas":34863},"totalSizeInBytes":128,"silentlySkippedCount":0,"silentlySkippedDurationMs":0}
[14:07:59.861] WARN: txe:top_level_context Could not find function artifact in contract Billboard for function '0x6675867b' when enriching error callstack
[billboard_test] Testing test_full_flow_double_flag_fails ... [0m[32mok[0m
[14:08:02.370] INFO: kv-store:lmdb-v2 Starting data store with maxReaders 2
[14:08:02.371] INFO: world-state:database Creating world state data store at directory /var/folders/ym/q1vh2x5n58xbsmpmvs5_6w3r0000gn/T/aztec-world-state-NASSGL/world_state with map sizes {"archiveTreeMapSizeKb":10485760,"nullifierTreeMapSizeKb":10485760,"noteHashTreeMapSizeKb":10485760,"messageTreeMapSizeKb":10485760,"publicDataTreeMapSizeKb":10485760} and 2 threads (ephemeral=true).
[14:08:02.384] INFO: txe_node Aztec Node version: txe
[14:08:02.384] INFO: txe_node Aztec Node started on chain 0x1
[14:08:02.401] INFO: txe:top_level_context Created block 1 with timestamp 1789391282
[14:08:02.451] INFO: txe:top_level_context Created block 2 with timestamp 1789391282
[14:08:02.546] INFO: simulator:public-processor Processed 1 successful txs and 0 failed txs (0 silently skipped, 0ms wasted) in 0.05486462499998743s {"blockNumber":3,"successfulCount":1,"failedCount":0,"duration":0.05486462499998743,"rate":59059676.43086492,"totalPublicGas":{"daGas":4000,"l2Gas":3240287},"totalBlockGas":{"daGas":4000,"l2Gas":3240287},"totalSizeInBytes":4128,"silentlySkippedCount":0,"silentlySkippedDurationMs":0}
[14:08:02.708] INFO: simulator:public-processor Processed 1 successful txs and 0 failed txs (0 silently skipped, 0ms wasted) in 0.02008766699999978s {"blockNumber":4,"successfulCount":1,"failedCount":0,"duration":0.02008766699999978,"rate":56756964.36027202,"totalPublicGas":{"daGas":192,"l2Gas":1140115},"totalBlockGas":{"daGas":320,"l2Gas":1730915},"totalSizeInBytes":320,"silentlySkippedCount":0,"silentlySkippedDurationMs":0}
[14:08:02.749] INFO: txe:top_level_context Created block 5 with timestamp 1789391282
[14:08:02.971] INFO: simulator:public-processor Processed 1 successful txs and 0 failed txs (0 silently skipped, 0ms wasted) in 0.006079125000003842s {"blockNumber":6,"successfulCount":1,"failedCount":0,"duration":0.006079125000003842,"rate":0,"totalPublicGas":{"daGas":0,"l2Gas":0},"totalBlockGas":{"daGas":1984,"l2Gas":529900},"totalSizeInBytes":1984,"silentlySkippedCount":0,"silentlySkippedDurationMs":0}
[14:08:03.014] INFO: txe:top_level_context Created block 7 with timestamp 1789394883
[billboard_test] Testing test_full_flow_first_post ... [0m[32mok[0m
[14:08:03.565] INFO: simulator:public-processor Processed 1 successful txs and 0 failed txs (0 silently skipped, 0ms wasted) in 0.028793957999994745s {"blockNumber":8,"successfulCount":1,"failedCount":0,"duration":0.028793957999994745,"rate":41584105.94334473,"totalPublicGas":{"daGas":2176,"l2Gas":1197371},"totalBlockGas":{"daGas":3552,"l2Gas":1924121},"totalSizeInBytes":3552,"silentlySkippedCount":0,"silentlySkippedDurationMs":0}
[14:08:03.609] INFO: simulator:public-processor Processed 1 successful txs and 0 failed txs (0 silently skipped, 0ms wasted) in 0.006127458000002662s {"blockNumber":9,"successfulCount":1,"failedCount":0,"duration":0.006127458000002662,"rate":1348356.8553218008,"totalPublicGas":{"daGas":0,"l2Gas":8262},"totalBlockGas":{"daGas":0,"l2Gas":8262},"totalSizeInBytes":128,"silentlySkippedCount":0,"silentlySkippedDurationMs":0}
[14:08:03.633] INFO: simulator:public-processor Processed 1 successful txs and 0 failed txs (0 silently skipped, 0ms wasted) in 0.00966462500000489s {"blockNumber":9,"successfulCount":1,"failedCount":0,"duration":0.00966462500000489,"rate":13026061.53885291,"totalPublicGas":{"daGas":0,"l2Gas":125892},"totalBlockGas":{"daGas":0,"l2Gas":125892},"totalSizeInBytes":128,"silentlySkippedCount":0,"silentlySkippedDurationMs":0}
[14:08:03.653] INFO: simulator:public-processor Processed 1 successful txs and 0 failed txs (0 silently skipped, 0ms wasted) in 0.0058087089999899035s {"blockNumber":9,"successfulCount":1,"failedCount":0,"duration":0.0058087089999899035,"rate":1695041.0151407334,"totalPublicGas":{"daGas":0,"l2Gas":9846},"totalBlockGas":{"daGas":0,"l2Gas":9846},"totalSizeInBytes":128,"silentlySkippedCount":0,"silentlySkippedDurationMs":0}
[14:08:06.182] INFO: kv-store:lmdb-v2 Starting data store with maxReaders 2
[14:08:06.183] INFO: world-state:database Creating world state data store at directory /var/folders/ym/q1vh2x5n58xbsmpmvs5_6w3r0000gn/T/aztec-world-state-f8tnr9/world_state with map sizes {"archiveTreeMapSizeKb":10485760,"nullifierTreeMapSizeKb":10485760,"noteHashTreeMapSizeKb":10485760,"messageTreeMapSizeKb":10485760,"publicDataTreeMapSizeKb":10485760} and 2 threads (ephemeral=true).
[14:08:06.197] INFO: txe_node Aztec Node version: txe
[14:08:06.197] INFO: txe_node Aztec Node started on chain 0x1
[14:08:06.215] INFO: txe:top_level_context Created block 1 with timestamp 1789391286
[14:08:06.267] INFO: txe:top_level_context Created block 2 with timestamp 1789391286
[14:08:06.384] INFO: simulator:public-processor Processed 1 successful txs and 0 failed txs (0 silently skipped, 0ms wasted) in 0.07685299999998824s {"blockNumber":3,"successfulCount":1,"failedCount":0,"duration":0.07685299999998824,"rate":42162140.71019343,"totalPublicGas":{"daGas":4000,"l2Gas":3240287},"totalBlockGas":{"daGas":4000,"l2Gas":3240287},"totalSizeInBytes":4128,"silentlySkippedCount":0,"silentlySkippedDurationMs":0}
[14:08:06.560] INFO: simulator:public-processor Processed 1 successful txs and 0 failed txs (0 silently skipped, 0ms wasted) in 0.019706707999997887s {"blockNumber":4,"successfulCount":1,"failedCount":0,"duration":0.019706707999997887,"rate":57854158.0866841,"totalPublicGas":{"daGas":192,"l2Gas":1140115},"totalBlockGas":{"daGas":320,"l2Gas":1730915},"totalSizeInBytes":320,"silentlySkippedCount":0,"silentlySkippedDurationMs":0}
[14:08:06.601] INFO: txe:top_level_context Created block 5 with timestamp 1789391286
[14:08:06.825] INFO: simulator:public-processor Processed 1 successful txs and 0 failed txs (0 silently skipped, 0ms wasted) in 0.00554883400000108s {"blockNumber":6,"successfulCount":1,"failedCount":0,"duration":0.00554883400000108,"rate":0,"totalPublicGas":{"daGas":0,"l2Gas":0},"totalBlockGas":{"daGas":1984,"l2Gas":529900},"totalSizeInBytes":1984,"silentlySkippedCount":0,"silentlySkippedDurationMs":0}
[14:08:06.868] INFO: txe:top_level_context Created block 7 with timestamp 1789394887
[14:08:07.444] INFO: simulator:public-processor Processed 1 successful txs and 0 failed txs (0 silently skipped, 0ms wasted) in 0.029626541999998153s {"blockNumber":8,"successfulCount":1,"failedCount":0,"duration":0.029626541999998153,"rate":40415482.84643124,"totalPublicGas":{"daGas":2176,"l2Gas":1197371},"totalBlockGas":{"daGas":3552,"l2Gas":1924121},"totalSizeInBytes":3552,"silentlySkippedCount":0,"silentlySkippedDurationMs":0}
[14:08:07.508] INFO: simulator:public-processor Processed 1 successful txs and 0 failed txs (0 silently skipped, 0ms wasted) in 0.02675837500000489s {"blockNumber":9,"successfulCount":1,"failedCount":0,"duration":0.02675837500000489,"rate":44990699.17361499,"totalPublicGas":{"daGas":2176,"l2Gas":1203878},"totalBlockGas":{"daGas":2176,"l2Gas":1203878},"totalSizeInBytes":2304,"silentlySkippedCount":0,"silentlySkippedDurationMs":0}
[14:08:07.550] INFO: txe:top_level_context Created block 10 with timestamp 1789398487
[14:08:08.139] INFO: simulator:public-processor Processed 1 successful txs and 0 failed txs (0 silently skipped, 0ms wasted) in 0.029114750000007916s {"blockNumber":11,"successfulCount":1,"failedCount":0,"duration":0.029114750000007916,"rate":41125924.14496688,"totalPublicGas":{"daGas":2176,"l2Gas":1197371},"totalBlockGas":{"daGas":3552,"l2Gas":1924121},"totalSizeInBytes":3552,"silentlySkippedCount":0,"silentlySkippedDurationMs":0}
[14:08:08.180] INFO: txe:top_level_context Created block 12 with timestamp 1789412885
[billboard_test] Testing test_full_flow_flag_penalty_post3_too_early ... [0m[32mok[0m
[14:08:11.217] INFO: kv-store:lmdb-v2 Starting data store with maxReaders 2
[14:08:11.223] INFO: world-state:database Creating world state data store at directory /var/folders/ym/q1vh2x5n58xbsmpmvs5_6w3r0000gn/T/aztec-world-state-nSJD0a/world_state with map sizes {"archiveTreeMapSizeKb":10485760,"nullifierTreeMapSizeKb":10485760,"noteHashTreeMapSizeKb":10485760,"messageTreeMapSizeKb":10485760,"publicDataTreeMapSizeKb":10485760} and 2 threads (ephemeral=true).
[14:08:11.245] INFO: txe_node Aztec Node version: txe
[14:08:11.247] INFO: txe_node Aztec Node started on chain 0x1
[14:08:11.282] INFO: txe:top_level_context Created block 1 with timestamp 1789391291
[14:08:11.357] INFO: txe:top_level_context Created block 2 with timestamp 1789391291
[14:08:11.458] INFO: simulator:public-processor Processed 1 successful txs and 0 failed txs (0 silently skipped, 0ms wasted) in 0.05629762499999197s {"blockNumber":3,"successfulCount":1,"failedCount":0,"duration":0.05629762499999197,"rate":57556371.16131386,"totalPublicGas":{"daGas":4000,"l2Gas":3240287},"totalBlockGas":{"daGas":4000,"l2Gas":3240287},"totalSizeInBytes":4128,"silentlySkippedCount":0,"silentlySkippedDurationMs":0}
[14:08:11.660] INFO: simulator:public-processor Processed 1 successful txs and 0 failed txs (0 silently skipped, 0ms wasted) in 0.02068516599999566s {"blockNumber":4,"successfulCount":1,"failedCount":0,"duration":0.02068516599999566,"rate":55117517.548577525,"totalPublicGas":{"daGas":192,"l2Gas":1140115},"totalBlockGas":{"daGas":320,"l2Gas":1730915},"totalSizeInBytes":320,"silentlySkippedCount":0,"silentlySkippedDurationMs":0}
[14:08:11.702] INFO: txe:top_level_context Created block 5 with timestamp 1789391291
[14:08:11.969] INFO: simulator:public-processor Processed 1 successful txs and 0 failed txs (0 silently skipped, 0ms wasted) in 0.006345499999995809s {"blockNumber":6,"successfulCount":1,"failedCount":0,"duration":0.006345499999995809,"rate":0,"totalPublicGas":{"daGas":0,"l2Gas":0},"totalBlockGas":{"daGas":1984,"l2Gas":529900},"totalSizeInBytes":1984,"silentlySkippedCount":0,"silentlySkippedDurationMs":0}
[billboard_test] Testing test_full_flow_get_deposit_info ... [0m[32mok[0m
[14:08:14.999] INFO: kv-store:lmdb-v2 Starting data store with maxReaders 2
[14:08:15.000] INFO: world-state:database Creating world state data store at directory /var/folders/ym/q1vh2x5n58xbsmpmvs5_6w3r0000gn/T/aztec-world-state-4iRVAX/world_state with map sizes {"archiveTreeMapSizeKb":10485760,"nullifierTreeMapSizeKb":10485760,"noteHashTreeMapSizeKb":10485760,"messageTreeMapSizeKb":10485760,"publicDataTreeMapSizeKb":10485760} and 2 threads (ephemeral=true).
[14:08:15.013] INFO: txe_node Aztec Node version: txe
[14:08:15.013] INFO: txe_node Aztec Node started on chain 0x1
[14:08:15.030] INFO: txe:top_level_context Created block 1 with timestamp 1789391295
[14:08:15.081] INFO: txe:top_level_context Created block 2 with timestamp 1789391295
[14:08:15.173] INFO: simulator:public-processor Processed 1 successful txs and 0 failed txs (0 silently skipped, 0ms wasted) in 0.0540611659999995s {"blockNumber":3,"successfulCount":1,"failedCount":0,"duration":0.0540611659999995,"rate":59937423.47325675,"totalPublicGas":{"daGas":4000,"l2Gas":3240287},"totalBlockGas":{"daGas":4000,"l2Gas":3240287},"totalSizeInBytes":4128,"silentlySkippedCount":0,"silentlySkippedDurationMs":0}
[14:08:15.342] INFO: simulator:public-processor Processed 1 successful txs and 0 failed txs (0 silently skipped, 0ms wasted) in 0.020717541999998503s {"blockNumber":4,"successfulCount":1,"failedCount":0,"duration":0.020717541999998503,"rate":55031383.549268655,"totalPublicGas":{"daGas":192,"l2Gas":1140115},"totalBlockGas":{"daGas":320,"l2Gas":1730915},"totalSizeInBytes":320,"silentlySkippedCount":0,"silentlySkippedDurationMs":0}
[14:08:15.383] INFO: txe:top_level_context Created block 5 with timestamp 1789391295
[14:08:15.611] INFO: simulator:public-processor Processed 1 successful txs and 0 failed txs (0 silently skipped, 0ms wasted) in 0.0055819999999948775s {"blockNumber":6,"successfulCount":1,"failedCount":0,"duration":0.0055819999999948775,"rate":0,"totalPublicGas":{"daGas":0,"l2Gas":0},"totalBlockGas":{"daGas":1984,"l2Gas":529900},"totalSizeInBytes":1984,"silentlySkippedCount":0,"silentlySkippedDurationMs":0}
[14:08:15.653] INFO: txe:top_level_context Created block 7 with timestamp 1789394896
[14:08:16.215] INFO: simulator:public-processor Processed 1 successful txs and 0 failed txs (0 silently skipped, 0ms wasted) in 0.030060459000000265s {"blockNumber":8,"successfulCount":1,"failedCount":0,"duration":0.030060459000000265,"rate":39832093.04954357,"totalPublicGas":{"daGas":2176,"l2Gas":1197371},"totalBlockGas":{"daGas":3552,"l2Gas":1924121},"totalSizeInBytes":3552,"silentlySkippedCount":0,"silentlySkippedDurationMs":0}
[14:08:16.327] INFO: simulator:public-processor Processed 1 successful txs and 0 failed txs (0 silently skipped, 0ms wasted) in 0.00805137499999546s {"blockNumber":9,"successfulCount":1,"failedCount":0,"duration":0.00805137499999546,"rate":1026160.1279290381,"totalPublicGas":{"daGas":0,"l2Gas":8262},"totalBlockGas":{"daGas":0,"l2Gas":8262},"totalSizeInBytes":128,"silentlySkippedCount":0,"silentlySkippedDurationMs":0}
[14:08:16.351] INFO: txe:top_level_context Created block 9 with timestamp 1789398497
[14:08:16.924] INFO: simulator:public-processor Processed 1 successful txs and 0 failed txs (0 silently skipped, 0ms wasted) in 0.028933791000003112s {"blockNumber":10,"successfulCount":1,"failedCount":0,"duration":0.028933791000003112,"rate":41383135.725279525,"totalPublicGas":{"daGas":2176,"l2Gas":1197371},"totalBlockGas":{"daGas":3552,"l2Gas":1924121},"totalSizeInBytes":3552,"silentlySkippedCount":0,"silentlySkippedDurationMs":0}
[14:08:16.968] INFO: simulator:public-processor Processed 1 successful txs and 0 failed txs (0 silently skipped, 0ms wasted) in 0.0061585000000050055s {"blockNumber":11,"successfulCount":1,"failedCount":0,"duration":0.0061585000000050055,"rate":1341560.4449124439,"totalPublicGas":{"daGas":0,"l2Gas":8262},"totalBlockGas":{"daGas":0,"l2Gas":8262},"totalSizeInBytes":128,"silentlySkippedCount":0,"silentlySkippedDurationMs":0}
[14:08:16.987] INFO: txe:top_level_context Created block 11 with timestamp 1789402098
[billboard_test] Testing test_full_flow_multiple_posts ... [0m[32mok[0m
[14:08:17.561] INFO: simulator:public-processor Processed 1 successful txs and 0 failed txs (0 silently skipped, 0ms wasted) in 0.031271833000006154s {"blockNumber":12,"successfulCount":1,"failedCount":0,"duration":0.031271833000006154,"rate":38289121.075818114,"totalPublicGas":{"daGas":2176,"l2Gas":1197371},"totalBlockGas":{"daGas":3552,"l2Gas":1924121},"totalSizeInBytes":3552,"silentlySkippedCount":0,"silentlySkippedDurationMs":0}
[14:08:17.606] INFO: simulator:public-processor Processed 1 successful txs and 0 failed txs (0 silently skipped, 0ms wasted) in 0.006355207999993582s {"blockNumber":13,"successfulCount":1,"failedCount":0,"duration":0.006355207999993582,"rate":1300036.1278511016,"totalPublicGas":{"daGas":0,"l2Gas":8262},"totalBlockGas":{"daGas":0,"l2Gas":8262},"totalSizeInBytes":128,"silentlySkippedCount":0,"silentlySkippedDurationMs":0}
[14:08:17.631] INFO: simulator:public-processor Processed 1 successful txs and 0 failed txs (0 silently skipped, 0ms wasted) in 0.010165292000005138s {"blockNumber":13,"successfulCount":1,"failedCount":0,"duration":0.010165292000005138,"rate":12384494.21816278,"totalPublicGas":{"daGas":0,"l2Gas":125892},"totalBlockGas":{"daGas":0,"l2Gas":125892},"totalSizeInBytes":128,"silentlySkippedCount":0,"silentlySkippedDurationMs":0}
[14:08:17.656] INFO: simulator:public-processor Processed 1 successful txs and 0 failed txs (0 silently skipped, 0ms wasted) in 0.009876624999989873s {"blockNumber":13,"successfulCount":1,"failedCount":0,"duration":0.009876624999989873,"rate":12746459.443395805,"totalPublicGas":{"daGas":0,"l2Gas":125892},"totalBlockGas":{"daGas":0,"l2Gas":125892},"totalSizeInBytes":128,"silentlySkippedCount":0,"silentlySkippedDurationMs":0}
[14:08:17.681] INFO: simulator:public-processor Processed 1 successful txs and 0 failed txs (0 silently skipped, 0ms wasted) in 0.009875042000014218s {"blockNumber":13,"successfulCount":1,"failedCount":0,"duration":0.009875042000014218,"rate":12748502.74052695,"totalPublicGas":{"daGas":0,"l2Gas":125892},"totalBlockGas":{"daGas":0,"l2Gas":125892},"totalSizeInBytes":128,"silentlySkippedCount":0,"silentlySkippedDurationMs":0}
[14:08:20.197] INFO: kv-store:lmdb-v2 Starting data store with maxReaders 2
[14:08:20.199] INFO: world-state:database Creating world state data store at directory /var/folders/ym/q1vh2x5n58xbsmpmvs5_6w3r0000gn/T/aztec-world-state-SbV6TW/world_state with map sizes {"archiveTreeMapSizeKb":10485760,"nullifierTreeMapSizeKb":10485760,"noteHashTreeMapSizeKb":10485760,"messageTreeMapSizeKb":10485760,"publicDataTreeMapSizeKb":10485760} and 2 threads (ephemeral=true).
[14:08:20.212] INFO: txe_node Aztec Node version: txe
[14:08:20.212] INFO: txe_node Aztec Node started on chain 0x1
[14:08:20.230] INFO: txe:top_level_context Created block 1 with timestamp 1789391300
[14:08:20.281] INFO: txe:top_level_context Created block 2 with timestamp 1789391300
[14:08:20.374] INFO: simulator:public-processor Processed 1 successful txs and 0 failed txs (0 silently skipped, 0ms wasted) in 0.054144790999998804s {"blockNumber":3,"successfulCount":1,"failedCount":0,"duration":0.054144790999998804,"rate":59844851.926754534,"totalPublicGas":{"daGas":4000,"l2Gas":3240287},"totalBlockGas":{"daGas":4000,"l2Gas":3240287},"totalSizeInBytes":4128,"silentlySkippedCount":0,"silentlySkippedDurationMs":0}
[14:08:20.547] INFO: simulator:public-processor Processed 1 successful txs and 0 failed txs (0 silently skipped, 0ms wasted) in 0.0204388750000071s {"blockNumber":4,"successfulCount":1,"failedCount":0,"duration":0.0204388750000071,"rate":55781690.52844659,"totalPublicGas":{"daGas":192,"l2Gas":1140115},"totalBlockGas":{"daGas":320,"l2Gas":1730915},"totalSizeInBytes":320,"silentlySkippedCount":0,"silentlySkippedDurationMs":0}
[14:08:20.588] INFO: txe:top_level_context Created block 5 with timestamp 1789391300
[14:08:20.807] INFO: simulator:public-processor Processed 1 successful txs and 0 failed txs (0 silently skipped, 0ms wasted) in 0.005355666999996174s {"blockNumber":6,"successfulCount":1,"failedCount":0,"duration":0.005355666999996174,"rate":0,"totalPublicGas":{"daGas":0,"l2Gas":0},"totalBlockGas":{"daGas":1984,"l2Gas":529900},"totalSizeInBytes":1984,"silentlySkippedCount":0,"silentlySkippedDurationMs":0}
[14:08:20.848] INFO: txe:top_level_context Created block 7 with timestamp 1789391400
[billboard_test] Testing test_full_flow_post_too_early ... [0m[32mok[0m
[14:08:23.838] INFO: kv-store:lmdb-v2 Starting data store with maxReaders 2
[14:08:23.839] INFO: world-state:database Creating world state data store at directory /var/folders/ym/q1vh2x5n58xbsmpmvs5_6w3r0000gn/T/aztec-world-state-i1RMQf/world_state with map sizes {"archiveTreeMapSizeKb":10485760,"nullifierTreeMapSizeKb":10485760,"noteHashTreeMapSizeKb":10485760,"messageTreeMapSizeKb":10485760,"publicDataTreeMapSizeKb":10485760} and 2 threads (ephemeral=true).
[14:08:23.852] INFO: txe_node Aztec Node version: txe
[14:08:23.852] INFO: txe_node Aztec Node started on chain 0x1
[14:08:23.870] INFO: txe:top_level_context Created block 1 with timestamp 1789391303
[14:08:23.920] INFO: txe:top_level_context Created block 2 with timestamp 1789391303
[14:08:24.015] INFO: simulator:public-processor Processed 1 successful txs and 0 failed txs (0 silently skipped, 0ms wasted) in 0.0546222909999924s {"blockNumber":3,"successfulCount":1,"failedCount":0,"duration":0.0546222909999924,"rate":59321697.07053208,"totalPublicGas":{"daGas":4000,"l2Gas":3240287},"totalBlockGas":{"daGas":4000,"l2Gas":3240287},"totalSizeInBytes":4128,"silentlySkippedCount":0,"silentlySkippedDurationMs":0}
[14:08:24.189] INFO: simulator:public-processor Processed 1 successful txs and 0 failed txs (0 silently skipped, 0ms wasted) in 0.020981125000005704s {"blockNumber":4,"successfulCount":1,"failedCount":0,"duration":0.020981125000005704,"rate":54340031.81429452,"totalPublicGas":{"daGas":192,"l2Gas":1140115},"totalBlockGas":{"daGas":320,"l2Gas":1730915},"totalSizeInBytes":320,"silentlySkippedCount":0,"silentlySkippedDurationMs":0}
[14:08:24.230] INFO: txe:top_level_context Created block 5 with timestamp 1789391303
[14:08:24.472] INFO: simulator:public-processor Processed 1 successful txs and 0 failed txs (0 silently skipped, 0ms wasted) in 0.0090353749999922s {"blockNumber":6,"successfulCount":1,"failedCount":0,"duration":0.0090353749999922,"rate":0,"totalPublicGas":{"daGas":0,"l2Gas":0},"totalBlockGas":{"daGas":1984,"l2Gas":529900},"totalSizeInBytes":1984,"silentlySkippedCount":0,"silentlySkippedDurationMs":0}
[14:08:24.515] INFO: txe:top_level_context Created block 7 with timestamp 1789394904
[14:08:25.067] INFO: simulator:public-processor Processed 1 successful txs and 0 failed txs (0 silently skipped, 0ms wasted) in 0.029020166999995125s {"blockNumber":8,"successfulCount":1,"failedCount":0,"duration":0.029020166999995125,"rate":41259962.42544714,"totalPublicGas":{"daGas":2176,"l2Gas":1197371},"totalBlockGas":{"daGas":3552,"l2Gas":1924121},"totalSizeInBytes":3552,"silentlySkippedCount":0,"silentlySkippedDurationMs":0}
[14:08:25.112] INFO: txe:top_level_context Created block 9 with timestamp 1789398505
[14:08:25.688] INFO: simulator:public-processor Processed 1 successful txs and 0 failed txs (0 silently skipped, 0ms wasted) in 0.027454458000007436s {"blockNumber":10,"successfulCount":1,"failedCount":0,"duration":0.027454458000007436,"rate":43612989.91951237,"totalPublicGas":{"daGas":2176,"l2Gas":1197371},"totalBlockGas":{"daGas":3552,"l2Gas":1924121},"totalSizeInBytes":3552,"silentlySkippedCount":0,"silentlySkippedDurationMs":0}
[14:08:25.731] INFO: simulator:public-processor Processed 1 successful txs and 0 failed txs (0 silently skipped, 0ms wasted) in 0.005980832999994163s {"blockNumber":11,"successfulCount":1,"failedCount":0,"duration":0.005980832999994163,"rate":1381412.9235857385,"totalPublicGas":{"daGas":0,"l2Gas":8262},"totalBlockGas":{"daGas":0,"l2Gas":8262},"totalSizeInBytes":128,"silentlySkippedCount":0,"silentlySkippedDurationMs":0}
[14:08:25.755] INFO: simulator:public-processor Processed 1 successful txs and 0 failed txs (0 silently skipped, 0ms wasted) in 0.009552792000002228s {"blockNumber":11,"successfulCount":1,"failedCount":0,"duration":0.009552792000002228,"rate":13178555.546898816,"totalPublicGas":{"daGas":0,"l2Gas":125892},"totalBlockGas":{"daGas":0,"l2Gas":125892},"totalSizeInBytes":128,"silentlySkippedCount":0,"silentlySkippedDurationMs":0}
[billboard_test] Testing test_full_flow_second_post_screens_first ... [0m[32mok[0m
[14:08:28.266] INFO: kv-store:lmdb-v2 Starting data store with maxReaders 2
[14:08:28.266] INFO: world-state:database Creating world state data store at directory /var/folders/ym/q1vh2x5n58xbsmpmvs5_6w3r0000gn/T/aztec-world-state-6wouju/world_state with map sizes {"archiveTreeMapSizeKb":10485760,"nullifierTreeMapSizeKb":10485760,"noteHashTreeMapSizeKb":10485760,"messageTreeMapSizeKb":10485760,"publicDataTreeMapSizeKb":10485760} and 2 threads (ephemeral=true).
[14:08:28.280] INFO: txe_node Aztec Node version: txe
[14:08:28.280] INFO: txe_node Aztec Node started on chain 0x1
[14:08:28.298] INFO: txe:top_level_context Created block 1 with timestamp 1789391308
[14:08:28.350] INFO: txe:top_level_context Created block 2 with timestamp 1789391308
[14:08:28.445] INFO: simulator:public-processor Processed 1 successful txs and 0 failed txs (0 silently skipped, 0ms wasted) in 0.05619474999999511s {"blockNumber":3,"successfulCount":1,"failedCount":0,"duration":0.05619474999999511,"rate":57661738.86351095,"totalPublicGas":{"daGas":4000,"l2Gas":3240287},"totalBlockGas":{"daGas":4000,"l2Gas":3240287},"totalSizeInBytes":4128,"silentlySkippedCount":0,"silentlySkippedDurationMs":0}
[14:08:28.626] INFO: simulator:public-processor Processed 1 successful txs and 0 failed txs (0 silently skipped, 0ms wasted) in 0.020687166000003344s {"blockNumber":4,"successfulCount":1,"failedCount":0,"duration":0.020687166000003344,"rate":55112188.88076867,"totalPublicGas":{"daGas":192,"l2Gas":1140115},"totalBlockGas":{"daGas":320,"l2Gas":1730915},"totalSizeInBytes":320,"silentlySkippedCount":0,"silentlySkippedDurationMs":0}
[14:08:28.668] INFO: txe:top_level_context Created block 5 with timestamp 1789391308
[14:08:28.893] INFO: simulator:public-processor Processed 1 successful txs and 0 failed txs (0 silently skipped, 0ms wasted) in 0.0057952499999955765s {"blockNumber":6,"successfulCount":1,"failedCount":0,"duration":0.0057952499999955765,"rate":0,"totalPublicGas":{"daGas":0,"l2Gas":0},"totalBlockGas":{"daGas":1984,"l2Gas":529900},"totalSizeInBytes":1984,"silentlySkippedCount":0,"silentlySkippedDurationMs":0}
[14:08:28.934] INFO: txe:top_level_context Created block 7 with timestamp 1789394909
[14:08:29.489] INFO: simulator:public-processor Processed 1 successful txs and 0 failed txs (0 silently skipped, 0ms wasted) in 0.02869387500001176s {"blockNumber":8,"successfulCount":1,"failedCount":0,"duration":0.02869387500001176,"rate":41729149.51359861,"totalPublicGas":{"daGas":2176,"l2Gas":1197371},"totalBlockGas":{"daGas":3552,"l2Gas":1924121},"totalSizeInBytes":3552,"silentlySkippedCount":0,"silentlySkippedDurationMs":0}
[14:08:29.552] INFO: simulator:public-processor Processed 1 successful txs and 0 failed txs (0 silently skipped, 0ms wasted) in 0.02560074999999779s {"blockNumber":9,"successfulCount":1,"failedCount":0,"duration":0.02560074999999779,"rate":47025106.686331615,"totalPublicGas":{"daGas":2176,"l2Gas":1203878},"totalBlockGas":{"daGas":2176,"l2Gas":1203878},"totalSizeInBytes":2304,"silentlySkippedCount":0,"silentlySkippedDurationMs":0}
[14:08:29.597] INFO: txe:top_level_context Created block 10 with timestamp 1789398509
[14:08:30.159] INFO: simulator:public-processor Processed 1 successful txs and 0 failed txs (0 silently skipped, 0ms wasted) in 0.028802999999999884s {"blockNumber":11,"successfulCount":1,"failedCount":0,"duration":0.028802999999999884,"rate":41571051.62656684,"totalPublicGas":{"daGas":2176,"l2Gas":1197371},"totalBlockGas":{"daGas":3552,"l2Gas":1924121},"totalSizeInBytes":3552,"silentlySkippedCount":0,"silentlySkippedDurationMs":0}
[14:08:30.203] INFO: simulator:public-processor Processed 1 successful txs and 0 failed txs (0 silently skipped, 0ms wasted) in 0.006034749999991618s {"blockNumber":12,"successfulCount":1,"failedCount":0,"duration":0.006034749999991618,"rate":1369070.79829512,"totalPublicGas":{"daGas":0,"l2Gas":8262},"totalBlockGas":{"daGas":0,"l2Gas":8262},"totalSizeInBytes":128,"silentlySkippedCount":0,"silentlySkippedDurationMs":0}
[billboard_test] Testing test_full_flow_second_post_with_flag ... [0m[32mok[0m
[14:08:32.713] INFO: kv-store:lmdb-v2 Starting data store with maxReaders 2
[14:08:32.714] INFO: world-state:database Creating world state data store at directory /var/folders/ym/q1vh2x5n58xbsmpmvs5_6w3r0000gn/T/aztec-world-state-hqA5eH/world_state with map sizes {"archiveTreeMapSizeKb":10485760,"nullifierTreeMapSizeKb":10485760,"noteHashTreeMapSizeKb":10485760,"messageTreeMapSizeKb":10485760,"publicDataTreeMapSizeKb":10485760} and 2 threads (ephemeral=true).
[14:08:32.727] INFO: txe_node Aztec Node version: txe
[14:08:32.727] INFO: txe_node Aztec Node started on chain 0x1
[14:08:32.744] INFO: txe:top_level_context Created block 1 with timestamp 1789391312
[14:08:32.795] INFO: txe:top_level_context Created block 2 with timestamp 1789391312
[14:08:32.888] INFO: simulator:public-processor Processed 1 successful txs and 0 failed txs (0 silently skipped, 0ms wasted) in 0.05443166600000404s {"blockNumber":3,"successfulCount":1,"failedCount":0,"duration":0.05443166600000404,"rate":59529447.43597889,"totalPublicGas":{"daGas":4000,"l2Gas":3240287},"totalBlockGas":{"daGas":4000,"l2Gas":3240287},"totalSizeInBytes":4128,"silentlySkippedCount":0,"silentlySkippedDurationMs":0}
[14:08:33.054] INFO: simulator:public-processor Processed 1 successful txs and 0 failed txs (0 silently skipped, 0ms wasted) in 0.02100870799999393s {"blockNumber":4,"successfulCount":1,"failedCount":0,"duration":0.02100870799999393,"rate":54268687.06063835,"totalPublicGas":{"daGas":192,"l2Gas":1140115},"totalBlockGas":{"daGas":320,"l2Gas":1730915},"totalSizeInBytes":320,"silentlySkippedCount":0,"silentlySkippedDurationMs":0}
[14:08:33.094] INFO: txe:top_level_context Created block 5 with timestamp 1789391312
[14:08:33.316] INFO: simulator:public-processor Processed 1 successful txs and 0 failed txs (0 silently skipped, 0ms wasted) in 0.0054012500000098955s {"blockNumber":6,"successfulCount":1,"failedCount":0,"duration":0.0054012500000098955,"rate":0,"totalPublicGas":{"daGas":0,"l2Gas":0},"totalBlockGas":{"daGas":1984,"l2Gas":529900},"totalSizeInBytes":1984,"silentlySkippedCount":0,"silentlySkippedDurationMs":0}
[14:08:33.357] INFO: txe:top_level_context Created block 7 with timestamp 1789394913
[14:08:33.906] INFO: simulator:public-processor Processed 1 successful txs and 0 failed txs (0 silently skipped, 0ms wasted) in 0.029256915999998453s {"blockNumber":8,"successfulCount":1,"failedCount":0,"duration":0.029256915999998453,"rate":40926083.9385827,"totalPublicGas":{"daGas":2176,"l2Gas":1197371},"totalBlockGas":{"daGas":3552,"l2Gas":1924121},"totalSizeInBytes":3552,"silentlySkippedCount":0,"silentlySkippedDurationMs":0}
[14:08:33.947] INFO: txe:top_level_context Created block 9 with timestamp 1789398514
[14:08:34.513] INFO: simulator:public-processor Processed 1 successful txs and 0 failed txs (0 silently skipped, 0ms wasted) in 0.028482374999992316s {"blockNumber":10,"successfulCount":1,"failedCount":0,"duration":0.028482374999992316,"rate":42039015.35599904,"totalPublicGas":{"daGas":2176,"l2Gas":1197371},"totalBlockGas":{"daGas":3552,"l2Gas":1924121},"totalSizeInBytes":3552,"silentlySkippedCount":0,"silentlySkippedDurationMs":0}
[14:08:34.557] INFO: simulator:public-processor Processed 1 successful txs and 0 failed txs (0 silently skipped, 0ms wasted) in 0.006114625000001979s {"blockNumber":11,"successfulCount":1,"failedCount":0,"duration":0.006114625000001979,"rate":1351186.704008394,"totalPublicGas":{"daGas":0,"l2Gas":8262},"totalBlockGas":{"daGas":0,"l2Gas":8262},"totalSizeInBytes":128,"silentlySkippedCount":0,"silentlySkippedDurationMs":0}
[billboard_test] Testing test_full_flow_second_post_without_flag ... [0m[32mok[0m
[billboard_test] Testing test_get_post_rejects_invalid_id ... [0m[32mok[0m
[14:08:36.993] INFO: kv-store:lmdb-v2 Starting data store with maxReaders 2
[14:08:36.994] INFO: world-state:database Creating world state data store at directory /var/folders/ym/q1vh2x5n58xbsmpmvs5_6w3r0000gn/T/aztec-world-state-IHse51/world_state with map sizes {"archiveTreeMapSizeKb":10485760,"nullifierTreeMapSizeKb":10485760,"noteHashTreeMapSizeKb":10485760,"messageTreeMapSizeKb":10485760,"publicDataTreeMapSizeKb":10485760} and 2 threads (ephemeral=true).
[14:08:37.007] INFO: txe_node Aztec Node version: txe
[14:08:37.007] INFO: txe_node Aztec Node started on chain 0x1
[14:08:37.024] INFO: txe:top_level_context Created block 1 with timestamp 1789391317
[14:08:37.070] INFO: txe:top_level_context Created block 2 with timestamp 1789391317
[14:08:37.170] INFO: simulator:public-processor Processed 1 successful txs and 0 failed txs (0 silently skipped, 0ms wasted) in 0.05511604099998658s {"blockNumber":3,"successfulCount":1,"failedCount":0,"duration":0.05511604099998658,"rate":58790271.2388357,"totalPublicGas":{"daGas":4000,"l2Gas":3240287},"totalBlockGas":{"daGas":4000,"l2Gas":3240287},"totalSizeInBytes":4128,"silentlySkippedCount":0,"silentlySkippedDurationMs":0}
[14:08:37.214] INFO: simulator:public-processor Processed 1 successful txs and 0 failed txs (0 silently skipped, 0ms wasted) in 0.006294792000000598s {"blockNumber":4,"successfulCount":1,"failedCount":0,"duration":0.006294792000000598,"rate":1347304.2477017818,"totalPublicGas":{"daGas":0,"l2Gas":8481},"totalBlockGas":{"daGas":0,"l2Gas":8481},"totalSizeInBytes":128,"silentlySkippedCount":0,"silentlySkippedDurationMs":0}
[14:08:37.217] WARN: txe:top_level_context Could not find function artifact in contract Billboard for function '0x3bc1b6cc' when enriching error callstack
[14:08:39.776] INFO: kv-store:lmdb-v2 Starting data store with maxReaders 2
[14:08:39.778] INFO: world-state:database Creating world state data store at directory /var/folders/ym/q1vh2x5n58xbsmpmvs5_6w3r0000gn/T/aztec-world-state-nhT5aH/world_state with map sizes {"archiveTreeMapSizeKb":10485760,"nullifierTreeMapSizeKb":10485760,"noteHashTreeMapSizeKb":10485760,"messageTreeMapSizeKb":10485760,"publicDataTreeMapSizeKb":10485760} and 2 threads (ephemeral=true).
[14:08:39.800] INFO: txe_node Aztec Node version: txe
[14:08:39.801] INFO: txe_node Aztec Node started on chain 0x1
[14:08:39.819] INFO: txe:top_level_context Created block 1 with timestamp 1789391319
[14:08:39.871] INFO: txe:top_level_context Created block 2 with timestamp 1789391319
[14:08:39.968] INFO: simulator:public-processor Processed 1 successful txs and 0 failed txs (0 silently skipped, 0ms wasted) in 0.05629604200000176s {"blockNumber":3,"successfulCount":1,"failedCount":0,"duration":0.05629604200000176,"rate":57557989.60075912,"totalPublicGas":{"daGas":4000,"l2Gas":3240287},"totalBlockGas":{"daGas":4000,"l2Gas":3240287},"totalSizeInBytes":4128,"silentlySkippedCount":0,"silentlySkippedDurationMs":0}
[14:08:40.137] INFO: simulator:public-processor Processed 1 successful txs and 0 failed txs (0 silently skipped, 0ms wasted) in 0.020449457999988225s {"blockNumber":4,"successfulCount":1,"failedCount":0,"duration":0.020449457999988225,"rate":55752822.39757437,"totalPublicGas":{"daGas":192,"l2Gas":1140115},"totalBlockGas":{"daGas":320,"l2Gas":1730915},"totalSizeInBytes":320,"silentlySkippedCount":0,"silentlySkippedDurationMs":0}
[14:08:40.179] INFO: txe:top_level_context Created block 5 with timestamp 1789391319
[14:08:40.456] INFO: simulator:public-processor Processed 1 successful txs and 0 failed txs (0 silently skipped, 0ms wasted) in 0.0060037089999823365s {"blockNumber":6,"successfulCount":1,"failedCount":0,"duration":0.0060037089999823365,"rate":0,"totalPublicGas":{"daGas":0,"l2Gas":0},"totalBlockGas":{"daGas":1984,"l2Gas":529900},"totalSizeInBytes":1984,"silentlySkippedCount":0,"silentlySkippedDurationMs":0}
[14:08:40.500] INFO: txe:top_level_context Created block 7 with timestamp 1789398520
[14:08:41.106] INFO: simulator:public-processor Processed 1 successful txs and 0 failed txs (0 silently skipped, 0ms wasted) in 0.0299041670000006s {"blockNumber":8,"successfulCount":1,"failedCount":0,"duration":0.0299041670000006,"rate":40040272.648289315,"totalPublicGas":{"daGas":2176,"l2Gas":1197371},"totalBlockGas":{"daGas":3552,"l2Gas":1924121},"totalSizeInBytes":3552,"silentlySkippedCount":0,"silentlySkippedDurationMs":0}
[14:08:41.148] INFO: txe:top_level_context Created block 9 with timestamp 1789405721
[14:08:41.734] INFO: simulator:public-processor Processed 1 successful txs and 0 failed txs (0 silently skipped, 0ms wasted) in 0.029138124999997673s {"blockNumber":10,"successfulCount":1,"failedCount":0,"duration":0.029138124999997673,"rate":41092932.369536325,"totalPublicGas":{"daGas":2176,"l2Gas":1197371},"totalBlockGas":{"daGas":3552,"l2Gas":1924121},"totalSizeInBytes":3552,"silentlySkippedCount":0,"silentlySkippedDurationMs":0}
[14:08:41.775] INFO: txe:top_level_context Created block 11 with timestamp 1789412922
[14:08:42.350] INFO: simulator:public-processor Processed 1 successful txs and 0 failed txs (0 silently skipped, 0ms wasted) in 0.029213540999975522s {"blockNumber":12,"successfulCount":1,"failedCount":0,"duration":0.029213540999975522,"rate":40986849.21492411,"totalPublicGas":{"daGas":2176,"l2Gas":1197371},"totalBlockGas":{"daGas":3552,"l2Gas":1924121},"totalSizeInBytes":3552,"silentlySkippedCount":0,"silentlySkippedDurationMs":0}
[14:08:42.392] INFO: txe:top_level_context Created block 13 with timestamp 1789420123
[14:08:42.984] INFO: simulator:public-processor Processed 1 successful txs and 0 failed txs (0 silently skipped, 0ms wasted) in 0.030800667000003158s {"blockNumber":14,"successfulCount":1,"failedCount":0,"duration":0.030800667000003158,"rate":38874839.95070228,"totalPublicGas":{"daGas":2176,"l2Gas":1197371},"totalBlockGas":{"daGas":3552,"l2Gas":1924121},"totalSizeInBytes":3552,"silentlySkippedCount":0,"silentlySkippedDurationMs":0}
[14:08:43.028] INFO: txe:top_level_context Created block 15 with timestamp 1789427324
[14:08:43.607] INFO: simulator:public-processor Processed 1 successful txs and 0 failed txs (0 silently skipped, 0ms wasted) in 0.030240458000014767s {"blockNumber":16,"successfulCount":1,"failedCount":0,"duration":0.030240458000014767,"rate":39595002.165622465,"totalPublicGas":{"daGas":2176,"l2Gas":1197371},"totalBlockGas":{"daGas":3552,"l2Gas":1924121},"totalSizeInBytes":3552,"silentlySkippedCount":0,"silentlySkippedDurationMs":0}
[14:08:43.651] INFO: txe:top_level_context Created block 17 with timestamp 1789434525
[14:08:44.252] INFO: simulator:public-processor Processed 1 successful txs and 0 failed txs (0 silently skipped, 0ms wasted) in 0.03189274999999907s {"blockNumber":18,"successfulCount":1,"failedCount":0,"duration":0.03189274999999907,"rate":37543673.718949765,"totalPublicGas":{"daGas":2176,"l2Gas":1197371},"totalBlockGas":{"daGas":3552,"l2Gas":1924121},"totalSizeInBytes":3552,"silentlySkippedCount":0,"silentlySkippedDurationMs":0}
[14:08:44.295] INFO: txe:top_level_context Created block 19 with timestamp 1789441726
[14:08:44.876] INFO: simulator:public-processor Processed 1 successful txs and 0 failed txs (0 silently skipped, 0ms wasted) in 0.030923332999984267s {"blockNumber":20,"successfulCount":1,"failedCount":0,"duration":0.030923332999984267,"rate":38720632.08712363,"totalPublicGas":{"daGas":2176,"l2Gas":1197371},"totalBlockGas":{"daGas":3552,"l2Gas":1924121},"totalSizeInBytes":3552,"silentlySkippedCount":0,"silentlySkippedDurationMs":0}
[14:08:44.918] INFO: txe:top_level_context Created block 21 with timestamp 1789448927
[14:08:45.479] INFO: simulator:public-processor Processed 1 successful txs and 0 failed txs (0 silently skipped, 0ms wasted) in 0.028712999999988824s {"blockNumber":22,"successfulCount":1,"failedCount":0,"duration":0.028712999999988824,"rate":41701354.7870465,"totalPublicGas":{"daGas":2176,"l2Gas":1197371},"totalBlockGas":{"daGas":3552,"l2Gas":1924121},"totalSizeInBytes":3552,"silentlySkippedCount":0,"silentlySkippedDurationMs":0}
[14:08:45.521] INFO: txe:top_level_context Created block 23 with timestamp 1789456128
[14:08:46.088] INFO: simulator:public-processor Processed 1 successful txs and 0 failed txs (0 silently skipped, 0ms wasted) in 0.02863991699999315s {"blockNumber":24,"successfulCount":1,"failedCount":0,"duration":0.02863991699999315,"rate":41807767.80883431,"totalPublicGas":{"daGas":2176,"l2Gas":1197371},"totalBlockGas":{"daGas":3552,"l2Gas":1924121},"totalSizeInBytes":3552,"silentlySkippedCount":0,"silentlySkippedDurationMs":0}
[14:08:46.129] INFO: txe:top_level_context Created block 25 with timestamp 1789463329
[14:08:46.704] INFO: simulator:public-processor Processed 1 successful txs and 0 failed txs (0 silently skipped, 0ms wasted) in 0.03020824999999604s {"blockNumber":26,"successfulCount":1,"failedCount":0,"duration":0.03020824999999604,"rate":39637218.30957294,"totalPublicGas":{"daGas":2176,"l2Gas":1197371},"totalBlockGas":{"daGas":3552,"l2Gas":1924121},"totalSizeInBytes":3552,"silentlySkippedCount":0,"silentlySkippedDurationMs":0}
[14:08:46.746] INFO: txe:top_level_context Created block 27 with timestamp 1789470530
[14:08:47.320] INFO: simulator:public-processor Processed 1 successful txs and 0 failed txs (0 silently skipped, 0ms wasted) in 0.02900929200000246s {"blockNumber":28,"successfulCount":1,"failedCount":0,"duration":0.02900929200000246,"rate":41275429.955336325,"totalPublicGas":{"daGas":2176,"l2Gas":1197371},"totalBlockGas":{"daGas":3552,"l2Gas":1924121},"totalSizeInBytes":3552,"silentlySkippedCount":0,"silentlySkippedDurationMs":0}
[14:08:47.362] INFO: txe:top_level_context Created block 29 with timestamp 1789477731
[14:08:47.957] INFO: simulator:public-processor Processed 1 successful txs and 0 failed txs (0 silently skipped, 0ms wasted) in 0.030278416000015566s {"blockNumber":30,"successfulCount":1,"failedCount":0,"duration":0.030278416000015566,"rate":39545364.59236786,"totalPublicGas":{"daGas":2176,"l2Gas":1197371},"totalBlockGas":{"daGas":3552,"l2Gas":1924121},"totalSizeInBytes":3552,"silentlySkippedCount":0,"silentlySkippedDurationMs":0}
[14:08:47.999] INFO: txe:top_level_context Created block 31 with timestamp 1789484932
[14:08:48.573] INFO: simulator:public-processor Processed 1 successful txs and 0 failed txs (0 silently skipped, 0ms wasted) in 0.03025837500000489s {"blockNumber":32,"successfulCount":1,"failedCount":0,"duration":0.03025837500000489,"rate":39571556.63514008,"totalPublicGas":{"daGas":2176,"l2Gas":1197371},"totalBlockGas":{"daGas":3552,"l2Gas":1924121},"totalSizeInBytes":3552,"silentlySkippedCount":0,"silentlySkippedDurationMs":0}
[14:08:48.616] INFO: txe:top_level_context Created block 33 with timestamp 1789492133
[14:08:49.185] INFO: simulator:public-processor Processed 1 successful txs and 0 failed txs (0 silently skipped, 0ms wasted) in 0.031135624999995344s {"blockNumber":34,"successfulCount":1,"failedCount":0,"duration":0.031135624999995344,"rate":38456623.241068035,"totalPublicGas":{"daGas":2176,"l2Gas":1197371},"totalBlockGas":{"daGas":3552,"l2Gas":1924121},"totalSizeInBytes":3552,"silentlySkippedCount":0,"silentlySkippedDurationMs":0}
[14:08:49.228] INFO: txe:top_level_context Created block 35 with timestamp 1789499334
[14:08:49.789] INFO: simulator:public-processor Processed 1 successful txs and 0 failed txs (0 silently skipped, 0ms wasted) in 0.03001612500002375s {"blockNumber":36,"successfulCount":1,"failedCount":0,"duration":0.03001612500002375,"rate":39890925.29428941,"totalPublicGas":{"daGas":2176,"l2Gas":1197371},"totalBlockGas":{"daGas":3552,"l2Gas":1924121},"totalSizeInBytes":3552,"silentlySkippedCount":0,"silentlySkippedDurationMs":0}
[14:08:49.834] INFO: txe:top_level_context Created block 37 with timestamp 1789506535
[14:08:50.383] INFO: simulator:public-processor Processed 1 successful txs and 0 failed txs (0 silently skipped, 0ms wasted) in 0.029186249999998835s {"blockNumber":38,"successfulCount":1,"failedCount":0,"duration":0.029186249999998835,"rate":41025174.52567726,"totalPublicGas":{"daGas":2176,"l2Gas":1197371},"totalBlockGas":{"daGas":3552,"l2Gas":1924121},"totalSizeInBytes":3552,"silentlySkippedCount":0,"silentlySkippedDurationMs":0}
[14:08:50.428] INFO: simulator:public-processor Processed 1 successful txs and 0 failed txs (0 silently skipped, 0ms wasted) in 0.0062075410000106785s {"blockNumber":39,"successfulCount":1,"failedCount":0,"duration":0.0062075410000106785,"rate":1330961.8091907548,"totalPublicGas":{"daGas":0,"l2Gas":8262},"totalBlockGas":{"daGas":0,"l2Gas":8262},"totalSizeInBytes":128,"silentlySkippedCount":0,"silentlySkippedDurationMs":0}
[billboard_test] Testing test_history_first_page_control ... [0m[32mok[0m
[14:08:53.422] INFO: kv-store:lmdb-v2 Starting data store with maxReaders 2
[14:08:53.423] INFO: world-state:database Creating world state data store at directory /var/folders/ym/q1vh2x5n58xbsmpmvs5_6w3r0000gn/T/aztec-world-state-TY2Jao/world_state with map sizes {"archiveTreeMapSizeKb":10485760,"nullifierTreeMapSizeKb":10485760,"noteHashTreeMapSizeKb":10485760,"messageTreeMapSizeKb":10485760,"publicDataTreeMapSizeKb":10485760} and 2 threads (ephemeral=true).
[14:08:53.436] INFO: txe_node Aztec Node version: txe
[14:08:53.436] INFO: txe_node Aztec Node started on chain 0x1
[14:08:53.454] INFO: txe:top_level_context Created block 1 with timestamp 1789391333
[14:08:53.506] INFO: txe:top_level_context Created block 2 with timestamp 1789391333
[14:08:53.600] INFO: simulator:public-processor Processed 1 successful txs and 0 failed txs (0 silently skipped, 0ms wasted) in 0.05544816699999501s {"blockNumber":3,"successfulCount":1,"failedCount":0,"duration":0.05544816699999501,"rate":58438126.547993764,"totalPublicGas":{"daGas":4000,"l2Gas":3240287},"totalBlockGas":{"daGas":4000,"l2Gas":3240287},"totalSizeInBytes":4128,"silentlySkippedCount":0,"silentlySkippedDurationMs":0}
[14:08:53.782] INFO: simulator:public-processor Processed 1 successful txs and 0 failed txs (0 silently skipped, 0ms wasted) in 0.020021750000014434s {"blockNumber":4,"successfulCount":1,"failedCount":0,"duration":0.020021750000014434,"rate":56943823.59180282,"totalPublicGas":{"daGas":192,"l2Gas":1140115},"totalBlockGas":{"daGas":320,"l2Gas":1730915},"totalSizeInBytes":320,"silentlySkippedCount":0,"silentlySkippedDurationMs":0}
[14:08:53.823] INFO: txe:top_level_context Created block 5 with timestamp 1789391333
[14:08:54.042] INFO: simulator:public-processor Processed 1 successful txs and 0 failed txs (0 silently skipped, 0ms wasted) in 0.0054552499999990685s {"blockNumber":6,"successfulCount":1,"failedCount":0,"duration":0.0054552499999990685,"rate":0,"totalPublicGas":{"daGas":0,"l2Gas":0},"totalBlockGas":{"daGas":1984,"l2Gas":529900},"totalSizeInBytes":1984,"silentlySkippedCount":0,"silentlySkippedDurationMs":0}
[14:08:54.083] INFO: txe:top_level_context Created block 7 with timestamp 1789398534
[14:08:54.624] INFO: simulator:public-processor Processed 1 successful txs and 0 failed txs (0 silently skipped, 0ms wasted) in 0.028635207999992418s {"blockNumber":8,"successfulCount":1,"failedCount":0,"duration":0.028635207999992418,"rate":41814643.0087156,"totalPublicGas":{"daGas":2176,"l2Gas":1197371},"totalBlockGas":{"daGas":3552,"l2Gas":1924121},"totalSizeInBytes":3552,"silentlySkippedCount":0,"silentlySkippedDurationMs":0}
[14:08:54.665] INFO: txe:top_level_context Created block 9 with timestamp 1789405735
[14:08:55.235] INFO: simulator:public-processor Processed 1 successful txs and 0 failed txs (0 silently skipped, 0ms wasted) in 0.02889908299999661s {"blockNumber":10,"successfulCount":1,"failedCount":0,"duration":0.02889908299999661,"rate":41432837.159578405,"totalPublicGas":{"daGas":2176,"l2Gas":1197371},"totalBlockGas":{"daGas":3552,"l2Gas":1924121},"totalSizeInBytes":3552,"silentlySkippedCount":0,"silentlySkippedDurationMs":0}
[14:08:55.276] INFO: txe:top_level_context Created block 11 with timestamp 1789412936
[14:08:55.882] INFO: simulator:public-processor Processed 1 successful txs and 0 failed txs (0 silently skipped, 0ms wasted) in 0.028738291999994545s {"blockNumber":12,"successfulCount":1,"failedCount":0,"duration":0.028738291999994545,"rate":41664654.25294681,"totalPublicGas":{"daGas":2176,"l2Gas":1197371},"totalBlockGas":{"daGas":3552,"l2Gas":1924121},"totalSizeInBytes":3552,"silentlySkippedCount":0,"silentlySkippedDurationMs":0}
[14:08:55.923] INFO: txe:top_level_context Created block 13 with timestamp 1789420137
[14:08:56.481] INFO: simulator:public-processor Processed 1 successful txs and 0 failed txs (0 silently skipped, 0ms wasted) in 0.02847904100001324s {"blockNumber":14,"successfulCount":1,"failedCount":0,"duration":0.02847904100001324,"rate":42043936.802487254,"totalPublicGas":{"daGas":2176,"l2Gas":1197371},"totalBlockGas":{"daGas":3552,"l2Gas":1924121},"totalSizeInBytes":3552,"silentlySkippedCount":0,"silentlySkippedDurationMs":0}
[14:08:56.523] INFO: txe:top_level_context Created block 15 with timestamp 1789427338
[14:08:57.082] INFO: simulator:public-processor Processed 1 successful txs and 0 failed txs (0 silently skipped, 0ms wasted) in 0.02884433399999398s {"blockNumber":16,"successfulCount":1,"failedCount":0,"duration":0.02884433399999398,"rate":41511480.20960546,"totalPublicGas":{"daGas":2176,"l2Gas":1197371},"totalBlockGas":{"daGas":3552,"l2Gas":1924121},"totalSizeInBytes":3552,"silentlySkippedCount":0,"silentlySkippedDurationMs":0}
[14:08:57.123] INFO: txe:top_level_context Created block 17 with timestamp 1789434539
[14:08:57.673] INFO: simulator:public-processor Processed 1 successful txs and 0 failed txs (0 silently skipped, 0ms wasted) in 0.02900283399998443s {"blockNumber":18,"successfulCount":1,"failedCount":0,"duration":0.02900283399998443,"rate":41284620.66847132,"totalPublicGas":{"daGas":2176,"l2Gas":1197371},"totalBlockGas":{"daGas":3552,"l2Gas":1924121},"totalSizeInBytes":3552,"silentlySkippedCount":0,"silentlySkippedDurationMs":0}
[14:08:57.715] INFO: txe:top_level_context Created block 19 with timestamp 1789441740
[14:08:58.285] INFO: simulator:public-processor Processed 1 successful txs and 0 failed txs (0 silently skipped, 0ms wasted) in 0.028983875000005356s {"blockNumber":20,"successfulCount":1,"failedCount":0,"duration":0.028983875000005356,"rate":41311625.86092366,"totalPublicGas":{"daGas":2176,"l2Gas":1197371},"totalBlockGas":{"daGas":3552,"l2Gas":1924121},"totalSizeInBytes":3552,"silentlySkippedCount":0,"silentlySkippedDurationMs":0}
[14:08:58.327] INFO: txe:top_level_context Created block 21 with timestamp 1789448941
[14:08:58.894] INFO: simulator:public-processor Processed 1 successful txs and 0 failed txs (0 silently skipped, 0ms wasted) in 0.03149274999997578s {"blockNumber":22,"successfulCount":1,"failedCount":0,"duration":0.03149274999997578,"rate":38020528.534374446,"totalPublicGas":{"daGas":2176,"l2Gas":1197371},"totalBlockGas":{"daGas":3552,"l2Gas":1924121},"totalSizeInBytes":3552,"silentlySkippedCount":0,"silentlySkippedDurationMs":0}
[14:08:58.936] INFO: txe:top_level_context Created block 23 with timestamp 1789456142
[14:08:59.494] INFO: simulator:public-processor Processed 1 successful txs and 0 failed txs (0 silently skipped, 0ms wasted) in 0.028711999999999533s {"blockNumber":24,"successfulCount":1,"failedCount":0,"duration":0.028711999999999533,"rate":41702807.18863261,"totalPublicGas":{"daGas":2176,"l2Gas":1197371},"totalBlockGas":{"daGas":3552,"l2Gas":1924121},"totalSizeInBytes":3552,"silentlySkippedCount":0,"silentlySkippedDurationMs":0}
[14:08:59.536] INFO: txe:top_level_context Created block 25 with timestamp 1789463343
[14:09:00.096] INFO: simulator:public-processor Processed 1 successful txs and 0 failed txs (0 silently skipped, 0ms wasted) in 0.029371458000008715s {"blockNumber":26,"successfulCount":1,"failedCount":0,"duration":0.029371458000008715,"rate":40766481.52773501,"totalPublicGas":{"daGas":2176,"l2Gas":1197371},"totalBlockGas":{"daGas":3552,"l2Gas":1924121},"totalSizeInBytes":3552,"silentlySkippedCount":0,"silentlySkippedDurationMs":0}
[14:09:00.138] INFO: txe:top_level_context Created block 27 with timestamp 1789470544
[14:09:00.698] INFO: simulator:public-processor Processed 1 successful txs and 0 failed txs (0 silently skipped, 0ms wasted) in 0.028802708000002893s {"blockNumber":28,"successfulCount":1,"failedCount":0,"duration":0.028802708000002893,"rate":41571473.07120843,"totalPublicGas":{"daGas":2176,"l2Gas":1197371},"totalBlockGas":{"daGas":3552,"l2Gas":1924121},"totalSizeInBytes":3552,"silentlySkippedCount":0,"silentlySkippedDurationMs":0}
[14:09:00.739] INFO: txe:top_level_context Created block 29 with timestamp 1789477745
[14:09:01.309] INFO: simulator:public-processor Processed 1 successful txs and 0 failed txs (0 silently skipped, 0ms wasted) in 0.029010500000003957s {"blockNumber":30,"successfulCount":1,"failedCount":0,"duration":0.029010500000003957,"rate":41273711.24247554,"totalPublicGas":{"daGas":2176,"l2Gas":1197371},"totalBlockGas":{"daGas":3552,"l2Gas":1924121},"totalSizeInBytes":3552,"silentlySkippedCount":0,"silentlySkippedDurationMs":0}
[14:09:01.350] INFO: txe:top_level_context Created block 31 with timestamp 1789484946
[14:09:01.899] INFO: simulator:public-processor Processed 1 successful txs and 0 failed txs (0 silently skipped, 0ms wasted) in 0.02878308300001663s {"blockNumber":32,"successfulCount":1,"failedCount":0,"duration":0.02878308300001663,"rate":41599817.503889635,"totalPublicGas":{"daGas":2176,"l2Gas":1197371},"totalBlockGas":{"daGas":3552,"l2Gas":1924121},"totalSizeInBytes":3552,"silentlySkippedCount":0,"silentlySkippedDurationMs":0}
[14:09:01.940] INFO: txe:top_level_context Created block 33 with timestamp 1789492147
[14:09:02.522] INFO: simulator:public-processor Processed 1 successful txs and 0 failed txs (0 silently skipped, 0ms wasted) in 0.037832208000007084s {"blockNumber":34,"successfulCount":1,"failedCount":0,"duration":0.037832208000007084,"rate":31649514.085981335,"totalPublicGas":{"daGas":2176,"l2Gas":1197371},"totalBlockGas":{"daGas":3552,"l2Gas":1924121},"totalSizeInBytes":3552,"silentlySkippedCount":0,"silentlySkippedDurationMs":0}
[14:09:02.573] INFO: txe:top_level_context Created block 35 with timestamp 1789499348
[14:09:03.174] INFO: simulator:public-processor Processed 1 successful txs and 0 failed txs (0 silently skipped, 0ms wasted) in 0.029783334000007017s {"blockNumber":36,"successfulCount":1,"failedCount":0,"duration":0.029783334000007017,"rate":40202718.741955414,"totalPublicGas":{"daGas":2176,"l2Gas":1197371},"totalBlockGas":{"daGas":3552,"l2Gas":1924121},"totalSizeInBytes":3552,"silentlySkippedCount":0,"silentlySkippedDurationMs":0}
[14:09:03.216] INFO: txe:top_level_context Created block 37 with timestamp 1789506549
[14:09:03.755] INFO: simulator:public-processor Processed 1 successful txs and 0 failed txs (0 silently skipped, 0ms wasted) in 0.028846125000010943s {"blockNumber":38,"successfulCount":1,"failedCount":0,"duration":0.028846125000010943,"rate":41508902.842220426,"totalPublicGas":{"daGas":2176,"l2Gas":1197371},"totalBlockGas":{"daGas":3552,"l2Gas":1924121},"totalSizeInBytes":3552,"silentlySkippedCount":0,"silentlySkippedDurationMs":0}
[14:09:03.796] INFO: txe:top_level_context Created block 39 with timestamp 1789513750
[14:09:04.342] INFO: simulator:public-processor Processed 1 successful txs and 0 failed txs (0 silently skipped, 0ms wasted) in 0.029419249999977182s {"blockNumber":40,"successfulCount":1,"failedCount":0,"duration":0.029419249999977182,"rate":40700255.78493431,"totalPublicGas":{"daGas":2176,"l2Gas":1197371},"totalBlockGas":{"daGas":3552,"l2Gas":1924121},"totalSizeInBytes":3552,"silentlySkippedCount":0,"silentlySkippedDurationMs":0}
[14:09:04.385] INFO: simulator:public-processor Processed 1 successful txs and 0 failed txs (0 silently skipped, 0ms wasted) in 0.005947874999983469s {"blockNumber":41,"successfulCount":1,"failedCount":0,"duration":0.005947874999983469,"rate":1389067.5241196163,"totalPublicGas":{"daGas":0,"l2Gas":8262},"totalBlockGas":{"daGas":0,"l2Gas":8262},"totalSizeInBytes":128,"silentlySkippedCount":0,"silentlySkippedDurationMs":0}
[billboard_test] Testing test_history_known_bad_missing_child_after_first_page ... [0m[32mok[0m
[14:09:07.320] INFO: kv-store:lmdb-v2 Starting data store with maxReaders 2
[14:09:07.321] INFO: world-state:database Creating world state data store at directory /var/folders/ym/q1vh2x5n58xbsmpmvs5_6w3r0000gn/T/aztec-world-state-kh0aeD/world_state with map sizes {"archiveTreeMapSizeKb":10485760,"nullifierTreeMapSizeKb":10485760,"noteHashTreeMapSizeKb":10485760,"messageTreeMapSizeKb":10485760,"publicDataTreeMapSizeKb":10485760} and 2 threads (ephemeral=true).
[14:09:07.334] INFO: txe_node Aztec Node version: txe
[14:09:07.334] INFO: txe_node Aztec Node started on chain 0x1
[14:09:07.351] INFO: txe:top_level_context Created block 1 with timestamp 1789391347
[14:09:07.403] INFO: txe:top_level_context Created block 2 with timestamp 1789391347
[14:09:07.495] INFO: simulator:public-processor Processed 1 successful txs and 0 failed txs (0 silently skipped, 0ms wasted) in 0.05450762499999837s {"blockNumber":3,"successfulCount":1,"failedCount":0,"duration":0.05450762499999837,"rate":59446490.284617916,"totalPublicGas":{"daGas":4000,"l2Gas":3240287},"totalBlockGas":{"daGas":4000,"l2Gas":3240287},"totalSizeInBytes":4128,"silentlySkippedCount":0,"silentlySkippedDurationMs":0}
[14:09:07.668] INFO: simulator:public-processor Processed 1 successful txs and 0 failed txs (0 silently skipped, 0ms wasted) in 0.01997704200001317s {"blockNumber":4,"successfulCount":1,"failedCount":0,"duration":0.01997704200001317,"rate":57071262.10172899,"totalPublicGas":{"daGas":192,"l2Gas":1140115},"totalBlockGas":{"daGas":320,"l2Gas":1730915},"totalSizeInBytes":320,"silentlySkippedCount":0,"silentlySkippedDurationMs":0}
[14:09:07.709] INFO: txe:top_level_context Created block 5 with timestamp 1789391347
[14:09:07.932] INFO: simulator:public-processor Processed 1 successful txs and 0 failed txs (0 silently skipped, 0ms wasted) in 0.005378750000003493s {"blockNumber":6,"successfulCount":1,"failedCount":0,"duration":0.005378750000003493,"rate":0,"totalPublicGas":{"daGas":0,"l2Gas":0},"totalBlockGas":{"daGas":1984,"l2Gas":529900},"totalSizeInBytes":1984,"silentlySkippedCount":0,"silentlySkippedDurationMs":0}
[14:09:07.973] INFO: txe:top_level_context Created block 7 with timestamp 1789398548
[14:09:08.501] INFO: simulator:public-processor Processed 1 successful txs and 0 failed txs (0 silently skipped, 0ms wasted) in 0.028581084000004923s {"blockNumber":8,"successfulCount":1,"failedCount":0,"duration":0.028581084000004923,"rate":41893827.39996124,"totalPublicGas":{"daGas":2176,"l2Gas":1197371},"totalBlockGas":{"daGas":3552,"l2Gas":1924121},"totalSizeInBytes":3552,"silentlySkippedCount":0,"silentlySkippedDurationMs":0}
[14:09:08.542] INFO: txe:top_level_context Created block 9 with timestamp 1789405749
[14:09:09.093] INFO: simulator:public-processor Processed 1 successful txs and 0 failed txs (0 silently skipped, 0ms wasted) in 0.028513041000027443s {"blockNumber":10,"successfulCount":1,"failedCount":0,"duration":0.028513041000027443,"rate":41993802.06407473,"totalPublicGas":{"daGas":2176,"l2Gas":1197371},"totalBlockGas":{"daGas":3552,"l2Gas":1924121},"totalSizeInBytes":3552,"silentlySkippedCount":0,"silentlySkippedDurationMs":0}
[14:09:09.134] INFO: txe:top_level_context Created block 11 with timestamp 1789412950
[14:09:09.712] INFO: simulator:public-processor Processed 1 successful txs and 0 failed txs (0 silently skipped, 0ms wasted) in 0.030247582999989392s {"blockNumber":12,"successfulCount":1,"failedCount":0,"duration":0.030247582999989392,"rate":39585675.324881986,"totalPublicGas":{"daGas":2176,"l2Gas":1197371},"totalBlockGas":{"daGas":3552,"l2Gas":1924121},"totalSizeInBytes":3552,"silentlySkippedCount":0,"silentlySkippedDurationMs":0}
[14:09:09.754] INFO: txe:top_level_context Created block 13 with timestamp 1789420151
[14:09:10.361] INFO: simulator:public-processor Processed 1 successful txs and 0 failed txs (0 silently skipped, 0ms wasted) in 0.02918495900000562s {"blockNumber":14,"successfulCount":1,"failedCount":0,"duration":0.02918495900000562,"rate":41026989.278955966,"totalPublicGas":{"daGas":2176,"l2Gas":1197371},"totalBlockGas":{"daGas":3552,"l2Gas":1924121},"totalSizeInBytes":3552,"silentlySkippedCount":0,"silentlySkippedDurationMs":0}
[14:09:10.403] INFO: txe:top_level_context Created block 15 with timestamp 1789427352
[14:09:10.971] INFO: simulator:public-processor Processed 1 successful txs and 0 failed txs (0 silently skipped, 0ms wasted) in 0.028922541999985698s {"blockNumber":16,"successfulCount":1,"failedCount":0,"duration":0.028922541999985698,"rate":41399231.091118895,"totalPublicGas":{"daGas":2176,"l2Gas":1197371},"totalBlockGas":{"daGas":3552,"l2Gas":1924121},"totalSizeInBytes":3552,"silentlySkippedCount":0,"silentlySkippedDurationMs":0}
[14:09:11.013] INFO: txe:top_level_context Created block 17 with timestamp 1789434553
[14:09:11.580] INFO: simulator:public-processor Processed 1 successful txs and 0 failed txs (0 silently skipped, 0ms wasted) in 0.029094500000006518s {"blockNumber":18,"successfulCount":1,"failedCount":0,"duration":0.029094500000006518,"rate":41154548.1104584,"totalPublicGas":{"daGas":2176,"l2Gas":1197371},"totalBlockGas":{"daGas":3552,"l2Gas":1924121},"totalSizeInBytes":3552,"silentlySkippedCount":0,"silentlySkippedDurationMs":0}
[14:09:11.623] INFO: txe:top_level_context Created block 19 with timestamp 1789441754
[14:09:12.204] INFO: simulator:public-processor Processed 1 successful txs and 0 failed txs (0 silently skipped, 0ms wasted) in 0.02951637500000652s {"blockNumber":20,"successfulCount":1,"failedCount":0,"duration":0.02951637500000652,"rate":40566329.706806324,"totalPublicGas":{"daGas":2176,"l2Gas":1197371},"totalBlockGas":{"daGas":3552,"l2Gas":1924121},"totalSizeInBytes":3552,"silentlySkippedCount":0,"silentlySkippedDurationMs":0}
[14:09:12.246] INFO: txe:top_level_context Created block 21 with timestamp 1789448955
[14:09:12.799] INFO: simulator:public-processor Processed 1 successful txs and 0 failed txs (0 silently skipped, 0ms wasted) in 0.028663292000012008s {"blockNumber":22,"successfulCount":1,"failedCount":0,"duration":0.028663292000012008,"rate":41773673.44963371,"totalPublicGas":{"daGas":2176,"l2Gas":1197371},"totalBlockGas":{"daGas":3552,"l2Gas":1924121},"totalSizeInBytes":3552,"silentlySkippedCount":0,"silentlySkippedDurationMs":0}
[14:09:12.841] INFO: txe:top_level_context Created block 23 with timestamp 1789456156
[14:09:13.412] INFO: simulator:public-processor Processed 1 successful txs and 0 failed txs (0 silently skipped, 0ms wasted) in 0.032255624999990684s {"blockNumber":24,"successfulCount":1,"failedCount":0,"duration":0.032255624999990684,"rate":37121308.29895083,"totalPublicGas":{"daGas":2176,"l2Gas":1197371},"totalBlockGas":{"daGas":3552,"l2Gas":1924121},"totalSizeInBytes":3552,"silentlySkippedCount":0,"silentlySkippedDurationMs":0}
[14:09:13.454] INFO: txe:top_level_context Created block 25 with timestamp 1789463357
[14:09:14.013] INFO: simulator:public-processor Processed 1 successful txs and 0 failed txs (0 silently skipped, 0ms wasted) in 0.028731999999989058s {"blockNumber":26,"successfulCount":1,"failedCount":0,"duration":0.028731999999989058,"rate":41673778.36560128,"totalPublicGas":{"daGas":2176,"l2Gas":1197371},"totalBlockGas":{"daGas":3552,"l2Gas":1924121},"totalSizeInBytes":3552,"silentlySkippedCount":0,"silentlySkippedDurationMs":0}
[14:09:14.055] INFO: txe:top_level_context Created block 27 with timestamp 1789470558
[14:09:14.614] INFO: simulator:public-processor Processed 1 successful txs and 0 failed txs (0 silently skipped, 0ms wasted) in 0.028888666000013472s {"blockNumber":28,"successfulCount":1,"failedCount":0,"duration":0.028888666000013472,"rate":41447777.477833055,"totalPublicGas":{"daGas":2176,"l2Gas":1197371},"totalBlockGas":{"daGas":3552,"l2Gas":1924121},"totalSizeInBytes":3552,"silentlySkippedCount":0,"silentlySkippedDurationMs":0}
[14:09:14.656] INFO: txe:top_level_context Created block 29 with timestamp 1789477759
[14:09:15.217] INFO: simulator:public-processor Processed 1 successful txs and 0 failed txs (0 silently skipped, 0ms wasted) in 0.02953854099998716s {"blockNumber":30,"successfulCount":1,"failedCount":0,"duration":0.02953854099998716,"rate":40535888.350088805,"totalPublicGas":{"daGas":2176,"l2Gas":1197371},"totalBlockGas":{"daGas":3552,"l2Gas":1924121},"totalSizeInBytes":3552,"silentlySkippedCount":0,"silentlySkippedDurationMs":0}
[14:09:15.258] INFO: txe:top_level_context Created block 31 with timestamp 1789484960
[14:09:15.803] INFO: simulator:public-processor Processed 1 successful txs and 0 failed txs (0 silently skipped, 0ms wasted) in 0.028872749999980442s {"blockNumber":32,"successfulCount":1,"failedCount":0,"duration":0.028872749999980442,"rate":41470625.41672723,"totalPublicGas":{"daGas":2176,"l2Gas":1197371},"totalBlockGas":{"daGas":3552,"l2Gas":1924121},"totalSizeInBytes":3552,"silentlySkippedCount":0,"silentlySkippedDurationMs":0}
[14:09:15.845] INFO: txe:top_level_context Created block 33 with timestamp 1789492161
[14:09:16.386] INFO: simulator:public-processor Processed 1 successful txs and 0 failed txs (0 silently skipped, 0ms wasted) in 0.02904391599999508s {"blockNumber":34,"successfulCount":1,"failedCount":0,"duration":0.02904391599999508,"rate":41226224.452659994,"totalPublicGas":{"daGas":2176,"l2Gas":1197371},"totalBlockGas":{"daGas":3552,"l2Gas":1924121},"totalSizeInBytes":3552,"silentlySkippedCount":0,"silentlySkippedDurationMs":0}
[14:09:16.428] INFO: txe:top_level_context Created block 35 with timestamp 1789499362
[14:09:16.964] INFO: simulator:public-processor Processed 1 successful txs and 0 failed txs (0 silently skipped, 0ms wasted) in 0.029077625000005356s {"blockNumber":36,"successfulCount":1,"failedCount":0,"duration":0.029077625000005356,"rate":41178431.86985799,"totalPublicGas":{"daGas":2176,"l2Gas":1197371},"totalBlockGas":{"daGas":3552,"l2Gas":1924121},"totalSizeInBytes":3552,"silentlySkippedCount":0,"silentlySkippedDurationMs":0}
[14:09:17.006] INFO: txe:top_level_context Created block 37 with timestamp 1789506563
[14:09:17.544] INFO: simulator:public-processor Processed 1 successful txs and 0 failed txs (0 silently skipped, 0ms wasted) in 0.02888145899999654s {"blockNumber":38,"successfulCount":1,"failedCount":0,"duration":0.02888145899999654,"rate":41458120.2424761,"totalPublicGas":{"daGas":2176,"l2Gas":1197371},"totalBlockGas":{"daGas":3552,"l2Gas":1924121},"totalSizeInBytes":3552,"silentlySkippedCount":0,"silentlySkippedDurationMs":0}
[14:09:17.586] INFO: txe:top_level_context Created block 39 with timestamp 1789513764
[14:09:18.142] INFO: simulator:public-processor Processed 1 successful txs and 0 failed txs (0 silently skipped, 0ms wasted) in 0.03102445799999987s {"blockNumber":40,"successfulCount":1,"failedCount":0,"duration":0.03102445799999987,"rate":38594421.21438528,"totalPublicGas":{"daGas":2176,"l2Gas":1197371},"totalBlockGas":{"daGas":3552,"l2Gas":1924121},"totalSizeInBytes":3552,"silentlySkippedCount":0,"silentlySkippedDurationMs":0}
[14:09:18.189] INFO: simulator:public-processor Processed 1 successful txs and 0 failed txs (0 silently skipped, 0ms wasted) in 0.006378125000017463s {"blockNumber":41,"successfulCount":1,"failedCount":0,"duration":0.006378125000017463,"rate":1295365.01714491,"totalPublicGas":{"daGas":0,"l2Gas":8262},"totalBlockGas":{"daGas":0,"l2Gas":8262},"totalSizeInBytes":128,"silentlySkippedCount":0,"silentlySkippedDurationMs":0}
[14:09:18.209] INFO: txe:top_level_context Created block 41 with timestamp 1789520965
[billboard_test] Testing test_history_known_bad_next_post_cannot_progress ... [0m[32mok[0m
[14:09:21.234] INFO: kv-store:lmdb-v2 Starting data store with maxReaders 2
[14:09:21.235] INFO: world-state:database Creating world state data store at directory /var/folders/ym/q1vh2x5n58xbsmpmvs5_6w3r0000gn/T/aztec-world-state-5hbt2T/world_state with map sizes {"archiveTreeMapSizeKb":10485760,"nullifierTreeMapSizeKb":10485760,"noteHashTreeMapSizeKb":10485760,"messageTreeMapSizeKb":10485760,"publicDataTreeMapSizeKb":10485760} and 2 threads (ephemeral=true).
[14:09:21.249] INFO: txe_node Aztec Node version: txe
[14:09:21.249] INFO: txe_node Aztec Node started on chain 0x1
[14:09:21.267] INFO: txe:top_level_context Created block 1 with timestamp 1789391361
[14:09:21.315] INFO: txe:top_level_context Created block 2 with timestamp 1789391361
[14:09:21.413] INFO: simulator:public-processor Processed 1 successful txs and 0 failed txs (0 silently skipped, 0ms wasted) in 0.05785725000000093s {"blockNumber":3,"successfulCount":1,"failedCount":0,"duration":0.05785725000000093,"rate":56004856.78112852,"totalPublicGas":{"daGas":4000,"l2Gas":3240287},"totalBlockGas":{"daGas":4000,"l2Gas":3240287},"totalSizeInBytes":4128,"silentlySkippedCount":0,"silentlySkippedDurationMs":0}
[14:09:21.458] INFO: simulator:public-processor Processed 1 successful txs and 0 failed txs (0 silently skipped, 0ms wasted) in 0.006650292000005721s {"blockNumber":4,"successfulCount":1,"failedCount":0,"duration":0.006650292000005721,"rate":1502189.6782865184,"totalPublicGas":{"daGas":0,"l2Gas":9990},"totalBlockGas":{"daGas":0,"l2Gas":9990},"totalSizeInBytes":128,"silentlySkippedCount":0,"silentlySkippedDurationMs":0}
[billboard_test] Testing test_init_default_flag_state ... [0m[32mok[0m
[billboard_test] Testing test_init_rejects_policy_too_long ... [0m[32mok[0m
[14:09:23.894] INFO: kv-store:lmdb-v2 Starting data store with maxReaders 2
[14:09:23.895] INFO: world-state:database Creating world state data store at directory /var/folders/ym/q1vh2x5n58xbsmpmvs5_6w3r0000gn/T/aztec-world-state-VkTSEI/world_state with map sizes {"archiveTreeMapSizeKb":10485760,"nullifierTreeMapSizeKb":10485760,"noteHashTreeMapSizeKb":10485760,"messageTreeMapSizeKb":10485760,"publicDataTreeMapSizeKb":10485760} and 2 threads (ephemeral=true).
[14:09:23.908] INFO: txe_node Aztec Node version: txe
[14:09:23.908] INFO: txe_node Aztec Node started on chain 0x1
[14:09:23.925] INFO: txe:top_level_context Created block 1 with timestamp 1789391363
[14:09:23.980] INFO: txe:top_level_context Created block 2 with timestamp 1789391363
[14:09:24.028] INFO: simulator:public-processor Processed 1 successful txs and 0 failed txs (0 silently skipped, 0ms wasted) in 0.008571999999985565s {"blockNumber":3,"successfulCount":1,"failedCount":0,"duration":0.008571999999985565,"rate":14799113.392465426,"totalPublicGas":{"daGas":0,"l2Gas":126858},"totalBlockGas":{"daGas":0,"l2Gas":126858},"totalSizeInBytes":128,"silentlySkippedCount":0,"silentlySkippedDurationMs":0}
[14:09:24.030] WARN: txe:top_level_context Could not find function artifact in contract Billboard for function '0x8f3f1c4d' when enriching error callstack
[14:09:26.429] INFO: kv-store:lmdb-v2 Starting data store with maxReaders 2
[14:09:26.430] INFO: world-state:database Creating world state data store at directory /var/folders/ym/q1vh2x5n58xbsmpmvs5_6w3r0000gn/T/aztec-world-state-7rMW8M/world_state with map sizes {"archiveTreeMapSizeKb":10485760,"nullifierTreeMapSizeKb":10485760,"noteHashTreeMapSizeKb":10485760,"messageTreeMapSizeKb":10485760,"publicDataTreeMapSizeKb":10485760} and 2 threads (ephemeral=true).
[14:09:26.442] INFO: txe_node Aztec Node version: txe
[14:09:26.442] INFO: txe_node Aztec Node started on chain 0x1
[14:09:26.460] INFO: txe:top_level_context Created block 1 with timestamp 1789391366
[14:09:26.515] INFO: txe:top_level_context Created block 2 with timestamp 1789391366
[14:09:26.570] INFO: simulator:public-processor Processed 1 successful txs and 0 failed txs (0 silently skipped, 0ms wasted) in 0.008630541999998968s {"blockNumber":3,"successfulCount":1,"failedCount":0,"duration":0.008630541999998968,"rate":14624689.851461831,"totalPublicGas":{"daGas":0,"l2Gas":126219},"totalBlockGas":{"daGas":0,"l2Gas":126219},"totalSizeInBytes":128,"silentlySkippedCount":0,"silentlySkippedDurationMs":0}
[14:09:26.572] WARN: txe:top_level_context Could not find function artifact in contract Billboard for function '0x8f3f1c4d' when enriching error callstack
[billboard_test] Testing test_init_rejects_zero_base_cooldown ... [0m[32mok[0m
[billboard_test] Testing test_init_rejects_zero_censor_window ... [0m[32mok[0m
[14:09:28.964] INFO: kv-store:lmdb-v2 Starting data store with maxReaders 2
[14:09:28.965] INFO: world-state:database Creating world state data store at directory /var/folders/ym/q1vh2x5n58xbsmpmvs5_6w3r0000gn/T/aztec-world-state-Yrmj1S/world_state with map sizes {"archiveTreeMapSizeKb":10485760,"nullifierTreeMapSizeKb":10485760,"noteHashTreeMapSizeKb":10485760,"messageTreeMapSizeKb":10485760,"publicDataTreeMapSizeKb":10485760} and 2 threads (ephemeral=true).
[14:09:28.979] INFO: txe_node Aztec Node version: txe
[14:09:28.979] INFO: txe_node Aztec Node started on chain 0x1
[14:09:28.996] INFO: txe:top_level_context Created block 1 with timestamp 1789391368
[14:09:29.051] INFO: txe:top_level_context Created block 2 with timestamp 1789391368
[14:09:29.098] INFO: simulator:public-processor Processed 1 successful txs and 0 failed txs (0 silently skipped, 0ms wasted) in 0.008532875000004424s {"blockNumber":3,"successfulCount":1,"failedCount":0,"duration":0.008532875000004424,"rate":14807904.721437322,"totalPublicGas":{"daGas":0,"l2Gas":126354},"totalBlockGas":{"daGas":0,"l2Gas":126354},"totalSizeInBytes":128,"silentlySkippedCount":0,"silentlySkippedDurationMs":0}
[14:09:29.101] WARN: txe:top_level_context Could not find function artifact in contract Billboard for function '0x8f3f1c4d' when enriching error callstack
[billboard_test] Testing test_init_rejects_zero_k ... [0m[32mok[0m
[14:09:31.481] INFO: kv-store:lmdb-v2 Starting data store with maxReaders 2
[14:09:31.482] INFO: world-state:database Creating world state data store at directory /var/folders/ym/q1vh2x5n58xbsmpmvs5_6w3r0000gn/T/aztec-world-state-N0Ot22/world_state with map sizes {"archiveTreeMapSizeKb":10485760,"nullifierTreeMapSizeKb":10485760,"noteHashTreeMapSizeKb":10485760,"messageTreeMapSizeKb":10485760,"publicDataTreeMapSizeKb":10485760} and 2 threads (ephemeral=true).
[14:09:31.495] INFO: txe_node Aztec Node version: txe
[14:09:31.495] INFO: txe_node Aztec Node started on chain 0x1
[14:09:31.513] INFO: txe:top_level_context Created block 1 with timestamp 1789391371
[14:09:31.566] INFO: txe:top_level_context Created block 2 with timestamp 1789391371
[14:09:31.614] INFO: simulator:public-processor Processed 1 successful txs and 0 failed txs (0 silently skipped, 0ms wasted) in 0.00846287499999744s {"blockNumber":3,"successfulCount":1,"failedCount":0,"duration":0.00846287499999744,"rate":14922588.363887947,"totalPublicGas":{"daGas":0,"l2Gas":126288},"totalBlockGas":{"daGas":0,"l2Gas":126288},"totalSizeInBytes":128,"silentlySkippedCount":0,"silentlySkippedDurationMs":0}
[14:09:31.616] WARN: txe:top_level_context Could not find function artifact in contract Billboard for function '0x8f3f1c4d' when enriching error callstack
[billboard_test] Testing test_init_rejects_zero_max_save_up ... [0m[32mok[0m
[14:09:34.017] INFO: kv-store:lmdb-v2 Starting data store with maxReaders 2
[14:09:34.018] INFO: world-state:database Creating world state data store at directory /var/folders/ym/q1vh2x5n58xbsmpmvs5_6w3r0000gn/T/aztec-world-state-zMH3gF/world_state with map sizes {"archiveTreeMapSizeKb":10485760,"nullifierTreeMapSizeKb":10485760,"noteHashTreeMapSizeKb":10485760,"messageTreeMapSizeKb":10485760,"publicDataTreeMapSizeKb":10485760} and 2 threads (ephemeral=true).
[14:09:34.030] INFO: txe_node Aztec Node version: txe
[14:09:34.031] INFO: txe_node Aztec Node started on chain 0x1
[14:09:34.048] INFO: txe:top_level_context Created block 1 with timestamp 1789391374
[14:09:34.102] INFO: txe:top_level_context Created block 2 with timestamp 1789391374
[14:09:34.149] INFO: simulator:public-processor Processed 1 successful txs and 0 failed txs (0 silently skipped, 0ms wasted) in 0.00848499999998603s {"blockNumber":3,"successfulCount":1,"failedCount":0,"duration":0.00848499999998603,"rate":14899587.507390471,"totalPublicGas":{"daGas":0,"l2Gas":126423},"totalBlockGas":{"daGas":0,"l2Gas":126423},"totalSizeInBytes":128,"silentlySkippedCount":0,"silentlySkippedDurationMs":0}
[14:09:34.152] WARN: txe:top_level_context Could not find function artifact in contract Billboard for function '0x8f3f1c4d' when enriching error callstack
[billboard_test] Testing test_init_rejects_zero_min_deposit ... [0m[32mok[0m
[14:09:36.544] INFO: kv-store:lmdb-v2 Starting data store with maxReaders 2
[14:09:36.545] INFO: world-state:database Creating world state data store at directory /var/folders/ym/q1vh2x5n58xbsmpmvs5_6w3r0000gn/T/aztec-world-state-BxBUBm/world_state with map sizes {"archiveTreeMapSizeKb":10485760,"nullifierTreeMapSizeKb":10485760,"noteHashTreeMapSizeKb":10485760,"messageTreeMapSizeKb":10485760,"publicDataTreeMapSizeKb":10485760} and 2 threads (ephemeral=true).
[14:09:36.558] INFO: txe_node Aztec Node version: txe
[14:09:36.558] INFO: txe_node Aztec Node started on chain 0x1
[14:09:36.575] INFO: txe:top_level_context Created block 1 with timestamp 1789391376
[14:09:36.629] INFO: txe:top_level_context Created block 2 with timestamp 1789391376
[14:09:36.677] INFO: simulator:public-processor Processed 1 successful txs and 0 failed txs (0 silently skipped, 0ms wasted) in 0.00829791700001806s {"blockNumber":3,"successfulCount":1,"failedCount":0,"duration":0.00829791700001806,"rate":15181279.832001913,"totalPublicGas":{"daGas":0,"l2Gas":125973},"totalBlockGas":{"daGas":0,"l2Gas":125973},"totalSizeInBytes":128,"silentlySkippedCount":0,"silentlySkippedDurationMs":0}
[14:09:36.679] WARN: txe:top_level_context Could not find function artifact in contract Billboard for function '0x8f3f1c4d' when enriching error callstack
[billboard_test] Testing test_init_sets_all_parameters ... [0m[32mok[0m
[14:09:39.067] INFO: kv-store:lmdb-v2 Starting data store with maxReaders 2
[14:09:39.067] INFO: world-state:database Creating world state data store at directory /var/folders/ym/q1vh2x5n58xbsmpmvs5_6w3r0000gn/T/aztec-world-state-sgdaRS/world_state with map sizes {"archiveTreeMapSizeKb":10485760,"nullifierTreeMapSizeKb":10485760,"noteHashTreeMapSizeKb":10485760,"messageTreeMapSizeKb":10485760,"publicDataTreeMapSizeKb":10485760} and 2 threads (ephemeral=true).
[14:09:39.080] INFO: txe_node Aztec Node version: txe
[14:09:39.080] INFO: txe_node Aztec Node started on chain 0x1
[14:09:39.098] INFO: txe:top_level_context Created block 1 with timestamp 1789391379
[14:09:39.143] INFO: txe:top_level_context Created block 2 with timestamp 1789391379
[14:09:39.239] INFO: simulator:public-processor Processed 1 successful txs and 0 failed txs (0 silently skipped, 0ms wasted) in 0.0568424159999995s {"blockNumber":3,"successfulCount":1,"failedCount":0,"duration":0.0568424159999995,"rate":57004737.448176526,"totalPublicGas":{"daGas":4000,"l2Gas":3240287},"totalBlockGas":{"daGas":4000,"l2Gas":3240287},"totalSizeInBytes":4128,"silentlySkippedCount":0,"silentlySkippedDurationMs":0}
[14:09:39.283] INFO: simulator:public-processor Processed 1 successful txs and 0 failed txs (0 silently skipped, 0ms wasted) in 0.006676166999997804s {"blockNumber":4,"successfulCount":1,"failedCount":0,"duration":0.006676166999997804,"rate":3564770.024477792,"totalPublicGas":{"daGas":0,"l2Gas":23799},"totalBlockGas":{"daGas":0,"l2Gas":23799},"totalSizeInBytes":128,"silentlySkippedCount":0,"silentlySkippedDurationMs":0}
[14:09:39.305] INFO: simulator:public-processor Processed 1 successful txs and 0 failed txs (0 silently skipped, 0ms wasted) in 0.007051749999984168s {"blockNumber":4,"successfulCount":1,"failedCount":0,"duration":0.007051749999984168,"rate":3386393.448442389,"totalPublicGas":{"daGas":0,"l2Gas":23880},"totalBlockGas":{"daGas":0,"l2Gas":23880},"totalSizeInBytes":128,"silentlySkippedCount":0,"silentlySkippedDurationMs":0}
[14:09:39.326] INFO: simulator:public-processor Processed 1 successful txs and 0 failed txs (0 silently skipped, 0ms wasted) in 0.006717457999999169s {"blockNumber":4,"successfulCount":1,"failedCount":0,"duration":0.006717457999999169,"rate":3495072.094236079,"totalPublicGas":{"daGas":0,"l2Gas":23478},"totalBlockGas":{"daGas":0,"l2Gas":23478},"totalSizeInBytes":128,"silentlySkippedCount":0,"silentlySkippedDurationMs":0}
[14:09:39.349] INFO: simulator:public-processor Processed 1 successful txs and 0 failed txs (0 silently skipped, 0ms wasted) in 0.006899666000012076s {"blockNumber":4,"successfulCount":1,"failedCount":0,"duration":0.006899666000012076,"rate":3414078.304653989,"totalPublicGas":{"daGas":0,"l2Gas":23556},"totalBlockGas":{"daGas":0,"l2Gas":23556},"totalSizeInBytes":128,"silentlySkippedCount":0,"silentlySkippedDurationMs":0}
[14:09:39.371] INFO: simulator:public-processor Processed 1 successful txs and 0 failed txs (0 silently skipped, 0ms wasted) in 0.00675662500000908s {"blockNumber":4,"successfulCount":1,"failedCount":0,"duration":0.00675662500000908,"rate":3498788.2263657125,"totalPublicGas":{"daGas":0,"l2Gas":23640},"totalBlockGas":{"daGas":0,"l2Gas":23640},"totalSizeInBytes":128,"silentlySkippedCount":0,"silentlySkippedDurationMs":0}
[14:09:39.392] INFO: simulator:public-processor Processed 1 successful txs and 0 failed txs (0 silently skipped, 0ms wasted) in 0.006084875000000466s {"blockNumber":4,"successfulCount":1,"failedCount":0,"duration":0.006084875000000466,"rate":1425830.4402307912,"totalPublicGas":{"daGas":0,"l2Gas":8676},"totalBlockGas":{"daGas":0,"l2Gas":8676},"totalSizeInBytes":128,"silentlySkippedCount":0,"silentlySkippedDurationMs":0}
[14:09:39.413] INFO: simulator:public-processor Processed 1 successful txs and 0 failed txs (0 silently skipped, 0ms wasted) in 0.006467375000007451s {"blockNumber":4,"successfulCount":1,"failedCount":0,"duration":0.006467375000007451,"rate":3656661.319310038,"totalPublicGas":{"daGas":0,"l2Gas":23649},"totalBlockGas":{"daGas":0,"l2Gas":23649},"totalSizeInBytes":128,"silentlySkippedCount":0,"silentlySkippedDurationMs":0}
[14:09:39.434] INFO: simulator:public-processor Processed 1 successful txs and 0 failed txs (0 silently skipped, 0ms wasted) in 0.006301042000006419s {"blockNumber":4,"successfulCount":1,"failedCount":0,"duration":0.006301042000006419,"rate":1311211.701174438,"totalPublicGas":{"daGas":0,"l2Gas":8262},"totalBlockGas":{"daGas":0,"l2Gas":8262},"totalSizeInBytes":128,"silentlySkippedCount":0,"silentlySkippedDurationMs":0}
[14:09:39.455] INFO: simulator:public-processor Processed 1 successful txs and 0 failed txs (0 silently skipped, 0ms wasted) in 0.006204583999991882s {"blockNumber":4,"successfulCount":1,"failedCount":0,"duration":0.006204583999991882,"rate":1585440.6999748687,"totalPublicGas":{"daGas":0,"l2Gas":9837},"totalBlockGas":{"daGas":0,"l2Gas":9837},"totalSizeInBytes":128,"silentlySkippedCount":0,"silentlySkippedDurationMs":0}
[14:09:41.850] INFO: kv-store:lmdb-v2 Starting data store with maxReaders 2
[14:09:41.851] INFO: world-state:database Creating world state data store at directory /var/folders/ym/q1vh2x5n58xbsmpmvs5_6w3r0000gn/T/aztec-world-state-r4kvDk/world_state with map sizes {"archiveTreeMapSizeKb":10485760,"nullifierTreeMapSizeKb":10485760,"noteHashTreeMapSizeKb":10485760,"messageTreeMapSizeKb":10485760,"publicDataTreeMapSizeKb":10485760} and 2 threads (ephemeral=true).
[14:09:41.864] INFO: txe_node Aztec Node version: txe
[14:09:41.864] INFO: txe_node Aztec Node started on chain 0x1
[14:09:41.881] INFO: txe:top_level_context Created block 1 with timestamp 1789391381
[14:09:41.926] INFO: txe:top_level_context Created block 2 with timestamp 1789391381
[14:09:42.019] INFO: simulator:public-processor Processed 1 successful txs and 0 failed txs (0 silently skipped, 0ms wasted) in 0.05456091599998763s {"blockNumber":3,"successfulCount":1,"failedCount":0,"duration":0.05456091599998763,"rate":59388427.423042804,"totalPublicGas":{"daGas":4000,"l2Gas":3240287},"totalBlockGas":{"daGas":4000,"l2Gas":3240287},"totalSizeInBytes":4128,"silentlySkippedCount":0,"silentlySkippedDurationMs":0}
[14:09:42.067] INFO: simulator:public-processor Processed 1 successful txs and 0 failed txs (0 silently skipped, 0ms wasted) in 0.010172166999982437s {"blockNumber":4,"successfulCount":1,"failedCount":0,"duration":0.010172166999982437,"rate":11444759.017444463,"totalPublicGas":{"daGas":0,"l2Gas":116418},"totalBlockGas":{"daGas":0,"l2Gas":116418},"totalSizeInBytes":128,"silentlySkippedCount":0,"silentlySkippedDurationMs":0}
[billboard_test] Testing test_init_sets_default_policy ... [0m[32mok[0m
[billboard_test] Testing test_init_sets_nondefault_policy ... [0m[32mok[0m
[14:09:44.447] INFO: kv-store:lmdb-v2 Starting data store with maxReaders 2
[14:09:44.448] INFO: world-state:database Creating world state data store at directory /var/folders/ym/q1vh2x5n58xbsmpmvs5_6w3r0000gn/T/aztec-world-state-oasMVp/world_state with map sizes {"archiveTreeMapSizeKb":10485760,"nullifierTreeMapSizeKb":10485760,"noteHashTreeMapSizeKb":10485760,"messageTreeMapSizeKb":10485760,"publicDataTreeMapSizeKb":10485760} and 2 threads (ephemeral=true).
[14:09:44.461] INFO: txe_node Aztec Node version: txe
[14:09:44.461] INFO: txe_node Aztec Node started on chain 0x1
[14:09:44.478] INFO: txe:top_level_context Created block 1 with timestamp 1789391384
[14:09:44.523] INFO: txe:top_level_context Created block 2 with timestamp 1789391384
[14:09:44.617] INFO: simulator:public-processor Processed 1 successful txs and 0 failed txs (0 silently skipped, 0ms wasted) in 0.05486175000001094s {"blockNumber":3,"successfulCount":1,"failedCount":0,"duration":0.05486175000001094,"rate":59062771.420878,"totalPublicGas":{"daGas":4000,"l2Gas":3240287},"totalBlockGas":{"daGas":4000,"l2Gas":3240287},"totalSizeInBytes":4128,"silentlySkippedCount":0,"silentlySkippedDurationMs":0}
[14:09:44.665] INFO: simulator:public-processor Processed 1 successful txs and 0 failed txs (0 silently skipped, 0ms wasted) in 0.010336499999975785s {"blockNumber":4,"successfulCount":1,"failedCount":0,"duration":0.010336499999975785,"rate":11262806.559306605,"totalPublicGas":{"daGas":0,"l2Gas":116418},"totalBlockGas":{"daGas":0,"l2Gas":116418},"totalSizeInBytes":128,"silentlySkippedCount":0,"silentlySkippedDurationMs":0}
[14:09:47.190] INFO: kv-store:lmdb-v2 Starting data store with maxReaders 2
[14:09:47.192] INFO: world-state:database Creating world state data store at directory /var/folders/ym/q1vh2x5n58xbsmpmvs5_6w3r0000gn/T/aztec-world-state-IXCsYO/world_state with map sizes {"archiveTreeMapSizeKb":10485760,"nullifierTreeMapSizeKb":10485760,"noteHashTreeMapSizeKb":10485760,"messageTreeMapSizeKb":10485760,"publicDataTreeMapSizeKb":10485760} and 2 threads (ephemeral=true).
[14:09:47.205] INFO: txe_node Aztec Node version: txe
[14:09:47.205] INFO: txe_node Aztec Node started on chain 0x1
[14:09:47.223] INFO: txe:top_level_context Created block 1 with timestamp 1789391387
[14:09:47.273] INFO: txe:top_level_context Created block 2 with timestamp 1789391387
[14:09:47.368] INFO: simulator:public-processor Processed 1 successful txs and 0 failed txs (0 silently skipped, 0ms wasted) in 0.055679082999995445s {"blockNumber":3,"successfulCount":1,"failedCount":0,"duration":0.055679082999995445,"rate":58195768.058900416,"totalPublicGas":{"daGas":4000,"l2Gas":3240287},"totalBlockGas":{"daGas":4000,"l2Gas":3240287},"totalSizeInBytes":4128,"silentlySkippedCount":0,"silentlySkippedDurationMs":0}
[14:09:47.532] INFO: simulator:public-processor Processed 1 successful txs and 0 failed txs (0 silently skipped, 0ms wasted) in 0.019228708000009646s {"blockNumber":4,"successfulCount":1,"failedCount":0,"duration":0.019228708000009646,"rate":59292335.189625226,"totalPublicGas":{"daGas":192,"l2Gas":1140115},"totalBlockGas":{"daGas":320,"l2Gas":1730915},"totalSizeInBytes":320,"silentlySkippedCount":0,"silentlySkippedDurationMs":0}
[14:09:47.572] INFO: txe:top_level_context Created block 5 with timestamp 1789391387
[14:09:47.839] INFO: simulator:public-processor Processed 1 successful txs and 0 failed txs (0 silently skipped, 0ms wasted) in 0.006665999999997439s {"blockNumber":6,"successfulCount":1,"failedCount":0,"duration":0.006665999999997439,"rate":0,"totalPublicGas":{"daGas":0,"l2Gas":0},"totalBlockGas":{"daGas":1984,"l2Gas":529900},"totalSizeInBytes":1984,"silentlySkippedCount":0,"silentlySkippedDurationMs":0}
[14:09:47.880] INFO: txe:top_level_context Created block 7 with timestamp 1789394988
[14:09:48.445] INFO: simulator:public-processor Processed 1 successful txs and 0 failed txs (0 silently skipped, 0ms wasted) in 0.028941041999991285s {"blockNumber":8,"successfulCount":1,"failedCount":0,"duration":0.028941041999991285,"rate":41372767.43526928,"totalPublicGas":{"daGas":2176,"l2Gas":1197371},"totalBlockGas":{"daGas":3552,"l2Gas":1924121},"totalSizeInBytes":3552,"silentlySkippedCount":0,"silentlySkippedDurationMs":0}
[14:09:48.486] INFO: txe:top_level_context Created block 9 with timestamp 1789494988
[14:09:49.053] INFO: simulator:public-processor Processed 1 successful txs and 0 failed txs (0 silently skipped, 0ms wasted) in 0.029226458999997703s {"blockNumber":10,"successfulCount":1,"failedCount":0,"duration":0.029226458999997703,"rate":40968733.16059582,"totalPublicGas":{"daGas":2176,"l2Gas":1197371},"totalBlockGas":{"daGas":3552,"l2Gas":1924121},"totalSizeInBytes":3552,"silentlySkippedCount":0,"silentlySkippedDurationMs":0}
[14:09:49.098] INFO: simulator:public-processor Processed 1 successful txs and 0 failed txs (0 silently skipped, 0ms wasted) in 0.006280542000022251s {"blockNumber":11,"successfulCount":1,"failedCount":0,"duration":0.006280542000022251,"rate":1315491.5610739852,"totalPublicGas":{"daGas":0,"l2Gas":8262},"totalBlockGas":{"daGas":0,"l2Gas":8262},"totalSizeInBytes":128,"silentlySkippedCount":0,"silentlySkippedDurationMs":0}
[14:09:49.117] INFO: txe:top_level_context Created block 11 with timestamp 1789494989
[14:09:49.661] INFO: simulator:public-processor Processed 1 successful txs and 0 failed txs (0 silently skipped, 0ms wasted) in 0.0293939160000009s {"blockNumber":12,"successfulCount":1,"failedCount":0,"duration":0.0293939160000009,"rate":40735334.48214125,"totalPublicGas":{"daGas":2176,"l2Gas":1197371},"totalBlockGas":{"daGas":3552,"l2Gas":1924121},"totalSizeInBytes":3552,"silentlySkippedCount":0,"silentlySkippedDurationMs":0}
[14:09:49.705] INFO: simulator:public-processor Processed 1 successful txs and 0 failed txs (0 silently skipped, 0ms wasted) in 0.005974667000002228s {"blockNumber":13,"successfulCount":1,"failedCount":0,"duration":0.005974667000002228,"rate":1382838.574935962,"totalPublicGas":{"daGas":0,"l2Gas":8262},"totalBlockGas":{"daGas":0,"l2Gas":8262},"totalSizeInBytes":128,"silentlySkippedCount":0,"silentlySkippedDurationMs":0}
[billboard_test] Testing test_save_up_allows_burst_after_dormancy ... [0m[32mok[0m
[14:09:52.244] INFO: kv-store:lmdb-v2 Starting data store with maxReaders 2
[14:09:52.245] INFO: world-state:database Creating world state data store at directory /var/folders/ym/q1vh2x5n58xbsmpmvs5_6w3r0000gn/T/aztec-world-state-q1PfQd/world_state with map sizes {"archiveTreeMapSizeKb":10485760,"nullifierTreeMapSizeKb":10485760,"noteHashTreeMapSizeKb":10485760,"messageTreeMapSizeKb":10485760,"publicDataTreeMapSizeKb":10485760} and 2 threads (ephemeral=true).
[14:09:52.258] INFO: txe_node Aztec Node version: txe
[14:09:52.258] INFO: txe_node Aztec Node started on chain 0x1
[14:09:52.275] INFO: txe:top_level_context Created block 1 with timestamp 1789391392
[14:09:52.325] INFO: txe:top_level_context Created block 2 with timestamp 1789391392
[14:09:52.419] INFO: simulator:public-processor Processed 1 successful txs and 0 failed txs (0 silently skipped, 0ms wasted) in 0.05527725000001374s {"blockNumber":3,"successfulCount":1,"failedCount":0,"duration":0.05527725000001374,"rate":58618816.96356448,"totalPublicGas":{"daGas":4000,"l2Gas":3240287},"totalBlockGas":{"daGas":4000,"l2Gas":3240287},"totalSizeInBytes":4128,"silentlySkippedCount":0,"silentlySkippedDurationMs":0}
[14:09:52.582] INFO: simulator:public-processor Processed 1 successful txs and 0 failed txs (0 silently skipped, 0ms wasted) in 0.01965616699997918s {"blockNumber":4,"successfulCount":1,"failedCount":0,"duration":0.01965616699997918,"rate":58002915.82795403,"totalPublicGas":{"daGas":192,"l2Gas":1140115},"totalBlockGas":{"daGas":320,"l2Gas":1730915},"totalSizeInBytes":320,"silentlySkippedCount":0,"silentlySkippedDurationMs":0}
[14:09:52.623] INFO: txe:top_level_context Created block 5 with timestamp 1789391392
[14:09:52.852] INFO: simulator:public-processor Processed 1 successful txs and 0 failed txs (0 silently skipped, 0ms wasted) in 0.005980375000013737s {"blockNumber":6,"successfulCount":1,"failedCount":0,"duration":0.005980375000013737,"rate":0,"totalPublicGas":{"daGas":0,"l2Gas":0},"totalBlockGas":{"daGas":1984,"l2Gas":529900},"totalSizeInBytes":1984,"silentlySkippedCount":0,"silentlySkippedDurationMs":0}
[14:09:52.894] INFO: txe:top_level_context Created block 7 with timestamp 1789394993
[14:09:53.426] INFO: simulator:public-processor Processed 1 successful txs and 0 failed txs (0 silently skipped, 0ms wasted) in 0.028934542000002693s {"blockNumber":8,"successfulCount":1,"failedCount":0,"duration":0.028934542000002693,"rate":41382061.62032524,"totalPublicGas":{"daGas":2176,"l2Gas":1197371},"totalBlockGas":{"daGas":3552,"l2Gas":1924121},"totalSizeInBytes":3552,"silentlySkippedCount":0,"silentlySkippedDurationMs":0}
[14:09:53.467] INFO: txe:top_level_context Created block 9 with timestamp 1789494993
[14:09:53.497] INFO: txe:top_level_context Created block 10 with timestamp 1789494993
[14:09:54.051] INFO: simulator:public-processor Processed 1 successful txs and 0 failed txs (0 silently skipped, 0ms wasted) in 0.028899208999995606s {"blockNumber":11,"successfulCount":1,"failedCount":0,"duration":0.028899208999995606,"rate":41432656.51320014,"totalPublicGas":{"daGas":2176,"l2Gas":1197371},"totalBlockGas":{"daGas":3552,"l2Gas":1924121},"totalSizeInBytes":3552,"silentlySkippedCount":0,"silentlySkippedDurationMs":0}
[14:09:54.093] INFO: txe:top_level_context Created block 12 with timestamp 1789494994
[14:09:54.636] INFO: simulator:public-processor Processed 1 successful txs and 0 failed txs (0 silently skipped, 0ms wasted) in 0.028631208000006153s {"blockNumber":13,"successfulCount":1,"failedCount":0,"duration":0.028631208000006153,"rate":41820484.835978374,"totalPublicGas":{"daGas":2176,"l2Gas":1197371},"totalBlockGas":{"daGas":3552,"l2Gas":1924121},"totalSizeInBytes":3552,"silentlySkippedCount":0,"silentlySkippedDurationMs":0}
[14:09:54.677] INFO: txe:top_level_context Created block 14 with timestamp 1789494995
[14:09:55.213] INFO: simulator:public-processor Processed 1 successful txs and 0 failed txs (0 silently skipped, 0ms wasted) in 0.028857292000000596s {"blockNumber":15,"successfulCount":1,"failedCount":0,"duration":0.028857292000000596,"rate":41492840.007301286,"totalPublicGas":{"daGas":2176,"l2Gas":1197371},"totalBlockGas":{"daGas":3552,"l2Gas":1924121},"totalSizeInBytes":3552,"silentlySkippedCount":0,"silentlySkippedDurationMs":0}
[14:09:55.255] INFO: txe:top_level_context Created block 16 with timestamp 1789494996
[14:09:55.803] INFO: simulator:public-processor Processed 1 successful txs and 0 failed txs (0 silently skipped, 0ms wasted) in 0.02866416700000991s {"blockNumber":17,"successfulCount":1,"failedCount":0,"duration":0.02866416700000991,"rate":41772398.269923076,"totalPublicGas":{"daGas":2176,"l2Gas":1197371},"totalBlockGas":{"daGas":3552,"l2Gas":1924121},"totalSizeInBytes":3552,"silentlySkippedCount":0,"silentlySkippedDurationMs":0}
[14:09:55.844] INFO: txe:top_level_context Created block 18 with timestamp 1789494997
[14:09:56.393] INFO: simulator:public-processor Processed 1 successful txs and 0 failed txs (0 silently skipped, 0ms wasted) in 0.028901167000003624s {"blockNumber":19,"successfulCount":1,"failedCount":0,"duration":0.028901167000003624,"rate":41429849.52821628,"totalPublicGas":{"daGas":2176,"l2Gas":1197371},"totalBlockGas":{"daGas":3552,"l2Gas":1924121},"totalSizeInBytes":3552,"silentlySkippedCount":0,"silentlySkippedDurationMs":0}
[14:09:56.434] INFO: txe:top_level_context Created block 20 with timestamp 1789494998
[14:09:56.977] INFO: simulator:public-processor Processed 1 successful txs and 0 failed txs (0 silently skipped, 0ms wasted) in 0.02881599999999162s {"blockNumber":21,"successfulCount":1,"failedCount":0,"duration":0.02881599999999162,"rate":41552297.334826075,"totalPublicGas":{"daGas":2176,"l2Gas":1197371},"totalBlockGas":{"daGas":3552,"l2Gas":1924121},"totalSizeInBytes":3552,"silentlySkippedCount":0,"silentlySkippedDurationMs":0}
[14:09:57.019] INFO: txe:top_level_context Created block 22 with timestamp 1789494999
[14:09:57.555] INFO: simulator:public-processor Processed 1 successful txs and 0 failed txs (0 silently skipped, 0ms wasted) in 0.028935375000000933s {"blockNumber":23,"successfulCount":1,"failedCount":0,"duration":0.028935375000000933,"rate":41380870.30148949,"totalPublicGas":{"daGas":2176,"l2Gas":1197371},"totalBlockGas":{"daGas":3552,"l2Gas":1924121},"totalSizeInBytes":3552,"silentlySkippedCount":0,"silentlySkippedDurationMs":0}
[14:09:57.596] INFO: txe:top_level_context Created block 24 with timestamp 1789495000
[14:09:58.135] INFO: simulator:public-processor Processed 1 successful txs and 0 failed txs (0 silently skipped, 0ms wasted) in 0.02865304200001992s {"blockNumber":25,"successfulCount":1,"failedCount":0,"duration":0.02865304200001992,"rate":41788617.06897186,"totalPublicGas":{"daGas":2176,"l2Gas":1197371},"totalBlockGas":{"daGas":3552,"l2Gas":1924121},"totalSizeInBytes":3552,"silentlySkippedCount":0,"silentlySkippedDurationMs":0}
[14:09:58.177] INFO: txe:top_level_context Created block 26 with timestamp 1789495001
[14:09:58.731] INFO: simulator:public-processor Processed 1 successful txs and 0 failed txs (0 silently skipped, 0ms wasted) in 0.029944208000000798s {"blockNumber":27,"successfulCount":1,"failedCount":0,"duration":0.029944208000000798,"rate":39986731.32379952,"totalPublicGas":{"daGas":2176,"l2Gas":1197371},"totalBlockGas":{"daGas":3552,"l2Gas":1924121},"totalSizeInBytes":3552,"silentlySkippedCount":0,"silentlySkippedDurationMs":0}
[14:09:58.774] INFO: txe:top_level_context Created block 28 with timestamp 1789495002
[14:09:59.337] INFO: simulator:public-processor Processed 1 successful txs and 0 failed txs (0 silently skipped, 0ms wasted) in 0.03009704199997941s {"blockNumber":29,"successfulCount":1,"failedCount":0,"duration":0.03009704199997941,"rate":39783677.080319695,"totalPublicGas":{"daGas":2176,"l2Gas":1197371},"totalBlockGas":{"daGas":3552,"l2Gas":1924121},"totalSizeInBytes":3552,"silentlySkippedCount":0,"silentlySkippedDurationMs":0}
[14:09:59.378] INFO: txe:top_level_context Created block 30 with timestamp 1789495003
[14:09:59.922] INFO: simulator:public-processor Processed 1 successful txs and 0 failed txs (0 silently skipped, 0ms wasted) in 0.028849165999999968s {"blockNumber":31,"successfulCount":1,"failedCount":0,"duration":0.028849165999999968,"rate":41504527.37524549,"totalPublicGas":{"daGas":2176,"l2Gas":1197371},"totalBlockGas":{"daGas":3552,"l2Gas":1924121},"totalSizeInBytes":3552,"silentlySkippedCount":0,"silentlySkippedDurationMs":0}
[14:09:59.964] INFO: txe:top_level_context Created block 32 with timestamp 1789495004
[14:10:00.508] INFO: simulator:public-processor Processed 1 successful txs and 0 failed txs (0 silently skipped, 0ms wasted) in 0.02851854099999764s {"blockNumber":33,"successfulCount":1,"failedCount":0,"duration":0.02851854099999764,"rate":41985703.265819214,"totalPublicGas":{"daGas":2176,"l2Gas":1197371},"totalBlockGas":{"daGas":3552,"l2Gas":1924121},"totalSizeInBytes":3552,"silentlySkippedCount":0,"silentlySkippedDurationMs":0}
[14:10:00.550] INFO: txe:top_level_context Created block 34 with timestamp 1789495005
[14:10:01.089] INFO: simulator:public-processor Processed 1 successful txs and 0 failed txs (0 silently skipped, 0ms wasted) in 0.029045750000019323s {"blockNumber":35,"successfulCount":1,"failedCount":0,"duration":0.029045750000019323,"rate":41223621.35593687,"totalPublicGas":{"daGas":2176,"l2Gas":1197371},"totalBlockGas":{"daGas":3552,"l2Gas":1924121},"totalSizeInBytes":3552,"silentlySkippedCount":0,"silentlySkippedDurationMs":0}
[14:10:01.131] INFO: txe:top_level_context Created block 36 with timestamp 1789495006
[14:10:01.669] INFO: simulator:public-processor Processed 1 successful txs and 0 failed txs (0 silently skipped, 0ms wasted) in 0.02902554100000998s {"blockNumber":37,"successfulCount":1,"failedCount":0,"duration":0.02902554100000998,"rate":41252323.255562685,"totalPublicGas":{"daGas":2176,"l2Gas":1197371},"totalBlockGas":{"daGas":3552,"l2Gas":1924121},"totalSizeInBytes":3552,"silentlySkippedCount":0,"silentlySkippedDurationMs":0}
[14:10:01.712] INFO: txe:top_level_context Created block 38 with timestamp 1789495007
[14:10:02.271] INFO: simulator:public-processor Processed 1 successful txs and 0 failed txs (0 silently skipped, 0ms wasted) in 0.030724041000008584s {"blockNumber":39,"successfulCount":1,"failedCount":0,"duration":0.030724041000008584,"rate":38971794.10741138,"totalPublicGas":{"daGas":2176,"l2Gas":1197371},"totalBlockGas":{"daGas":3552,"l2Gas":1924121},"totalSizeInBytes":3552,"silentlySkippedCount":0,"silentlySkippedDurationMs":0}
[14:10:02.312] INFO: txe:top_level_context Created block 40 with timestamp 1789495008
[14:10:02.879] INFO: simulator:public-processor Processed 1 successful txs and 0 failed txs (0 silently skipped, 0ms wasted) in 0.02933650000000489s {"blockNumber":41,"successfulCount":1,"failedCount":0,"duration":0.02933650000000489,"rate":40815059.7378624,"totalPublicGas":{"daGas":2176,"l2Gas":1197371},"totalBlockGas":{"daGas":3552,"l2Gas":1924121},"totalSizeInBytes":3552,"silentlySkippedCount":0,"silentlySkippedDurationMs":0}
[14:10:02.921] INFO: txe:top_level_context Created block 42 with timestamp 1789495009
[14:10:03.464] INFO: simulator:public-processor Processed 1 successful txs and 0 failed txs (0 silently skipped, 0ms wasted) in 0.029079916999995476s {"blockNumber":43,"successfulCount":1,"failedCount":0,"duration":0.029079916999995476,"rate":41175186.29782149,"totalPublicGas":{"daGas":2176,"l2Gas":1197371},"totalBlockGas":{"daGas":3552,"l2Gas":1924121},"totalSizeInBytes":3552,"silentlySkippedCount":0,"silentlySkippedDurationMs":0}
[14:10:03.506] INFO: txe:top_level_context Created block 44 with timestamp 1789495010
[billboard_test] Testing test_save_up_prevents_excessive_burst ... [0m[32mok[0m
[14:10:06.347] INFO: kv-store:lmdb-v2 Starting data store with maxReaders 2
[14:10:06.348] INFO: world-state:database Creating world state data store at directory /var/folders/ym/q1vh2x5n58xbsmpmvs5_6w3r0000gn/T/aztec-world-state-WS5jgb/world_state with map sizes {"archiveTreeMapSizeKb":10485760,"nullifierTreeMapSizeKb":10485760,"noteHashTreeMapSizeKb":10485760,"messageTreeMapSizeKb":10485760,"publicDataTreeMapSizeKb":10485760} and 2 threads (ephemeral=true).
[14:10:06.362] INFO: txe_node Aztec Node version: txe
[14:10:06.362] INFO: txe_node Aztec Node started on chain 0x1
[14:10:06.379] INFO: txe:top_level_context Created block 1 with timestamp 1789391406
[14:10:06.426] INFO: txe:top_level_context Created block 2 with timestamp 1789391406
[14:10:06.522] INFO: simulator:public-processor Processed 1 successful txs and 0 failed txs (0 silently skipped, 0ms wasted) in 0.05524179199998616s {"blockNumber":3,"successfulCount":1,"failedCount":0,"duration":0.05524179199998616,"rate":58656442.571609765,"totalPublicGas":{"daGas":4000,"l2Gas":3240287},"totalBlockGas":{"daGas":4000,"l2Gas":3240287},"totalSizeInBytes":4128,"silentlySkippedCount":0,"silentlySkippedDurationMs":0}
[14:10:06.605] INFO: simulator:public-processor Processed 1 successful txs and 0 failed txs (0 silently skipped, 0ms wasted) in 0.04524299999998766s {"blockNumber":4,"successfulCount":1,"failedCount":0,"duration":0.04524299999998766,"rate":58644232.25693972,"totalPublicGas":{"daGas":3136,"l2Gas":2653241},"totalBlockGas":{"daGas":3136,"l2Gas":2653241},"totalSizeInBytes":3264,"silentlySkippedCount":0,"silentlySkippedDurationMs":0}
[14:10:06.656] INFO: simulator:public-processor Processed 1 successful txs and 0 failed txs (0 silently skipped, 0ms wasted) in 0.01076662499998929s {"blockNumber":5,"successfulCount":1,"failedCount":0,"duration":0.01076662499998929,"rate":10812859.18290233,"totalPublicGas":{"daGas":0,"l2Gas":116418},"totalBlockGas":{"daGas":0,"l2Gas":116418},"totalSizeInBytes":128,"silentlySkippedCount":0,"silentlySkippedDurationMs":0}
[billboard_test] Testing test_set_moderation_policy_by_censor ... [0m[32mok[0m
[billboard_test] Testing test_set_moderation_policy_fails_when_no_censor ... [0m[32mok[0m
[14:10:09.053] INFO: kv-store:lmdb-v2 Starting data store with maxReaders 2
[14:10:09.054] INFO: world-state:database Creating world state data store at directory /var/folders/ym/q1vh2x5n58xbsmpmvs5_6w3r0000gn/T/aztec-world-state-Yt3TOZ/world_state with map sizes {"archiveTreeMapSizeKb":10485760,"nullifierTreeMapSizeKb":10485760,"noteHashTreeMapSizeKb":10485760,"messageTreeMapSizeKb":10485760,"publicDataTreeMapSizeKb":10485760} and 2 threads (ephemeral=true).
[14:10:09.069] INFO: txe_node Aztec Node version: txe
[14:10:09.069] INFO: txe_node Aztec Node started on chain 0x1
[14:10:09.086] INFO: txe:top_level_context Created block 1 with timestamp 1789391409
[14:10:09.127] INFO: txe:top_level_context Created block 2 with timestamp 1789391409
[14:10:09.175] INFO: simulator:public-processor Processed 1 successful txs and 0 failed txs (0 silently skipped, 0ms wasted) in 0.008639416000019991s {"blockNumber":3,"successfulCount":1,"failedCount":0,"duration":0.008639416000019991,"rate":14639878.436193757,"totalPublicGas":{"daGas":0,"l2Gas":126480},"totalBlockGas":{"daGas":0,"l2Gas":126480},"totalSizeInBytes":128,"silentlySkippedCount":0,"silentlySkippedDurationMs":0}
[14:10:09.177] WARN: txe:top_level_context Could not find function artifact in contract Billboard for function '0x8f3f1c4d' when enriching error callstack
[14:10:11.578] INFO: kv-store:lmdb-v2 Starting data store with maxReaders 2
[14:10:11.579] INFO: world-state:database Creating world state data store at directory /var/folders/ym/q1vh2x5n58xbsmpmvs5_6w3r0000gn/T/aztec-world-state-GyMVJF/world_state with map sizes {"archiveTreeMapSizeKb":10485760,"nullifierTreeMapSizeKb":10485760,"noteHashTreeMapSizeKb":10485760,"messageTreeMapSizeKb":10485760,"publicDataTreeMapSizeKb":10485760} and 2 threads (ephemeral=true).
[14:10:11.592] INFO: txe_node Aztec Node version: txe
[14:10:11.592] INFO: txe_node Aztec Node started on chain 0x1
[14:10:11.610] INFO: txe:top_level_context Created block 1 with timestamp 1789391411
[14:10:11.656] INFO: txe:top_level_context Created block 2 with timestamp 1789391411
[14:10:11.749] INFO: simulator:public-processor Processed 1 successful txs and 0 failed txs (0 silently skipped, 0ms wasted) in 0.053873709000006785s {"blockNumber":3,"successfulCount":1,"failedCount":0,"duration":0.053873709000006785,"rate":60145979.55376697,"totalPublicGas":{"daGas":4000,"l2Gas":3240287},"totalBlockGas":{"daGas":4000,"l2Gas":3240287},"totalSizeInBytes":4128,"silentlySkippedCount":0,"silentlySkippedDurationMs":0}
[14:10:11.803] INFO: simulator:public-processor Processed 1 successful txs and 0 failed txs (0 silently skipped, 0ms wasted) in 0.008710541000007652s {"blockNumber":4,"successfulCount":1,"failedCount":0,"duration":0.008710541000007652,"rate":4839309.062429414,"totalPublicGas":{"daGas":0,"l2Gas":42153},"totalBlockGas":{"daGas":0,"l2Gas":42153},"totalSizeInBytes":128,"silentlySkippedCount":0,"silentlySkippedDurationMs":0}
[14:10:11.806] WARN: txe:top_level_context Could not find function artifact in contract Billboard for function '0xca42e93e' when enriching error callstack
[billboard_test] Testing test_set_moderation_policy_rejects_non_censor ... [0m[32mok[0m
[billboard_test] Testing test_set_moderation_policy_rejects_too_long ... [0m[32mok[0m
[14:10:14.203] INFO: kv-store:lmdb-v2 Starting data store with maxReaders 2
[14:10:14.204] INFO: world-state:database Creating world state data store at directory /var/folders/ym/q1vh2x5n58xbsmpmvs5_6w3r0000gn/T/aztec-world-state-zy6BTe/world_state with map sizes {"archiveTreeMapSizeKb":10485760,"nullifierTreeMapSizeKb":10485760,"noteHashTreeMapSizeKb":10485760,"messageTreeMapSizeKb":10485760,"publicDataTreeMapSizeKb":10485760} and 2 threads (ephemeral=true).
[14:10:14.217] INFO: txe_node Aztec Node version: txe
[14:10:14.217] INFO: txe_node Aztec Node started on chain 0x1
[14:10:14.235] INFO: txe:top_level_context Created block 1 with timestamp 1789391414
[14:10:14.280] INFO: txe:top_level_context Created block 2 with timestamp 1789391414
[14:10:14.375] INFO: simulator:public-processor Processed 1 successful txs and 0 failed txs (0 silently skipped, 0ms wasted) in 0.05566804200000479s {"blockNumber":3,"successfulCount":1,"failedCount":0,"duration":0.05566804200000479,"rate":58207310.3990207,"totalPublicGas":{"daGas":4000,"l2Gas":3240287},"totalBlockGas":{"daGas":4000,"l2Gas":3240287},"totalSizeInBytes":4128,"silentlySkippedCount":0,"silentlySkippedDurationMs":0}
[14:10:14.420] INFO: simulator:public-processor Processed 1 successful txs and 0 failed txs (0 silently skipped, 0ms wasted) in 0.006791083000018261s {"blockNumber":4,"successfulCount":1,"failedCount":0,"duration":0.006791083000018261,"rate":6262771.342933908,"totalPublicGas":{"daGas":0,"l2Gas":42531},"totalBlockGas":{"daGas":0,"l2Gas":42531},"totalSizeInBytes":128,"silentlySkippedCount":0,"silentlySkippedDurationMs":0}
[14:10:14.423] WARN: txe:top_level_context Could not find function artifact in contract Billboard for function '0xca42e93e' when enriching error callstack
[14:10:16.809] INFO: kv-store:lmdb-v2 Starting data store with maxReaders 2
[14:10:16.809] INFO: world-state:database Creating world state data store at directory /var/folders/ym/q1vh2x5n58xbsmpmvs5_6w3r0000gn/T/aztec-world-state-BgDp93/world_state with map sizes {"archiveTreeMapSizeKb":10485760,"nullifierTreeMapSizeKb":10485760,"noteHashTreeMapSizeKb":10485760,"messageTreeMapSizeKb":10485760,"publicDataTreeMapSizeKb":10485760} and 2 threads (ephemeral=true).
[14:10:16.822] INFO: txe_node Aztec Node version: txe
[14:10:16.822] INFO: txe_node Aztec Node started on chain 0x1
[14:10:16.840] INFO: txe:top_level_context Created block 1 with timestamp 1789391416
[14:10:16.880] INFO: txe:top_level_context Created block 2 with timestamp 1789391416
[14:10:16.928] INFO: simulator:public-processor Processed 1 successful txs and 0 failed txs (0 silently skipped, 0ms wasted) in 0.008694209000008413s {"blockNumber":3,"successfulCount":1,"failedCount":0,"duration":0.008694209000008413,"rate":14547614.39480896,"totalPublicGas":{"daGas":0,"l2Gas":126480},"totalBlockGas":{"daGas":0,"l2Gas":126480},"totalSizeInBytes":128,"silentlySkippedCount":0,"silentlySkippedDurationMs":0}
[14:10:16.930] WARN: txe:top_level_context Could not find function artifact in contract Billboard for function '0x8f3f1c4d' when enriching error callstack
[billboard_test] Testing test_transfer_censor_fails_when_no_censor ... [0m[32mok[0m
[billboard_test] Testing test_transfer_censor_old_censor_loses_rights ... [0m[32mok[0m
[14:10:19.316] INFO: kv-store:lmdb-v2 Starting data store with maxReaders 2
[14:10:19.317] INFO: world-state:database Creating world state data store at directory /var/folders/ym/q1vh2x5n58xbsmpmvs5_6w3r0000gn/T/aztec-world-state-eSKgCg/world_state with map sizes {"archiveTreeMapSizeKb":10485760,"nullifierTreeMapSizeKb":10485760,"noteHashTreeMapSizeKb":10485760,"messageTreeMapSizeKb":10485760,"publicDataTreeMapSizeKb":10485760} and 2 threads (ephemeral=true).
[14:10:19.331] INFO: txe_node Aztec Node version: txe
[14:10:19.331] INFO: txe_node Aztec Node started on chain 0x1
[14:10:19.348] INFO: txe:top_level_context Created block 1 with timestamp 1789391419
[14:10:19.393] INFO: txe:top_level_context Created block 2 with timestamp 1789391419
[14:10:19.488] INFO: simulator:public-processor Processed 1 successful txs and 0 failed txs (0 silently skipped, 0ms wasted) in 0.05509691599998041s {"blockNumber":3,"successfulCount":1,"failedCount":0,"duration":0.05509691599998041,"rate":58810678.26012535,"totalPublicGas":{"daGas":4000,"l2Gas":3240287},"totalBlockGas":{"daGas":4000,"l2Gas":3240287},"totalSizeInBytes":4128,"silentlySkippedCount":0,"silentlySkippedDurationMs":0}
[14:10:19.541] INFO: simulator:public-processor Processed 1 successful txs and 0 failed txs (0 silently skipped, 0ms wasted) in 0.006881750000000466s {"blockNumber":4,"successfulCount":1,"failedCount":0,"duration":0.006881750000000466,"rate":5956915.028880333,"totalPublicGas":{"daGas":64,"l2Gas":40994},"totalBlockGas":{"daGas":64,"l2Gas":40994},"totalSizeInBytes":192,"silentlySkippedCount":0,"silentlySkippedDurationMs":0}
[14:10:19.585] INFO: simulator:public-processor Processed 1 successful txs and 0 failed txs (0 silently skipped, 0ms wasted) in 0.006359625000011874s {"blockNumber":5,"successfulCount":1,"failedCount":0,"duration":0.006359625000011874,"rate":1202429.3885230217,"totalPublicGas":{"daGas":0,"l2Gas":7647},"totalBlockGas":{"daGas":0,"l2Gas":7647},"totalSizeInBytes":128,"silentlySkippedCount":0,"silentlySkippedDurationMs":0}
[14:10:19.587] WARN: txe:top_level_context Could not find function artifact in contract Billboard for function '0xb6932320' when enriching error callstack
[14:10:21.976] INFO: kv-store:lmdb-v2 Starting data store with maxReaders 2
[14:10:21.977] INFO: world-state:database Creating world state data store at directory /var/folders/ym/q1vh2x5n58xbsmpmvs5_6w3r0000gn/T/aztec-world-state-xn9ZuQ/world_state with map sizes {"archiveTreeMapSizeKb":10485760,"nullifierTreeMapSizeKb":10485760,"noteHashTreeMapSizeKb":10485760,"messageTreeMapSizeKb":10485760,"publicDataTreeMapSizeKb":10485760} and 2 threads (ephemeral=true).
[14:10:21.990] INFO: txe_node Aztec Node version: txe
[14:10:21.990] INFO: txe_node Aztec Node started on chain 0x1
[14:10:22.007] INFO: txe:top_level_context Created block 1 with timestamp 1789391421
[14:10:22.053] INFO: txe:top_level_context Created block 2 with timestamp 1789391421
[14:10:22.146] INFO: simulator:public-processor Processed 1 successful txs and 0 failed txs (0 silently skipped, 0ms wasted) in 0.055099124999978814s {"blockNumber":3,"successfulCount":1,"failedCount":0,"duration":0.055099124999978814,"rate":58808320.45883208,"totalPublicGas":{"daGas":4000,"l2Gas":3240287},"totalBlockGas":{"daGas":4000,"l2Gas":3240287},"totalSizeInBytes":4128,"silentlySkippedCount":0,"silentlySkippedDurationMs":0}
[14:10:22.199] INFO: simulator:public-processor Processed 1 successful txs and 0 failed txs (0 silently skipped, 0ms wasted) in 0.0062260839999944435s {"blockNumber":4,"successfulCount":1,"failedCount":0,"duration":0.0062260839999944435,"rate":1228219.856977006,"totalPublicGas":{"daGas":0,"l2Gas":7647},"totalBlockGas":{"daGas":0,"l2Gas":7647},"totalSizeInBytes":128,"silentlySkippedCount":0,"silentlySkippedDurationMs":0}
[14:10:22.201] WARN: txe:top_level_context Could not find function artifact in contract Billboard for function '0xb6932320' when enriching error callstack
[billboard_test] Testing test_transfer_censor_rejects_non_censor ... [0m[32mok[0m
[billboard_test] Testing test_transfer_censor_rejects_zero_address ... [0m[32mok[0m
[14:10:24.596] INFO: kv-store:lmdb-v2 Starting data store with maxReaders 2
[14:10:24.597] INFO: world-state:database Creating world state data store at directory /var/folders/ym/q1vh2x5n58xbsmpmvs5_6w3r0000gn/T/aztec-world-state-gMmKmu/world_state with map sizes {"archiveTreeMapSizeKb":10485760,"nullifierTreeMapSizeKb":10485760,"noteHashTreeMapSizeKb":10485760,"messageTreeMapSizeKb":10485760,"publicDataTreeMapSizeKb":10485760} and 2 threads (ephemeral=true).
[14:10:24.610] INFO: txe_node Aztec Node version: txe
[14:10:24.610] INFO: txe_node Aztec Node started on chain 0x1
[14:10:24.627] INFO: txe:top_level_context Created block 1 with timestamp 1789391424
[14:10:24.672] INFO: txe:top_level_context Created block 2 with timestamp 1789391424
[14:10:24.766] INFO: simulator:public-processor Processed 1 successful txs and 0 failed txs (0 silently skipped, 0ms wasted) in 0.055298165999993217s {"blockNumber":3,"successfulCount":1,"failedCount":0,"duration":0.055298165999993217,"rate":58596644.95926316,"totalPublicGas":{"daGas":4000,"l2Gas":3240287},"totalBlockGas":{"daGas":4000,"l2Gas":3240287},"totalSizeInBytes":4128,"silentlySkippedCount":0,"silentlySkippedDurationMs":0}
[14:10:24.810] INFO: simulator:public-processor Processed 1 successful txs and 0 failed txs (0 silently skipped, 0ms wasted) in 0.006413957999990089s {"blockNumber":4,"successfulCount":1,"failedCount":0,"duration":0.006413957999990089,"rate":1201130.4096490662,"totalPublicGas":{"daGas":0,"l2Gas":7704},"totalBlockGas":{"daGas":0,"l2Gas":7704},"totalSizeInBytes":128,"silentlySkippedCount":0,"silentlySkippedDurationMs":0}
[14:10:24.812] WARN: txe:top_level_context Could not find function artifact in contract Billboard for function '0xb6932320' when enriching error callstack
[14:10:27.220] INFO: kv-store:lmdb-v2 Starting data store with maxReaders 2
[14:10:27.221] INFO: world-state:database Creating world state data store at directory /var/folders/ym/q1vh2x5n58xbsmpmvs5_6w3r0000gn/T/aztec-world-state-A3rYJY/world_state with map sizes {"archiveTreeMapSizeKb":10485760,"nullifierTreeMapSizeKb":10485760,"noteHashTreeMapSizeKb":10485760,"messageTreeMapSizeKb":10485760,"publicDataTreeMapSizeKb":10485760} and 2 threads (ephemeral=true).
[14:10:27.234] INFO: txe_node Aztec Node version: txe
[14:10:27.234] INFO: txe_node Aztec Node started on chain 0x1
[14:10:27.252] INFO: txe:top_level_context Created block 1 with timestamp 1789391427
[14:10:27.297] INFO: txe:top_level_context Created block 2 with timestamp 1789391427
[14:10:27.390] INFO: simulator:public-processor Processed 1 successful txs and 0 failed txs (0 silently skipped, 0ms wasted) in 0.05520591699998476s {"blockNumber":3,"successfulCount":1,"failedCount":0,"duration":0.05520591699998476,"rate":58694559.860329725,"totalPublicGas":{"daGas":4000,"l2Gas":3240287},"totalBlockGas":{"daGas":4000,"l2Gas":3240287},"totalSizeInBytes":4128,"silentlySkippedCount":0,"silentlySkippedDurationMs":0}
[14:10:27.441] INFO: simulator:public-processor Processed 1 successful txs and 0 failed txs (0 silently skipped, 0ms wasted) in 0.006721125000010943s {"blockNumber":4,"successfulCount":1,"failedCount":0,"duration":0.006721125000010943,"rate":6099276.53479637,"totalPublicGas":{"daGas":64,"l2Gas":40994},"totalBlockGas":{"daGas":64,"l2Gas":40994},"totalSizeInBytes":192,"silentlySkippedCount":0,"silentlySkippedDurationMs":0}
[14:10:27.484] INFO: simulator:public-processor Processed 1 successful txs and 0 failed txs (0 silently skipped, 0ms wasted) in 0.005935124999989057s {"blockNumber":5,"successfulCount":1,"failedCount":0,"duration":0.005935124999989057,"rate":1461805.774944251,"totalPublicGas":{"daGas":0,"l2Gas":8676},"totalBlockGas":{"daGas":0,"l2Gas":8676},"totalSizeInBytes":128,"silentlySkippedCount":0,"silentlySkippedDurationMs":0}
[billboard_test] Testing test_transfer_censor_success ... [0m[32mok[0m
[billboard_test] Testing test_withdraw_msg_hash_deterministic ... [0m[32mok[0m
[billboard_test] Testing test_withdraw_msg_hash_differs_from_deposit_hash ... [0m[32mok[0m
[billboard_test] Testing test_withdraw_no_posts_too_early ... [0m[32mok[0m
[14:10:34.666] INFO: kv-store:lmdb-v2 Starting data store with maxReaders 2
[14:10:34.667] INFO: world-state:database Creating world state data store at directory /var/folders/ym/q1vh2x5n58xbsmpmvs5_6w3r0000gn/T/aztec-world-state-Xkn5f0/world_state with map sizes {"archiveTreeMapSizeKb":10485760,"nullifierTreeMapSizeKb":10485760,"noteHashTreeMapSizeKb":10485760,"messageTreeMapSizeKb":10485760,"publicDataTreeMapSizeKb":10485760} and 2 threads (ephemeral=true).
[14:10:34.679] INFO: txe_node Aztec Node version: txe
[14:10:34.679] INFO: txe_node Aztec Node started on chain 0x1
[14:10:34.697] INFO: txe:top_level_context Created block 1 with timestamp 1789391434
[14:10:34.747] INFO: txe:top_level_context Created block 2 with timestamp 1789391434
[14:10:34.841] INFO: simulator:public-processor Processed 1 successful txs and 0 failed txs (0 silently skipped, 0ms wasted) in 0.05581945899999118s {"blockNumber":3,"successfulCount":1,"failedCount":0,"duration":0.05581945899999118,"rate":58049416.06475462,"totalPublicGas":{"daGas":4000,"l2Gas":3240287},"totalBlockGas":{"daGas":4000,"l2Gas":3240287},"totalSizeInBytes":4128,"silentlySkippedCount":0,"silentlySkippedDurationMs":0}
[14:10:35.011] INFO: simulator:public-processor Processed 1 successful txs and 0 failed txs (0 silently skipped, 0ms wasted) in 0.019398416000010913s {"blockNumber":4,"successfulCount":1,"failedCount":0,"duration":0.019398416000010913,"rate":58773613.2681843,"totalPublicGas":{"daGas":192,"l2Gas":1140115},"totalBlockGas":{"daGas":320,"l2Gas":1730915},"totalSizeInBytes":320,"silentlySkippedCount":0,"silentlySkippedDurationMs":0}
[14:10:35.052] INFO: txe:top_level_context Created block 5 with timestamp 1789391434
[14:10:35.273] INFO: simulator:public-processor Processed 1 successful txs and 0 failed txs (0 silently skipped, 0ms wasted) in 0.005598415999993449s {"blockNumber":6,"successfulCount":1,"failedCount":0,"duration":0.005598415999993449,"rate":0,"totalPublicGas":{"daGas":0,"l2Gas":0},"totalBlockGas":{"daGas":1984,"l2Gas":529900},"totalSizeInBytes":1984,"silentlySkippedCount":0,"silentlySkippedDurationMs":0}
[14:10:35.313] INFO: txe:top_level_context Created block 7 with timestamp 1789391534
[14:10:37.986] INFO: kv-store:lmdb-v2 Starting data store with maxReaders 2
[14:10:37.987] INFO: world-state:database Creating world state data store at directory /var/folders/ym/q1vh2x5n58xbsmpmvs5_6w3r0000gn/T/aztec-world-state-hoRBSq/world_state with map sizes {"archiveTreeMapSizeKb":10485760,"nullifierTreeMapSizeKb":10485760,"noteHashTreeMapSizeKb":10485760,"messageTreeMapSizeKb":10485760,"publicDataTreeMapSizeKb":10485760} and 2 threads (ephemeral=true).
[14:10:38.000] INFO: txe_node Aztec Node version: txe
[14:10:38.000] INFO: txe_node Aztec Node started on chain 0x1
[14:10:38.018] INFO: txe:top_level_context Created block 1 with timestamp 1789391438
[14:10:38.067] INFO: txe:top_level_context Created block 2 with timestamp 1789391438
[14:10:38.161] INFO: simulator:public-processor Processed 1 successful txs and 0 failed txs (0 silently skipped, 0ms wasted) in 0.05551191699999618s {"blockNumber":3,"successfulCount":1,"failedCount":0,"duration":0.05551191699999618,"rate":58371016.082911044,"totalPublicGas":{"daGas":4000,"l2Gas":3240287},"totalBlockGas":{"daGas":4000,"l2Gas":3240287},"totalSizeInBytes":4128,"silentlySkippedCount":0,"silentlySkippedDurationMs":0}
[14:10:38.333] INFO: simulator:public-processor Processed 1 successful txs and 0 failed txs (0 silently skipped, 0ms wasted) in 0.01993674999999348s {"blockNumber":4,"successfulCount":1,"failedCount":0,"duration":0.01993674999999348,"rate":57186602.63083867,"totalPublicGas":{"daGas":192,"l2Gas":1140115},"totalBlockGas":{"daGas":320,"l2Gas":1730915},"totalSizeInBytes":320,"silentlySkippedCount":0,"silentlySkippedDurationMs":0}
[14:10:38.374] INFO: txe:top_level_context Created block 5 with timestamp 1789391438
[14:10:38.595] INFO: simulator:public-processor Processed 1 successful txs and 0 failed txs (0 silently skipped, 0ms wasted) in 0.005691499999986263s {"blockNumber":6,"successfulCount":1,"failedCount":0,"duration":0.005691499999986263,"rate":0,"totalPublicGas":{"daGas":0,"l2Gas":0},"totalBlockGas":{"daGas":1984,"l2Gas":529900},"totalSizeInBytes":1984,"silentlySkippedCount":0,"silentlySkippedDurationMs":0}
[14:10:38.637] INFO: txe:top_level_context Created block 7 with timestamp 1789395039
[14:10:39.207] INFO: simulator:public-processor Processed 1 successful txs and 0 failed txs (0 silently skipped, 0ms wasted) in 0.028686415999982274s {"blockNumber":8,"successfulCount":1,"failedCount":0,"duration":0.028686415999982274,"rate":41739999.86616453,"totalPublicGas":{"daGas":2176,"l2Gas":1197371},"totalBlockGas":{"daGas":3552,"l2Gas":1924121},"totalSizeInBytes":3552,"silentlySkippedCount":0,"silentlySkippedDurationMs":0}
[14:10:39.249] INFO: txe:top_level_context Created block 9 with timestamp 1789398640
[14:10:39.801] INFO: simulator:public-processor Processed 1 successful txs and 0 failed txs (0 silently skipped, 0ms wasted) in 0.011046959000028438s {"blockNumber":10,"successfulCount":1,"failedCount":0,"duration":0.011046959000028438,"rate":8748652.004569873,"totalPublicGas":{"daGas":128,"l2Gas":96646},"totalBlockGas":{"daGas":1504,"l2Gas":823396},"totalSizeInBytes":1504,"silentlySkippedCount":0,"silentlySkippedDurationMs":0}
[14:10:40.249] INFO: txe:top_level_context Created block 11 with timestamp 1789402238
[14:10:40.428] INFO: simulator:public-processor Processed 1 successful txs and 0 failed txs (0 silently skipped, 0ms wasted) in 0.004948457999998937s {"blockNumber":12,"successfulCount":1,"failedCount":0,"duration":0.004948457999998937,"rate":0,"totalPublicGas":{"daGas":0,"l2Gas":0},"totalBlockGas":{"daGas":256,"l2Gas":477200},"totalSizeInBytes":256,"silentlySkippedCount":0,"silentlySkippedDurationMs":0}
[billboard_test] Testing test_withdraw_succeeds_after_dummy_post ... [0m[32mok[0m
[14:10:43.307] INFO: kv-store:lmdb-v2 Starting data store with maxReaders 2
[14:10:43.308] INFO: world-state:database Creating world state data store at directory /var/folders/ym/q1vh2x5n58xbsmpmvs5_6w3r0000gn/T/aztec-world-state-r2BjJ5/world_state with map sizes {"archiveTreeMapSizeKb":10485760,"nullifierTreeMapSizeKb":10485760,"noteHashTreeMapSizeKb":10485760,"messageTreeMapSizeKb":10485760,"publicDataTreeMapSizeKb":10485760} and 2 threads (ephemeral=true).
[14:10:43.320] INFO: txe_node Aztec Node version: txe
[14:10:43.320] INFO: txe_node Aztec Node started on chain 0x1
[14:10:43.338] INFO: txe:top_level_context Created block 1 with timestamp 1789391443
[14:10:43.387] INFO: txe:top_level_context Created block 2 with timestamp 1789391443
[14:10:43.480] INFO: simulator:public-processor Processed 1 successful txs and 0 failed txs (0 silently skipped, 0ms wasted) in 0.05445620799998869s {"blockNumber":3,"successfulCount":1,"failedCount":0,"duration":0.05445620799998869,"rate":59502619.058614455,"totalPublicGas":{"daGas":4000,"l2Gas":3240287},"totalBlockGas":{"daGas":4000,"l2Gas":3240287},"totalSizeInBytes":4128,"silentlySkippedCount":0,"silentlySkippedDurationMs":0}
[14:10:43.658] INFO: simulator:public-processor Processed 1 successful txs and 0 failed txs (0 silently skipped, 0ms wasted) in 0.02045795900002122s {"blockNumber":4,"successfulCount":1,"failedCount":0,"duration":0.02045795900002122,"rate":55729655.14296012,"totalPublicGas":{"daGas":192,"l2Gas":1140115},"totalBlockGas":{"daGas":320,"l2Gas":1730915},"totalSizeInBytes":320,"silentlySkippedCount":0,"silentlySkippedDurationMs":0}
[14:10:43.700] INFO: txe:top_level_context Created block 5 with timestamp 1789391443
[14:10:43.921] INFO: simulator:public-processor Processed 1 successful txs and 0 failed txs (0 silently skipped, 0ms wasted) in 0.005416041999997106s {"blockNumber":6,"successfulCount":1,"failedCount":0,"duration":0.005416041999997106,"rate":0,"totalPublicGas":{"daGas":0,"l2Gas":0},"totalBlockGas":{"daGas":1984,"l2Gas":529900},"totalSizeInBytes":1984,"silentlySkippedCount":0,"silentlySkippedDurationMs":0}
[14:10:43.963] INFO: txe:top_level_context Created block 7 with timestamp 1789395044
[billboard_test] Testing test_withdraw_unscreened_real_posts ... [0m[32mok[0m
[14:10:44.497] INFO: simulator:public-processor Processed 1 successful txs and 0 failed txs (0 silently skipped, 0ms wasted) in 0.02842949999999837s {"blockNumber":8,"successfulCount":1,"failedCount":0,"duration":0.02842949999999837,"rate":42117202.201940544,"totalPublicGas":{"daGas":2176,"l2Gas":1197371},"totalBlockGas":{"daGas":3552,"l2Gas":1924121},"totalSizeInBytes":3552,"silentlySkippedCount":0,"silentlySkippedDurationMs":0}
[14:10:47.270] INFO: kv-store:lmdb-v2 Starting data store with maxReaders 2
[14:10:47.271] INFO: world-state:database Creating world state data store at directory /var/folders/ym/q1vh2x5n58xbsmpmvs5_6w3r0000gn/T/aztec-world-state-vp8LOQ/world_state with map sizes {"archiveTreeMapSizeKb":10485760,"nullifierTreeMapSizeKb":10485760,"noteHashTreeMapSizeKb":10485760,"messageTreeMapSizeKb":10485760,"publicDataTreeMapSizeKb":10485760} and 2 threads (ephemeral=true).
[14:10:47.284] INFO: txe_node Aztec Node version: txe
[14:10:47.284] INFO: txe_node Aztec Node started on chain 0x1
[14:10:47.301] INFO: txe:top_level_context Created block 1 with timestamp 1789391447
[14:10:47.353] INFO: txe:top_level_context Created block 2 with timestamp 1789391447
[14:10:47.447] INFO: simulator:public-processor Processed 1 successful txs and 0 failed txs (0 silently skipped, 0ms wasted) in 0.05501587499998277s {"blockNumber":3,"successfulCount":1,"failedCount":0,"duration":0.05501587499998277,"rate":58897309.1857762,"totalPublicGas":{"daGas":4000,"l2Gas":3240287},"totalBlockGas":{"daGas":4000,"l2Gas":3240287},"totalSizeInBytes":4128,"silentlySkippedCount":0,"silentlySkippedDurationMs":0}
[14:10:47.615] INFO: simulator:public-processor Processed 1 successful txs and 0 failed txs (0 silently skipped, 0ms wasted) in 0.020645541999983835s {"blockNumber":4,"successfulCount":1,"failedCount":0,"duration":0.020645541999983835,"rate":55223301.96034053,"totalPublicGas":{"daGas":192,"l2Gas":1140115},"totalBlockGas":{"daGas":320,"l2Gas":1730915},"totalSizeInBytes":320,"silentlySkippedCount":0,"silentlySkippedDurationMs":0}
[14:10:47.657] INFO: txe:top_level_context Created block 5 with timestamp 1789391447
[14:10:47.877] INFO: simulator:public-processor Processed 1 successful txs and 0 failed txs (0 silently skipped, 0ms wasted) in 0.005324666000000434s {"blockNumber":6,"successfulCount":1,"failedCount":0,"duration":0.005324666000000434,"rate":0,"totalPublicGas":{"daGas":0,"l2Gas":0},"totalBlockGas":{"daGas":1984,"l2Gas":529900},"totalSizeInBytes":1984,"silentlySkippedCount":0,"silentlySkippedDurationMs":0}
[billboard_test] Testing c01::c01_claim_delivers_exact_v1_receipt_and_initial_eligibility ... [0m[32mok[0m
[14:10:50.680] INFO: kv-store:lmdb-v2 Starting data store with maxReaders 2
[14:10:50.680] INFO: world-state:database Creating world state data store at directory /var/folders/ym/q1vh2x5n58xbsmpmvs5_6w3r0000gn/T/aztec-world-state-5YflkU/world_state with map sizes {"archiveTreeMapSizeKb":10485760,"nullifierTreeMapSizeKb":10485760,"noteHashTreeMapSizeKb":10485760,"messageTreeMapSizeKb":10485760,"publicDataTreeMapSizeKb":10485760} and 2 threads (ephemeral=true).
[14:10:50.693] INFO: txe_node Aztec Node version: txe
[14:10:50.693] INFO: txe_node Aztec Node started on chain 0x1
[14:10:50.710] INFO: txe:top_level_context Created block 1 with timestamp 1789391450
[14:10:50.755] INFO: txe:top_level_context Created block 2 with timestamp 1789391450
[14:10:50.849] INFO: simulator:public-processor Processed 1 successful txs and 0 failed txs (0 silently skipped, 0ms wasted) in 0.05510641700000269s {"blockNumber":3,"successfulCount":1,"failedCount":0,"duration":0.05510641700000269,"rate":58800538.60151789,"totalPublicGas":{"daGas":4000,"l2Gas":3240287},"totalBlockGas":{"daGas":4000,"l2Gas":3240287},"totalSizeInBytes":4128,"silentlySkippedCount":0,"silentlySkippedDurationMs":0}
[14:10:51.017] INFO: simulator:public-processor Processed 1 successful txs and 0 failed txs (0 silently skipped, 0ms wasted) in 0.019662707999988923s {"blockNumber":4,"successfulCount":1,"failedCount":0,"duration":0.019662707999988923,"rate":57983620.567453995,"totalPublicGas":{"daGas":192,"l2Gas":1140115},"totalBlockGas":{"daGas":320,"l2Gas":1730915},"totalSizeInBytes":320,"silentlySkippedCount":0,"silentlySkippedDurationMs":0}
[billboard_test] Testing c01::c01_claim_rejects_amount_above_configuration ... [0m[32mok[0m
[billboard_test] Testing c01::c01_claim_rejects_changed_receipt_nonce ... [0m[32mok[0m
[14:10:53.571] INFO: kv-store:lmdb-v2 Starting data store with maxReaders 2
[14:10:53.572] INFO: world-state:database Creating world state data store at directory /var/folders/ym/q1vh2x5n58xbsmpmvs5_6w3r0000gn/T/aztec-world-state-WryuIB/world_state with map sizes {"archiveTreeMapSizeKb":10485760,"nullifierTreeMapSizeKb":10485760,"noteHashTreeMapSizeKb":10485760,"messageTreeMapSizeKb":10485760,"publicDataTreeMapSizeKb":10485760} and 2 threads (ephemeral=true).
[14:10:53.585] INFO: txe_node Aztec Node version: txe
[14:10:53.585] INFO: txe_node Aztec Node started on chain 0x1
[14:10:53.602] INFO: txe:top_level_context Created block 1 with timestamp 1789391453
[14:10:53.647] INFO: txe:top_level_context Created block 2 with timestamp 1789391453
[14:10:53.741] INFO: simulator:public-processor Processed 1 successful txs and 0 failed txs (0 silently skipped, 0ms wasted) in 0.055302332999999634s {"blockNumber":3,"successfulCount":1,"failedCount":0,"duration":0.055302332999999634,"rate":58592229.73468445,"totalPublicGas":{"daGas":4000,"l2Gas":3240287},"totalBlockGas":{"daGas":4000,"l2Gas":3240287},"totalSizeInBytes":4128,"silentlySkippedCount":0,"silentlySkippedDurationMs":0}
[14:10:53.922] INFO: simulator:public-processor Processed 1 successful txs and 0 failed txs (0 silently skipped, 0ms wasted) in 0.01999495800002478s {"blockNumber":4,"successfulCount":1,"failedCount":0,"duration":0.01999495800002478,"rate":57020124.77338473,"totalPublicGas":{"daGas":192,"l2Gas":1140115},"totalBlockGas":{"daGas":320,"l2Gas":1730915},"totalSizeInBytes":320,"silentlySkippedCount":0,"silentlySkippedDurationMs":0}
[14:10:53.963] INFO: txe:top_level_context Created block 5 with timestamp 1789391453
[billboard_test] Testing c01::c01_claim_rejects_unbound_portal ... [0m[32mok[0m
[14:10:56.535] INFO: kv-store:lmdb-v2 Starting data store with maxReaders 2
[14:10:56.536] INFO: world-state:database Creating world state data store at directory /var/folders/ym/q1vh2x5n58xbsmpmvs5_6w3r0000gn/T/aztec-world-state-mPtG9t/world_state with map sizes {"archiveTreeMapSizeKb":10485760,"nullifierTreeMapSizeKb":10485760,"noteHashTreeMapSizeKb":10485760,"messageTreeMapSizeKb":10485760,"publicDataTreeMapSizeKb":10485760} and 2 threads (ephemeral=true).
[14:10:56.549] INFO: txe_node Aztec Node version: txe
[14:10:56.549] INFO: txe_node Aztec Node started on chain 0x1
[14:10:56.566] INFO: txe:top_level_context Created block 1 with timestamp 1789391456
[14:10:56.610] INFO: txe:top_level_context Created block 2 with timestamp 1789391456
[14:10:56.703] INFO: simulator:public-processor Processed 1 successful txs and 0 failed txs (0 silently skipped, 0ms wasted) in 0.05445845799997914s {"blockNumber":3,"successfulCount":1,"failedCount":0,"duration":0.05445845799997914,"rate":59500160.65458998,"totalPublicGas":{"daGas":4000,"l2Gas":3240287},"totalBlockGas":{"daGas":4000,"l2Gas":3240287},"totalSizeInBytes":4128,"silentlySkippedCount":0,"silentlySkippedDurationMs":0}
[14:10:56.744] INFO: txe:top_level_context Created block 4 with timestamp 1789391456
[14:10:59.261] INFO: kv-store:lmdb-v2 Starting data store with maxReaders 2
[14:10:59.262] INFO: world-state:database Creating world state data store at directory /var/folders/ym/q1vh2x5n58xbsmpmvs5_6w3r0000gn/T/aztec-world-state-meS5Hk/world_state with map sizes {"archiveTreeMapSizeKb":10485760,"nullifierTreeMapSizeKb":10485760,"noteHashTreeMapSizeKb":10485760,"messageTreeMapSizeKb":10485760,"publicDataTreeMapSizeKb":10485760} and 2 threads (ephemeral=true).
[14:10:59.275] INFO: txe_node Aztec Node version: txe
[14:10:59.275] INFO: txe_node Aztec Node started on chain 0x1
[14:10:59.292] INFO: txe:top_level_context Created block 1 with timestamp 1789391459
[14:10:59.339] INFO: txe:top_level_context Created block 2 with timestamp 1789391459
[14:10:59.433] INFO: simulator:public-processor Processed 1 successful txs and 0 failed txs (0 silently skipped, 0ms wasted) in 0.05544491700001527s {"blockNumber":3,"successfulCount":1,"failedCount":0,"duration":0.05544491700001527,"rate":58441552.00014291,"totalPublicGas":{"daGas":4000,"l2Gas":3240287},"totalBlockGas":{"daGas":4000,"l2Gas":3240287},"totalSizeInBytes":4128,"silentlySkippedCount":0,"silentlySkippedDurationMs":0}
[14:10:59.600] INFO: simulator:public-processor Processed 1 successful txs and 0 failed txs (0 silently skipped, 0ms wasted) in 0.019414958000008482s {"blockNumber":4,"successfulCount":1,"failedCount":0,"duration":0.019414958000008482,"rate":58723536.76992255,"totalPublicGas":{"daGas":192,"l2Gas":1140115},"totalBlockGas":{"daGas":320,"l2Gas":1730915},"totalSizeInBytes":320,"silentlySkippedCount":0,"silentlySkippedDurationMs":0}
[14:10:59.641] INFO: txe:top_level_context Created block 5 with timestamp 1789391459
[billboard_test] Testing c01::c01_claim_rejects_wrong_nonzero_secret ... [0m[32mok[0m
[14:11:02.191] INFO: kv-store:lmdb-v2 Starting data store with maxReaders 2
[14:11:02.192] INFO: world-state:database Creating world state data store at directory /var/folders/ym/q1vh2x5n58xbsmpmvs5_6w3r0000gn/T/aztec-world-state-toqVH0/world_state with map sizes {"archiveTreeMapSizeKb":10485760,"nullifierTreeMapSizeKb":10485760,"noteHashTreeMapSizeKb":10485760,"messageTreeMapSizeKb":10485760,"publicDataTreeMapSizeKb":10485760} and 2 threads (ephemeral=true).
[14:11:02.206] INFO: txe_node Aztec Node version: txe
[14:11:02.206] INFO: txe_node Aztec Node started on chain 0x1
[14:11:02.223] INFO: txe:top_level_context Created block 1 with timestamp 1789391462
[14:11:02.269] INFO: txe:top_level_context Created block 2 with timestamp 1789391462
[14:11:02.362] INFO: simulator:public-processor Processed 1 successful txs and 0 failed txs (0 silently skipped, 0ms wasted) in 0.05469041700003436s {"blockNumber":3,"successfulCount":1,"failedCount":0,"duration":0.05469041700003436,"rate":59247802.04177204,"totalPublicGas":{"daGas":4000,"l2Gas":3240287},"totalBlockGas":{"daGas":4000,"l2Gas":3240287},"totalSizeInBytes":4128,"silentlySkippedCount":0,"silentlySkippedDurationMs":0}
[14:11:02.529] INFO: simulator:public-processor Processed 1 successful txs and 0 failed txs (0 silently skipped, 0ms wasted) in 0.01962137499998789s {"blockNumber":4,"successfulCount":1,"failedCount":0,"duration":0.01962137499998789,"rate":58105764.759131484,"totalPublicGas":{"daGas":192,"l2Gas":1140115},"totalBlockGas":{"daGas":320,"l2Gas":1730915},"totalSizeInBytes":320,"silentlySkippedCount":0,"silentlySkippedDurationMs":0}
[14:11:02.569] INFO: txe:top_level_context Created block 5 with timestamp 1789391462
[billboard_test] Testing c01::c01_claim_rejects_wrong_portal_origin ... [0m[32mok[0m
[billboard_test] Testing c01::c01_claim_rejects_wrong_recipient_envelope ... [0m[32mok[0m
[14:11:05.136] INFO: kv-store:lmdb-v2 Starting data store with maxReaders 2
[14:11:05.137] INFO: world-state:database Creating world state data store at directory /var/folders/ym/q1vh2x5n58xbsmpmvs5_6w3r0000gn/T/aztec-world-state-0bUF24/world_state with map sizes {"archiveTreeMapSizeKb":10485760,"nullifierTreeMapSizeKb":10485760,"noteHashTreeMapSizeKb":10485760,"messageTreeMapSizeKb":10485760,"publicDataTreeMapSizeKb":10485760} and 2 threads (ephemeral=true).
[14:11:05.150] INFO: txe_node Aztec Node version: txe
[14:11:05.150] INFO: txe_node Aztec Node started on chain 0x1
[14:11:05.167] INFO: txe:top_level_context Created block 1 with timestamp 1789391465
[14:11:05.213] INFO: txe:top_level_context Created block 2 with timestamp 1789391465
[14:11:05.308] INFO: simulator:public-processor Processed 1 successful txs and 0 failed txs (0 silently skipped, 0ms wasted) in 0.05469470799999544s {"blockNumber":3,"successfulCount":1,"failedCount":0,"duration":0.05469470799999544,"rate":59243153.83492439,"totalPublicGas":{"daGas":4000,"l2Gas":3240287},"totalBlockGas":{"daGas":4000,"l2Gas":3240287},"totalSizeInBytes":4128,"silentlySkippedCount":0,"silentlySkippedDurationMs":0}
[14:11:05.473] INFO: simulator:public-processor Processed 1 successful txs and 0 failed txs (0 silently skipped, 0ms wasted) in 0.019834124999993947s {"blockNumber":4,"successfulCount":1,"failedCount":0,"duration":0.019834124999993947,"rate":57482495.44662787,"totalPublicGas":{"daGas":192,"l2Gas":1140115},"totalBlockGas":{"daGas":320,"l2Gas":1730915},"totalSizeInBytes":320,"silentlySkippedCount":0,"silentlySkippedDurationMs":0}
[14:11:05.514] INFO: txe:top_level_context Created block 5 with timestamp 1789391465
[billboard_test] Testing c01::c01_claim_rejects_zero_secret ... [0m[32mok[0m
[14:11:08.049] INFO: kv-store:lmdb-v2 Starting data store with maxReaders 2
[14:11:08.052] INFO: world-state:database Creating world state data store at directory /var/folders/ym/q1vh2x5n58xbsmpmvs5_6w3r0000gn/T/aztec-world-state-fMv3fw/world_state with map sizes {"archiveTreeMapSizeKb":10485760,"nullifierTreeMapSizeKb":10485760,"noteHashTreeMapSizeKb":10485760,"messageTreeMapSizeKb":10485760,"publicDataTreeMapSizeKb":10485760} and 2 threads (ephemeral=true).
[14:11:08.064] INFO: txe_node Aztec Node version: txe
[14:11:08.064] INFO: txe_node Aztec Node started on chain 0x1
[14:11:08.082] INFO: txe:top_level_context Created block 1 with timestamp 1789391468
[14:11:08.126] INFO: txe:top_level_context Created block 2 with timestamp 1789391468
[14:11:08.220] INFO: simulator:public-processor Processed 1 successful txs and 0 failed txs (0 silently skipped, 0ms wasted) in 0.05502883299998939s {"blockNumber":3,"successfulCount":1,"failedCount":0,"duration":0.05502883299998939,"rate":58883440.25032522,"totalPublicGas":{"daGas":4000,"l2Gas":3240287},"totalBlockGas":{"daGas":4000,"l2Gas":3240287},"totalSizeInBytes":4128,"silentlySkippedCount":0,"silentlySkippedDurationMs":0}
[14:11:08.393] INFO: simulator:public-processor Processed 1 successful txs and 0 failed txs (0 silently skipped, 0ms wasted) in 0.02056762499996694s {"blockNumber":4,"successfulCount":1,"failedCount":0,"duration":0.02056762499996694,"rate":55432506.18395817,"totalPublicGas":{"daGas":192,"l2Gas":1140115},"totalBlockGas":{"daGas":320,"l2Gas":1730915},"totalSizeInBytes":320,"silentlySkippedCount":0,"silentlySkippedDurationMs":0}
[14:11:10.959] INFO: kv-store:lmdb-v2 Starting data store with maxReaders 2
[14:11:10.960] INFO: world-state:database Creating world state data store at directory /var/folders/ym/q1vh2x5n58xbsmpmvs5_6w3r0000gn/T/aztec-world-state-dhUj15/world_state with map sizes {"archiveTreeMapSizeKb":10485760,"nullifierTreeMapSizeKb":10485760,"noteHashTreeMapSizeKb":10485760,"messageTreeMapSizeKb":10485760,"publicDataTreeMapSizeKb":10485760} and 2 threads (ephemeral=true).
[14:11:10.973] INFO: txe_node Aztec Node version: txe
[14:11:10.973] INFO: txe_node Aztec Node started on chain 0x1
[14:11:10.990] INFO: txe:top_level_context Created block 1 with timestamp 1789391470
[14:11:11.035] INFO: txe:top_level_context Created block 2 with timestamp 1789391470
[14:11:11.128] INFO: simulator:public-processor Processed 1 successful txs and 0 failed txs (0 silently skipped, 0ms wasted) in 0.0546746249999851s {"blockNumber":3,"successfulCount":1,"failedCount":0,"duration":0.0546746249999851,"rate":59264914.93999059,"totalPublicGas":{"daGas":4000,"l2Gas":3240287},"totalBlockGas":{"daGas":4000,"l2Gas":3240287},"totalSizeInBytes":4128,"silentlySkippedCount":0,"silentlySkippedDurationMs":0}
[14:11:11.299] INFO: simulator:public-processor Processed 1 successful txs and 0 failed txs (0 silently skipped, 0ms wasted) in 0.019799666000006256s {"blockNumber":4,"successfulCount":1,"failedCount":0,"duration":0.019799666000006256,"rate":57582536.99833319,"totalPublicGas":{"daGas":192,"l2Gas":1140115},"totalBlockGas":{"daGas":320,"l2Gas":1730915},"totalSizeInBytes":320,"silentlySkippedCount":0,"silentlySkippedDurationMs":0}
[14:11:11.345] INFO: txe:top_level_context Created block 5 with timestamp 1789391470
[14:11:11.597] INFO: simulator:public-processor Processed 1 successful txs and 0 failed txs (0 silently skipped, 0ms wasted) in 0.005731874999997672s {"blockNumber":6,"successfulCount":1,"failedCount":0,"duration":0.005731874999997672,"rate":0,"totalPublicGas":{"daGas":0,"l2Gas":0},"totalBlockGas":{"daGas":1984,"l2Gas":529900},"totalSizeInBytes":1984,"silentlySkippedCount":0,"silentlySkippedDurationMs":0}
[billboard_test] Testing c01::c01_claim_replay_cannot_mint_right_for_second_owner ... [0m[32mok[0m
[billboard_test] Testing c01::c01_cooldown_ceiling_and_maximum_boundaries ... [0m[32mok[0m
[billboard_test] Testing c01::c01_cooldown_rejects_above_u32 ... [0m[32mok[0m
[billboard_test] Testing c01::c01_cooldown_rejects_above_u96 ... [0m[32mok[0m
[billboard_test] Testing c01::c01_cooldown_rejects_zero_amount ... [0m[32mok[0m
[billboard_test] Testing c01::c01_frozen_claim_boundary_vector ... [0m[32mok[0m
[billboard_test] Testing c01::c01_frozen_claim_vector ... [0m[32mok[0m
[billboard_test] Testing c01::c01_frozen_config_vector ... [0m[32mok[0m
[billboard_test] Testing c01::c01_frozen_exit_vector ... [0m[32mok[0m
[billboard_test] Testing c01::c01_frozen_ready_vector ... [0m[32mok[0m
[billboard_test] Testing c01::c01_init_rejects_wrong_configured_chain ... [0m[32mok[0m
[14:11:36.214] INFO: kv-store:lmdb-v2 Starting data store with maxReaders 2
[14:11:36.217] INFO: world-state:database Creating world state data store at directory /var/folders/ym/q1vh2x5n58xbsmpmvs5_6w3r0000gn/T/aztec-world-state-VqTFz6/world_state with map sizes {"archiveTreeMapSizeKb":10485760,"nullifierTreeMapSizeKb":10485760,"noteHashTreeMapSizeKb":10485760,"messageTreeMapSizeKb":10485760,"publicDataTreeMapSizeKb":10485760} and 2 threads (ephemeral=true).
[14:11:36.230] INFO: txe_node Aztec Node version: txe
[14:11:36.230] INFO: txe_node Aztec Node started on chain 0x1
[14:11:36.247] INFO: txe:top_level_context Created block 1 with timestamp 1789391496
[14:11:36.302] INFO: txe:top_level_context Created block 2 with timestamp 1789391496
[14:11:36.349] INFO: simulator:public-processor Processed 1 successful txs and 0 failed txs (0 silently skipped, 0ms wasted) in 0.008578500000003259s {"blockNumber":3,"successfulCount":1,"failedCount":0,"duration":0.008578500000003259,"rate":14672145.479973443,"totalPublicGas":{"daGas":0,"l2Gas":125865},"totalBlockGas":{"daGas":0,"l2Gas":125865},"totalSizeInBytes":128,"silentlySkippedCount":0,"silentlySkippedDurationMs":0}
[14:11:36.351] WARN: txe:top_level_context Could not find function artifact in contract Billboard for function '0x8f3f1c4d' when enriching error callstack
[billboard_test] Testing c01::c01_init_rejects_wrong_configured_rollup_version ... [0m[32mok[0m
[14:11:38.771] INFO: kv-store:lmdb-v2 Starting data store with maxReaders 2
[14:11:38.775] INFO: world-state:database Creating world state data store at directory /var/folders/ym/q1vh2x5n58xbsmpmvs5_6w3r0000gn/T/aztec-world-state-MdaPsy/world_state with map sizes {"archiveTreeMapSizeKb":10485760,"nullifierTreeMapSizeKb":10485760,"noteHashTreeMapSizeKb":10485760,"messageTreeMapSizeKb":10485760,"publicDataTreeMapSizeKb":10485760} and 2 threads (ephemeral=true).
[14:11:38.788] INFO: txe_node Aztec Node version: txe
[14:11:38.788] INFO: txe_node Aztec Node started on chain 0x1
[14:11:38.805] INFO: txe:top_level_context Created block 1 with timestamp 1789391498
[14:11:38.860] INFO: txe:top_level_context Created block 2 with timestamp 1789391498
[14:11:38.908] INFO: simulator:public-processor Processed 1 successful txs and 0 failed txs (0 silently skipped, 0ms wasted) in 0.008188416999997571s {"blockNumber":3,"successfulCount":1,"failedCount":0,"duration":0.008188416999997571,"rate":15375865.6893069,"totalPublicGas":{"daGas":0,"l2Gas":125904},"totalBlockGas":{"daGas":0,"l2Gas":125904},"totalSizeInBytes":128,"silentlySkippedCount":0,"silentlySkippedDurationMs":0}
[14:11:38.910] WARN: txe:top_level_context Could not find function artifact in contract Billboard for function '0x8f3f1c4d' when enriching error callstack
[billboard_test] Testing c01::c01_time_rejects_horizon_crossing ... [0m[32mok[0m
[billboard_test] Testing c01::c01_time_rejects_out_of_range_anchor ... [0m[32mok[0m
[billboard_test] Testing c01::c01_utf8_rejects_hidden_suffix ... [0m[32mok[0m
[billboard_test] Testing c01::c01_utf8_rejects_noncanonical_field ... [0m[32mok[0m
[billboard_test] Testing c01::c01_utf8_rejects_nul ... [0m[32mok[0m
[billboard_test] Testing c01::c01_utf8_rejects_overlong_lead ... [0m[32mok[0m
[billboard_test] Testing c01::c01_utf8_rejects_scalar_above_unicode_maximum ... [0m[32mok[0m
[billboard_test] Testing c01::c01_utf8_rejects_surrogate ... [0m[32mok[0m
[billboard_test] Testing c01::c01_utf8_rejects_truncation ... [0m[32mok[0m
[billboard_test] Testing c01::c01_utf8_valid_scalar_and_field_crossing_controls ... [0m[32mok[0m
[billboard_test] Testing compact_note::c01_compact_asymmetric_sequences_do_not_swap ... [0m[32mok[0m
[billboard_test] Testing compact_note::c01_compact_exact_maximum_fields_and_generated_selectors ... [0m[32mok[0m
[billboard_test] Testing compact_note::c01_compact_metadata_rejects_truncation_above128 ... [0m[32mok[0m
[billboard_test] Testing compact_note::c01_compact_metadata_rejects_unused_bit96 ... [0m[32mok[0m
[14:12:17.530] INFO: kv-store:lmdb-v2 Starting data store with maxReaders 2
[14:12:17.531] INFO: world-state:database Creating world state data store at directory /var/folders/ym/q1vh2x5n58xbsmpmvs5_6w3r0000gn/T/aztec-world-state-Zj15SM/world_state with map sizes {"archiveTreeMapSizeKb":10485760,"nullifierTreeMapSizeKb":10485760,"noteHashTreeMapSizeKb":10485760,"messageTreeMapSizeKb":10485760,"publicDataTreeMapSizeKb":10485760} and 2 threads (ephemeral=true).
[14:12:17.544] INFO: txe_node Aztec Node version: txe
[14:12:17.544] INFO: txe_node Aztec Node started on chain 0x1
[14:12:17.561] INFO: txe:top_level_context Created block 1 with timestamp 1789391537
[14:12:17.613] INFO: txe:top_level_context Created block 2 with timestamp 1789391537
[14:12:17.706] INFO: simulator:public-processor Processed 1 successful txs and 0 failed txs (0 silently skipped, 0ms wasted) in 0.054403166000032796s {"blockNumber":3,"successfulCount":1,"failedCount":0,"duration":0.054403166000032796,"rate":59560632.923423,"totalPublicGas":{"daGas":4000,"l2Gas":3240287},"totalBlockGas":{"daGas":4000,"l2Gas":3240287},"totalSizeInBytes":4128,"silentlySkippedCount":0,"silentlySkippedDurationMs":0}
[14:12:17.884] INFO: simulator:public-processor Processed 1 successful txs and 0 failed txs (0 silently skipped, 0ms wasted) in 0.01993633300001966s {"blockNumber":4,"successfulCount":1,"failedCount":0,"duration":0.01993633300001966,"rate":57187798.779187515,"totalPublicGas":{"daGas":192,"l2Gas":1140115},"totalBlockGas":{"daGas":320,"l2Gas":1730915},"totalSizeInBytes":320,"silentlySkippedCount":0,"silentlySkippedDurationMs":0}
[14:12:17.925] INFO: txe:top_level_context Created block 5 with timestamp 1789391537
[14:12:18.145] INFO: simulator:public-processor Processed 1 successful txs and 0 failed txs (0 silently skipped, 0ms wasted) in 0.005325624999997672s {"blockNumber":6,"successfulCount":1,"failedCount":0,"duration":0.005325624999997672,"rate":0,"totalPublicGas":{"daGas":0,"l2Gas":0},"totalBlockGas":{"daGas":1984,"l2Gas":529900},"totalSizeInBytes":1984,"silentlySkippedCount":0,"silentlySkippedDurationMs":0}
[14:12:18.583] INFO: txe:top_level_context Created block 7 with timestamp 1789395138
[14:12:18.762] INFO: simulator:public-processor Processed 1 successful txs and 0 failed txs (0 silently skipped, 0ms wasted) in 0.004905666999984532s {"blockNumber":8,"successfulCount":1,"failedCount":0,"duration":0.004905666999984532,"rate":0,"totalPublicGas":{"daGas":0,"l2Gas":0},"totalBlockGas":{"daGas":256,"l2Gas":477200},"totalSizeInBytes":256,"silentlySkippedCount":0,"silentlySkippedDurationMs":0}
[billboard_test] Testing compact_note::c01_compact_note_lifecycle_claim_deliver_select_burn ... [0m[32mok[0m
[14:12:21.616] INFO: kv-store:lmdb-v2 Starting data store with maxReaders 2
[14:12:21.617] INFO: world-state:database Creating world state data store at directory /var/folders/ym/q1vh2x5n58xbsmpmvs5_6w3r0000gn/T/aztec-world-state-ed9Fb8/world_state with map sizes {"archiveTreeMapSizeKb":10485760,"nullifierTreeMapSizeKb":10485760,"noteHashTreeMapSizeKb":10485760,"messageTreeMapSizeKb":10485760,"publicDataTreeMapSizeKb":10485760} and 2 threads (ephemeral=true).
[14:12:21.630] INFO: txe_node Aztec Node version: txe
[14:12:21.630] INFO: txe_node Aztec Node started on chain 0x1
[14:12:21.648] INFO: txe:top_level_context Created block 1 with timestamp 1789391541
[14:12:21.697] INFO: txe:top_level_context Created block 2 with timestamp 1789391541
[14:12:21.792] INFO: simulator:public-processor Processed 1 successful txs and 0 failed txs (0 silently skipped, 0ms wasted) in 0.05511170800001128s {"blockNumber":3,"successfulCount":1,"failedCount":0,"duration":0.05511170800001128,"rate":58794893.455295146,"totalPublicGas":{"daGas":4000,"l2Gas":3240287},"totalBlockGas":{"daGas":4000,"l2Gas":3240287},"totalSizeInBytes":4128,"silentlySkippedCount":0,"silentlySkippedDurationMs":0}
[14:12:21.955] INFO: simulator:public-processor Processed 1 successful txs and 0 failed txs (0 silently skipped, 0ms wasted) in 0.019926207999989856s {"blockNumber":4,"successfulCount":1,"failedCount":0,"duration":0.019926207999989856,"rate":57216857.31678503,"totalPublicGas":{"daGas":192,"l2Gas":1140115},"totalBlockGas":{"daGas":320,"l2Gas":1730915},"totalSizeInBytes":320,"silentlySkippedCount":0,"silentlySkippedDurationMs":0}
[14:12:21.995] INFO: txe:top_level_context Created block 5 with timestamp 1789391541
[14:12:22.213] INFO: simulator:public-processor Processed 1 successful txs and 0 failed txs (0 silently skipped, 0ms wasted) in 0.0053737079999991695s {"blockNumber":6,"successfulCount":1,"failedCount":0,"duration":0.0053737079999991695,"rate":0,"totalPublicGas":{"daGas":0,"l2Gas":0},"totalBlockGas":{"daGas":1984,"l2Gas":529900},"totalSizeInBytes":1984,"silentlySkippedCount":0,"silentlySkippedDurationMs":0}
[14:12:22.253] INFO: txe:top_level_context Created block 7 with timestamp 1789395142
[14:12:22.448] INFO: simulator:public-processor Processed 1 successful txs and 0 failed txs (0 silently skipped, 0ms wasted) in 0.004797415999986697s {"blockNumber":8,"successfulCount":1,"failedCount":0,"duration":0.004797415999986697,"rate":0,"totalPublicGas":{"daGas":0,"l2Gas":0},"totalBlockGas":{"daGas":256,"l2Gas":477200},"totalSizeInBytes":256,"silentlySkippedCount":0,"silentlySkippedDurationMs":0}
[billboard_test] Testing compact_note::c01_compact_second_burn_rejected ... [0m[32mok[0m
[billboard_test] Testing compact_note::c01_compact_sequences_reject_unused_bit192 ... [0m[32mok[0m
[14:12:27.430] INFO: kv-store:lmdb-v2 Starting data store with maxReaders 2
[14:12:27.430] INFO: world-state:database Creating world state data store at directory /var/folders/ym/q1vh2x5n58xbsmpmvs5_6w3r0000gn/T/aztec-world-state-784NxH/world_state with map sizes {"archiveTreeMapSizeKb":10485760,"nullifierTreeMapSizeKb":10485760,"noteHashTreeMapSizeKb":10485760,"messageTreeMapSizeKb":10485760,"publicDataTreeMapSizeKb":10485760} and 2 threads (ephemeral=true).
[14:12:27.444] INFO: txe_node Aztec Node version: txe
[14:12:27.444] INFO: txe_node Aztec Node started on chain 0x1
[14:12:27.461] INFO: txe:top_level_context Created block 1 with timestamp 1789391547
[14:12:27.510] INFO: txe:top_level_context Created block 2 with timestamp 1789391547
[14:12:27.605] INFO: simulator:public-processor Processed 1 successful txs and 0 failed txs (0 silently skipped, 0ms wasted) in 0.05491466599999694s {"blockNumber":3,"successfulCount":1,"failedCount":0,"duration":0.05491466599999694,"rate":59005858.2892989,"totalPublicGas":{"daGas":4000,"l2Gas":3240287},"totalBlockGas":{"daGas":4000,"l2Gas":3240287},"totalSizeInBytes":4128,"silentlySkippedCount":0,"silentlySkippedDurationMs":0}
[14:12:27.768] INFO: simulator:public-processor Processed 1 successful txs and 0 failed txs (0 silently skipped, 0ms wasted) in 0.02001679199998034s {"blockNumber":4,"successfulCount":1,"failedCount":0,"duration":0.02001679199998034,"rate":56957928.12360341,"totalPublicGas":{"daGas":192,"l2Gas":1140115},"totalBlockGas":{"daGas":320,"l2Gas":1730915},"totalSizeInBytes":320,"silentlySkippedCount":0,"silentlySkippedDurationMs":0}
[14:12:27.808] INFO: txe:top_level_context Created block 5 with timestamp 1789391547
[14:12:28.029] INFO: simulator:public-processor Processed 1 successful txs and 0 failed txs (0 silently skipped, 0ms wasted) in 0.006467208999965806s {"blockNumber":6,"successfulCount":1,"failedCount":0,"duration":0.006467208999965806,"rate":0,"totalPublicGas":{"daGas":0,"l2Gas":0},"totalBlockGas":{"daGas":1984,"l2Gas":529900},"totalSizeInBytes":1984,"silentlySkippedCount":0,"silentlySkippedDurationMs":0}
[14:12:28.071] INFO: txe:top_level_context Created block 7 with timestamp 1789391547
[14:12:28.294] INFO: simulator:public-processor Processed 1 successful txs and 0 failed txs (0 silently skipped, 0ms wasted) in 0.005252333000011276s {"blockNumber":8,"successfulCount":1,"failedCount":0,"duration":0.005252333000011276,"rate":0,"totalPublicGas":{"daGas":0,"l2Gas":0},"totalBlockGas":{"daGas":832,"l2Gas":499700},"totalSizeInBytes":832,"silentlySkippedCount":0,"silentlySkippedDurationMs":0}
[14:12:28.731] INFO: txe:top_level_context Created block 9 with timestamp 1789395148
[14:12:28.909] INFO: simulator:public-processor Processed 1 successful txs and 0 failed txs (0 silently skipped, 0ms wasted) in 0.00483016700000735s {"blockNumber":10,"successfulCount":1,"failedCount":0,"duration":0.00483016700000735,"rate":0,"totalPublicGas":{"daGas":0,"l2Gas":0},"totalBlockGas":{"daGas":256,"l2Gas":477200},"totalSizeInBytes":256,"silentlySkippedCount":0,"silentlySkippedDurationMs":0}
[14:12:29.373] INFO: simulator:public-processor Processed 1 successful txs and 0 failed txs (0 silently skipped, 0ms wasted) in 0.005037667000025977s {"blockNumber":11,"successfulCount":1,"failedCount":0,"duration":0.005037667000025977,"rate":0,"totalPublicGas":{"daGas":0,"l2Gas":0},"totalBlockGas":{"daGas":256,"l2Gas":477200},"totalSizeInBytes":256,"silentlySkippedCount":0,"silentlySkippedDurationMs":0}
[billboard_test] Testing compact_note::c01_compact_two_receipts_exact_selection_and_independent_burn ... [0m[32mok[0m
[billboard_test] Testing compact_note::c01_discovery_call_preserves_page_offsets ... [0m[32mok[0m
[billboard_test] [0m[32m101 tests passed[0m
