[21:15:30.330] INFO: kv-store:lmdb-v2 Starting data store with maxReaders 2
{"profile":"C01 consistent-scope TXE","chain":1,"version":1,"originalPublicVersion":2,"realProofs":false,"port":49886}
[billboard_contract] Running 0 test functions
[billboard_contract] [0m[32m0 tests passed[0m
[billboard_test] Running 103 test functions
[21:15:35.819] INFO: kv-store:lmdb-v2 Starting data store with maxReaders 2
[21:15:35.820] INFO: kv-store:lmdb-v2 Starting data store with maxReaders 2
[21:15:35.821] INFO: world-state:database Creating world state data store at directory /var/folders/ym/q1vh2x5n58xbsmpmvs5_6w3r0000gn/T/aztec-world-state-vbuhUb/world_state with map sizes {"archiveTreeMapSizeKb":10485760,"nullifierTreeMapSizeKb":10485760,"noteHashTreeMapSizeKb":10485760,"messageTreeMapSizeKb":10485760,"publicDataTreeMapSizeKb":10485760} and 1 threads (ephemeral=true).
[21:15:35.834] INFO: txe_node Aztec Node version: txe
[21:15:35.834] INFO: txe_node Aztec Node started on chain 0x1
[21:15:35.850] INFO: txe:top_level_context Created block 1 with timestamp 1789416935
[21:15:35.938] INFO: txe:top_level_context Created block 2 with timestamp 1789416935
[21:15:36.046] INFO: simulator:public-processor Processed 1 successful txs and 0 failed txs (0 silently skipped, 0ms wasted) in 0.0634175409999998s {"blockNumber":3,"successfulCount":1,"failedCount":0,"duration":0.0634175409999998,"rate":51094491.34901036,"totalPublicGas":{"daGas":4000,"l2Gas":3240287},"totalBlockGas":{"daGas":4000,"l2Gas":3240287},"totalSizeInBytes":4128,"silentlySkippedCount":0,"silentlySkippedDurationMs":0}
[21:15:36.240] INFO: simulator:public-processor Processed 1 successful txs and 0 failed txs (0 silently skipped, 0ms wasted) in 0.015498542000000271s {"blockNumber":4,"successfulCount":1,"failedCount":0,"duration":0.015498542000000271,"rate":73562726.09384677,"totalPublicGas":{"daGas":192,"l2Gas":1140115},"totalBlockGas":{"daGas":320,"l2Gas":1730915},"totalSizeInBytes":320,"silentlySkippedCount":0,"silentlySkippedDurationMs":0}
[21:15:36.273] INFO: txe:top_level_context Created block 5 with timestamp 1789416935
[21:15:36.465] INFO: simulator:public-processor Processed 1 successful txs and 0 failed txs (0 silently skipped, 0ms wasted) in 0.005629084000000148s {"blockNumber":6,"successfulCount":1,"failedCount":0,"duration":0.005629084000000148,"rate":0,"totalPublicGas":{"daGas":0,"l2Gas":0},"totalBlockGas":{"daGas":1984,"l2Gas":529900},"totalSizeInBytes":1984,"silentlySkippedCount":0,"silentlySkippedDurationMs":0}
[21:15:36.497] INFO: txe:top_level_context Created block 7 with timestamp 1789420536
[21:15:36.942] INFO: simulator:public-processor Processed 1 successful txs and 0 failed txs (0 silently skipped, 0ms wasted) in 0.031857083000000785s {"blockNumber":8,"successfulCount":1,"failedCount":0,"duration":0.031857083000000785,"rate":37585707.391978435,"totalPublicGas":{"daGas":2176,"l2Gas":1197371},"totalBlockGas":{"daGas":3552,"l2Gas":1924121},"totalSizeInBytes":3552,"silentlySkippedCount":0,"silentlySkippedDurationMs":0}
[21:15:36.976] INFO: txe:top_level_context Created block 9 with timestamp 1789424135
[21:15:37.408] INFO: simulator:public-processor Processed 1 successful txs and 0 failed txs (0 silently skipped, 0ms wasted) in 0.029865874999999504s {"blockNumber":10,"successfulCount":1,"failedCount":0,"duration":0.029865874999999504,"rate":40091609.571124904,"totalPublicGas":{"daGas":2176,"l2Gas":1197371},"totalBlockGas":{"daGas":3552,"l2Gas":1924121},"totalSizeInBytes":3552,"silentlySkippedCount":0,"silentlySkippedDurationMs":0}
[21:15:37.442] INFO: txe:top_level_context Created block 11 with timestamp 1789427736
[21:15:37.865] INFO: simulator:public-processor Processed 1 successful txs and 0 failed txs (0 silently skipped, 0ms wasted) in 0.030442917000000305s {"blockNumber":12,"successfulCount":1,"failedCount":0,"duration":0.030442917000000305,"rate":39331677.7101218,"totalPublicGas":{"daGas":2176,"l2Gas":1197371},"totalBlockGas":{"daGas":3552,"l2Gas":1924121},"totalSizeInBytes":3552,"silentlySkippedCount":0,"silentlySkippedDurationMs":0}
[21:15:37.902] INFO: simulator:public-processor Processed 1 successful txs and 0 failed txs (0 silently skipped, 0ms wasted) in 0.004957457999998951s {"blockNumber":13,"successfulCount":1,"failedCount":0,"duration":0.004957457999998951,"rate":1666579.9286654063,"totalPublicGas":{"daGas":0,"l2Gas":8262},"totalBlockGas":{"daGas":0,"l2Gas":8262},"totalSizeInBytes":128,"silentlySkippedCount":0,"silentlySkippedDurationMs":0}
[billboard_test] Testing test_censor_window_grandchild_screening ... [0m[32mok[0m
[21:15:40.000] INFO: kv-store:lmdb-v2 Starting data store with maxReaders 2
[21:15:40.001] INFO: world-state:database Creating world state data store at directory /var/folders/ym/q1vh2x5n58xbsmpmvs5_6w3r0000gn/T/aztec-world-state-98AVMd/world_state with map sizes {"archiveTreeMapSizeKb":10485760,"nullifierTreeMapSizeKb":10485760,"noteHashTreeMapSizeKb":10485760,"messageTreeMapSizeKb":10485760,"publicDataTreeMapSizeKb":10485760} and 1 threads (ephemeral=true).
[21:15:40.010] INFO: txe_node Aztec Node version: txe
[21:15:40.010] INFO: txe_node Aztec Node started on chain 0x1
[21:15:40.023] INFO: txe:top_level_context Created block 1 with timestamp 1789416940
[21:15:40.063] INFO: txe:top_level_context Created block 2 with timestamp 1789416940
[21:15:40.154] INFO: simulator:public-processor Processed 1 successful txs and 0 failed txs (0 silently skipped, 0ms wasted) in 0.055581041999999796s {"blockNumber":3,"successfulCount":1,"failedCount":0,"duration":0.055581041999999796,"rate":58298421.249461494,"totalPublicGas":{"daGas":4000,"l2Gas":3240287},"totalBlockGas":{"daGas":4000,"l2Gas":3240287},"totalSizeInBytes":4128,"silentlySkippedCount":0,"silentlySkippedDurationMs":0}
[21:15:40.276] INFO: simulator:public-processor Processed 1 successful txs and 0 failed txs (0 silently skipped, 0ms wasted) in 0.01506275000000096s {"blockNumber":4,"successfulCount":1,"failedCount":0,"duration":0.01506275000000096,"rate":75691025.87508439,"totalPublicGas":{"daGas":192,"l2Gas":1140115},"totalBlockGas":{"daGas":320,"l2Gas":1730915},"totalSizeInBytes":320,"silentlySkippedCount":0,"silentlySkippedDurationMs":0}
[21:15:40.307] INFO: txe:top_level_context Created block 5 with timestamp 1789416940
[21:15:40.468] INFO: simulator:public-processor Processed 1 successful txs and 0 failed txs (0 silently skipped, 0ms wasted) in 0.0051133339999996676s {"blockNumber":6,"successfulCount":1,"failedCount":0,"duration":0.0051133339999996676,"rate":0,"totalPublicGas":{"daGas":0,"l2Gas":0},"totalBlockGas":{"daGas":1984,"l2Gas":529900},"totalSizeInBytes":1984,"silentlySkippedCount":0,"silentlySkippedDurationMs":0}
[21:15:40.501] INFO: txe:top_level_context Created block 7 with timestamp 1789420541
[21:15:40.898] INFO: simulator:public-processor Processed 1 successful txs and 0 failed txs (0 silently skipped, 0ms wasted) in 0.030083333000000493s {"blockNumber":8,"successfulCount":1,"failedCount":0,"duration":0.030083333000000493,"rate":39801806.53519942,"totalPublicGas":{"daGas":2176,"l2Gas":1197371},"totalBlockGas":{"daGas":3552,"l2Gas":1924121},"totalSizeInBytes":3552,"silentlySkippedCount":0,"silentlySkippedDurationMs":0}
[21:15:40.956] INFO: simulator:public-processor Processed 1 successful txs and 0 failed txs (0 silently skipped, 0ms wasted) in 0.027249417000000904s {"blockNumber":9,"successfulCount":1,"failedCount":0,"duration":0.027249417000000904,"rate":44179954.38214183,"totalPublicGas":{"daGas":2176,"l2Gas":1203878},"totalBlockGas":{"daGas":2176,"l2Gas":1203878},"totalSizeInBytes":2304,"silentlySkippedCount":0,"silentlySkippedDurationMs":0}
[21:15:40.993] INFO: simulator:public-processor Processed 1 successful txs and 0 failed txs (0 silently skipped, 0ms wasted) in 0.004692166999999244s {"blockNumber":10,"successfulCount":1,"failedCount":0,"duration":0.004692166999999244,"rate":2129080.23094694,"totalPublicGas":{"daGas":0,"l2Gas":9990},"totalBlockGas":{"daGas":0,"l2Gas":9990},"totalSizeInBytes":128,"silentlySkippedCount":0,"silentlySkippedDurationMs":0}
[21:15:41.007] INFO: txe:top_level_context Created block 10 with timestamp 1789424140
[21:15:41.442] INFO: simulator:public-processor Processed 1 successful txs and 0 failed txs (0 silently skipped, 0ms wasted) in 0.031260291999999024s {"blockNumber":11,"successfulCount":1,"failedCount":0,"duration":0.031260291999999024,"rate":38303257.05211063,"totalPublicGas":{"daGas":2176,"l2Gas":1197371},"totalBlockGas":{"daGas":3552,"l2Gas":1924121},"totalSizeInBytes":3552,"silentlySkippedCount":0,"silentlySkippedDurationMs":0}
[21:15:41.787] INFO: txe:top_level_context Created block 12 with timestamp 1789427741
[21:15:42.176] INFO: simulator:public-processor Processed 1 successful txs and 0 failed txs (0 silently skipped, 0ms wasted) in 0.02956258400000115s {"blockNumber":13,"successfulCount":1,"failedCount":0,"duration":0.02956258400000115,"rate":40502920.85427828,"totalPublicGas":{"daGas":2176,"l2Gas":1197371},"totalBlockGas":{"daGas":3552,"l2Gas":1924121},"totalSizeInBytes":3552,"silentlySkippedCount":0,"silentlySkippedDurationMs":0}
[billboard_test] Testing test_censor_window_hard_invariant ... [0m[32mok[0m
[21:15:44.308] INFO: kv-store:lmdb-v2 Starting data store with maxReaders 2
[21:15:44.309] INFO: world-state:database Creating world state data store at directory /var/folders/ym/q1vh2x5n58xbsmpmvs5_6w3r0000gn/T/aztec-world-state-kmxqV4/world_state with map sizes {"archiveTreeMapSizeKb":10485760,"nullifierTreeMapSizeKb":10485760,"noteHashTreeMapSizeKb":10485760,"messageTreeMapSizeKb":10485760,"publicDataTreeMapSizeKb":10485760} and 1 threads (ephemeral=true).
[21:15:44.319] INFO: txe_node Aztec Node version: txe
[21:15:44.319] INFO: txe_node Aztec Node started on chain 0x1
[21:15:44.332] INFO: txe:top_level_context Created block 1 with timestamp 1789416944
[21:15:44.373] INFO: txe:top_level_context Created block 2 with timestamp 1789416944
[21:15:44.467] INFO: simulator:public-processor Processed 1 successful txs and 0 failed txs (0 silently skipped, 0ms wasted) in 0.05750487500000054s {"blockNumber":3,"successfulCount":1,"failedCount":0,"duration":0.05750487500000054,"rate":56348040.05747286,"totalPublicGas":{"daGas":4000,"l2Gas":3240287},"totalBlockGas":{"daGas":4000,"l2Gas":3240287},"totalSizeInBytes":4128,"silentlySkippedCount":0,"silentlySkippedDurationMs":0}
[21:15:44.590] INFO: simulator:public-processor Processed 1 successful txs and 0 failed txs (0 silently skipped, 0ms wasted) in 0.015140999999999622s {"blockNumber":4,"successfulCount":1,"failedCount":0,"duration":0.015140999999999622,"rate":75299848.09457952,"totalPublicGas":{"daGas":192,"l2Gas":1140115},"totalBlockGas":{"daGas":320,"l2Gas":1730915},"totalSizeInBytes":320,"silentlySkippedCount":0,"silentlySkippedDurationMs":0}
[21:15:44.621] INFO: txe:top_level_context Created block 5 with timestamp 1789416944
[21:15:44.782] INFO: simulator:public-processor Processed 1 successful txs and 0 failed txs (0 silently skipped, 0ms wasted) in 0.004974874999999884s {"blockNumber":6,"successfulCount":1,"failedCount":0,"duration":0.004974874999999884,"rate":0,"totalPublicGas":{"daGas":0,"l2Gas":0},"totalBlockGas":{"daGas":1984,"l2Gas":529900},"totalSizeInBytes":1984,"silentlySkippedCount":0,"silentlySkippedDurationMs":0}
[21:15:44.813] INFO: txe:top_level_context Created block 7 with timestamp 1789420545
[21:15:45.223] INFO: simulator:public-processor Processed 1 successful txs and 0 failed txs (0 silently skipped, 0ms wasted) in 0.03014429200000086s {"blockNumber":8,"successfulCount":1,"failedCount":0,"duration":0.03014429200000086,"rate":39721317.72077997,"totalPublicGas":{"daGas":2176,"l2Gas":1197371},"totalBlockGas":{"daGas":3552,"l2Gas":1924121},"totalSizeInBytes":3552,"silentlySkippedCount":0,"silentlySkippedDurationMs":0}
[21:15:45.256] INFO: txe:top_level_context Created block 9 with timestamp 1789424144
[21:15:45.665] INFO: simulator:public-processor Processed 1 successful txs and 0 failed txs (0 silently skipped, 0ms wasted) in 0.030350791000000755s {"blockNumber":10,"successfulCount":1,"failedCount":0,"duration":0.030350791000000755,"rate":39451064.05958152,"totalPublicGas":{"daGas":2176,"l2Gas":1197371},"totalBlockGas":{"daGas":3552,"l2Gas":1924121},"totalSizeInBytes":3552,"silentlySkippedCount":0,"silentlySkippedDurationMs":0}
[21:15:45.702] INFO: simulator:public-processor Processed 1 successful txs and 0 failed txs (0 silently skipped, 0ms wasted) in 0.005006624999998166s {"blockNumber":11,"successfulCount":1,"failedCount":0,"duration":0.005006624999998166,"rate":1650213.4671566228,"totalPublicGas":{"daGas":0,"l2Gas":8262},"totalBlockGas":{"daGas":0,"l2Gas":8262},"totalSizeInBytes":128,"silentlySkippedCount":0,"silentlySkippedDurationMs":0}
[billboard_test] Testing test_censor_window_post_too_young_to_screen ... [0m[32mok[0m
[billboard_test] Testing test_cooldown_100x_deposit ... [0m[32mok[0m
[billboard_test] Testing test_cooldown_10x_deposit ... [0m[32mok[0m
[billboard_test] Testing test_cooldown_at_min_deposit ... [0m[32mok[0m
[billboard_test] Testing test_cooldown_halves_when_deposit_doubles ... [0m[32mok[0m
[billboard_test] Testing test_cooldown_minimum_one_second ... [0m[32mok[0m
[billboard_test] Testing test_cooldown_no_overflow_at_large_values ... [0m[32mok[0m
[billboard_test] Testing test_cooldown_truncation ... [0m[32mok[0m
[billboard_test] Testing test_declare_immoral_censor_passes_auth ... [0m[32mok[0m
[21:15:59.677] INFO: kv-store:lmdb-v2 Starting data store with maxReaders 2
[21:15:59.678] INFO: world-state:database Creating world state data store at directory /var/folders/ym/q1vh2x5n58xbsmpmvs5_6w3r0000gn/T/aztec-world-state-l7R6Tp/world_state with map sizes {"archiveTreeMapSizeKb":10485760,"nullifierTreeMapSizeKb":10485760,"noteHashTreeMapSizeKb":10485760,"messageTreeMapSizeKb":10485760,"publicDataTreeMapSizeKb":10485760} and 1 threads (ephemeral=true).
[21:15:59.688] INFO: txe_node Aztec Node version: txe
[21:15:59.688] INFO: txe_node Aztec Node started on chain 0x1
[21:15:59.700] INFO: txe:top_level_context Created block 1 with timestamp 1789416959
[21:15:59.739] INFO: txe:top_level_context Created block 2 with timestamp 1789416959
[21:15:59.831] INFO: simulator:public-processor Processed 1 successful txs and 0 failed txs (0 silently skipped, 0ms wasted) in 0.0570435839999991s {"blockNumber":3,"successfulCount":1,"failedCount":0,"duration":0.0570435839999991,"rate":56803706.44313042,"totalPublicGas":{"daGas":4000,"l2Gas":3240287},"totalBlockGas":{"daGas":4000,"l2Gas":3240287},"totalSizeInBytes":4128,"silentlySkippedCount":0,"silentlySkippedDurationMs":0}
[21:15:59.870] INFO: simulator:public-processor Processed 1 successful txs and 0 failed txs (0 silently skipped, 0ms wasted) in 0.007541083000000072s {"blockNumber":4,"successfulCount":1,"failedCount":0,"duration":0.007541083000000072,"rate":4307206.272626848,"totalPublicGas":{"daGas":0,"l2Gas":32481},"totalBlockGas":{"daGas":0,"l2Gas":32481},"totalSizeInBytes":128,"silentlySkippedCount":0,"silentlySkippedDurationMs":0}
[21:15:59.874] WARN: txe:top_level_context Could not find function artifact in contract Billboard for function '0x6675867b' when enriching error callstack
[billboard_test] Testing test_declare_immoral_fails_when_no_censor ... [0m[32mok[0m
[21:16:01.653] INFO: kv-store:lmdb-v2 Starting data store with maxReaders 2
[21:16:01.654] INFO: world-state:database Creating world state data store at directory /var/folders/ym/q1vh2x5n58xbsmpmvs5_6w3r0000gn/T/aztec-world-state-Jy4a5W/world_state with map sizes {"archiveTreeMapSizeKb":10485760,"nullifierTreeMapSizeKb":10485760,"noteHashTreeMapSizeKb":10485760,"messageTreeMapSizeKb":10485760,"publicDataTreeMapSizeKb":10485760} and 1 threads (ephemeral=true).
[21:16:01.664] INFO: txe_node Aztec Node version: txe
[21:16:01.664] INFO: txe_node Aztec Node started on chain 0x1
[21:16:01.677] INFO: txe:top_level_context Created block 1 with timestamp 1789416961
[21:16:01.717] INFO: txe:top_level_context Created block 2 with timestamp 1789416961
[21:16:01.753] INFO: simulator:public-processor Processed 1 successful txs and 0 failed txs (0 silently skipped, 0ms wasted) in 0.006383666999994602s {"blockNumber":3,"successfulCount":1,"failedCount":0,"duration":0.006383666999994602,"rate":19813063.557373364,"totalPublicGas":{"daGas":0,"l2Gas":126480},"totalBlockGas":{"daGas":0,"l2Gas":126480},"totalSizeInBytes":128,"silentlySkippedCount":0,"silentlySkippedDurationMs":0}
[21:16:01.755] WARN: txe:top_level_context Could not find function artifact in contract Billboard for function '0x8f3f1c4d' when enriching error callstack
[billboard_test] Testing test_declare_immoral_rejects_non_censor ... [0m[32mok[0m
[21:16:03.457] INFO: kv-store:lmdb-v2 Starting data store with maxReaders 2
[21:16:03.457] INFO: world-state:database Creating world state data store at directory /var/folders/ym/q1vh2x5n58xbsmpmvs5_6w3r0000gn/T/aztec-world-state-Jh4vO9/world_state with map sizes {"archiveTreeMapSizeKb":10485760,"nullifierTreeMapSizeKb":10485760,"noteHashTreeMapSizeKb":10485760,"messageTreeMapSizeKb":10485760,"publicDataTreeMapSizeKb":10485760} and 1 threads (ephemeral=true).
[21:16:03.466] INFO: txe_node Aztec Node version: txe
[21:16:03.466] INFO: txe_node Aztec Node started on chain 0x1
[21:16:03.479] INFO: txe:top_level_context Created block 1 with timestamp 1789416963
[21:16:03.514] INFO: txe:top_level_context Created block 2 with timestamp 1789416963
[21:16:03.598] INFO: simulator:public-processor Processed 1 successful txs and 0 failed txs (0 silently skipped, 0ms wasted) in 0.05429170799999702s {"blockNumber":3,"successfulCount":1,"failedCount":0,"duration":0.05429170799999702,"rate":59682907.74716791,"totalPublicGas":{"daGas":4000,"l2Gas":3240287},"totalBlockGas":{"daGas":4000,"l2Gas":3240287},"totalSizeInBytes":4128,"silentlySkippedCount":0,"silentlySkippedDurationMs":0}
[21:16:03.639] INFO: simulator:public-processor Processed 1 successful txs and 0 failed txs (0 silently skipped, 0ms wasted) in 0.005399874999995518s {"blockNumber":4,"successfulCount":1,"failedCount":0,"duration":0.005399874999995518,"rate":5737910.599787165,"totalPublicGas":{"daGas":0,"l2Gas":30984},"totalBlockGas":{"daGas":0,"l2Gas":30984},"totalSizeInBytes":128,"silentlySkippedCount":0,"silentlySkippedDurationMs":0}
[21:16:03.640] WARN: txe:top_level_context Could not find function artifact in contract Billboard for function '0x6675867b' when enriching error callstack
[billboard_test] Testing test_deposit_msg_hash_deterministic ... [0m[32mok[0m
[billboard_test] Testing test_deposit_msg_hash_differs_by_amount ... [0m[32mok[0m
[billboard_test] Testing test_deposit_msg_hash_differs_by_depositor ... [0m[32mok[0m
[21:16:10.553] INFO: kv-store:lmdb-v2 Starting data store with maxReaders 2
[21:16:10.553] INFO: world-state:database Creating world state data store at directory /var/folders/ym/q1vh2x5n58xbsmpmvs5_6w3r0000gn/T/aztec-world-state-qIV7DC/world_state with map sizes {"archiveTreeMapSizeKb":10485760,"nullifierTreeMapSizeKb":10485760,"noteHashTreeMapSizeKb":10485760,"messageTreeMapSizeKb":10485760,"publicDataTreeMapSizeKb":10485760} and 1 threads (ephemeral=true).
[21:16:10.563] INFO: txe_node Aztec Node version: txe
[21:16:10.563] INFO: txe_node Aztec Node started on chain 0x1
[21:16:10.575] INFO: txe:top_level_context Created block 1 with timestamp 1789416970
[21:16:10.615] INFO: txe:top_level_context Created block 2 with timestamp 1789416970
[21:16:10.700] INFO: simulator:public-processor Processed 1 successful txs and 0 failed txs (0 silently skipped, 0ms wasted) in 0.055824791999999436s {"blockNumber":3,"successfulCount":1,"failedCount":0,"duration":0.055824791999999436,"rate":58043870.54411296,"totalPublicGas":{"daGas":4000,"l2Gas":3240287},"totalBlockGas":{"daGas":4000,"l2Gas":3240287},"totalSizeInBytes":4128,"silentlySkippedCount":0,"silentlySkippedDurationMs":0}
[21:16:10.828] INFO: simulator:public-processor Processed 1 successful txs and 0 failed txs (0 silently skipped, 0ms wasted) in 0.014876041000003169s {"blockNumber":4,"successfulCount":1,"failedCount":0,"duration":0.014876041000003169,"rate":76641022.97108197,"totalPublicGas":{"daGas":192,"l2Gas":1140115},"totalBlockGas":{"daGas":320,"l2Gas":1730915},"totalSizeInBytes":320,"silentlySkippedCount":0,"silentlySkippedDurationMs":0}
[21:16:10.859] INFO: txe:top_level_context Created block 5 with timestamp 1789416970
[21:16:11.021] INFO: simulator:public-processor Processed 1 successful txs and 0 failed txs (0 silently skipped, 0ms wasted) in 0.0053072919999976875s {"blockNumber":6,"successfulCount":1,"failedCount":0,"duration":0.0053072919999976875,"rate":0,"totalPublicGas":{"daGas":0,"l2Gas":0},"totalBlockGas":{"daGas":1984,"l2Gas":529900},"totalSizeInBytes":1984,"silentlySkippedCount":0,"silentlySkippedDurationMs":0}
[21:16:11.053] INFO: txe:top_level_context Created block 7 with timestamp 1789420571
[21:16:11.454] INFO: simulator:public-processor Processed 1 successful txs and 0 failed txs (0 silently skipped, 0ms wasted) in 0.030089833999998518s {"blockNumber":8,"successfulCount":1,"failedCount":0,"duration":0.030089833999998518,"rate":39793207.23404652,"totalPublicGas":{"daGas":2176,"l2Gas":1197371},"totalBlockGas":{"daGas":3552,"l2Gas":1924121},"totalSizeInBytes":3552,"silentlySkippedCount":0,"silentlySkippedDurationMs":0}
[21:16:11.488] INFO: txe:top_level_context Created block 9 with timestamp 1789424172
[21:16:11.890] INFO: simulator:public-processor Processed 1 successful txs and 0 failed txs (0 silently skipped, 0ms wasted) in 0.00952637500000128s {"blockNumber":10,"successfulCount":1,"failedCount":0,"duration":0.00952637500000128,"rate":10145097.164449962,"totalPublicGas":{"daGas":128,"l2Gas":96646},"totalBlockGas":{"daGas":1504,"l2Gas":823396},"totalSizeInBytes":1504,"silentlySkippedCount":0,"silentlySkippedDurationMs":0}
[billboard_test] Testing test_dummy_post_advances_screening ... [0m[32mok[0m
[21:16:14.005] INFO: kv-store:lmdb-v2 Starting data store with maxReaders 2
[21:16:14.006] INFO: world-state:database Creating world state data store at directory /var/folders/ym/q1vh2x5n58xbsmpmvs5_6w3r0000gn/T/aztec-world-state-PfqLJg/world_state with map sizes {"archiveTreeMapSizeKb":10485760,"nullifierTreeMapSizeKb":10485760,"noteHashTreeMapSizeKb":10485760,"messageTreeMapSizeKb":10485760,"publicDataTreeMapSizeKb":10485760} and 1 threads (ephemeral=true).
[21:16:14.016] INFO: txe_node Aztec Node version: txe
[21:16:14.016] INFO: txe_node Aztec Node started on chain 0x1
[21:16:14.028] INFO: txe:top_level_context Created block 1 with timestamp 1789416974
[21:16:14.066] INFO: txe:top_level_context Created block 2 with timestamp 1789416974
[21:16:14.151] INFO: simulator:public-processor Processed 1 successful txs and 0 failed txs (0 silently skipped, 0ms wasted) in 0.05583175000000483s {"blockNumber":3,"successfulCount":1,"failedCount":0,"duration":0.05583175000000483,"rate":58036636.85984623,"totalPublicGas":{"daGas":4000,"l2Gas":3240287},"totalBlockGas":{"daGas":4000,"l2Gas":3240287},"totalSizeInBytes":4128,"silentlySkippedCount":0,"silentlySkippedDurationMs":0}
[21:16:14.270] INFO: simulator:public-processor Processed 1 successful txs and 0 failed txs (0 silently skipped, 0ms wasted) in 0.014807207999998354s {"blockNumber":4,"successfulCount":1,"failedCount":0,"duration":0.014807207999998354,"rate":76997297.53239954,"totalPublicGas":{"daGas":192,"l2Gas":1140115},"totalBlockGas":{"daGas":320,"l2Gas":1730915},"totalSizeInBytes":320,"silentlySkippedCount":0,"silentlySkippedDurationMs":0}
[21:16:14.300] INFO: txe:top_level_context Created block 5 with timestamp 1789416974
[21:16:14.458] INFO: simulator:public-processor Processed 1 successful txs and 0 failed txs (0 silently skipped, 0ms wasted) in 0.004811083000000508s {"blockNumber":6,"successfulCount":1,"failedCount":0,"duration":0.004811083000000508,"rate":0,"totalPublicGas":{"daGas":0,"l2Gas":0},"totalBlockGas":{"daGas":1984,"l2Gas":529900},"totalSizeInBytes":1984,"silentlySkippedCount":0,"silentlySkippedDurationMs":0}
[21:16:14.489] INFO: txe:top_level_context Created block 7 with timestamp 1789420575
[21:16:14.882] INFO: simulator:public-processor Processed 1 successful txs and 0 failed txs (0 silently skipped, 0ms wasted) in 0.009966625000000931s {"blockNumber":8,"successfulCount":1,"failedCount":0,"duration":0.009966625000000931,"rate":9696963.616067722,"totalPublicGas":{"daGas":128,"l2Gas":96646},"totalBlockGas":{"daGas":1504,"l2Gas":823396},"totalSizeInBytes":1504,"silentlySkippedCount":0,"silentlySkippedDurationMs":0}
[21:16:14.916] INFO: simulator:public-processor Processed 1 successful txs and 0 failed txs (0 silently skipped, 0ms wasted) in 0.004870208000000275s {"blockNumber":9,"successfulCount":1,"failedCount":0,"duration":0.004870208000000275,"rate":1696436.7846300474,"totalPublicGas":{"daGas":0,"l2Gas":8262},"totalBlockGas":{"daGas":0,"l2Gas":8262},"totalSizeInBytes":128,"silentlySkippedCount":0,"silentlySkippedDurationMs":0}
[21:16:14.932] INFO: simulator:public-processor Processed 1 successful txs and 0 failed txs (0 silently skipped, 0ms wasted) in 0.004839291000003868s {"blockNumber":9,"successfulCount":1,"failedCount":0,"duration":0.004839291000003868,"rate":2034595.563687352,"totalPublicGas":{"daGas":0,"l2Gas":9846},"totalBlockGas":{"daGas":0,"l2Gas":9846},"totalSizeInBytes":128,"silentlySkippedCount":0,"silentlySkippedDurationMs":0}
[21:16:14.949] INFO: simulator:public-processor Processed 1 successful txs and 0 failed txs (0 silently skipped, 0ms wasted) in 0.006150584000002709s {"blockNumber":9,"successfulCount":1,"failedCount":0,"duration":0.006150584000002709,"rate":20468300.245951366,"totalPublicGas":{"daGas":0,"l2Gas":125892},"totalBlockGas":{"daGas":0,"l2Gas":125892},"totalSizeInBytes":128,"silentlySkippedCount":0,"silentlySkippedDurationMs":0}
[billboard_test] Testing test_dummy_post_does_not_store_content ... [0m[32mok[0m
[21:16:17.017] INFO: kv-store:lmdb-v2 Starting data store with maxReaders 2
[21:16:17.019] INFO: world-state:database Creating world state data store at directory /var/folders/ym/q1vh2x5n58xbsmpmvs5_6w3r0000gn/T/aztec-world-state-IZiUxn/world_state with map sizes {"archiveTreeMapSizeKb":10485760,"nullifierTreeMapSizeKb":10485760,"noteHashTreeMapSizeKb":10485760,"messageTreeMapSizeKb":10485760,"publicDataTreeMapSizeKb":10485760} and 1 threads (ephemeral=true).
[21:16:17.029] INFO: txe_node Aztec Node version: txe
[21:16:17.029] INFO: txe_node Aztec Node started on chain 0x1
[21:16:17.041] INFO: txe:top_level_context Created block 1 with timestamp 1789416977
[21:16:17.082] INFO: txe:top_level_context Created block 2 with timestamp 1789416977
[21:16:17.167] INFO: simulator:public-processor Processed 1 successful txs and 0 failed txs (0 silently skipped, 0ms wasted) in 0.05508954200000153s {"blockNumber":3,"successfulCount":1,"failedCount":0,"duration":0.05508954200000153,"rate":58818550.352077894,"totalPublicGas":{"daGas":4000,"l2Gas":3240287},"totalBlockGas":{"daGas":4000,"l2Gas":3240287},"totalSizeInBytes":4128,"silentlySkippedCount":0,"silentlySkippedDurationMs":0}
[21:16:17.315] INFO: simulator:public-processor Processed 1 successful txs and 0 failed txs (0 silently skipped, 0ms wasted) in 0.014942582999996375s {"blockNumber":4,"successfulCount":1,"failedCount":0,"duration":0.014942582999996375,"rate":76299726.76078002,"totalPublicGas":{"daGas":192,"l2Gas":1140115},"totalBlockGas":{"daGas":320,"l2Gas":1730915},"totalSizeInBytes":320,"silentlySkippedCount":0,"silentlySkippedDurationMs":0}
[21:16:17.346] INFO: txe:top_level_context Created block 5 with timestamp 1789416977
[21:16:17.507] INFO: simulator:public-processor Processed 1 successful txs and 0 failed txs (0 silently skipped, 0ms wasted) in 0.0046392500000001745s {"blockNumber":6,"successfulCount":1,"failedCount":0,"duration":0.0046392500000001745,"rate":0,"totalPublicGas":{"daGas":0,"l2Gas":0},"totalBlockGas":{"daGas":1984,"l2Gas":529900},"totalSizeInBytes":1984,"silentlySkippedCount":0,"silentlySkippedDurationMs":0}
[21:16:17.538] INFO: txe:top_level_context Created block 7 with timestamp 1789420578
[21:16:18.037] INFO: simulator:public-processor Processed 1 successful txs and 0 failed txs (0 silently skipped, 0ms wasted) in 0.03179266700000153s {"blockNumber":8,"successfulCount":1,"failedCount":0,"duration":0.03179266700000153,"rate":37661860.83098792,"totalPublicGas":{"daGas":2176,"l2Gas":1197371},"totalBlockGas":{"daGas":3552,"l2Gas":1924121},"totalSizeInBytes":3552,"silentlySkippedCount":0,"silentlySkippedDurationMs":0}
[21:16:18.095] INFO: simulator:public-processor Processed 1 successful txs and 0 failed txs (0 silently skipped, 0ms wasted) in 0.027459665999995195s {"blockNumber":9,"successfulCount":1,"failedCount":0,"duration":0.027459665999995195,"rate":43841684.0175773,"totalPublicGas":{"daGas":2176,"l2Gas":1203878},"totalBlockGas":{"daGas":2176,"l2Gas":1203878},"totalSizeInBytes":2304,"silentlySkippedCount":0,"silentlySkippedDurationMs":0}
[21:16:18.129] INFO: txe:top_level_context Created block 10 with timestamp 1789424178
[21:16:18.528] INFO: simulator:public-processor Processed 1 successful txs and 0 failed txs (0 silently skipped, 0ms wasted) in 0.029982540999997583s {"blockNumber":11,"successfulCount":1,"failedCount":0,"duration":0.029982540999997583,"rate":39935607.85925704,"totalPublicGas":{"daGas":2176,"l2Gas":1197371},"totalBlockGas":{"daGas":3552,"l2Gas":1924121},"totalSizeInBytes":3552,"silentlySkippedCount":0,"silentlySkippedDurationMs":0}
[billboard_test] Testing test_flag_penalty_exact_value ... [0m[32mok[0m
[21:16:20.620] INFO: kv-store:lmdb-v2 Starting data store with maxReaders 2
[21:16:20.625] INFO: world-state:database Creating world state data store at directory /var/folders/ym/q1vh2x5n58xbsmpmvs5_6w3r0000gn/T/aztec-world-state-75Om4u/world_state with map sizes {"archiveTreeMapSizeKb":10485760,"nullifierTreeMapSizeKb":10485760,"noteHashTreeMapSizeKb":10485760,"messageTreeMapSizeKb":10485760,"publicDataTreeMapSizeKb":10485760} and 1 threads (ephemeral=true).
[21:16:20.635] INFO: txe_node Aztec Node version: txe
[21:16:20.635] INFO: txe_node Aztec Node started on chain 0x1
[21:16:20.648] INFO: txe:top_level_context Created block 1 with timestamp 1789416980
[21:16:20.688] INFO: txe:top_level_context Created block 2 with timestamp 1789416980
[21:16:20.773] INFO: simulator:public-processor Processed 1 successful txs and 0 failed txs (0 silently skipped, 0ms wasted) in 0.05535925000000134s {"blockNumber":3,"successfulCount":1,"failedCount":0,"duration":0.05535925000000134,"rate":58531988.78236106,"totalPublicGas":{"daGas":4000,"l2Gas":3240287},"totalBlockGas":{"daGas":4000,"l2Gas":3240287},"totalSizeInBytes":4128,"silentlySkippedCount":0,"silentlySkippedDurationMs":0}
[21:16:20.900] INFO: simulator:public-processor Processed 1 successful txs and 0 failed txs (0 silently skipped, 0ms wasted) in 0.016311000000001512s {"blockNumber":4,"successfulCount":1,"failedCount":0,"duration":0.016311000000001512,"rate":69898534.73115654,"totalPublicGas":{"daGas":192,"l2Gas":1140115},"totalBlockGas":{"daGas":320,"l2Gas":1730915},"totalSizeInBytes":320,"silentlySkippedCount":0,"silentlySkippedDurationMs":0}
[21:16:20.937] INFO: txe:top_level_context Created block 5 with timestamp 1789416980
[21:16:21.094] INFO: simulator:public-processor Processed 1 successful txs and 0 failed txs (0 silently skipped, 0ms wasted) in 0.004934542000002693s {"blockNumber":6,"successfulCount":1,"failedCount":0,"duration":0.004934542000002693,"rate":0,"totalPublicGas":{"daGas":0,"l2Gas":0},"totalBlockGas":{"daGas":1984,"l2Gas":529900},"totalSizeInBytes":1984,"silentlySkippedCount":0,"silentlySkippedDurationMs":0}
[21:16:21.125] INFO: txe:top_level_context Created block 7 with timestamp 1789420581
[21:16:21.519] INFO: simulator:public-processor Processed 1 successful txs and 0 failed txs (0 silently skipped, 0ms wasted) in 0.029817541999997046s {"blockNumber":8,"successfulCount":1,"failedCount":0,"duration":0.029817541999997046,"rate":40156596.40892326,"totalPublicGas":{"daGas":2176,"l2Gas":1197371},"totalBlockGas":{"daGas":3552,"l2Gas":1924121},"totalSizeInBytes":3552,"silentlySkippedCount":0,"silentlySkippedDurationMs":0}
[21:16:21.552] INFO: txe:top_level_context Created block 9 with timestamp 1789424180
[21:16:21.970] INFO: simulator:public-processor Processed 1 successful txs and 0 failed txs (0 silently skipped, 0ms wasted) in 0.029449791999999433s {"blockNumber":10,"successfulCount":1,"failedCount":0,"duration":0.029449791999999433,"rate":40658046.073806666,"totalPublicGas":{"daGas":2176,"l2Gas":1197371},"totalBlockGas":{"daGas":3552,"l2Gas":1924121},"totalSizeInBytes":3552,"silentlySkippedCount":0,"silentlySkippedDurationMs":0}
[21:16:22.027] INFO: simulator:public-processor Processed 1 successful txs and 0 failed txs (0 silently skipped, 0ms wasted) in 0.026751958000000742s {"blockNumber":11,"successfulCount":1,"failedCount":0,"duration":0.026751958000000742,"rate":45001491.10580865,"totalPublicGas":{"daGas":2176,"l2Gas":1203878},"totalBlockGas":{"daGas":2176,"l2Gas":1203878},"totalSizeInBytes":2304,"silentlySkippedCount":0,"silentlySkippedDurationMs":0}
[21:16:22.087] INFO: simulator:public-processor Processed 1 successful txs and 0 failed txs (0 silently skipped, 0ms wasted) in 0.028211374999998953s {"blockNumber":12,"successfulCount":1,"failedCount":0,"duration":0.028211374999998953,"rate":42673496.063203044,"totalPublicGas":{"daGas":2176,"l2Gas":1203878},"totalBlockGas":{"daGas":2176,"l2Gas":1203878},"totalSizeInBytes":2304,"silentlySkippedCount":0,"silentlySkippedDurationMs":0}
[21:16:22.121] INFO: txe:top_level_context Created block 13 with timestamp 1789427781
[21:16:22.528] INFO: simulator:public-processor Processed 1 successful txs and 0 failed txs (0 silently skipped, 0ms wasted) in 0.02948291700000118s {"blockNumber":14,"successfulCount":1,"failedCount":0,"duration":0.02948291700000118,"rate":40612365.458952114,"totalPublicGas":{"daGas":2176,"l2Gas":1197371},"totalBlockGas":{"daGas":3552,"l2Gas":1924121},"totalSizeInBytes":3552,"silentlySkippedCount":0,"silentlySkippedDurationMs":0}
[billboard_test] Testing test_flag_penalty_two_flags ... [0m[32mok[0m
[21:16:24.654] INFO: kv-store:lmdb-v2 Starting data store with maxReaders 2
[21:16:24.655] INFO: world-state:database Creating world state data store at directory /var/folders/ym/q1vh2x5n58xbsmpmvs5_6w3r0000gn/T/aztec-world-state-450DBp/world_state with map sizes {"archiveTreeMapSizeKb":10485760,"nullifierTreeMapSizeKb":10485760,"noteHashTreeMapSizeKb":10485760,"messageTreeMapSizeKb":10485760,"publicDataTreeMapSizeKb":10485760} and 1 threads (ephemeral=true).
[21:16:24.664] INFO: txe_node Aztec Node version: txe
[21:16:24.664] INFO: txe_node Aztec Node started on chain 0x1
[21:16:24.677] INFO: txe:top_level_context Created block 1 with timestamp 1789416984
[21:16:24.716] INFO: txe:top_level_context Created block 2 with timestamp 1789416984
[21:16:24.806] INFO: simulator:public-processor Processed 1 successful txs and 0 failed txs (0 silently skipped, 0ms wasted) in 0.055566957999995795s {"blockNumber":3,"successfulCount":1,"failedCount":0,"duration":0.055566957999995795,"rate":58313197.56608316,"totalPublicGas":{"daGas":4000,"l2Gas":3240287},"totalBlockGas":{"daGas":4000,"l2Gas":3240287},"totalSizeInBytes":4128,"silentlySkippedCount":0,"silentlySkippedDurationMs":0}
[21:16:24.927] INFO: simulator:public-processor Processed 1 successful txs and 0 failed txs (0 silently skipped, 0ms wasted) in 0.014864833999999973s {"blockNumber":4,"successfulCount":1,"failedCount":0,"duration":0.014864833999999973,"rate":76698804.70915465,"totalPublicGas":{"daGas":192,"l2Gas":1140115},"totalBlockGas":{"daGas":320,"l2Gas":1730915},"totalSizeInBytes":320,"silentlySkippedCount":0,"silentlySkippedDurationMs":0}
[21:16:24.957] INFO: txe:top_level_context Created block 5 with timestamp 1789416984
[21:16:25.115] INFO: simulator:public-processor Processed 1 successful txs and 0 failed txs (0 silently skipped, 0ms wasted) in 0.0048573329999999255s {"blockNumber":6,"successfulCount":1,"failedCount":0,"duration":0.0048573329999999255,"rate":0,"totalPublicGas":{"daGas":0,"l2Gas":0},"totalBlockGas":{"daGas":1984,"l2Gas":529900},"totalSizeInBytes":1984,"silentlySkippedCount":0,"silentlySkippedDurationMs":0}
[21:16:25.146] INFO: txe:top_level_context Created block 7 with timestamp 1789420585
[21:16:25.543] INFO: simulator:public-processor Processed 1 successful txs and 0 failed txs (0 silently skipped, 0ms wasted) in 0.03031012500000361s {"blockNumber":8,"successfulCount":1,"failedCount":0,"duration":0.03031012500000361,"rate":39503994.12737022,"totalPublicGas":{"daGas":2176,"l2Gas":1197371},"totalBlockGas":{"daGas":3552,"l2Gas":1924121},"totalSizeInBytes":3552,"silentlySkippedCount":0,"silentlySkippedDurationMs":0}
[21:16:25.601] INFO: simulator:public-processor Processed 1 successful txs and 0 failed txs (0 silently skipped, 0ms wasted) in 0.026729833999997937s {"blockNumber":9,"successfulCount":1,"failedCount":0,"duration":0.026729833999997937,"rate":45038738.36253876,"totalPublicGas":{"daGas":2176,"l2Gas":1203878},"totalBlockGas":{"daGas":2176,"l2Gas":1203878},"totalSizeInBytes":2304,"silentlySkippedCount":0,"silentlySkippedDurationMs":0}
[21:16:25.634] INFO: txe:top_level_context Created block 10 with timestamp 1789520585
[21:16:26.052] INFO: simulator:public-processor Processed 1 successful txs and 0 failed txs (0 silently skipped, 0ms wasted) in 0.030314624999999068s {"blockNumber":11,"successfulCount":1,"failedCount":0,"duration":0.030314624999999068,"rate":39498130.02799925,"totalPublicGas":{"daGas":2176,"l2Gas":1197371},"totalBlockGas":{"daGas":3552,"l2Gas":1924121},"totalSizeInBytes":3552,"silentlySkippedCount":0,"silentlySkippedDurationMs":0}
[billboard_test] Testing test_flag_penalty_with_save_up ... [0m[32mok[0m
[21:16:28.166] INFO: kv-store:lmdb-v2 Starting data store with maxReaders 2
[21:16:28.167] INFO: world-state:database Creating world state data store at directory /var/folders/ym/q1vh2x5n58xbsmpmvs5_6w3r0000gn/T/aztec-world-state-yOBIa0/world_state with map sizes {"archiveTreeMapSizeKb":10485760,"nullifierTreeMapSizeKb":10485760,"noteHashTreeMapSizeKb":10485760,"messageTreeMapSizeKb":10485760,"publicDataTreeMapSizeKb":10485760} and 1 threads (ephemeral=true).
[21:16:28.176] INFO: txe_node Aztec Node version: txe
[21:16:28.176] INFO: txe_node Aztec Node started on chain 0x1
[21:16:28.189] INFO: txe:top_level_context Created block 1 with timestamp 1789416988
[21:16:28.228] INFO: txe:top_level_context Created block 2 with timestamp 1789416988
[21:16:28.312] INFO: simulator:public-processor Processed 1 successful txs and 0 failed txs (0 silently skipped, 0ms wasted) in 0.054956874999996214s {"blockNumber":3,"successfulCount":1,"failedCount":0,"duration":0.054956874999996214,"rate":58960539.513941124,"totalPublicGas":{"daGas":4000,"l2Gas":3240287},"totalBlockGas":{"daGas":4000,"l2Gas":3240287},"totalSizeInBytes":4128,"silentlySkippedCount":0,"silentlySkippedDurationMs":0}
[21:16:28.434] INFO: simulator:public-processor Processed 1 successful txs and 0 failed txs (0 silently skipped, 0ms wasted) in 0.014786584000001312s {"blockNumber":4,"successfulCount":1,"failedCount":0,"duration":0.014786584000001312,"rate":77104691.65832344,"totalPublicGas":{"daGas":192,"l2Gas":1140115},"totalBlockGas":{"daGas":320,"l2Gas":1730915},"totalSizeInBytes":320,"silentlySkippedCount":0,"silentlySkippedDurationMs":0}
[21:16:28.464] INFO: txe:top_level_context Created block 5 with timestamp 1789416988
[21:16:28.622] INFO: simulator:public-processor Processed 1 successful txs and 0 failed txs (0 silently skipped, 0ms wasted) in 0.004806750000003376s {"blockNumber":6,"successfulCount":1,"failedCount":0,"duration":0.004806750000003376,"rate":0,"totalPublicGas":{"daGas":0,"l2Gas":0},"totalBlockGas":{"daGas":1984,"l2Gas":529900},"totalSizeInBytes":1984,"silentlySkippedCount":0,"silentlySkippedDurationMs":0}
[21:16:28.655] INFO: txe:top_level_context Created block 7 with timestamp 1789420589
[billboard_test] Testing test_full_flow_declare_immoral_after_post ... [0m[32mok[0m
[21:16:29.057] INFO: simulator:public-processor Processed 1 successful txs and 0 failed txs (0 silently skipped, 0ms wasted) in 0.030225458000000798s {"blockNumber":8,"successfulCount":1,"failedCount":0,"duration":0.030225458000000798,"rate":39614651.99303079,"totalPublicGas":{"daGas":2176,"l2Gas":1197371},"totalBlockGas":{"daGas":3552,"l2Gas":1924121},"totalSizeInBytes":3552,"silentlySkippedCount":0,"silentlySkippedDurationMs":0}
[21:16:29.114] INFO: simulator:public-processor Processed 1 successful txs and 0 failed txs (0 silently skipped, 0ms wasted) in 0.027403707999998004s {"blockNumber":9,"successfulCount":1,"failedCount":0,"duration":0.027403707999998004,"rate":43931208.14161674,"totalPublicGas":{"daGas":2176,"l2Gas":1203878},"totalBlockGas":{"daGas":2176,"l2Gas":1203878},"totalSizeInBytes":2304,"silentlySkippedCount":0,"silentlySkippedDurationMs":0}
[21:16:29.149] INFO: simulator:public-processor Processed 1 successful txs and 0 failed txs (0 silently skipped, 0ms wasted) in 0.004694250000000465s {"blockNumber":10,"successfulCount":1,"failedCount":0,"duration":0.004694250000000465,"rate":2128135.4849015307,"totalPublicGas":{"daGas":0,"l2Gas":9990},"totalBlockGas":{"daGas":0,"l2Gas":9990},"totalSizeInBytes":128,"silentlySkippedCount":0,"silentlySkippedDurationMs":0}
[21:16:29.165] INFO: simulator:public-processor Processed 1 successful txs and 0 failed txs (0 silently skipped, 0ms wasted) in 0.004614625000001979s {"blockNumber":10,"successfulCount":1,"failedCount":0,"duration":0.004614625000001979,"rate":2153154.3733230196,"totalPublicGas":{"daGas":0,"l2Gas":9936},"totalBlockGas":{"daGas":0,"l2Gas":9936},"totalSizeInBytes":128,"silentlySkippedCount":0,"silentlySkippedDurationMs":0}
[21:16:29.182] INFO: simulator:public-processor Processed 1 successful txs and 0 failed txs (0 silently skipped, 0ms wasted) in 0.007209750000001804s {"blockNumber":10,"successfulCount":1,"failedCount":0,"duration":0.007209750000001804,"rate":17298658.067196336,"totalPublicGas":{"daGas":0,"l2Gas":124719},"totalBlockGas":{"daGas":0,"l2Gas":124719},"totalSizeInBytes":128,"silentlySkippedCount":0,"silentlySkippedDurationMs":0}
[21:16:30.920] INFO: kv-store:lmdb-v2 Starting data store with maxReaders 2
[21:16:30.921] INFO: world-state:database Creating world state data store at directory /var/folders/ym/q1vh2x5n58xbsmpmvs5_6w3r0000gn/T/aztec-world-state-2a3Fkw/world_state with map sizes {"archiveTreeMapSizeKb":10485760,"nullifierTreeMapSizeKb":10485760,"noteHashTreeMapSizeKb":10485760,"messageTreeMapSizeKb":10485760,"publicDataTreeMapSizeKb":10485760} and 1 threads (ephemeral=true).
[21:16:30.930] INFO: txe_node Aztec Node version: txe
[21:16:30.930] INFO: txe_node Aztec Node started on chain 0x1
[21:16:30.943] INFO: txe:top_level_context Created block 1 with timestamp 1789416990
[21:16:30.984] INFO: txe:top_level_context Created block 2 with timestamp 1789416990
[21:16:31.071] INFO: simulator:public-processor Processed 1 successful txs and 0 failed txs (0 silently skipped, 0ms wasted) in 0.05729658299999574s {"blockNumber":3,"successfulCount":1,"failedCount":0,"duration":0.05729658299999574,"rate":56552883.79064841,"totalPublicGas":{"daGas":4000,"l2Gas":3240287},"totalBlockGas":{"daGas":4000,"l2Gas":3240287},"totalSizeInBytes":4128,"silentlySkippedCount":0,"silentlySkippedDurationMs":0}
[21:16:31.197] INFO: simulator:public-processor Processed 1 successful txs and 0 failed txs (0 silently skipped, 0ms wasted) in 0.015216165999998338s {"blockNumber":4,"successfulCount":1,"failedCount":0,"duration":0.015216165999998338,"rate":74927876.04973057,"totalPublicGas":{"daGas":192,"l2Gas":1140115},"totalBlockGas":{"daGas":320,"l2Gas":1730915},"totalSizeInBytes":320,"silentlySkippedCount":0,"silentlySkippedDurationMs":0}
[21:16:31.228] INFO: txe:top_level_context Created block 5 with timestamp 1789416990
[billboard_test] Testing test_full_flow_deposit_below_minimum ... [0m[32mok[0m
[21:16:33.113] INFO: kv-store:lmdb-v2 Starting data store with maxReaders 2
[21:16:33.113] INFO: world-state:database Creating world state data store at directory /var/folders/ym/q1vh2x5n58xbsmpmvs5_6w3r0000gn/T/aztec-world-state-UNAlvI/world_state with map sizes {"archiveTreeMapSizeKb":10485760,"nullifierTreeMapSizeKb":10485760,"noteHashTreeMapSizeKb":10485760,"messageTreeMapSizeKb":10485760,"publicDataTreeMapSizeKb":10485760} and 1 threads (ephemeral=true).
[21:16:33.123] INFO: txe_node Aztec Node version: txe
[21:16:33.123] INFO: txe_node Aztec Node started on chain 0x1
[21:16:33.135] INFO: txe:top_level_context Created block 1 with timestamp 1789416993
[21:16:33.177] INFO: txe:top_level_context Created block 2 with timestamp 1789416993
[21:16:33.264] INFO: simulator:public-processor Processed 1 successful txs and 0 failed txs (0 silently skipped, 0ms wasted) in 0.05684037499999977s {"blockNumber":3,"successfulCount":1,"failedCount":0,"duration":0.05684037499999977,"rate":57006784.35003311,"totalPublicGas":{"daGas":4000,"l2Gas":3240287},"totalBlockGas":{"daGas":4000,"l2Gas":3240287},"totalSizeInBytes":4128,"silentlySkippedCount":0,"silentlySkippedDurationMs":0}
[21:16:33.389] INFO: simulator:public-processor Processed 1 successful txs and 0 failed txs (0 silently skipped, 0ms wasted) in 0.015197291999997106s {"blockNumber":4,"successfulCount":1,"failedCount":0,"duration":0.015197291999997106,"rate":75020931.36068039,"totalPublicGas":{"daGas":192,"l2Gas":1140115},"totalBlockGas":{"daGas":320,"l2Gas":1730915},"totalSizeInBytes":320,"silentlySkippedCount":0,"silentlySkippedDurationMs":0}
[21:16:33.421] INFO: txe:top_level_context Created block 5 with timestamp 1789416993
[21:16:33.587] INFO: simulator:public-processor Processed 1 successful txs and 0 failed txs (0 silently skipped, 0ms wasted) in 0.00496875s {"blockNumber":6,"successfulCount":1,"failedCount":0,"duration":0.00496875,"rate":0,"totalPublicGas":{"daGas":0,"l2Gas":0},"totalBlockGas":{"daGas":1984,"l2Gas":529900},"totalSizeInBytes":1984,"silentlySkippedCount":0,"silentlySkippedDurationMs":0}
[21:16:33.618] INFO: txe:top_level_context Created block 7 with timestamp 1789420594
[billboard_test] Testing test_full_flow_double_flag_fails ... [0m[32mok[0m
[21:16:34.030] INFO: simulator:public-processor Processed 1 successful txs and 0 failed txs (0 silently skipped, 0ms wasted) in 0.03164545899999212s {"blockNumber":8,"successfulCount":1,"failedCount":0,"duration":0.03164545899999212,"rate":37837055.8632219,"totalPublicGas":{"daGas":2176,"l2Gas":1197371},"totalBlockGas":{"daGas":3552,"l2Gas":1924121},"totalSizeInBytes":3552,"silentlySkippedCount":0,"silentlySkippedDurationMs":0}
[21:16:34.089] INFO: simulator:public-processor Processed 1 successful txs and 0 failed txs (0 silently skipped, 0ms wasted) in 0.028226625000010244s {"blockNumber":9,"successfulCount":1,"failedCount":0,"duration":0.028226625000010244,"rate":42650440.85148554,"totalPublicGas":{"daGas":2176,"l2Gas":1203878},"totalBlockGas":{"daGas":2176,"l2Gas":1203878},"totalSizeInBytes":2304,"silentlySkippedCount":0,"silentlySkippedDurationMs":0}
[21:16:34.127] INFO: simulator:public-processor Processed 1 successful txs and 0 failed txs (0 silently skipped, 0ms wasted) in 0.006154584000003524s {"blockNumber":10,"successfulCount":1,"failedCount":0,"duration":0.006154584000003524,"rate":5664558.319454254,"totalPublicGas":{"daGas":0,"l2Gas":34863},"totalBlockGas":{"daGas":0,"l2Gas":34863},"totalSizeInBytes":128,"silentlySkippedCount":0,"silentlySkippedDurationMs":0}
[21:16:34.129] WARN: txe:top_level_context Could not find function artifact in contract Billboard for function '0x6675867b' when enriching error callstack
[21:16:35.945] INFO: kv-store:lmdb-v2 Starting data store with maxReaders 2
[21:16:35.946] INFO: world-state:database Creating world state data store at directory /var/folders/ym/q1vh2x5n58xbsmpmvs5_6w3r0000gn/T/aztec-world-state-ubj0wV/world_state with map sizes {"archiveTreeMapSizeKb":10485760,"nullifierTreeMapSizeKb":10485760,"noteHashTreeMapSizeKb":10485760,"messageTreeMapSizeKb":10485760,"publicDataTreeMapSizeKb":10485760} and 1 threads (ephemeral=true).
[21:16:35.955] INFO: txe_node Aztec Node version: txe
[21:16:35.955] INFO: txe_node Aztec Node started on chain 0x1
[21:16:35.968] INFO: txe:top_level_context Created block 1 with timestamp 1789416995
[21:16:36.008] INFO: txe:top_level_context Created block 2 with timestamp 1789416995
[21:16:36.095] INFO: simulator:public-processor Processed 1 successful txs and 0 failed txs (0 silently skipped, 0ms wasted) in 0.056690207999999985s {"blockNumber":3,"successfulCount":1,"failedCount":0,"duration":0.056690207999999985,"rate":57157789.930846624,"totalPublicGas":{"daGas":4000,"l2Gas":3240287},"totalBlockGas":{"daGas":4000,"l2Gas":3240287},"totalSizeInBytes":4128,"silentlySkippedCount":0,"silentlySkippedDurationMs":0}
[21:16:36.220] INFO: simulator:public-processor Processed 1 successful txs and 0 failed txs (0 silently skipped, 0ms wasted) in 0.015128540999998222s {"blockNumber":4,"successfulCount":1,"failedCount":0,"duration":0.015128540999998222,"rate":75361860.7372736,"totalPublicGas":{"daGas":192,"l2Gas":1140115},"totalBlockGas":{"daGas":320,"l2Gas":1730915},"totalSizeInBytes":320,"silentlySkippedCount":0,"silentlySkippedDurationMs":0}
[21:16:36.251] INFO: txe:top_level_context Created block 5 with timestamp 1789416995
[21:16:36.420] INFO: simulator:public-processor Processed 1 successful txs and 0 failed txs (0 silently skipped, 0ms wasted) in 0.00492308399999456s {"blockNumber":6,"successfulCount":1,"failedCount":0,"duration":0.00492308399999456,"rate":0,"totalPublicGas":{"daGas":0,"l2Gas":0},"totalBlockGas":{"daGas":1984,"l2Gas":529900},"totalSizeInBytes":1984,"silentlySkippedCount":0,"silentlySkippedDurationMs":0}
[21:16:36.461] INFO: txe:top_level_context Created block 7 with timestamp 1789420596
[billboard_test] Testing test_full_flow_first_post ... [0m[32mok[0m
[21:16:36.873] INFO: simulator:public-processor Processed 1 successful txs and 0 failed txs (0 silently skipped, 0ms wasted) in 0.03022866600000998s {"blockNumber":8,"successfulCount":1,"failedCount":0,"duration":0.03022866600000998,"rate":39610447.9105894,"totalPublicGas":{"daGas":2176,"l2Gas":1197371},"totalBlockGas":{"daGas":3552,"l2Gas":1924121},"totalSizeInBytes":3552,"silentlySkippedCount":0,"silentlySkippedDurationMs":0}
[21:16:36.911] INFO: simulator:public-processor Processed 1 successful txs and 0 failed txs (0 silently skipped, 0ms wasted) in 0.005117249999995693s {"blockNumber":9,"successfulCount":1,"failedCount":0,"duration":0.005117249999995693,"rate":1614539.0590662863,"totalPublicGas":{"daGas":0,"l2Gas":8262},"totalBlockGas":{"daGas":0,"l2Gas":8262},"totalSizeInBytes":128,"silentlySkippedCount":0,"silentlySkippedDurationMs":0}
[21:16:36.928] INFO: simulator:public-processor Processed 1 successful txs and 0 failed txs (0 silently skipped, 0ms wasted) in 0.00734541700000409s {"blockNumber":9,"successfulCount":1,"failedCount":0,"duration":0.00734541700000409,"rate":17138849.979508296,"totalPublicGas":{"daGas":0,"l2Gas":125892},"totalBlockGas":{"daGas":0,"l2Gas":125892},"totalSizeInBytes":128,"silentlySkippedCount":0,"silentlySkippedDurationMs":0}
[21:16:36.944] INFO: simulator:public-processor Processed 1 successful txs and 0 failed txs (0 silently skipped, 0ms wasted) in 0.0049530830000003336s {"blockNumber":9,"successfulCount":1,"failedCount":0,"duration":0.0049530830000003336,"rate":1987852.8181335416,"totalPublicGas":{"daGas":0,"l2Gas":9846},"totalBlockGas":{"daGas":0,"l2Gas":9846},"totalSizeInBytes":128,"silentlySkippedCount":0,"silentlySkippedDurationMs":0}
[21:16:38.758] INFO: kv-store:lmdb-v2 Starting data store with maxReaders 2
[21:16:38.759] INFO: world-state:database Creating world state data store at directory /var/folders/ym/q1vh2x5n58xbsmpmvs5_6w3r0000gn/T/aztec-world-state-3qwQQC/world_state with map sizes {"archiveTreeMapSizeKb":10485760,"nullifierTreeMapSizeKb":10485760,"noteHashTreeMapSizeKb":10485760,"messageTreeMapSizeKb":10485760,"publicDataTreeMapSizeKb":10485760} and 1 threads (ephemeral=true).
[21:16:38.768] INFO: txe_node Aztec Node version: txe
[21:16:38.768] INFO: txe_node Aztec Node started on chain 0x1
[21:16:38.780] INFO: txe:top_level_context Created block 1 with timestamp 1789416998
[21:16:38.820] INFO: txe:top_level_context Created block 2 with timestamp 1789416998
[21:16:38.906] INFO: simulator:public-processor Processed 1 successful txs and 0 failed txs (0 silently skipped, 0ms wasted) in 0.05489933299999393s {"blockNumber":3,"successfulCount":1,"failedCount":0,"duration":0.05489933299999393,"rate":59022338.21311378,"totalPublicGas":{"daGas":4000,"l2Gas":3240287},"totalBlockGas":{"daGas":4000,"l2Gas":3240287},"totalSizeInBytes":4128,"silentlySkippedCount":0,"silentlySkippedDurationMs":0}
[21:16:39.027] INFO: simulator:public-processor Processed 1 successful txs and 0 failed txs (0 silently skipped, 0ms wasted) in 0.01490479200000118s {"blockNumber":4,"successfulCount":1,"failedCount":0,"duration":0.01490479200000118,"rate":76493184.20544948,"totalPublicGas":{"daGas":192,"l2Gas":1140115},"totalBlockGas":{"daGas":320,"l2Gas":1730915},"totalSizeInBytes":320,"silentlySkippedCount":0,"silentlySkippedDurationMs":0}
[21:16:39.058] INFO: txe:top_level_context Created block 5 with timestamp 1789416998
[21:16:39.228] INFO: simulator:public-processor Processed 1 successful txs and 0 failed txs (0 silently skipped, 0ms wasted) in 0.005050875000000815s {"blockNumber":6,"successfulCount":1,"failedCount":0,"duration":0.005050875000000815,"rate":0,"totalPublicGas":{"daGas":0,"l2Gas":0},"totalBlockGas":{"daGas":1984,"l2Gas":529900},"totalSizeInBytes":1984,"silentlySkippedCount":0,"silentlySkippedDurationMs":0}
[21:16:39.260] INFO: txe:top_level_context Created block 7 with timestamp 1789420599
[21:16:39.658] INFO: simulator:public-processor Processed 1 successful txs and 0 failed txs (0 silently skipped, 0ms wasted) in 0.030407292000003507s {"blockNumber":8,"successfulCount":1,"failedCount":0,"duration":0.030407292000003507,"rate":39377758.4666159,"totalPublicGas":{"daGas":2176,"l2Gas":1197371},"totalBlockGas":{"daGas":3552,"l2Gas":1924121},"totalSizeInBytes":3552,"silentlySkippedCount":0,"silentlySkippedDurationMs":0}
[21:16:39.716] INFO: simulator:public-processor Processed 1 successful txs and 0 failed txs (0 silently skipped, 0ms wasted) in 0.02793087499999092s {"blockNumber":9,"successfulCount":1,"failedCount":0,"duration":0.02793087499999092,"rate":43102051.045675844,"totalPublicGas":{"daGas":2176,"l2Gas":1203878},"totalBlockGas":{"daGas":2176,"l2Gas":1203878},"totalSizeInBytes":2304,"silentlySkippedCount":0,"silentlySkippedDurationMs":0}
[21:16:39.750] INFO: txe:top_level_context Created block 10 with timestamp 1789424199
[21:16:40.181] INFO: simulator:public-processor Processed 1 successful txs and 0 failed txs (0 silently skipped, 0ms wasted) in 0.03090166699999827s {"blockNumber":11,"successfulCount":1,"failedCount":0,"duration":0.03090166699999827,"rate":38747780.176392004,"totalPublicGas":{"daGas":2176,"l2Gas":1197371},"totalBlockGas":{"daGas":3552,"l2Gas":1924121},"totalSizeInBytes":3552,"silentlySkippedCount":0,"silentlySkippedDurationMs":0}
[21:16:40.216] INFO: txe:top_level_context Created block 12 with timestamp 1789438597
[billboard_test] Testing test_full_flow_flag_penalty_post3_too_early ... [0m[32mok[0m
[21:16:42.311] INFO: kv-store:lmdb-v2 Starting data store with maxReaders 2
[21:16:42.312] INFO: world-state:database Creating world state data store at directory /var/folders/ym/q1vh2x5n58xbsmpmvs5_6w3r0000gn/T/aztec-world-state-hVtX8O/world_state with map sizes {"archiveTreeMapSizeKb":10485760,"nullifierTreeMapSizeKb":10485760,"noteHashTreeMapSizeKb":10485760,"messageTreeMapSizeKb":10485760,"publicDataTreeMapSizeKb":10485760} and 1 threads (ephemeral=true).
[21:16:42.321] INFO: txe_node Aztec Node version: txe
[21:16:42.321] INFO: txe_node Aztec Node started on chain 0x1
[21:16:42.334] INFO: txe:top_level_context Created block 1 with timestamp 1789417002
[21:16:42.382] INFO: txe:top_level_context Created block 2 with timestamp 1789417002
[21:16:42.467] INFO: simulator:public-processor Processed 1 successful txs and 0 failed txs (0 silently skipped, 0ms wasted) in 0.0553247080000001s {"blockNumber":3,"successfulCount":1,"failedCount":0,"duration":0.0553247080000001,"rate":58568533.249194816,"totalPublicGas":{"daGas":4000,"l2Gas":3240287},"totalBlockGas":{"daGas":4000,"l2Gas":3240287},"totalSizeInBytes":4128,"silentlySkippedCount":0,"silentlySkippedDurationMs":0}
[21:16:42.592] INFO: simulator:public-processor Processed 1 successful txs and 0 failed txs (0 silently skipped, 0ms wasted) in 0.01459366699999373s {"blockNumber":4,"successfulCount":1,"failedCount":0,"duration":0.01459366699999373,"rate":78123956.09688023,"totalPublicGas":{"daGas":192,"l2Gas":1140115},"totalBlockGas":{"daGas":320,"l2Gas":1730915},"totalSizeInBytes":320,"silentlySkippedCount":0,"silentlySkippedDurationMs":0}
[21:16:42.622] INFO: txe:top_level_context Created block 5 with timestamp 1789417002
[21:16:42.783] INFO: simulator:public-processor Processed 1 successful txs and 0 failed txs (0 silently skipped, 0ms wasted) in 0.004905333999995491s {"blockNumber":6,"successfulCount":1,"failedCount":0,"duration":0.004905333999995491,"rate":0,"totalPublicGas":{"daGas":0,"l2Gas":0},"totalBlockGas":{"daGas":1984,"l2Gas":529900},"totalSizeInBytes":1984,"silentlySkippedCount":0,"silentlySkippedDurationMs":0}
[billboard_test] Testing test_full_flow_get_deposit_info ... [0m[32mok[0m
[21:16:44.901] INFO: kv-store:lmdb-v2 Starting data store with maxReaders 2
[21:16:44.902] INFO: world-state:database Creating world state data store at directory /var/folders/ym/q1vh2x5n58xbsmpmvs5_6w3r0000gn/T/aztec-world-state-QpZlnv/world_state with map sizes {"archiveTreeMapSizeKb":10485760,"nullifierTreeMapSizeKb":10485760,"noteHashTreeMapSizeKb":10485760,"messageTreeMapSizeKb":10485760,"publicDataTreeMapSizeKb":10485760} and 1 threads (ephemeral=true).
[21:16:44.911] INFO: txe_node Aztec Node version: txe
[21:16:44.911] INFO: txe_node Aztec Node started on chain 0x1
[21:16:44.925] INFO: txe:top_level_context Created block 1 with timestamp 1789417004
[21:16:44.966] INFO: txe:top_level_context Created block 2 with timestamp 1789417004
[21:16:45.050] INFO: simulator:public-processor Processed 1 successful txs and 0 failed txs (0 silently skipped, 0ms wasted) in 0.055045540999999504s {"blockNumber":3,"successfulCount":1,"failedCount":0,"duration":0.055045540999999504,"rate":58865567.33087661,"totalPublicGas":{"daGas":4000,"l2Gas":3240287},"totalBlockGas":{"daGas":4000,"l2Gas":3240287},"totalSizeInBytes":4128,"silentlySkippedCount":0,"silentlySkippedDurationMs":0}
[21:16:45.308] INFO: simulator:public-processor Processed 1 successful txs and 0 failed txs (0 silently skipped, 0ms wasted) in 0.03220075000000361s {"blockNumber":4,"successfulCount":1,"failedCount":0,"duration":0.03220075000000361,"rate":35406473.45170135,"totalPublicGas":{"daGas":192,"l2Gas":1140115},"totalBlockGas":{"daGas":320,"l2Gas":1730915},"totalSizeInBytes":320,"silentlySkippedCount":0,"silentlySkippedDurationMs":0}
[21:16:45.341] INFO: txe:top_level_context Created block 5 with timestamp 1789417004
[21:16:45.524] INFO: simulator:public-processor Processed 1 successful txs and 0 failed txs (0 silently skipped, 0ms wasted) in 0.004679042000003392s {"blockNumber":6,"successfulCount":1,"failedCount":0,"duration":0.004679042000003392,"rate":0,"totalPublicGas":{"daGas":0,"l2Gas":0},"totalBlockGas":{"daGas":1984,"l2Gas":529900},"totalSizeInBytes":1984,"silentlySkippedCount":0,"silentlySkippedDurationMs":0}
[21:16:45.555] INFO: txe:top_level_context Created block 7 with timestamp 1789420605
[21:16:45.962] INFO: simulator:public-processor Processed 1 successful txs and 0 failed txs (0 silently skipped, 0ms wasted) in 0.03087295799999265s {"blockNumber":8,"successfulCount":1,"failedCount":0,"duration":0.03087295799999265,"rate":38783812.0338286,"totalPublicGas":{"daGas":2176,"l2Gas":1197371},"totalBlockGas":{"daGas":3552,"l2Gas":1924121},"totalSizeInBytes":3552,"silentlySkippedCount":0,"silentlySkippedDurationMs":0}
[21:16:45.998] INFO: simulator:public-processor Processed 1 successful txs and 0 failed txs (0 silently skipped, 0ms wasted) in 0.004877416999996058s {"blockNumber":9,"successfulCount":1,"failedCount":0,"duration":0.004877416999996058,"rate":1693929.3892662197,"totalPublicGas":{"daGas":0,"l2Gas":8262},"totalBlockGas":{"daGas":0,"l2Gas":8262},"totalSizeInBytes":128,"silentlySkippedCount":0,"silentlySkippedDurationMs":0}
[21:16:46.011] INFO: txe:top_level_context Created block 9 with timestamp 1789424206
[21:16:46.438] INFO: simulator:public-processor Processed 1 successful txs and 0 failed txs (0 silently skipped, 0ms wasted) in 0.030628916999994545s {"blockNumber":10,"successfulCount":1,"failedCount":0,"duration":0.030628916999994545,"rate":39092828.518886685,"totalPublicGas":{"daGas":2176,"l2Gas":1197371},"totalBlockGas":{"daGas":3552,"l2Gas":1924121},"totalSizeInBytes":3552,"silentlySkippedCount":0,"silentlySkippedDurationMs":0}
[21:16:46.474] INFO: simulator:public-processor Processed 1 successful txs and 0 failed txs (0 silently skipped, 0ms wasted) in 0.004944916999986162s {"blockNumber":11,"successfulCount":1,"failedCount":0,"duration":0.004944916999986162,"rate":1670806.608083234,"totalPublicGas":{"daGas":0,"l2Gas":8262},"totalBlockGas":{"daGas":0,"l2Gas":8262},"totalSizeInBytes":128,"silentlySkippedCount":0,"silentlySkippedDurationMs":0}
[21:16:46.488] INFO: txe:top_level_context Created block 11 with timestamp 1789427807
[21:16:46.904] INFO: simulator:public-processor Processed 1 successful txs and 0 failed txs (0 silently skipped, 0ms wasted) in 0.029282500000001165s {"blockNumber":12,"successfulCount":1,"failedCount":0,"duration":0.029282500000001165,"rate":40890326.98710671,"totalPublicGas":{"daGas":2176,"l2Gas":1197371},"totalBlockGas":{"daGas":3552,"l2Gas":1924121},"totalSizeInBytes":3552,"silentlySkippedCount":0,"silentlySkippedDurationMs":0}
[21:16:46.939] INFO: simulator:public-processor Processed 1 successful txs and 0 failed txs (0 silently skipped, 0ms wasted) in 0.004587707999991835s {"blockNumber":13,"successfulCount":1,"failedCount":0,"duration":0.004587707999991835,"rate":1800899.272581146,"totalPublicGas":{"daGas":0,"l2Gas":8262},"totalBlockGas":{"daGas":0,"l2Gas":8262},"totalSizeInBytes":128,"silentlySkippedCount":0,"silentlySkippedDurationMs":0}
[21:16:46.956] INFO: simulator:public-processor Processed 1 successful txs and 0 failed txs (0 silently skipped, 0ms wasted) in 0.006671708000008948s {"blockNumber":13,"successfulCount":1,"failedCount":0,"duration":0.006671708000008948,"rate":18869530.860737782,"totalPublicGas":{"daGas":0,"l2Gas":125892},"totalBlockGas":{"daGas":0,"l2Gas":125892},"totalSizeInBytes":128,"silentlySkippedCount":0,"silentlySkippedDurationMs":0}
[21:16:46.974] INFO: simulator:public-processor Processed 1 successful txs and 0 failed txs (0 silently skipped, 0ms wasted) in 0.007225582999992184s {"blockNumber":13,"successfulCount":1,"failedCount":0,"duration":0.007225582999992184,"rate":17423092.365022473,"totalPublicGas":{"daGas":0,"l2Gas":125892},"totalBlockGas":{"daGas":0,"l2Gas":125892},"totalSizeInBytes":128,"silentlySkippedCount":0,"silentlySkippedDurationMs":0}
[21:16:46.993] INFO: simulator:public-processor Processed 1 successful txs and 0 failed txs (0 silently skipped, 0ms wasted) in 0.0070384580000099955s {"blockNumber":13,"successfulCount":1,"failedCount":0,"duration":0.0070384580000099955,"rate":17886304.073963534,"totalPublicGas":{"daGas":0,"l2Gas":125892},"totalBlockGas":{"daGas":0,"l2Gas":125892},"totalSizeInBytes":128,"silentlySkippedCount":0,"silentlySkippedDurationMs":0}
[billboard_test] Testing test_full_flow_multiple_posts ... [0m[32mok[0m
[21:16:48.807] INFO: kv-store:lmdb-v2 Starting data store with maxReaders 2
[21:16:48.809] INFO: world-state:database Creating world state data store at directory /var/folders/ym/q1vh2x5n58xbsmpmvs5_6w3r0000gn/T/aztec-world-state-PXA1oV/world_state with map sizes {"archiveTreeMapSizeKb":10485760,"nullifierTreeMapSizeKb":10485760,"noteHashTreeMapSizeKb":10485760,"messageTreeMapSizeKb":10485760,"publicDataTreeMapSizeKb":10485760} and 1 threads (ephemeral=true).
[21:16:48.818] INFO: txe_node Aztec Node version: txe
[21:16:48.818] INFO: txe_node Aztec Node started on chain 0x1
[21:16:48.830] INFO: txe:top_level_context Created block 1 with timestamp 1789417008
[21:16:48.869] INFO: txe:top_level_context Created block 2 with timestamp 1789417008
[21:16:48.953] INFO: simulator:public-processor Processed 1 successful txs and 0 failed txs (0 silently skipped, 0ms wasted) in 0.055365791999996875s {"blockNumber":3,"successfulCount":1,"failedCount":0,"duration":0.055365791999996875,"rate":58525072.6658111,"totalPublicGas":{"daGas":4000,"l2Gas":3240287},"totalBlockGas":{"daGas":4000,"l2Gas":3240287},"totalSizeInBytes":4128,"silentlySkippedCount":0,"silentlySkippedDurationMs":0}
[21:16:49.075] INFO: simulator:public-processor Processed 1 successful txs and 0 failed txs (0 silently skipped, 0ms wasted) in 0.014605582999996841s {"blockNumber":4,"successfulCount":1,"failedCount":0,"duration":0.014605582999996841,"rate":78060218.47948463,"totalPublicGas":{"daGas":192,"l2Gas":1140115},"totalBlockGas":{"daGas":320,"l2Gas":1730915},"totalSizeInBytes":320,"silentlySkippedCount":0,"silentlySkippedDurationMs":0}
[21:16:49.105] INFO: txe:top_level_context Created block 5 with timestamp 1789417008
[21:16:49.266] INFO: simulator:public-processor Processed 1 successful txs and 0 failed txs (0 silently skipped, 0ms wasted) in 0.004760249999992084s {"blockNumber":6,"successfulCount":1,"failedCount":0,"duration":0.004760249999992084,"rate":0,"totalPublicGas":{"daGas":0,"l2Gas":0},"totalBlockGas":{"daGas":1984,"l2Gas":529900},"totalSizeInBytes":1984,"silentlySkippedCount":0,"silentlySkippedDurationMs":0}
[21:16:49.298] INFO: txe:top_level_context Created block 7 with timestamp 1789417108
[billboard_test] Testing test_full_flow_post_too_early ... [0m[32mok[0m
[21:16:51.663] INFO: kv-store:lmdb-v2 Starting data store with maxReaders 2
[21:16:51.667] INFO: world-state:database Creating world state data store at directory /var/folders/ym/q1vh2x5n58xbsmpmvs5_6w3r0000gn/T/aztec-world-state-p7irGQ/world_state with map sizes {"archiveTreeMapSizeKb":10485760,"nullifierTreeMapSizeKb":10485760,"noteHashTreeMapSizeKb":10485760,"messageTreeMapSizeKb":10485760,"publicDataTreeMapSizeKb":10485760} and 1 threads (ephemeral=true).
[21:16:51.679] INFO: txe_node Aztec Node version: txe
[21:16:51.679] INFO: txe_node Aztec Node started on chain 0x1
[21:16:51.697] INFO: txe:top_level_context Created block 1 with timestamp 1789417011
[21:16:51.749] INFO: txe:top_level_context Created block 2 with timestamp 1789417011
[21:16:51.886] INFO: simulator:public-processor Processed 1 successful txs and 0 failed txs (0 silently skipped, 0ms wasted) in 0.07594466599999578s {"blockNumber":3,"successfulCount":1,"failedCount":0,"duration":0.07594466599999578,"rate":42666419.78516543,"totalPublicGas":{"daGas":4000,"l2Gas":3240287},"totalBlockGas":{"daGas":4000,"l2Gas":3240287},"totalSizeInBytes":4128,"silentlySkippedCount":0,"silentlySkippedDurationMs":0}
[21:16:52.080] INFO: simulator:public-processor Processed 1 successful txs and 0 failed txs (0 silently skipped, 0ms wasted) in 0.01778295900000376s {"blockNumber":4,"successfulCount":1,"failedCount":0,"duration":0.01778295900000376,"rate":64112783.479946114,"totalPublicGas":{"daGas":192,"l2Gas":1140115},"totalBlockGas":{"daGas":320,"l2Gas":1730915},"totalSizeInBytes":320,"silentlySkippedCount":0,"silentlySkippedDurationMs":0}
[21:16:52.112] INFO: txe:top_level_context Created block 5 with timestamp 1789417011
[21:16:52.300] INFO: simulator:public-processor Processed 1 successful txs and 0 failed txs (0 silently skipped, 0ms wasted) in 0.00590487500000745s {"blockNumber":6,"successfulCount":1,"failedCount":0,"duration":0.00590487500000745,"rate":0,"totalPublicGas":{"daGas":0,"l2Gas":0},"totalBlockGas":{"daGas":1984,"l2Gas":529900},"totalSizeInBytes":1984,"silentlySkippedCount":0,"silentlySkippedDurationMs":0}
[21:16:52.335] INFO: txe:top_level_context Created block 7 with timestamp 1789420612
[21:16:52.780] INFO: simulator:public-processor Processed 1 successful txs and 0 failed txs (0 silently skipped, 0ms wasted) in 0.030496708000006038s {"blockNumber":8,"successfulCount":1,"failedCount":0,"duration":0.030496708000006038,"rate":39262303.32794487,"totalPublicGas":{"daGas":2176,"l2Gas":1197371},"totalBlockGas":{"daGas":3552,"l2Gas":1924121},"totalSizeInBytes":3552,"silentlySkippedCount":0,"silentlySkippedDurationMs":0}
[21:16:52.814] INFO: txe:top_level_context Created block 9 with timestamp 1789424213
[billboard_test] Testing test_full_flow_second_post_screens_first ... [0m[32mok[0m
[21:16:53.251] INFO: simulator:public-processor Processed 1 successful txs and 0 failed txs (0 silently skipped, 0ms wasted) in 0.03011470800000825s {"blockNumber":10,"successfulCount":1,"failedCount":0,"duration":0.03011470800000825,"rate":39760339.03432409,"totalPublicGas":{"daGas":2176,"l2Gas":1197371},"totalBlockGas":{"daGas":3552,"l2Gas":1924121},"totalSizeInBytes":3552,"silentlySkippedCount":0,"silentlySkippedDurationMs":0}
[21:16:53.288] INFO: simulator:public-processor Processed 1 successful txs and 0 failed txs (0 silently skipped, 0ms wasted) in 0.004822625000000699s {"blockNumber":11,"successfulCount":1,"failedCount":0,"duration":0.004822625000000699,"rate":1713174.8788261171,"totalPublicGas":{"daGas":0,"l2Gas":8262},"totalBlockGas":{"daGas":0,"l2Gas":8262},"totalSizeInBytes":128,"silentlySkippedCount":0,"silentlySkippedDurationMs":0}
[21:16:53.306] INFO: simulator:public-processor Processed 1 successful txs and 0 failed txs (0 silently skipped, 0ms wasted) in 0.007471832999988692s {"blockNumber":11,"successfulCount":1,"failedCount":0,"duration":0.007471832999988692,"rate":16848877.644908622,"totalPublicGas":{"daGas":0,"l2Gas":125892},"totalBlockGas":{"daGas":0,"l2Gas":125892},"totalSizeInBytes":128,"silentlySkippedCount":0,"silentlySkippedDurationMs":0}
[21:16:55.191] INFO: kv-store:lmdb-v2 Starting data store with maxReaders 2
[21:16:55.192] INFO: world-state:database Creating world state data store at directory /var/folders/ym/q1vh2x5n58xbsmpmvs5_6w3r0000gn/T/aztec-world-state-Rg76qq/world_state with map sizes {"archiveTreeMapSizeKb":10485760,"nullifierTreeMapSizeKb":10485760,"noteHashTreeMapSizeKb":10485760,"messageTreeMapSizeKb":10485760,"publicDataTreeMapSizeKb":10485760} and 1 threads (ephemeral=true).
[21:16:55.201] INFO: txe_node Aztec Node version: txe
[21:16:55.201] INFO: txe_node Aztec Node started on chain 0x1
[21:16:55.214] INFO: txe:top_level_context Created block 1 with timestamp 1789417015
[21:16:55.253] INFO: txe:top_level_context Created block 2 with timestamp 1789417015
[21:16:55.340] INFO: simulator:public-processor Processed 1 successful txs and 0 failed txs (0 silently skipped, 0ms wasted) in 0.05628775000000314s {"blockNumber":3,"successfulCount":1,"failedCount":0,"duration":0.05628775000000314,"rate":57566468.725429945,"totalPublicGas":{"daGas":4000,"l2Gas":3240287},"totalBlockGas":{"daGas":4000,"l2Gas":3240287},"totalSizeInBytes":4128,"silentlySkippedCount":0,"silentlySkippedDurationMs":0}
[21:16:55.464] INFO: simulator:public-processor Processed 1 successful txs and 0 failed txs (0 silently skipped, 0ms wasted) in 0.015653707999998004s {"blockNumber":4,"successfulCount":1,"failedCount":0,"duration":0.015653707999998004,"rate":72833542.05918147,"totalPublicGas":{"daGas":192,"l2Gas":1140115},"totalBlockGas":{"daGas":320,"l2Gas":1730915},"totalSizeInBytes":320,"silentlySkippedCount":0,"silentlySkippedDurationMs":0}
[21:16:55.496] INFO: txe:top_level_context Created block 5 with timestamp 1789417015
[21:16:55.657] INFO: simulator:public-processor Processed 1 successful txs and 0 failed txs (0 silently skipped, 0ms wasted) in 0.004768207999994047s {"blockNumber":6,"successfulCount":1,"failedCount":0,"duration":0.004768207999994047,"rate":0,"totalPublicGas":{"daGas":0,"l2Gas":0},"totalBlockGas":{"daGas":1984,"l2Gas":529900},"totalSizeInBytes":1984,"silentlySkippedCount":0,"silentlySkippedDurationMs":0}
[21:16:55.688] INFO: txe:top_level_context Created block 7 with timestamp 1789420616
[21:16:56.103] INFO: simulator:public-processor Processed 1 successful txs and 0 failed txs (0 silently skipped, 0ms wasted) in 0.03141166700000758s {"blockNumber":8,"successfulCount":1,"failedCount":0,"duration":0.03141166700000758,"rate":38118671.0020742,"totalPublicGas":{"daGas":2176,"l2Gas":1197371},"totalBlockGas":{"daGas":3552,"l2Gas":1924121},"totalSizeInBytes":3552,"silentlySkippedCount":0,"silentlySkippedDurationMs":0}
[21:16:56.162] INFO: simulator:public-processor Processed 1 successful txs and 0 failed txs (0 silently skipped, 0ms wasted) in 0.027989000000001398s {"blockNumber":9,"successfulCount":1,"failedCount":0,"duration":0.027989000000001398,"rate":43012540.64096394,"totalPublicGas":{"daGas":2176,"l2Gas":1203878},"totalBlockGas":{"daGas":2176,"l2Gas":1203878},"totalSizeInBytes":2304,"silentlySkippedCount":0,"silentlySkippedDurationMs":0}
[21:16:56.197] INFO: txe:top_level_context Created block 10 with timestamp 1789424216
[billboard_test] Testing test_full_flow_second_post_with_flag ... [0m[32mok[0m
[21:16:56.621] INFO: simulator:public-processor Processed 1 successful txs and 0 failed txs (0 silently skipped, 0ms wasted) in 0.03127633300000161s {"blockNumber":11,"successfulCount":1,"failedCount":0,"duration":0.03127633300000161,"rate":38283612.084573284,"totalPublicGas":{"daGas":2176,"l2Gas":1197371},"totalBlockGas":{"daGas":3552,"l2Gas":1924121},"totalSizeInBytes":3552,"silentlySkippedCount":0,"silentlySkippedDurationMs":0}
[21:16:56.658] INFO: simulator:public-processor Processed 1 successful txs and 0 failed txs (0 silently skipped, 0ms wasted) in 0.005188207999992301s {"blockNumber":12,"successfulCount":1,"failedCount":0,"duration":0.005188207999992301,"rate":1592457.3571476433,"totalPublicGas":{"daGas":0,"l2Gas":8262},"totalBlockGas":{"daGas":0,"l2Gas":8262},"totalSizeInBytes":128,"silentlySkippedCount":0,"silentlySkippedDurationMs":0}
[21:16:58.486] INFO: kv-store:lmdb-v2 Starting data store with maxReaders 2
[21:16:58.487] INFO: world-state:database Creating world state data store at directory /var/folders/ym/q1vh2x5n58xbsmpmvs5_6w3r0000gn/T/aztec-world-state-w0ttBL/world_state with map sizes {"archiveTreeMapSizeKb":10485760,"nullifierTreeMapSizeKb":10485760,"noteHashTreeMapSizeKb":10485760,"messageTreeMapSizeKb":10485760,"publicDataTreeMapSizeKb":10485760} and 1 threads (ephemeral=true).
[21:16:58.496] INFO: txe_node Aztec Node version: txe
[21:16:58.496] INFO: txe_node Aztec Node started on chain 0x1
[21:16:58.508] INFO: txe:top_level_context Created block 1 with timestamp 1789417018
[21:16:58.549] INFO: txe:top_level_context Created block 2 with timestamp 1789417018
[21:16:58.634] INFO: simulator:public-processor Processed 1 successful txs and 0 failed txs (0 silently skipped, 0ms wasted) in 0.055669666000001596s {"blockNumber":3,"successfulCount":1,"failedCount":0,"duration":0.055669666000001596,"rate":58205612.37065635,"totalPublicGas":{"daGas":4000,"l2Gas":3240287},"totalBlockGas":{"daGas":4000,"l2Gas":3240287},"totalSizeInBytes":4128,"silentlySkippedCount":0,"silentlySkippedDurationMs":0}
[21:16:58.765] INFO: simulator:public-processor Processed 1 successful txs and 0 failed txs (0 silently skipped, 0ms wasted) in 0.015308042000004208s {"blockNumber":4,"successfulCount":1,"failedCount":0,"duration":0.015308042000004208,"rate":74478172.97598782,"totalPublicGas":{"daGas":192,"l2Gas":1140115},"totalBlockGas":{"daGas":320,"l2Gas":1730915},"totalSizeInBytes":320,"silentlySkippedCount":0,"silentlySkippedDurationMs":0}
[21:16:58.796] INFO: txe:top_level_context Created block 5 with timestamp 1789417018
[21:16:58.954] INFO: simulator:public-processor Processed 1 successful txs and 0 failed txs (0 silently skipped, 0ms wasted) in 0.004842333000007784s {"blockNumber":6,"successfulCount":1,"failedCount":0,"duration":0.004842333000007784,"rate":0,"totalPublicGas":{"daGas":0,"l2Gas":0},"totalBlockGas":{"daGas":1984,"l2Gas":529900},"totalSizeInBytes":1984,"silentlySkippedCount":0,"silentlySkippedDurationMs":0}
[21:16:58.985] INFO: txe:top_level_context Created block 7 with timestamp 1789420619
[21:16:59.388] INFO: simulator:public-processor Processed 1 successful txs and 0 failed txs (0 silently skipped, 0ms wasted) in 0.03085008299999754s {"blockNumber":8,"successfulCount":1,"failedCount":0,"duration":0.03085008299999754,"rate":38812569.807351746,"totalPublicGas":{"daGas":2176,"l2Gas":1197371},"totalBlockGas":{"daGas":3552,"l2Gas":1924121},"totalSizeInBytes":3552,"silentlySkippedCount":0,"silentlySkippedDurationMs":0}
[21:16:59.422] INFO: txe:top_level_context Created block 9 with timestamp 1789424220
[21:16:59.828] INFO: simulator:public-processor Processed 1 successful txs and 0 failed txs (0 silently skipped, 0ms wasted) in 0.02982850000000326s {"blockNumber":10,"successfulCount":1,"failedCount":0,"duration":0.02982850000000326,"rate":40141844.20939267,"totalPublicGas":{"daGas":2176,"l2Gas":1197371},"totalBlockGas":{"daGas":3552,"l2Gas":1924121},"totalSizeInBytes":3552,"silentlySkippedCount":0,"silentlySkippedDurationMs":0}
[21:16:59.865] INFO: simulator:public-processor Processed 1 successful txs and 0 failed txs (0 silently skipped, 0ms wasted) in 0.0048490829999936974s {"blockNumber":11,"successfulCount":1,"failedCount":0,"duration":0.0048490829999936974,"rate":1703827.3009578798,"totalPublicGas":{"daGas":0,"l2Gas":8262},"totalBlockGas":{"daGas":0,"l2Gas":8262},"totalSizeInBytes":128,"silentlySkippedCount":0,"silentlySkippedDurationMs":0}
[billboard_test] Testing test_full_flow_second_post_without_flag ... [0m[32mok[0m
[billboard_test] Testing test_get_post_rejects_invalid_id ... [0m[32mok[0m
[21:17:01.641] INFO: kv-store:lmdb-v2 Starting data store with maxReaders 2
[21:17:01.642] INFO: world-state:database Creating world state data store at directory /var/folders/ym/q1vh2x5n58xbsmpmvs5_6w3r0000gn/T/aztec-world-state-s2NflK/world_state with map sizes {"archiveTreeMapSizeKb":10485760,"nullifierTreeMapSizeKb":10485760,"noteHashTreeMapSizeKb":10485760,"messageTreeMapSizeKb":10485760,"publicDataTreeMapSizeKb":10485760} and 1 threads (ephemeral=true).
[21:17:01.651] INFO: txe_node Aztec Node version: txe
[21:17:01.651] INFO: txe_node Aztec Node started on chain 0x1
[21:17:01.663] INFO: txe:top_level_context Created block 1 with timestamp 1789417021
[21:17:01.701] INFO: txe:top_level_context Created block 2 with timestamp 1789417021
[21:17:01.789] INFO: simulator:public-processor Processed 1 successful txs and 0 failed txs (0 silently skipped, 0ms wasted) in 0.056900374999997436s {"blockNumber":3,"successfulCount":1,"failedCount":0,"duration":0.056900374999997436,"rate":56946672.14407895,"totalPublicGas":{"daGas":4000,"l2Gas":3240287},"totalBlockGas":{"daGas":4000,"l2Gas":3240287},"totalSizeInBytes":4128,"silentlySkippedCount":0,"silentlySkippedDurationMs":0}
[21:17:01.826] INFO: simulator:public-processor Processed 1 successful txs and 0 failed txs (0 silently skipped, 0ms wasted) in 0.005436582999987877s {"blockNumber":4,"successfulCount":1,"failedCount":0,"duration":0.005436582999987877,"rate":1559987.2199171635,"totalPublicGas":{"daGas":0,"l2Gas":8481},"totalBlockGas":{"daGas":0,"l2Gas":8481},"totalSizeInBytes":128,"silentlySkippedCount":0,"silentlySkippedDurationMs":0}
[21:17:01.829] WARN: txe:top_level_context Could not find function artifact in contract Billboard for function '0x3bc1b6cc' when enriching error callstack
[21:17:03.629] INFO: kv-store:lmdb-v2 Starting data store with maxReaders 2
[21:17:03.630] INFO: world-state:database Creating world state data store at directory /var/folders/ym/q1vh2x5n58xbsmpmvs5_6w3r0000gn/T/aztec-world-state-G3HdXv/world_state with map sizes {"archiveTreeMapSizeKb":10485760,"nullifierTreeMapSizeKb":10485760,"noteHashTreeMapSizeKb":10485760,"messageTreeMapSizeKb":10485760,"publicDataTreeMapSizeKb":10485760} and 1 threads (ephemeral=true).
[21:17:03.640] INFO: txe_node Aztec Node version: txe
[21:17:03.640] INFO: txe_node Aztec Node started on chain 0x1
[21:17:03.652] INFO: txe:top_level_context Created block 1 with timestamp 1789417023
[21:17:03.693] INFO: txe:top_level_context Created block 2 with timestamp 1789417023
[21:17:03.780] INFO: simulator:public-processor Processed 1 successful txs and 0 failed txs (0 silently skipped, 0ms wasted) in 0.055797916999988956s {"blockNumber":3,"successfulCount":1,"failedCount":0,"duration":0.055797916999988956,"rate":58071827.30496268,"totalPublicGas":{"daGas":4000,"l2Gas":3240287},"totalBlockGas":{"daGas":4000,"l2Gas":3240287},"totalSizeInBytes":4128,"silentlySkippedCount":0,"silentlySkippedDurationMs":0}
[21:17:03.909] INFO: simulator:public-processor Processed 1 successful txs and 0 failed txs (0 silently skipped, 0ms wasted) in 0.014749416999999085s {"blockNumber":4,"successfulCount":1,"failedCount":0,"duration":0.014749416999999085,"rate":77298987.47862853,"totalPublicGas":{"daGas":192,"l2Gas":1140115},"totalBlockGas":{"daGas":320,"l2Gas":1730915},"totalSizeInBytes":320,"silentlySkippedCount":0,"silentlySkippedDurationMs":0}
[21:17:03.940] INFO: txe:top_level_context Created block 5 with timestamp 1789417023
[21:17:04.107] INFO: simulator:public-processor Processed 1 successful txs and 0 failed txs (0 silently skipped, 0ms wasted) in 0.0051309579999942794s {"blockNumber":6,"successfulCount":1,"failedCount":0,"duration":0.0051309579999942794,"rate":0,"totalPublicGas":{"daGas":0,"l2Gas":0},"totalBlockGas":{"daGas":1984,"l2Gas":529900},"totalSizeInBytes":1984,"silentlySkippedCount":0,"silentlySkippedDurationMs":0}
[21:17:04.139] INFO: txe:top_level_context Created block 7 with timestamp 1789424224
[21:17:04.553] INFO: simulator:public-processor Processed 1 successful txs and 0 failed txs (0 silently skipped, 0ms wasted) in 0.031297915999995894s {"blockNumber":8,"successfulCount":1,"failedCount":0,"duration":0.031297915999995894,"rate":38257211.758129746,"totalPublicGas":{"daGas":2176,"l2Gas":1197371},"totalBlockGas":{"daGas":3552,"l2Gas":1924121},"totalSizeInBytes":3552,"silentlySkippedCount":0,"silentlySkippedDurationMs":0}
[21:17:04.588] INFO: txe:top_level_context Created block 9 with timestamp 1789431425
[21:17:05.021] INFO: simulator:public-processor Processed 1 successful txs and 0 failed txs (0 silently skipped, 0ms wasted) in 0.03067970900000364s {"blockNumber":10,"successfulCount":1,"failedCount":0,"duration":0.03067970900000364,"rate":39028108.1218814,"totalPublicGas":{"daGas":2176,"l2Gas":1197371},"totalBlockGas":{"daGas":3552,"l2Gas":1924121},"totalSizeInBytes":3552,"silentlySkippedCount":0,"silentlySkippedDurationMs":0}
[21:17:05.055] INFO: txe:top_level_context Created block 11 with timestamp 1789438626
[21:17:05.486] INFO: simulator:public-processor Processed 1 successful txs and 0 failed txs (0 silently skipped, 0ms wasted) in 0.029705375000005006s {"blockNumber":12,"successfulCount":1,"failedCount":0,"duration":0.029705375000005006,"rate":40308227.046445236,"totalPublicGas":{"daGas":2176,"l2Gas":1197371},"totalBlockGas":{"daGas":3552,"l2Gas":1924121},"totalSizeInBytes":3552,"silentlySkippedCount":0,"silentlySkippedDurationMs":0}
[21:17:05.519] INFO: txe:top_level_context Created block 13 with timestamp 1789445827
[21:17:05.920] INFO: simulator:public-processor Processed 1 successful txs and 0 failed txs (0 silently skipped, 0ms wasted) in 0.02924904100000276s {"blockNumber":14,"successfulCount":1,"failedCount":0,"duration":0.02924904100000276,"rate":40937102.860907026,"totalPublicGas":{"daGas":2176,"l2Gas":1197371},"totalBlockGas":{"daGas":3552,"l2Gas":1924121},"totalSizeInBytes":3552,"silentlySkippedCount":0,"silentlySkippedDurationMs":0}
[21:17:05.954] INFO: txe:top_level_context Created block 15 with timestamp 1789453028
[21:17:06.359] INFO: simulator:public-processor Processed 1 successful txs and 0 failed txs (0 silently skipped, 0ms wasted) in 0.030451834000006783s {"blockNumber":16,"successfulCount":1,"failedCount":0,"duration":0.030451834000006783,"rate":39320160.48687686,"totalPublicGas":{"daGas":2176,"l2Gas":1197371},"totalBlockGas":{"daGas":3552,"l2Gas":1924121},"totalSizeInBytes":3552,"silentlySkippedCount":0,"silentlySkippedDurationMs":0}
[21:17:06.395] INFO: txe:top_level_context Created block 17 with timestamp 1789460229
[21:17:06.812] INFO: simulator:public-processor Processed 1 successful txs and 0 failed txs (0 silently skipped, 0ms wasted) in 0.03045770800000173s {"blockNumber":18,"successfulCount":1,"failedCount":0,"duration":0.03045770800000173,"rate":39312577.29570235,"totalPublicGas":{"daGas":2176,"l2Gas":1197371},"totalBlockGas":{"daGas":3552,"l2Gas":1924121},"totalSizeInBytes":3552,"silentlySkippedCount":0,"silentlySkippedDurationMs":0}
[21:17:06.847] INFO: txe:top_level_context Created block 19 with timestamp 1789467430
[21:17:07.289] INFO: simulator:public-processor Processed 1 successful txs and 0 failed txs (0 silently skipped, 0ms wasted) in 0.0311637919999921s {"blockNumber":20,"successfulCount":1,"failedCount":0,"duration":0.0311637919999921,"rate":38421864.70761657,"totalPublicGas":{"daGas":2176,"l2Gas":1197371},"totalBlockGas":{"daGas":3552,"l2Gas":1924121},"totalSizeInBytes":3552,"silentlySkippedCount":0,"silentlySkippedDurationMs":0}
[21:17:07.324] INFO: txe:top_level_context Created block 21 with timestamp 1789474631
[21:17:07.757] INFO: simulator:public-processor Processed 1 successful txs and 0 failed txs (0 silently skipped, 0ms wasted) in 0.03147858300000371s {"blockNumber":22,"successfulCount":1,"failedCount":0,"duration":0.03147858300000371,"rate":38037639.75017106,"totalPublicGas":{"daGas":2176,"l2Gas":1197371},"totalBlockGas":{"daGas":3552,"l2Gas":1924121},"totalSizeInBytes":3552,"silentlySkippedCount":0,"silentlySkippedDurationMs":0}
[21:17:07.791] INFO: txe:top_level_context Created block 23 with timestamp 1789481832
[21:17:08.214] INFO: simulator:public-processor Processed 1 successful txs and 0 failed txs (0 silently skipped, 0ms wasted) in 0.03126287500000035s {"blockNumber":24,"successfulCount":1,"failedCount":0,"duration":0.03126287500000035,"rate":38300092.36194645,"totalPublicGas":{"daGas":2176,"l2Gas":1197371},"totalBlockGas":{"daGas":3552,"l2Gas":1924121},"totalSizeInBytes":3552,"silentlySkippedCount":0,"silentlySkippedDurationMs":0}
[21:17:08.249] INFO: txe:top_level_context Created block 25 with timestamp 1789489033
[21:17:08.651] INFO: simulator:public-processor Processed 1 successful txs and 0 failed txs (0 silently skipped, 0ms wasted) in 0.029751624999989873s {"blockNumber":26,"successfulCount":1,"failedCount":0,"duration":0.029751624999989873,"rate":40245566.418654695,"totalPublicGas":{"daGas":2176,"l2Gas":1197371},"totalBlockGas":{"daGas":3552,"l2Gas":1924121},"totalSizeInBytes":3552,"silentlySkippedCount":0,"silentlySkippedDurationMs":0}
[21:17:08.686] INFO: txe:top_level_context Created block 27 with timestamp 1789496234
[21:17:09.106] INFO: simulator:public-processor Processed 1 successful txs and 0 failed txs (0 silently skipped, 0ms wasted) in 0.03146741700000712s {"blockNumber":28,"successfulCount":1,"failedCount":0,"duration":0.03146741700000712,"rate":38051137.1492528,"totalPublicGas":{"daGas":2176,"l2Gas":1197371},"totalBlockGas":{"daGas":3552,"l2Gas":1924121},"totalSizeInBytes":3552,"silentlySkippedCount":0,"silentlySkippedDurationMs":0}
[21:17:09.141] INFO: txe:top_level_context Created block 29 with timestamp 1789503435
[21:17:09.567] INFO: simulator:public-processor Processed 1 successful txs and 0 failed txs (0 silently skipped, 0ms wasted) in 0.031036375000010594s {"blockNumber":30,"successfulCount":1,"failedCount":0,"duration":0.031036375000010594,"rate":38579602.160355106,"totalPublicGas":{"daGas":2176,"l2Gas":1197371},"totalBlockGas":{"daGas":3552,"l2Gas":1924121},"totalSizeInBytes":3552,"silentlySkippedCount":0,"silentlySkippedDurationMs":0}
[21:17:09.603] INFO: txe:top_level_context Created block 31 with timestamp 1789510636
[21:17:10.000] INFO: simulator:public-processor Processed 1 successful txs and 0 failed txs (0 silently skipped, 0ms wasted) in 0.030234499999991386s {"blockNumber":32,"successfulCount":1,"failedCount":0,"duration":0.030234499999991386,"rate":39602804.74293741,"totalPublicGas":{"daGas":2176,"l2Gas":1197371},"totalBlockGas":{"daGas":3552,"l2Gas":1924121},"totalSizeInBytes":3552,"silentlySkippedCount":0,"silentlySkippedDurationMs":0}
[21:17:10.035] INFO: txe:top_level_context Created block 33 with timestamp 1789517837
[21:17:10.449] INFO: simulator:public-processor Processed 1 successful txs and 0 failed txs (0 silently skipped, 0ms wasted) in 0.030532124999997905s {"blockNumber":34,"successfulCount":1,"failedCount":0,"duration":0.030532124999997905,"rate":39216759.39686747,"totalPublicGas":{"daGas":2176,"l2Gas":1197371},"totalBlockGas":{"daGas":3552,"l2Gas":1924121},"totalSizeInBytes":3552,"silentlySkippedCount":0,"silentlySkippedDurationMs":0}
[21:17:10.484] INFO: txe:top_level_context Created block 35 with timestamp 1789525038
[21:17:10.875] INFO: simulator:public-processor Processed 1 successful txs and 0 failed txs (0 silently skipped, 0ms wasted) in 0.030161209000012606s {"blockNumber":36,"successfulCount":1,"failedCount":0,"duration":0.030161209000012606,"rate":39699038.58958371,"totalPublicGas":{"daGas":2176,"l2Gas":1197371},"totalBlockGas":{"daGas":3552,"l2Gas":1924121},"totalSizeInBytes":3552,"silentlySkippedCount":0,"silentlySkippedDurationMs":0}
[21:17:10.912] INFO: txe:top_level_context Created block 37 with timestamp 1789532239
[21:17:11.313] INFO: simulator:public-processor Processed 1 successful txs and 0 failed txs (0 silently skipped, 0ms wasted) in 0.031033874999993712s {"blockNumber":38,"successfulCount":1,"failedCount":0,"duration":0.031033874999993712,"rate":38582710.02252354,"totalPublicGas":{"daGas":2176,"l2Gas":1197371},"totalBlockGas":{"daGas":3552,"l2Gas":1924121},"totalSizeInBytes":3552,"silentlySkippedCount":0,"silentlySkippedDurationMs":0}
[21:17:11.351] INFO: simulator:public-processor Processed 1 successful txs and 0 failed txs (0 silently skipped, 0ms wasted) in 0.005150917000006302s {"blockNumber":39,"successfulCount":1,"failedCount":0,"duration":0.005150917000006302,"rate":1603986.2416711221,"totalPublicGas":{"daGas":0,"l2Gas":8262},"totalBlockGas":{"daGas":0,"l2Gas":8262},"totalSizeInBytes":128,"silentlySkippedCount":0,"silentlySkippedDurationMs":0}
[billboard_test] Testing test_history_first_page_control ... [0m[32mok[0m
[21:17:13.484] INFO: kv-store:lmdb-v2 Starting data store with maxReaders 2
[21:17:13.486] INFO: world-state:database Creating world state data store at directory /var/folders/ym/q1vh2x5n58xbsmpmvs5_6w3r0000gn/T/aztec-world-state-JynpeC/world_state with map sizes {"archiveTreeMapSizeKb":10485760,"nullifierTreeMapSizeKb":10485760,"noteHashTreeMapSizeKb":10485760,"messageTreeMapSizeKb":10485760,"publicDataTreeMapSizeKb":10485760} and 1 threads (ephemeral=true).
[21:17:13.495] INFO: txe_node Aztec Node version: txe
[21:17:13.495] INFO: txe_node Aztec Node started on chain 0x1
[21:17:13.507] INFO: txe:top_level_context Created block 1 with timestamp 1789417033
[21:17:13.545] INFO: txe:top_level_context Created block 2 with timestamp 1789417033
[21:17:13.630] INFO: simulator:public-processor Processed 1 successful txs and 0 failed txs (0 silently skipped, 0ms wasted) in 0.0556747919999907s {"blockNumber":3,"successfulCount":1,"failedCount":0,"duration":0.0556747919999907,"rate":58200253.35704067,"totalPublicGas":{"daGas":4000,"l2Gas":3240287},"totalBlockGas":{"daGas":4000,"l2Gas":3240287},"totalSizeInBytes":4128,"silentlySkippedCount":0,"silentlySkippedDurationMs":0}
[21:17:13.751] INFO: simulator:public-processor Processed 1 successful txs and 0 failed txs (0 silently skipped, 0ms wasted) in 0.01448733400000492s {"blockNumber":4,"successfulCount":1,"failedCount":0,"duration":0.01448733400000492,"rate":78697364.19410312,"totalPublicGas":{"daGas":192,"l2Gas":1140115},"totalBlockGas":{"daGas":320,"l2Gas":1730915},"totalSizeInBytes":320,"silentlySkippedCount":0,"silentlySkippedDurationMs":0}
[21:17:13.781] INFO: txe:top_level_context Created block 5 with timestamp 1789417033
[21:17:13.939] INFO: simulator:public-processor Processed 1 successful txs and 0 failed txs (0 silently skipped, 0ms wasted) in 0.004858208999998169s {"blockNumber":6,"successfulCount":1,"failedCount":0,"duration":0.004858208999998169,"rate":0,"totalPublicGas":{"daGas":0,"l2Gas":0},"totalBlockGas":{"daGas":1984,"l2Gas":529900},"totalSizeInBytes":1984,"silentlySkippedCount":0,"silentlySkippedDurationMs":0}
[21:17:13.970] INFO: txe:top_level_context Created block 7 with timestamp 1789424234
[21:17:14.359] INFO: simulator:public-processor Processed 1 successful txs and 0 failed txs (0 silently skipped, 0ms wasted) in 0.03051754199998686s {"blockNumber":8,"successfulCount":1,"failedCount":0,"duration":0.03051754199998686,"rate":39235499.37280387,"totalPublicGas":{"daGas":2176,"l2Gas":1197371},"totalBlockGas":{"daGas":3552,"l2Gas":1924121},"totalSizeInBytes":3552,"silentlySkippedCount":0,"silentlySkippedDurationMs":0}
[21:17:14.393] INFO: txe:top_level_context Created block 9 with timestamp 1789431435
[21:17:14.801] INFO: simulator:public-processor Processed 1 successful txs and 0 failed txs (0 silently skipped, 0ms wasted) in 0.030514957999999752s {"blockNumber":10,"successfulCount":1,"failedCount":0,"duration":0.030514957999999752,"rate":39238821.82633218,"totalPublicGas":{"daGas":2176,"l2Gas":1197371},"totalBlockGas":{"daGas":3552,"l2Gas":1924121},"totalSizeInBytes":3552,"silentlySkippedCount":0,"silentlySkippedDurationMs":0}
[21:17:14.834] INFO: txe:top_level_context Created block 11 with timestamp 1789438636
[21:17:15.247] INFO: simulator:public-processor Processed 1 successful txs and 0 failed txs (0 silently skipped, 0ms wasted) in 0.030793084000004457s {"blockNumber":12,"successfulCount":1,"failedCount":0,"duration":0.030793084000004457,"rate":38884413.136398636,"totalPublicGas":{"daGas":2176,"l2Gas":1197371},"totalBlockGas":{"daGas":3552,"l2Gas":1924121},"totalSizeInBytes":3552,"silentlySkippedCount":0,"silentlySkippedDurationMs":0}
[21:17:15.281] INFO: txe:top_level_context Created block 13 with timestamp 1789445837
[21:17:15.687] INFO: simulator:public-processor Processed 1 successful txs and 0 failed txs (0 silently skipped, 0ms wasted) in 0.030044582999995326s {"blockNumber":14,"successfulCount":1,"failedCount":0,"duration":0.030044582999995326,"rate":39853140.913960636,"totalPublicGas":{"daGas":2176,"l2Gas":1197371},"totalBlockGas":{"daGas":3552,"l2Gas":1924121},"totalSizeInBytes":3552,"silentlySkippedCount":0,"silentlySkippedDurationMs":0}
[21:17:15.721] INFO: txe:top_level_context Created block 15 with timestamp 1789453038
[21:17:16.133] INFO: simulator:public-processor Processed 1 successful txs and 0 failed txs (0 silently skipped, 0ms wasted) in 0.030730166000008465s {"blockNumber":16,"successfulCount":1,"failedCount":0,"duration":0.030730166000008465,"rate":38964026.42275574,"totalPublicGas":{"daGas":2176,"l2Gas":1197371},"totalBlockGas":{"daGas":3552,"l2Gas":1924121},"totalSizeInBytes":3552,"silentlySkippedCount":0,"silentlySkippedDurationMs":0}
[21:17:16.169] INFO: txe:top_level_context Created block 17 with timestamp 1789460239
[21:17:16.577] INFO: simulator:public-processor Processed 1 successful txs and 0 failed txs (0 silently skipped, 0ms wasted) in 0.029680082999999285s {"blockNumber":18,"successfulCount":1,"failedCount":0,"duration":0.029680082999999285,"rate":40342575.86139597,"totalPublicGas":{"daGas":2176,"l2Gas":1197371},"totalBlockGas":{"daGas":3552,"l2Gas":1924121},"totalSizeInBytes":3552,"silentlySkippedCount":0,"silentlySkippedDurationMs":0}
[21:17:16.611] INFO: txe:top_level_context Created block 19 with timestamp 1789467440
[21:17:17.014] INFO: simulator:public-processor Processed 1 successful txs and 0 failed txs (0 silently skipped, 0ms wasted) in 0.029861250000001748s {"blockNumber":20,"successfulCount":1,"failedCount":0,"duration":0.029861250000001748,"rate":40097819.07990891,"totalPublicGas":{"daGas":2176,"l2Gas":1197371},"totalBlockGas":{"daGas":3552,"l2Gas":1924121},"totalSizeInBytes":3552,"silentlySkippedCount":0,"silentlySkippedDurationMs":0}
[21:17:17.050] INFO: txe:top_level_context Created block 21 with timestamp 1789474641
[21:17:17.478] INFO: simulator:public-processor Processed 1 successful txs and 0 failed txs (0 silently skipped, 0ms wasted) in 0.03093033300001116s {"blockNumber":22,"successfulCount":1,"failedCount":0,"duration":0.03093033300001116,"rate":38711869.02512715,"totalPublicGas":{"daGas":2176,"l2Gas":1197371},"totalBlockGas":{"daGas":3552,"l2Gas":1924121},"totalSizeInBytes":3552,"silentlySkippedCount":0,"silentlySkippedDurationMs":0}
[21:17:17.513] INFO: txe:top_level_context Created block 23 with timestamp 1789481842
[21:17:17.993] INFO: simulator:public-processor Processed 1 successful txs and 0 failed txs (0 silently skipped, 0ms wasted) in 0.030640915999989374s {"blockNumber":24,"successfulCount":1,"failedCount":0,"duration":0.030640915999989374,"rate":39077519.74518044,"totalPublicGas":{"daGas":2176,"l2Gas":1197371},"totalBlockGas":{"daGas":3552,"l2Gas":1924121},"totalSizeInBytes":3552,"silentlySkippedCount":0,"silentlySkippedDurationMs":0}
[21:17:18.027] INFO: txe:top_level_context Created block 25 with timestamp 1789489043
[21:17:18.444] INFO: simulator:public-processor Processed 1 successful txs and 0 failed txs (0 silently skipped, 0ms wasted) in 0.030217750000010712s {"blockNumber":26,"successfulCount":1,"failedCount":0,"duration":0.030217750000010712,"rate":39624756.97229528,"totalPublicGas":{"daGas":2176,"l2Gas":1197371},"totalBlockGas":{"daGas":3552,"l2Gas":1924121},"totalSizeInBytes":3552,"silentlySkippedCount":0,"silentlySkippedDurationMs":0}
[21:17:18.478] INFO: txe:top_level_context Created block 27 with timestamp 1789496244
[21:17:18.888] INFO: simulator:public-processor Processed 1 successful txs and 0 failed txs (0 silently skipped, 0ms wasted) in 0.02982362500000454s {"blockNumber":28,"successfulCount":1,"failedCount":0,"duration":0.02982362500000454,"rate":40148405.835971236,"totalPublicGas":{"daGas":2176,"l2Gas":1197371},"totalBlockGas":{"daGas":3552,"l2Gas":1924121},"totalSizeInBytes":3552,"silentlySkippedCount":0,"silentlySkippedDurationMs":0}
[21:17:18.922] INFO: txe:top_level_context Created block 29 with timestamp 1789503445
[21:17:19.349] INFO: simulator:public-processor Processed 1 successful txs and 0 failed txs (0 silently skipped, 0ms wasted) in 0.030848958999995374s {"blockNumber":30,"successfulCount":1,"failedCount":0,"duration":0.030848958999995374,"rate":38813983.96620708,"totalPublicGas":{"daGas":2176,"l2Gas":1197371},"totalBlockGas":{"daGas":3552,"l2Gas":1924121},"totalSizeInBytes":3552,"silentlySkippedCount":0,"silentlySkippedDurationMs":0}
[21:17:19.385] INFO: txe:top_level_context Created block 31 with timestamp 1789510646
[21:17:19.784] INFO: simulator:public-processor Processed 1 successful txs and 0 failed txs (0 silently skipped, 0ms wasted) in 0.030309207999991487s {"blockNumber":32,"successfulCount":1,"failedCount":0,"duration":0.030309207999991487,"rate":39505189.31409677,"totalPublicGas":{"daGas":2176,"l2Gas":1197371},"totalBlockGas":{"daGas":3552,"l2Gas":1924121},"totalSizeInBytes":3552,"silentlySkippedCount":0,"silentlySkippedDurationMs":0}
[21:17:19.819] INFO: txe:top_level_context Created block 33 with timestamp 1789517847
[21:17:20.210] INFO: simulator:public-processor Processed 1 successful txs and 0 failed txs (0 silently skipped, 0ms wasted) in 0.03113575000000128s {"blockNumber":34,"successfulCount":1,"failedCount":0,"duration":0.03113575000000128,"rate":38456468.85011444,"totalPublicGas":{"daGas":2176,"l2Gas":1197371},"totalBlockGas":{"daGas":3552,"l2Gas":1924121},"totalSizeInBytes":3552,"silentlySkippedCount":0,"silentlySkippedDurationMs":0}
[21:17:20.246] INFO: txe:top_level_context Created block 35 with timestamp 1789525048
[21:17:20.662] INFO: simulator:public-processor Processed 1 successful txs and 0 failed txs (0 silently skipped, 0ms wasted) in 0.030926166999997805s {"blockNumber":36,"successfulCount":1,"failedCount":0,"duration":0.030926166999997805,"rate":38717083.82096252,"totalPublicGas":{"daGas":2176,"l2Gas":1197371},"totalBlockGas":{"daGas":3552,"l2Gas":1924121},"totalSizeInBytes":3552,"silentlySkippedCount":0,"silentlySkippedDurationMs":0}
[21:17:20.698] INFO: txe:top_level_context Created block 37 with timestamp 1789532249
[21:17:21.114] INFO: simulator:public-processor Processed 1 successful txs and 0 failed txs (0 silently skipped, 0ms wasted) in 0.02937995799999044s {"blockNumber":38,"successfulCount":1,"failedCount":0,"duration":0.02937995799999044,"rate":40754687.2599474,"totalPublicGas":{"daGas":2176,"l2Gas":1197371},"totalBlockGas":{"daGas":3552,"l2Gas":1924121},"totalSizeInBytes":3552,"silentlySkippedCount":0,"silentlySkippedDurationMs":0}
[21:17:21.150] INFO: txe:top_level_context Created block 39 with timestamp 1789539450
[21:17:21.568] INFO: simulator:public-processor Processed 1 successful txs and 0 failed txs (0 silently skipped, 0ms wasted) in 0.03012887500000943s {"blockNumber":40,"successfulCount":1,"failedCount":0,"duration":0.03012887500000943,"rate":39741643.191112354,"totalPublicGas":{"daGas":2176,"l2Gas":1197371},"totalBlockGas":{"daGas":3552,"l2Gas":1924121},"totalSizeInBytes":3552,"silentlySkippedCount":0,"silentlySkippedDurationMs":0}
[21:17:21.604] INFO: simulator:public-processor Processed 1 successful txs and 0 failed txs (0 silently skipped, 0ms wasted) in 0.004612458999996306s {"blockNumber":41,"successfulCount":1,"failedCount":0,"duration":0.004612458999996306,"rate":1791235.4342893057,"totalPublicGas":{"daGas":0,"l2Gas":8262},"totalBlockGas":{"daGas":0,"l2Gas":8262},"totalSizeInBytes":128,"silentlySkippedCount":0,"silentlySkippedDurationMs":0}
[billboard_test] Testing test_history_known_bad_missing_child_after_first_page ... [0m[32mok[0m
[21:17:23.714] INFO: kv-store:lmdb-v2 Starting data store with maxReaders 2
[21:17:23.715] INFO: world-state:database Creating world state data store at directory /var/folders/ym/q1vh2x5n58xbsmpmvs5_6w3r0000gn/T/aztec-world-state-6VVsuY/world_state with map sizes {"archiveTreeMapSizeKb":10485760,"nullifierTreeMapSizeKb":10485760,"noteHashTreeMapSizeKb":10485760,"messageTreeMapSizeKb":10485760,"publicDataTreeMapSizeKb":10485760} and 1 threads (ephemeral=true).
[21:17:23.725] INFO: txe_node Aztec Node version: txe
[21:17:23.725] INFO: txe_node Aztec Node started on chain 0x1
[21:17:23.738] INFO: txe:top_level_context Created block 1 with timestamp 1789417043
[21:17:23.777] INFO: txe:top_level_context Created block 2 with timestamp 1789417043
[21:17:23.864] INFO: simulator:public-processor Processed 1 successful txs and 0 failed txs (0 silently skipped, 0ms wasted) in 0.05666058399999747s {"blockNumber":3,"successfulCount":1,"failedCount":0,"duration":0.05666058399999747,"rate":57187673.88631478,"totalPublicGas":{"daGas":4000,"l2Gas":3240287},"totalBlockGas":{"daGas":4000,"l2Gas":3240287},"totalSizeInBytes":4128,"silentlySkippedCount":0,"silentlySkippedDurationMs":0}
[21:17:23.989] INFO: simulator:public-processor Processed 1 successful txs and 0 failed txs (0 silently skipped, 0ms wasted) in 0.014817790999994031s {"blockNumber":4,"successfulCount":1,"failedCount":0,"duration":0.014817790999994031,"rate":76942305.36794987,"totalPublicGas":{"daGas":192,"l2Gas":1140115},"totalBlockGas":{"daGas":320,"l2Gas":1730915},"totalSizeInBytes":320,"silentlySkippedCount":0,"silentlySkippedDurationMs":0}
[21:17:24.020] INFO: txe:top_level_context Created block 5 with timestamp 1789417043
[21:17:24.187] INFO: simulator:public-processor Processed 1 successful txs and 0 failed txs (0 silently skipped, 0ms wasted) in 0.004808665999997175s {"blockNumber":6,"successfulCount":1,"failedCount":0,"duration":0.004808665999997175,"rate":0,"totalPublicGas":{"daGas":0,"l2Gas":0},"totalBlockGas":{"daGas":1984,"l2Gas":529900},"totalSizeInBytes":1984,"silentlySkippedCount":0,"silentlySkippedDurationMs":0}
[21:17:24.220] INFO: txe:top_level_context Created block 7 with timestamp 1789424244
[21:17:24.669] INFO: simulator:public-processor Processed 1 successful txs and 0 failed txs (0 silently skipped, 0ms wasted) in 0.02991404099999636s {"blockNumber":8,"successfulCount":1,"failedCount":0,"duration":0.02991404099999636,"rate":40027056.190774955,"totalPublicGas":{"daGas":2176,"l2Gas":1197371},"totalBlockGas":{"daGas":3552,"l2Gas":1924121},"totalSizeInBytes":3552,"silentlySkippedCount":0,"silentlySkippedDurationMs":0}
[21:17:24.703] INFO: txe:top_level_context Created block 9 with timestamp 1789431445
[21:17:25.102] INFO: simulator:public-processor Processed 1 successful txs and 0 failed txs (0 silently skipped, 0ms wasted) in 0.030028374999994414s {"blockNumber":10,"successfulCount":1,"failedCount":0,"duration":0.030028374999994414,"rate":39874651.891759805,"totalPublicGas":{"daGas":2176,"l2Gas":1197371},"totalBlockGas":{"daGas":3552,"l2Gas":1924121},"totalSizeInBytes":3552,"silentlySkippedCount":0,"silentlySkippedDurationMs":0}
[21:17:25.136] INFO: txe:top_level_context Created block 11 with timestamp 1789438646
[21:17:25.552] INFO: simulator:public-processor Processed 1 successful txs and 0 failed txs (0 silently skipped, 0ms wasted) in 0.029826749999992897s {"blockNumber":12,"successfulCount":1,"failedCount":0,"duration":0.029826749999992897,"rate":40144199.41831695,"totalPublicGas":{"daGas":2176,"l2Gas":1197371},"totalBlockGas":{"daGas":3552,"l2Gas":1924121},"totalSizeInBytes":3552,"silentlySkippedCount":0,"silentlySkippedDurationMs":0}
[21:17:25.586] INFO: txe:top_level_context Created block 13 with timestamp 1789445847
[21:17:25.986] INFO: simulator:public-processor Processed 1 successful txs and 0 failed txs (0 silently skipped, 0ms wasted) in 0.02932629199999792s {"blockNumber":14,"successfulCount":1,"failedCount":0,"duration":0.02932629199999792,"rate":40829266.78899893,"totalPublicGas":{"daGas":2176,"l2Gas":1197371},"totalBlockGas":{"daGas":3552,"l2Gas":1924121},"totalSizeInBytes":3552,"silentlySkippedCount":0,"silentlySkippedDurationMs":0}
[21:17:26.019] INFO: txe:top_level_context Created block 15 with timestamp 1789453048
[21:17:26.420] INFO: simulator:public-processor Processed 1 successful txs and 0 failed txs (0 silently skipped, 0ms wasted) in 0.030155958999996072s {"blockNumber":16,"successfulCount":1,"failedCount":0,"duration":0.030155958999996072,"rate":39705949.99151431,"totalPublicGas":{"daGas":2176,"l2Gas":1197371},"totalBlockGas":{"daGas":3552,"l2Gas":1924121},"totalSizeInBytes":3552,"silentlySkippedCount":0,"silentlySkippedDurationMs":0}
[21:17:26.454] INFO: txe:top_level_context Created block 17 with timestamp 1789460249
[21:17:26.865] INFO: simulator:public-processor Processed 1 successful txs and 0 failed txs (0 silently skipped, 0ms wasted) in 0.02981845799999428s {"blockNumber":18,"successfulCount":1,"failedCount":0,"duration":0.02981845799999428,"rate":40155362.82929955,"totalPublicGas":{"daGas":2176,"l2Gas":1197371},"totalBlockGas":{"daGas":3552,"l2Gas":1924121},"totalSizeInBytes":3552,"silentlySkippedCount":0,"silentlySkippedDurationMs":0}
[21:17:26.899] INFO: txe:top_level_context Created block 19 with timestamp 1789467450
[21:17:27.318] INFO: simulator:public-processor Processed 1 successful txs and 0 failed txs (0 silently skipped, 0ms wasted) in 0.031115499999999883s {"blockNumber":20,"successfulCount":1,"failedCount":0,"duration":0.031115499999999883,"rate":38481496.36033503,"totalPublicGas":{"daGas":2176,"l2Gas":1197371},"totalBlockGas":{"daGas":3552,"l2Gas":1924121},"totalSizeInBytes":3552,"silentlySkippedCount":0,"silentlySkippedDurationMs":0}
[21:17:27.353] INFO: txe:top_level_context Created block 21 with timestamp 1789474651
[21:17:27.776] INFO: simulator:public-processor Processed 1 successful txs and 0 failed txs (0 silently skipped, 0ms wasted) in 0.030330749999993713s {"blockNumber":22,"successfulCount":1,"failedCount":0,"duration":0.030330749999993713,"rate":39477131.29415686,"totalPublicGas":{"daGas":2176,"l2Gas":1197371},"totalBlockGas":{"daGas":3552,"l2Gas":1924121},"totalSizeInBytes":3552,"silentlySkippedCount":0,"silentlySkippedDurationMs":0}
[21:17:27.809] INFO: txe:top_level_context Created block 23 with timestamp 1789481852
[21:17:28.208] INFO: simulator:public-processor Processed 1 successful txs and 0 failed txs (0 silently skipped, 0ms wasted) in 0.030161459000009928s {"blockNumber":24,"successfulCount":1,"failedCount":0,"duration":0.030161459000009928,"rate":39698709.535225265,"totalPublicGas":{"daGas":2176,"l2Gas":1197371},"totalBlockGas":{"daGas":3552,"l2Gas":1924121},"totalSizeInBytes":3552,"silentlySkippedCount":0,"silentlySkippedDurationMs":0}
[21:17:28.243] INFO: txe:top_level_context Created block 25 with timestamp 1789489053
[21:17:28.669] INFO: simulator:public-processor Processed 1 successful txs and 0 failed txs (0 silently skipped, 0ms wasted) in 0.03142633400000341s {"blockNumber":26,"successfulCount":1,"failedCount":0,"duration":0.03142633400000341,"rate":38100880.61814242,"totalPublicGas":{"daGas":2176,"l2Gas":1197371},"totalBlockGas":{"daGas":3552,"l2Gas":1924121},"totalSizeInBytes":3552,"silentlySkippedCount":0,"silentlySkippedDurationMs":0}
[21:17:28.704] INFO: txe:top_level_context Created block 27 with timestamp 1789496254
[21:17:29.116] INFO: simulator:public-processor Processed 1 successful txs and 0 failed txs (0 silently skipped, 0ms wasted) in 0.030348208000010344s {"blockNumber":28,"successfulCount":1,"failedCount":0,"duration":0.030348208000010344,"rate":39454421.82285003,"totalPublicGas":{"daGas":2176,"l2Gas":1197371},"totalBlockGas":{"daGas":3552,"l2Gas":1924121},"totalSizeInBytes":3552,"silentlySkippedCount":0,"silentlySkippedDurationMs":0}
[21:17:29.150] INFO: txe:top_level_context Created block 29 with timestamp 1789503455
[21:17:29.588] INFO: simulator:public-processor Processed 1 successful txs and 0 failed txs (0 silently skipped, 0ms wasted) in 0.03102049999999872s {"blockNumber":30,"successfulCount":1,"failedCount":0,"duration":0.03102049999999872,"rate":38599345.594044246,"totalPublicGas":{"daGas":2176,"l2Gas":1197371},"totalBlockGas":{"daGas":3552,"l2Gas":1924121},"totalSizeInBytes":3552,"silentlySkippedCount":0,"silentlySkippedDurationMs":0}
[21:17:29.622] INFO: txe:top_level_context Created block 31 with timestamp 1789510656
[21:17:30.037] INFO: simulator:public-processor Processed 1 successful txs and 0 failed txs (0 silently skipped, 0ms wasted) in 0.03071258300000045s {"blockNumber":32,"successfulCount":1,"failedCount":0,"duration":0.03071258300000045,"rate":38986333.38654657,"totalPublicGas":{"daGas":2176,"l2Gas":1197371},"totalBlockGas":{"daGas":3552,"l2Gas":1924121},"totalSizeInBytes":3552,"silentlySkippedCount":0,"silentlySkippedDurationMs":0}
[21:17:30.072] INFO: txe:top_level_context Created block 33 with timestamp 1789517857
[21:17:30.486] INFO: simulator:public-processor Processed 1 successful txs and 0 failed txs (0 silently skipped, 0ms wasted) in 0.031270499999998716s {"blockNumber":34,"successfulCount":1,"failedCount":0,"duration":0.031270499999998716,"rate":38290753.26585917,"totalPublicGas":{"daGas":2176,"l2Gas":1197371},"totalBlockGas":{"daGas":3552,"l2Gas":1924121},"totalSizeInBytes":3552,"silentlySkippedCount":0,"silentlySkippedDurationMs":0}
[21:17:30.522] INFO: txe:top_level_context Created block 35 with timestamp 1789525058
[21:17:30.930] INFO: simulator:public-processor Processed 1 successful txs and 0 failed txs (0 silently skipped, 0ms wasted) in 0.03323374999999942s {"blockNumber":36,"successfulCount":1,"failedCount":0,"duration":0.03323374999999942,"rate":36028765.938241124,"totalPublicGas":{"daGas":2176,"l2Gas":1197371},"totalBlockGas":{"daGas":3552,"l2Gas":1924121},"totalSizeInBytes":3552,"silentlySkippedCount":0,"silentlySkippedDurationMs":0}
[21:17:30.964] INFO: txe:top_level_context Created block 37 with timestamp 1789532259
[21:17:31.353] INFO: simulator:public-processor Processed 1 successful txs and 0 failed txs (0 silently skipped, 0ms wasted) in 0.030925915999992868s {"blockNumber":38,"successfulCount":1,"failedCount":0,"duration":0.030925915999992868,"rate":38717398.055413336,"totalPublicGas":{"daGas":2176,"l2Gas":1197371},"totalBlockGas":{"daGas":3552,"l2Gas":1924121},"totalSizeInBytes":3552,"silentlySkippedCount":0,"silentlySkippedDurationMs":0}
[21:17:31.389] INFO: txe:top_level_context Created block 39 with timestamp 1789539460
[21:17:31.804] INFO: simulator:public-processor Processed 1 successful txs and 0 failed txs (0 silently skipped, 0ms wasted) in 0.031249499999990802s {"blockNumber":40,"successfulCount":1,"failedCount":0,"duration":0.031249499999990802,"rate":38316485.0637723,"totalPublicGas":{"daGas":2176,"l2Gas":1197371},"totalBlockGas":{"daGas":3552,"l2Gas":1924121},"totalSizeInBytes":3552,"silentlySkippedCount":0,"silentlySkippedDurationMs":0}
[21:17:31.842] INFO: simulator:public-processor Processed 1 successful txs and 0 failed txs (0 silently skipped, 0ms wasted) in 0.005234125000002678s {"blockNumber":41,"successfulCount":1,"failedCount":0,"duration":0.005234125000002678,"rate":1578487.330737377,"totalPublicGas":{"daGas":0,"l2Gas":8262},"totalBlockGas":{"daGas":0,"l2Gas":8262},"totalSizeInBytes":128,"silentlySkippedCount":0,"silentlySkippedDurationMs":0}
[21:17:31.855] INFO: txe:top_level_context Created block 41 with timestamp 1789546661
[billboard_test] Testing test_history_known_bad_next_post_cannot_progress ... [0m[32mok[0m
[21:17:33.901] INFO: kv-store:lmdb-v2 Starting data store with maxReaders 2
[21:17:33.902] INFO: world-state:database Creating world state data store at directory /var/folders/ym/q1vh2x5n58xbsmpmvs5_6w3r0000gn/T/aztec-world-state-MzZjZz/world_state with map sizes {"archiveTreeMapSizeKb":10485760,"nullifierTreeMapSizeKb":10485760,"noteHashTreeMapSizeKb":10485760,"messageTreeMapSizeKb":10485760,"publicDataTreeMapSizeKb":10485760} and 1 threads (ephemeral=true).
[21:17:33.912] INFO: txe_node Aztec Node version: txe
[21:17:33.912] INFO: txe_node Aztec Node started on chain 0x1
[21:17:33.924] INFO: txe:top_level_context Created block 1 with timestamp 1789417053
[21:17:33.959] INFO: txe:top_level_context Created block 2 with timestamp 1789417053
[21:17:34.051] INFO: simulator:public-processor Processed 1 successful txs and 0 failed txs (0 silently skipped, 0ms wasted) in 0.06291720799999893s {"blockNumber":3,"successfulCount":1,"failedCount":0,"duration":0.06291720799999893,"rate":51500807.21954564,"totalPublicGas":{"daGas":4000,"l2Gas":3240287},"totalBlockGas":{"daGas":4000,"l2Gas":3240287},"totalSizeInBytes":4128,"silentlySkippedCount":0,"silentlySkippedDurationMs":0}
[21:17:34.091] INFO: simulator:public-processor Processed 1 successful txs and 0 failed txs (0 silently skipped, 0ms wasted) in 0.005706208000003244s {"blockNumber":4,"successfulCount":1,"failedCount":0,"duration":0.005706208000003244,"rate":1750724.8246110764,"totalPublicGas":{"daGas":0,"l2Gas":9990},"totalBlockGas":{"daGas":0,"l2Gas":9990},"totalSizeInBytes":128,"silentlySkippedCount":0,"silentlySkippedDurationMs":0}
[billboard_test] Testing test_init_default_flag_state ... [0m[32mok[0m
[billboard_test] Testing test_init_rejects_policy_too_long ... [0m[32mok[0m
[21:17:35.837] INFO: kv-store:lmdb-v2 Starting data store with maxReaders 2
[21:17:35.837] INFO: world-state:database Creating world state data store at directory /var/folders/ym/q1vh2x5n58xbsmpmvs5_6w3r0000gn/T/aztec-world-state-GN8gY8/world_state with map sizes {"archiveTreeMapSizeKb":10485760,"nullifierTreeMapSizeKb":10485760,"noteHashTreeMapSizeKb":10485760,"messageTreeMapSizeKb":10485760,"publicDataTreeMapSizeKb":10485760} and 1 threads (ephemeral=true).
[21:17:35.847] INFO: txe_node Aztec Node version: txe
[21:17:35.847] INFO: txe_node Aztec Node started on chain 0x1
[21:17:35.861] INFO: txe:top_level_context Created block 1 with timestamp 1789417055
[21:17:35.904] INFO: txe:top_level_context Created block 2 with timestamp 1789417055
[21:17:35.940] INFO: simulator:public-processor Processed 1 successful txs and 0 failed txs (0 silently skipped, 0ms wasted) in 0.006728833000001032s {"blockNumber":3,"successfulCount":1,"failedCount":0,"duration":0.006728833000001032,"rate":18852897.671851944,"totalPublicGas":{"daGas":0,"l2Gas":126858},"totalBlockGas":{"daGas":0,"l2Gas":126858},"totalSizeInBytes":128,"silentlySkippedCount":0,"silentlySkippedDurationMs":0}
[21:17:35.942] WARN: txe:top_level_context Could not find function artifact in contract Billboard for function '0x8f3f1c4d' when enriching error callstack
[billboard_test] Testing test_init_rejects_zero_base_cooldown ... [0m[32mok[0m
[21:17:37.658] INFO: kv-store:lmdb-v2 Starting data store with maxReaders 2
[21:17:37.660] INFO: world-state:database Creating world state data store at directory /var/folders/ym/q1vh2x5n58xbsmpmvs5_6w3r0000gn/T/aztec-world-state-f4pqrA/world_state with map sizes {"archiveTreeMapSizeKb":10485760,"nullifierTreeMapSizeKb":10485760,"noteHashTreeMapSizeKb":10485760,"messageTreeMapSizeKb":10485760,"publicDataTreeMapSizeKb":10485760} and 1 threads (ephemeral=true).
[21:17:37.669] INFO: txe_node Aztec Node version: txe
[21:17:37.669] INFO: txe_node Aztec Node started on chain 0x1
[21:17:37.681] INFO: txe:top_level_context Created block 1 with timestamp 1789417057
[21:17:37.723] INFO: txe:top_level_context Created block 2 with timestamp 1789417057
[21:17:37.768] INFO: simulator:public-processor Processed 1 successful txs and 0 failed txs (0 silently skipped, 0ms wasted) in 0.007040292000005138s {"blockNumber":3,"successfulCount":1,"failedCount":0,"duration":0.007040292000005138,"rate":17928091.618914086,"totalPublicGas":{"daGas":0,"l2Gas":126219},"totalBlockGas":{"daGas":0,"l2Gas":126219},"totalSizeInBytes":128,"silentlySkippedCount":0,"silentlySkippedDurationMs":0}
[21:17:37.770] WARN: txe:top_level_context Could not find function artifact in contract Billboard for function '0x8f3f1c4d' when enriching error callstack
[billboard_test] Testing test_init_rejects_zero_censor_window ... [0m[32mok[0m
[21:17:39.469] INFO: kv-store:lmdb-v2 Starting data store with maxReaders 2
[21:17:39.470] INFO: world-state:database Creating world state data store at directory /var/folders/ym/q1vh2x5n58xbsmpmvs5_6w3r0000gn/T/aztec-world-state-pytOHr/world_state with map sizes {"archiveTreeMapSizeKb":10485760,"nullifierTreeMapSizeKb":10485760,"noteHashTreeMapSizeKb":10485760,"messageTreeMapSizeKb":10485760,"publicDataTreeMapSizeKb":10485760} and 1 threads (ephemeral=true).
[21:17:39.480] INFO: txe_node Aztec Node version: txe
[21:17:39.480] INFO: txe_node Aztec Node started on chain 0x1
[21:17:39.492] INFO: txe:top_level_context Created block 1 with timestamp 1789417059
[21:17:39.534] INFO: txe:top_level_context Created block 2 with timestamp 1789417059
[21:17:39.571] INFO: simulator:public-processor Processed 1 successful txs and 0 failed txs (0 silently skipped, 0ms wasted) in 0.0066528749999997675s {"blockNumber":3,"successfulCount":1,"failedCount":0,"duration":0.0066528749999997675,"rate":18992390.507863805,"totalPublicGas":{"daGas":0,"l2Gas":126354},"totalBlockGas":{"daGas":0,"l2Gas":126354},"totalSizeInBytes":128,"silentlySkippedCount":0,"silentlySkippedDurationMs":0}
[21:17:39.573] WARN: txe:top_level_context Could not find function artifact in contract Billboard for function '0x8f3f1c4d' when enriching error callstack
[billboard_test] Testing test_init_rejects_zero_k ... [0m[32mok[0m
[21:17:41.303] INFO: kv-store:lmdb-v2 Starting data store with maxReaders 2
[21:17:41.306] INFO: world-state:database Creating world state data store at directory /var/folders/ym/q1vh2x5n58xbsmpmvs5_6w3r0000gn/T/aztec-world-state-UmuEJF/world_state with map sizes {"archiveTreeMapSizeKb":10485760,"nullifierTreeMapSizeKb":10485760,"noteHashTreeMapSizeKb":10485760,"messageTreeMapSizeKb":10485760,"publicDataTreeMapSizeKb":10485760} and 1 threads (ephemeral=true).
[21:17:41.315] INFO: txe_node Aztec Node version: txe
[21:17:41.315] INFO: txe_node Aztec Node started on chain 0x1
[21:17:41.328] INFO: txe:top_level_context Created block 1 with timestamp 1789417061
[21:17:41.370] INFO: txe:top_level_context Created block 2 with timestamp 1789417061
[21:17:41.406] INFO: simulator:public-processor Processed 1 successful txs and 0 failed txs (0 silently skipped, 0ms wasted) in 0.0066919580000103455s {"blockNumber":3,"successfulCount":1,"failedCount":0,"duration":0.0066919580000103455,"rate":18871606.78530929,"totalPublicGas":{"daGas":0,"l2Gas":126288},"totalBlockGas":{"daGas":0,"l2Gas":126288},"totalSizeInBytes":128,"silentlySkippedCount":0,"silentlySkippedDurationMs":0}
[21:17:41.408] WARN: txe:top_level_context Could not find function artifact in contract Billboard for function '0x8f3f1c4d' when enriching error callstack
[billboard_test] Testing test_init_rejects_zero_max_save_up ... [0m[32mok[0m
[21:17:43.151] INFO: kv-store:lmdb-v2 Starting data store with maxReaders 2
[21:17:43.152] INFO: world-state:database Creating world state data store at directory /var/folders/ym/q1vh2x5n58xbsmpmvs5_6w3r0000gn/T/aztec-world-state-s80RWh/world_state with map sizes {"archiveTreeMapSizeKb":10485760,"nullifierTreeMapSizeKb":10485760,"noteHashTreeMapSizeKb":10485760,"messageTreeMapSizeKb":10485760,"publicDataTreeMapSizeKb":10485760} and 1 threads (ephemeral=true).
[21:17:43.162] INFO: txe_node Aztec Node version: txe
[21:17:43.162] INFO: txe_node Aztec Node started on chain 0x1
[21:17:43.174] INFO: txe:top_level_context Created block 1 with timestamp 1789417063
[21:17:43.217] INFO: txe:top_level_context Created block 2 with timestamp 1789417063
[21:17:43.254] INFO: simulator:public-processor Processed 1 successful txs and 0 failed txs (0 silently skipped, 0ms wasted) in 0.006729499999986729s {"blockNumber":3,"successfulCount":1,"failedCount":0,"duration":0.006729499999986729,"rate":18786388.290400375,"totalPublicGas":{"daGas":0,"l2Gas":126423},"totalBlockGas":{"daGas":0,"l2Gas":126423},"totalSizeInBytes":128,"silentlySkippedCount":0,"silentlySkippedDurationMs":0}
[21:17:43.256] WARN: txe:top_level_context Could not find function artifact in contract Billboard for function '0x8f3f1c4d' when enriching error callstack
[billboard_test] Testing test_init_rejects_zero_min_deposit ... [0m[32mok[0m
[21:17:44.965] INFO: kv-store:lmdb-v2 Starting data store with maxReaders 2
[21:17:44.966] INFO: world-state:database Creating world state data store at directory /var/folders/ym/q1vh2x5n58xbsmpmvs5_6w3r0000gn/T/aztec-world-state-Eu6xrh/world_state with map sizes {"archiveTreeMapSizeKb":10485760,"nullifierTreeMapSizeKb":10485760,"noteHashTreeMapSizeKb":10485760,"messageTreeMapSizeKb":10485760,"publicDataTreeMapSizeKb":10485760} and 1 threads (ephemeral=true).
[21:17:44.978] INFO: txe_node Aztec Node version: txe
[21:17:44.978] INFO: txe_node Aztec Node started on chain 0x1
[21:17:44.991] INFO: txe:top_level_context Created block 1 with timestamp 1789417064
[21:17:45.034] INFO: txe:top_level_context Created block 2 with timestamp 1789417064
[21:17:45.071] INFO: simulator:public-processor Processed 1 successful txs and 0 failed txs (0 silently skipped, 0ms wasted) in 0.007125207999983104s {"blockNumber":3,"successfulCount":1,"failedCount":0,"duration":0.007125207999983104,"rate":17679904.923519246,"totalPublicGas":{"daGas":0,"l2Gas":125973},"totalBlockGas":{"daGas":0,"l2Gas":125973},"totalSizeInBytes":128,"silentlySkippedCount":0,"silentlySkippedDurationMs":0}
[21:17:45.073] WARN: txe:top_level_context Could not find function artifact in contract Billboard for function '0x8f3f1c4d' when enriching error callstack
[billboard_test] Testing test_init_sets_all_parameters ... [0m[32mok[0m
[21:17:46.786] INFO: kv-store:lmdb-v2 Starting data store with maxReaders 2
[21:17:46.787] INFO: world-state:database Creating world state data store at directory /var/folders/ym/q1vh2x5n58xbsmpmvs5_6w3r0000gn/T/aztec-world-state-G44Bqd/world_state with map sizes {"archiveTreeMapSizeKb":10485760,"nullifierTreeMapSizeKb":10485760,"noteHashTreeMapSizeKb":10485760,"messageTreeMapSizeKb":10485760,"publicDataTreeMapSizeKb":10485760} and 1 threads (ephemeral=true).
[21:17:46.796] INFO: txe_node Aztec Node version: txe
[21:17:46.796] INFO: txe_node Aztec Node started on chain 0x1
[21:17:46.808] INFO: txe:top_level_context Created block 1 with timestamp 1789417066
[21:17:46.845] INFO: txe:top_level_context Created block 2 with timestamp 1789417066
[21:17:46.933] INFO: simulator:public-processor Processed 1 successful txs and 0 failed txs (0 silently skipped, 0ms wasted) in 0.057208207999996374s {"blockNumber":3,"successfulCount":1,"failedCount":0,"duration":0.057208207999996374,"rate":56640246.44855517,"totalPublicGas":{"daGas":4000,"l2Gas":3240287},"totalBlockGas":{"daGas":4000,"l2Gas":3240287},"totalSizeInBytes":4128,"silentlySkippedCount":0,"silentlySkippedDurationMs":0}
[21:17:46.974] INFO: simulator:public-processor Processed 1 successful txs and 0 failed txs (0 silently skipped, 0ms wasted) in 0.007947583000001032s {"blockNumber":4,"successfulCount":1,"failedCount":0,"duration":0.007947583000001032,"rate":2994495.307566704,"totalPublicGas":{"daGas":0,"l2Gas":23799},"totalBlockGas":{"daGas":0,"l2Gas":23799},"totalSizeInBytes":128,"silentlySkippedCount":0,"silentlySkippedDurationMs":0}
[21:17:46.991] INFO: simulator:public-processor Processed 1 successful txs and 0 failed txs (0 silently skipped, 0ms wasted) in 0.005302666000003228s {"blockNumber":4,"successfulCount":1,"failedCount":0,"duration":0.005302666000003228,"rate":4503395.084658447,"totalPublicGas":{"daGas":0,"l2Gas":23880},"totalBlockGas":{"daGas":0,"l2Gas":23880},"totalSizeInBytes":128,"silentlySkippedCount":0,"silentlySkippedDurationMs":0}
[21:17:47.007] INFO: simulator:public-processor Processed 1 successful txs and 0 failed txs (0 silently skipped, 0ms wasted) in 0.0052721249999885915s {"blockNumber":4,"successfulCount":1,"failedCount":0,"duration":0.0052721249999885915,"rate":4453232.804618783,"totalPublicGas":{"daGas":0,"l2Gas":23478},"totalBlockGas":{"daGas":0,"l2Gas":23478},"totalSizeInBytes":128,"silentlySkippedCount":0,"silentlySkippedDurationMs":0}
[21:17:47.024] INFO: simulator:public-processor Processed 1 successful txs and 0 failed txs (0 silently skipped, 0ms wasted) in 0.005316916000010679s {"blockNumber":4,"successfulCount":1,"failedCount":0,"duration":0.005316916000010679,"rate":4430387.841363807,"totalPublicGas":{"daGas":0,"l2Gas":23556},"totalBlockGas":{"daGas":0,"l2Gas":23556},"totalSizeInBytes":128,"silentlySkippedCount":0,"silentlySkippedDurationMs":0}
[21:17:47.040] INFO: simulator:public-processor Processed 1 successful txs and 0 failed txs (0 silently skipped, 0ms wasted) in 0.005289000000018859s {"blockNumber":4,"successfulCount":1,"failedCount":0,"duration":0.005289000000018859,"rate":4469653.998849632,"totalPublicGas":{"daGas":0,"l2Gas":23640},"totalBlockGas":{"daGas":0,"l2Gas":23640},"totalSizeInBytes":128,"silentlySkippedCount":0,"silentlySkippedDurationMs":0}
[21:17:47.055] INFO: simulator:public-processor Processed 1 successful txs and 0 failed txs (0 silently skipped, 0ms wasted) in 0.0053371249999909194s {"blockNumber":4,"successfulCount":1,"failedCount":0,"duration":0.0053371249999909194,"rate":1625594.3040522307,"totalPublicGas":{"daGas":0,"l2Gas":8676},"totalBlockGas":{"daGas":0,"l2Gas":8676},"totalSizeInBytes":128,"silentlySkippedCount":0,"silentlySkippedDurationMs":0}
[21:17:47.071] INFO: simulator:public-processor Processed 1 successful txs and 0 failed txs (0 silently skipped, 0ms wasted) in 0.005219875000009779s {"blockNumber":4,"successfulCount":1,"failedCount":0,"duration":0.005219875000009779,"rate":4530568.260725725,"totalPublicGas":{"daGas":0,"l2Gas":23649},"totalBlockGas":{"daGas":0,"l2Gas":23649},"totalSizeInBytes":128,"silentlySkippedCount":0,"silentlySkippedDurationMs":0}
[21:17:47.086] INFO: simulator:public-processor Processed 1 successful txs and 0 failed txs (0 silently skipped, 0ms wasted) in 0.0049155829999945125s {"blockNumber":4,"successfulCount":1,"failedCount":0,"duration":0.0049155829999945125,"rate":1680777.2343604458,"totalPublicGas":{"daGas":0,"l2Gas":8262},"totalBlockGas":{"daGas":0,"l2Gas":8262},"totalSizeInBytes":128,"silentlySkippedCount":0,"silentlySkippedDurationMs":0}
[21:17:47.101] INFO: simulator:public-processor Processed 1 successful txs and 0 failed txs (0 silently skipped, 0ms wasted) in 0.004473000000027241s {"blockNumber":4,"successfulCount":1,"failedCount":0,"duration":0.004473000000027241,"rate":2199195.171012764,"totalPublicGas":{"daGas":0,"l2Gas":9837},"totalBlockGas":{"daGas":0,"l2Gas":9837},"totalSizeInBytes":128,"silentlySkippedCount":0,"silentlySkippedDurationMs":0}
[billboard_test] Testing test_init_sets_default_policy ... [0m[32mok[0m
[21:17:48.818] INFO: kv-store:lmdb-v2 Starting data store with maxReaders 2
[21:17:48.819] INFO: world-state:database Creating world state data store at directory /var/folders/ym/q1vh2x5n58xbsmpmvs5_6w3r0000gn/T/aztec-world-state-DkOjKc/world_state with map sizes {"archiveTreeMapSizeKb":10485760,"nullifierTreeMapSizeKb":10485760,"noteHashTreeMapSizeKb":10485760,"messageTreeMapSizeKb":10485760,"publicDataTreeMapSizeKb":10485760} and 1 threads (ephemeral=true).
[21:17:48.829] INFO: txe_node Aztec Node version: txe
[21:17:48.829] INFO: txe_node Aztec Node started on chain 0x1
[21:17:48.841] INFO: txe:top_level_context Created block 1 with timestamp 1789417068
[21:17:48.878] INFO: txe:top_level_context Created block 2 with timestamp 1789417068
[21:17:48.964] INFO: simulator:public-processor Processed 1 successful txs and 0 failed txs (0 silently skipped, 0ms wasted) in 0.056405916999996406s {"blockNumber":3,"successfulCount":1,"failedCount":0,"duration":0.056405916999996406,"rate":57445870.4394471,"totalPublicGas":{"daGas":4000,"l2Gas":3240287},"totalBlockGas":{"daGas":4000,"l2Gas":3240287},"totalSizeInBytes":4128,"silentlySkippedCount":0,"silentlySkippedDurationMs":0}
[21:17:49.003] INFO: simulator:public-processor Processed 1 successful txs and 0 failed txs (0 silently skipped, 0ms wasted) in 0.00781616699998267s {"blockNumber":4,"successfulCount":1,"failedCount":0,"duration":0.00781616699998267,"rate":14894512.873158686,"totalPublicGas":{"daGas":0,"l2Gas":116418},"totalBlockGas":{"daGas":0,"l2Gas":116418},"totalSizeInBytes":128,"silentlySkippedCount":0,"silentlySkippedDurationMs":0}
[billboard_test] Testing test_init_sets_nondefault_policy ... [0m[32mok[0m
[21:17:50.686] INFO: kv-store:lmdb-v2 Starting data store with maxReaders 2
[21:17:50.687] INFO: world-state:database Creating world state data store at directory /var/folders/ym/q1vh2x5n58xbsmpmvs5_6w3r0000gn/T/aztec-world-state-TMMu0q/world_state with map sizes {"archiveTreeMapSizeKb":10485760,"nullifierTreeMapSizeKb":10485760,"noteHashTreeMapSizeKb":10485760,"messageTreeMapSizeKb":10485760,"publicDataTreeMapSizeKb":10485760} and 1 threads (ephemeral=true).
[21:17:50.696] INFO: txe_node Aztec Node version: txe
[21:17:50.696] INFO: txe_node Aztec Node started on chain 0x1
[21:17:50.708] INFO: txe:top_level_context Created block 1 with timestamp 1789417070
[21:17:50.743] INFO: txe:top_level_context Created block 2 with timestamp 1789417070
[21:17:50.829] INFO: simulator:public-processor Processed 1 successful txs and 0 failed txs (0 silently skipped, 0ms wasted) in 0.05604029199999059s {"blockNumber":3,"successfulCount":1,"failedCount":0,"duration":0.05604029199999059,"rate":57820665.88804612,"totalPublicGas":{"daGas":4000,"l2Gas":3240287},"totalBlockGas":{"daGas":4000,"l2Gas":3240287},"totalSizeInBytes":4128,"silentlySkippedCount":0,"silentlySkippedDurationMs":0}
[21:17:50.868] INFO: simulator:public-processor Processed 1 successful txs and 0 failed txs (0 silently skipped, 0ms wasted) in 0.00782887500000652s {"blockNumber":4,"successfulCount":1,"failedCount":0,"duration":0.00782887500000652,"rate":14870335.776200673,"totalPublicGas":{"daGas":0,"l2Gas":116418},"totalBlockGas":{"daGas":0,"l2Gas":116418},"totalSizeInBytes":128,"silentlySkippedCount":0,"silentlySkippedDurationMs":0}
[21:17:52.689] INFO: kv-store:lmdb-v2 Starting data store with maxReaders 2
[21:17:52.690] INFO: world-state:database Creating world state data store at directory /var/folders/ym/q1vh2x5n58xbsmpmvs5_6w3r0000gn/T/aztec-world-state-swYi1A/world_state with map sizes {"archiveTreeMapSizeKb":10485760,"nullifierTreeMapSizeKb":10485760,"noteHashTreeMapSizeKb":10485760,"messageTreeMapSizeKb":10485760,"publicDataTreeMapSizeKb":10485760} and 1 threads (ephemeral=true).
[21:17:52.701] INFO: txe_node Aztec Node version: txe
[21:17:52.701] INFO: txe_node Aztec Node started on chain 0x1
[21:17:52.714] INFO: txe:top_level_context Created block 1 with timestamp 1789417072
[21:17:52.754] INFO: txe:top_level_context Created block 2 with timestamp 1789417072
[21:17:52.843] INFO: simulator:public-processor Processed 1 successful txs and 0 failed txs (0 silently skipped, 0ms wasted) in 0.054435792000003855s {"blockNumber":3,"successfulCount":1,"failedCount":0,"duration":0.054435792000003855,"rate":59524935.35870242,"totalPublicGas":{"daGas":4000,"l2Gas":3240287},"totalBlockGas":{"daGas":4000,"l2Gas":3240287},"totalSizeInBytes":4128,"silentlySkippedCount":0,"silentlySkippedDurationMs":0}
[21:17:52.972] INFO: simulator:public-processor Processed 1 successful txs and 0 failed txs (0 silently skipped, 0ms wasted) in 0.014410417000006418s {"blockNumber":4,"successfulCount":1,"failedCount":0,"duration":0.014410417000006418,"rate":79117419.01705496,"totalPublicGas":{"daGas":192,"l2Gas":1140115},"totalBlockGas":{"daGas":320,"l2Gas":1730915},"totalSizeInBytes":320,"silentlySkippedCount":0,"silentlySkippedDurationMs":0}
[21:17:53.008] INFO: txe:top_level_context Created block 5 with timestamp 1789417072
[21:17:53.202] INFO: simulator:public-processor Processed 1 successful txs and 0 failed txs (0 silently skipped, 0ms wasted) in 0.00497333300000173s {"blockNumber":6,"successfulCount":1,"failedCount":0,"duration":0.00497333300000173,"rate":0,"totalPublicGas":{"daGas":0,"l2Gas":0},"totalBlockGas":{"daGas":1984,"l2Gas":529900},"totalSizeInBytes":1984,"silentlySkippedCount":0,"silentlySkippedDurationMs":0}
[21:17:53.234] INFO: txe:top_level_context Created block 7 with timestamp 1789420673
[21:17:53.632] INFO: simulator:public-processor Processed 1 successful txs and 0 failed txs (0 silently skipped, 0ms wasted) in 0.029689083000004758s {"blockNumber":8,"successfulCount":1,"failedCount":0,"duration":0.029689083000004758,"rate":40330346.34312579,"totalPublicGas":{"daGas":2176,"l2Gas":1197371},"totalBlockGas":{"daGas":3552,"l2Gas":1924121},"totalSizeInBytes":3552,"silentlySkippedCount":0,"silentlySkippedDurationMs":0}
[21:17:53.665] INFO: txe:top_level_context Created block 9 with timestamp 1789520673
[21:17:54.065] INFO: simulator:public-processor Processed 1 successful txs and 0 failed txs (0 silently skipped, 0ms wasted) in 0.030363749999989524s {"blockNumber":10,"successfulCount":1,"failedCount":0,"duration":0.030363749999989524,"rate":39434226.668326974,"totalPublicGas":{"daGas":2176,"l2Gas":1197371},"totalBlockGas":{"daGas":3552,"l2Gas":1924121},"totalSizeInBytes":3552,"silentlySkippedCount":0,"silentlySkippedDurationMs":0}
[21:17:54.101] INFO: simulator:public-processor Processed 1 successful txs and 0 failed txs (0 silently skipped, 0ms wasted) in 0.004512125000008382s {"blockNumber":11,"successfulCount":1,"failedCount":0,"duration":0.004512125000008382,"rate":1831066.2935944046,"totalPublicGas":{"daGas":0,"l2Gas":8262},"totalBlockGas":{"daGas":0,"l2Gas":8262},"totalSizeInBytes":128,"silentlySkippedCount":0,"silentlySkippedDurationMs":0}
[21:17:54.116] INFO: txe:top_level_context Created block 11 with timestamp 1789520674
[billboard_test] Testing test_save_up_allows_burst_after_dormancy ... [0m[32mok[0m
[21:17:54.532] INFO: simulator:public-processor Processed 1 successful txs and 0 failed txs (0 silently skipped, 0ms wasted) in 0.029901500000007217s {"blockNumber":12,"successfulCount":1,"failedCount":0,"duration":0.029901500000007217,"rate":40043843.954307005,"totalPublicGas":{"daGas":2176,"l2Gas":1197371},"totalBlockGas":{"daGas":3552,"l2Gas":1924121},"totalSizeInBytes":3552,"silentlySkippedCount":0,"silentlySkippedDurationMs":0}
[21:17:54.567] INFO: simulator:public-processor Processed 1 successful txs and 0 failed txs (0 silently skipped, 0ms wasted) in 0.004701291000004858s {"blockNumber":13,"successfulCount":1,"failedCount":0,"duration":0.004701291000004858,"rate":1757389.6191474772,"totalPublicGas":{"daGas":0,"l2Gas":8262},"totalBlockGas":{"daGas":0,"l2Gas":8262},"totalSizeInBytes":128,"silentlySkippedCount":0,"silentlySkippedDurationMs":0}
[21:17:56.378] INFO: kv-store:lmdb-v2 Starting data store with maxReaders 2
[21:17:56.378] INFO: world-state:database Creating world state data store at directory /var/folders/ym/q1vh2x5n58xbsmpmvs5_6w3r0000gn/T/aztec-world-state-LFp73a/world_state with map sizes {"archiveTreeMapSizeKb":10485760,"nullifierTreeMapSizeKb":10485760,"noteHashTreeMapSizeKb":10485760,"messageTreeMapSizeKb":10485760,"publicDataTreeMapSizeKb":10485760} and 1 threads (ephemeral=true).
[21:17:56.388] INFO: txe_node Aztec Node version: txe
[21:17:56.388] INFO: txe_node Aztec Node started on chain 0x1
[21:17:56.400] INFO: txe:top_level_context Created block 1 with timestamp 1789417076
[21:17:56.440] INFO: txe:top_level_context Created block 2 with timestamp 1789417076
[21:17:56.527] INFO: simulator:public-processor Processed 1 successful txs and 0 failed txs (0 silently skipped, 0ms wasted) in 0.056589458000002195s {"blockNumber":3,"successfulCount":1,"failedCount":0,"duration":0.056589458000002195,"rate":57259551.77022325,"totalPublicGas":{"daGas":4000,"l2Gas":3240287},"totalBlockGas":{"daGas":4000,"l2Gas":3240287},"totalSizeInBytes":4128,"silentlySkippedCount":0,"silentlySkippedDurationMs":0}
[21:17:56.657] INFO: simulator:public-processor Processed 1 successful txs and 0 failed txs (0 silently skipped, 0ms wasted) in 0.0152086249999993s {"blockNumber":4,"successfulCount":1,"failedCount":0,"duration":0.0152086249999993,"rate":74965028.06795831,"totalPublicGas":{"daGas":192,"l2Gas":1140115},"totalBlockGas":{"daGas":320,"l2Gas":1730915},"totalSizeInBytes":320,"silentlySkippedCount":0,"silentlySkippedDurationMs":0}
[21:17:56.688] INFO: txe:top_level_context Created block 5 with timestamp 1789417076
[21:17:56.845] INFO: simulator:public-processor Processed 1 successful txs and 0 failed txs (0 silently skipped, 0ms wasted) in 0.004582667000009678s {"blockNumber":6,"successfulCount":1,"failedCount":0,"duration":0.004582667000009678,"rate":0,"totalPublicGas":{"daGas":0,"l2Gas":0},"totalBlockGas":{"daGas":1984,"l2Gas":529900},"totalSizeInBytes":1984,"silentlySkippedCount":0,"silentlySkippedDurationMs":0}
[21:17:56.877] INFO: txe:top_level_context Created block 7 with timestamp 1789420677
[21:17:57.286] INFO: simulator:public-processor Processed 1 successful txs and 0 failed txs (0 silently skipped, 0ms wasted) in 0.03163654199999291s {"blockNumber":8,"successfulCount":1,"failedCount":0,"duration":0.03163654199999291,"rate":37847720.525216326,"totalPublicGas":{"daGas":2176,"l2Gas":1197371},"totalBlockGas":{"daGas":3552,"l2Gas":1924121},"totalSizeInBytes":3552,"silentlySkippedCount":0,"silentlySkippedDurationMs":0}
[21:17:57.321] INFO: txe:top_level_context Created block 9 with timestamp 1789520677
[21:17:57.343] INFO: txe:top_level_context Created block 10 with timestamp 1789520677
[21:17:57.802] INFO: simulator:public-processor Processed 1 successful txs and 0 failed txs (0 silently skipped, 0ms wasted) in 0.02973233299999265s {"blockNumber":11,"successfulCount":1,"failedCount":0,"duration":0.02973233299999265,"rate":40271679.992293105,"totalPublicGas":{"daGas":2176,"l2Gas":1197371},"totalBlockGas":{"daGas":3552,"l2Gas":1924121},"totalSizeInBytes":3552,"silentlySkippedCount":0,"silentlySkippedDurationMs":0}
[21:17:57.835] INFO: txe:top_level_context Created block 12 with timestamp 1789520678
[21:17:58.222] INFO: simulator:public-processor Processed 1 successful txs and 0 failed txs (0 silently skipped, 0ms wasted) in 0.03022429199999897s {"blockNumber":13,"successfulCount":1,"failedCount":0,"duration":0.03022429199999897,"rate":39616180.2565976,"totalPublicGas":{"daGas":2176,"l2Gas":1197371},"totalBlockGas":{"daGas":3552,"l2Gas":1924121},"totalSizeInBytes":3552,"silentlySkippedCount":0,"silentlySkippedDurationMs":0}
[21:17:58.256] INFO: txe:top_level_context Created block 14 with timestamp 1789520679
[21:17:58.641] INFO: simulator:public-processor Processed 1 successful txs and 0 failed txs (0 silently skipped, 0ms wasted) in 0.029877207999990787s {"blockNumber":15,"successfulCount":1,"failedCount":0,"duration":0.029877207999990787,"rate":40076402.0520381,"totalPublicGas":{"daGas":2176,"l2Gas":1197371},"totalBlockGas":{"daGas":3552,"l2Gas":1924121},"totalSizeInBytes":3552,"silentlySkippedCount":0,"silentlySkippedDurationMs":0}
[21:17:58.674] INFO: txe:top_level_context Created block 16 with timestamp 1789520680
[21:17:59.061] INFO: simulator:public-processor Processed 1 successful txs and 0 failed txs (0 silently skipped, 0ms wasted) in 0.03004824999999255s {"blockNumber":17,"successfulCount":1,"failedCount":0,"duration":0.03004824999999255,"rate":39848277.35393232,"totalPublicGas":{"daGas":2176,"l2Gas":1197371},"totalBlockGas":{"daGas":3552,"l2Gas":1924121},"totalSizeInBytes":3552,"silentlySkippedCount":0,"silentlySkippedDurationMs":0}
[21:17:59.094] INFO: txe:top_level_context Created block 18 with timestamp 1789520681
[21:17:59.499] INFO: simulator:public-processor Processed 1 successful txs and 0 failed txs (0 silently skipped, 0ms wasted) in 0.03085479199999827s {"blockNumber":19,"successfulCount":1,"failedCount":0,"duration":0.03085479199999827,"rate":38806646.30635226,"totalPublicGas":{"daGas":2176,"l2Gas":1197371},"totalBlockGas":{"daGas":3552,"l2Gas":1924121},"totalSizeInBytes":3552,"silentlySkippedCount":0,"silentlySkippedDurationMs":0}
[21:17:59.534] INFO: txe:top_level_context Created block 20 with timestamp 1789520682
[21:17:59.940] INFO: simulator:public-processor Processed 1 successful txs and 0 failed txs (0 silently skipped, 0ms wasted) in 0.030762791999994078s {"blockNumber":21,"successfulCount":1,"failedCount":0,"duration":0.030762791999994078,"rate":38922702.464725256,"totalPublicGas":{"daGas":2176,"l2Gas":1197371},"totalBlockGas":{"daGas":3552,"l2Gas":1924121},"totalSizeInBytes":3552,"silentlySkippedCount":0,"silentlySkippedDurationMs":0}
[21:17:59.975] INFO: txe:top_level_context Created block 22 with timestamp 1789520683
[21:18:00.394] INFO: simulator:public-processor Processed 1 successful txs and 0 failed txs (0 silently skipped, 0ms wasted) in 0.029815749999979744s {"blockNumber":23,"successfulCount":1,"failedCount":0,"duration":0.029815749999979744,"rate":40159009.91928137,"totalPublicGas":{"daGas":2176,"l2Gas":1197371},"totalBlockGas":{"daGas":3552,"l2Gas":1924121},"totalSizeInBytes":3552,"silentlySkippedCount":0,"silentlySkippedDurationMs":0}
[21:18:00.429] INFO: txe:top_level_context Created block 24 with timestamp 1789520684
[21:18:00.820] INFO: simulator:public-processor Processed 1 successful txs and 0 failed txs (0 silently skipped, 0ms wasted) in 0.0297791670000006s {"blockNumber":25,"successfulCount":1,"failedCount":0,"duration":0.0297791670000006,"rate":40208344.30996595,"totalPublicGas":{"daGas":2176,"l2Gas":1197371},"totalBlockGas":{"daGas":3552,"l2Gas":1924121},"totalSizeInBytes":3552,"silentlySkippedCount":0,"silentlySkippedDurationMs":0}
[21:18:00.857] INFO: txe:top_level_context Created block 26 with timestamp 1789520685
[21:18:01.244] INFO: simulator:public-processor Processed 1 successful txs and 0 failed txs (0 silently skipped, 0ms wasted) in 0.02968637499999022s {"blockNumber":27,"successfulCount":1,"failedCount":0,"duration":0.02968637499999022,"rate":40334025.28939267,"totalPublicGas":{"daGas":2176,"l2Gas":1197371},"totalBlockGas":{"daGas":3552,"l2Gas":1924121},"totalSizeInBytes":3552,"silentlySkippedCount":0,"silentlySkippedDurationMs":0}
[21:18:01.279] INFO: txe:top_level_context Created block 28 with timestamp 1789520686
[21:18:01.685] INFO: simulator:public-processor Processed 1 successful txs and 0 failed txs (0 silently skipped, 0ms wasted) in 0.03017608299999847s {"blockNumber":29,"successfulCount":1,"failedCount":0,"duration":0.03017608299999847,"rate":39679470.658934124,"totalPublicGas":{"daGas":2176,"l2Gas":1197371},"totalBlockGas":{"daGas":3552,"l2Gas":1924121},"totalSizeInBytes":3552,"silentlySkippedCount":0,"silentlySkippedDurationMs":0}
[21:18:01.719] INFO: txe:top_level_context Created block 30 with timestamp 1789520687
[21:18:02.105] INFO: simulator:public-processor Processed 1 successful txs and 0 failed txs (0 silently skipped, 0ms wasted) in 0.029620167000015497s {"blockNumber":31,"successfulCount":1,"failedCount":0,"duration":0.029620167000015497,"rate":40424181.268099315,"totalPublicGas":{"daGas":2176,"l2Gas":1197371},"totalBlockGas":{"daGas":3552,"l2Gas":1924121},"totalSizeInBytes":3552,"silentlySkippedCount":0,"silentlySkippedDurationMs":0}
[21:18:02.139] INFO: txe:top_level_context Created block 32 with timestamp 1789520688
[21:18:02.528] INFO: simulator:public-processor Processed 1 successful txs and 0 failed txs (0 silently skipped, 0ms wasted) in 0.029805875000020025s {"blockNumber":33,"successfulCount":1,"failedCount":0,"duration":0.029805875000020025,"rate":40172315.02175982,"totalPublicGas":{"daGas":2176,"l2Gas":1197371},"totalBlockGas":{"daGas":3552,"l2Gas":1924121},"totalSizeInBytes":3552,"silentlySkippedCount":0,"silentlySkippedDurationMs":0}
[21:18:02.562] INFO: txe:top_level_context Created block 34 with timestamp 1789520689
[21:18:02.947] INFO: simulator:public-processor Processed 1 successful txs and 0 failed txs (0 silently skipped, 0ms wasted) in 0.030181875000009312s {"blockNumber":35,"successfulCount":1,"failedCount":0,"duration":0.030181875000009312,"rate":39671856.0394154,"totalPublicGas":{"daGas":2176,"l2Gas":1197371},"totalBlockGas":{"daGas":3552,"l2Gas":1924121},"totalSizeInBytes":3552,"silentlySkippedCount":0,"silentlySkippedDurationMs":0}
[21:18:02.983] INFO: txe:top_level_context Created block 36 with timestamp 1789520690
[21:18:03.388] INFO: simulator:public-processor Processed 1 successful txs and 0 failed txs (0 silently skipped, 0ms wasted) in 0.030598375000001395s {"blockNumber":37,"successfulCount":1,"failedCount":0,"duration":0.030598375000001395,"rate":39131849.32206189,"totalPublicGas":{"daGas":2176,"l2Gas":1197371},"totalBlockGas":{"daGas":3552,"l2Gas":1924121},"totalSizeInBytes":3552,"silentlySkippedCount":0,"silentlySkippedDurationMs":0}
[21:18:03.423] INFO: txe:top_level_context Created block 38 with timestamp 1789520691
[21:18:03.834] INFO: simulator:public-processor Processed 1 successful txs and 0 failed txs (0 silently skipped, 0ms wasted) in 0.030887749999994413s {"blockNumber":39,"successfulCount":1,"failedCount":0,"duration":0.030887749999994413,"rate":38765238.64639595,"totalPublicGas":{"daGas":2176,"l2Gas":1197371},"totalBlockGas":{"daGas":3552,"l2Gas":1924121},"totalSizeInBytes":3552,"silentlySkippedCount":0,"silentlySkippedDurationMs":0}
[21:18:03.869] INFO: txe:top_level_context Created block 40 with timestamp 1789520692
[21:18:04.286] INFO: simulator:public-processor Processed 1 successful txs and 0 failed txs (0 silently skipped, 0ms wasted) in 0.031146375000011176s {"blockNumber":41,"successfulCount":1,"failedCount":0,"duration":0.031146375000011176,"rate":38443350.149080604,"totalPublicGas":{"daGas":2176,"l2Gas":1197371},"totalBlockGas":{"daGas":3552,"l2Gas":1924121},"totalSizeInBytes":3552,"silentlySkippedCount":0,"silentlySkippedDurationMs":0}
[21:18:04.321] INFO: txe:top_level_context Created block 42 with timestamp 1789520693
[21:18:04.712] INFO: simulator:public-processor Processed 1 successful txs and 0 failed txs (0 silently skipped, 0ms wasted) in 0.02974575000000186s {"blockNumber":43,"successfulCount":1,"failedCount":0,"duration":0.02974575000000186,"rate":40253515.20805241,"totalPublicGas":{"daGas":2176,"l2Gas":1197371},"totalBlockGas":{"daGas":3552,"l2Gas":1924121},"totalSizeInBytes":3552,"silentlySkippedCount":0,"silentlySkippedDurationMs":0}
[21:18:04.746] INFO: txe:top_level_context Created block 44 with timestamp 1789520694
[billboard_test] Testing test_save_up_prevents_excessive_burst ... [0m[32mok[0m
[21:18:06.789] INFO: kv-store:lmdb-v2 Starting data store with maxReaders 2
[21:18:06.789] INFO: world-state:database Creating world state data store at directory /var/folders/ym/q1vh2x5n58xbsmpmvs5_6w3r0000gn/T/aztec-world-state-JuDZra/world_state with map sizes {"archiveTreeMapSizeKb":10485760,"nullifierTreeMapSizeKb":10485760,"noteHashTreeMapSizeKb":10485760,"messageTreeMapSizeKb":10485760,"publicDataTreeMapSizeKb":10485760} and 1 threads (ephemeral=true).
[21:18:06.799] INFO: txe_node Aztec Node version: txe
[21:18:06.799] INFO: txe_node Aztec Node started on chain 0x1
[21:18:06.812] INFO: txe:top_level_context Created block 1 with timestamp 1789417086
[21:18:06.850] INFO: txe:top_level_context Created block 2 with timestamp 1789417086
[21:18:06.936] INFO: simulator:public-processor Processed 1 successful txs and 0 failed txs (0 silently skipped, 0ms wasted) in 0.05676800000001094s {"blockNumber":3,"successfulCount":1,"failedCount":0,"duration":0.05676800000001094,"rate":57079463.78240163,"totalPublicGas":{"daGas":4000,"l2Gas":3240287},"totalBlockGas":{"daGas":4000,"l2Gas":3240287},"totalSizeInBytes":4128,"silentlySkippedCount":0,"silentlySkippedDurationMs":0}
[21:18:06.998] INFO: simulator:public-processor Processed 1 successful txs and 0 failed txs (0 silently skipped, 0ms wasted) in 0.031190875000000232s {"blockNumber":4,"successfulCount":1,"failedCount":0,"duration":0.031190875000000232,"rate":85064654.32598414,"totalPublicGas":{"daGas":3136,"l2Gas":2653241},"totalBlockGas":{"daGas":3136,"l2Gas":2653241},"totalSizeInBytes":3264,"silentlySkippedCount":0,"silentlySkippedDurationMs":0}
[21:18:07.035] INFO: simulator:public-processor Processed 1 successful txs and 0 failed txs (0 silently skipped, 0ms wasted) in 0.007807084000000032s {"blockNumber":5,"successfulCount":1,"failedCount":0,"duration":0.007807084000000032,"rate":14911841.604368484,"totalPublicGas":{"daGas":0,"l2Gas":116418},"totalBlockGas":{"daGas":0,"l2Gas":116418},"totalSizeInBytes":128,"silentlySkippedCount":0,"silentlySkippedDurationMs":0}
[billboard_test] Testing test_set_moderation_policy_by_censor ... [0m[32mok[0m
[billboard_test] Testing test_set_moderation_policy_fails_when_no_censor ... [0m[32mok[0m
[21:18:08.763] INFO: kv-store:lmdb-v2 Starting data store with maxReaders 2
[21:18:08.764] INFO: world-state:database Creating world state data store at directory /var/folders/ym/q1vh2x5n58xbsmpmvs5_6w3r0000gn/T/aztec-world-state-daiHeR/world_state with map sizes {"archiveTreeMapSizeKb":10485760,"nullifierTreeMapSizeKb":10485760,"noteHashTreeMapSizeKb":10485760,"messageTreeMapSizeKb":10485760,"publicDataTreeMapSizeKb":10485760} and 1 threads (ephemeral=true).
[21:18:08.773] INFO: txe_node Aztec Node version: txe
[21:18:08.773] INFO: txe_node Aztec Node started on chain 0x1
[21:18:08.785] INFO: txe:top_level_context Created block 1 with timestamp 1789417088
[21:18:08.816] INFO: txe:top_level_context Created block 2 with timestamp 1789417088
[21:18:08.859] INFO: simulator:public-processor Processed 1 successful txs and 0 failed txs (0 silently skipped, 0ms wasted) in 0.00670287500001723s {"blockNumber":3,"successfulCount":1,"failedCount":0,"duration":0.00670287500001723,"rate":18869514.946895905,"totalPublicGas":{"daGas":0,"l2Gas":126480},"totalBlockGas":{"daGas":0,"l2Gas":126480},"totalSizeInBytes":128,"silentlySkippedCount":0,"silentlySkippedDurationMs":0}
[21:18:08.861] WARN: txe:top_level_context Could not find function artifact in contract Billboard for function '0x8f3f1c4d' when enriching error callstack
[billboard_test] Testing test_set_moderation_policy_rejects_non_censor ... [0m[32mok[0m
[21:18:10.572] INFO: kv-store:lmdb-v2 Starting data store with maxReaders 2
[21:18:10.573] INFO: world-state:database Creating world state data store at directory /var/folders/ym/q1vh2x5n58xbsmpmvs5_6w3r0000gn/T/aztec-world-state-WVYbeR/world_state with map sizes {"archiveTreeMapSizeKb":10485760,"nullifierTreeMapSizeKb":10485760,"noteHashTreeMapSizeKb":10485760,"messageTreeMapSizeKb":10485760,"publicDataTreeMapSizeKb":10485760} and 1 threads (ephemeral=true).
[21:18:10.582] INFO: txe_node Aztec Node version: txe
[21:18:10.582] INFO: txe_node Aztec Node started on chain 0x1
[21:18:10.595] INFO: txe:top_level_context Created block 1 with timestamp 1789417090
[21:18:10.630] INFO: txe:top_level_context Created block 2 with timestamp 1789417090
[21:18:10.719] INFO: simulator:public-processor Processed 1 successful txs and 0 failed txs (0 silently skipped, 0ms wasted) in 0.055870374999998605s {"blockNumber":3,"successfulCount":1,"failedCount":0,"duration":0.055870374999998605,"rate":57996514.25285906,"totalPublicGas":{"daGas":4000,"l2Gas":3240287},"totalBlockGas":{"daGas":4000,"l2Gas":3240287},"totalSizeInBytes":4128,"silentlySkippedCount":0,"silentlySkippedDurationMs":0}
[21:18:10.758] INFO: simulator:public-processor Processed 1 successful txs and 0 failed txs (0 silently skipped, 0ms wasted) in 0.005235749999992549s {"blockNumber":4,"successfulCount":1,"failedCount":0,"duration":0.005235749999992549,"rate":8050995.559386904,"totalPublicGas":{"daGas":0,"l2Gas":42153},"totalBlockGas":{"daGas":0,"l2Gas":42153},"totalSizeInBytes":128,"silentlySkippedCount":0,"silentlySkippedDurationMs":0}
[21:18:10.760] WARN: txe:top_level_context Could not find function artifact in contract Billboard for function '0xca42e93e' when enriching error callstack
[billboard_test] Testing test_set_moderation_policy_rejects_too_long ... [0m[32mok[0m
[21:18:12.477] INFO: kv-store:lmdb-v2 Starting data store with maxReaders 2
[21:18:12.478] INFO: world-state:database Creating world state data store at directory /var/folders/ym/q1vh2x5n58xbsmpmvs5_6w3r0000gn/T/aztec-world-state-C7EnS8/world_state with map sizes {"archiveTreeMapSizeKb":10485760,"nullifierTreeMapSizeKb":10485760,"noteHashTreeMapSizeKb":10485760,"messageTreeMapSizeKb":10485760,"publicDataTreeMapSizeKb":10485760} and 1 threads (ephemeral=true).
[21:18:12.488] INFO: txe_node Aztec Node version: txe
[21:18:12.488] INFO: txe_node Aztec Node started on chain 0x1
[21:18:12.501] INFO: txe:top_level_context Created block 1 with timestamp 1789417092
[21:18:12.537] INFO: txe:top_level_context Created block 2 with timestamp 1789417092
[21:18:12.626] INFO: simulator:public-processor Processed 1 successful txs and 0 failed txs (0 silently skipped, 0ms wasted) in 0.05693308399998932s {"blockNumber":3,"successfulCount":1,"failedCount":0,"duration":0.05693308399998932,"rate":56913955.33747316,"totalPublicGas":{"daGas":4000,"l2Gas":3240287},"totalBlockGas":{"daGas":4000,"l2Gas":3240287},"totalSizeInBytes":4128,"silentlySkippedCount":0,"silentlySkippedDurationMs":0}
[21:18:12.666] INFO: simulator:public-processor Processed 1 successful txs and 0 failed txs (0 silently skipped, 0ms wasted) in 0.005758042000001296s {"blockNumber":4,"successfulCount":1,"failedCount":0,"duration":0.005758042000001296,"rate":7386365.017829051,"totalPublicGas":{"daGas":0,"l2Gas":42531},"totalBlockGas":{"daGas":0,"l2Gas":42531},"totalSizeInBytes":128,"silentlySkippedCount":0,"silentlySkippedDurationMs":0}
[21:18:12.667] WARN: txe:top_level_context Could not find function artifact in contract Billboard for function '0xca42e93e' when enriching error callstack
[billboard_test] Testing test_transfer_censor_fails_when_no_censor ... [0m[32mok[0m
[21:18:14.373] INFO: kv-store:lmdb-v2 Starting data store with maxReaders 2
[21:18:14.374] INFO: world-state:database Creating world state data store at directory /var/folders/ym/q1vh2x5n58xbsmpmvs5_6w3r0000gn/T/aztec-world-state-MUK3XO/world_state with map sizes {"archiveTreeMapSizeKb":10485760,"nullifierTreeMapSizeKb":10485760,"noteHashTreeMapSizeKb":10485760,"messageTreeMapSizeKb":10485760,"publicDataTreeMapSizeKb":10485760} and 1 threads (ephemeral=true).
[21:18:14.384] INFO: txe_node Aztec Node version: txe
[21:18:14.384] INFO: txe_node Aztec Node started on chain 0x1
[21:18:14.396] INFO: txe:top_level_context Created block 1 with timestamp 1789417094
[21:18:14.427] INFO: txe:top_level_context Created block 2 with timestamp 1789417094
[21:18:14.463] INFO: simulator:public-processor Processed 1 successful txs and 0 failed txs (0 silently skipped, 0ms wasted) in 0.006136207999981707s {"blockNumber":3,"successfulCount":1,"failedCount":0,"duration":0.006136207999981707,"rate":20612078.338996504,"totalPublicGas":{"daGas":0,"l2Gas":126480},"totalBlockGas":{"daGas":0,"l2Gas":126480},"totalSizeInBytes":128,"silentlySkippedCount":0,"silentlySkippedDurationMs":0}
[21:18:14.464] WARN: txe:top_level_context Could not find function artifact in contract Billboard for function '0x8f3f1c4d' when enriching error callstack
[21:18:16.182] INFO: kv-store:lmdb-v2 Starting data store with maxReaders 2
[21:18:16.183] INFO: world-state:database Creating world state data store at directory /var/folders/ym/q1vh2x5n58xbsmpmvs5_6w3r0000gn/T/aztec-world-state-TA3IeU/world_state with map sizes {"archiveTreeMapSizeKb":10485760,"nullifierTreeMapSizeKb":10485760,"noteHashTreeMapSizeKb":10485760,"messageTreeMapSizeKb":10485760,"publicDataTreeMapSizeKb":10485760} and 1 threads (ephemeral=true).
[21:18:16.192] INFO: txe_node Aztec Node version: txe
[21:18:16.192] INFO: txe_node Aztec Node started on chain 0x1
[21:18:16.204] INFO: txe:top_level_context Created block 1 with timestamp 1789417096
[21:18:16.241] INFO: txe:top_level_context Created block 2 with timestamp 1789417096
[21:18:16.330] INFO: simulator:public-processor Processed 1 successful txs and 0 failed txs (0 silently skipped, 0ms wasted) in 0.05755179099997622s {"blockNumber":3,"successfulCount":1,"failedCount":0,"duration":0.05755179099997622,"rate":56302105.35066301,"totalPublicGas":{"daGas":4000,"l2Gas":3240287},"totalBlockGas":{"daGas":4000,"l2Gas":3240287},"totalSizeInBytes":4128,"silentlySkippedCount":0,"silentlySkippedDurationMs":0}
[21:18:16.375] INFO: simulator:public-processor Processed 1 successful txs and 0 failed txs (0 silently skipped, 0ms wasted) in 0.005307792000006885s {"blockNumber":4,"successfulCount":1,"failedCount":0,"duration":0.005307792000006885,"rate":7723362.181477124,"totalPublicGas":{"daGas":64,"l2Gas":40994},"totalBlockGas":{"daGas":64,"l2Gas":40994},"totalSizeInBytes":192,"silentlySkippedCount":0,"silentlySkippedDurationMs":0}
[21:18:16.410] INFO: simulator:public-processor Processed 1 successful txs and 0 failed txs (0 silently skipped, 0ms wasted) in 0.005607541000004858s {"blockNumber":5,"successfulCount":1,"failedCount":0,"duration":0.005607541000004858,"rate":1363699.3470031472,"totalPublicGas":{"daGas":0,"l2Gas":7647},"totalBlockGas":{"daGas":0,"l2Gas":7647},"totalSizeInBytes":128,"silentlySkippedCount":0,"silentlySkippedDurationMs":0}
[21:18:16.411] WARN: txe:top_level_context Could not find function artifact in contract Billboard for function '0xb6932320' when enriching error callstack
[billboard_test] Testing test_transfer_censor_old_censor_loses_rights ... [0m[32mok[0m
[billboard_test] Testing test_transfer_censor_rejects_non_censor ... [0m[32mok[0m
[21:18:18.135] INFO: kv-store:lmdb-v2 Starting data store with maxReaders 2
[21:18:18.136] INFO: world-state:database Creating world state data store at directory /var/folders/ym/q1vh2x5n58xbsmpmvs5_6w3r0000gn/T/aztec-world-state-VVrZG5/world_state with map sizes {"archiveTreeMapSizeKb":10485760,"nullifierTreeMapSizeKb":10485760,"noteHashTreeMapSizeKb":10485760,"messageTreeMapSizeKb":10485760,"publicDataTreeMapSizeKb":10485760} and 1 threads (ephemeral=true).
[21:18:18.145] INFO: txe_node Aztec Node version: txe
[21:18:18.145] INFO: txe_node Aztec Node started on chain 0x1
[21:18:18.158] INFO: txe:top_level_context Created block 1 with timestamp 1789417098
[21:18:18.196] INFO: txe:top_level_context Created block 2 with timestamp 1789417098
[21:18:18.281] INFO: simulator:public-processor Processed 1 successful txs and 0 failed txs (0 silently skipped, 0ms wasted) in 0.05456541700000526s {"blockNumber":3,"successfulCount":1,"failedCount":0,"duration":0.05456541700000526,"rate":59383528.58184311,"totalPublicGas":{"daGas":4000,"l2Gas":3240287},"totalBlockGas":{"daGas":4000,"l2Gas":3240287},"totalSizeInBytes":4128,"silentlySkippedCount":0,"silentlySkippedDurationMs":0}
[21:18:18.324] INFO: simulator:public-processor Processed 1 successful txs and 0 failed txs (0 silently skipped, 0ms wasted) in 0.004912000000011176s {"blockNumber":4,"successfulCount":1,"failedCount":0,"duration":0.004912000000011176,"rate":1556799.674263559,"totalPublicGas":{"daGas":0,"l2Gas":7647},"totalBlockGas":{"daGas":0,"l2Gas":7647},"totalSizeInBytes":128,"silentlySkippedCount":0,"silentlySkippedDurationMs":0}
[21:18:18.326] WARN: txe:top_level_context Could not find function artifact in contract Billboard for function '0xb6932320' when enriching error callstack
[billboard_test] Testing test_transfer_censor_rejects_zero_address ... [0m[32mok[0m
[21:18:20.043] INFO: kv-store:lmdb-v2 Starting data store with maxReaders 2
[21:18:20.043] INFO: world-state:database Creating world state data store at directory /var/folders/ym/q1vh2x5n58xbsmpmvs5_6w3r0000gn/T/aztec-world-state-eLN3AK/world_state with map sizes {"archiveTreeMapSizeKb":10485760,"nullifierTreeMapSizeKb":10485760,"noteHashTreeMapSizeKb":10485760,"messageTreeMapSizeKb":10485760,"publicDataTreeMapSizeKb":10485760} and 1 threads (ephemeral=true).
[21:18:20.053] INFO: txe_node Aztec Node version: txe
[21:18:20.053] INFO: txe_node Aztec Node started on chain 0x1
[21:18:20.065] INFO: txe:top_level_context Created block 1 with timestamp 1789417100
[21:18:20.100] INFO: txe:top_level_context Created block 2 with timestamp 1789417100
[21:18:20.185] INFO: simulator:public-processor Processed 1 successful txs and 0 failed txs (0 silently skipped, 0ms wasted) in 0.05540645800001221s {"blockNumber":3,"successfulCount":1,"failedCount":0,"duration":0.05540645800001221,"rate":58482117.734349415,"totalPublicGas":{"daGas":4000,"l2Gas":3240287},"totalBlockGas":{"daGas":4000,"l2Gas":3240287},"totalSizeInBytes":4128,"silentlySkippedCount":0,"silentlySkippedDurationMs":0}
[21:18:20.220] INFO: simulator:public-processor Processed 1 successful txs and 0 failed txs (0 silently skipped, 0ms wasted) in 0.004940249999985099s {"blockNumber":4,"successfulCount":1,"failedCount":0,"duration":0.004940249999985099,"rate":1559435.2512571707,"totalPublicGas":{"daGas":0,"l2Gas":7704},"totalBlockGas":{"daGas":0,"l2Gas":7704},"totalSizeInBytes":128,"silentlySkippedCount":0,"silentlySkippedDurationMs":0}
[21:18:20.221] WARN: txe:top_level_context Could not find function artifact in contract Billboard for function '0xb6932320' when enriching error callstack
[billboard_test] Testing test_transfer_censor_success ... [0m[32mok[0m
[21:18:21.914] INFO: kv-store:lmdb-v2 Starting data store with maxReaders 2
[21:18:21.915] INFO: world-state:database Creating world state data store at directory /var/folders/ym/q1vh2x5n58xbsmpmvs5_6w3r0000gn/T/aztec-world-state-Aqqxs3/world_state with map sizes {"archiveTreeMapSizeKb":10485760,"nullifierTreeMapSizeKb":10485760,"noteHashTreeMapSizeKb":10485760,"messageTreeMapSizeKb":10485760,"publicDataTreeMapSizeKb":10485760} and 1 threads (ephemeral=true).
[21:18:21.924] INFO: txe_node Aztec Node version: txe
[21:18:21.924] INFO: txe_node Aztec Node started on chain 0x1
[21:18:21.936] INFO: txe:top_level_context Created block 1 with timestamp 1789417101
[21:18:21.971] INFO: txe:top_level_context Created block 2 with timestamp 1789417101
[21:18:22.057] INFO: simulator:public-processor Processed 1 successful txs and 0 failed txs (0 silently skipped, 0ms wasted) in 0.05630600000001141s {"blockNumber":3,"successfulCount":1,"failedCount":0,"duration":0.05630600000001141,"rate":57547810.18007572,"totalPublicGas":{"daGas":4000,"l2Gas":3240287},"totalBlockGas":{"daGas":4000,"l2Gas":3240287},"totalSizeInBytes":4128,"silentlySkippedCount":0,"silentlySkippedDurationMs":0}
[21:18:22.099] INFO: simulator:public-processor Processed 1 successful txs and 0 failed txs (0 silently skipped, 0ms wasted) in 0.005581042000005255s {"blockNumber":4,"successfulCount":1,"failedCount":0,"duration":0.005581042000005255,"rate":7345223.347174488,"totalPublicGas":{"daGas":64,"l2Gas":40994},"totalBlockGas":{"daGas":64,"l2Gas":40994},"totalSizeInBytes":192,"silentlySkippedCount":0,"silentlySkippedDurationMs":0}
[21:18:22.135] INFO: simulator:public-processor Processed 1 successful txs and 0 failed txs (0 silently skipped, 0ms wasted) in 0.004924499999993713s {"blockNumber":5,"successfulCount":1,"failedCount":0,"duration":0.004924499999993713,"rate":1761803.2287564373,"totalPublicGas":{"daGas":0,"l2Gas":8676},"totalBlockGas":{"daGas":0,"l2Gas":8676},"totalSizeInBytes":128,"silentlySkippedCount":0,"silentlySkippedDurationMs":0}
[billboard_test] Testing test_withdraw_msg_hash_deterministic ... [0m[32mok[0m
[billboard_test] Testing test_withdraw_msg_hash_differs_from_deposit_hash ... [0m[32mok[0m
[21:18:27.377] INFO: kv-store:lmdb-v2 Starting data store with maxReaders 2
[21:18:27.378] INFO: world-state:database Creating world state data store at directory /var/folders/ym/q1vh2x5n58xbsmpmvs5_6w3r0000gn/T/aztec-world-state-35Vu5Z/world_state with map sizes {"archiveTreeMapSizeKb":10485760,"nullifierTreeMapSizeKb":10485760,"noteHashTreeMapSizeKb":10485760,"messageTreeMapSizeKb":10485760,"publicDataTreeMapSizeKb":10485760} and 1 threads (ephemeral=true).
[21:18:27.388] INFO: txe_node Aztec Node version: txe
[21:18:27.388] INFO: txe_node Aztec Node started on chain 0x1
[21:18:27.401] INFO: txe:top_level_context Created block 1 with timestamp 1789417107
[21:18:27.442] INFO: txe:top_level_context Created block 2 with timestamp 1789417107
[21:18:27.530] INFO: simulator:public-processor Processed 1 successful txs and 0 failed txs (0 silently skipped, 0ms wasted) in 0.05688783299998613s {"blockNumber":3,"successfulCount":1,"failedCount":0,"duration":0.05688783299998613,"rate":56959227.11629374,"totalPublicGas":{"daGas":4000,"l2Gas":3240287},"totalBlockGas":{"daGas":4000,"l2Gas":3240287},"totalSizeInBytes":4128,"silentlySkippedCount":0,"silentlySkippedDurationMs":0}
[21:18:27.668] INFO: simulator:public-processor Processed 1 successful txs and 0 failed txs (0 silently skipped, 0ms wasted) in 0.015121833000011974s {"blockNumber":4,"successfulCount":1,"failedCount":0,"duration":0.015121833000011974,"rate":75395291.03377198,"totalPublicGas":{"daGas":192,"l2Gas":1140115},"totalBlockGas":{"daGas":320,"l2Gas":1730915},"totalSizeInBytes":320,"silentlySkippedCount":0,"silentlySkippedDurationMs":0}
[21:18:27.700] INFO: txe:top_level_context Created block 5 with timestamp 1789417107
[21:18:27.876] INFO: simulator:public-processor Processed 1 successful txs and 0 failed txs (0 silently skipped, 0ms wasted) in 0.005031416999991052s {"blockNumber":6,"successfulCount":1,"failedCount":0,"duration":0.005031416999991052,"rate":0,"totalPublicGas":{"daGas":0,"l2Gas":0},"totalBlockGas":{"daGas":1984,"l2Gas":529900},"totalSizeInBytes":1984,"silentlySkippedCount":0,"silentlySkippedDurationMs":0}
[21:18:27.908] INFO: txe:top_level_context Created block 7 with timestamp 1789417207
[billboard_test] Testing test_withdraw_no_posts_too_early ... [0m[32mok[0m
[21:18:29.830] INFO: kv-store:lmdb-v2 Starting data store with maxReaders 2
[21:18:29.831] INFO: world-state:database Creating world state data store at directory /var/folders/ym/q1vh2x5n58xbsmpmvs5_6w3r0000gn/T/aztec-world-state-DOmn7c/world_state with map sizes {"archiveTreeMapSizeKb":10485760,"nullifierTreeMapSizeKb":10485760,"noteHashTreeMapSizeKb":10485760,"messageTreeMapSizeKb":10485760,"publicDataTreeMapSizeKb":10485760} and 1 threads (ephemeral=true).
[21:18:29.842] INFO: txe_node Aztec Node version: txe
[21:18:29.842] INFO: txe_node Aztec Node started on chain 0x1
[21:18:29.854] INFO: txe:top_level_context Created block 1 with timestamp 1789417109
[21:18:29.895] INFO: txe:top_level_context Created block 2 with timestamp 1789417109
[21:18:29.979] INFO: simulator:public-processor Processed 1 successful txs and 0 failed txs (0 silently skipped, 0ms wasted) in 0.05499287499999628s {"blockNumber":3,"successfulCount":1,"failedCount":0,"duration":0.05499287499999628,"rate":58921942.16069299,"totalPublicGas":{"daGas":4000,"l2Gas":3240287},"totalBlockGas":{"daGas":4000,"l2Gas":3240287},"totalSizeInBytes":4128,"silentlySkippedCount":0,"silentlySkippedDurationMs":0}
[21:18:30.120] INFO: simulator:public-processor Processed 1 successful txs and 0 failed txs (0 silently skipped, 0ms wasted) in 0.015182499999995344s {"blockNumber":4,"successfulCount":1,"failedCount":0,"duration":0.015182499999995344,"rate":75094022.7235534,"totalPublicGas":{"daGas":192,"l2Gas":1140115},"totalBlockGas":{"daGas":320,"l2Gas":1730915},"totalSizeInBytes":320,"silentlySkippedCount":0,"silentlySkippedDurationMs":0}
[21:18:30.151] INFO: txe:top_level_context Created block 5 with timestamp 1789417109
[21:18:30.308] INFO: simulator:public-processor Processed 1 successful txs and 0 failed txs (0 silently skipped, 0ms wasted) in 0.004696666999981972s {"blockNumber":6,"successfulCount":1,"failedCount":0,"duration":0.004696666999981972,"rate":0,"totalPublicGas":{"daGas":0,"l2Gas":0},"totalBlockGas":{"daGas":1984,"l2Gas":529900},"totalSizeInBytes":1984,"silentlySkippedCount":0,"silentlySkippedDurationMs":0}
[21:18:30.339] INFO: txe:top_level_context Created block 7 with timestamp 1789420710
[21:18:30.750] INFO: simulator:public-processor Processed 1 successful txs and 0 failed txs (0 silently skipped, 0ms wasted) in 0.03069737500001793s {"blockNumber":8,"successfulCount":1,"failedCount":0,"duration":0.03069737500001793,"rate":39005647.87703511,"totalPublicGas":{"daGas":2176,"l2Gas":1197371},"totalBlockGas":{"daGas":3552,"l2Gas":1924121},"totalSizeInBytes":3552,"silentlySkippedCount":0,"silentlySkippedDurationMs":0}
[21:18:30.786] INFO: txe:top_level_context Created block 9 with timestamp 1789424311
[21:18:31.180] INFO: simulator:public-processor Processed 1 successful txs and 0 failed txs (0 silently skipped, 0ms wasted) in 0.009378125000017463s {"blockNumber":10,"successfulCount":1,"failedCount":0,"duration":0.009378125000017463,"rate":10305471.509477645,"totalPublicGas":{"daGas":128,"l2Gas":96646},"totalBlockGas":{"daGas":1504,"l2Gas":823396},"totalSizeInBytes":1504,"silentlySkippedCount":0,"silentlySkippedDurationMs":0}
[21:18:31.499] INFO: txe:top_level_context Created block 11 with timestamp 1789427909
[21:18:31.634] INFO: simulator:public-processor Processed 1 successful txs and 0 failed txs (0 silently skipped, 0ms wasted) in 0.004339166999998269s {"blockNumber":12,"successfulCount":1,"failedCount":0,"duration":0.004339166999998269,"rate":0,"totalPublicGas":{"daGas":0,"l2Gas":0},"totalBlockGas":{"daGas":256,"l2Gas":477200},"totalSizeInBytes":256,"silentlySkippedCount":0,"silentlySkippedDurationMs":0}
[billboard_test] Testing test_withdraw_succeeds_after_dummy_post ... [0m[32mok[0m
[21:18:33.745] INFO: kv-store:lmdb-v2 Starting data store with maxReaders 2
[21:18:33.747] INFO: world-state:database Creating world state data store at directory /var/folders/ym/q1vh2x5n58xbsmpmvs5_6w3r0000gn/T/aztec-world-state-nW9SUx/world_state with map sizes {"archiveTreeMapSizeKb":10485760,"nullifierTreeMapSizeKb":10485760,"noteHashTreeMapSizeKb":10485760,"messageTreeMapSizeKb":10485760,"publicDataTreeMapSizeKb":10485760} and 1 threads (ephemeral=true).
[21:18:33.756] INFO: txe_node Aztec Node version: txe
[21:18:33.756] INFO: txe_node Aztec Node started on chain 0x1
[21:18:33.769] INFO: txe:top_level_context Created block 1 with timestamp 1789417113
[21:18:33.809] INFO: txe:top_level_context Created block 2 with timestamp 1789417113
[21:18:33.895] INFO: simulator:public-processor Processed 1 successful txs and 0 failed txs (0 silently skipped, 0ms wasted) in 0.05731758400000399s {"blockNumber":3,"successfulCount":1,"failedCount":0,"duration":0.05731758400000399,"rate":56532162.97462528,"totalPublicGas":{"daGas":4000,"l2Gas":3240287},"totalBlockGas":{"daGas":4000,"l2Gas":3240287},"totalSizeInBytes":4128,"silentlySkippedCount":0,"silentlySkippedDurationMs":0}
[21:18:34.071] INFO: simulator:public-processor Processed 1 successful txs and 0 failed txs (0 silently skipped, 0ms wasted) in 0.016486040999996475s {"blockNumber":4,"successfulCount":1,"failedCount":0,"duration":0.016486040999996475,"rate":69156385.08967943,"totalPublicGas":{"daGas":192,"l2Gas":1140115},"totalBlockGas":{"daGas":320,"l2Gas":1730915},"totalSizeInBytes":320,"silentlySkippedCount":0,"silentlySkippedDurationMs":0}
[21:18:34.104] INFO: txe:top_level_context Created block 5 with timestamp 1789417113
[21:18:34.277] INFO: simulator:public-processor Processed 1 successful txs and 0 failed txs (0 silently skipped, 0ms wasted) in 0.005153874999989057s {"blockNumber":6,"successfulCount":1,"failedCount":0,"duration":0.005153874999989057,"rate":0,"totalPublicGas":{"daGas":0,"l2Gas":0},"totalBlockGas":{"daGas":1984,"l2Gas":529900},"totalSizeInBytes":1984,"silentlySkippedCount":0,"silentlySkippedDurationMs":0}
[21:18:34.309] INFO: txe:top_level_context Created block 7 with timestamp 1789420714
[21:18:34.704] INFO: simulator:public-processor Processed 1 successful txs and 0 failed txs (0 silently skipped, 0ms wasted) in 0.030423708000016633s {"blockNumber":8,"successfulCount":1,"failedCount":0,"duration":0.030423708000016633,"rate":39356511.04721835,"totalPublicGas":{"daGas":2176,"l2Gas":1197371},"totalBlockGas":{"daGas":3552,"l2Gas":1924121},"totalSizeInBytes":3552,"silentlySkippedCount":0,"silentlySkippedDurationMs":0}
[billboard_test] Testing test_withdraw_unscreened_real_posts ... [0m[32mok[0m
[21:18:36.575] INFO: kv-store:lmdb-v2 Starting data store with maxReaders 2
[21:18:36.576] INFO: world-state:database Creating world state data store at directory /var/folders/ym/q1vh2x5n58xbsmpmvs5_6w3r0000gn/T/aztec-world-state-wgmtZM/world_state with map sizes {"archiveTreeMapSizeKb":10485760,"nullifierTreeMapSizeKb":10485760,"noteHashTreeMapSizeKb":10485760,"messageTreeMapSizeKb":10485760,"publicDataTreeMapSizeKb":10485760} and 1 threads (ephemeral=true).
[21:18:36.586] INFO: txe_node Aztec Node version: txe
[21:18:36.586] INFO: txe_node Aztec Node started on chain 0x1
[21:18:36.599] INFO: txe:top_level_context Created block 1 with timestamp 1789417116
[21:18:36.638] INFO: txe:top_level_context Created block 2 with timestamp 1789417116
[21:18:36.723] INFO: simulator:public-processor Processed 1 successful txs and 0 failed txs (0 silently skipped, 0ms wasted) in 0.05527316700000665s {"blockNumber":3,"successfulCount":1,"failedCount":0,"duration":0.05527316700000665,"rate":58623147.104988754,"totalPublicGas":{"daGas":4000,"l2Gas":3240287},"totalBlockGas":{"daGas":4000,"l2Gas":3240287},"totalSizeInBytes":4128,"silentlySkippedCount":0,"silentlySkippedDurationMs":0}
[21:18:36.867] INFO: simulator:public-processor Processed 1 successful txs and 0 failed txs (0 silently skipped, 0ms wasted) in 0.014881958000012673s {"blockNumber":4,"successfulCount":1,"failedCount":0,"duration":0.014881958000012673,"rate":76610550.84277412,"totalPublicGas":{"daGas":192,"l2Gas":1140115},"totalBlockGas":{"daGas":320,"l2Gas":1730915},"totalSizeInBytes":320,"silentlySkippedCount":0,"silentlySkippedDurationMs":0}
[21:18:36.898] INFO: txe:top_level_context Created block 5 with timestamp 1789417116
[21:18:37.056] INFO: simulator:public-processor Processed 1 successful txs and 0 failed txs (0 silently skipped, 0ms wasted) in 0.004615041000011842s {"blockNumber":6,"successfulCount":1,"failedCount":0,"duration":0.004615041000011842,"rate":0,"totalPublicGas":{"daGas":0,"l2Gas":0},"totalBlockGas":{"daGas":1984,"l2Gas":529900},"totalSizeInBytes":1984,"silentlySkippedCount":0,"silentlySkippedDurationMs":0}
[billboard_test] Testing c01::c01_claim_delivers_exact_v1_receipt_and_initial_eligibility ... [0m[32mok[0m
[21:18:39.046] INFO: kv-store:lmdb-v2 Starting data store with maxReaders 2
[21:18:39.048] INFO: world-state:database Creating world state data store at directory /var/folders/ym/q1vh2x5n58xbsmpmvs5_6w3r0000gn/T/aztec-world-state-Cj5rCy/world_state with map sizes {"archiveTreeMapSizeKb":10485760,"nullifierTreeMapSizeKb":10485760,"noteHashTreeMapSizeKb":10485760,"messageTreeMapSizeKb":10485760,"publicDataTreeMapSizeKb":10485760} and 1 threads (ephemeral=true).
[21:18:39.057] INFO: txe_node Aztec Node version: txe
[21:18:39.057] INFO: txe_node Aztec Node started on chain 0x1
[21:18:39.070] INFO: txe:top_level_context Created block 1 with timestamp 1789417119
[21:18:39.105] INFO: txe:top_level_context Created block 2 with timestamp 1789417119
[21:18:39.191] INFO: simulator:public-processor Processed 1 successful txs and 0 failed txs (0 silently skipped, 0ms wasted) in 0.05614700000002631s {"blockNumber":3,"successfulCount":1,"failedCount":0,"duration":0.05614700000002631,"rate":57710777.06731404,"totalPublicGas":{"daGas":4000,"l2Gas":3240287},"totalBlockGas":{"daGas":4000,"l2Gas":3240287},"totalSizeInBytes":4128,"silentlySkippedCount":0,"silentlySkippedDurationMs":0}
[21:18:39.316] INFO: simulator:public-processor Processed 1 successful txs and 0 failed txs (0 silently skipped, 0ms wasted) in 0.014649000000004889s {"blockNumber":4,"successfulCount":1,"failedCount":0,"duration":0.014649000000004889,"rate":77828862.03833842,"totalPublicGas":{"daGas":192,"l2Gas":1140115},"totalBlockGas":{"daGas":320,"l2Gas":1730915},"totalSizeInBytes":320,"silentlySkippedCount":0,"silentlySkippedDurationMs":0}
[billboard_test] Testing c01::c01_claim_rejects_amount_above_configuration ... [0m[32mok[0m
[21:18:41.160] INFO: kv-store:lmdb-v2 Starting data store with maxReaders 2
[21:18:41.160] INFO: world-state:database Creating world state data store at directory /var/folders/ym/q1vh2x5n58xbsmpmvs5_6w3r0000gn/T/aztec-world-state-yoe35T/world_state with map sizes {"archiveTreeMapSizeKb":10485760,"nullifierTreeMapSizeKb":10485760,"noteHashTreeMapSizeKb":10485760,"messageTreeMapSizeKb":10485760,"publicDataTreeMapSizeKb":10485760} and 1 threads (ephemeral=true).
[21:18:41.169] INFO: txe_node Aztec Node version: txe
[21:18:41.169] INFO: txe_node Aztec Node started on chain 0x1
[21:18:41.181] INFO: txe:top_level_context Created block 1 with timestamp 1789417121
[21:18:41.216] INFO: txe:top_level_context Created block 2 with timestamp 1789417121
[21:18:41.308] INFO: simulator:public-processor Processed 1 successful txs and 0 failed txs (0 silently skipped, 0ms wasted) in 0.05444620799997938s {"blockNumber":3,"successfulCount":1,"failedCount":0,"duration":0.05444620799997938,"rate":59513547.75710417,"totalPublicGas":{"daGas":4000,"l2Gas":3240287},"totalBlockGas":{"daGas":4000,"l2Gas":3240287},"totalSizeInBytes":4128,"silentlySkippedCount":0,"silentlySkippedDurationMs":0}
[21:18:41.435] INFO: simulator:public-processor Processed 1 successful txs and 0 failed txs (0 silently skipped, 0ms wasted) in 0.014840958000015234s {"blockNumber":4,"successfulCount":1,"failedCount":0,"duration":0.014840958000015234,"rate":76822197.05755045,"totalPublicGas":{"daGas":192,"l2Gas":1140115},"totalBlockGas":{"daGas":320,"l2Gas":1730915},"totalSizeInBytes":320,"silentlySkippedCount":0,"silentlySkippedDurationMs":0}
[21:18:41.465] INFO: txe:top_level_context Created block 5 with timestamp 1789417121
[billboard_test] Testing c01::c01_claim_rejects_changed_in_range_amount ... [0m[32mok[0m
[21:18:43.403] INFO: kv-store:lmdb-v2 Starting data store with maxReaders 2
[21:18:43.404] INFO: world-state:database Creating world state data store at directory /var/folders/ym/q1vh2x5n58xbsmpmvs5_6w3r0000gn/T/aztec-world-state-0656Hb/world_state with map sizes {"archiveTreeMapSizeKb":10485760,"nullifierTreeMapSizeKb":10485760,"noteHashTreeMapSizeKb":10485760,"messageTreeMapSizeKb":10485760,"publicDataTreeMapSizeKb":10485760} and 1 threads (ephemeral=true).
[21:18:43.414] INFO: txe_node Aztec Node version: txe
[21:18:43.414] INFO: txe_node Aztec Node started on chain 0x1
[21:18:43.427] INFO: txe:top_level_context Created block 1 with timestamp 1789417123
[21:18:43.464] INFO: txe:top_level_context Created block 2 with timestamp 1789417123
[21:18:43.549] INFO: simulator:public-processor Processed 1 successful txs and 0 failed txs (0 silently skipped, 0ms wasted) in 0.05487975000002188s {"blockNumber":3,"successfulCount":1,"failedCount":0,"duration":0.05487975000002188,"rate":59043399.43237183,"totalPublicGas":{"daGas":4000,"l2Gas":3240287},"totalBlockGas":{"daGas":4000,"l2Gas":3240287},"totalSizeInBytes":4128,"silentlySkippedCount":0,"silentlySkippedDurationMs":0}
[21:18:43.682] INFO: simulator:public-processor Processed 1 successful txs and 0 failed txs (0 silently skipped, 0ms wasted) in 0.01501920800001244s {"blockNumber":4,"successfulCount":1,"failedCount":0,"duration":0.01501920800001244,"rate":75910460.79121187,"totalPublicGas":{"daGas":192,"l2Gas":1140115},"totalBlockGas":{"daGas":320,"l2Gas":1730915},"totalSizeInBytes":320,"silentlySkippedCount":0,"silentlySkippedDurationMs":0}
[21:18:43.713] INFO: txe:top_level_context Created block 5 with timestamp 1789417123
[billboard_test] Testing c01::c01_claim_rejects_changed_nonzero_depositor ... [0m[32mok[0m
[21:18:45.650] INFO: kv-store:lmdb-v2 Starting data store with maxReaders 2
[21:18:45.650] INFO: world-state:database Creating world state data store at directory /var/folders/ym/q1vh2x5n58xbsmpmvs5_6w3r0000gn/T/aztec-world-state-HVnIse/world_state with map sizes {"archiveTreeMapSizeKb":10485760,"nullifierTreeMapSizeKb":10485760,"noteHashTreeMapSizeKb":10485760,"messageTreeMapSizeKb":10485760,"publicDataTreeMapSizeKb":10485760} and 1 threads (ephemeral=true).
[21:18:45.660] INFO: txe_node Aztec Node version: txe
[21:18:45.660] INFO: txe_node Aztec Node started on chain 0x1
[21:18:45.672] INFO: txe:top_level_context Created block 1 with timestamp 1789417125
[21:18:45.708] INFO: txe:top_level_context Created block 2 with timestamp 1789417125
[21:18:45.792] INFO: simulator:public-processor Processed 1 successful txs and 0 failed txs (0 silently skipped, 0ms wasted) in 0.055505417000007586s {"blockNumber":3,"successfulCount":1,"failedCount":0,"duration":0.055505417000007586,"rate":58377851.66084883,"totalPublicGas":{"daGas":4000,"l2Gas":3240287},"totalBlockGas":{"daGas":4000,"l2Gas":3240287},"totalSizeInBytes":4128,"silentlySkippedCount":0,"silentlySkippedDurationMs":0}
[21:18:45.922] INFO: simulator:public-processor Processed 1 successful txs and 0 failed txs (0 silently skipped, 0ms wasted) in 0.015005208999995375s {"blockNumber":4,"successfulCount":1,"failedCount":0,"duration":0.015005208999995375,"rate":75981280.90054269,"totalPublicGas":{"daGas":192,"l2Gas":1140115},"totalBlockGas":{"daGas":320,"l2Gas":1730915},"totalSizeInBytes":320,"silentlySkippedCount":0,"silentlySkippedDurationMs":0}
[21:18:45.953] INFO: txe:top_level_context Created block 5 with timestamp 1789417125
[billboard_test] Testing c01::c01_claim_rejects_changed_receipt_nonce ... [0m[32mok[0m
[21:18:47.790] INFO: kv-store:lmdb-v2 Starting data store with maxReaders 2
[21:18:47.791] INFO: world-state:database Creating world state data store at directory /var/folders/ym/q1vh2x5n58xbsmpmvs5_6w3r0000gn/T/aztec-world-state-C73JFE/world_state with map sizes {"archiveTreeMapSizeKb":10485760,"nullifierTreeMapSizeKb":10485760,"noteHashTreeMapSizeKb":10485760,"messageTreeMapSizeKb":10485760,"publicDataTreeMapSizeKb":10485760} and 1 threads (ephemeral=true).
[21:18:47.800] INFO: txe_node Aztec Node version: txe
[21:18:47.800] INFO: txe_node Aztec Node started on chain 0x1
[21:18:47.812] INFO: txe:top_level_context Created block 1 with timestamp 1789417127
[21:18:47.848] INFO: txe:top_level_context Created block 2 with timestamp 1789417127
[21:18:47.935] INFO: simulator:public-processor Processed 1 successful txs and 0 failed txs (0 silently skipped, 0ms wasted) in 0.056570665999985066s {"blockNumber":3,"successfulCount":1,"failedCount":0,"duration":0.056570665999985066,"rate":57278572.608652964,"totalPublicGas":{"daGas":4000,"l2Gas":3240287},"totalBlockGas":{"daGas":4000,"l2Gas":3240287},"totalSizeInBytes":4128,"silentlySkippedCount":0,"silentlySkippedDurationMs":0}
[21:18:47.968] INFO: txe:top_level_context Created block 4 with timestamp 1789417127
[billboard_test] Testing c01::c01_claim_rejects_unbound_portal ... [0m[32mok[0m
[21:18:49.796] INFO: kv-store:lmdb-v2 Starting data store with maxReaders 2
[21:18:49.797] INFO: world-state:database Creating world state data store at directory /var/folders/ym/q1vh2x5n58xbsmpmvs5_6w3r0000gn/T/aztec-world-state-OkQXHb/world_state with map sizes {"archiveTreeMapSizeKb":10485760,"nullifierTreeMapSizeKb":10485760,"noteHashTreeMapSizeKb":10485760,"messageTreeMapSizeKb":10485760,"publicDataTreeMapSizeKb":10485760} and 1 threads (ephemeral=true).
[21:18:49.806] INFO: txe_node Aztec Node version: txe
[21:18:49.806] INFO: txe_node Aztec Node started on chain 0x1
[21:18:49.818] INFO: txe:top_level_context Created block 1 with timestamp 1789417129
[21:18:49.854] INFO: txe:top_level_context Created block 2 with timestamp 1789417129
[21:18:49.940] INFO: simulator:public-processor Processed 1 successful txs and 0 failed txs (0 silently skipped, 0ms wasted) in 0.056296334000013305s {"blockNumber":3,"successfulCount":1,"failedCount":0,"duration":0.056296334000013305,"rate":57557691.05674331,"totalPublicGas":{"daGas":4000,"l2Gas":3240287},"totalBlockGas":{"daGas":4000,"l2Gas":3240287},"totalSizeInBytes":4128,"silentlySkippedCount":0,"silentlySkippedDurationMs":0}
[21:18:50.071] INFO: simulator:public-processor Processed 1 successful txs and 0 failed txs (0 silently skipped, 0ms wasted) in 0.015449208000005456s {"blockNumber":4,"successfulCount":1,"failedCount":0,"duration":0.015449208000005456,"rate":73797634.15701292,"totalPublicGas":{"daGas":192,"l2Gas":1140115},"totalBlockGas":{"daGas":320,"l2Gas":1730915},"totalSizeInBytes":320,"silentlySkippedCount":0,"silentlySkippedDurationMs":0}
[21:18:50.102] INFO: txe:top_level_context Created block 5 with timestamp 1789417129
[billboard_test] Testing c01::c01_claim_rejects_wrong_nonzero_secret ... [0m[32mok[0m
[21:18:51.967] INFO: kv-store:lmdb-v2 Starting data store with maxReaders 2
[21:18:51.968] INFO: world-state:database Creating world state data store at directory /var/folders/ym/q1vh2x5n58xbsmpmvs5_6w3r0000gn/T/aztec-world-state-vXeN3h/world_state with map sizes {"archiveTreeMapSizeKb":10485760,"nullifierTreeMapSizeKb":10485760,"noteHashTreeMapSizeKb":10485760,"messageTreeMapSizeKb":10485760,"publicDataTreeMapSizeKb":10485760} and 1 threads (ephemeral=true).
[21:18:51.977] INFO: txe_node Aztec Node version: txe
[21:18:51.977] INFO: txe_node Aztec Node started on chain 0x1
[21:18:51.990] INFO: txe:top_level_context Created block 1 with timestamp 1789417131
[21:18:52.026] INFO: txe:top_level_context Created block 2 with timestamp 1789417131
[21:18:52.113] INFO: simulator:public-processor Processed 1 successful txs and 0 failed txs (0 silently skipped, 0ms wasted) in 0.05707670800000778s {"blockNumber":3,"successfulCount":1,"failedCount":0,"duration":0.05707670800000778,"rate":56770740.87733929,"totalPublicGas":{"daGas":4000,"l2Gas":3240287},"totalBlockGas":{"daGas":4000,"l2Gas":3240287},"totalSizeInBytes":4128,"silentlySkippedCount":0,"silentlySkippedDurationMs":0}
[21:18:52.253] INFO: simulator:public-processor Processed 1 successful txs and 0 failed txs (0 silently skipped, 0ms wasted) in 0.015120959000021686s {"blockNumber":4,"successfulCount":1,"failedCount":0,"duration":0.015120959000021686,"rate":75399648.92427556,"totalPublicGas":{"daGas":192,"l2Gas":1140115},"totalBlockGas":{"daGas":320,"l2Gas":1730915},"totalSizeInBytes":320,"silentlySkippedCount":0,"silentlySkippedDurationMs":0}
[21:18:52.284] INFO: txe:top_level_context Created block 5 with timestamp 1789417131
[billboard_test] Testing c01::c01_claim_rejects_wrong_portal_origin ... [0m[32mok[0m
[21:18:54.126] INFO: kv-store:lmdb-v2 Starting data store with maxReaders 2
[21:18:54.126] INFO: world-state:database Creating world state data store at directory /var/folders/ym/q1vh2x5n58xbsmpmvs5_6w3r0000gn/T/aztec-world-state-nrj2xH/world_state with map sizes {"archiveTreeMapSizeKb":10485760,"nullifierTreeMapSizeKb":10485760,"noteHashTreeMapSizeKb":10485760,"messageTreeMapSizeKb":10485760,"publicDataTreeMapSizeKb":10485760} and 1 threads (ephemeral=true).
[21:18:54.136] INFO: txe_node Aztec Node version: txe
[21:18:54.136] INFO: txe_node Aztec Node started on chain 0x1
[21:18:54.148] INFO: txe:top_level_context Created block 1 with timestamp 1789417134
[21:18:54.184] INFO: txe:top_level_context Created block 2 with timestamp 1789417134
[21:18:54.270] INFO: simulator:public-processor Processed 1 successful txs and 0 failed txs (0 silently skipped, 0ms wasted) in 0.05713925000000745s {"blockNumber":3,"successfulCount":1,"failedCount":0,"duration":0.05713925000000745,"rate":56708602.23050841,"totalPublicGas":{"daGas":4000,"l2Gas":3240287},"totalBlockGas":{"daGas":4000,"l2Gas":3240287},"totalSizeInBytes":4128,"silentlySkippedCount":0,"silentlySkippedDurationMs":0}
[21:18:54.395] INFO: simulator:public-processor Processed 1 successful txs and 0 failed txs (0 silently skipped, 0ms wasted) in 0.014913499999995111s {"blockNumber":4,"successfulCount":1,"failedCount":0,"duration":0.014913499999995111,"rate":76448519.79752398,"totalPublicGas":{"daGas":192,"l2Gas":1140115},"totalBlockGas":{"daGas":320,"l2Gas":1730915},"totalSizeInBytes":320,"silentlySkippedCount":0,"silentlySkippedDurationMs":0}
[21:18:54.425] INFO: txe:top_level_context Created block 5 with timestamp 1789417134
[billboard_test] Testing c01::c01_claim_rejects_wrong_recipient_envelope ... [0m[32mok[0m
[21:18:56.299] INFO: kv-store:lmdb-v2 Starting data store with maxReaders 2
[21:18:56.300] INFO: world-state:database Creating world state data store at directory /var/folders/ym/q1vh2x5n58xbsmpmvs5_6w3r0000gn/T/aztec-world-state-h115z2/world_state with map sizes {"archiveTreeMapSizeKb":10485760,"nullifierTreeMapSizeKb":10485760,"noteHashTreeMapSizeKb":10485760,"messageTreeMapSizeKb":10485760,"publicDataTreeMapSizeKb":10485760} and 1 threads (ephemeral=true).
[21:18:56.309] INFO: txe_node Aztec Node version: txe
[21:18:56.309] INFO: txe_node Aztec Node started on chain 0x1
[21:18:56.321] INFO: txe:top_level_context Created block 1 with timestamp 1789417136
[21:18:56.358] INFO: txe:top_level_context Created block 2 with timestamp 1789417136
[21:18:56.443] INFO: simulator:public-processor Processed 1 successful txs and 0 failed txs (0 silently skipped, 0ms wasted) in 0.05548616699999548s {"blockNumber":3,"successfulCount":1,"failedCount":0,"duration":0.05548616699999548,"rate":58398104.88261451,"totalPublicGas":{"daGas":4000,"l2Gas":3240287},"totalBlockGas":{"daGas":4000,"l2Gas":3240287},"totalSizeInBytes":4128,"silentlySkippedCount":0,"silentlySkippedDurationMs":0}
[21:18:56.575] INFO: simulator:public-processor Processed 1 successful txs and 0 failed txs (0 silently skipped, 0ms wasted) in 0.015093625000008614s {"blockNumber":4,"successfulCount":1,"failedCount":0,"duration":0.015093625000008614,"rate":75536194.91668499,"totalPublicGas":{"daGas":192,"l2Gas":1140115},"totalBlockGas":{"daGas":320,"l2Gas":1730915},"totalSizeInBytes":320,"silentlySkippedCount":0,"silentlySkippedDurationMs":0}
[billboard_test] Testing c01::c01_claim_rejects_zero_secret ... [0m[32mok[0m
[21:18:58.440] INFO: kv-store:lmdb-v2 Starting data store with maxReaders 2
[21:18:58.442] INFO: world-state:database Creating world state data store at directory /var/folders/ym/q1vh2x5n58xbsmpmvs5_6w3r0000gn/T/aztec-world-state-2p7qzK/world_state with map sizes {"archiveTreeMapSizeKb":10485760,"nullifierTreeMapSizeKb":10485760,"noteHashTreeMapSizeKb":10485760,"messageTreeMapSizeKb":10485760,"publicDataTreeMapSizeKb":10485760} and 1 threads (ephemeral=true).
[21:18:58.451] INFO: txe_node Aztec Node version: txe
[21:18:58.451] INFO: txe_node Aztec Node started on chain 0x1
[21:18:58.463] INFO: txe:top_level_context Created block 1 with timestamp 1789417138
[21:18:58.508] INFO: txe:top_level_context Created block 2 with timestamp 1789417138
[21:18:58.627] INFO: simulator:public-processor Processed 1 successful txs and 0 failed txs (0 silently skipped, 0ms wasted) in 0.05809124999999767s {"blockNumber":3,"successfulCount":1,"failedCount":0,"duration":0.05809124999999767,"rate":55779261.076326124,"totalPublicGas":{"daGas":4000,"l2Gas":3240287},"totalBlockGas":{"daGas":4000,"l2Gas":3240287},"totalSizeInBytes":4128,"silentlySkippedCount":0,"silentlySkippedDurationMs":0}
[21:18:58.751] INFO: simulator:public-processor Processed 1 successful txs and 0 failed txs (0 silently skipped, 0ms wasted) in 0.01500770799999009s {"blockNumber":4,"successfulCount":1,"failedCount":0,"duration":0.01500770799999009,"rate":75968628.92060219,"totalPublicGas":{"daGas":192,"l2Gas":1140115},"totalBlockGas":{"daGas":320,"l2Gas":1730915},"totalSizeInBytes":320,"silentlySkippedCount":0,"silentlySkippedDurationMs":0}
[21:18:58.786] INFO: txe:top_level_context Created block 5 with timestamp 1789417138
[21:18:58.953] INFO: simulator:public-processor Processed 1 successful txs and 0 failed txs (0 silently skipped, 0ms wasted) in 0.00478379099999438s {"blockNumber":6,"successfulCount":1,"failedCount":0,"duration":0.00478379099999438,"rate":0,"totalPublicGas":{"daGas":0,"l2Gas":0},"totalBlockGas":{"daGas":1984,"l2Gas":529900},"totalSizeInBytes":1984,"silentlySkippedCount":0,"silentlySkippedDurationMs":0}
[billboard_test] Testing c01::c01_claim_replay_cannot_mint_right_for_second_owner ... [0m[32mok[0m
[billboard_test] Testing c01::c01_cooldown_ceiling_and_maximum_boundaries ... [0m[32mok[0m
[billboard_test] Testing c01::c01_cooldown_rejects_above_u32 ... [0m[32mok[0m
[billboard_test] Testing c01::c01_cooldown_rejects_above_u96 ... [0m[32mok[0m
[billboard_test] Testing c01::c01_cooldown_rejects_zero_amount ... [0m[32mok[0m
[billboard_test] Testing c01::c01_frozen_claim_boundary_vector ... [0m[32mok[0m
[billboard_test] Testing c01::c01_frozen_claim_vector ... [0m[32mok[0m
[billboard_test] Testing c01::c01_frozen_config_vector ... [0m[32mok[0m
[billboard_test] Testing c01::c01_frozen_exit_vector ... [0m[32mok[0m
[billboard_test] Testing c01::c01_frozen_ready_vector ... [0m[32mok[0m
[billboard_test] Testing c01::c01_init_rejects_wrong_configured_chain ... [0m[32mok[0m
[21:19:16.775] INFO: kv-store:lmdb-v2 Starting data store with maxReaders 2
[21:19:16.776] INFO: world-state:database Creating world state data store at directory /var/folders/ym/q1vh2x5n58xbsmpmvs5_6w3r0000gn/T/aztec-world-state-YcyXuX/world_state with map sizes {"archiveTreeMapSizeKb":10485760,"nullifierTreeMapSizeKb":10485760,"noteHashTreeMapSizeKb":10485760,"messageTreeMapSizeKb":10485760,"publicDataTreeMapSizeKb":10485760} and 1 threads (ephemeral=true).
[21:19:16.786] INFO: txe_node Aztec Node version: txe
[21:19:16.786] INFO: txe_node Aztec Node started on chain 0x1
[21:19:16.799] INFO: txe:top_level_context Created block 1 with timestamp 1789417156
[21:19:16.845] INFO: txe:top_level_context Created block 2 with timestamp 1789417156
[21:19:16.882] INFO: simulator:public-processor Processed 1 successful txs and 0 failed txs (0 silently skipped, 0ms wasted) in 0.007304999999993015s {"blockNumber":3,"successfulCount":1,"failedCount":0,"duration":0.007304999999993015,"rate":17229979.466135573,"totalPublicGas":{"daGas":0,"l2Gas":125865},"totalBlockGas":{"daGas":0,"l2Gas":125865},"totalSizeInBytes":128,"silentlySkippedCount":0,"silentlySkippedDurationMs":0}
[21:19:16.884] WARN: txe:top_level_context Could not find function artifact in contract Billboard for function '0x8f3f1c4d' when enriching error callstack
[billboard_test] Testing c01::c01_init_rejects_wrong_configured_rollup_version ... [0m[32mok[0m
[21:19:18.641] INFO: kv-store:lmdb-v2 Starting data store with maxReaders 2
[21:19:18.642] INFO: world-state:database Creating world state data store at directory /var/folders/ym/q1vh2x5n58xbsmpmvs5_6w3r0000gn/T/aztec-world-state-eMAr1h/world_state with map sizes {"archiveTreeMapSizeKb":10485760,"nullifierTreeMapSizeKb":10485760,"noteHashTreeMapSizeKb":10485760,"messageTreeMapSizeKb":10485760,"publicDataTreeMapSizeKb":10485760} and 1 threads (ephemeral=true).
[21:19:18.652] INFO: txe_node Aztec Node version: txe
[21:19:18.652] INFO: txe_node Aztec Node started on chain 0x1
[21:19:18.665] INFO: txe:top_level_context Created block 1 with timestamp 1789417158
[21:19:18.708] INFO: txe:top_level_context Created block 2 with timestamp 1789417158
[21:19:18.744] INFO: simulator:public-processor Processed 1 successful txs and 0 failed txs (0 silently skipped, 0ms wasted) in 0.006562167000025511s {"blockNumber":3,"successfulCount":1,"failedCount":0,"duration":0.006562167000025511,"rate":19186344.998460196,"totalPublicGas":{"daGas":0,"l2Gas":125904},"totalBlockGas":{"daGas":0,"l2Gas":125904},"totalSizeInBytes":128,"silentlySkippedCount":0,"silentlySkippedDurationMs":0}
[21:19:18.746] WARN: txe:top_level_context Could not find function artifact in contract Billboard for function '0x8f3f1c4d' when enriching error callstack
[billboard_test] Testing c01::c01_time_rejects_horizon_crossing ... [0m[32mok[0m
[billboard_test] Testing c01::c01_time_rejects_out_of_range_anchor ... [0m[32mok[0m
[billboard_test] Testing c01::c01_utf8_rejects_hidden_suffix ... [0m[32mok[0m
[billboard_test] Testing c01::c01_utf8_rejects_noncanonical_field ... [0m[32mok[0m
[billboard_test] Testing c01::c01_utf8_rejects_nul ... [0m[32mok[0m
[billboard_test] Testing c01::c01_utf8_rejects_overlong_lead ... [0m[32mok[0m
[billboard_test] Testing c01::c01_utf8_rejects_scalar_above_unicode_maximum ... [0m[32mok[0m
[billboard_test] Testing c01::c01_utf8_rejects_surrogate ... [0m[32mok[0m
[billboard_test] Testing c01::c01_utf8_rejects_truncation ... [0m[32mok[0m
[billboard_test] Testing c01::c01_utf8_valid_scalar_and_field_crossing_controls ... [0m[32mok[0m
[billboard_test] Testing compact_note::c01_compact_asymmetric_sequences_do_not_swap ... [0m[32mok[0m
[billboard_test] Testing compact_note::c01_compact_exact_maximum_fields_and_generated_selectors ... [0m[32mok[0m
[billboard_test] Testing compact_note::c01_compact_metadata_rejects_truncation_above128 ... [0m[32mok[0m
[billboard_test] Testing compact_note::c01_compact_metadata_rejects_unused_bit96 ... [0m[32mok[0m
[21:19:46.919] INFO: kv-store:lmdb-v2 Starting data store with maxReaders 2
[21:19:46.921] INFO: world-state:database Creating world state data store at directory /var/folders/ym/q1vh2x5n58xbsmpmvs5_6w3r0000gn/T/aztec-world-state-oSfVkV/world_state with map sizes {"archiveTreeMapSizeKb":10485760,"nullifierTreeMapSizeKb":10485760,"noteHashTreeMapSizeKb":10485760,"messageTreeMapSizeKb":10485760,"publicDataTreeMapSizeKb":10485760} and 1 threads (ephemeral=true).
[21:19:46.931] INFO: txe_node Aztec Node version: txe
[21:19:46.931] INFO: txe_node Aztec Node started on chain 0x1
[21:19:46.945] INFO: txe:top_level_context Created block 1 with timestamp 1789417186
[21:19:46.991] INFO: txe:top_level_context Created block 2 with timestamp 1789417186
[21:19:47.080] INFO: simulator:public-processor Processed 1 successful txs and 0 failed txs (0 silently skipped, 0ms wasted) in 0.05708904099999927s {"blockNumber":3,"successfulCount":1,"failedCount":0,"duration":0.05708904099999927,"rate":56758476.64002696,"totalPublicGas":{"daGas":4000,"l2Gas":3240287},"totalBlockGas":{"daGas":4000,"l2Gas":3240287},"totalSizeInBytes":4128,"silentlySkippedCount":0,"silentlySkippedDurationMs":0}
[21:19:47.228] INFO: simulator:public-processor Processed 1 successful txs and 0 failed txs (0 silently skipped, 0ms wasted) in 0.016233792000013635s {"blockNumber":4,"successfulCount":1,"failedCount":0,"duration":0.016233792000013635,"rate":70230972.52934141,"totalPublicGas":{"daGas":192,"l2Gas":1140115},"totalBlockGas":{"daGas":320,"l2Gas":1730915},"totalSizeInBytes":320,"silentlySkippedCount":0,"silentlySkippedDurationMs":0}
[21:19:47.260] INFO: txe:top_level_context Created block 5 with timestamp 1789417186
[21:19:47.442] INFO: simulator:public-processor Processed 1 successful txs and 0 failed txs (0 silently skipped, 0ms wasted) in 0.005201375000004191s {"blockNumber":6,"successfulCount":1,"failedCount":0,"duration":0.005201375000004191,"rate":0,"totalPublicGas":{"daGas":0,"l2Gas":0},"totalBlockGas":{"daGas":1984,"l2Gas":529900},"totalSizeInBytes":1984,"silentlySkippedCount":0,"silentlySkippedDurationMs":0}
[21:19:47.790] INFO: txe:top_level_context Created block 7 with timestamp 1789420787
[21:19:47.918] INFO: simulator:public-processor Processed 1 successful txs and 0 failed txs (0 silently skipped, 0ms wasted) in 0.0038963329999824057s {"blockNumber":8,"successfulCount":1,"failedCount":0,"duration":0.0038963329999824057,"rate":0,"totalPublicGas":{"daGas":0,"l2Gas":0},"totalBlockGas":{"daGas":256,"l2Gas":477200},"totalSizeInBytes":256,"silentlySkippedCount":0,"silentlySkippedDurationMs":0}
[billboard_test] Testing compact_note::c01_compact_note_lifecycle_claim_deliver_select_burn ... [0m[32mok[0m
[21:19:49.985] INFO: kv-store:lmdb-v2 Starting data store with maxReaders 2
[21:19:49.986] INFO: world-state:database Creating world state data store at directory /var/folders/ym/q1vh2x5n58xbsmpmvs5_6w3r0000gn/T/aztec-world-state-fah4Np/world_state with map sizes {"archiveTreeMapSizeKb":10485760,"nullifierTreeMapSizeKb":10485760,"noteHashTreeMapSizeKb":10485760,"messageTreeMapSizeKb":10485760,"publicDataTreeMapSizeKb":10485760} and 1 threads (ephemeral=true).
[21:19:49.995] INFO: txe_node Aztec Node version: txe
[21:19:49.995] INFO: txe_node Aztec Node started on chain 0x1
[21:19:50.007] INFO: txe:top_level_context Created block 1 with timestamp 1789417189
[21:19:50.047] INFO: txe:top_level_context Created block 2 with timestamp 1789417189
[21:19:50.134] INFO: simulator:public-processor Processed 1 successful txs and 0 failed txs (0 silently skipped, 0ms wasted) in 0.05675520800001686s {"blockNumber":3,"successfulCount":1,"failedCount":0,"duration":0.05675520800001686,"rate":57092328.86608463,"totalPublicGas":{"daGas":4000,"l2Gas":3240287},"totalBlockGas":{"daGas":4000,"l2Gas":3240287},"totalSizeInBytes":4128,"silentlySkippedCount":0,"silentlySkippedDurationMs":0}
[21:19:50.271] INFO: simulator:public-processor Processed 1 successful txs and 0 failed txs (0 silently skipped, 0ms wasted) in 0.024945707999984735s {"blockNumber":4,"successfulCount":1,"failedCount":0,"duration":0.024945707999984735,"rate":45703854.14599969,"totalPublicGas":{"daGas":192,"l2Gas":1140115},"totalBlockGas":{"daGas":320,"l2Gas":1730915},"totalSizeInBytes":320,"silentlySkippedCount":0,"silentlySkippedDurationMs":0}
[21:19:50.330] INFO: txe:top_level_context Created block 5 with timestamp 1789417189
[21:19:50.508] INFO: simulator:public-processor Processed 1 successful txs and 0 failed txs (0 silently skipped, 0ms wasted) in 0.004781916000007186s {"blockNumber":6,"successfulCount":1,"failedCount":0,"duration":0.004781916000007186,"rate":0,"totalPublicGas":{"daGas":0,"l2Gas":0},"totalBlockGas":{"daGas":1984,"l2Gas":529900},"totalSizeInBytes":1984,"silentlySkippedCount":0,"silentlySkippedDurationMs":0}
[21:19:50.541] INFO: txe:top_level_context Created block 7 with timestamp 1789420790
[21:19:50.695] INFO: simulator:public-processor Processed 1 successful txs and 0 failed txs (0 silently skipped, 0ms wasted) in 0.003866165999963414s {"blockNumber":8,"successfulCount":1,"failedCount":0,"duration":0.003866165999963414,"rate":0,"totalPublicGas":{"daGas":0,"l2Gas":0},"totalBlockGas":{"daGas":256,"l2Gas":477200},"totalSizeInBytes":256,"silentlySkippedCount":0,"silentlySkippedDurationMs":0}
[billboard_test] Testing compact_note::c01_compact_second_burn_rejected ... [0m[32mok[0m
[billboard_test] Testing compact_note::c01_compact_sequences_reject_unused_bit192 ... [0m[32mok[0m
[21:19:54.298] INFO: kv-store:lmdb-v2 Starting data store with maxReaders 2
[21:19:54.300] INFO: world-state:database Creating world state data store at directory /var/folders/ym/q1vh2x5n58xbsmpmvs5_6w3r0000gn/T/aztec-world-state-3SVwUT/world_state with map sizes {"archiveTreeMapSizeKb":10485760,"nullifierTreeMapSizeKb":10485760,"noteHashTreeMapSizeKb":10485760,"messageTreeMapSizeKb":10485760,"publicDataTreeMapSizeKb":10485760} and 1 threads (ephemeral=true).
[21:19:54.311] INFO: txe_node Aztec Node version: txe
[21:19:54.311] INFO: txe_node Aztec Node started on chain 0x1
[21:19:54.324] INFO: txe:top_level_context Created block 1 with timestamp 1789417194
[21:19:54.365] INFO: txe:top_level_context Created block 2 with timestamp 1789417194
[21:19:54.450] INFO: simulator:public-processor Processed 1 successful txs and 0 failed txs (0 silently skipped, 0ms wasted) in 0.05514816599996993s {"blockNumber":3,"successfulCount":1,"failedCount":0,"duration":0.05514816599996993,"rate":58756024.63374334,"totalPublicGas":{"daGas":4000,"l2Gas":3240287},"totalBlockGas":{"daGas":4000,"l2Gas":3240287},"totalSizeInBytes":4128,"silentlySkippedCount":0,"silentlySkippedDurationMs":0}
[21:19:54.579] INFO: simulator:public-processor Processed 1 successful txs and 0 failed txs (0 silently skipped, 0ms wasted) in 0.014872499999997672s {"blockNumber":4,"successfulCount":1,"failedCount":0,"duration":0.014872499999997672,"rate":76659270.46563648,"totalPublicGas":{"daGas":192,"l2Gas":1140115},"totalBlockGas":{"daGas":320,"l2Gas":1730915},"totalSizeInBytes":320,"silentlySkippedCount":0,"silentlySkippedDurationMs":0}
[21:19:54.610] INFO: txe:top_level_context Created block 5 with timestamp 1789417194
[21:19:54.768] INFO: simulator:public-processor Processed 1 successful txs and 0 failed txs (0 silently skipped, 0ms wasted) in 0.00485570800001733s {"blockNumber":6,"successfulCount":1,"failedCount":0,"duration":0.00485570800001733,"rate":0,"totalPublicGas":{"daGas":0,"l2Gas":0},"totalBlockGas":{"daGas":1984,"l2Gas":529900},"totalSizeInBytes":1984,"silentlySkippedCount":0,"silentlySkippedDurationMs":0}
[21:19:54.799] INFO: txe:top_level_context Created block 7 with timestamp 1789417194
[21:19:54.964] INFO: simulator:public-processor Processed 1 successful txs and 0 failed txs (0 silently skipped, 0ms wasted) in 0.004600166000018362s {"blockNumber":8,"successfulCount":1,"failedCount":0,"duration":0.004600166000018362,"rate":0,"totalPublicGas":{"daGas":0,"l2Gas":0},"totalBlockGas":{"daGas":832,"l2Gas":499700},"totalSizeInBytes":832,"silentlySkippedCount":0,"silentlySkippedDurationMs":0}
[21:19:55.295] INFO: txe:top_level_context Created block 9 with timestamp 1789420795
[21:19:55.427] INFO: simulator:public-processor Processed 1 successful txs and 0 failed txs (0 silently skipped, 0ms wasted) in 0.0039439590000547465s {"blockNumber":10,"successfulCount":1,"failedCount":0,"duration":0.0039439590000547465,"rate":0,"totalPublicGas":{"daGas":0,"l2Gas":0},"totalBlockGas":{"daGas":256,"l2Gas":477200},"totalSizeInBytes":256,"silentlySkippedCount":0,"silentlySkippedDurationMs":0}
[21:19:55.749] INFO: simulator:public-processor Processed 1 successful txs and 0 failed txs (0 silently skipped, 0ms wasted) in 0.0039119590000482275s {"blockNumber":11,"successfulCount":1,"failedCount":0,"duration":0.0039119590000482275,"rate":0,"totalPublicGas":{"daGas":0,"l2Gas":0},"totalBlockGas":{"daGas":256,"l2Gas":477200},"totalSizeInBytes":256,"silentlySkippedCount":0,"silentlySkippedDurationMs":0}
[billboard_test] Testing compact_note::c01_compact_two_receipts_exact_selection_and_independent_burn ... [0m[32mok[0m
[billboard_test] Testing compact_note::c01_discovery_call_preserves_page_offsets ... [0m[32mok[0m
[billboard_test] [0m[32m103 tests passed[0m
