{"profile":"C01 consistent-scope TXE","chain":1,"version":1,"originalPublicVersion":2,"realProofs":false,"port":56981}
[18:11:43.323] INFO: kv-store:lmdb-v2 Starting data store with maxReaders 2
[billboard_contract] Running 0 test functions
[billboard_contract] [0m[32m0 tests passed[0m
[billboard_test] Running 142 test functions
[18:11:49.195] INFO: kv-store:lmdb-v2 Starting data store with maxReaders 2
[18:11:49.196] INFO: kv-store:lmdb-v2 Starting data store with maxReaders 2
[18:11:49.196] INFO: kv-store:lmdb-v2 Starting data store with maxReaders 2
[18:11:49.196] INFO: kv-store:lmdb-v2 Starting data store with maxReaders 2
[18:11:49.198] INFO: world-state:database Creating world state data store at directory /var/folders/ym/q1vh2x5n58xbsmpmvs5_6w3r0000gn/T/aztec-world-state-aVyT83/world_state with map sizes {"archiveTreeMapSizeKb":10485760,"nullifierTreeMapSizeKb":10485760,"noteHashTreeMapSizeKb":10485760,"messageTreeMapSizeKb":10485760,"publicDataTreeMapSizeKb":10485760} and 2 threads (ephemeral=true).
[18:11:49.209] INFO: world-state:database Creating world state data store at directory /var/folders/ym/q1vh2x5n58xbsmpmvs5_6w3r0000gn/T/aztec-world-state-igTC1c/world_state with map sizes {"archiveTreeMapSizeKb":10485760,"nullifierTreeMapSizeKb":10485760,"noteHashTreeMapSizeKb":10485760,"messageTreeMapSizeKb":10485760,"publicDataTreeMapSizeKb":10485760} and 2 threads (ephemeral=true).
[18:11:49.219] INFO: txe_node Aztec Node version: txe
[18:11:49.219] INFO: txe_node Aztec Node started on chain 0x1
[18:11:49.219] INFO: txe_node Aztec Node version: txe
[18:11:49.219] INFO: txe_node Aztec Node started on chain 0x1
[18:11:49.234] INFO: txe:top_level_context Created block 1 with timestamp 1789492309
[18:11:49.238] INFO: txe:top_level_context Created block 1 with timestamp 1789492309
[18:11:49.428] INFO: txe:top_level_context Created block 2 with timestamp 1789492309
[18:11:49.430] INFO: txe:top_level_context Created block 2 with timestamp 1789492309
[18:11:49.557] INFO: simulator:public-processor Processed 1 successful txs and 0 failed txs (0 silently skipped, 0ms wasted) in 0.04975495799999953s {"blockNumber":3,"successfulCount":1,"failedCount":0,"duration":0.04975495799999953,"rate":65041759.25542999,"totalPublicGas":{"daGas":4000,"l2Gas":3236150},"totalBlockGas":{"daGas":4000,"l2Gas":3236150},"totalSizeInBytes":4128,"silentlySkippedCount":0,"silentlySkippedDurationMs":0}
[18:11:49.560] INFO: simulator:public-processor Processed 1 successful txs and 0 failed txs (0 silently skipped, 0ms wasted) in 0.044900541999999405s {"blockNumber":3,"successfulCount":1,"failedCount":0,"duration":0.044900541999999405,"rate":72073740.22344859,"totalPublicGas":{"daGas":4000,"l2Gas":3236150},"totalBlockGas":{"daGas":4000,"l2Gas":3236150},"totalSizeInBytes":4128,"silentlySkippedCount":0,"silentlySkippedDurationMs":0}
[18:11:49.775] INFO: simulator:public-processor Processed 1 successful txs and 0 failed txs (0 silently skipped, 0ms wasted) in 0.016869000000000595s {"blockNumber":4,"successfulCount":1,"failedCount":0,"duration":0.016869000000000595,"rate":67613966.44732703,"totalPublicGas":{"daGas":192,"l2Gas":1140580},"totalBlockGas":{"daGas":320,"l2Gas":1731380},"totalSizeInBytes":320,"silentlySkippedCount":0,"silentlySkippedDurationMs":0}
[18:11:49.792] INFO: simulator:public-processor Processed 1 successful txs and 0 failed txs (0 silently skipped, 0ms wasted) in 0.014177834000000075s {"blockNumber":4,"successfulCount":1,"failedCount":0,"duration":0.014177834000000075,"rate":80448113.583499,"totalPublicGas":{"daGas":192,"l2Gas":1140580},"totalBlockGas":{"daGas":320,"l2Gas":1731380},"totalSizeInBytes":320,"silentlySkippedCount":0,"silentlySkippedDurationMs":0}
[18:11:49.805] INFO: txe:top_level_context Created block 5 with timestamp 1789492309
[18:11:49.826] INFO: txe:top_level_context Created block 5 with timestamp 1789492309
[18:11:50.076] INFO: simulator:public-processor Processed 1 successful txs and 0 failed txs (0 silently skipped, 0ms wasted) in 0.006529749999999695s {"blockNumber":6,"successfulCount":1,"failedCount":0,"duration":0.006529749999999695,"rate":0,"totalPublicGas":{"daGas":0,"l2Gas":0},"totalBlockGas":{"daGas":1984,"l2Gas":529900},"totalSizeInBytes":1984,"silentlySkippedCount":0,"silentlySkippedDurationMs":0}
[18:11:50.095] INFO: simulator:public-processor Processed 1 successful txs and 0 failed txs (0 silently skipped, 0ms wasted) in 0.00410833300000013s {"blockNumber":6,"successfulCount":1,"failedCount":0,"duration":0.00410833300000013,"rate":0,"totalPublicGas":{"daGas":0,"l2Gas":0},"totalBlockGas":{"daGas":1984,"l2Gas":529900},"totalSizeInBytes":1984,"silentlySkippedCount":0,"silentlySkippedDurationMs":0}
[18:11:50.107] INFO: txe:top_level_context Created block 7 with timestamp 1789495910
[18:11:50.146] INFO: txe:top_level_context Created block 7 with timestamp 1789495910
[18:11:51.031] INFO: simulator:public-processor Processed 1 successful txs and 0 failed txs (0 silently skipped, 0ms wasted) in 0.1854250000000011s {"blockNumber":8,"successfulCount":1,"failedCount":0,"duration":0.1854250000000011,"rate":10502720.77659425,"totalPublicGas":{"daGas":2368,"l2Gas":1947467},"totalBlockGas":{"daGas":3744,"l2Gas":2674217},"totalSizeInBytes":3744,"silentlySkippedCount":0,"silentlySkippedDurationMs":0}
[18:11:51.119] INFO: txe:top_level_context Created block 9 with timestamp 1789499509
[18:11:51.178] INFO: simulator:public-processor Processed 1 successful txs and 0 failed txs (0 silently skipped, 0ms wasted) in 0.0495969159999986s {"blockNumber":8,"successfulCount":1,"failedCount":0,"duration":0.0495969159999986,"rate":39265889.03229497,"totalPublicGas":{"daGas":2368,"l2Gas":1947467},"totalBlockGas":{"daGas":3744,"l2Gas":2674217},"totalSizeInBytes":3744,"silentlySkippedCount":0,"silentlySkippedDurationMs":0}
[18:11:51.246] INFO: simulator:public-processor Processed 1 successful txs and 0 failed txs (0 silently skipped, 0ms wasted) in 0.004737125000001469s {"blockNumber":9,"successfulCount":1,"failedCount":0,"duration":0.004737125000001469,"rate":2442620.787924408,"totalPublicGas":{"daGas":0,"l2Gas":11571},"totalBlockGas":{"daGas":0,"l2Gas":11571},"totalSizeInBytes":128,"silentlySkippedCount":0,"silentlySkippedDurationMs":0}
[18:11:51.276] INFO: simulator:public-processor Processed 1 successful txs and 0 failed txs (0 silently skipped, 0ms wasted) in 0.019181792000001224s {"blockNumber":9,"successfulCount":1,"failedCount":0,"duration":0.019181792000001224,"rate":64210684.79941402,"totalPublicGas":{"daGas":2176,"l2Gas":1231676},"totalBlockGas":{"daGas":2176,"l2Gas":1231676},"totalSizeInBytes":2304,"silentlySkippedCount":0,"silentlySkippedDurationMs":0}
[18:11:51.317] INFO: simulator:public-processor Processed 1 successful txs and 0 failed txs (0 silently skipped, 0ms wasted) in 0.010165917000000264s {"blockNumber":10,"successfulCount":1,"failedCount":0,"duration":0.010165917000000264,"rate":1138215.0769084285,"totalPublicGas":{"daGas":0,"l2Gas":11571},"totalBlockGas":{"daGas":0,"l2Gas":11571},"totalSizeInBytes":128,"silentlySkippedCount":0,"silentlySkippedDurationMs":0}
[18:11:51.357] INFO: simulator:public-processor Processed 1 successful txs and 0 failed txs (0 silently skipped, 0ms wasted) in 0.005311957999998412s {"blockNumber":10,"successfulCount":1,"failedCount":0,"duration":0.005311957999998412,"rate":2449944.069588632,"totalPublicGas":{"daGas":0,"l2Gas":13014},"totalBlockGas":{"daGas":0,"l2Gas":13014},"totalSizeInBytes":128,"silentlySkippedCount":0,"silentlySkippedDurationMs":0}
[18:11:51.370] INFO: txe:top_level_context Created block 10 with timestamp 1789499509
[18:11:51.857] INFO: simulator:public-processor Processed 1 successful txs and 0 failed txs (0 silently skipped, 0ms wasted) in 0.03221249999999964s {"blockNumber":10,"successfulCount":1,"failedCount":0,"duration":0.03221249999999964,"rate":60456872.33216987,"totalPublicGas":{"daGas":2368,"l2Gas":1947467},"totalBlockGas":{"daGas":3744,"l2Gas":2674217},"totalSizeInBytes":3744,"silentlySkippedCount":0,"silentlySkippedDurationMs":0}
[18:11:51.893] INFO: txe:top_level_context Created block 11 with timestamp 1789503110
[18:11:52.366] INFO: simulator:public-processor Processed 1 successful txs and 0 failed txs (0 silently skipped, 0ms wasted) in 0.031654375000000075s {"blockNumber":11,"successfulCount":1,"failedCount":0,"duration":0.031654375000000075,"rate":61522838.470195524,"totalPublicGas":{"daGas":2368,"l2Gas":1947467},"totalBlockGas":{"daGas":3744,"l2Gas":2674217},"totalSizeInBytes":3744,"silentlySkippedCount":0,"silentlySkippedDurationMs":0}
[18:11:52.913] INFO: simulator:public-processor Processed 1 successful txs and 0 failed txs (0 silently skipped, 0ms wasted) in 0.028219333000000915s {"blockNumber":12,"successfulCount":1,"failedCount":0,"duration":0.028219333000000915,"rate":69011801.2356967,"totalPublicGas":{"daGas":2368,"l2Gas":1947467},"totalBlockGas":{"daGas":3744,"l2Gas":2674217},"totalSizeInBytes":3744,"silentlySkippedCount":0,"silentlySkippedDurationMs":0}
[18:11:52.946] INFO: simulator:public-processor Processed 1 successful txs and 0 failed txs (0 silently skipped, 0ms wasted) in 0.006732249999999112s {"blockNumber":13,"successfulCount":1,"failedCount":0,"duration":0.006732249999999112,"rate":1311003.0079098614,"totalPublicGas":{"daGas":0,"l2Gas":8826},"totalBlockGas":{"daGas":0,"l2Gas":8826},"totalSizeInBytes":128,"silentlySkippedCount":0,"silentlySkippedDurationMs":0}
[18:11:53.040] INFO: txe:top_level_context Created block 12 with timestamp 1789503110
[billboard_test] Testing test_censor_window_grandchild_screening ... [0m[32mok[0m
[billboard_test] Testing test_censor_window_hard_invariant ... [0m[32mok[0m
[18:11:53.704] INFO: simulator:public-processor Processed 1 successful txs and 0 failed txs (0 silently skipped, 0ms wasted) in 0.02726520800000071s {"blockNumber":13,"successfulCount":1,"failedCount":0,"duration":0.02726520800000071,"rate":71426816.18273182,"totalPublicGas":{"daGas":2368,"l2Gas":1947467},"totalBlockGas":{"daGas":3744,"l2Gas":2674217},"totalSizeInBytes":3744,"silentlySkippedCount":0,"silentlySkippedDurationMs":0}
[billboard_test] Testing test_cooldown_100x_deposit ... [0m[32mok[0m
[18:11:55.473] INFO: kv-store:lmdb-v2 Starting data store with maxReaders 2
[18:11:55.475] INFO: world-state:database Creating world state data store at directory /var/folders/ym/q1vh2x5n58xbsmpmvs5_6w3r0000gn/T/aztec-world-state-ChofcV/world_state with map sizes {"archiveTreeMapSizeKb":10485760,"nullifierTreeMapSizeKb":10485760,"noteHashTreeMapSizeKb":10485760,"messageTreeMapSizeKb":10485760,"publicDataTreeMapSizeKb":10485760} and 2 threads (ephemeral=true).
[18:11:55.489] INFO: txe_node Aztec Node version: txe
[18:11:55.489] INFO: txe_node Aztec Node started on chain 0x1
[18:11:55.502] INFO: txe:top_level_context Created block 1 with timestamp 1789492315
[18:11:55.555] INFO: txe:top_level_context Created block 2 with timestamp 1789492315
[18:11:55.625] INFO: simulator:public-processor Processed 1 successful txs and 0 failed txs (0 silently skipped, 0ms wasted) in 0.039165541000000303s {"blockNumber":3,"successfulCount":1,"failedCount":0,"duration":0.039165541000000303,"rate":82627481.13194644,"totalPublicGas":{"daGas":4000,"l2Gas":3236150},"totalBlockGas":{"daGas":4000,"l2Gas":3236150},"totalSizeInBytes":4128,"silentlySkippedCount":0,"silentlySkippedDurationMs":0}
[18:11:55.752] INFO: simulator:public-processor Processed 1 successful txs and 0 failed txs (0 silently skipped, 0ms wasted) in 0.013422999999998865s {"blockNumber":4,"successfulCount":1,"failedCount":0,"duration":0.013422999999998865,"rate":84972062.87715834,"totalPublicGas":{"daGas":192,"l2Gas":1140580},"totalBlockGas":{"daGas":320,"l2Gas":1731380},"totalSizeInBytes":320,"silentlySkippedCount":0,"silentlySkippedDurationMs":0}
[18:11:55.781] INFO: txe:top_level_context Created block 5 with timestamp 1789492315
[18:11:55.946] INFO: simulator:public-processor Processed 1 successful txs and 0 failed txs (0 silently skipped, 0ms wasted) in 0.004339041000001089s {"blockNumber":6,"successfulCount":1,"failedCount":0,"duration":0.004339041000001089,"rate":0,"totalPublicGas":{"daGas":0,"l2Gas":0},"totalBlockGas":{"daGas":1984,"l2Gas":529900},"totalSizeInBytes":1984,"silentlySkippedCount":0,"silentlySkippedDurationMs":0}
[18:11:55.974] INFO: txe:top_level_context Created block 7 with timestamp 1789495916
[18:11:56.545] INFO: simulator:public-processor Processed 1 successful txs and 0 failed txs (0 silently skipped, 0ms wasted) in 0.02629212499999994s {"blockNumber":8,"successfulCount":1,"failedCount":0,"duration":0.02629212499999994,"rate":74070353.7656239,"totalPublicGas":{"daGas":2368,"l2Gas":1947467},"totalBlockGas":{"daGas":3744,"l2Gas":2674217},"totalSizeInBytes":3744,"silentlySkippedCount":0,"silentlySkippedDurationMs":0}
[18:11:56.574] INFO: txe:top_level_context Created block 9 with timestamp 1789499515
[18:11:57.137] INFO: simulator:public-processor Processed 1 successful txs and 0 failed txs (0 silently skipped, 0ms wasted) in 0.02628095900000153s {"blockNumber":10,"successfulCount":1,"failedCount":0,"duration":0.02628095900000153,"rate":74101824.06204762,"totalPublicGas":{"daGas":2368,"l2Gas":1947467},"totalBlockGas":{"daGas":3744,"l2Gas":2674217},"totalSizeInBytes":3744,"silentlySkippedCount":0,"silentlySkippedDurationMs":0}
[18:11:57.168] INFO: simulator:public-processor Processed 1 successful txs and 0 failed txs (0 silently skipped, 0ms wasted) in 0.0044312079999999695s {"blockNumber":11,"successfulCount":1,"failedCount":0,"duration":0.0044312079999999695,"rate":1991781.9249288368,"totalPublicGas":{"daGas":0,"l2Gas":8826},"totalBlockGas":{"daGas":0,"l2Gas":8826},"totalSizeInBytes":128,"silentlySkippedCount":0,"silentlySkippedDurationMs":0}
[billboard_test] Testing test_censor_window_post_too_young_to_screen ... [0m[32mok[0m
[billboard_test] Testing test_cooldown_10x_deposit ... [0m[32mok[0m
[billboard_test] Testing test_cooldown_at_min_deposit ... [0m[32mok[0m
[billboard_test] Testing test_cooldown_halves_when_deposit_doubles ... [0m[32mok[0m
[billboard_test] Testing test_cooldown_minimum_one_second ... [0m[32mok[0m
[billboard_test] Testing test_cooldown_no_overflow_at_large_values ... [0m[32mok[0m
[billboard_test] Testing test_cooldown_truncation ... [0m[32mok[0m
[18:12:03.273] INFO: kv-store:lmdb-v2 Starting data store with maxReaders 2
[18:12:03.274] INFO: world-state:database Creating world state data store at directory /var/folders/ym/q1vh2x5n58xbsmpmvs5_6w3r0000gn/T/aztec-world-state-V03is1/world_state with map sizes {"archiveTreeMapSizeKb":10485760,"nullifierTreeMapSizeKb":10485760,"noteHashTreeMapSizeKb":10485760,"messageTreeMapSizeKb":10485760,"publicDataTreeMapSizeKb":10485760} and 2 threads (ephemeral=true).
[18:12:03.283] INFO: txe_node Aztec Node version: txe
[18:12:03.283] INFO: txe_node Aztec Node started on chain 0x1
[18:12:03.296] INFO: txe:top_level_context Created block 1 with timestamp 1789492323
[18:12:03.331] INFO: txe:top_level_context Created block 2 with timestamp 1789492323
[18:12:03.406] INFO: simulator:public-processor Processed 1 successful txs and 0 failed txs (0 silently skipped, 0ms wasted) in 0.04575212499999907s {"blockNumber":3,"successfulCount":1,"failedCount":0,"duration":0.04575212499999907,"rate":70732233.7487071,"totalPublicGas":{"daGas":4000,"l2Gas":3236150},"totalBlockGas":{"daGas":4000,"l2Gas":3236150},"totalSizeInBytes":4128,"silentlySkippedCount":0,"silentlySkippedDurationMs":0}
[18:12:03.439] INFO: simulator:public-processor Processed 1 successful txs and 0 failed txs (0 silently skipped, 0ms wasted) in 0.0062182499999980795s {"blockNumber":4,"successfulCount":1,"failedCount":0,"duration":0.0062182499999980795,"rate":5419852.852492327,"totalPublicGas":{"daGas":0,"l2Gas":33702},"totalBlockGas":{"daGas":0,"l2Gas":33702},"totalSizeInBytes":128,"silentlySkippedCount":0,"silentlySkippedDurationMs":0}
[18:12:03.443] WARN: txe:top_level_context Could not find function artifact in contract Billboard for function '0x53843f0d' when enriching error callstack
[billboard_test] Testing test_declare_immoral_censor_passes_auth ... [0m[32mok[0m
[billboard_test] Testing test_declare_immoral_fails_when_no_censor ... [0m[32mok[0m
[18:12:04.850] INFO: kv-store:lmdb-v2 Starting data store with maxReaders 2
[18:12:04.852] INFO: world-state:database Creating world state data store at directory /var/folders/ym/q1vh2x5n58xbsmpmvs5_6w3r0000gn/T/aztec-world-state-GD7K3N/world_state with map sizes {"archiveTreeMapSizeKb":10485760,"nullifierTreeMapSizeKb":10485760,"noteHashTreeMapSizeKb":10485760,"messageTreeMapSizeKb":10485760,"publicDataTreeMapSizeKb":10485760} and 2 threads (ephemeral=true).
[18:12:04.861] INFO: txe_node Aztec Node version: txe
[18:12:04.861] INFO: txe_node Aztec Node started on chain 0x1
[18:12:04.873] INFO: txe:top_level_context Created block 1 with timestamp 1789492324
[18:12:04.911] INFO: txe:top_level_context Created block 2 with timestamp 1789492324
[18:12:04.943] INFO: simulator:public-processor Processed 1 successful txs and 0 failed txs (0 silently skipped, 0ms wasted) in 0.005838542000001326s {"blockNumber":3,"successfulCount":1,"failedCount":0,"duration":0.005838542000001326,"rate":21742585.73458428,"totalPublicGas":{"daGas":0,"l2Gas":126945},"totalBlockGas":{"daGas":0,"l2Gas":126945},"totalSizeInBytes":128,"silentlySkippedCount":0,"silentlySkippedDurationMs":0}
[18:12:04.945] WARN: txe:top_level_context Could not find function artifact in contract Billboard for function '0x8f3f1c4d' when enriching error callstack
[18:12:05.368] INFO: kv-store:lmdb-v2 Starting data store with maxReaders 2
[18:12:05.369] INFO: world-state:database Creating world state data store at directory /var/folders/ym/q1vh2x5n58xbsmpmvs5_6w3r0000gn/T/aztec-world-state-oOjeCo/world_state with map sizes {"archiveTreeMapSizeKb":10485760,"nullifierTreeMapSizeKb":10485760,"noteHashTreeMapSizeKb":10485760,"messageTreeMapSizeKb":10485760,"publicDataTreeMapSizeKb":10485760} and 2 threads (ephemeral=true).
[18:12:05.378] INFO: txe_node Aztec Node version: txe
[18:12:05.378] INFO: txe_node Aztec Node started on chain 0x1
[18:12:05.390] INFO: txe:top_level_context Created block 1 with timestamp 1789492325
[18:12:05.425] INFO: txe:top_level_context Created block 2 with timestamp 1789492325
[18:12:05.492] INFO: simulator:public-processor Processed 1 successful txs and 0 failed txs (0 silently skipped, 0ms wasted) in 0.03831224999999904s {"blockNumber":3,"successfulCount":1,"failedCount":0,"duration":0.03831224999999904,"rate":84467761.6167174,"totalPublicGas":{"daGas":4000,"l2Gas":3236150},"totalBlockGas":{"daGas":4000,"l2Gas":3236150},"totalSizeInBytes":4128,"silentlySkippedCount":0,"silentlySkippedDurationMs":0}
[18:12:05.527] INFO: simulator:public-processor Processed 1 successful txs and 0 failed txs (0 silently skipped, 0ms wasted) in 0.004946667000000161s {"blockNumber":4,"successfulCount":1,"failedCount":0,"duration":0.004946667000000161,"rate":6335781.244219386,"totalPublicGas":{"daGas":0,"l2Gas":31341},"totalBlockGas":{"daGas":0,"l2Gas":31341},"totalSizeInBytes":128,"silentlySkippedCount":0,"silentlySkippedDurationMs":0}
[18:12:05.529] WARN: txe:top_level_context Could not find function artifact in contract Billboard for function '0x53843f0d' when enriching error callstack
[billboard_test] Testing test_declare_immoral_rejects_non_censor ... [0m[32mok[0m
[billboard_test] Testing test_deposit_msg_hash_deterministic ... [0m[32mok[0m
[billboard_test] Testing test_deposit_msg_hash_differs_by_amount ... [0m[32mok[0m
[billboard_test] Testing test_deposit_msg_hash_differs_by_depositor ... [0m[32mok[0m
[18:12:09.256] INFO: kv-store:lmdb-v2 Starting data store with maxReaders 2
[18:12:09.256] INFO: world-state:database Creating world state data store at directory /var/folders/ym/q1vh2x5n58xbsmpmvs5_6w3r0000gn/T/aztec-world-state-25Gm4F/world_state with map sizes {"archiveTreeMapSizeKb":10485760,"nullifierTreeMapSizeKb":10485760,"noteHashTreeMapSizeKb":10485760,"messageTreeMapSizeKb":10485760,"publicDataTreeMapSizeKb":10485760} and 2 threads (ephemeral=true).
[18:12:09.266] INFO: txe_node Aztec Node version: txe
[18:12:09.266] INFO: txe_node Aztec Node started on chain 0x1
[18:12:09.278] INFO: txe:top_level_context Created block 1 with timestamp 1789492329
[18:12:09.316] INFO: txe:top_level_context Created block 2 with timestamp 1789492329
[18:12:09.384] INFO: simulator:public-processor Processed 1 successful txs and 0 failed txs (0 silently skipped, 0ms wasted) in 0.03838216699999975s {"blockNumber":3,"successfulCount":1,"failedCount":0,"duration":0.03838216699999975,"rate":84313895.0440193,"totalPublicGas":{"daGas":4000,"l2Gas":3236150},"totalBlockGas":{"daGas":4000,"l2Gas":3236150},"totalSizeInBytes":4128,"silentlySkippedCount":0,"silentlySkippedDurationMs":0}
[18:12:09.511] INFO: simulator:public-processor Processed 1 successful txs and 0 failed txs (0 silently skipped, 0ms wasted) in 0.014059291000001395s {"blockNumber":4,"successfulCount":1,"failedCount":0,"duration":0.014059291000001395,"rate":81126423.80045244,"totalPublicGas":{"daGas":192,"l2Gas":1140580},"totalBlockGas":{"daGas":320,"l2Gas":1731380},"totalSizeInBytes":320,"silentlySkippedCount":0,"silentlySkippedDurationMs":0}
[18:12:09.540] INFO: txe:top_level_context Created block 5 with timestamp 1789492329
[18:12:09.697] INFO: simulator:public-processor Processed 1 successful txs and 0 failed txs (0 silently skipped, 0ms wasted) in 0.0038503339999988386s {"blockNumber":6,"successfulCount":1,"failedCount":0,"duration":0.0038503339999988386,"rate":0,"totalPublicGas":{"daGas":0,"l2Gas":0},"totalBlockGas":{"daGas":1984,"l2Gas":529900},"totalSizeInBytes":1984,"silentlySkippedCount":0,"silentlySkippedDurationMs":0}
[18:12:09.725] INFO: txe:top_level_context Created block 7 with timestamp 1789495930
[18:12:10.308] INFO: simulator:public-processor Processed 1 successful txs and 0 failed txs (0 silently skipped, 0ms wasted) in 0.0266785830000008s {"blockNumber":8,"successfulCount":1,"failedCount":0,"duration":0.0266785830000008,"rate":72997392.70260124,"totalPublicGas":{"daGas":2368,"l2Gas":1947467},"totalBlockGas":{"daGas":3744,"l2Gas":2674217},"totalSizeInBytes":3744,"silentlySkippedCount":0,"silentlySkippedDurationMs":0}
[18:12:10.336] INFO: txe:top_level_context Created block 9 with timestamp 1789499531
[18:12:10.511] INFO: kv-store:lmdb-v2 Starting data store with maxReaders 2
[18:12:10.517] INFO: world-state:database Creating world state data store at directory /var/folders/ym/q1vh2x5n58xbsmpmvs5_6w3r0000gn/T/aztec-world-state-zOm8dW/world_state with map sizes {"archiveTreeMapSizeKb":10485760,"nullifierTreeMapSizeKb":10485760,"noteHashTreeMapSizeKb":10485760,"messageTreeMapSizeKb":10485760,"publicDataTreeMapSizeKb":10485760} and 2 threads (ephemeral=true).
[18:12:10.531] INFO: txe_node Aztec Node version: txe
[18:12:10.531] INFO: txe_node Aztec Node started on chain 0x1
[18:12:10.552] INFO: txe:top_level_context Created block 1 with timestamp 1789492330
[18:12:10.610] INFO: txe:top_level_context Created block 2 with timestamp 1789492330
[18:12:10.684] INFO: simulator:public-processor Processed 1 successful txs and 0 failed txs (0 silently skipped, 0ms wasted) in 0.044973000000001775s {"blockNumber":3,"successfulCount":1,"failedCount":0,"duration":0.044973000000001775,"rate":71957619.01585111,"totalPublicGas":{"daGas":4000,"l2Gas":3236150},"totalBlockGas":{"daGas":4000,"l2Gas":3236150},"totalSizeInBytes":4128,"silentlySkippedCount":0,"silentlySkippedDurationMs":0}
[18:12:10.983] INFO: simulator:public-processor Processed 1 successful txs and 0 failed txs (0 silently skipped, 0ms wasted) in 0.005967541000001802s {"blockNumber":10,"successfulCount":1,"failedCount":0,"duration":0.005967541000001802,"rate":0,"totalPublicGas":{"daGas":0,"l2Gas":0},"totalBlockGas":{"daGas":1440,"l2Gas":527400},"totalSizeInBytes":1440,"silentlySkippedCount":0,"silentlySkippedDurationMs":0}
[18:12:11.135] INFO: simulator:public-processor Processed 1 successful txs and 0 failed txs (0 silently skipped, 0ms wasted) in 0.014805666999996902s {"blockNumber":4,"successfulCount":1,"failedCount":0,"duration":0.014805666999996902,"rate":77036718.44032685,"totalPublicGas":{"daGas":192,"l2Gas":1140580},"totalBlockGas":{"daGas":320,"l2Gas":1731380},"totalSizeInBytes":320,"silentlySkippedCount":0,"silentlySkippedDurationMs":0}
[18:12:11.170] INFO: txe:top_level_context Created block 5 with timestamp 1789492330
[billboard_test] Testing test_dummy_post_advances_screening ... [0m[32mok[0m
[18:12:11.372] INFO: simulator:public-processor Processed 1 successful txs and 0 failed txs (0 silently skipped, 0ms wasted) in 0.005990750000000844s {"blockNumber":6,"successfulCount":1,"failedCount":0,"duration":0.005990750000000844,"rate":0,"totalPublicGas":{"daGas":0,"l2Gas":0},"totalBlockGas":{"daGas":1984,"l2Gas":529900},"totalSizeInBytes":1984,"silentlySkippedCount":0,"silentlySkippedDurationMs":0}
[18:12:11.404] INFO: txe:top_level_context Created block 7 with timestamp 1789495931
[18:12:11.953] INFO: simulator:public-processor Processed 1 successful txs and 0 failed txs (0 silently skipped, 0ms wasted) in 0.003996208000000479s {"blockNumber":8,"successfulCount":1,"failedCount":0,"duration":0.003996208000000479,"rate":0,"totalPublicGas":{"daGas":0,"l2Gas":0},"totalBlockGas":{"daGas":1440,"l2Gas":527400},"totalSizeInBytes":1440,"silentlySkippedCount":0,"silentlySkippedDurationMs":0}
[18:12:11.982] INFO: simulator:public-processor Processed 1 successful txs and 0 failed txs (0 silently skipped, 0ms wasted) in 0.004231084000002739s {"blockNumber":9,"successfulCount":1,"failedCount":0,"duration":0.004231084000002739,"rate":2085990.2568689932,"totalPublicGas":{"daGas":0,"l2Gas":8826},"totalBlockGas":{"daGas":0,"l2Gas":8826},"totalSizeInBytes":128,"silentlySkippedCount":0,"silentlySkippedDurationMs":0}
[18:12:11.997] INFO: simulator:public-processor Processed 1 successful txs and 0 failed txs (0 silently skipped, 0ms wasted) in 0.00427545900000041s {"blockNumber":9,"successfulCount":1,"failedCount":0,"duration":0.00427545900000041,"rate":2415880.9615526684,"totalPublicGas":{"daGas":0,"l2Gas":10329},"totalBlockGas":{"daGas":0,"l2Gas":10329},"totalSizeInBytes":128,"silentlySkippedCount":0,"silentlySkippedDurationMs":0}
[billboard_test] Testing test_dummy_post_does_not_store_content ... [0m[32mok[0m
[18:12:13.319] INFO: kv-store:lmdb-v2 Starting data store with maxReaders 2
[18:12:13.320] INFO: world-state:database Creating world state data store at directory /var/folders/ym/q1vh2x5n58xbsmpmvs5_6w3r0000gn/T/aztec-world-state-yQLjdX/world_state with map sizes {"archiveTreeMapSizeKb":10485760,"nullifierTreeMapSizeKb":10485760,"noteHashTreeMapSizeKb":10485760,"messageTreeMapSizeKb":10485760,"publicDataTreeMapSizeKb":10485760} and 2 threads (ephemeral=true).
[18:12:13.331] INFO: txe_node Aztec Node version: txe
[18:12:13.331] INFO: txe_node Aztec Node started on chain 0x1
[18:12:13.343] INFO: txe:top_level_context Created block 1 with timestamp 1789492333
[18:12:13.381] INFO: txe:top_level_context Created block 2 with timestamp 1789492333
[18:12:13.447] INFO: simulator:public-processor Processed 1 successful txs and 0 failed txs (0 silently skipped, 0ms wasted) in 0.038500749999999244s {"blockNumber":3,"successfulCount":1,"failedCount":0,"duration":0.038500749999999244,"rate":84054206.73623407,"totalPublicGas":{"daGas":4000,"l2Gas":3236150},"totalBlockGas":{"daGas":4000,"l2Gas":3236150},"totalSizeInBytes":4128,"silentlySkippedCount":0,"silentlySkippedDurationMs":0}
[18:12:13.560] INFO: simulator:public-processor Processed 1 successful txs and 0 failed txs (0 silently skipped, 0ms wasted) in 0.014044541999999638s {"blockNumber":4,"successfulCount":1,"failedCount":0,"duration":0.014044541999999638,"rate":81211619.43194939,"totalPublicGas":{"daGas":192,"l2Gas":1140580},"totalBlockGas":{"daGas":320,"l2Gas":1731380},"totalSizeInBytes":320,"silentlySkippedCount":0,"silentlySkippedDurationMs":0}
[18:12:13.588] INFO: txe:top_level_context Created block 5 with timestamp 1789492333
[18:12:13.743] INFO: simulator:public-processor Processed 1 successful txs and 0 failed txs (0 silently skipped, 0ms wasted) in 0.0038806669999976295s {"blockNumber":6,"successfulCount":1,"failedCount":0,"duration":0.0038806669999976295,"rate":0,"totalPublicGas":{"daGas":0,"l2Gas":0},"totalBlockGas":{"daGas":1984,"l2Gas":529900},"totalSizeInBytes":1984,"silentlySkippedCount":0,"silentlySkippedDurationMs":0}
[18:12:13.772] INFO: txe:top_level_context Created block 7 with timestamp 1789495934
[18:12:14.215] INFO: kv-store:lmdb-v2 Starting data store with maxReaders 2
[18:12:14.216] INFO: world-state:database Creating world state data store at directory /var/folders/ym/q1vh2x5n58xbsmpmvs5_6w3r0000gn/T/aztec-world-state-JDtvKE/world_state with map sizes {"archiveTreeMapSizeKb":10485760,"nullifierTreeMapSizeKb":10485760,"noteHashTreeMapSizeKb":10485760,"messageTreeMapSizeKb":10485760,"publicDataTreeMapSizeKb":10485760} and 2 threads (ephemeral=true).
[18:12:14.225] INFO: txe_node Aztec Node version: txe
[18:12:14.225] INFO: txe_node Aztec Node started on chain 0x1
[18:12:14.248] INFO: txe:top_level_context Created block 1 with timestamp 1789492334
[18:12:14.339] INFO: txe:top_level_context Created block 2 with timestamp 1789492334
[18:12:14.347] INFO: simulator:public-processor Processed 1 successful txs and 0 failed txs (0 silently skipped, 0ms wasted) in 0.02873374999999942s {"blockNumber":8,"successfulCount":1,"failedCount":0,"duration":0.02873374999999942,"rate":67776290.9470584,"totalPublicGas":{"daGas":2368,"l2Gas":1947467},"totalBlockGas":{"daGas":3744,"l2Gas":2674217},"totalSizeInBytes":3744,"silentlySkippedCount":0,"silentlySkippedDurationMs":0}
[18:12:14.380] INFO: simulator:public-processor Processed 1 successful txs and 0 failed txs (0 silently skipped, 0ms wasted) in 0.004247041999995417s {"blockNumber":9,"successfulCount":1,"failedCount":0,"duration":0.004247041999995417,"rate":2724484.4764926946,"totalPublicGas":{"daGas":0,"l2Gas":11571},"totalBlockGas":{"daGas":0,"l2Gas":11571},"totalSizeInBytes":128,"silentlySkippedCount":0,"silentlySkippedDurationMs":0}
[18:12:14.404] INFO: simulator:public-processor Processed 1 successful txs and 0 failed txs (0 silently skipped, 0ms wasted) in 0.038169374999997674s {"blockNumber":3,"successfulCount":1,"failedCount":0,"duration":0.038169374999997674,"rate":84783940.0042625,"totalPublicGas":{"daGas":4000,"l2Gas":3236150},"totalBlockGas":{"daGas":4000,"l2Gas":3236150},"totalSizeInBytes":4128,"silentlySkippedCount":0,"silentlySkippedDurationMs":0}
[18:12:14.409] INFO: simulator:public-processor Processed 1 successful txs and 0 failed txs (0 silently skipped, 0ms wasted) in 0.018351290999999038s {"blockNumber":9,"successfulCount":1,"failedCount":0,"duration":0.018351290999999038,"rate":67116585.9666257,"totalPublicGas":{"daGas":2176,"l2Gas":1231676},"totalBlockGas":{"daGas":2176,"l2Gas":1231676},"totalSizeInBytes":2304,"silentlySkippedCount":0,"silentlySkippedDurationMs":0}
[18:12:14.449] INFO: txe:top_level_context Created block 10 with timestamp 1789499534
[18:12:14.619] INFO: simulator:public-processor Processed 1 successful txs and 0 failed txs (0 silently skipped, 0ms wasted) in 0.015824500000002444s {"blockNumber":4,"successfulCount":1,"failedCount":0,"duration":0.015824500000002444,"rate":72076842.87022173,"totalPublicGas":{"daGas":192,"l2Gas":1140580},"totalBlockGas":{"daGas":320,"l2Gas":1731380},"totalSizeInBytes":320,"silentlySkippedCount":0,"silentlySkippedDurationMs":0}
[18:12:14.660] INFO: txe:top_level_context Created block 5 with timestamp 1789492334
[18:12:14.834] INFO: simulator:public-processor Processed 1 successful txs and 0 failed txs (0 silently skipped, 0ms wasted) in 0.006366957999998704s {"blockNumber":6,"successfulCount":1,"failedCount":0,"duration":0.006366957999998704,"rate":0,"totalPublicGas":{"daGas":0,"l2Gas":0},"totalBlockGas":{"daGas":1984,"l2Gas":529900},"totalSizeInBytes":1984,"silentlySkippedCount":0,"silentlySkippedDurationMs":0}
[18:12:15.025] INFO: txe:top_level_context Created block 7 with timestamp 1789495935
[18:12:15.239] INFO: simulator:public-processor Processed 1 successful txs and 0 failed txs (0 silently skipped, 0ms wasted) in 0.028531665999995313s {"blockNumber":11,"successfulCount":1,"failedCount":0,"duration":0.028531665999995313,"rate":68256336.6611792,"totalPublicGas":{"daGas":2368,"l2Gas":1947467},"totalBlockGas":{"daGas":3744,"l2Gas":2674217},"totalSizeInBytes":3744,"silentlySkippedCount":0,"silentlySkippedDurationMs":0}
[18:12:15.819] INFO: simulator:public-processor Processed 1 successful txs and 0 failed txs (0 silently skipped, 0ms wasted) in 0.030390874999997323s {"blockNumber":8,"successfulCount":1,"failedCount":0,"duration":0.030390874999997323,"rate":64080649.20803273,"totalPublicGas":{"daGas":2368,"l2Gas":1947467},"totalBlockGas":{"daGas":3744,"l2Gas":2674217},"totalSizeInBytes":3744,"silentlySkippedCount":0,"silentlySkippedDurationMs":0}
[18:12:15.849] INFO: txe:top_level_context Created block 9 with timestamp 1789499534
[billboard_test] Testing test_flag_penalty_exact_value ... [0m[32mok[0m
[18:12:16.437] INFO: simulator:public-processor Processed 1 successful txs and 0 failed txs (0 silently skipped, 0ms wasted) in 0.02644158299999981s {"blockNumber":10,"successfulCount":1,"failedCount":0,"duration":0.02644158299999981,"rate":73651679.62901518,"totalPublicGas":{"daGas":2368,"l2Gas":1947467},"totalBlockGas":{"daGas":3744,"l2Gas":2674217},"totalSizeInBytes":3744,"silentlySkippedCount":0,"silentlySkippedDurationMs":0}
[18:12:16.467] INFO: simulator:public-processor Processed 1 successful txs and 0 failed txs (0 silently skipped, 0ms wasted) in 0.004125s {"blockNumber":11,"successfulCount":1,"failedCount":0,"duration":0.004125,"rate":2805090.909090909,"totalPublicGas":{"daGas":0,"l2Gas":11571},"totalBlockGas":{"daGas":0,"l2Gas":11571},"totalSizeInBytes":128,"silentlySkippedCount":0,"silentlySkippedDurationMs":0}
[18:12:16.495] INFO: simulator:public-processor Processed 1 successful txs and 0 failed txs (0 silently skipped, 0ms wasted) in 0.018275250000006054s {"blockNumber":11,"successfulCount":1,"failedCount":0,"duration":0.018275250000006054,"rate":67395849.57795882,"totalPublicGas":{"daGas":2176,"l2Gas":1231676},"totalBlockGas":{"daGas":2176,"l2Gas":1231676},"totalSizeInBytes":2304,"silentlySkippedCount":0,"silentlySkippedDurationMs":0}
[18:12:16.525] INFO: simulator:public-processor Processed 1 successful txs and 0 failed txs (0 silently skipped, 0ms wasted) in 0.004189874999996391s {"blockNumber":12,"successfulCount":1,"failedCount":0,"duration":0.004189874999996391,"rate":2761657.56735224,"totalPublicGas":{"daGas":0,"l2Gas":11571},"totalBlockGas":{"daGas":0,"l2Gas":11571},"totalSizeInBytes":128,"silentlySkippedCount":0,"silentlySkippedDurationMs":0}
[18:12:16.553] INFO: simulator:public-processor Processed 1 successful txs and 0 failed txs (0 silently skipped, 0ms wasted) in 0.01790654099999665s {"blockNumber":12,"successfulCount":1,"failedCount":0,"duration":0.01790654099999665,"rate":68783580.25708206,"totalPublicGas":{"daGas":2176,"l2Gas":1231676},"totalBlockGas":{"daGas":2176,"l2Gas":1231676},"totalSizeInBytes":2304,"silentlySkippedCount":0,"silentlySkippedDurationMs":0}
[18:12:16.581] INFO: txe:top_level_context Created block 13 with timestamp 1789503135
[18:12:17.157] INFO: simulator:public-processor Processed 1 successful txs and 0 failed txs (0 silently skipped, 0ms wasted) in 0.02686454199999571s {"blockNumber":14,"successfulCount":1,"failedCount":0,"duration":0.02686454199999571,"rate":72492097.57606554,"totalPublicGas":{"daGas":2368,"l2Gas":1947467},"totalBlockGas":{"daGas":3744,"l2Gas":2674217},"totalSizeInBytes":3744,"silentlySkippedCount":0,"silentlySkippedDurationMs":0}
[billboard_test] Testing test_flag_penalty_two_flags ... [0m[32mok[0m
[18:12:17.802] INFO: kv-store:lmdb-v2 Starting data store with maxReaders 2
[18:12:17.803] INFO: world-state:database Creating world state data store at directory /var/folders/ym/q1vh2x5n58xbsmpmvs5_6w3r0000gn/T/aztec-world-state-yPMTqQ/world_state with map sizes {"archiveTreeMapSizeKb":10485760,"nullifierTreeMapSizeKb":10485760,"noteHashTreeMapSizeKb":10485760,"messageTreeMapSizeKb":10485760,"publicDataTreeMapSizeKb":10485760} and 2 threads (ephemeral=true).
[18:12:17.812] INFO: txe_node Aztec Node version: txe
[18:12:17.812] INFO: txe_node Aztec Node started on chain 0x1
[18:12:17.824] INFO: txe:top_level_context Created block 1 with timestamp 1789492337
[18:12:17.861] INFO: txe:top_level_context Created block 2 with timestamp 1789492337
[18:12:17.926] INFO: simulator:public-processor Processed 1 successful txs and 0 failed txs (0 silently skipped, 0ms wasted) in 0.03842108299999381s {"blockNumber":3,"successfulCount":1,"failedCount":0,"duration":0.03842108299999381,"rate":84228495.06872363,"totalPublicGas":{"daGas":4000,"l2Gas":3236150},"totalBlockGas":{"daGas":4000,"l2Gas":3236150},"totalSizeInBytes":4128,"silentlySkippedCount":0,"silentlySkippedDurationMs":0}
[18:12:18.038] INFO: simulator:public-processor Processed 1 successful txs and 0 failed txs (0 silently skipped, 0ms wasted) in 0.01348962500000198s {"blockNumber":4,"successfulCount":1,"failedCount":0,"duration":0.01348962500000198,"rate":84552387.48296063,"totalPublicGas":{"daGas":192,"l2Gas":1140580},"totalBlockGas":{"daGas":320,"l2Gas":1731380},"totalSizeInBytes":320,"silentlySkippedCount":0,"silentlySkippedDurationMs":0}
[18:12:18.065] INFO: txe:top_level_context Created block 5 with timestamp 1789492337
[18:12:18.213] INFO: simulator:public-processor Processed 1 successful txs and 0 failed txs (0 silently skipped, 0ms wasted) in 0.004217540999998164s {"blockNumber":6,"successfulCount":1,"failedCount":0,"duration":0.004217540999998164,"rate":0,"totalPublicGas":{"daGas":0,"l2Gas":0},"totalBlockGas":{"daGas":1984,"l2Gas":529900},"totalSizeInBytes":1984,"silentlySkippedCount":0,"silentlySkippedDurationMs":0}
[18:12:18.240] INFO: txe:top_level_context Created block 7 with timestamp 1789495938
[18:12:18.848] INFO: simulator:public-processor Processed 1 successful txs and 0 failed txs (0 silently skipped, 0ms wasted) in 0.030479499999994004s {"blockNumber":8,"successfulCount":1,"failedCount":0,"duration":0.030479499999994004,"rate":63894322.413437985,"totalPublicGas":{"daGas":2368,"l2Gas":1947467},"totalBlockGas":{"daGas":3744,"l2Gas":2674217},"totalSizeInBytes":3744,"silentlySkippedCount":0,"silentlySkippedDurationMs":0}
[18:12:18.878] INFO: simulator:public-processor Processed 1 successful txs and 0 failed txs (0 silently skipped, 0ms wasted) in 0.004345500000003085s {"blockNumber":9,"successfulCount":1,"failedCount":0,"duration":0.004345500000003085,"rate":2662754.5736950375,"totalPublicGas":{"daGas":0,"l2Gas":11571},"totalBlockGas":{"daGas":0,"l2Gas":11571},"totalSizeInBytes":128,"silentlySkippedCount":0,"silentlySkippedDurationMs":0}
[18:12:18.907] INFO: simulator:public-processor Processed 1 successful txs and 0 failed txs (0 silently skipped, 0ms wasted) in 0.01841924999999901s {"blockNumber":9,"successfulCount":1,"failedCount":0,"duration":0.01841924999999901,"rate":66868955.03346044,"totalPublicGas":{"daGas":2176,"l2Gas":1231676},"totalBlockGas":{"daGas":2176,"l2Gas":1231676},"totalSizeInBytes":2304,"silentlySkippedCount":0,"silentlySkippedDurationMs":0}
[18:12:18.936] INFO: txe:top_level_context Created block 10 with timestamp 1789595938
[18:12:19.388] INFO: kv-store:lmdb-v2 Starting data store with maxReaders 2
[18:12:19.389] INFO: world-state:database Creating world state data store at directory /var/folders/ym/q1vh2x5n58xbsmpmvs5_6w3r0000gn/T/aztec-world-state-TqZA6V/world_state with map sizes {"archiveTreeMapSizeKb":10485760,"nullifierTreeMapSizeKb":10485760,"noteHashTreeMapSizeKb":10485760,"messageTreeMapSizeKb":10485760,"publicDataTreeMapSizeKb":10485760} and 2 threads (ephemeral=true).
[18:12:19.399] INFO: txe_node Aztec Node version: txe
[18:12:19.399] INFO: txe_node Aztec Node started on chain 0x1
[18:12:19.418] INFO: txe:top_level_context Created block 1 with timestamp 1789492339
[18:12:19.517] INFO: txe:top_level_context Created block 2 with timestamp 1789492339
[18:12:19.533] INFO: simulator:public-processor Processed 1 successful txs and 0 failed txs (0 silently skipped, 0ms wasted) in 0.028086082999994686s {"blockNumber":11,"successfulCount":1,"failedCount":0,"duration":0.028086082999994686,"rate":69339216.86410911,"totalPublicGas":{"daGas":2368,"l2Gas":1947467},"totalBlockGas":{"daGas":3744,"l2Gas":2674217},"totalSizeInBytes":3744,"silentlySkippedCount":0,"silentlySkippedDurationMs":0}
[18:12:19.592] INFO: simulator:public-processor Processed 1 successful txs and 0 failed txs (0 silently skipped, 0ms wasted) in 0.046647000000004483s {"blockNumber":3,"successfulCount":1,"failedCount":0,"duration":0.046647000000004483,"rate":69375308.1655774,"totalPublicGas":{"daGas":4000,"l2Gas":3236150},"totalBlockGas":{"daGas":4000,"l2Gas":3236150},"totalSizeInBytes":4128,"silentlySkippedCount":0,"silentlySkippedDurationMs":0}
[18:12:19.767] INFO: simulator:public-processor Processed 1 successful txs and 0 failed txs (0 silently skipped, 0ms wasted) in 0.01477258399999846s {"blockNumber":4,"successfulCount":1,"failedCount":0,"duration":0.01477258399999846,"rate":77209241.11855575,"totalPublicGas":{"daGas":192,"l2Gas":1140580},"totalBlockGas":{"daGas":320,"l2Gas":1731380},"totalSizeInBytes":320,"silentlySkippedCount":0,"silentlySkippedDurationMs":0}
[18:12:19.806] INFO: txe:top_level_context Created block 5 with timestamp 1789492339
[billboard_test] Testing test_flag_penalty_with_save_up ... [0m[32mok[0m
[18:12:19.995] INFO: simulator:public-processor Processed 1 successful txs and 0 failed txs (0 silently skipped, 0ms wasted) in 0.003936791000000084s {"blockNumber":6,"successfulCount":1,"failedCount":0,"duration":0.003936791000000084,"rate":0,"totalPublicGas":{"daGas":0,"l2Gas":0},"totalBlockGas":{"daGas":1984,"l2Gas":529900},"totalSizeInBytes":1984,"silentlySkippedCount":0,"silentlySkippedDurationMs":0}
[18:12:20.024] INFO: txe:top_level_context Created block 7 with timestamp 1789495940
[billboard_test] Testing test_full_flow_declare_immoral_after_post ... [0m[32mok[0m
[18:12:20.584] INFO: simulator:public-processor Processed 1 successful txs and 0 failed txs (0 silently skipped, 0ms wasted) in 0.02620224999999482s {"blockNumber":8,"successfulCount":1,"failedCount":0,"duration":0.02620224999999482,"rate":74324418.70451526,"totalPublicGas":{"daGas":2368,"l2Gas":1947467},"totalBlockGas":{"daGas":3744,"l2Gas":2674217},"totalSizeInBytes":3744,"silentlySkippedCount":0,"silentlySkippedDurationMs":0}
[18:12:20.615] INFO: simulator:public-processor Processed 1 successful txs and 0 failed txs (0 silently skipped, 0ms wasted) in 0.004425917000000481s {"blockNumber":9,"successfulCount":1,"failedCount":0,"duration":0.004425917000000481,"rate":2614373.4733386873,"totalPublicGas":{"daGas":0,"l2Gas":11571},"totalBlockGas":{"daGas":0,"l2Gas":11571},"totalSizeInBytes":128,"silentlySkippedCount":0,"silentlySkippedDurationMs":0}
[18:12:20.643] INFO: simulator:public-processor Processed 1 successful txs and 0 failed txs (0 silently skipped, 0ms wasted) in 0.017632417000000716s {"blockNumber":9,"successfulCount":1,"failedCount":0,"duration":0.017632417000000716,"rate":69852930.54264483,"totalPublicGas":{"daGas":2176,"l2Gas":1231676},"totalBlockGas":{"daGas":2176,"l2Gas":1231676},"totalSizeInBytes":2304,"silentlySkippedCount":0,"silentlySkippedDurationMs":0}
[18:12:20.672] INFO: simulator:public-processor Processed 1 successful txs and 0 failed txs (0 silently skipped, 0ms wasted) in 0.004180375000003551s {"blockNumber":10,"successfulCount":1,"failedCount":0,"duration":0.004180375000003551,"rate":2767933.498786633,"totalPublicGas":{"daGas":0,"l2Gas":11571},"totalBlockGas":{"daGas":0,"l2Gas":11571},"totalSizeInBytes":128,"silentlySkippedCount":0,"silentlySkippedDurationMs":0}
[18:12:20.686] INFO: simulator:public-processor Processed 1 successful txs and 0 failed txs (0 silently skipped, 0ms wasted) in 0.0042504169999956504s {"blockNumber":10,"successfulCount":1,"failedCount":0,"duration":0.0042504169999956504,"rate":3061817.228759747,"totalPublicGas":{"daGas":0,"l2Gas":13014},"totalBlockGas":{"daGas":0,"l2Gas":13014},"totalSizeInBytes":128,"silentlySkippedCount":0,"silentlySkippedDurationMs":0}
[18:12:20.701] INFO: simulator:public-processor Processed 1 successful txs and 0 failed txs (0 silently skipped, 0ms wasted) in 0.004160874999994121s {"blockNumber":10,"successfulCount":1,"failedCount":0,"duration":0.004160874999994121,"rate":2780905.458591366,"totalPublicGas":{"daGas":0,"l2Gas":11571},"totalBlockGas":{"daGas":0,"l2Gas":11571},"totalSizeInBytes":128,"silentlySkippedCount":0,"silentlySkippedDurationMs":0}
[18:12:20.715] INFO: simulator:public-processor Processed 1 successful txs and 0 failed txs (0 silently skipped, 0ms wasted) in 0.0041774589999986345s {"blockNumber":10,"successfulCount":1,"failedCount":0,"duration":0.0041774589999986345,"rate":3102364.3798788297,"totalPublicGas":{"daGas":0,"l2Gas":12960},"totalBlockGas":{"daGas":0,"l2Gas":12960},"totalSizeInBytes":128,"silentlySkippedCount":0,"silentlySkippedDurationMs":0}
[18:12:20.729] INFO: simulator:public-processor Processed 1 successful txs and 0 failed txs (0 silently skipped, 0ms wasted) in 0.004519500000002154s {"blockNumber":10,"successfulCount":1,"failedCount":0,"duration":0.004519500000002154,"rate":2560238.964486002,"totalPublicGas":{"daGas":0,"l2Gas":11571},"totalBlockGas":{"daGas":0,"l2Gas":11571},"totalSizeInBytes":128,"silentlySkippedCount":0,"silentlySkippedDurationMs":0}
[18:12:20.746] INFO: simulator:public-processor Processed 1 successful txs and 0 failed txs (0 silently skipped, 0ms wasted) in 0.00678887499999837s {"blockNumber":10,"successfulCount":1,"failedCount":0,"duration":0.00678887499999837,"rate":22736609.526620694,"totalPublicGas":{"daGas":0,"l2Gas":154356},"totalBlockGas":{"daGas":0,"l2Gas":154356},"totalSizeInBytes":128,"silentlySkippedCount":0,"silentlySkippedDurationMs":0}
[18:12:21.756] INFO: kv-store:lmdb-v2 Starting data store with maxReaders 2
[18:12:21.757] INFO: world-state:database Creating world state data store at directory /var/folders/ym/q1vh2x5n58xbsmpmvs5_6w3r0000gn/T/aztec-world-state-NSJEaC/world_state with map sizes {"archiveTreeMapSizeKb":10485760,"nullifierTreeMapSizeKb":10485760,"noteHashTreeMapSizeKb":10485760,"messageTreeMapSizeKb":10485760,"publicDataTreeMapSizeKb":10485760} and 2 threads (ephemeral=true).
[18:12:21.766] INFO: txe_node Aztec Node version: txe
[18:12:21.766] INFO: txe_node Aztec Node started on chain 0x1
[18:12:21.778] INFO: txe:top_level_context Created block 1 with timestamp 1789492341
[18:12:21.815] INFO: txe:top_level_context Created block 2 with timestamp 1789492341
[18:12:21.880] INFO: simulator:public-processor Processed 1 successful txs and 0 failed txs (0 silently skipped, 0ms wasted) in 0.03793970799999807s {"blockNumber":3,"successfulCount":1,"failedCount":0,"duration":0.03793970799999807,"rate":85297177.30036734,"totalPublicGas":{"daGas":4000,"l2Gas":3236150},"totalBlockGas":{"daGas":4000,"l2Gas":3236150},"totalSizeInBytes":4128,"silentlySkippedCount":0,"silentlySkippedDurationMs":0}
[18:12:22.001] INFO: simulator:public-processor Processed 1 successful txs and 0 failed txs (0 silently skipped, 0ms wasted) in 0.013954957999994804s {"blockNumber":4,"successfulCount":1,"failedCount":0,"duration":0.013954957999994804,"rate":81732958.27908795,"totalPublicGas":{"daGas":192,"l2Gas":1140580},"totalBlockGas":{"daGas":320,"l2Gas":1731380},"totalSizeInBytes":320,"silentlySkippedCount":0,"silentlySkippedDurationMs":0}
[18:12:22.028] INFO: txe:top_level_context Created block 5 with timestamp 1789492341
[billboard_test] Testing test_full_flow_deposit_below_minimum ... [0m[32mok[0m
[18:12:22.635] INFO: kv-store:lmdb-v2 Starting data store with maxReaders 2
[18:12:22.636] INFO: world-state:database Creating world state data store at directory /var/folders/ym/q1vh2x5n58xbsmpmvs5_6w3r0000gn/T/aztec-world-state-fMnDpp/world_state with map sizes {"archiveTreeMapSizeKb":10485760,"nullifierTreeMapSizeKb":10485760,"noteHashTreeMapSizeKb":10485760,"messageTreeMapSizeKb":10485760,"publicDataTreeMapSizeKb":10485760} and 2 threads (ephemeral=true).
[18:12:22.646] INFO: txe_node Aztec Node version: txe
[18:12:22.646] INFO: txe_node Aztec Node started on chain 0x1
[18:12:22.657] INFO: txe:top_level_context Created block 1 with timestamp 1789492342
[18:12:22.693] INFO: txe:top_level_context Created block 2 with timestamp 1789492342
[18:12:22.757] INFO: simulator:public-processor Processed 1 successful txs and 0 failed txs (0 silently skipped, 0ms wasted) in 0.037411874999997964s {"blockNumber":3,"successfulCount":1,"failedCount":0,"duration":0.037411874999997964,"rate":86500609.7662888,"totalPublicGas":{"daGas":4000,"l2Gas":3236150},"totalBlockGas":{"daGas":4000,"l2Gas":3236150},"totalSizeInBytes":4128,"silentlySkippedCount":0,"silentlySkippedDurationMs":0}
[18:12:22.866] INFO: simulator:public-processor Processed 1 successful txs and 0 failed txs (0 silently skipped, 0ms wasted) in 0.013356583000000683s {"blockNumber":4,"successfulCount":1,"failedCount":0,"duration":0.013356583000000683,"rate":85394595.30928993,"totalPublicGas":{"daGas":192,"l2Gas":1140580},"totalBlockGas":{"daGas":320,"l2Gas":1731380},"totalSizeInBytes":320,"silentlySkippedCount":0,"silentlySkippedDurationMs":0}
[18:12:22.893] INFO: txe:top_level_context Created block 5 with timestamp 1789492342
[18:12:23.040] INFO: simulator:public-processor Processed 1 successful txs and 0 failed txs (0 silently skipped, 0ms wasted) in 0.0036800829999992855s {"blockNumber":6,"successfulCount":1,"failedCount":0,"duration":0.0036800829999992855,"rate":0,"totalPublicGas":{"daGas":0,"l2Gas":0},"totalBlockGas":{"daGas":1984,"l2Gas":529900},"totalSizeInBytes":1984,"silentlySkippedCount":0,"silentlySkippedDurationMs":0}
[18:12:23.068] INFO: txe:top_level_context Created block 7 with timestamp 1789495943
[18:12:23.634] INFO: simulator:public-processor Processed 1 successful txs and 0 failed txs (0 silently skipped, 0ms wasted) in 0.027336750000002213s {"blockNumber":8,"successfulCount":1,"failedCount":0,"duration":0.027336750000002213,"rate":71239887.69695894,"totalPublicGas":{"daGas":2368,"l2Gas":1947467},"totalBlockGas":{"daGas":3744,"l2Gas":2674217},"totalSizeInBytes":3744,"silentlySkippedCount":0,"silentlySkippedDurationMs":0}
[18:12:23.665] INFO: simulator:public-processor Processed 1 successful txs and 0 failed txs (0 silently skipped, 0ms wasted) in 0.004484125000002678s {"blockNumber":9,"successfulCount":1,"failedCount":0,"duration":0.004484125000002678,"rate":2580436.5400146274,"totalPublicGas":{"daGas":0,"l2Gas":11571},"totalBlockGas":{"daGas":0,"l2Gas":11571},"totalSizeInBytes":128,"silentlySkippedCount":0,"silentlySkippedDurationMs":0}
[18:12:23.694] INFO: simulator:public-processor Processed 1 successful txs and 0 failed txs (0 silently skipped, 0ms wasted) in 0.018492874999996276s {"blockNumber":9,"successfulCount":1,"failedCount":0,"duration":0.018492874999996276,"rate":66602732.13333503,"totalPublicGas":{"daGas":2176,"l2Gas":1231676},"totalBlockGas":{"daGas":2176,"l2Gas":1231676},"totalSizeInBytes":2304,"silentlySkippedCount":0,"silentlySkippedDurationMs":0}
[18:12:23.724] INFO: simulator:public-processor Processed 1 successful txs and 0 failed txs (0 silently skipped, 0ms wasted) in 0.004244542000000365s {"blockNumber":10,"successfulCount":1,"failedCount":0,"duration":0.004244542000000365,"rate":2726089.175227623,"totalPublicGas":{"daGas":0,"l2Gas":11571},"totalBlockGas":{"daGas":0,"l2Gas":11571},"totalSizeInBytes":128,"silentlySkippedCount":0,"silentlySkippedDurationMs":0}
[18:12:23.740] INFO: simulator:public-processor Processed 1 successful txs and 0 failed txs (0 silently skipped, 0ms wasted) in 0.00491466699999728s {"blockNumber":10,"successfulCount":1,"failedCount":0,"duration":0.00491466699999728,"rate":7342104.765189579,"totalPublicGas":{"daGas":0,"l2Gas":36084},"totalBlockGas":{"daGas":0,"l2Gas":36084},"totalSizeInBytes":128,"silentlySkippedCount":0,"silentlySkippedDurationMs":0}
[18:12:23.741] WARN: txe:top_level_context Could not find function artifact in contract Billboard for function '0x53843f0d' when enriching error callstack
[billboard_test] Testing test_full_flow_double_flag_fails ... [0m[32mok[0m
[18:12:23.987] INFO: kv-store:lmdb-v2 Starting data store with maxReaders 2
[18:12:23.988] INFO: world-state:database Creating world state data store at directory /var/folders/ym/q1vh2x5n58xbsmpmvs5_6w3r0000gn/T/aztec-world-state-VmNPwc/world_state with map sizes {"archiveTreeMapSizeKb":10485760,"nullifierTreeMapSizeKb":10485760,"noteHashTreeMapSizeKb":10485760,"messageTreeMapSizeKb":10485760,"publicDataTreeMapSizeKb":10485760} and 2 threads (ephemeral=true).
[18:12:23.997] INFO: txe_node Aztec Node version: txe
[18:12:23.997] INFO: txe_node Aztec Node started on chain 0x1
[18:12:24.009] INFO: txe:top_level_context Created block 1 with timestamp 1789492343
[18:12:24.045] INFO: txe:top_level_context Created block 2 with timestamp 1789492343
[18:12:24.110] INFO: simulator:public-processor Processed 1 successful txs and 0 failed txs (0 silently skipped, 0ms wasted) in 0.0369251660000009s {"blockNumber":3,"successfulCount":1,"failedCount":0,"duration":0.0369251660000009,"rate":87640770.52490221,"totalPublicGas":{"daGas":4000,"l2Gas":3236150},"totalBlockGas":{"daGas":4000,"l2Gas":3236150},"totalSizeInBytes":4128,"silentlySkippedCount":0,"silentlySkippedDurationMs":0}
[18:12:24.220] INFO: simulator:public-processor Processed 1 successful txs and 0 failed txs (0 silently skipped, 0ms wasted) in 0.013731999999996332s {"blockNumber":4,"successfulCount":1,"failedCount":0,"duration":0.013731999999996332,"rate":83060005.82583052,"totalPublicGas":{"daGas":192,"l2Gas":1140580},"totalBlockGas":{"daGas":320,"l2Gas":1731380},"totalSizeInBytes":320,"silentlySkippedCount":0,"silentlySkippedDurationMs":0}
[18:12:24.248] INFO: txe:top_level_context Created block 5 with timestamp 1789492343
[18:12:24.400] INFO: simulator:public-processor Processed 1 successful txs and 0 failed txs (0 silently skipped, 0ms wasted) in 0.004880415999999968s {"blockNumber":6,"successfulCount":1,"failedCount":0,"duration":0.004880415999999968,"rate":0,"totalPublicGas":{"daGas":0,"l2Gas":0},"totalBlockGas":{"daGas":1984,"l2Gas":529900},"totalSizeInBytes":1984,"silentlySkippedCount":0,"silentlySkippedDurationMs":0}
[18:12:24.428] INFO: txe:top_level_context Created block 7 with timestamp 1789495944
[18:12:24.973] INFO: simulator:public-processor Processed 1 successful txs and 0 failed txs (0 silently skipped, 0ms wasted) in 0.0267913750000007s {"blockNumber":8,"successfulCount":1,"failedCount":0,"duration":0.0267913750000007,"rate":72690072.8312731,"totalPublicGas":{"daGas":2368,"l2Gas":1947467},"totalBlockGas":{"daGas":3744,"l2Gas":2674217},"totalSizeInBytes":3744,"silentlySkippedCount":0,"silentlySkippedDurationMs":0}
[18:12:25.003] INFO: simulator:public-processor Processed 1 successful txs and 0 failed txs (0 silently skipped, 0ms wasted) in 0.003993375000005472s {"blockNumber":9,"successfulCount":1,"failedCount":0,"duration":0.003993375000005472,"rate":2210160.578455043,"totalPublicGas":{"daGas":0,"l2Gas":8826},"totalBlockGas":{"daGas":0,"l2Gas":8826},"totalSizeInBytes":128,"silentlySkippedCount":0,"silentlySkippedDurationMs":0}
[18:12:25.017] INFO: simulator:public-processor Processed 1 successful txs and 0 failed txs (0 silently skipped, 0ms wasted) in 0.004206958999995549s {"blockNumber":9,"successfulCount":1,"failedCount":0,"duration":0.004206958999995549,"rate":2750442.7782662585,"totalPublicGas":{"daGas":0,"l2Gas":11571},"totalBlockGas":{"daGas":0,"l2Gas":11571},"totalSizeInBytes":128,"silentlySkippedCount":0,"silentlySkippedDurationMs":0}
[18:12:25.035] INFO: simulator:public-processor Processed 1 successful txs and 0 failed txs (0 silently skipped, 0ms wasted) in 0.007433125000003201s {"blockNumber":9,"successfulCount":1,"failedCount":0,"duration":0.007433125000003201,"rate":20722374.506003015,"totalPublicGas":{"daGas":0,"l2Gas":154032},"totalBlockGas":{"daGas":0,"l2Gas":154032},"totalSizeInBytes":128,"silentlySkippedCount":0,"silentlySkippedDurationMs":0}
[18:12:25.050] INFO: simulator:public-processor Processed 1 successful txs and 0 failed txs (0 silently skipped, 0ms wasted) in 0.005302374999999302s {"blockNumber":9,"successfulCount":1,"failedCount":0,"duration":0.005302374999999302,"rate":2182229.661236997,"totalPublicGas":{"daGas":0,"l2Gas":11571},"totalBlockGas":{"daGas":0,"l2Gas":11571},"totalSizeInBytes":128,"silentlySkippedCount":0,"silentlySkippedDurationMs":0}
[18:12:25.066] INFO: simulator:public-processor Processed 1 successful txs and 0 failed txs (0 silently skipped, 0ms wasted) in 0.004538625000001048s {"blockNumber":9,"successfulCount":1,"failedCount":0,"duration":0.004538625000001048,"rate":2835660.5800208277,"totalPublicGas":{"daGas":0,"l2Gas":12870},"totalBlockGas":{"daGas":0,"l2Gas":12870},"totalSizeInBytes":128,"silentlySkippedCount":0,"silentlySkippedDurationMs":0}
[billboard_test] Testing test_full_flow_first_post ... [0m[32mok[0m
[18:12:25.644] INFO: kv-store:lmdb-v2 Starting data store with maxReaders 2
[18:12:25.645] INFO: world-state:database Creating world state data store at directory /var/folders/ym/q1vh2x5n58xbsmpmvs5_6w3r0000gn/T/aztec-world-state-uBqjJx/world_state with map sizes {"archiveTreeMapSizeKb":10485760,"nullifierTreeMapSizeKb":10485760,"noteHashTreeMapSizeKb":10485760,"messageTreeMapSizeKb":10485760,"publicDataTreeMapSizeKb":10485760} and 2 threads (ephemeral=true).
[18:12:25.654] INFO: txe_node Aztec Node version: txe
[18:12:25.654] INFO: txe_node Aztec Node started on chain 0x1
[18:12:25.666] INFO: txe:top_level_context Created block 1 with timestamp 1789492345
[18:12:25.703] INFO: txe:top_level_context Created block 2 with timestamp 1789492345
[18:12:25.769] INFO: simulator:public-processor Processed 1 successful txs and 0 failed txs (0 silently skipped, 0ms wasted) in 0.038510332999998356s {"blockNumber":3,"successfulCount":1,"failedCount":0,"duration":0.038510332999998356,"rate":84033290.49375238,"totalPublicGas":{"daGas":4000,"l2Gas":3236150},"totalBlockGas":{"daGas":4000,"l2Gas":3236150},"totalSizeInBytes":4128,"silentlySkippedCount":0,"silentlySkippedDurationMs":0}
[18:12:25.882] INFO: simulator:public-processor Processed 1 successful txs and 0 failed txs (0 silently skipped, 0ms wasted) in 0.013949249999997847s {"blockNumber":4,"successfulCount":1,"failedCount":0,"duration":0.013949249999997847,"rate":81766403.21165483,"totalPublicGas":{"daGas":192,"l2Gas":1140580},"totalBlockGas":{"daGas":320,"l2Gas":1731380},"totalSizeInBytes":320,"silentlySkippedCount":0,"silentlySkippedDurationMs":0}
[18:12:25.910] INFO: txe:top_level_context Created block 5 with timestamp 1789492345
[18:12:26.061] INFO: simulator:public-processor Processed 1 successful txs and 0 failed txs (0 silently skipped, 0ms wasted) in 0.0035869170000005397s {"blockNumber":6,"successfulCount":1,"failedCount":0,"duration":0.0035869170000005397,"rate":0,"totalPublicGas":{"daGas":0,"l2Gas":0},"totalBlockGas":{"daGas":1984,"l2Gas":529900},"totalSizeInBytes":1984,"silentlySkippedCount":0,"silentlySkippedDurationMs":0}
[18:12:26.089] INFO: txe:top_level_context Created block 7 with timestamp 1789495946
[18:12:26.641] INFO: simulator:public-processor Processed 1 successful txs and 0 failed txs (0 silently skipped, 0ms wasted) in 0.02632854100000259s {"blockNumber":8,"successfulCount":1,"failedCount":0,"duration":0.02632854100000259,"rate":73967904.2602402,"totalPublicGas":{"daGas":2368,"l2Gas":1947467},"totalBlockGas":{"daGas":3744,"l2Gas":2674217},"totalSizeInBytes":3744,"silentlySkippedCount":0,"silentlySkippedDurationMs":0}
[18:12:26.671] INFO: simulator:public-processor Processed 1 successful txs and 0 failed txs (0 silently skipped, 0ms wasted) in 0.004493332999998529s {"blockNumber":9,"successfulCount":1,"failedCount":0,"duration":0.004493332999998529,"rate":2575148.5589881246,"totalPublicGas":{"daGas":0,"l2Gas":11571},"totalBlockGas":{"daGas":0,"l2Gas":11571},"totalSizeInBytes":128,"silentlySkippedCount":0,"silentlySkippedDurationMs":0}
[18:12:26.699] INFO: simulator:public-processor Processed 1 successful txs and 0 failed txs (0 silently skipped, 0ms wasted) in 0.01777312499999971s {"blockNumber":9,"successfulCount":1,"failedCount":0,"duration":0.01777312499999971,"rate":69299912.08636749,"totalPublicGas":{"daGas":2176,"l2Gas":1231676},"totalBlockGas":{"daGas":2176,"l2Gas":1231676},"totalSizeInBytes":2304,"silentlySkippedCount":0,"silentlySkippedDurationMs":0}
[18:12:26.727] INFO: txe:top_level_context Created block 10 with timestamp 1789499546
[18:12:26.928] INFO: kv-store:lmdb-v2 Starting data store with maxReaders 2
[18:12:26.929] INFO: world-state:database Creating world state data store at directory /var/folders/ym/q1vh2x5n58xbsmpmvs5_6w3r0000gn/T/aztec-world-state-k0h3ik/world_state with map sizes {"archiveTreeMapSizeKb":10485760,"nullifierTreeMapSizeKb":10485760,"noteHashTreeMapSizeKb":10485760,"messageTreeMapSizeKb":10485760,"publicDataTreeMapSizeKb":10485760} and 2 threads (ephemeral=true).
[18:12:26.938] INFO: txe_node Aztec Node version: txe
[18:12:26.938] INFO: txe_node Aztec Node started on chain 0x1
[18:12:26.950] INFO: txe:top_level_context Created block 1 with timestamp 1789492346
[18:12:26.991] INFO: txe:top_level_context Created block 2 with timestamp 1789492346
[18:12:27.216] INFO: simulator:public-processor Processed 1 successful txs and 0 failed txs (0 silently skipped, 0ms wasted) in 0.19765054200000304s {"blockNumber":3,"successfulCount":1,"failedCount":0,"duration":0.19765054200000304,"rate":16373089.429726684,"totalPublicGas":{"daGas":4000,"l2Gas":3236150},"totalBlockGas":{"daGas":4000,"l2Gas":3236150},"totalSizeInBytes":4128,"silentlySkippedCount":0,"silentlySkippedDurationMs":0}
[18:12:27.355] INFO: simulator:public-processor Processed 1 successful txs and 0 failed txs (0 silently skipped, 0ms wasted) in 0.031217125000002854s {"blockNumber":11,"successfulCount":1,"failedCount":0,"duration":0.031217125000002854,"rate":62384572.5703383,"totalPublicGas":{"daGas":2368,"l2Gas":1947467},"totalBlockGas":{"daGas":3744,"l2Gas":2674217},"totalSizeInBytes":3744,"silentlySkippedCount":0,"silentlySkippedDurationMs":0}
[18:12:27.388] INFO: txe:top_level_context Created block 12 with timestamp 1789513944
[18:12:27.424] INFO: simulator:public-processor Processed 1 successful txs and 0 failed txs (0 silently skipped, 0ms wasted) in 0.023781416000005266s {"blockNumber":4,"successfulCount":1,"failedCount":0,"duration":0.023781416000005266,"rate":47960979.2789356,"totalPublicGas":{"daGas":192,"l2Gas":1140580},"totalBlockGas":{"daGas":320,"l2Gas":1731380},"totalSizeInBytes":320,"silentlySkippedCount":0,"silentlySkippedDurationMs":0}
[18:12:27.465] INFO: txe:top_level_context Created block 5 with timestamp 1789492346
[18:12:27.704] INFO: simulator:public-processor Processed 1 successful txs and 0 failed txs (0 silently skipped, 0ms wasted) in 0.00396691699999792s {"blockNumber":6,"successfulCount":1,"failedCount":0,"duration":0.00396691699999792,"rate":0,"totalPublicGas":{"daGas":0,"l2Gas":0},"totalBlockGas":{"daGas":1984,"l2Gas":529900},"totalSizeInBytes":1984,"silentlySkippedCount":0,"silentlySkippedDurationMs":0}
[billboard_test] Testing test_full_flow_flag_penalty_post3_too_early ... [0m[32mok[0m
[billboard_test] Testing test_full_flow_get_deposit_info ... [0m[32mok[0m
[18:12:30.017] INFO: kv-store:lmdb-v2 Starting data store with maxReaders 2
[18:12:30.017] INFO: world-state:database Creating world state data store at directory /var/folders/ym/q1vh2x5n58xbsmpmvs5_6w3r0000gn/T/aztec-world-state-bmN8nv/world_state with map sizes {"archiveTreeMapSizeKb":10485760,"nullifierTreeMapSizeKb":10485760,"noteHashTreeMapSizeKb":10485760,"messageTreeMapSizeKb":10485760,"publicDataTreeMapSizeKb":10485760} and 2 threads (ephemeral=true).
[18:12:30.026] INFO: txe_node Aztec Node version: txe
[18:12:30.026] INFO: txe_node Aztec Node started on chain 0x1
[18:12:30.038] INFO: txe:top_level_context Created block 1 with timestamp 1789492350
[18:12:30.074] INFO: txe:top_level_context Created block 2 with timestamp 1789492350
[18:12:30.138] INFO: simulator:public-processor Processed 1 successful txs and 0 failed txs (0 silently skipped, 0ms wasted) in 0.03727354200000264s {"blockNumber":3,"successfulCount":1,"failedCount":0,"duration":0.03727354200000264,"rate":86821638.79139179,"totalPublicGas":{"daGas":4000,"l2Gas":3236150},"totalBlockGas":{"daGas":4000,"l2Gas":3236150},"totalSizeInBytes":4128,"silentlySkippedCount":0,"silentlySkippedDurationMs":0}
[18:12:30.141] INFO: kv-store:lmdb-v2 Starting data store with maxReaders 2
[18:12:30.142] INFO: world-state:database Creating world state data store at directory /var/folders/ym/q1vh2x5n58xbsmpmvs5_6w3r0000gn/T/aztec-world-state-g4lbZS/world_state with map sizes {"archiveTreeMapSizeKb":10485760,"nullifierTreeMapSizeKb":10485760,"noteHashTreeMapSizeKb":10485760,"messageTreeMapSizeKb":10485760,"publicDataTreeMapSizeKb":10485760} and 2 threads (ephemeral=true).
[18:12:30.151] INFO: txe_node Aztec Node version: txe
[18:12:30.151] INFO: txe_node Aztec Node started on chain 0x1
[18:12:30.169] INFO: txe:top_level_context Created block 1 with timestamp 1789492350
[18:12:30.227] INFO: txe:top_level_context Created block 2 with timestamp 1789492350
[18:12:30.288] INFO: simulator:public-processor Processed 1 successful txs and 0 failed txs (0 silently skipped, 0ms wasted) in 0.013765166000004683s {"blockNumber":4,"successfulCount":1,"failedCount":0,"duration":0.013765166000004683,"rate":82859879.78638339,"totalPublicGas":{"daGas":192,"l2Gas":1140580},"totalBlockGas":{"daGas":320,"l2Gas":1731380},"totalSizeInBytes":320,"silentlySkippedCount":0,"silentlySkippedDurationMs":0}
[18:12:30.297] INFO: simulator:public-processor Processed 1 successful txs and 0 failed txs (0 silently skipped, 0ms wasted) in 0.04052241700000013s {"blockNumber":3,"successfulCount":1,"failedCount":0,"duration":0.04052241700000013,"rate":79860734.86189112,"totalPublicGas":{"daGas":4000,"l2Gas":3236150},"totalBlockGas":{"daGas":4000,"l2Gas":3236150},"totalSizeInBytes":4128,"silentlySkippedCount":0,"silentlySkippedDurationMs":0}
[18:12:30.323] INFO: txe:top_level_context Created block 5 with timestamp 1789492350
[18:12:30.459] INFO: simulator:public-processor Processed 1 successful txs and 0 failed txs (0 silently skipped, 0ms wasted) in 0.029700833999995666s {"blockNumber":4,"successfulCount":1,"failedCount":0,"duration":0.029700833999995666,"rate":38402288.63607556,"totalPublicGas":{"daGas":192,"l2Gas":1140580},"totalBlockGas":{"daGas":320,"l2Gas":1731380},"totalSizeInBytes":320,"silentlySkippedCount":0,"silentlySkippedDurationMs":0}
[18:12:30.499] INFO: txe:top_level_context Created block 5 with timestamp 1789492350
[18:12:30.509] INFO: simulator:public-processor Processed 1 successful txs and 0 failed txs (0 silently skipped, 0ms wasted) in 0.003607458000005863s {"blockNumber":6,"successfulCount":1,"failedCount":0,"duration":0.003607458000005863,"rate":0,"totalPublicGas":{"daGas":0,"l2Gas":0},"totalBlockGas":{"daGas":1984,"l2Gas":529900},"totalSizeInBytes":1984,"silentlySkippedCount":0,"silentlySkippedDurationMs":0}
[18:12:30.541] INFO: txe:top_level_context Created block 7 with timestamp 1789495951
[18:12:30.735] INFO: simulator:public-processor Processed 1 successful txs and 0 failed txs (0 silently skipped, 0ms wasted) in 0.0044099170000044974s {"blockNumber":6,"successfulCount":1,"failedCount":0,"duration":0.0044099170000044974,"rate":0,"totalPublicGas":{"daGas":0,"l2Gas":0},"totalBlockGas":{"daGas":1984,"l2Gas":529900},"totalSizeInBytes":1984,"silentlySkippedCount":0,"silentlySkippedDurationMs":0}
[18:12:30.766] INFO: txe:top_level_context Created block 7 with timestamp 1789492450
[billboard_test] Testing test_full_flow_post_too_early ... [0m[32mok[0m
[18:12:31.338] INFO: simulator:public-processor Processed 1 successful txs and 0 failed txs (0 silently skipped, 0ms wasted) in 0.03323912500000006s {"blockNumber":8,"successfulCount":1,"failedCount":0,"duration":0.03323912500000006,"rate":58589598.85376034,"totalPublicGas":{"daGas":2368,"l2Gas":1947467},"totalBlockGas":{"daGas":3744,"l2Gas":2674217},"totalSizeInBytes":3744,"silentlySkippedCount":0,"silentlySkippedDurationMs":0}
[18:12:31.487] INFO: simulator:public-processor Processed 1 successful txs and 0 failed txs (0 silently skipped, 0ms wasted) in 0.11862541700000293s {"blockNumber":9,"successfulCount":1,"failedCount":0,"duration":0.11862541700000293,"rate":74402.2674331234,"totalPublicGas":{"daGas":0,"l2Gas":8826},"totalBlockGas":{"daGas":0,"l2Gas":8826},"totalSizeInBytes":128,"silentlySkippedCount":0,"silentlySkippedDurationMs":0}
[18:12:31.560] INFO: txe:top_level_context Created block 9 with timestamp 1789499552
[18:12:32.140] INFO: simulator:public-processor Processed 1 successful txs and 0 failed txs (0 silently skipped, 0ms wasted) in 0.02661437499999738s {"blockNumber":10,"successfulCount":1,"failedCount":0,"duration":0.02661437499999738,"rate":73173501.16244292,"totalPublicGas":{"daGas":2368,"l2Gas":1947467},"totalBlockGas":{"daGas":3744,"l2Gas":2674217},"totalSizeInBytes":3744,"silentlySkippedCount":0,"silentlySkippedDurationMs":0}
[18:12:32.170] INFO: simulator:public-processor Processed 1 successful txs and 0 failed txs (0 silently skipped, 0ms wasted) in 0.004094874999995227s {"blockNumber":11,"successfulCount":1,"failedCount":0,"duration":0.004094874999995227,"rate":2155377.1482671113,"totalPublicGas":{"daGas":0,"l2Gas":8826},"totalBlockGas":{"daGas":0,"l2Gas":8826},"totalSizeInBytes":128,"silentlySkippedCount":0,"silentlySkippedDurationMs":0}
[18:12:32.183] INFO: txe:top_level_context Created block 11 with timestamp 1789503153
[18:12:32.758] INFO: simulator:public-processor Processed 1 successful txs and 0 failed txs (0 silently skipped, 0ms wasted) in 0.026531666000002587s {"blockNumber":12,"successfulCount":1,"failedCount":0,"duration":0.026531666000002587,"rate":73401609.98558515,"totalPublicGas":{"daGas":2368,"l2Gas":1947467},"totalBlockGas":{"daGas":3744,"l2Gas":2674217},"totalSizeInBytes":3744,"silentlySkippedCount":0,"silentlySkippedDurationMs":0}
[18:12:32.788] INFO: simulator:public-processor Processed 1 successful txs and 0 failed txs (0 silently skipped, 0ms wasted) in 0.004273000000001048s {"blockNumber":13,"successfulCount":1,"failedCount":0,"duration":0.004273000000001048,"rate":2065527.7322719018,"totalPublicGas":{"daGas":0,"l2Gas":8826},"totalBlockGas":{"daGas":0,"l2Gas":8826},"totalSizeInBytes":128,"silentlySkippedCount":0,"silentlySkippedDurationMs":0}
[18:12:32.802] INFO: simulator:public-processor Processed 1 successful txs and 0 failed txs (0 silently skipped, 0ms wasted) in 0.004285166999994545s {"blockNumber":13,"successfulCount":1,"failedCount":0,"duration":0.004285166999994545,"rate":2700244.821267113,"totalPublicGas":{"daGas":0,"l2Gas":11571},"totalBlockGas":{"daGas":0,"l2Gas":11571},"totalSizeInBytes":128,"silentlySkippedCount":0,"silentlySkippedDurationMs":0}
[18:12:32.819] INFO: simulator:public-processor Processed 1 successful txs and 0 failed txs (0 silently skipped, 0ms wasted) in 0.00693604200000118s {"blockNumber":13,"successfulCount":1,"failedCount":0,"duration":0.00693604200000118,"rate":22207477.98239598,"totalPublicGas":{"daGas":0,"l2Gas":154032},"totalBlockGas":{"daGas":0,"l2Gas":154032},"totalSizeInBytes":128,"silentlySkippedCount":0,"silentlySkippedDurationMs":0}
[18:12:32.834] INFO: simulator:public-processor Processed 1 successful txs and 0 failed txs (0 silently skipped, 0ms wasted) in 0.004129750000000058s {"blockNumber":13,"successfulCount":1,"failedCount":0,"duration":0.004129750000000058,"rate":2801864.519644007,"totalPublicGas":{"daGas":0,"l2Gas":11571},"totalBlockGas":{"daGas":0,"l2Gas":11571},"totalSizeInBytes":128,"silentlySkippedCount":0,"silentlySkippedDurationMs":0}
[18:12:32.851] INFO: simulator:public-processor Processed 1 successful txs and 0 failed txs (0 silently skipped, 0ms wasted) in 0.007243000000002212s {"blockNumber":13,"successfulCount":1,"failedCount":0,"duration":0.007243000000002212,"rate":21266326.107959818,"totalPublicGas":{"daGas":0,"l2Gas":154032},"totalBlockGas":{"daGas":0,"l2Gas":154032},"totalSizeInBytes":128,"silentlySkippedCount":0,"silentlySkippedDurationMs":0}
[18:12:32.865] INFO: simulator:public-processor Processed 1 successful txs and 0 failed txs (0 silently skipped, 0ms wasted) in 0.004136749999997846s {"blockNumber":13,"successfulCount":1,"failedCount":0,"duration":0.004136749999997846,"rate":2797123.345623019,"totalPublicGas":{"daGas":0,"l2Gas":11571},"totalBlockGas":{"daGas":0,"l2Gas":11571},"totalSizeInBytes":128,"silentlySkippedCount":0,"silentlySkippedDurationMs":0}
[18:12:32.883] INFO: simulator:public-processor Processed 1 successful txs and 0 failed txs (0 silently skipped, 0ms wasted) in 0.006924540999993041s {"blockNumber":13,"successfulCount":1,"failedCount":0,"duration":0.006924540999993041,"rate":22244362.478344023,"totalPublicGas":{"daGas":0,"l2Gas":154032},"totalBlockGas":{"daGas":0,"l2Gas":154032},"totalSizeInBytes":128,"silentlySkippedCount":0,"silentlySkippedDurationMs":0}
[billboard_test] Testing test_full_flow_multiple_posts ... [0m[32mok[0m
[18:12:33.448] INFO: kv-store:lmdb-v2 Starting data store with maxReaders 2
[18:12:33.450] INFO: world-state:database Creating world state data store at directory /var/folders/ym/q1vh2x5n58xbsmpmvs5_6w3r0000gn/T/aztec-world-state-rOxlNR/world_state with map sizes {"archiveTreeMapSizeKb":10485760,"nullifierTreeMapSizeKb":10485760,"noteHashTreeMapSizeKb":10485760,"messageTreeMapSizeKb":10485760,"publicDataTreeMapSizeKb":10485760} and 2 threads (ephemeral=true).
[18:12:33.459] INFO: txe_node Aztec Node version: txe
[18:12:33.459] INFO: txe_node Aztec Node started on chain 0x1
[18:12:33.471] INFO: txe:top_level_context Created block 1 with timestamp 1789492353
[18:12:33.508] INFO: txe:top_level_context Created block 2 with timestamp 1789492353
[18:12:33.574] INFO: simulator:public-processor Processed 1 successful txs and 0 failed txs (0 silently skipped, 0ms wasted) in 0.03825129200000083s {"blockNumber":3,"successfulCount":1,"failedCount":0,"duration":0.03825129200000083,"rate":84602371.07807834,"totalPublicGas":{"daGas":4000,"l2Gas":3236150},"totalBlockGas":{"daGas":4000,"l2Gas":3236150},"totalSizeInBytes":4128,"silentlySkippedCount":0,"silentlySkippedDurationMs":0}
[18:12:33.688] INFO: simulator:public-processor Processed 1 successful txs and 0 failed txs (0 silently skipped, 0ms wasted) in 0.01369441600000573s {"blockNumber":4,"successfulCount":1,"failedCount":0,"duration":0.01369441600000573,"rate":83287962.04230416,"totalPublicGas":{"daGas":192,"l2Gas":1140580},"totalBlockGas":{"daGas":320,"l2Gas":1731380},"totalSizeInBytes":320,"silentlySkippedCount":0,"silentlySkippedDurationMs":0}
[18:12:33.716] INFO: txe:top_level_context Created block 5 with timestamp 1789492353
[18:12:33.869] INFO: simulator:public-processor Processed 1 successful txs and 0 failed txs (0 silently skipped, 0ms wasted) in 0.003742292000002635s {"blockNumber":6,"successfulCount":1,"failedCount":0,"duration":0.003742292000002635,"rate":0,"totalPublicGas":{"daGas":0,"l2Gas":0},"totalBlockGas":{"daGas":1984,"l2Gas":529900},"totalSizeInBytes":1984,"silentlySkippedCount":0,"silentlySkippedDurationMs":0}
[18:12:33.898] INFO: txe:top_level_context Created block 7 with timestamp 1789495954
[18:12:34.449] INFO: simulator:public-processor Processed 1 successful txs and 0 failed txs (0 silently skipped, 0ms wasted) in 0.0266776250000039s {"blockNumber":8,"successfulCount":1,"failedCount":0,"duration":0.0266776250000039,"rate":73000014.0567129,"totalPublicGas":{"daGas":2368,"l2Gas":1947467},"totalBlockGas":{"daGas":3744,"l2Gas":2674217},"totalSizeInBytes":3744,"silentlySkippedCount":0,"silentlySkippedDurationMs":0}
[18:12:34.477] INFO: txe:top_level_context Created block 9 with timestamp 1789499555
[18:12:34.868] INFO: kv-store:lmdb-v2 Starting data store with maxReaders 2
[18:12:34.924] INFO: world-state:database Creating world state data store at directory /var/folders/ym/q1vh2x5n58xbsmpmvs5_6w3r0000gn/T/aztec-world-state-ZexYLx/world_state with map sizes {"archiveTreeMapSizeKb":10485760,"nullifierTreeMapSizeKb":10485760,"noteHashTreeMapSizeKb":10485760,"messageTreeMapSizeKb":10485760,"publicDataTreeMapSizeKb":10485760} and 2 threads (ephemeral=true).
[18:12:34.933] INFO: txe_node Aztec Node version: txe
[18:12:34.933] INFO: txe_node Aztec Node started on chain 0x1
[18:12:34.951] INFO: txe:top_level_context Created block 1 with timestamp 1789492354
[18:12:35.045] INFO: txe:top_level_context Created block 2 with timestamp 1789492354
[18:12:35.067] INFO: simulator:public-processor Processed 1 successful txs and 0 failed txs (0 silently skipped, 0ms wasted) in 0.027034542000001237s {"blockNumber":10,"successfulCount":1,"failedCount":0,"duration":0.027034542000001237,"rate":72036249.03280814,"totalPublicGas":{"daGas":2368,"l2Gas":1947467},"totalBlockGas":{"daGas":3744,"l2Gas":2674217},"totalSizeInBytes":3744,"silentlySkippedCount":0,"silentlySkippedDurationMs":0}
[18:12:35.096] INFO: simulator:public-processor Processed 1 successful txs and 0 failed txs (0 silently skipped, 0ms wasted) in 0.004270291000000725s {"blockNumber":11,"successfulCount":1,"failedCount":0,"duration":0.004270291000000725,"rate":2066838.0679439649,"totalPublicGas":{"daGas":0,"l2Gas":8826},"totalBlockGas":{"daGas":0,"l2Gas":8826},"totalSizeInBytes":128,"silentlySkippedCount":0,"silentlySkippedDurationMs":0}
[18:12:35.109] INFO: simulator:public-processor Processed 1 successful txs and 0 failed txs (0 silently skipped, 0ms wasted) in 0.03713766600000235s {"blockNumber":3,"successfulCount":1,"failedCount":0,"duration":0.03713766600000235,"rate":87139294.10641463,"totalPublicGas":{"daGas":4000,"l2Gas":3236150},"totalBlockGas":{"daGas":4000,"l2Gas":3236150},"totalSizeInBytes":4128,"silentlySkippedCount":0,"silentlySkippedDurationMs":0}
[18:12:35.111] INFO: simulator:public-processor Processed 1 successful txs and 0 failed txs (0 silently skipped, 0ms wasted) in 0.004344707999996899s {"blockNumber":11,"successfulCount":1,"failedCount":0,"duration":0.004344707999996899,"rate":2663239.969178195,"totalPublicGas":{"daGas":0,"l2Gas":11571},"totalBlockGas":{"daGas":0,"l2Gas":11571},"totalSizeInBytes":128,"silentlySkippedCount":0,"silentlySkippedDurationMs":0}
[18:12:35.128] INFO: simulator:public-processor Processed 1 successful txs and 0 failed txs (0 silently skipped, 0ms wasted) in 0.0072691670000058365s {"blockNumber":11,"successfulCount":1,"failedCount":0,"duration":0.0072691670000058365,"rate":21189773.188575298,"totalPublicGas":{"daGas":0,"l2Gas":154032},"totalBlockGas":{"daGas":0,"l2Gas":154032},"totalSizeInBytes":128,"silentlySkippedCount":0,"silentlySkippedDurationMs":0}
[billboard_test] Testing test_full_flow_second_post_screens_first ... [0m[32mok[0m
[18:12:35.230] INFO: simulator:public-processor Processed 1 successful txs and 0 failed txs (0 silently skipped, 0ms wasted) in 0.01347725000000355s {"blockNumber":4,"successfulCount":1,"failedCount":0,"duration":0.01347725000000355,"rate":84630024.67118289,"totalPublicGas":{"daGas":192,"l2Gas":1140580},"totalBlockGas":{"daGas":320,"l2Gas":1731380},"totalSizeInBytes":320,"silentlySkippedCount":0,"silentlySkippedDurationMs":0}
[18:12:35.258] INFO: txe:top_level_context Created block 5 with timestamp 1789492354
[18:12:35.412] INFO: simulator:public-processor Processed 1 successful txs and 0 failed txs (0 silently skipped, 0ms wasted) in 0.0037189170000056036s {"blockNumber":6,"successfulCount":1,"failedCount":0,"duration":0.0037189170000056036,"rate":0,"totalPublicGas":{"daGas":0,"l2Gas":0},"totalBlockGas":{"daGas":1984,"l2Gas":529900},"totalSizeInBytes":1984,"silentlySkippedCount":0,"silentlySkippedDurationMs":0}
[18:12:35.441] INFO: txe:top_level_context Created block 7 with timestamp 1789495955
[18:12:36.006] INFO: simulator:public-processor Processed 1 successful txs and 0 failed txs (0 silently skipped, 0ms wasted) in 0.02626287500000035s {"blockNumber":8,"successfulCount":1,"failedCount":0,"duration":0.02626287500000035,"rate":74152848.84080566,"totalPublicGas":{"daGas":2368,"l2Gas":1947467},"totalBlockGas":{"daGas":3744,"l2Gas":2674217},"totalSizeInBytes":3744,"silentlySkippedCount":0,"silentlySkippedDurationMs":0}
[18:12:36.037] INFO: simulator:public-processor Processed 1 successful txs and 0 failed txs (0 silently skipped, 0ms wasted) in 0.004669916999999259s {"blockNumber":9,"successfulCount":1,"failedCount":0,"duration":0.004669916999999259,"rate":2477774.230249025,"totalPublicGas":{"daGas":0,"l2Gas":11571},"totalBlockGas":{"daGas":0,"l2Gas":11571},"totalSizeInBytes":128,"silentlySkippedCount":0,"silentlySkippedDurationMs":0}
[18:12:36.065] INFO: simulator:public-processor Processed 1 successful txs and 0 failed txs (0 silently skipped, 0ms wasted) in 0.018358666999993146s {"blockNumber":9,"successfulCount":1,"failedCount":0,"duration":0.018358666999993146,"rate":67089620.39566706,"totalPublicGas":{"daGas":2176,"l2Gas":1231676},"totalBlockGas":{"daGas":2176,"l2Gas":1231676},"totalSizeInBytes":2304,"silentlySkippedCount":0,"silentlySkippedDurationMs":0}
[18:12:36.094] INFO: txe:top_level_context Created block 10 with timestamp 1789499555
[billboard_test] Testing test_full_flow_second_post_with_flag ... [0m[32mok[0m
[18:12:36.674] INFO: simulator:public-processor Processed 1 successful txs and 0 failed txs (0 silently skipped, 0ms wasted) in 0.026906209000000673s {"blockNumber":11,"successfulCount":1,"failedCount":0,"duration":0.026906209000000673,"rate":72379836.19319806,"totalPublicGas":{"daGas":2368,"l2Gas":1947467},"totalBlockGas":{"daGas":3744,"l2Gas":2674217},"totalSizeInBytes":3744,"silentlySkippedCount":0,"silentlySkippedDurationMs":0}
[18:12:36.706] INFO: simulator:public-processor Processed 1 successful txs and 0 failed txs (0 silently skipped, 0ms wasted) in 0.00406970800000272s {"blockNumber":12,"successfulCount":1,"failedCount":0,"duration":0.00406970800000272,"rate":2168705.9612124753,"totalPublicGas":{"daGas":0,"l2Gas":8826},"totalBlockGas":{"daGas":0,"l2Gas":8826},"totalSizeInBytes":128,"silentlySkippedCount":0,"silentlySkippedDurationMs":0}
[18:12:37.021] INFO: kv-store:lmdb-v2 Starting data store with maxReaders 2
[18:12:37.025] INFO: world-state:database Creating world state data store at directory /var/folders/ym/q1vh2x5n58xbsmpmvs5_6w3r0000gn/T/aztec-world-state-qcGgE8/world_state with map sizes {"archiveTreeMapSizeKb":10485760,"nullifierTreeMapSizeKb":10485760,"noteHashTreeMapSizeKb":10485760,"messageTreeMapSizeKb":10485760,"publicDataTreeMapSizeKb":10485760} and 2 threads (ephemeral=true).
[18:12:37.036] INFO: txe_node Aztec Node version: txe
[18:12:37.036] INFO: txe_node Aztec Node started on chain 0x1
[18:12:37.047] INFO: txe:top_level_context Created block 1 with timestamp 1789492357
[18:12:37.087] INFO: txe:top_level_context Created block 2 with timestamp 1789492357
[18:12:37.153] INFO: simulator:public-processor Processed 1 successful txs and 0 failed txs (0 silently skipped, 0ms wasted) in 0.038683375000000526s {"blockNumber":3,"successfulCount":1,"failedCount":0,"duration":0.038683375000000526,"rate":83657385.11699033,"totalPublicGas":{"daGas":4000,"l2Gas":3236150},"totalBlockGas":{"daGas":4000,"l2Gas":3236150},"totalSizeInBytes":4128,"silentlySkippedCount":0,"silentlySkippedDurationMs":0}
[18:12:37.272] INFO: simulator:public-processor Processed 1 successful txs and 0 failed txs (0 silently skipped, 0ms wasted) in 0.01360291600000346s {"blockNumber":4,"successfulCount":1,"failedCount":0,"duration":0.01360291600000346,"rate":83848198.43037404,"totalPublicGas":{"daGas":192,"l2Gas":1140580},"totalBlockGas":{"daGas":320,"l2Gas":1731380},"totalSizeInBytes":320,"silentlySkippedCount":0,"silentlySkippedDurationMs":0}
[18:12:37.300] INFO: txe:top_level_context Created block 5 with timestamp 1789492357
[18:12:37.455] INFO: simulator:public-processor Processed 1 successful txs and 0 failed txs (0 silently skipped, 0ms wasted) in 0.0038575829999972482s {"blockNumber":6,"successfulCount":1,"failedCount":0,"duration":0.0038575829999972482,"rate":0,"totalPublicGas":{"daGas":0,"l2Gas":0},"totalBlockGas":{"daGas":1984,"l2Gas":529900},"totalSizeInBytes":1984,"silentlySkippedCount":0,"silentlySkippedDurationMs":0}
[18:12:37.483] INFO: txe:top_level_context Created block 7 with timestamp 1789495958
[18:12:38.042] INFO: simulator:public-processor Processed 1 successful txs and 0 failed txs (0 silently skipped, 0ms wasted) in 0.026762957999999344s {"blockNumber":8,"successfulCount":1,"failedCount":0,"duration":0.026762957999999344,"rate":72767255.39830267,"totalPublicGas":{"daGas":2368,"l2Gas":1947467},"totalBlockGas":{"daGas":3744,"l2Gas":2674217},"totalSizeInBytes":3744,"silentlySkippedCount":0,"silentlySkippedDurationMs":0}
[18:12:38.071] INFO: txe:top_level_context Created block 9 with timestamp 1789499559
[18:12:38.516] INFO: kv-store:lmdb-v2 Starting data store with maxReaders 2
[18:12:38.516] INFO: world-state:database Creating world state data store at directory /var/folders/ym/q1vh2x5n58xbsmpmvs5_6w3r0000gn/T/aztec-world-state-7jlycc/world_state with map sizes {"archiveTreeMapSizeKb":10485760,"nullifierTreeMapSizeKb":10485760,"noteHashTreeMapSizeKb":10485760,"messageTreeMapSizeKb":10485760,"publicDataTreeMapSizeKb":10485760} and 2 threads (ephemeral=true).
[18:12:38.526] INFO: txe_node Aztec Node version: txe
[18:12:38.526] INFO: txe_node Aztec Node started on chain 0x1
[18:12:38.543] INFO: txe:top_level_context Created block 1 with timestamp 1789492358
[18:12:38.636] INFO: txe:top_level_context Created block 2 with timestamp 1789492358
[18:12:38.651] INFO: simulator:public-processor Processed 1 successful txs and 0 failed txs (0 silently skipped, 0ms wasted) in 0.02703912499999569s {"blockNumber":10,"successfulCount":1,"failedCount":0,"duration":0.02703912499999569,"rate":72024039.23944692,"totalPublicGas":{"daGas":2368,"l2Gas":1947467},"totalBlockGas":{"daGas":3744,"l2Gas":2674217},"totalSizeInBytes":3744,"silentlySkippedCount":0,"silentlySkippedDurationMs":0}
[18:12:38.685] INFO: simulator:public-processor Processed 1 successful txs and 0 failed txs (0 silently skipped, 0ms wasted) in 0.004089083999999275s {"blockNumber":11,"successfulCount":1,"failedCount":0,"duration":0.004089083999999275,"rate":2158429.6140655377,"totalPublicGas":{"daGas":0,"l2Gas":8826},"totalBlockGas":{"daGas":0,"l2Gas":8826},"totalSizeInBytes":128,"silentlySkippedCount":0,"silentlySkippedDurationMs":0}
[18:12:38.700] INFO: simulator:public-processor Processed 1 successful txs and 0 failed txs (0 silently skipped, 0ms wasted) in 0.037404291999999256s {"blockNumber":3,"successfulCount":1,"failedCount":0,"duration":0.037404291999999256,"rate":86518146.09938519,"totalPublicGas":{"daGas":4000,"l2Gas":3236150},"totalBlockGas":{"daGas":4000,"l2Gas":3236150},"totalSizeInBytes":4128,"silentlySkippedCount":0,"silentlySkippedDurationMs":0}
[billboard_test] Testing test_full_flow_second_post_without_flag ... [0m[32mok[0m
[18:12:38.730] INFO: simulator:public-processor Processed 1 successful txs and 0 failed txs (0 silently skipped, 0ms wasted) in 0.00448662499999773s {"blockNumber":4,"successfulCount":1,"failedCount":0,"duration":0.00448662499999773,"rate":2238653.7765035145,"totalPublicGas":{"daGas":0,"l2Gas":10044},"totalBlockGas":{"daGas":0,"l2Gas":10044},"totalSizeInBytes":128,"silentlySkippedCount":0,"silentlySkippedDurationMs":0}
[18:12:38.732] WARN: txe:top_level_context Could not find function artifact in contract Billboard for function '0x3468ad20' when enriching error callstack
[billboard_test] Testing test_get_post_rejects_invalid_id ... [0m[32mok[0m
[18:12:40.667] INFO: kv-store:lmdb-v2 Starting data store with maxReaders 2
[18:12:40.668] INFO: world-state:database Creating world state data store at directory /var/folders/ym/q1vh2x5n58xbsmpmvs5_6w3r0000gn/T/aztec-world-state-s1Ee0A/world_state with map sizes {"archiveTreeMapSizeKb":10485760,"nullifierTreeMapSizeKb":10485760,"noteHashTreeMapSizeKb":10485760,"messageTreeMapSizeKb":10485760,"publicDataTreeMapSizeKb":10485760} and 2 threads (ephemeral=true).
[18:12:40.677] INFO: txe_node Aztec Node version: txe
[18:12:40.677] INFO: txe_node Aztec Node started on chain 0x1
[18:12:40.688] INFO: txe:top_level_context Created block 1 with timestamp 1789492360
[18:12:40.700] INFO: kv-store:lmdb-v2 Starting data store with maxReaders 2
[18:12:40.702] INFO: world-state:database Creating world state data store at directory /var/folders/ym/q1vh2x5n58xbsmpmvs5_6w3r0000gn/T/aztec-world-state-KbEBgd/world_state with map sizes {"archiveTreeMapSizeKb":10485760,"nullifierTreeMapSizeKb":10485760,"noteHashTreeMapSizeKb":10485760,"messageTreeMapSizeKb":10485760,"publicDataTreeMapSizeKb":10485760} and 2 threads (ephemeral=true).
[18:12:40.712] INFO: txe_node Aztec Node version: txe
[18:12:40.712] INFO: txe_node Aztec Node started on chain 0x1
[18:12:40.726] INFO: txe:top_level_context Created block 1 with timestamp 1789492360
[18:12:40.734] INFO: txe:top_level_context Created block 2 with timestamp 1789492360
[18:12:40.772] INFO: txe:top_level_context Created block 2 with timestamp 1789492360
[18:12:40.811] INFO: simulator:public-processor Processed 1 successful txs and 0 failed txs (0 silently skipped, 0ms wasted) in 0.039856707999999345s {"blockNumber":3,"successfulCount":1,"failedCount":0,"duration":0.039856707999999345,"rate":81194613.46381274,"totalPublicGas":{"daGas":4000,"l2Gas":3236150},"totalBlockGas":{"daGas":4000,"l2Gas":3236150},"totalSizeInBytes":4128,"silentlySkippedCount":0,"silentlySkippedDurationMs":0}
[18:12:40.845] INFO: simulator:public-processor Processed 1 successful txs and 0 failed txs (0 silently skipped, 0ms wasted) in 0.04139662500000122s {"blockNumber":3,"successfulCount":1,"failedCount":0,"duration":0.04139662500000122,"rate":78174247.2967278,"totalPublicGas":{"daGas":4000,"l2Gas":3236150},"totalBlockGas":{"daGas":4000,"l2Gas":3236150},"totalSizeInBytes":4128,"silentlySkippedCount":0,"silentlySkippedDurationMs":0}
[18:12:40.959] INFO: simulator:public-processor Processed 1 successful txs and 0 failed txs (0 silently skipped, 0ms wasted) in 0.013626374999999826s {"blockNumber":4,"successfulCount":1,"failedCount":0,"duration":0.013626374999999826,"rate":83703846.400823,"totalPublicGas":{"daGas":192,"l2Gas":1140580},"totalBlockGas":{"daGas":320,"l2Gas":1731380},"totalSizeInBytes":320,"silentlySkippedCount":0,"silentlySkippedDurationMs":0}
[18:12:40.980] INFO: simulator:public-processor Processed 1 successful txs and 0 failed txs (0 silently skipped, 0ms wasted) in 0.014133540999995602s {"blockNumber":4,"successfulCount":1,"failedCount":0,"duration":0.014133540999995602,"rate":80700229.33391957,"totalPublicGas":{"daGas":192,"l2Gas":1140580},"totalBlockGas":{"daGas":320,"l2Gas":1731380},"totalSizeInBytes":320,"silentlySkippedCount":0,"silentlySkippedDurationMs":0}
[18:12:40.987] INFO: txe:top_level_context Created block 5 with timestamp 1789492360
[18:12:41.020] INFO: txe:top_level_context Created block 5 with timestamp 1789492360
[18:12:41.195] INFO: simulator:public-processor Processed 1 successful txs and 0 failed txs (0 silently skipped, 0ms wasted) in 0.010486749999996391s {"blockNumber":6,"successfulCount":1,"failedCount":0,"duration":0.010486749999996391,"rate":0,"totalPublicGas":{"daGas":0,"l2Gas":0},"totalBlockGas":{"daGas":1984,"l2Gas":529900},"totalSizeInBytes":1984,"silentlySkippedCount":0,"silentlySkippedDurationMs":0}
[18:12:41.236] INFO: txe:top_level_context Created block 7 with timestamp 1789499561
[18:12:41.261] INFO: simulator:public-processor Processed 1 successful txs and 0 failed txs (0 silently skipped, 0ms wasted) in 0.01828158300000359s {"blockNumber":6,"successfulCount":1,"failedCount":0,"duration":0.01828158300000359,"rate":0,"totalPublicGas":{"daGas":0,"l2Gas":0},"totalBlockGas":{"daGas":1984,"l2Gas":529900},"totalSizeInBytes":1984,"silentlySkippedCount":0,"silentlySkippedDurationMs":0}
[18:12:41.312] INFO: txe:top_level_context Created block 7 with timestamp 1789499561
[18:12:42.119] INFO: simulator:public-processor Processed 1 successful txs and 0 failed txs (0 silently skipped, 0ms wasted) in 0.18455016700000124s {"blockNumber":8,"successfulCount":1,"failedCount":0,"duration":0.18455016700000124,"rate":10552507.384076152,"totalPublicGas":{"daGas":2368,"l2Gas":1947467},"totalBlockGas":{"daGas":3744,"l2Gas":2674217},"totalSizeInBytes":3744,"silentlySkippedCount":0,"silentlySkippedDurationMs":0}
[18:12:42.206] INFO: txe:top_level_context Created block 9 with timestamp 1789506762
[18:12:42.270] INFO: simulator:public-processor Processed 1 successful txs and 0 failed txs (0 silently skipped, 0ms wasted) in 0.05414016700000502s {"blockNumber":8,"successfulCount":1,"failedCount":0,"duration":0.05414016700000502,"rate":35970834.74086475,"totalPublicGas":{"daGas":2368,"l2Gas":1947467},"totalBlockGas":{"daGas":3744,"l2Gas":2674217},"totalSizeInBytes":3744,"silentlySkippedCount":0,"silentlySkippedDurationMs":0}
[18:12:42.312] INFO: txe:top_level_context Created block 9 with timestamp 1789506762
[18:12:42.931] INFO: simulator:public-processor Processed 1 successful txs and 0 failed txs (0 silently skipped, 0ms wasted) in 0.02852270799999678s {"blockNumber":10,"successfulCount":1,"failedCount":0,"duration":0.02852270799999678,"rate":68277773.62514877,"totalPublicGas":{"daGas":2368,"l2Gas":1947467},"totalBlockGas":{"daGas":3744,"l2Gas":2674217},"totalSizeInBytes":3744,"silentlySkippedCount":0,"silentlySkippedDurationMs":0}
[18:12:43.139] INFO: txe:top_level_context Created block 11 with timestamp 1789513963
[18:12:43.250] INFO: simulator:public-processor Processed 1 successful txs and 0 failed txs (0 silently skipped, 0ms wasted) in 0.041312917000002926s {"blockNumber":10,"successfulCount":1,"failedCount":0,"duration":0.041312917000002926,"rate":47139421.309801534,"totalPublicGas":{"daGas":2368,"l2Gas":1947467},"totalBlockGas":{"daGas":3744,"l2Gas":2674217},"totalSizeInBytes":3744,"silentlySkippedCount":0,"silentlySkippedDurationMs":0}
[18:12:43.290] INFO: txe:top_level_context Created block 11 with timestamp 1789513963
[18:12:44.034] INFO: simulator:public-processor Processed 1 successful txs and 0 failed txs (0 silently skipped, 0ms wasted) in 0.1405552089999983s {"blockNumber":12,"successfulCount":1,"failedCount":0,"duration":0.1405552089999983,"rate":13855530.605059423,"totalPublicGas":{"daGas":2368,"l2Gas":1947467},"totalBlockGas":{"daGas":3744,"l2Gas":2674217},"totalSizeInBytes":3744,"silentlySkippedCount":0,"silentlySkippedDurationMs":0}
[18:12:44.124] INFO: txe:top_level_context Created block 13 with timestamp 1789521164
[18:12:44.241] INFO: simulator:public-processor Processed 1 successful txs and 0 failed txs (0 silently skipped, 0ms wasted) in 0.04782691700000578s {"blockNumber":12,"successfulCount":1,"failedCount":0,"duration":0.04782691700000578,"rate":40719057.84769202,"totalPublicGas":{"daGas":2368,"l2Gas":1947467},"totalBlockGas":{"daGas":3744,"l2Gas":2674217},"totalSizeInBytes":3744,"silentlySkippedCount":0,"silentlySkippedDurationMs":0}
[18:12:44.279] INFO: txe:top_level_context Created block 13 with timestamp 1789521164
[18:12:45.001] INFO: simulator:public-processor Processed 1 successful txs and 0 failed txs (0 silently skipped, 0ms wasted) in 0.14285825000000477s {"blockNumber":14,"successfulCount":1,"failedCount":0,"duration":0.14285825000000477,"rate":13632163.350733576,"totalPublicGas":{"daGas":2368,"l2Gas":1947467},"totalBlockGas":{"daGas":3744,"l2Gas":2674217},"totalSizeInBytes":3744,"silentlySkippedCount":0,"silentlySkippedDurationMs":0}
[18:12:45.093] INFO: txe:top_level_context Created block 15 with timestamp 1789528365
[18:12:45.221] INFO: simulator:public-processor Processed 1 successful txs and 0 failed txs (0 silently skipped, 0ms wasted) in 0.055743083000001206s {"blockNumber":14,"successfulCount":1,"failedCount":0,"duration":0.055743083000001206,"rate":34936478.127698064,"totalPublicGas":{"daGas":2368,"l2Gas":1947467},"totalBlockGas":{"daGas":3744,"l2Gas":2674217},"totalSizeInBytes":3744,"silentlySkippedCount":0,"silentlySkippedDurationMs":0}
[18:12:45.265] INFO: txe:top_level_context Created block 15 with timestamp 1789528365
[18:12:45.878] INFO: simulator:public-processor Processed 1 successful txs and 0 failed txs (0 silently skipped, 0ms wasted) in 0.03053050000000076s {"blockNumber":16,"successfulCount":1,"failedCount":0,"duration":0.03053050000000076,"rate":63787589.459719025,"totalPublicGas":{"daGas":2368,"l2Gas":1947467},"totalBlockGas":{"daGas":3744,"l2Gas":2674217},"totalSizeInBytes":3744,"silentlySkippedCount":0,"silentlySkippedDurationMs":0}
[18:12:46.085] INFO: txe:top_level_context Created block 17 with timestamp 1789535566
[18:12:46.283] INFO: simulator:public-processor Processed 1 successful txs and 0 failed txs (0 silently skipped, 0ms wasted) in 0.02714958299999853s {"blockNumber":16,"successfulCount":1,"failedCount":0,"duration":0.02714958299999853,"rate":71731009.64387208,"totalPublicGas":{"daGas":2368,"l2Gas":1947467},"totalBlockGas":{"daGas":3744,"l2Gas":2674217},"totalSizeInBytes":3744,"silentlySkippedCount":0,"silentlySkippedDurationMs":0}
[18:12:46.326] INFO: txe:top_level_context Created block 17 with timestamp 1789535566
[18:12:46.853] INFO: simulator:public-processor Processed 1 successful txs and 0 failed txs (0 silently skipped, 0ms wasted) in 0.030097874999999476s {"blockNumber":18,"successfulCount":1,"failedCount":0,"duration":0.030097874999999476,"rate":64704468.338712744,"totalPublicGas":{"daGas":2368,"l2Gas":1947467},"totalBlockGas":{"daGas":3744,"l2Gas":2674217},"totalSizeInBytes":3744,"silentlySkippedCount":0,"silentlySkippedDurationMs":0}
[18:12:46.889] INFO: txe:top_level_context Created block 19 with timestamp 1789542767
[18:12:47.297] INFO: simulator:public-processor Processed 1 successful txs and 0 failed txs (0 silently skipped, 0ms wasted) in 0.027779916999992566s {"blockNumber":18,"successfulCount":1,"failedCount":0,"duration":0.027779916999992566,"rate":70103413.19596171,"totalPublicGas":{"daGas":2368,"l2Gas":1947467},"totalBlockGas":{"daGas":3744,"l2Gas":2674217},"totalSizeInBytes":3744,"silentlySkippedCount":0,"silentlySkippedDurationMs":0}
[18:12:47.340] INFO: txe:top_level_context Created block 19 with timestamp 1789542767
[18:12:47.881] INFO: simulator:public-processor Processed 1 successful txs and 0 failed txs (0 silently skipped, 0ms wasted) in 0.027814499999993133s {"blockNumber":20,"successfulCount":1,"failedCount":0,"duration":0.027814499999993133,"rate":70016250.51683405,"totalPublicGas":{"daGas":2368,"l2Gas":1947467},"totalBlockGas":{"daGas":3744,"l2Gas":2674217},"totalSizeInBytes":3744,"silentlySkippedCount":0,"silentlySkippedDurationMs":0}
[18:12:47.914] INFO: txe:top_level_context Created block 21 with timestamp 1789549968
[18:12:48.335] INFO: simulator:public-processor Processed 1 successful txs and 0 failed txs (0 silently skipped, 0ms wasted) in 0.032193541999993615s {"blockNumber":20,"successfulCount":1,"failedCount":0,"duration":0.032193541999993615,"rate":60492473.925372556,"totalPublicGas":{"daGas":2368,"l2Gas":1947467},"totalBlockGas":{"daGas":3744,"l2Gas":2674217},"totalSizeInBytes":3744,"silentlySkippedCount":0,"silentlySkippedDurationMs":0}
[18:12:48.375] INFO: txe:top_level_context Created block 21 with timestamp 1789549968
[18:12:48.894] INFO: simulator:public-processor Processed 1 successful txs and 0 failed txs (0 silently skipped, 0ms wasted) in 0.02925654200000281s {"blockNumber":22,"successfulCount":1,"failedCount":0,"duration":0.02925654200000281,"rate":66565180.532949276,"totalPublicGas":{"daGas":2368,"l2Gas":1947467},"totalBlockGas":{"daGas":3744,"l2Gas":2674217},"totalSizeInBytes":3744,"silentlySkippedCount":0,"silentlySkippedDurationMs":0}
[18:12:48.930] INFO: txe:top_level_context Created block 23 with timestamp 1789557169
[18:12:49.334] INFO: simulator:public-processor Processed 1 successful txs and 0 failed txs (0 silently skipped, 0ms wasted) in 0.028129541000002065s {"blockNumber":22,"successfulCount":1,"failedCount":0,"duration":0.028129541000002065,"rate":69232093.05121107,"totalPublicGas":{"daGas":2368,"l2Gas":1947467},"totalBlockGas":{"daGas":3744,"l2Gas":2674217},"totalSizeInBytes":3744,"silentlySkippedCount":0,"silentlySkippedDurationMs":0}
[18:12:49.378] INFO: txe:top_level_context Created block 23 with timestamp 1789557169
[18:12:49.911] INFO: simulator:public-processor Processed 1 successful txs and 0 failed txs (0 silently skipped, 0ms wasted) in 0.029169792000000597s {"blockNumber":24,"successfulCount":1,"failedCount":0,"duration":0.029169792000000597,"rate":66763143.18593565,"totalPublicGas":{"daGas":2368,"l2Gas":1947467},"totalBlockGas":{"daGas":3744,"l2Gas":2674217},"totalSizeInBytes":3744,"silentlySkippedCount":0,"silentlySkippedDurationMs":0}
[18:12:49.943] INFO: txe:top_level_context Created block 25 with timestamp 1789564370
[18:12:50.350] INFO: simulator:public-processor Processed 1 successful txs and 0 failed txs (0 silently skipped, 0ms wasted) in 0.034384959000002706s {"blockNumber":24,"successfulCount":1,"failedCount":0,"duration":0.034384959000002706,"rate":56637176.73764993,"totalPublicGas":{"daGas":2368,"l2Gas":1947467},"totalBlockGas":{"daGas":3744,"l2Gas":2674217},"totalSizeInBytes":3744,"silentlySkippedCount":0,"silentlySkippedDurationMs":0}
[18:12:50.384] INFO: txe:top_level_context Created block 25 with timestamp 1789564370
[18:12:50.943] INFO: simulator:public-processor Processed 1 successful txs and 0 failed txs (0 silently skipped, 0ms wasted) in 0.0291337499999936s {"blockNumber":26,"successfulCount":1,"failedCount":0,"duration":0.0291337499999936,"rate":66845737.33214667,"totalPublicGas":{"daGas":2368,"l2Gas":1947467},"totalBlockGas":{"daGas":3744,"l2Gas":2674217},"totalSizeInBytes":3744,"silentlySkippedCount":0,"silentlySkippedDurationMs":0}
[18:12:50.976] INFO: txe:top_level_context Created block 27 with timestamp 1789571571
[18:12:51.372] INFO: simulator:public-processor Processed 1 successful txs and 0 failed txs (0 silently skipped, 0ms wasted) in 0.02778904099999636s {"blockNumber":26,"successfulCount":1,"failedCount":0,"duration":0.02778904099999636,"rate":70080396.0813277,"totalPublicGas":{"daGas":2368,"l2Gas":1947467},"totalBlockGas":{"daGas":3744,"l2Gas":2674217},"totalSizeInBytes":3744,"silentlySkippedCount":0,"silentlySkippedDurationMs":0}
[18:12:51.413] INFO: txe:top_level_context Created block 27 with timestamp 1789571571
[18:12:51.956] INFO: simulator:public-processor Processed 1 successful txs and 0 failed txs (0 silently skipped, 0ms wasted) in 0.02937620900000911s {"blockNumber":28,"successfulCount":1,"failedCount":0,"duration":0.02937620900000911,"rate":66294020.443529524,"totalPublicGas":{"daGas":2368,"l2Gas":1947467},"totalBlockGas":{"daGas":3744,"l2Gas":2674217},"totalSizeInBytes":3744,"silentlySkippedCount":0,"silentlySkippedDurationMs":0}
[18:12:51.990] INFO: txe:top_level_context Created block 29 with timestamp 1789578772
[18:12:52.399] INFO: simulator:public-processor Processed 1 successful txs and 0 failed txs (0 silently skipped, 0ms wasted) in 0.029064749999990452s {"blockNumber":28,"successfulCount":1,"failedCount":0,"duration":0.029064749999990452,"rate":67004429.764599375,"totalPublicGas":{"daGas":2368,"l2Gas":1947467},"totalBlockGas":{"daGas":3744,"l2Gas":2674217},"totalSizeInBytes":3744,"silentlySkippedCount":0,"silentlySkippedDurationMs":0}
[18:12:52.438] INFO: txe:top_level_context Created block 29 with timestamp 1789578772
[18:12:52.966] INFO: simulator:public-processor Processed 1 successful txs and 0 failed txs (0 silently skipped, 0ms wasted) in 0.03299691600000369s {"blockNumber":30,"successfulCount":1,"failedCount":0,"duration":0.03299691600000369,"rate":59019667.171313286,"totalPublicGas":{"daGas":2368,"l2Gas":1947467},"totalBlockGas":{"daGas":3744,"l2Gas":2674217},"totalSizeInBytes":3744,"silentlySkippedCount":0,"silentlySkippedDurationMs":0}
[18:12:52.996] INFO: txe:top_level_context Created block 31 with timestamp 1789585973
[18:12:53.419] INFO: simulator:public-processor Processed 1 successful txs and 0 failed txs (0 silently skipped, 0ms wasted) in 0.02787087499999325s {"blockNumber":30,"successfulCount":1,"failedCount":0,"duration":0.02787087499999325,"rate":69874627.18699975,"totalPublicGas":{"daGas":2368,"l2Gas":1947467},"totalBlockGas":{"daGas":3744,"l2Gas":2674217},"totalSizeInBytes":3744,"silentlySkippedCount":0,"silentlySkippedDurationMs":0}
[18:12:53.462] INFO: txe:top_level_context Created block 31 with timestamp 1789585973
[18:12:53.983] INFO: simulator:public-processor Processed 1 successful txs and 0 failed txs (0 silently skipped, 0ms wasted) in 0.02799374999999418s {"blockNumber":32,"successfulCount":1,"failedCount":0,"duration":0.02799374999999418,"rate":69567921.41104372,"totalPublicGas":{"daGas":2368,"l2Gas":1947467},"totalBlockGas":{"daGas":3744,"l2Gas":2674217},"totalSizeInBytes":3744,"silentlySkippedCount":0,"silentlySkippedDurationMs":0}
[18:12:54.012] INFO: txe:top_level_context Created block 33 with timestamp 1789593174
[18:12:54.421] INFO: simulator:public-processor Processed 1 successful txs and 0 failed txs (0 silently skipped, 0ms wasted) in 0.027711167000001296s {"blockNumber":32,"successfulCount":1,"failedCount":0,"duration":0.027711167000001296,"rate":70277336.20889762,"totalPublicGas":{"daGas":2368,"l2Gas":1947467},"totalBlockGas":{"daGas":3744,"l2Gas":2674217},"totalSizeInBytes":3744,"silentlySkippedCount":0,"silentlySkippedDurationMs":0}
[18:12:54.459] INFO: txe:top_level_context Created block 33 with timestamp 1789593174
[18:12:54.923] INFO: simulator:public-processor Processed 1 successful txs and 0 failed txs (0 silently skipped, 0ms wasted) in 0.02735275000000547s {"blockNumber":34,"successfulCount":1,"failedCount":0,"duration":0.02735275000000547,"rate":71198215.90149476,"totalPublicGas":{"daGas":2368,"l2Gas":1947467},"totalBlockGas":{"daGas":3744,"l2Gas":2674217},"totalSizeInBytes":3744,"silentlySkippedCount":0,"silentlySkippedDurationMs":0}
[18:12:54.958] INFO: txe:top_level_context Created block 35 with timestamp 1789600375
[18:12:55.401] INFO: simulator:public-processor Processed 1 successful txs and 0 failed txs (0 silently skipped, 0ms wasted) in 0.02812087499999325s {"blockNumber":34,"successfulCount":1,"failedCount":0,"duration":0.02812087499999325,"rate":69253428.28060889,"totalPublicGas":{"daGas":2368,"l2Gas":1947467},"totalBlockGas":{"daGas":3744,"l2Gas":2674217},"totalSizeInBytes":3744,"silentlySkippedCount":0,"silentlySkippedDurationMs":0}
[18:12:55.435] INFO: txe:top_level_context Created block 35 with timestamp 1789600375
[18:12:55.963] INFO: simulator:public-processor Processed 1 successful txs and 0 failed txs (0 silently skipped, 0ms wasted) in 0.028245834000001194s {"blockNumber":36,"successfulCount":1,"failedCount":0,"duration":0.028245834000001194,"rate":68947052.51046641,"totalPublicGas":{"daGas":2368,"l2Gas":1947467},"totalBlockGas":{"daGas":3744,"l2Gas":2674217},"totalSizeInBytes":3744,"silentlySkippedCount":0,"silentlySkippedDurationMs":0}
[18:12:55.995] INFO: txe:top_level_context Created block 37 with timestamp 1789607576
[18:12:56.395] INFO: simulator:public-processor Processed 1 successful txs and 0 failed txs (0 silently skipped, 0ms wasted) in 0.02741395800000464s {"blockNumber":36,"successfulCount":1,"failedCount":0,"duration":0.02741395800000464,"rate":71039249.42176063,"totalPublicGas":{"daGas":2368,"l2Gas":1947467},"totalBlockGas":{"daGas":3744,"l2Gas":2674217},"totalSizeInBytes":3744,"silentlySkippedCount":0,"silentlySkippedDurationMs":0}
[18:12:56.434] INFO: txe:top_level_context Created block 37 with timestamp 1789607576
[18:12:56.906] INFO: simulator:public-processor Processed 1 successful txs and 0 failed txs (0 silently skipped, 0ms wasted) in 0.03169483399999445s {"blockNumber":38,"successfulCount":1,"failedCount":0,"duration":0.03169483399999445,"rate":61444303.51016639,"totalPublicGas":{"daGas":2368,"l2Gas":1947467},"totalBlockGas":{"daGas":3744,"l2Gas":2674217},"totalSizeInBytes":3744,"silentlySkippedCount":0,"silentlySkippedDurationMs":0}
[18:12:56.941] INFO: txe:top_level_context Created block 39 with timestamp 1789614777
[18:12:57.368] INFO: simulator:public-processor Processed 1 successful txs and 0 failed txs (0 silently skipped, 0ms wasted) in 0.031061374999990222s {"blockNumber":38,"successfulCount":1,"failedCount":0,"duration":0.031061374999990222,"rate":62697385.41840511,"totalPublicGas":{"daGas":2368,"l2Gas":1947467},"totalBlockGas":{"daGas":3744,"l2Gas":2674217},"totalSizeInBytes":3744,"silentlySkippedCount":0,"silentlySkippedDurationMs":0}
[18:12:57.405] INFO: txe:top_level_context Created block 39 with timestamp 1789614777
[18:12:57.873] INFO: simulator:public-processor Processed 1 successful txs and 0 failed txs (0 silently skipped, 0ms wasted) in 0.02966283299999486s {"blockNumber":40,"successfulCount":1,"failedCount":0,"duration":0.02966283299999486,"rate":65653439.10341731,"totalPublicGas":{"daGas":2368,"l2Gas":1947467},"totalBlockGas":{"daGas":3744,"l2Gas":2674217},"totalSizeInBytes":3744,"silentlySkippedCount":0,"silentlySkippedDurationMs":0}
[18:12:57.910] INFO: simulator:public-processor Processed 1 successful txs and 0 failed txs (0 silently skipped, 0ms wasted) in 0.00458949999998731s {"blockNumber":41,"successfulCount":1,"failedCount":0,"duration":0.00458949999998731,"rate":1923085.3034152747,"totalPublicGas":{"daGas":0,"l2Gas":8826},"totalBlockGas":{"daGas":0,"l2Gas":8826},"totalSizeInBytes":128,"silentlySkippedCount":0,"silentlySkippedDurationMs":0}
[18:12:58.364] INFO: simulator:public-processor Processed 1 successful txs and 0 failed txs (0 silently skipped, 0ms wasted) in 0.027754041000007418s {"blockNumber":40,"successfulCount":1,"failedCount":0,"duration":0.027754041000007418,"rate":70168772.90047526,"totalPublicGas":{"daGas":2368,"l2Gas":1947467},"totalBlockGas":{"daGas":3744,"l2Gas":2674217},"totalSizeInBytes":3744,"silentlySkippedCount":0,"silentlySkippedDurationMs":0}
[18:12:58.399] INFO: txe:top_level_context Created block 41 with timestamp 1789621978
[18:12:58.585] INFO: simulator:public-processor Processed 1 successful txs and 0 failed txs (0 silently skipped, 0ms wasted) in 0.004514999999999418s {"blockNumber":41,"successfulCount":1,"failedCount":0,"duration":0.004514999999999418,"rate":2562790.697674749,"totalPublicGas":{"daGas":0,"l2Gas":11571},"totalBlockGas":{"daGas":0,"l2Gas":11571},"totalSizeInBytes":128,"silentlySkippedCount":0,"silentlySkippedDurationMs":0}
[18:12:58.600] INFO: txe:top_level_context Created block 41 with timestamp 1789621978
[18:12:58.980] INFO: simulator:public-processor Processed 1 successful txs and 0 failed txs (0 silently skipped, 0ms wasted) in 0.008853667000003042s {"blockNumber":42,"successfulCount":1,"failedCount":0,"duration":0.008853667000003042,"rate":0,"totalPublicGas":{"daGas":0,"l2Gas":0},"totalBlockGas":{"daGas":1440,"l2Gas":527400},"totalSizeInBytes":1440,"silentlySkippedCount":0,"silentlySkippedDurationMs":0}
[18:12:59.394] INFO: simulator:public-processor Processed 1 successful txs and 0 failed txs (0 silently skipped, 0ms wasted) in 0.028239665999994033s {"blockNumber":42,"successfulCount":1,"failedCount":0,"duration":0.028239665999994033,"rate":68962111.66238338,"totalPublicGas":{"daGas":2368,"l2Gas":1947467},"totalBlockGas":{"daGas":3744,"l2Gas":2674217},"totalSizeInBytes":3744,"silentlySkippedCount":0,"silentlySkippedDurationMs":0}
[18:12:59.437] INFO: txe:top_level_context Created block 43 with timestamp 1789629179
[18:12:59.637] INFO: simulator:public-processor Processed 1 successful txs and 0 failed txs (0 silently skipped, 0ms wasted) in 0.005929708000010578s {"blockNumber":43,"successfulCount":1,"failedCount":0,"duration":0.005929708000010578,"rate":1488437.5419471338,"totalPublicGas":{"daGas":0,"l2Gas":8826},"totalBlockGas":{"daGas":0,"l2Gas":8826},"totalSizeInBytes":128,"silentlySkippedCount":0,"silentlySkippedDurationMs":0}
[18:12:59.664] INFO: txe:top_level_context Created block 43 with timestamp 1789621979
[18:12:59.797] INFO: simulator:public-processor Processed 1 successful txs and 0 failed txs (0 silently skipped, 0ms wasted) in 0.0036737500000017464s {"blockNumber":44,"successfulCount":1,"failedCount":0,"duration":0.0036737500000017464,"rate":0,"totalPublicGas":{"daGas":0,"l2Gas":0},"totalBlockGas":{"daGas":256,"l2Gas":477200},"totalSizeInBytes":256,"silentlySkippedCount":0,"silentlySkippedDurationMs":0}
[18:13:00.233] INFO: simulator:public-processor Processed 1 successful txs and 0 failed txs (0 silently skipped, 0ms wasted) in 0.030298875000007684s {"blockNumber":44,"successfulCount":1,"failedCount":0,"duration":0.030298875000007684,"rate":64275224.7401762,"totalPublicGas":{"daGas":2368,"l2Gas":1947467},"totalBlockGas":{"daGas":3744,"l2Gas":2674217},"totalSizeInBytes":3744,"silentlySkippedCount":0,"silentlySkippedDurationMs":0}
[18:13:00.277] INFO: txe:top_level_context Created block 45 with timestamp 1789636380
[billboard_test] Testing test_history_17_progress_and_exit ... [0m[32mok[0m
[18:13:00.894] INFO: simulator:public-processor Processed 1 successful txs and 0 failed txs (0 silently skipped, 0ms wasted) in 0.027003791000010095s {"blockNumber":46,"successfulCount":1,"failedCount":0,"duration":0.027003791000010095,"rate":72118281.46645306,"totalPublicGas":{"daGas":2368,"l2Gas":1947467},"totalBlockGas":{"daGas":3744,"l2Gas":2674217},"totalSizeInBytes":3744,"silentlySkippedCount":0,"silentlySkippedDurationMs":0}
[18:13:00.925] INFO: txe:top_level_context Created block 47 with timestamp 1789643581
[18:13:01.501] INFO: simulator:public-processor Processed 1 successful txs and 0 failed txs (0 silently skipped, 0ms wasted) in 0.027696083999995607s {"blockNumber":48,"successfulCount":1,"failedCount":0,"duration":0.027696083999995607,"rate":70315608.51708527,"totalPublicGas":{"daGas":2368,"l2Gas":1947467},"totalBlockGas":{"daGas":3744,"l2Gas":2674217},"totalSizeInBytes":3744,"silentlySkippedCount":0,"silentlySkippedDurationMs":0}
[18:13:01.531] INFO: txe:top_level_context Created block 49 with timestamp 1789650782
[18:13:02.100] INFO: simulator:public-processor Processed 1 successful txs and 0 failed txs (0 silently skipped, 0ms wasted) in 0.026852666000006138s {"blockNumber":50,"successfulCount":1,"failedCount":0,"duration":0.026852666000006138,"rate":72524158.3088828,"totalPublicGas":{"daGas":2368,"l2Gas":1947467},"totalBlockGas":{"daGas":3744,"l2Gas":2674217},"totalSizeInBytes":3744,"silentlySkippedCount":0,"silentlySkippedDurationMs":0}
[18:13:02.128] INFO: txe:top_level_context Created block 51 with timestamp 1789657983
[18:13:02.508] INFO: kv-store:lmdb-v2 Starting data store with maxReaders 2
[18:13:02.563] INFO: world-state:database Creating world state data store at directory /var/folders/ym/q1vh2x5n58xbsmpmvs5_6w3r0000gn/T/aztec-world-state-qLpQBW/world_state with map sizes {"archiveTreeMapSizeKb":10485760,"nullifierTreeMapSizeKb":10485760,"noteHashTreeMapSizeKb":10485760,"messageTreeMapSizeKb":10485760,"publicDataTreeMapSizeKb":10485760} and 2 threads (ephemeral=true).
[18:13:02.574] INFO: txe_node Aztec Node version: txe
[18:13:02.574] INFO: txe_node Aztec Node started on chain 0x1
[18:13:02.593] INFO: txe:top_level_context Created block 1 with timestamp 1789492382
[18:13:02.689] INFO: txe:top_level_context Created block 2 with timestamp 1789492382
[18:13:02.704] INFO: simulator:public-processor Processed 1 successful txs and 0 failed txs (0 silently skipped, 0ms wasted) in 0.027013374999994993s {"blockNumber":52,"successfulCount":1,"failedCount":0,"duration":0.027013374999994993,"rate":72092694.82248557,"totalPublicGas":{"daGas":2368,"l2Gas":1947467},"totalBlockGas":{"daGas":3744,"l2Gas":2674217},"totalSizeInBytes":3744,"silentlySkippedCount":0,"silentlySkippedDurationMs":0}
[18:13:02.739] INFO: txe:top_level_context Created block 53 with timestamp 1789665184
[18:13:02.779] INFO: simulator:public-processor Processed 1 successful txs and 0 failed txs (0 silently skipped, 0ms wasted) in 0.06230412499999511s {"blockNumber":3,"successfulCount":1,"failedCount":0,"duration":0.06230412499999511,"rate":51941183.66962467,"totalPublicGas":{"daGas":4000,"l2Gas":3236150},"totalBlockGas":{"daGas":4000,"l2Gas":3236150},"totalSizeInBytes":4128,"silentlySkippedCount":0,"silentlySkippedDurationMs":0}
[18:13:02.957] INFO: simulator:public-processor Processed 1 successful txs and 0 failed txs (0 silently skipped, 0ms wasted) in 0.014547166000003926s {"blockNumber":4,"successfulCount":1,"failedCount":0,"duration":0.014547166000003926,"rate":78405649.59523334,"totalPublicGas":{"daGas":192,"l2Gas":1140580},"totalBlockGas":{"daGas":320,"l2Gas":1731380},"totalSizeInBytes":320,"silentlySkippedCount":0,"silentlySkippedDurationMs":0}
[18:13:02.994] INFO: txe:top_level_context Created block 5 with timestamp 1789492382
[18:13:03.436] INFO: simulator:public-processor Processed 1 successful txs and 0 failed txs (0 silently skipped, 0ms wasted) in 0.0041037500000093135s {"blockNumber":6,"successfulCount":1,"failedCount":0,"duration":0.0041037500000093135,"rate":0,"totalPublicGas":{"daGas":0,"l2Gas":0},"totalBlockGas":{"daGas":1984,"l2Gas":529900},"totalSizeInBytes":1984,"silentlySkippedCount":0,"silentlySkippedDurationMs":0}
[18:13:03.453] INFO: simulator:public-processor Processed 1 successful txs and 0 failed txs (0 silently skipped, 0ms wasted) in 0.0360490839999984s {"blockNumber":54,"successfulCount":1,"failedCount":0,"duration":0.0360490839999984,"rate":54022648.67534738,"totalPublicGas":{"daGas":2368,"l2Gas":1947467},"totalBlockGas":{"daGas":3744,"l2Gas":2674217},"totalSizeInBytes":3744,"silentlySkippedCount":0,"silentlySkippedDurationMs":0}
[18:13:03.465] INFO: txe:top_level_context Created block 7 with timestamp 1789499583
[18:13:03.502] INFO: txe:top_level_context Created block 55 with timestamp 1789672385
[18:13:04.333] INFO: simulator:public-processor Processed 1 successful txs and 0 failed txs (0 silently skipped, 0ms wasted) in 0.17638645799999358s {"blockNumber":8,"successfulCount":1,"failedCount":0,"duration":0.17638645799999358,"rate":11040909.954663701,"totalPublicGas":{"daGas":2368,"l2Gas":1947467},"totalBlockGas":{"daGas":3744,"l2Gas":2674217},"totalSizeInBytes":3744,"silentlySkippedCount":0,"silentlySkippedDurationMs":0}
[18:13:04.371] INFO: txe:top_level_context Created block 9 with timestamp 1789506784
[18:13:04.502] INFO: simulator:public-processor Processed 1 successful txs and 0 failed txs (0 silently skipped, 0ms wasted) in 0.05971916599999531s {"blockNumber":56,"successfulCount":1,"failedCount":0,"duration":0.05971916599999531,"rate":32610418.57148763,"totalPublicGas":{"daGas":2368,"l2Gas":1947467},"totalBlockGas":{"daGas":3744,"l2Gas":2674217},"totalSizeInBytes":3744,"silentlySkippedCount":0,"silentlySkippedDurationMs":0}
[18:13:04.544] INFO: txe:top_level_context Created block 57 with timestamp 1789679586
[18:13:05.156] INFO: simulator:public-processor Processed 1 successful txs and 0 failed txs (0 silently skipped, 0ms wasted) in 0.02729062499999418s {"blockNumber":10,"successfulCount":1,"failedCount":0,"duration":0.02729062499999418,"rate":71360293.14097479,"totalPublicGas":{"daGas":2368,"l2Gas":1947467},"totalBlockGas":{"daGas":3744,"l2Gas":2674217},"totalSizeInBytes":3744,"silentlySkippedCount":0,"silentlySkippedDurationMs":0}
[18:13:05.354] INFO: txe:top_level_context Created block 11 with timestamp 1789513985
[18:13:05.514] INFO: simulator:public-processor Processed 1 successful txs and 0 failed txs (0 silently skipped, 0ms wasted) in 0.02857904199999757s {"blockNumber":58,"successfulCount":1,"failedCount":0,"duration":0.02857904199999757,"rate":68143186.88499655,"totalPublicGas":{"daGas":2368,"l2Gas":1947467},"totalBlockGas":{"daGas":3744,"l2Gas":2674217},"totalSizeInBytes":3744,"silentlySkippedCount":0,"silentlySkippedDurationMs":0}
[18:13:05.552] INFO: txe:top_level_context Created block 59 with timestamp 1789686787
[18:13:06.151] INFO: simulator:public-processor Processed 1 successful txs and 0 failed txs (0 silently skipped, 0ms wasted) in 0.02800212499999907s {"blockNumber":12,"successfulCount":1,"failedCount":0,"duration":0.02800212499999907,"rate":69547114.72790243,"totalPublicGas":{"daGas":2368,"l2Gas":1947467},"totalBlockGas":{"daGas":3744,"l2Gas":2674217},"totalSizeInBytes":3744,"silentlySkippedCount":0,"silentlySkippedDurationMs":0}
[18:13:06.359] INFO: txe:top_level_context Created block 13 with timestamp 1789521186
[18:13:06.483] INFO: simulator:public-processor Processed 1 successful txs and 0 failed txs (0 silently skipped, 0ms wasted) in 0.05225149999999849s {"blockNumber":60,"successfulCount":1,"failedCount":0,"duration":0.05225149999999849,"rate":37271025.71218159,"totalPublicGas":{"daGas":2368,"l2Gas":1947467},"totalBlockGas":{"daGas":3744,"l2Gas":2674217},"totalSizeInBytes":3744,"silentlySkippedCount":0,"silentlySkippedDurationMs":0}
[18:13:06.528] INFO: txe:top_level_context Created block 61 with timestamp 1789693988
[18:13:07.114] INFO: simulator:public-processor Processed 1 successful txs and 0 failed txs (0 silently skipped, 0ms wasted) in 0.028336999999999533s {"blockNumber":14,"successfulCount":1,"failedCount":0,"duration":0.028336999999999533,"rate":68725235.55775249,"totalPublicGas":{"daGas":2368,"l2Gas":1947467},"totalBlockGas":{"daGas":3744,"l2Gas":2674217},"totalSizeInBytes":3744,"silentlySkippedCount":0,"silentlySkippedDurationMs":0}
[18:13:07.324] INFO: txe:top_level_context Created block 15 with timestamp 1789528387
[18:13:07.461] INFO: simulator:public-processor Processed 1 successful txs and 0 failed txs (0 silently skipped, 0ms wasted) in 0.06566983400000026s {"blockNumber":62,"successfulCount":1,"failedCount":0,"duration":0.06566983400000026,"rate":29655427.482883424,"totalPublicGas":{"daGas":2368,"l2Gas":1947467},"totalBlockGas":{"daGas":3744,"l2Gas":2674217},"totalSizeInBytes":3744,"silentlySkippedCount":0,"silentlySkippedDurationMs":0}
[18:13:07.502] INFO: txe:top_level_context Created block 63 with timestamp 1789701189
[18:13:08.104] INFO: simulator:public-processor Processed 1 successful txs and 0 failed txs (0 silently skipped, 0ms wasted) in 0.028318166999990353s {"blockNumber":16,"successfulCount":1,"failedCount":0,"duration":0.028318166999990353,"rate":68770941.28305209,"totalPublicGas":{"daGas":2368,"l2Gas":1947467},"totalBlockGas":{"daGas":3744,"l2Gas":2674217},"totalSizeInBytes":3744,"silentlySkippedCount":0,"silentlySkippedDurationMs":0}
[18:13:08.316] INFO: txe:top_level_context Created block 17 with timestamp 1789535588
[18:13:08.444] INFO: simulator:public-processor Processed 1 successful txs and 0 failed txs (0 silently skipped, 0ms wasted) in 0.05698158300000068s {"blockNumber":64,"successfulCount":1,"failedCount":0,"duration":0.05698158300000068,"rate":34177130.53005173,"totalPublicGas":{"daGas":2368,"l2Gas":1947467},"totalBlockGas":{"daGas":3744,"l2Gas":2674217},"totalSizeInBytes":3744,"silentlySkippedCount":0,"silentlySkippedDurationMs":0}
[18:13:08.485] INFO: txe:top_level_context Created block 65 with timestamp 1789708390
[18:13:09.080] INFO: simulator:public-processor Processed 1 successful txs and 0 failed txs (0 silently skipped, 0ms wasted) in 0.028311791000000086s {"blockNumber":18,"successfulCount":1,"failedCount":0,"duration":0.028311791000000086,"rate":68786428.94757149,"totalPublicGas":{"daGas":2368,"l2Gas":1947467},"totalBlockGas":{"daGas":3744,"l2Gas":2674217},"totalSizeInBytes":3744,"silentlySkippedCount":0,"silentlySkippedDurationMs":0}
[18:13:09.292] INFO: txe:top_level_context Created block 19 with timestamp 1789542789
[18:13:09.426] INFO: simulator:public-processor Processed 1 successful txs and 0 failed txs (0 silently skipped, 0ms wasted) in 0.05314783299999545s {"blockNumber":66,"successfulCount":1,"failedCount":0,"duration":0.05314783299999545,"rate":36642453.51264212,"totalPublicGas":{"daGas":2368,"l2Gas":1947467},"totalBlockGas":{"daGas":3744,"l2Gas":2674217},"totalSizeInBytes":3744,"silentlySkippedCount":0,"silentlySkippedDurationMs":0}
[18:13:09.468] INFO: txe:top_level_context Created block 67 with timestamp 1789715591
[18:13:10.073] INFO: simulator:public-processor Processed 1 successful txs and 0 failed txs (0 silently skipped, 0ms wasted) in 0.027781541999996988s {"blockNumber":20,"successfulCount":1,"failedCount":0,"duration":0.027781541999996988,"rate":70099312.70194474,"totalPublicGas":{"daGas":2368,"l2Gas":1947467},"totalBlockGas":{"daGas":3744,"l2Gas":2674217},"totalSizeInBytes":3744,"silentlySkippedCount":0,"silentlySkippedDurationMs":0}
[18:13:10.283] INFO: txe:top_level_context Created block 21 with timestamp 1789549990
[18:13:10.451] INFO: simulator:public-processor Processed 1 successful txs and 0 failed txs (0 silently skipped, 0ms wasted) in 0.03311508299999696s {"blockNumber":68,"successfulCount":1,"failedCount":0,"duration":0.03311508299999696,"rate":58809062.927614555,"totalPublicGas":{"daGas":2368,"l2Gas":1947467},"totalBlockGas":{"daGas":3744,"l2Gas":2674217},"totalSizeInBytes":3744,"silentlySkippedCount":0,"silentlySkippedDurationMs":0}
[18:13:10.491] INFO: txe:top_level_context Created block 69 with timestamp 1789722792
[18:13:11.120] INFO: simulator:public-processor Processed 1 successful txs and 0 failed txs (0 silently skipped, 0ms wasted) in 0.028644958000004408s {"blockNumber":22,"successfulCount":1,"failedCount":0,"duration":0.028644958000004408,"rate":67986380.01143867,"totalPublicGas":{"daGas":2368,"l2Gas":1947467},"totalBlockGas":{"daGas":3744,"l2Gas":2674217},"totalSizeInBytes":3744,"silentlySkippedCount":0,"silentlySkippedDurationMs":0}
[18:13:11.321] INFO: txe:top_level_context Created block 23 with timestamp 1789557191
[18:13:11.521] INFO: simulator:public-processor Processed 1 successful txs and 0 failed txs (0 silently skipped, 0ms wasted) in 0.034489415999996706s {"blockNumber":70,"successfulCount":1,"failedCount":0,"duration":0.034489415999996706,"rate":56465641.51739148,"totalPublicGas":{"daGas":2368,"l2Gas":1947467},"totalBlockGas":{"daGas":3744,"l2Gas":2674217},"totalSizeInBytes":3744,"silentlySkippedCount":0,"silentlySkippedDurationMs":0}
[18:13:11.553] INFO: txe:top_level_context Created block 71 with timestamp 1789729993
[18:13:12.187] INFO: simulator:public-processor Processed 1 successful txs and 0 failed txs (0 silently skipped, 0ms wasted) in 0.02779862499999581s {"blockNumber":24,"successfulCount":1,"failedCount":0,"duration":0.02779862499999581,"rate":70056234.79579632,"totalPublicGas":{"daGas":2368,"l2Gas":1947467},"totalBlockGas":{"daGas":3744,"l2Gas":2674217},"totalSizeInBytes":3744,"silentlySkippedCount":0,"silentlySkippedDurationMs":0}
[18:13:12.223] INFO: txe:top_level_context Created block 25 with timestamp 1789564392
[18:13:12.611] INFO: simulator:public-processor Processed 1 successful txs and 0 failed txs (0 silently skipped, 0ms wasted) in 0.027562750000011873s {"blockNumber":72,"successfulCount":1,"failedCount":0,"duration":0.027562750000011873,"rate":70655758.22438477,"totalPublicGas":{"daGas":2368,"l2Gas":1947467},"totalBlockGas":{"daGas":3744,"l2Gas":2674217},"totalSizeInBytes":3744,"silentlySkippedCount":0,"silentlySkippedDurationMs":0}
[18:13:12.650] INFO: simulator:public-processor Processed 1 successful txs and 0 failed txs (0 silently skipped, 0ms wasted) in 0.009573875000001862s {"blockNumber":73,"successfulCount":1,"failedCount":0,"duration":0.009573875000001862,"rate":921883.7722446014,"totalPublicGas":{"daGas":0,"l2Gas":8826},"totalBlockGas":{"daGas":0,"l2Gas":8826},"totalSizeInBytes":128,"silentlySkippedCount":0,"silentlySkippedDurationMs":0}
[18:13:13.209] INFO: simulator:public-processor Processed 1 successful txs and 0 failed txs (0 silently skipped, 0ms wasted) in 0.028195584000000964s {"blockNumber":26,"successfulCount":1,"failedCount":0,"duration":0.028195584000000964,"rate":69069929.5322251,"totalPublicGas":{"daGas":2368,"l2Gas":1947467},"totalBlockGas":{"daGas":3744,"l2Gas":2674217},"totalSizeInBytes":3744,"silentlySkippedCount":0,"silentlySkippedDurationMs":0}
[18:13:13.248] INFO: txe:top_level_context Created block 27 with timestamp 1789571593
[18:13:13.310] INFO: simulator:public-processor Processed 1 successful txs and 0 failed txs (0 silently skipped, 0ms wasted) in 0.02229691599999205s {"blockNumber":73,"successfulCount":1,"failedCount":0,"duration":0.02229691599999205,"rate":518950.6925533614,"totalPublicGas":{"daGas":0,"l2Gas":11571},"totalBlockGas":{"daGas":0,"l2Gas":11571},"totalSizeInBytes":128,"silentlySkippedCount":0,"silentlySkippedDurationMs":0}
[18:13:13.331] INFO: txe:top_level_context Created block 73 with timestamp 1789737194
[18:13:13.776] INFO: simulator:public-processor Processed 1 successful txs and 0 failed txs (0 silently skipped, 0ms wasted) in 0.006285957999993116s {"blockNumber":74,"successfulCount":1,"failedCount":0,"duration":0.006285957999993116,"rate":0,"totalPublicGas":{"daGas":0,"l2Gas":0},"totalBlockGas":{"daGas":1440,"l2Gas":527400},"totalSizeInBytes":1440,"silentlySkippedCount":0,"silentlySkippedDurationMs":0}
[18:13:14.262] INFO: simulator:public-processor Processed 1 successful txs and 0 failed txs (0 silently skipped, 0ms wasted) in 0.02895783400000073s {"blockNumber":28,"successfulCount":1,"failedCount":0,"duration":0.02895783400000073,"rate":67251818.62704064,"totalPublicGas":{"daGas":2368,"l2Gas":1947467},"totalBlockGas":{"daGas":3744,"l2Gas":2674217},"totalSizeInBytes":3744,"silentlySkippedCount":0,"silentlySkippedDurationMs":0}
[18:13:14.299] INFO: txe:top_level_context Created block 29 with timestamp 1789578794
[18:13:14.473] INFO: simulator:public-processor Processed 1 successful txs and 0 failed txs (0 silently skipped, 0ms wasted) in 0.004467709000004106s {"blockNumber":75,"successfulCount":1,"failedCount":0,"duration":0.004467709000004106,"rate":1975509.147975369,"totalPublicGas":{"daGas":0,"l2Gas":8826},"totalBlockGas":{"daGas":0,"l2Gas":8826},"totalSizeInBytes":128,"silentlySkippedCount":0,"silentlySkippedDurationMs":0}
[18:13:14.488] INFO: txe:top_level_context Created block 75 with timestamp 1789737195
[18:13:14.658] INFO: simulator:public-processor Processed 1 successful txs and 0 failed txs (0 silently skipped, 0ms wasted) in 0.0036045000000012807s {"blockNumber":76,"successfulCount":1,"failedCount":0,"duration":0.0036045000000012807,"rate":0,"totalPublicGas":{"daGas":0,"l2Gas":0},"totalBlockGas":{"daGas":256,"l2Gas":477200},"totalSizeInBytes":256,"silentlySkippedCount":0,"silentlySkippedDurationMs":0}
[18:13:15.076] INFO: simulator:public-processor Processed 1 successful txs and 0 failed txs (0 silently skipped, 0ms wasted) in 0.02728225000000384s {"blockNumber":30,"successfulCount":1,"failedCount":0,"duration":0.02728225000000384,"rate":71382199.04882206,"totalPublicGas":{"daGas":2368,"l2Gas":1947467},"totalBlockGas":{"daGas":3744,"l2Gas":2674217},"totalSizeInBytes":3744,"silentlySkippedCount":0,"silentlySkippedDurationMs":0}
[18:13:15.119] INFO: txe:top_level_context Created block 31 with timestamp 1789585995
[billboard_test] Testing test_history_33_progress_and_exit ... [0m[32mok[0m <36.629s>
[18:13:15.729] INFO: simulator:public-processor Processed 1 successful txs and 0 failed txs (0 silently skipped, 0ms wasted) in 0.02767658400000073s {"blockNumber":32,"successfulCount":1,"failedCount":0,"duration":0.02767658400000073,"rate":70365150.55470534,"totalPublicGas":{"daGas":2368,"l2Gas":1947467},"totalBlockGas":{"daGas":3744,"l2Gas":2674217},"totalSizeInBytes":3744,"silentlySkippedCount":0,"silentlySkippedDurationMs":0}
[18:13:15.758] INFO: txe:top_level_context Created block 33 with timestamp 1789593196
[18:13:16.396] INFO: simulator:public-processor Processed 1 successful txs and 0 failed txs (0 silently skipped, 0ms wasted) in 0.02872858300000371s {"blockNumber":34,"successfulCount":1,"failedCount":0,"duration":0.02872858300000371,"rate":67788480.90070257,"totalPublicGas":{"daGas":2368,"l2Gas":1947467},"totalBlockGas":{"daGas":3744,"l2Gas":2674217},"totalSizeInBytes":3744,"silentlySkippedCount":0,"silentlySkippedDurationMs":0}
[18:13:16.426] INFO: txe:top_level_context Created block 35 with timestamp 1789600397
[18:13:17.092] INFO: simulator:public-processor Processed 1 successful txs and 0 failed txs (0 silently skipped, 0ms wasted) in 0.027450167000002693s {"blockNumber":36,"successfulCount":1,"failedCount":0,"duration":0.027450167000002693,"rate":70945542.88138972,"totalPublicGas":{"daGas":2368,"l2Gas":1947467},"totalBlockGas":{"daGas":3744,"l2Gas":2674217},"totalSizeInBytes":3744,"silentlySkippedCount":0,"silentlySkippedDurationMs":0}
[18:13:17.122] INFO: txe:top_level_context Created block 37 with timestamp 1789607598
[18:13:17.575] INFO: kv-store:lmdb-v2 Starting data store with maxReaders 2
[18:13:17.578] INFO: world-state:database Creating world state data store at directory /var/folders/ym/q1vh2x5n58xbsmpmvs5_6w3r0000gn/T/aztec-world-state-mh8aOH/world_state with map sizes {"archiveTreeMapSizeKb":10485760,"nullifierTreeMapSizeKb":10485760,"noteHashTreeMapSizeKb":10485760,"messageTreeMapSizeKb":10485760,"publicDataTreeMapSizeKb":10485760} and 2 threads (ephemeral=true).
[18:13:17.588] INFO: txe_node Aztec Node version: txe
[18:13:17.588] INFO: txe_node Aztec Node started on chain 0x1
[18:13:17.608] INFO: txe:top_level_context Created block 1 with timestamp 1789492397
[18:13:17.705] INFO: txe:top_level_context Created block 2 with timestamp 1789492397
[18:13:17.721] INFO: simulator:public-processor Processed 1 successful txs and 0 failed txs (0 silently skipped, 0ms wasted) in 0.028526875000010478s {"blockNumber":38,"successfulCount":1,"failedCount":0,"duration":0.028526875000010478,"rate":68267800.10075708,"totalPublicGas":{"daGas":2368,"l2Gas":1947467},"totalBlockGas":{"daGas":3744,"l2Gas":2674217},"totalSizeInBytes":3744,"silentlySkippedCount":0,"silentlySkippedDurationMs":0}
[18:13:17.757] INFO: simulator:public-processor Processed 1 successful txs and 0 failed txs (0 silently skipped, 0ms wasted) in 0.004582458000004408s {"blockNumber":39,"successfulCount":1,"failedCount":0,"duration":0.004582458000004408,"rate":1926040.5660000616,"totalPublicGas":{"daGas":0,"l2Gas":8826},"totalBlockGas":{"daGas":0,"l2Gas":8826},"totalSizeInBytes":128,"silentlySkippedCount":0,"silentlySkippedDurationMs":0}
[18:13:17.790] INFO: simulator:public-processor Processed 1 successful txs and 0 failed txs (0 silently skipped, 0ms wasted) in 0.05719420799998625s {"blockNumber":3,"successfulCount":1,"failedCount":0,"duration":0.05719420799998625,"rate":56581778.350716524,"totalPublicGas":{"daGas":4000,"l2Gas":3236150},"totalBlockGas":{"daGas":4000,"l2Gas":3236150},"totalSizeInBytes":4128,"silentlySkippedCount":0,"silentlySkippedDurationMs":0}
[18:13:17.971] INFO: simulator:public-processor Processed 1 successful txs and 0 failed txs (0 silently skipped, 0ms wasted) in 0.01614995900000213s {"blockNumber":4,"successfulCount":1,"failedCount":0,"duration":0.01614995900000213,"rate":70624327.90076122,"totalPublicGas":{"daGas":192,"l2Gas":1140580},"totalBlockGas":{"daGas":320,"l2Gas":1731380},"totalSizeInBytes":320,"silentlySkippedCount":0,"silentlySkippedDurationMs":0}
[18:13:18.009] INFO: txe:top_level_context Created block 5 with timestamp 1789492397
[18:13:18.161] INFO: simulator:public-processor Processed 1 successful txs and 0 failed txs (0 silently skipped, 0ms wasted) in 0.010618541999996524s {"blockNumber":39,"successfulCount":1,"failedCount":0,"duration":0.010618541999996524,"rate":1089697.6251545446,"totalPublicGas":{"daGas":0,"l2Gas":11571},"totalBlockGas":{"daGas":0,"l2Gas":11571},"totalSizeInBytes":128,"silentlySkippedCount":0,"silentlySkippedDurationMs":0}
[18:13:18.201] INFO: simulator:public-processor Processed 1 successful txs and 0 failed txs (0 silently skipped, 0ms wasted) in 0.0037878750000090804s {"blockNumber":6,"successfulCount":1,"failedCount":0,"duration":0.0037878750000090804,"rate":0,"totalPublicGas":{"daGas":0,"l2Gas":0},"totalBlockGas":{"daGas":1984,"l2Gas":529900},"totalSizeInBytes":1984,"silentlySkippedCount":0,"silentlySkippedDurationMs":0}
[billboard_test] Testing test_history_first_page_control ... [0m[32mok[0m
[18:13:18.229] INFO: txe:top_level_context Created block 7 with timestamp 1789499598
[18:13:18.834] INFO: simulator:public-processor Processed 1 successful txs and 0 failed txs (0 silently skipped, 0ms wasted) in 0.0271059580000001s {"blockNumber":8,"successfulCount":1,"failedCount":0,"duration":0.0271059580000001,"rate":71846455.30698428,"totalPublicGas":{"daGas":2368,"l2Gas":1947467},"totalBlockGas":{"daGas":3744,"l2Gas":2674217},"totalSizeInBytes":3744,"silentlySkippedCount":0,"silentlySkippedDurationMs":0}
[18:13:18.863] INFO: txe:top_level_context Created block 9 with timestamp 1789506799
[18:13:19.443] INFO: simulator:public-processor Processed 1 successful txs and 0 failed txs (0 silently skipped, 0ms wasted) in 0.02841729199999827s {"blockNumber":10,"successfulCount":1,"failedCount":0,"duration":0.02841729199999827,"rate":68531054.96470666,"totalPublicGas":{"daGas":2368,"l2Gas":1947467},"totalBlockGas":{"daGas":3744,"l2Gas":2674217},"totalSizeInBytes":3744,"silentlySkippedCount":0,"silentlySkippedDurationMs":0}
[18:13:19.472] INFO: txe:top_level_context Created block 11 with timestamp 1789514000
[18:13:20.049] INFO: kv-store:lmdb-v2 Starting data store with maxReaders 2
[18:13:20.051] INFO: world-state:database Creating world state data store at directory /var/folders/ym/q1vh2x5n58xbsmpmvs5_6w3r0000gn/T/aztec-world-state-KnRcJZ/world_state with map sizes {"archiveTreeMapSizeKb":10485760,"nullifierTreeMapSizeKb":10485760,"noteHashTreeMapSizeKb":10485760,"messageTreeMapSizeKb":10485760,"publicDataTreeMapSizeKb":10485760} and 2 threads (ephemeral=true).
[18:13:20.062] INFO: txe_node Aztec Node version: txe
[18:13:20.062] INFO: txe_node Aztec Node started on chain 0x1
[18:13:20.067] INFO: simulator:public-processor Processed 1 successful txs and 0 failed txs (0 silently skipped, 0ms wasted) in 0.03410749999999825s {"blockNumber":12,"successfulCount":1,"failedCount":0,"duration":0.03410749999999825,"rate":57097911.0166415,"totalPublicGas":{"daGas":2368,"l2Gas":1947467},"totalBlockGas":{"daGas":3744,"l2Gas":2674217},"totalSizeInBytes":3744,"silentlySkippedCount":0,"silentlySkippedDurationMs":0}
[18:13:20.074] INFO: txe:top_level_context Created block 1 with timestamp 1789492400
[18:13:20.100] INFO: txe:top_level_context Created block 13 with timestamp 1789521201
[18:13:20.140] INFO: txe:top_level_context Created block 2 with timestamp 1789492400
[18:13:20.231] INFO: simulator:public-processor Processed 1 successful txs and 0 failed txs (0 silently skipped, 0ms wasted) in 0.04914945799999987s {"blockNumber":3,"successfulCount":1,"failedCount":0,"duration":0.04914945799999987,"rate":65843045.51232302,"totalPublicGas":{"daGas":4000,"l2Gas":3236150},"totalBlockGas":{"daGas":4000,"l2Gas":3236150},"totalSizeInBytes":4128,"silentlySkippedCount":0,"silentlySkippedDurationMs":0}
[18:13:20.263] INFO: simulator:public-processor Processed 1 successful txs and 0 failed txs (0 silently skipped, 0ms wasted) in 0.004963666999989073s {"blockNumber":4,"successfulCount":1,"failedCount":0,"duration":0.004963666999989073,"rate":2080921.2221574774,"totalPublicGas":{"daGas":0,"l2Gas":10329},"totalBlockGas":{"daGas":0,"l2Gas":10329},"totalSizeInBytes":128,"silentlySkippedCount":0,"silentlySkippedDurationMs":0}
[billboard_test] Testing test_init_default_flag_state ... [0m[32mok[0m
[18:13:20.709] INFO: simulator:public-processor Processed 1 successful txs and 0 failed txs (0 silently skipped, 0ms wasted) in 0.026418292000002112s {"blockNumber":14,"successfulCount":1,"failedCount":0,"duration":0.026418292000002112,"rate":73716612.71666785,"totalPublicGas":{"daGas":2368,"l2Gas":1947467},"totalBlockGas":{"daGas":3744,"l2Gas":2674217},"totalSizeInBytes":3744,"silentlySkippedCount":0,"silentlySkippedDurationMs":0}
[18:13:20.738] INFO: txe:top_level_context Created block 15 with timestamp 1789528402
[18:13:21.306] INFO: simulator:public-processor Processed 1 successful txs and 0 failed txs (0 silently skipped, 0ms wasted) in 0.027932042000000365s {"blockNumber":16,"successfulCount":1,"failedCount":0,"duration":0.027932042000000365,"rate":69721612.19004233,"totalPublicGas":{"daGas":2368,"l2Gas":1947467},"totalBlockGas":{"daGas":3744,"l2Gas":2674217},"totalSizeInBytes":3744,"silentlySkippedCount":0,"silentlySkippedDurationMs":0}
[18:13:21.335] INFO: txe:top_level_context Created block 17 with timestamp 1789535603
[18:13:21.920] INFO: simulator:public-processor Processed 1 successful txs and 0 failed txs (0 silently skipped, 0ms wasted) in 0.027030624999999416s {"blockNumber":18,"successfulCount":1,"failedCount":0,"duration":0.027030624999999416,"rate":72046687.78469022,"totalPublicGas":{"daGas":2368,"l2Gas":1947467},"totalBlockGas":{"daGas":3744,"l2Gas":2674217},"totalSizeInBytes":3744,"silentlySkippedCount":0,"silentlySkippedDurationMs":0}
[18:13:21.949] INFO: txe:top_level_context Created block 19 with timestamp 1789542804
[18:13:22.061] INFO: kv-store:lmdb-v2 Starting data store with maxReaders 2
[18:13:22.061] INFO: world-state:database Creating world state data store at directory /var/folders/ym/q1vh2x5n58xbsmpmvs5_6w3r0000gn/T/aztec-world-state-ulUgzj/world_state with map sizes {"archiveTreeMapSizeKb":10485760,"nullifierTreeMapSizeKb":10485760,"noteHashTreeMapSizeKb":10485760,"messageTreeMapSizeKb":10485760,"publicDataTreeMapSizeKb":10485760} and 2 threads (ephemeral=true).
[18:13:22.070] INFO: txe_node Aztec Node version: txe
[18:13:22.070] INFO: txe_node Aztec Node started on chain 0x1
[18:13:22.082] INFO: txe:top_level_context Created block 1 with timestamp 1789492402
[18:13:22.126] INFO: txe:top_level_context Created block 2 with timestamp 1789492402
[18:13:22.177] INFO: simulator:public-processor Processed 1 successful txs and 0 failed txs (0 silently skipped, 0ms wasted) in 0.008591042000000016s {"blockNumber":3,"successfulCount":1,"failedCount":0,"duration":0.008591042000000016,"rate":14802628.132885367,"totalPublicGas":{"daGas":0,"l2Gas":127170},"totalBlockGas":{"daGas":0,"l2Gas":127170},"totalSizeInBytes":128,"silentlySkippedCount":0,"silentlySkippedDurationMs":0}
[18:13:22.186] WARN: txe:top_level_context Could not find function artifact in contract Billboard for function '0x8f3f1c4d' when enriching error callstack
[billboard_test] Testing test_init_rejects_policy_too_long ... [0m[32mok[0m
[18:13:22.553] INFO: simulator:public-processor Processed 1 successful txs and 0 failed txs (0 silently skipped, 0ms wasted) in 0.02676762499999313s {"blockNumber":20,"successfulCount":1,"failedCount":0,"duration":0.02676762499999313,"rate":72754568.25177802,"totalPublicGas":{"daGas":2368,"l2Gas":1947467},"totalBlockGas":{"daGas":3744,"l2Gas":2674217},"totalSizeInBytes":3744,"silentlySkippedCount":0,"silentlySkippedDurationMs":0}
[18:13:22.582] INFO: txe:top_level_context Created block 21 with timestamp 1789550005
[18:13:23.151] INFO: simulator:public-processor Processed 1 successful txs and 0 failed txs (0 silently skipped, 0ms wasted) in 0.02873687500000233s {"blockNumber":22,"successfulCount":1,"failedCount":0,"duration":0.02873687500000233,"rate":67768920.59417881,"totalPublicGas":{"daGas":2368,"l2Gas":1947467},"totalBlockGas":{"daGas":3744,"l2Gas":2674217},"totalSizeInBytes":3744,"silentlySkippedCount":0,"silentlySkippedDurationMs":0}
[18:13:23.179] INFO: txe:top_level_context Created block 23 with timestamp 1789557206
[billboard_test] Testing test_init_rejects_zero_base_cooldown ... [0m[32mok[0m
[18:13:23.762] INFO: simulator:public-processor Processed 1 successful txs and 0 failed txs (0 silently skipped, 0ms wasted) in 0.02733604199999536s {"blockNumber":24,"successfulCount":1,"failedCount":0,"duration":0.02733604199999536,"rate":71241732.80097868,"totalPublicGas":{"daGas":2368,"l2Gas":1947467},"totalBlockGas":{"daGas":3744,"l2Gas":2674217},"totalSizeInBytes":3744,"silentlySkippedCount":0,"silentlySkippedDurationMs":0}
[18:13:23.791] INFO: txe:top_level_context Created block 25 with timestamp 1789564407
[18:13:23.984] INFO: kv-store:lmdb-v2 Starting data store with maxReaders 2
[18:13:23.985] INFO: world-state:database Creating world state data store at directory /var/folders/ym/q1vh2x5n58xbsmpmvs5_6w3r0000gn/T/aztec-world-state-S8naW3/world_state with map sizes {"archiveTreeMapSizeKb":10485760,"nullifierTreeMapSizeKb":10485760,"noteHashTreeMapSizeKb":10485760,"messageTreeMapSizeKb":10485760,"publicDataTreeMapSizeKb":10485760} and 2 threads (ephemeral=true).
[18:13:23.996] INFO: txe_node Aztec Node version: txe
[18:13:23.996] INFO: txe_node Aztec Node started on chain 0x1
[18:13:24.008] INFO: txe:top_level_context Created block 1 with timestamp 1789492403
[18:13:24.050] INFO: txe:top_level_context Created block 2 with timestamp 1789492403
[18:13:24.092] INFO: simulator:public-processor Processed 1 successful txs and 0 failed txs (0 silently skipped, 0ms wasted) in 0.007321000000010827s {"blockNumber":3,"successfulCount":1,"failedCount":0,"duration":0.007321000000010827,"rate":17304193.416174382,"totalPublicGas":{"daGas":0,"l2Gas":126684},"totalBlockGas":{"daGas":0,"l2Gas":126684},"totalSizeInBytes":128,"silentlySkippedCount":0,"silentlySkippedDurationMs":0}
[18:13:24.094] WARN: txe:top_level_context Could not find function artifact in contract Billboard for function '0x8f3f1c4d' when enriching error callstack
[18:13:24.412] INFO: simulator:public-processor Processed 1 successful txs and 0 failed txs (0 silently skipped, 0ms wasted) in 0.027759416999993847s {"blockNumber":26,"successfulCount":1,"failedCount":0,"duration":0.027759416999993847,"rate":70155183.73460191,"totalPublicGas":{"daGas":2368,"l2Gas":1947467},"totalBlockGas":{"daGas":3744,"l2Gas":2674217},"totalSizeInBytes":3744,"silentlySkippedCount":0,"silentlySkippedDurationMs":0}
[18:13:24.441] INFO: txe:top_level_context Created block 27 with timestamp 1789571608
[18:13:25.012] INFO: simulator:public-processor Processed 1 successful txs and 0 failed txs (0 silently skipped, 0ms wasted) in 0.027836250000007567s {"blockNumber":28,"successfulCount":1,"failedCount":0,"duration":0.027836250000007567,"rate":69961542.95206684,"totalPublicGas":{"daGas":2368,"l2Gas":1947467},"totalBlockGas":{"daGas":3744,"l2Gas":2674217},"totalSizeInBytes":3744,"silentlySkippedCount":0,"silentlySkippedDurationMs":0}
[18:13:25.042] INFO: txe:top_level_context Created block 29 with timestamp 1789578809
[18:13:25.636] INFO: simulator:public-processor Processed 1 successful txs and 0 failed txs (0 silently skipped, 0ms wasted) in 0.027635625000009895s {"blockNumber":30,"successfulCount":1,"failedCount":0,"duration":0.027635625000009895,"rate":70469439.3558786,"totalPublicGas":{"daGas":2368,"l2Gas":1947467},"totalBlockGas":{"daGas":3744,"l2Gas":2674217},"totalSizeInBytes":3744,"silentlySkippedCount":0,"silentlySkippedDurationMs":0}
[18:13:25.665] INFO: txe:top_level_context Created block 31 with timestamp 1789586010
[18:13:25.921] INFO: kv-store:lmdb-v2 Starting data store with maxReaders 2
[18:13:25.922] INFO: world-state:database Creating world state data store at directory /var/folders/ym/q1vh2x5n58xbsmpmvs5_6w3r0000gn/T/aztec-world-state-7jgOGI/world_state with map sizes {"archiveTreeMapSizeKb":10485760,"nullifierTreeMapSizeKb":10485760,"noteHashTreeMapSizeKb":10485760,"messageTreeMapSizeKb":10485760,"publicDataTreeMapSizeKb":10485760} and 2 threads (ephemeral=true).
[18:13:25.931] INFO: txe_node Aztec Node version: txe
[18:13:25.931] INFO: txe_node Aztec Node started on chain 0x1
[18:13:25.943] INFO: txe:top_level_context Created block 1 with timestamp 1789492405
[18:13:26.178] INFO: txe:top_level_context Created block 2 with timestamp 1789492405
[18:13:26.264] INFO: simulator:public-processor Processed 1 successful txs and 0 failed txs (0 silently skipped, 0ms wasted) in 0.00580266699999629s {"blockNumber":3,"successfulCount":1,"failedCount":0,"duration":0.00580266699999629,"rate":21855295.15998093,"totalPublicGas":{"daGas":0,"l2Gas":126819},"totalBlockGas":{"daGas":0,"l2Gas":126819},"totalSizeInBytes":128,"silentlySkippedCount":0,"silentlySkippedDurationMs":0}
[18:13:26.266] WARN: txe:top_level_context Could not find function artifact in contract Billboard for function '0x8f3f1c4d' when enriching error callstack
[billboard_test] Testing test_init_rejects_zero_censor_window ... [0m[32mok[0m
[18:13:26.293] INFO: simulator:public-processor Processed 1 successful txs and 0 failed txs (0 silently skipped, 0ms wasted) in 0.027746457999994163s {"blockNumber":32,"successfulCount":1,"failedCount":0,"duration":0.027746457999994163,"rate":70187949.75561962,"totalPublicGas":{"daGas":2368,"l2Gas":1947467},"totalBlockGas":{"daGas":3744,"l2Gas":2674217},"totalSizeInBytes":3744,"silentlySkippedCount":0,"silentlySkippedDurationMs":0}
[18:13:26.321] INFO: txe:top_level_context Created block 33 with timestamp 1789593211
[18:13:26.879] INFO: simulator:public-processor Processed 1 successful txs and 0 failed txs (0 silently skipped, 0ms wasted) in 0.026969458999999914s {"blockNumber":34,"successfulCount":1,"failedCount":0,"duration":0.026969458999999914,"rate":72210087.7144034,"totalPublicGas":{"daGas":2368,"l2Gas":1947467},"totalBlockGas":{"daGas":3744,"l2Gas":2674217},"totalSizeInBytes":3744,"silentlySkippedCount":0,"silentlySkippedDurationMs":0}
[18:13:26.908] INFO: txe:top_level_context Created block 35 with timestamp 1789600412
[18:13:27.466] INFO: simulator:public-processor Processed 1 successful txs and 0 failed txs (0 silently skipped, 0ms wasted) in 0.027520000000004076s {"blockNumber":36,"successfulCount":1,"failedCount":0,"duration":0.027520000000004076,"rate":70765515.98836161,"totalPublicGas":{"daGas":2368,"l2Gas":1947467},"totalBlockGas":{"daGas":3744,"l2Gas":2674217},"totalSizeInBytes":3744,"silentlySkippedCount":0,"silentlySkippedDurationMs":0}
[18:13:27.495] INFO: txe:top_level_context Created block 37 with timestamp 1789607613
[billboard_test] Testing test_init_rejects_zero_k ... [0m[32mok[0m
[18:13:28.089] INFO: simulator:public-processor Processed 1 successful txs and 0 failed txs (0 silently skipped, 0ms wasted) in 0.02653925000000163s {"blockNumber":38,"successfulCount":1,"failedCount":0,"duration":0.02653925000000163,"rate":73380634.34346789,"totalPublicGas":{"daGas":2368,"l2Gas":1947467},"totalBlockGas":{"daGas":3744,"l2Gas":2674217},"totalSizeInBytes":3744,"silentlySkippedCount":0,"silentlySkippedDurationMs":0}
[18:13:28.108] INFO: kv-store:lmdb-v2 Starting data store with maxReaders 2
[18:13:28.108] INFO: world-state:database Creating world state data store at directory /var/folders/ym/q1vh2x5n58xbsmpmvs5_6w3r0000gn/T/aztec-world-state-pVmIBZ/world_state with map sizes {"archiveTreeMapSizeKb":10485760,"nullifierTreeMapSizeKb":10485760,"noteHashTreeMapSizeKb":10485760,"messageTreeMapSizeKb":10485760,"publicDataTreeMapSizeKb":10485760} and 2 threads (ephemeral=true).
[18:13:28.118] INFO: txe_node Aztec Node version: txe
[18:13:28.118] INFO: txe_node Aztec Node started on chain 0x1
[18:13:28.127] INFO: txe:top_level_context Created block 39 with timestamp 1789614814
[18:13:28.130] INFO: txe:top_level_context Created block 1 with timestamp 1789492408
[18:13:28.267] INFO: txe:top_level_context Created block 2 with timestamp 1789492408
[18:13:28.301] INFO: simulator:public-processor Processed 1 successful txs and 0 failed txs (0 silently skipped, 0ms wasted) in 0.005641833000001498s {"blockNumber":3,"successfulCount":1,"failedCount":0,"duration":0.005641833000001498,"rate":22466634.513989754,"totalPublicGas":{"daGas":0,"l2Gas":126753},"totalBlockGas":{"daGas":0,"l2Gas":126753},"totalSizeInBytes":128,"silentlySkippedCount":0,"silentlySkippedDurationMs":0}
[18:13:28.302] WARN: txe:top_level_context Could not find function artifact in contract Billboard for function '0x8f3f1c4d' when enriching error callstack
[18:13:28.722] INFO: simulator:public-processor Processed 1 successful txs and 0 failed txs (0 silently skipped, 0ms wasted) in 0.028058917000002112s {"blockNumber":40,"successfulCount":1,"failedCount":0,"duration":0.028058917000002112,"rate":69406349.50379066,"totalPublicGas":{"daGas":2368,"l2Gas":1947467},"totalBlockGas":{"daGas":3744,"l2Gas":2674217},"totalSizeInBytes":3744,"silentlySkippedCount":0,"silentlySkippedDurationMs":0}
[18:13:28.756] INFO: simulator:public-processor Processed 1 successful txs and 0 failed txs (0 silently skipped, 0ms wasted) in 0.005221541999999317s {"blockNumber":41,"successfulCount":1,"failedCount":0,"duration":0.005221541999999317,"rate":1690305.2776365974,"totalPublicGas":{"daGas":0,"l2Gas":8826},"totalBlockGas":{"daGas":0,"l2Gas":8826},"totalSizeInBytes":128,"silentlySkippedCount":0,"silentlySkippedDurationMs":0}
[18:13:28.772] INFO: txe:top_level_context Created block 41 with timestamp 1789614814
[18:13:28.934] INFO: simulator:public-processor Processed 1 successful txs and 0 failed txs (0 silently skipped, 0ms wasted) in 0.003998374999995577s {"blockNumber":42,"successfulCount":1,"failedCount":0,"duration":0.003998374999995577,"rate":0,"totalPublicGas":{"daGas":0,"l2Gas":0},"totalBlockGas":{"daGas":832,"l2Gas":499700},"totalSizeInBytes":832,"silentlySkippedCount":0,"silentlySkippedDurationMs":0}
[18:13:29.220] INFO: txe:top_level_context Created block 43 with timestamp 1789622015
[18:13:29.588] INFO: simulator:public-processor Processed 1 successful txs and 0 failed txs (0 silently skipped, 0ms wasted) in 0.027450167000002693s {"blockNumber":44,"successfulCount":1,"failedCount":0,"duration":0.027450167000002693,"rate":70945542.88138972,"totalPublicGas":{"daGas":2368,"l2Gas":1947467},"totalBlockGas":{"daGas":3744,"l2Gas":2674217},"totalSizeInBytes":3744,"silentlySkippedCount":0,"silentlySkippedDurationMs":0}
[18:13:29.891] INFO: txe:top_level_context Created block 45 with timestamp 1789629216
[18:13:30.152] INFO: kv-store:lmdb-v2 Starting data store with maxReaders 2
[18:13:30.162] INFO: world-state:database Creating world state data store at directory /var/folders/ym/q1vh2x5n58xbsmpmvs5_6w3r0000gn/T/aztec-world-state-EV1Fd4/world_state with map sizes {"archiveTreeMapSizeKb":10485760,"nullifierTreeMapSizeKb":10485760,"noteHashTreeMapSizeKb":10485760,"messageTreeMapSizeKb":10485760,"publicDataTreeMapSizeKb":10485760} and 2 threads (ephemeral=true).
[18:13:30.172] INFO: txe_node Aztec Node version: txe
[18:13:30.172] INFO: txe_node Aztec Node started on chain 0x1
[18:13:30.186] INFO: txe:top_level_context Created block 1 with timestamp 1789492410
[18:13:30.251] INFO: simulator:public-processor Processed 1 successful txs and 0 failed txs (0 silently skipped, 0ms wasted) in 0.006413249999997788s {"blockNumber":46,"successfulCount":1,"failedCount":0,"duration":0.006413249999997788,"rate":0,"totalPublicGas":{"daGas":0,"l2Gas":0},"totalBlockGas":{"daGas":1440,"l2Gas":527400},"totalSizeInBytes":1440,"silentlySkippedCount":0,"silentlySkippedDurationMs":0}
[18:13:30.279] INFO: txe:top_level_context Created block 2 with timestamp 1789492410
[18:13:30.323] INFO: simulator:public-processor Processed 1 successful txs and 0 failed txs (0 silently skipped, 0ms wasted) in 0.00655487500000163s {"blockNumber":3,"successfulCount":1,"failedCount":0,"duration":0.00655487500000163,"rate":19357806.21292831,"totalPublicGas":{"daGas":0,"l2Gas":126888},"totalBlockGas":{"daGas":0,"l2Gas":126888},"totalSizeInBytes":128,"silentlySkippedCount":0,"silentlySkippedDurationMs":0}
[18:13:30.325] WARN: txe:top_level_context Could not find function artifact in contract Billboard for function '0x8f3f1c4d' when enriching error callstack
[billboard_test] Testing test_init_rejects_zero_max_save_up ... [0m[32mok[0m
[18:13:30.637] INFO: simulator:public-processor Processed 1 successful txs and 0 failed txs (0 silently skipped, 0ms wasted) in 0.0038223330000037095s {"blockNumber":47,"successfulCount":1,"failedCount":0,"duration":0.0038223330000037095,"rate":0,"totalPublicGas":{"daGas":0,"l2Gas":0},"totalBlockGas":{"daGas":1440,"l2Gas":527400},"totalSizeInBytes":1440,"silentlySkippedCount":0,"silentlySkippedDurationMs":0}
[18:13:30.666] INFO: txe:top_level_context Created block 48 with timestamp 1789636417
[18:13:30.804] INFO: simulator:public-processor Processed 1 successful txs and 0 failed txs (0 silently skipped, 0ms wasted) in 0.003543999999994412s {"blockNumber":49,"successfulCount":1,"failedCount":0,"duration":0.003543999999994412,"rate":0,"totalPublicGas":{"daGas":0,"l2Gas":0},"totalBlockGas":{"daGas":256,"l2Gas":477200},"totalSizeInBytes":256,"silentlySkippedCount":0,"silentlySkippedDurationMs":0}
[18:13:31.098] INFO: simulator:public-processor Processed 1 successful txs and 0 failed txs (0 silently skipped, 0ms wasted) in 0.003513959000003524s {"blockNumber":50,"successfulCount":1,"failedCount":0,"duration":0.003513959000003524,"rate":0,"totalPublicGas":{"daGas":0,"l2Gas":0},"totalBlockGas":{"daGas":256,"l2Gas":477200},"totalSizeInBytes":256,"silentlySkippedCount":0,"silentlySkippedDurationMs":0}
[billboard_test] Testing test_history_two_deposits_select_independent_children_and_exit ... [0m[32mok[0m
[billboard_test] Testing test_init_rejects_zero_min_deposit ... [0m[32mok[0m
[18:13:32.156] INFO: kv-store:lmdb-v2 Starting data store with maxReaders 2
[18:13:32.156] INFO: world-state:database Creating world state data store at directory /var/folders/ym/q1vh2x5n58xbsmpmvs5_6w3r0000gn/T/aztec-world-state-ntGcTv/world_state with map sizes {"archiveTreeMapSizeKb":10485760,"nullifierTreeMapSizeKb":10485760,"noteHashTreeMapSizeKb":10485760,"messageTreeMapSizeKb":10485760,"publicDataTreeMapSizeKb":10485760} and 2 threads (ephemeral=true).
[18:13:32.166] INFO: txe_node Aztec Node version: txe
[18:13:32.166] INFO: txe_node Aztec Node started on chain 0x1
[18:13:32.177] INFO: txe:top_level_context Created block 1 with timestamp 1789492412
[18:13:32.220] INFO: txe:top_level_context Created block 2 with timestamp 1789492412
[18:13:32.252] INFO: simulator:public-processor Processed 1 successful txs and 0 failed txs (0 silently skipped, 0ms wasted) in 0.005903458000000683s {"blockNumber":3,"successfulCount":1,"failedCount":0,"duration":0.005903458000000683,"rate":21417616.59013842,"totalPublicGas":{"daGas":0,"l2Gas":126438},"totalBlockGas":{"daGas":0,"l2Gas":126438},"totalSizeInBytes":128,"silentlySkippedCount":0,"silentlySkippedDurationMs":0}
[18:13:32.254] WARN: txe:top_level_context Could not find function artifact in contract Billboard for function '0x8f3f1c4d' when enriching error callstack
[18:13:33.207] INFO: kv-store:lmdb-v2 Starting data store with maxReaders 2
[18:13:33.208] INFO: world-state:database Creating world state data store at directory /var/folders/ym/q1vh2x5n58xbsmpmvs5_6w3r0000gn/T/aztec-world-state-ptorgZ/world_state with map sizes {"archiveTreeMapSizeKb":10485760,"nullifierTreeMapSizeKb":10485760,"noteHashTreeMapSizeKb":10485760,"messageTreeMapSizeKb":10485760,"publicDataTreeMapSizeKb":10485760} and 2 threads (ephemeral=true).
[18:13:33.217] INFO: txe_node Aztec Node version: txe
[18:13:33.217] INFO: txe_node Aztec Node started on chain 0x1
[18:13:33.229] INFO: txe:top_level_context Created block 1 with timestamp 1789492413
[18:13:33.262] INFO: txe:top_level_context Created block 2 with timestamp 1789492413
[18:13:33.337] INFO: simulator:public-processor Processed 1 successful txs and 0 failed txs (0 silently skipped, 0ms wasted) in 0.038071249999993596s {"blockNumber":3,"successfulCount":1,"failedCount":0,"duration":0.038071249999993596,"rate":85002462.48811227,"totalPublicGas":{"daGas":4000,"l2Gas":3236150},"totalBlockGas":{"daGas":4000,"l2Gas":3236150},"totalSizeInBytes":4128,"silentlySkippedCount":0,"silentlySkippedDurationMs":0}
[18:13:33.368] INFO: simulator:public-processor Processed 1 successful txs and 0 failed txs (0 silently skipped, 0ms wasted) in 0.004855917000008049s {"blockNumber":4,"successfulCount":1,"failedCount":0,"duration":0.004855917000008049,"rate":5067220.053382135,"totalPublicGas":{"daGas":0,"l2Gas":24606},"totalBlockGas":{"daGas":0,"l2Gas":24606},"totalSizeInBytes":128,"silentlySkippedCount":0,"silentlySkippedDurationMs":0}
[18:13:33.383] INFO: simulator:public-processor Processed 1 successful txs and 0 failed txs (0 silently skipped, 0ms wasted) in 0.004770292000001063s {"blockNumber":4,"successfulCount":1,"failedCount":0,"duration":0.004770292000001063,"rate":5175154.89617711,"totalPublicGas":{"daGas":0,"l2Gas":24687},"totalBlockGas":{"daGas":0,"l2Gas":24687},"totalSizeInBytes":128,"silentlySkippedCount":0,"silentlySkippedDurationMs":0}
[18:13:33.398] INFO: simulator:public-processor Processed 1 successful txs and 0 failed txs (0 silently skipped, 0ms wasted) in 0.004871083000005456s {"blockNumber":4,"successfulCount":1,"failedCount":0,"duration":0.004871083000005456,"rate":4985544.282446594,"totalPublicGas":{"daGas":0,"l2Gas":24285},"totalBlockGas":{"daGas":0,"l2Gas":24285},"totalSizeInBytes":128,"silentlySkippedCount":0,"silentlySkippedDurationMs":0}
[18:13:33.414] INFO: simulator:public-processor Processed 1 successful txs and 0 failed txs (0 silently skipped, 0ms wasted) in 0.005071707999988575s {"blockNumber":4,"successfulCount":1,"failedCount":0,"duration":0.005071707999988575,"rate":4803707.153498364,"totalPublicGas":{"daGas":0,"l2Gas":24363},"totalBlockGas":{"daGas":0,"l2Gas":24363},"totalSizeInBytes":128,"silentlySkippedCount":0,"silentlySkippedDurationMs":0}
[18:13:33.429] INFO: simulator:public-processor Processed 1 successful txs and 0 failed txs (0 silently skipped, 0ms wasted) in 0.004700166999988141s {"blockNumber":4,"successfulCount":1,"failedCount":0,"duration":0.004700166999988141,"rate":5201304.549404666,"totalPublicGas":{"daGas":0,"l2Gas":24447},"totalBlockGas":{"daGas":0,"l2Gas":24447},"totalSizeInBytes":128,"silentlySkippedCount":0,"silentlySkippedDurationMs":0}
[18:13:33.443] INFO: simulator:public-processor Processed 1 successful txs and 0 failed txs (0 silently skipped, 0ms wasted) in 0.0042127089999994495s {"blockNumber":4,"successfulCount":1,"failedCount":0,"duration":0.0042127089999994495,"rate":2251045.5861065267,"totalPublicGas":{"daGas":0,"l2Gas":9483},"totalBlockGas":{"daGas":0,"l2Gas":9483},"totalSizeInBytes":128,"silentlySkippedCount":0,"silentlySkippedDurationMs":0}
[18:13:33.458] INFO: simulator:public-processor Processed 1 successful txs and 0 failed txs (0 silently skipped, 0ms wasted) in 0.004751208000001498s {"blockNumber":4,"successfulCount":1,"failedCount":0,"duration":0.004751208000001498,"rate":5147322.533551949,"totalPublicGas":{"daGas":0,"l2Gas":24456},"totalBlockGas":{"daGas":0,"l2Gas":24456},"totalSizeInBytes":128,"silentlySkippedCount":0,"silentlySkippedDurationMs":0}
[18:13:33.473] INFO: simulator:public-processor Processed 1 successful txs and 0 failed txs (0 silently skipped, 0ms wasted) in 0.004149042000004556s {"blockNumber":4,"successfulCount":1,"failedCount":0,"duration":0.004149042000004556,"rate":2127238.04675641,"totalPublicGas":{"daGas":0,"l2Gas":8826},"totalBlockGas":{"daGas":0,"l2Gas":8826},"totalSizeInBytes":128,"silentlySkippedCount":0,"silentlySkippedDurationMs":0}
[18:13:33.488] INFO: simulator:public-processor Processed 1 successful txs and 0 failed txs (0 silently skipped, 0ms wasted) in 0.004505499999999302s {"blockNumber":4,"successfulCount":1,"failedCount":0,"duration":0.004505499999999302,"rate":2362445.899456586,"totalPublicGas":{"daGas":0,"l2Gas":10644},"totalBlockGas":{"daGas":0,"l2Gas":10644},"totalSizeInBytes":128,"silentlySkippedCount":0,"silentlySkippedDurationMs":0}
[billboard_test] Testing test_init_sets_all_parameters ... [0m[32mok[0m
[billboard_test] Testing test_init_sets_default_policy ... [0m[32mok[0m
[18:13:34.088] INFO: kv-store:lmdb-v2 Starting data store with maxReaders 2
[18:13:34.089] INFO: world-state:database Creating world state data store at directory /var/folders/ym/q1vh2x5n58xbsmpmvs5_6w3r0000gn/T/aztec-world-state-uz3bwP/world_state with map sizes {"archiveTreeMapSizeKb":10485760,"nullifierTreeMapSizeKb":10485760,"noteHashTreeMapSizeKb":10485760,"messageTreeMapSizeKb":10485760,"publicDataTreeMapSizeKb":10485760} and 2 threads (ephemeral=true).
[18:13:34.098] INFO: txe_node Aztec Node version: txe
[18:13:34.098] INFO: txe_node Aztec Node started on chain 0x1
[18:13:34.110] INFO: txe:top_level_context Created block 1 with timestamp 1789492414
[18:13:34.143] INFO: txe:top_level_context Created block 2 with timestamp 1789492414
[18:13:34.207] INFO: simulator:public-processor Processed 1 successful txs and 0 failed txs (0 silently skipped, 0ms wasted) in 0.0373533749999915s {"blockNumber":3,"successfulCount":1,"failedCount":0,"duration":0.0373533749999915,"rate":86636080.40774725,"totalPublicGas":{"daGas":4000,"l2Gas":3236150},"totalBlockGas":{"daGas":4000,"l2Gas":3236150},"totalSizeInBytes":4128,"silentlySkippedCount":0,"silentlySkippedDurationMs":0}
[18:13:34.240] INFO: simulator:public-processor Processed 1 successful txs and 0 failed txs (0 silently skipped, 0ms wasted) in 0.006885125000000699s {"blockNumber":4,"successfulCount":1,"failedCount":0,"duration":0.006885125000000699,"rate":17025834.679833423,"totalPublicGas":{"daGas":0,"l2Gas":117225},"totalBlockGas":{"daGas":0,"l2Gas":117225},"totalSizeInBytes":128,"silentlySkippedCount":0,"silentlySkippedDurationMs":0}
[billboard_test] Testing test_init_sets_nondefault_policy ... [0m[32mok[0m
[18:13:35.322] INFO: kv-store:lmdb-v2 Starting data store with maxReaders 2
[18:13:35.323] INFO: world-state:database Creating world state data store at directory /var/folders/ym/q1vh2x5n58xbsmpmvs5_6w3r0000gn/T/aztec-world-state-74wyfp/world_state with map sizes {"archiveTreeMapSizeKb":10485760,"nullifierTreeMapSizeKb":10485760,"noteHashTreeMapSizeKb":10485760,"messageTreeMapSizeKb":10485760,"publicDataTreeMapSizeKb":10485760} and 2 threads (ephemeral=true).
[18:13:35.332] INFO: txe_node Aztec Node version: txe
[18:13:35.332] INFO: txe_node Aztec Node started on chain 0x1
[18:13:35.345] INFO: txe:top_level_context Created block 1 with timestamp 1789492415
[18:13:35.380] INFO: txe:top_level_context Created block 2 with timestamp 1789492415
[18:13:35.446] INFO: simulator:public-processor Processed 1 successful txs and 0 failed txs (0 silently skipped, 0ms wasted) in 0.03859670799999731s {"blockNumber":3,"successfulCount":1,"failedCount":0,"duration":0.03859670799999731,"rate":83845233.64013909,"totalPublicGas":{"daGas":4000,"l2Gas":3236150},"totalBlockGas":{"daGas":4000,"l2Gas":3236150},"totalSizeInBytes":4128,"silentlySkippedCount":0,"silentlySkippedDurationMs":0}
[18:13:35.480] INFO: simulator:public-processor Processed 1 successful txs and 0 failed txs (0 silently skipped, 0ms wasted) in 0.007187875000003259s {"blockNumber":4,"successfulCount":1,"failedCount":0,"duration":0.007187875000003259,"rate":16308714.327940712,"totalPublicGas":{"daGas":0,"l2Gas":117225},"totalBlockGas":{"daGas":0,"l2Gas":117225},"totalSizeInBytes":128,"silentlySkippedCount":0,"silentlySkippedDurationMs":0}
[18:13:36.165] INFO: kv-store:lmdb-v2 Starting data store with maxReaders 2
[18:13:36.166] INFO: world-state:database Creating world state data store at directory /var/folders/ym/q1vh2x5n58xbsmpmvs5_6w3r0000gn/T/aztec-world-state-Kp4rXk/world_state with map sizes {"archiveTreeMapSizeKb":10485760,"nullifierTreeMapSizeKb":10485760,"noteHashTreeMapSizeKb":10485760,"messageTreeMapSizeKb":10485760,"publicDataTreeMapSizeKb":10485760} and 2 threads (ephemeral=true).
[18:13:36.175] INFO: txe_node Aztec Node version: txe
[18:13:36.175] INFO: txe_node Aztec Node started on chain 0x1
[18:13:36.186] INFO: txe:top_level_context Created block 1 with timestamp 1789492416
[18:13:36.221] INFO: txe:top_level_context Created block 2 with timestamp 1789492416
[18:13:36.286] INFO: simulator:public-processor Processed 1 successful txs and 0 failed txs (0 silently skipped, 0ms wasted) in 0.03796783399999549s {"blockNumber":3,"successfulCount":1,"failedCount":0,"duration":0.03796783399999549,"rate":85233990.43517691,"totalPublicGas":{"daGas":4000,"l2Gas":3236150},"totalBlockGas":{"daGas":4000,"l2Gas":3236150},"totalSizeInBytes":4128,"silentlySkippedCount":0,"silentlySkippedDurationMs":0}
[18:13:36.397] INFO: simulator:public-processor Processed 1 successful txs and 0 failed txs (0 silently skipped, 0ms wasted) in 0.013640083000005689s {"blockNumber":4,"successfulCount":1,"failedCount":0,"duration":0.013640083000005689,"rate":83619725.77436107,"totalPublicGas":{"daGas":192,"l2Gas":1140580},"totalBlockGas":{"daGas":320,"l2Gas":1731380},"totalSizeInBytes":320,"silentlySkippedCount":0,"silentlySkippedDurationMs":0}
[18:13:36.424] INFO: txe:top_level_context Created block 5 with timestamp 1789492416
[18:13:36.570] INFO: simulator:public-processor Processed 1 successful txs and 0 failed txs (0 silently skipped, 0ms wasted) in 0.0037756249999947615s {"blockNumber":6,"successfulCount":1,"failedCount":0,"duration":0.0037756249999947615,"rate":0,"totalPublicGas":{"daGas":0,"l2Gas":0},"totalBlockGas":{"daGas":1984,"l2Gas":529900},"totalSizeInBytes":1984,"silentlySkippedCount":0,"silentlySkippedDurationMs":0}
[18:13:36.598] INFO: txe:top_level_context Created block 7 with timestamp 1789496017
[18:13:37.163] INFO: simulator:public-processor Processed 1 successful txs and 0 failed txs (0 silently skipped, 0ms wasted) in 0.02667366700001003s {"blockNumber":8,"successfulCount":1,"failedCount":0,"duration":0.02667366700001003,"rate":73010846.24019891,"totalPublicGas":{"daGas":2368,"l2Gas":1947467},"totalBlockGas":{"daGas":3744,"l2Gas":2674217},"totalSizeInBytes":3744,"silentlySkippedCount":0,"silentlySkippedDurationMs":0}
[18:13:37.191] INFO: txe:top_level_context Created block 9 with timestamp 1789596017
[18:13:37.386] INFO: kv-store:lmdb-v2 Starting data store with maxReaders 2
[18:13:37.387] INFO: world-state:database Creating world state data store at directory /var/folders/ym/q1vh2x5n58xbsmpmvs5_6w3r0000gn/T/aztec-world-state-vKxRrH/world_state with map sizes {"archiveTreeMapSizeKb":10485760,"nullifierTreeMapSizeKb":10485760,"noteHashTreeMapSizeKb":10485760,"messageTreeMapSizeKb":10485760,"publicDataTreeMapSizeKb":10485760} and 2 threads (ephemeral=true).
[18:13:37.396] INFO: txe_node Aztec Node version: txe
[18:13:37.396] INFO: txe_node Aztec Node started on chain 0x1
[18:13:37.408] INFO: txe:top_level_context Created block 1 with timestamp 1789492417
[18:13:37.447] INFO: txe:top_level_context Created block 2 with timestamp 1789492417
[18:13:37.684] INFO: simulator:public-processor Processed 1 successful txs and 0 failed txs (0 silently skipped, 0ms wasted) in 0.20135745799999857s {"blockNumber":3,"successfulCount":1,"failedCount":0,"duration":0.20135745799999857,"rate":16071666.935723945,"totalPublicGas":{"daGas":4000,"l2Gas":3236150},"totalBlockGas":{"daGas":4000,"l2Gas":3236150},"totalSizeInBytes":4128,"silentlySkippedCount":0,"silentlySkippedDurationMs":0}
[18:13:37.824] INFO: simulator:public-processor Processed 1 successful txs and 0 failed txs (0 silently skipped, 0ms wasted) in 0.027578292000005604s {"blockNumber":10,"successfulCount":1,"failedCount":0,"duration":0.027578292000005604,"rate":70615939.52227369,"totalPublicGas":{"daGas":2368,"l2Gas":1947467},"totalBlockGas":{"daGas":3744,"l2Gas":2674217},"totalSizeInBytes":3744,"silentlySkippedCount":0,"silentlySkippedDurationMs":0}
[18:13:37.860] INFO: simulator:public-processor Processed 1 successful txs and 0 failed txs (0 silently skipped, 0ms wasted) in 0.0053723749999917345s {"blockNumber":11,"successfulCount":1,"failedCount":0,"duration":0.0053723749999917345,"rate":1642848.8331536013,"totalPublicGas":{"daGas":0,"l2Gas":8826},"totalBlockGas":{"daGas":0,"l2Gas":8826},"totalSizeInBytes":128,"silentlySkippedCount":0,"silentlySkippedDurationMs":0}
[18:13:37.874] INFO: txe:top_level_context Created block 11 with timestamp 1789596018
[18:13:37.880] INFO: simulator:public-processor Processed 1 successful txs and 0 failed txs (0 silently skipped, 0ms wasted) in 0.013613042000011774s {"blockNumber":4,"successfulCount":1,"failedCount":0,"duration":0.013613042000011774,"rate":83785828.32544068,"totalPublicGas":{"daGas":192,"l2Gas":1140580},"totalBlockGas":{"daGas":320,"l2Gas":1731380},"totalSizeInBytes":320,"silentlySkippedCount":0,"silentlySkippedDurationMs":0}
[18:13:37.948] INFO: txe:top_level_context Created block 5 with timestamp 1789492417
[18:13:38.177] INFO: simulator:public-processor Processed 1 successful txs and 0 failed txs (0 silently skipped, 0ms wasted) in 0.003861625000005006s {"blockNumber":6,"successfulCount":1,"failedCount":0,"duration":0.003861625000005006,"rate":0,"totalPublicGas":{"daGas":0,"l2Gas":0},"totalBlockGas":{"daGas":1984,"l2Gas":529900},"totalSizeInBytes":1984,"silentlySkippedCount":0,"silentlySkippedDurationMs":0}
[18:13:38.209] INFO: txe:top_level_context Created block 7 with timestamp 1789496018
[billboard_test] Testing test_save_up_allows_burst_after_dormancy ... [0m[32mok[0m
[18:13:38.633] INFO: simulator:public-processor Processed 1 successful txs and 0 failed txs (0 silently skipped, 0ms wasted) in 0.027570833000005224s {"blockNumber":12,"successfulCount":1,"failedCount":0,"duration":0.027570833000005224,"rate":70635043.92484735,"totalPublicGas":{"daGas":2368,"l2Gas":1947467},"totalBlockGas":{"daGas":3744,"l2Gas":2674217},"totalSizeInBytes":3744,"silentlySkippedCount":0,"silentlySkippedDurationMs":0}
[18:13:38.686] INFO: simulator:public-processor Processed 1 successful txs and 0 failed txs (0 silently skipped, 0ms wasted) in 0.00450870799999393s {"blockNumber":13,"successfulCount":1,"failedCount":0,"duration":0.00450870799999393,"rate":1957545.2657417338,"totalPublicGas":{"daGas":0,"l2Gas":8826},"totalBlockGas":{"daGas":0,"l2Gas":8826},"totalSizeInBytes":128,"silentlySkippedCount":0,"silentlySkippedDurationMs":0}
[18:13:39.040] INFO: simulator:public-processor Processed 1 successful txs and 0 failed txs (0 silently skipped, 0ms wasted) in 0.02686458300000231s {"blockNumber":8,"successfulCount":1,"failedCount":0,"duration":0.02686458300000231,"rate":72491986.94056901,"totalPublicGas":{"daGas":2368,"l2Gas":1947467},"totalBlockGas":{"daGas":3744,"l2Gas":2674217},"totalSizeInBytes":3744,"silentlySkippedCount":0,"silentlySkippedDurationMs":0}
[18:13:39.070] INFO: txe:top_level_context Created block 9 with timestamp 1789596018
[18:13:39.090] INFO: txe:top_level_context Created block 10 with timestamp 1789596018
[18:13:39.675] INFO: simulator:public-processor Processed 1 successful txs and 0 failed txs (0 silently skipped, 0ms wasted) in 0.027789417000007234s {"blockNumber":11,"successfulCount":1,"failedCount":0,"duration":0.027789417000007234,"rate":70079447.87037069,"totalPublicGas":{"daGas":2368,"l2Gas":1947467},"totalBlockGas":{"daGas":3744,"l2Gas":2674217},"totalSizeInBytes":3744,"silentlySkippedCount":0,"silentlySkippedDurationMs":0}
[18:13:39.704] INFO: txe:top_level_context Created block 12 with timestamp 1789596019
[18:13:40.269] INFO: simulator:public-processor Processed 1 successful txs and 0 failed txs (0 silently skipped, 0ms wasted) in 0.02667345899999782s {"blockNumber":13,"successfulCount":1,"failedCount":0,"duration":0.02667345899999782,"rate":73011415.57981509,"totalPublicGas":{"daGas":2368,"l2Gas":1947467},"totalBlockGas":{"daGas":3744,"l2Gas":2674217},"totalSizeInBytes":3744,"silentlySkippedCount":0,"silentlySkippedDurationMs":0}
[18:13:40.297] INFO: txe:top_level_context Created block 14 with timestamp 1789596020
[18:13:40.522] INFO: kv-store:lmdb-v2 Starting data store with maxReaders 2
[18:13:40.523] INFO: world-state:database Creating world state data store at directory /var/folders/ym/q1vh2x5n58xbsmpmvs5_6w3r0000gn/T/aztec-world-state-NO3ueE/world_state with map sizes {"archiveTreeMapSizeKb":10485760,"nullifierTreeMapSizeKb":10485760,"noteHashTreeMapSizeKb":10485760,"messageTreeMapSizeKb":10485760,"publicDataTreeMapSizeKb":10485760} and 2 threads (ephemeral=true).
[18:13:40.533] INFO: txe_node Aztec Node version: txe
[18:13:40.533] INFO: txe_node Aztec Node started on chain 0x1
[18:13:40.548] INFO: txe:top_level_context Created block 1 with timestamp 1789492420
[18:13:40.583] INFO: txe:top_level_context Created block 2 with timestamp 1789492420
[18:13:41.071] INFO: simulator:public-processor Processed 1 successful txs and 0 failed txs (0 silently skipped, 0ms wasted) in 0.45066091599999347s {"blockNumber":3,"successfulCount":1,"failedCount":0,"duration":0.45066091599999347,"rate":7180897.843823774,"totalPublicGas":{"daGas":4000,"l2Gas":3236150},"totalBlockGas":{"daGas":4000,"l2Gas":3236150},"totalSizeInBytes":4128,"silentlySkippedCount":0,"silentlySkippedDurationMs":0}
[18:13:41.115] INFO: simulator:public-processor Processed 1 successful txs and 0 failed txs (0 silently skipped, 0ms wasted) in 0.03031083299999591s {"blockNumber":15,"successfulCount":1,"failedCount":0,"duration":0.03031083299999591,"rate":64249867.36591049,"totalPublicGas":{"daGas":2368,"l2Gas":1947467},"totalBlockGas":{"daGas":3744,"l2Gas":2674217},"totalSizeInBytes":3744,"silentlySkippedCount":0,"silentlySkippedDurationMs":0}
[18:13:41.142] INFO: simulator:public-processor Processed 1 successful txs and 0 failed txs (0 silently skipped, 0ms wasted) in 0.03481975000000966s {"blockNumber":4,"successfulCount":1,"failedCount":0,"duration":0.03481975000000966,"rate":76080500.29076214,"totalPublicGas":{"daGas":3136,"l2Gas":2649104},"totalBlockGas":{"daGas":3136,"l2Gas":2649104},"totalSizeInBytes":3264,"silentlySkippedCount":0,"silentlySkippedDurationMs":0}
[18:13:41.144] INFO: txe:top_level_context Created block 16 with timestamp 1789596021
[18:13:41.239] INFO: simulator:public-processor Processed 1 successful txs and 0 failed txs (0 silently skipped, 0ms wasted) in 0.02137887500000943s {"blockNumber":5,"successfulCount":1,"failedCount":0,"duration":0.02137887500000943,"rate":5483216.49291407,"totalPublicGas":{"daGas":0,"l2Gas":117225},"totalBlockGas":{"daGas":0,"l2Gas":117225},"totalSizeInBytes":128,"silentlySkippedCount":0,"silentlySkippedDurationMs":0}
[billboard_test] Testing test_set_moderation_policy_by_censor ... [0m[32mok[0m
[18:13:41.812] INFO: simulator:public-processor Processed 1 successful txs and 0 failed txs (0 silently skipped, 0ms wasted) in 0.03013504199999443s {"blockNumber":17,"successfulCount":1,"failedCount":0,"duration":0.03013504199999443,"rate":64624665.198753,"totalPublicGas":{"daGas":2368,"l2Gas":1947467},"totalBlockGas":{"daGas":3744,"l2Gas":2674217},"totalSizeInBytes":3744,"silentlySkippedCount":0,"silentlySkippedDurationMs":0}
[18:13:41.841] INFO: txe:top_level_context Created block 18 with timestamp 1789596022
[18:13:42.510] INFO: simulator:public-processor Processed 1 successful txs and 0 failed txs (0 silently skipped, 0ms wasted) in 0.026406540999989375s {"blockNumber":19,"successfulCount":1,"failedCount":0,"duration":0.026406540999989375,"rate":73749416.85852697,"totalPublicGas":{"daGas":2368,"l2Gas":1947467},"totalBlockGas":{"daGas":3744,"l2Gas":2674217},"totalSizeInBytes":3744,"silentlySkippedCount":0,"silentlySkippedDurationMs":0}
[18:13:42.539] INFO: txe:top_level_context Created block 20 with timestamp 1789596023
[billboard_test] Testing test_set_moderation_policy_fails_when_no_censor ... [0m[32mok[0m
[18:13:43.127] INFO: simulator:public-processor Processed 1 successful txs and 0 failed txs (0 silently skipped, 0ms wasted) in 0.028244166000004043s {"blockNumber":21,"successfulCount":1,"failedCount":0,"duration":0.028244166000004043,"rate":68951124.2781862,"totalPublicGas":{"daGas":2368,"l2Gas":1947467},"totalBlockGas":{"daGas":3744,"l2Gas":2674217},"totalSizeInBytes":3744,"silentlySkippedCount":0,"silentlySkippedDurationMs":0}
[18:13:43.157] INFO: txe:top_level_context Created block 22 with timestamp 1789596024
[18:13:43.222] INFO: kv-store:lmdb-v2 Starting data store with maxReaders 2
[18:13:43.223] INFO: world-state:database Creating world state data store at directory /var/folders/ym/q1vh2x5n58xbsmpmvs5_6w3r0000gn/T/aztec-world-state-loUSNR/world_state with map sizes {"archiveTreeMapSizeKb":10485760,"nullifierTreeMapSizeKb":10485760,"noteHashTreeMapSizeKb":10485760,"messageTreeMapSizeKb":10485760,"publicDataTreeMapSizeKb":10485760} and 2 threads (ephemeral=true).
[18:13:43.233] INFO: txe_node Aztec Node version: txe
[18:13:43.233] INFO: txe_node Aztec Node started on chain 0x1
[18:13:43.252] INFO: txe:top_level_context Created block 1 with timestamp 1789492423
[18:13:43.306] INFO: txe:top_level_context Created block 2 with timestamp 1789492423
[18:13:43.340] INFO: simulator:public-processor Processed 1 successful txs and 0 failed txs (0 silently skipped, 0ms wasted) in 0.006448499999998603s {"blockNumber":3,"successfulCount":1,"failedCount":0,"duration":0.006448499999998603,"rate":19685973.48220943,"totalPublicGas":{"daGas":0,"l2Gas":126945},"totalBlockGas":{"daGas":0,"l2Gas":126945},"totalSizeInBytes":128,"silentlySkippedCount":0,"silentlySkippedDurationMs":0}
[18:13:43.343] WARN: txe:top_level_context Could not find function artifact in contract Billboard for function '0x8f3f1c4d' when enriching error callstack
[18:13:43.985] INFO: simulator:public-processor Processed 1 successful txs and 0 failed txs (0 silently skipped, 0ms wasted) in 0.07345995900001435s {"blockNumber":23,"successfulCount":1,"failedCount":0,"duration":0.07345995900001435,"rate":26510591.9811311,"totalPublicGas":{"daGas":2368,"l2Gas":1947467},"totalBlockGas":{"daGas":3744,"l2Gas":2674217},"totalSizeInBytes":3744,"silentlySkippedCount":0,"silentlySkippedDurationMs":0}
[18:13:44.018] INFO: txe:top_level_context Created block 24 with timestamp 1789596025
[18:13:44.609] INFO: simulator:public-processor Processed 1 successful txs and 0 failed txs (0 silently skipped, 0ms wasted) in 0.027218875000005936s {"blockNumber":25,"successfulCount":1,"failedCount":0,"duration":0.027218875000005936,"rate":71548401.61467274,"totalPublicGas":{"daGas":2368,"l2Gas":1947467},"totalBlockGas":{"daGas":3744,"l2Gas":2674217},"totalSizeInBytes":3744,"silentlySkippedCount":0,"silentlySkippedDurationMs":0}
[18:13:44.638] INFO: txe:top_level_context Created block 26 with timestamp 1789596026
[18:13:45.202] INFO: simulator:public-processor Processed 1 successful txs and 0 failed txs (0 silently skipped, 0ms wasted) in 0.027039374999993013s {"blockNumber":27,"successfulCount":1,"failedCount":0,"duration":0.027039374999993013,"rate":72023373.32133244,"totalPublicGas":{"daGas":2368,"l2Gas":1947467},"totalBlockGas":{"daGas":3744,"l2Gas":2674217},"totalSizeInBytes":3744,"silentlySkippedCount":0,"silentlySkippedDurationMs":0}
[18:13:45.232] INFO: txe:top_level_context Created block 28 with timestamp 1789596027
[18:13:45.407] INFO: kv-store:lmdb-v2 Starting data store with maxReaders 2
[18:13:45.408] INFO: world-state:database Creating world state data store at directory /var/folders/ym/q1vh2x5n58xbsmpmvs5_6w3r0000gn/T/aztec-world-state-WlJZmF/world_state with map sizes {"archiveTreeMapSizeKb":10485760,"nullifierTreeMapSizeKb":10485760,"noteHashTreeMapSizeKb":10485760,"messageTreeMapSizeKb":10485760,"publicDataTreeMapSizeKb":10485760} and 2 threads (ephemeral=true).
[18:13:45.428] INFO: txe_node Aztec Node version: txe
[18:13:45.428] INFO: txe_node Aztec Node started on chain 0x1
[18:13:45.448] INFO: txe:top_level_context Created block 1 with timestamp 1789492425
[18:13:45.483] INFO: txe:top_level_context Created block 2 with timestamp 1789492425
[18:13:45.725] INFO: simulator:public-processor Processed 1 successful txs and 0 failed txs (0 silently skipped, 0ms wasted) in 0.20383895900000062s {"blockNumber":3,"successfulCount":1,"failedCount":0,"duration":0.20383895900000062,"rate":15876013.18156256,"totalPublicGas":{"daGas":4000,"l2Gas":3236150},"totalBlockGas":{"daGas":4000,"l2Gas":3236150},"totalSizeInBytes":4128,"silentlySkippedCount":0,"silentlySkippedDurationMs":0}
[18:13:45.819] INFO: simulator:public-processor Processed 1 successful txs and 0 failed txs (0 silently skipped, 0ms wasted) in 0.05227858300000662s {"blockNumber":4,"successfulCount":1,"failedCount":0,"duration":0.05227858300000662,"rate":815209.5476649511,"totalPublicGas":{"daGas":0,"l2Gas":42618},"totalBlockGas":{"daGas":0,"l2Gas":42618},"totalSizeInBytes":128,"silentlySkippedCount":0,"silentlySkippedDurationMs":0}
[18:13:45.821] WARN: txe:top_level_context Could not find function artifact in contract Billboard for function '0xca42e93e' when enriching error callstack
[18:13:45.857] INFO: simulator:public-processor Processed 1 successful txs and 0 failed txs (0 silently skipped, 0ms wasted) in 0.026881124999999884s {"blockNumber":29,"successfulCount":1,"failedCount":0,"duration":0.026881124999999884,"rate":72447377.10940328,"totalPublicGas":{"daGas":2368,"l2Gas":1947467},"totalBlockGas":{"daGas":3744,"l2Gas":2674217},"totalSizeInBytes":3744,"silentlySkippedCount":0,"silentlySkippedDurationMs":0}
[billboard_test] Testing test_set_moderation_policy_rejects_non_censor ... [0m[32mok[0m
[18:13:45.886] INFO: txe:top_level_context Created block 30 with timestamp 1789596028
[18:13:46.463] INFO: simulator:public-processor Processed 1 successful txs and 0 failed txs (0 silently skipped, 0ms wasted) in 0.032152458999989905s {"blockNumber":31,"successfulCount":1,"failedCount":0,"duration":0.032152458999989905,"rate":60569768.551780485,"totalPublicGas":{"daGas":2368,"l2Gas":1947467},"totalBlockGas":{"daGas":3744,"l2Gas":2674217},"totalSizeInBytes":3744,"silentlySkippedCount":0,"silentlySkippedDurationMs":0}
[18:13:46.500] INFO: txe:top_level_context Created block 32 with timestamp 1789596029
[18:13:47.078] INFO: simulator:public-processor Processed 1 successful txs and 0 failed txs (0 silently skipped, 0ms wasted) in 0.02810945800000627s {"blockNumber":33,"successfulCount":1,"failedCount":0,"duration":0.02810945800000627,"rate":69281556.40708426,"totalPublicGas":{"daGas":2368,"l2Gas":1947467},"totalBlockGas":{"daGas":3744,"l2Gas":2674217},"totalSizeInBytes":3744,"silentlySkippedCount":0,"silentlySkippedDurationMs":0}
[18:13:47.107] INFO: txe:top_level_context Created block 34 with timestamp 1789596030
[18:13:47.673] INFO: simulator:public-processor Processed 1 successful txs and 0 failed txs (0 silently skipped, 0ms wasted) in 0.028313542000003508s {"blockNumber":35,"successfulCount":1,"failedCount":0,"duration":0.028313542000003508,"rate":68782174.97477916,"totalPublicGas":{"daGas":2368,"l2Gas":1947467},"totalBlockGas":{"daGas":3744,"l2Gas":2674217},"totalSizeInBytes":3744,"silentlySkippedCount":0,"silentlySkippedDurationMs":0}
[18:13:47.686] INFO: kv-store:lmdb-v2 Starting data store with maxReaders 2
[18:13:47.687] INFO: world-state:database Creating world state data store at directory /var/folders/ym/q1vh2x5n58xbsmpmvs5_6w3r0000gn/T/aztec-world-state-CzZMMY/world_state with map sizes {"archiveTreeMapSizeKb":10485760,"nullifierTreeMapSizeKb":10485760,"noteHashTreeMapSizeKb":10485760,"messageTreeMapSizeKb":10485760,"publicDataTreeMapSizeKb":10485760} and 2 threads (ephemeral=true).
[18:13:47.696] INFO: txe_node Aztec Node version: txe
[18:13:47.696] INFO: txe_node Aztec Node started on chain 0x1
[18:13:47.708] INFO: txe:top_level_context Created block 1 with timestamp 1789492427
[18:13:47.710] INFO: txe:top_level_context Created block 36 with timestamp 1789596031
[18:13:47.814] INFO: txe:top_level_context Created block 2 with timestamp 1789492427
[18:13:47.897] INFO: simulator:public-processor Processed 1 successful txs and 0 failed txs (0 silently skipped, 0ms wasted) in 0.04149499999999534s {"blockNumber":3,"successfulCount":1,"failedCount":0,"duration":0.04149499999999534,"rate":77988914.32703611,"totalPublicGas":{"daGas":4000,"l2Gas":3236150},"totalBlockGas":{"daGas":4000,"l2Gas":3236150},"totalSizeInBytes":4128,"silentlySkippedCount":0,"silentlySkippedDurationMs":0}
[18:13:47.942] INFO: simulator:public-processor Processed 1 successful txs and 0 failed txs (0 silently skipped, 0ms wasted) in 0.005087874999997439s {"blockNumber":4,"successfulCount":1,"failedCount":0,"duration":0.005087874999997439,"rate":8420607.81760982,"totalPublicGas":{"daGas":0,"l2Gas":42843},"totalBlockGas":{"daGas":0,"l2Gas":42843},"totalSizeInBytes":128,"silentlySkippedCount":0,"silentlySkippedDurationMs":0}
[18:13:47.944] WARN: txe:top_level_context Could not find function artifact in contract Billboard for function '0xca42e93e' when enriching error callstack
[billboard_test] Testing test_set_moderation_policy_rejects_too_long ... [0m[32mok[0m
[18:13:48.308] INFO: simulator:public-processor Processed 1 successful txs and 0 failed txs (0 silently skipped, 0ms wasted) in 0.026740666999990937s {"blockNumber":37,"successfulCount":1,"failedCount":0,"duration":0.026740666999990937,"rate":72827914.12797071,"totalPublicGas":{"daGas":2368,"l2Gas":1947467},"totalBlockGas":{"daGas":3744,"l2Gas":2674217},"totalSizeInBytes":3744,"silentlySkippedCount":0,"silentlySkippedDurationMs":0}
[18:13:48.339] INFO: txe:top_level_context Created block 38 with timestamp 1789596032
[18:13:48.898] INFO: simulator:public-processor Processed 1 successful txs and 0 failed txs (0 silently skipped, 0ms wasted) in 0.026799792000005256s {"blockNumber":39,"successfulCount":1,"failedCount":0,"duration":0.026799792000005256,"rate":72667243.08903658,"totalPublicGas":{"daGas":2368,"l2Gas":1947467},"totalBlockGas":{"daGas":3744,"l2Gas":2674217},"totalSizeInBytes":3744,"silentlySkippedCount":0,"silentlySkippedDurationMs":0}
[18:13:48.927] INFO: txe:top_level_context Created block 40 with timestamp 1789596033
[billboard_test] Testing test_transfer_censor_fails_when_no_censor ... [0m[32mok[0m
[18:13:49.511] INFO: simulator:public-processor Processed 1 successful txs and 0 failed txs (0 silently skipped, 0ms wasted) in 0.029854957999996257s {"blockNumber":41,"successfulCount":1,"failedCount":0,"duration":0.029854957999996257,"rate":65230940.870867886,"totalPublicGas":{"daGas":2368,"l2Gas":1947467},"totalBlockGas":{"daGas":3744,"l2Gas":2674217},"totalSizeInBytes":3744,"silentlySkippedCount":0,"silentlySkippedDurationMs":0}
[18:13:49.541] INFO: txe:top_level_context Created block 42 with timestamp 1789596034
[18:13:49.818] INFO: kv-store:lmdb-v2 Starting data store with maxReaders 2
[18:13:49.819] INFO: world-state:database Creating world state data store at directory /var/folders/ym/q1vh2x5n58xbsmpmvs5_6w3r0000gn/T/aztec-world-state-xbWshy/world_state with map sizes {"archiveTreeMapSizeKb":10485760,"nullifierTreeMapSizeKb":10485760,"noteHashTreeMapSizeKb":10485760,"messageTreeMapSizeKb":10485760,"publicDataTreeMapSizeKb":10485760} and 2 threads (ephemeral=true).
[18:13:49.836] INFO: txe_node Aztec Node version: txe
[18:13:49.836] INFO: txe_node Aztec Node started on chain 0x1
[18:13:49.850] INFO: txe:top_level_context Created block 1 with timestamp 1789492429
[18:13:49.894] INFO: txe:top_level_context Created block 2 with timestamp 1789492429
[18:13:49.940] INFO: simulator:public-processor Processed 1 successful txs and 0 failed txs (0 silently skipped, 0ms wasted) in 0.010997999999992316s {"blockNumber":3,"successfulCount":1,"failedCount":0,"duration":0.010997999999992316,"rate":11542553.191497426,"totalPublicGas":{"daGas":0,"l2Gas":126945},"totalBlockGas":{"daGas":0,"l2Gas":126945},"totalSizeInBytes":128,"silentlySkippedCount":0,"silentlySkippedDurationMs":0}
[18:13:49.943] WARN: txe:top_level_context Could not find function artifact in contract Billboard for function '0x8f3f1c4d' when enriching error callstack
[18:13:50.303] INFO: simulator:public-processor Processed 1 successful txs and 0 failed txs (0 silently skipped, 0ms wasted) in 0.03295787500000733s {"blockNumber":43,"successfulCount":1,"failedCount":0,"duration":0.03295787500000733,"rate":59089580.259636484,"totalPublicGas":{"daGas":2368,"l2Gas":1947467},"totalBlockGas":{"daGas":3744,"l2Gas":2674217},"totalSizeInBytes":3744,"silentlySkippedCount":0,"silentlySkippedDurationMs":0}
[18:13:50.336] INFO: txe:top_level_context Created block 44 with timestamp 1789596035
[billboard_test] Testing test_save_up_prevents_excessive_burst ... [0m[32mok[0m
[billboard_test] Testing test_transfer_censor_old_censor_loses_rights ... [0m[32mok[0m
[18:13:51.842] INFO: kv-store:lmdb-v2 Starting data store with maxReaders 2
[18:13:51.844] INFO: world-state:database Creating world state data store at directory /var/folders/ym/q1vh2x5n58xbsmpmvs5_6w3r0000gn/T/aztec-world-state-P08zrL/world_state with map sizes {"archiveTreeMapSizeKb":10485760,"nullifierTreeMapSizeKb":10485760,"noteHashTreeMapSizeKb":10485760,"messageTreeMapSizeKb":10485760,"publicDataTreeMapSizeKb":10485760} and 2 threads (ephemeral=true).
[18:13:51.855] INFO: txe_node Aztec Node version: txe
[18:13:51.855] INFO: txe_node Aztec Node started on chain 0x1
[18:13:51.868] INFO: txe:top_level_context Created block 1 with timestamp 1789492431
[18:13:51.905] INFO: txe:top_level_context Created block 2 with timestamp 1789492431
[18:13:51.976] INFO: simulator:public-processor Processed 1 successful txs and 0 failed txs (0 silently skipped, 0ms wasted) in 0.0400101250000007s {"blockNumber":3,"successfulCount":1,"failedCount":0,"duration":0.0400101250000007,"rate":80883276.42065461,"totalPublicGas":{"daGas":4000,"l2Gas":3236150},"totalBlockGas":{"daGas":4000,"l2Gas":3236150},"totalSizeInBytes":4128,"silentlySkippedCount":0,"silentlySkippedDurationMs":0}
[18:13:52.016] INFO: simulator:public-processor Processed 1 successful txs and 0 failed txs (0 silently skipped, 0ms wasted) in 0.005394082999991952s {"blockNumber":4,"successfulCount":1,"failedCount":0,"duration":0.005394082999991952,"rate":7686014.471794716,"totalPublicGas":{"daGas":64,"l2Gas":41459},"totalBlockGas":{"daGas":64,"l2Gas":41459},"totalSizeInBytes":192,"silentlySkippedCount":0,"silentlySkippedDurationMs":0}
[18:13:52.047] INFO: simulator:public-processor Processed 1 successful txs and 0 failed txs (0 silently skipped, 0ms wasted) in 0.004692874999993365s {"blockNumber":5,"successfulCount":1,"failedCount":0,"duration":0.004692874999993365,"rate":1728577.8973468225,"totalPublicGas":{"daGas":0,"l2Gas":8112},"totalBlockGas":{"daGas":0,"l2Gas":8112},"totalSizeInBytes":128,"silentlySkippedCount":0,"silentlySkippedDurationMs":0}
[18:13:52.049] WARN: txe:top_level_context Could not find function artifact in contract Billboard for function '0xb6932320' when enriching error callstack
[18:13:52.725] INFO: kv-store:lmdb-v2 Starting data store with maxReaders 2
[18:13:52.727] INFO: world-state:database Creating world state data store at directory /var/folders/ym/q1vh2x5n58xbsmpmvs5_6w3r0000gn/T/aztec-world-state-WOdEdB/world_state with map sizes {"archiveTreeMapSizeKb":10485760,"nullifierTreeMapSizeKb":10485760,"noteHashTreeMapSizeKb":10485760,"messageTreeMapSizeKb":10485760,"publicDataTreeMapSizeKb":10485760} and 2 threads (ephemeral=true).
[18:13:52.742] INFO: txe_node Aztec Node version: txe
[18:13:52.742] INFO: txe_node Aztec Node started on chain 0x1
[18:13:52.754] INFO: txe:top_level_context Created block 1 with timestamp 1789492432
[18:13:52.790] INFO: txe:top_level_context Created block 2 with timestamp 1789492432
[18:13:52.855] INFO: simulator:public-processor Processed 1 successful txs and 0 failed txs (0 silently skipped, 0ms wasted) in 0.03744308299999102s {"blockNumber":3,"successfulCount":1,"failedCount":0,"duration":0.03744308299999102,"rate":86428513.37857985,"totalPublicGas":{"daGas":4000,"l2Gas":3236150},"totalBlockGas":{"daGas":4000,"l2Gas":3236150},"totalSizeInBytes":4128,"silentlySkippedCount":0,"silentlySkippedDurationMs":0}
[18:13:52.893] INFO: simulator:public-processor Processed 1 successful txs and 0 failed txs (0 silently skipped, 0ms wasted) in 0.004917209000006551s {"blockNumber":4,"successfulCount":1,"failedCount":0,"duration":0.004917209000006551,"rate":1649716.3329826316,"totalPublicGas":{"daGas":0,"l2Gas":8112},"totalBlockGas":{"daGas":0,"l2Gas":8112},"totalSizeInBytes":128,"silentlySkippedCount":0,"silentlySkippedDurationMs":0}
[18:13:52.896] WARN: txe:top_level_context Could not find function artifact in contract Billboard for function '0xb6932320' when enriching error callstack
[billboard_test] Testing test_transfer_censor_rejects_non_censor ... [0m[32mok[0m
[18:13:53.891] INFO: kv-store:lmdb-v2 Starting data store with maxReaders 2
[18:13:53.892] INFO: world-state:database Creating world state data store at directory /var/folders/ym/q1vh2x5n58xbsmpmvs5_6w3r0000gn/T/aztec-world-state-sxtRJc/world_state with map sizes {"archiveTreeMapSizeKb":10485760,"nullifierTreeMapSizeKb":10485760,"noteHashTreeMapSizeKb":10485760,"messageTreeMapSizeKb":10485760,"publicDataTreeMapSizeKb":10485760} and 2 threads (ephemeral=true).
[18:13:53.901] INFO: txe_node Aztec Node version: txe
[18:13:53.901] INFO: txe_node Aztec Node started on chain 0x1
[18:13:53.914] INFO: txe:top_level_context Created block 1 with timestamp 1789492433
[18:13:53.948] INFO: txe:top_level_context Created block 2 with timestamp 1789492433
[18:13:54.014] INFO: simulator:public-processor Processed 1 successful txs and 0 failed txs (0 silently skipped, 0ms wasted) in 0.038112875000020724s {"blockNumber":3,"successfulCount":1,"failedCount":0,"duration":0.038112875000020724,"rate":84909626.99608047,"totalPublicGas":{"daGas":4000,"l2Gas":3236150},"totalBlockGas":{"daGas":4000,"l2Gas":3236150},"totalSizeInBytes":4128,"silentlySkippedCount":0,"silentlySkippedDurationMs":0}
[18:13:54.046] INFO: simulator:public-processor Processed 1 successful txs and 0 failed txs (0 silently skipped, 0ms wasted) in 0.004796040999994148s {"blockNumber":4,"successfulCount":1,"failedCount":0,"duration":0.004796040999994148,"rate":1703279.8510292068,"totalPublicGas":{"daGas":0,"l2Gas":8169},"totalBlockGas":{"daGas":0,"l2Gas":8169},"totalSizeInBytes":128,"silentlySkippedCount":0,"silentlySkippedDurationMs":0}
[18:13:54.048] WARN: txe:top_level_context Could not find function artifact in contract Billboard for function '0xb6932320' when enriching error callstack
[billboard_test] Testing test_transfer_censor_rejects_zero_address ... [0m[32mok[0m
[billboard_test] Testing test_transfer_censor_success ... [0m[32mok[0m
[18:13:54.731] INFO: kv-store:lmdb-v2 Starting data store with maxReaders 2
[18:13:54.732] INFO: world-state:database Creating world state data store at directory /var/folders/ym/q1vh2x5n58xbsmpmvs5_6w3r0000gn/T/aztec-world-state-bH0OLw/world_state with map sizes {"archiveTreeMapSizeKb":10485760,"nullifierTreeMapSizeKb":10485760,"noteHashTreeMapSizeKb":10485760,"messageTreeMapSizeKb":10485760,"publicDataTreeMapSizeKb":10485760} and 2 threads (ephemeral=true).
[18:13:54.741] INFO: txe_node Aztec Node version: txe
[18:13:54.741] INFO: txe_node Aztec Node started on chain 0x1
[18:13:54.759] INFO: txe:top_level_context Created block 1 with timestamp 1789492434
[18:13:54.801] INFO: txe:top_level_context Created block 2 with timestamp 1789492434
[18:13:54.865] INFO: simulator:public-processor Processed 1 successful txs and 0 failed txs (0 silently skipped, 0ms wasted) in 0.037008750000008146s {"blockNumber":3,"successfulCount":1,"failedCount":0,"duration":0.037008750000008146,"rate":87442834.46480326,"totalPublicGas":{"daGas":4000,"l2Gas":3236150},"totalBlockGas":{"daGas":4000,"l2Gas":3236150},"totalSizeInBytes":4128,"silentlySkippedCount":0,"silentlySkippedDurationMs":0}
[18:13:54.899] INFO: simulator:public-processor Processed 1 successful txs and 0 failed txs (0 silently skipped, 0ms wasted) in 0.004679917000001296s {"blockNumber":4,"successfulCount":1,"failedCount":0,"duration":0.004679917000001296,"rate":8858917.797043948,"totalPublicGas":{"daGas":64,"l2Gas":41459},"totalBlockGas":{"daGas":64,"l2Gas":41459},"totalSizeInBytes":192,"silentlySkippedCount":0,"silentlySkippedDurationMs":0}
[18:13:54.928] INFO: simulator:public-processor Processed 1 successful txs and 0 failed txs (0 silently skipped, 0ms wasted) in 0.004322665999992751s {"blockNumber":5,"successfulCount":1,"failedCount":0,"duration":0.004322665999992751,"rate":2193785.039143876,"totalPublicGas":{"daGas":0,"l2Gas":9483},"totalBlockGas":{"daGas":0,"l2Gas":9483},"totalSizeInBytes":128,"silentlySkippedCount":0,"silentlySkippedDurationMs":0}
[billboard_test] Testing test_withdraw_msg_hash_deterministic ... [0m[32mok[0m
[billboard_test] Testing test_withdraw_msg_hash_differs_from_deposit_hash ... [0m[32mok[0m
[18:13:57.874] INFO: kv-store:lmdb-v2 Starting data store with maxReaders 2
[18:13:57.876] INFO: world-state:database Creating world state data store at directory /var/folders/ym/q1vh2x5n58xbsmpmvs5_6w3r0000gn/T/aztec-world-state-g6m1l8/world_state with map sizes {"archiveTreeMapSizeKb":10485760,"nullifierTreeMapSizeKb":10485760,"noteHashTreeMapSizeKb":10485760,"messageTreeMapSizeKb":10485760,"publicDataTreeMapSizeKb":10485760} and 2 threads (ephemeral=true).
[18:13:57.887] INFO: txe_node Aztec Node version: txe
[18:13:57.887] INFO: txe_node Aztec Node started on chain 0x1
[18:13:57.900] INFO: txe:top_level_context Created block 1 with timestamp 1789492437
[18:13:57.941] INFO: txe:top_level_context Created block 2 with timestamp 1789492437
[18:13:58.016] INFO: simulator:public-processor Processed 1 successful txs and 0 failed txs (0 silently skipped, 0ms wasted) in 0.03948791700002039s {"blockNumber":3,"successfulCount":1,"failedCount":0,"duration":0.03948791700002039,"rate":81952917.39491676,"totalPublicGas":{"daGas":4000,"l2Gas":3236150},"totalBlockGas":{"daGas":4000,"l2Gas":3236150},"totalSizeInBytes":4128,"silentlySkippedCount":0,"silentlySkippedDurationMs":0}
[18:13:58.153] INFO: simulator:public-processor Processed 1 successful txs and 0 failed txs (0 silently skipped, 0ms wasted) in 0.014115166999981738s {"blockNumber":4,"successfulCount":1,"failedCount":0,"duration":0.014115166999981738,"rate":80805278.46404336,"totalPublicGas":{"daGas":192,"l2Gas":1140580},"totalBlockGas":{"daGas":320,"l2Gas":1731380},"totalSizeInBytes":320,"silentlySkippedCount":0,"silentlySkippedDurationMs":0}
[18:13:58.181] INFO: txe:top_level_context Created block 5 with timestamp 1789492437
[18:13:58.338] INFO: simulator:public-processor Processed 1 successful txs and 0 failed txs (0 silently skipped, 0ms wasted) in 0.004860583000001498s {"blockNumber":6,"successfulCount":1,"failedCount":0,"duration":0.004860583000001498,"rate":0,"totalPublicGas":{"daGas":0,"l2Gas":0},"totalBlockGas":{"daGas":1984,"l2Gas":529900},"totalSizeInBytes":1984,"silentlySkippedCount":0,"silentlySkippedDurationMs":0}
[18:13:58.366] INFO: txe:top_level_context Created block 7 with timestamp 1789492537
[billboard_test] Testing test_withdraw_no_posts_too_early ... [0m[32mok[0m
[18:13:58.843] INFO: kv-store:lmdb-v2 Starting data store with maxReaders 2
[18:13:58.843] INFO: world-state:database Creating world state data store at directory /var/folders/ym/q1vh2x5n58xbsmpmvs5_6w3r0000gn/T/aztec-world-state-W1OtNO/world_state with map sizes {"archiveTreeMapSizeKb":10485760,"nullifierTreeMapSizeKb":10485760,"noteHashTreeMapSizeKb":10485760,"messageTreeMapSizeKb":10485760,"publicDataTreeMapSizeKb":10485760} and 2 threads (ephemeral=true).
[18:13:58.853] INFO: txe_node Aztec Node version: txe
[18:13:58.853] INFO: txe_node Aztec Node started on chain 0x1
[18:13:58.865] INFO: txe:top_level_context Created block 1 with timestamp 1789492438
[18:13:58.901] INFO: txe:top_level_context Created block 2 with timestamp 1789492438
[18:13:58.966] INFO: simulator:public-processor Processed 1 successful txs and 0 failed txs (0 silently skipped, 0ms wasted) in 0.03716762500000186s {"blockNumber":3,"successfulCount":1,"failedCount":0,"duration":0.03716762500000186,"rate":87069055.39430723,"totalPublicGas":{"daGas":4000,"l2Gas":3236150},"totalBlockGas":{"daGas":4000,"l2Gas":3236150},"totalSizeInBytes":4128,"silentlySkippedCount":0,"silentlySkippedDurationMs":0}
[18:13:59.083] INFO: simulator:public-processor Processed 1 successful txs and 0 failed txs (0 silently skipped, 0ms wasted) in 0.013618499999982304s {"blockNumber":4,"successfulCount":1,"failedCount":0,"duration":0.013618499999982304,"rate":83752248.77934295,"totalPublicGas":{"daGas":192,"l2Gas":1140580},"totalBlockGas":{"daGas":320,"l2Gas":1731380},"totalSizeInBytes":320,"silentlySkippedCount":0,"silentlySkippedDurationMs":0}
[18:13:59.112] INFO: txe:top_level_context Created block 5 with timestamp 1789492438
[18:13:59.271] INFO: simulator:public-processor Processed 1 successful txs and 0 failed txs (0 silently skipped, 0ms wasted) in 0.0037759579999838023s {"blockNumber":6,"successfulCount":1,"failedCount":0,"duration":0.0037759579999838023,"rate":0,"totalPublicGas":{"daGas":0,"l2Gas":0},"totalBlockGas":{"daGas":1984,"l2Gas":529900},"totalSizeInBytes":1984,"silentlySkippedCount":0,"silentlySkippedDurationMs":0}
[18:13:59.299] INFO: txe:top_level_context Created block 7 with timestamp 1789496039
[18:13:59.909] INFO: simulator:public-processor Processed 1 successful txs and 0 failed txs (0 silently skipped, 0ms wasted) in 0.029636291000002528s {"blockNumber":8,"successfulCount":1,"failedCount":0,"duration":0.029636291000002528,"rate":65712237.74256481,"totalPublicGas":{"daGas":2368,"l2Gas":1947467},"totalBlockGas":{"daGas":3744,"l2Gas":2674217},"totalSizeInBytes":3744,"silentlySkippedCount":0,"silentlySkippedDurationMs":0}
[18:13:59.939] INFO: txe:top_level_context Created block 9 with timestamp 1789499640
[18:14:00.566] INFO: kv-store:lmdb-v2 Starting data store with maxReaders 2
[18:14:00.568] INFO: world-state:database Creating world state data store at directory /var/folders/ym/q1vh2x5n58xbsmpmvs5_6w3r0000gn/T/aztec-world-state-eAzylU/world_state with map sizes {"archiveTreeMapSizeKb":10485760,"nullifierTreeMapSizeKb":10485760,"noteHashTreeMapSizeKb":10485760,"messageTreeMapSizeKb":10485760,"publicDataTreeMapSizeKb":10485760} and 2 threads (ephemeral=true).
[18:14:00.577] INFO: txe_node Aztec Node version: txe
[18:14:00.577] INFO: txe_node Aztec Node started on chain 0x1
[18:14:00.589] INFO: simulator:public-processor Processed 1 successful txs and 0 failed txs (0 silently skipped, 0ms wasted) in 0.004456582999991952s {"blockNumber":10,"successfulCount":1,"failedCount":0,"duration":0.004456582999991952,"rate":0,"totalPublicGas":{"daGas":0,"l2Gas":0},"totalBlockGas":{"daGas":1440,"l2Gas":527400},"totalSizeInBytes":1440,"silentlySkippedCount":0,"silentlySkippedDurationMs":0}
[18:14:00.592] INFO: txe:top_level_context Created block 1 with timestamp 1789492440
[18:14:00.706] INFO: txe:top_level_context Created block 2 with timestamp 1789492440
[18:14:00.799] INFO: simulator:public-processor Processed 1 successful txs and 0 failed txs (0 silently skipped, 0ms wasted) in 0.03953554199999781s {"blockNumber":3,"successfulCount":1,"failedCount":0,"duration":0.03953554199999781,"rate":81854195.90302263,"totalPublicGas":{"daGas":4000,"l2Gas":3236150},"totalBlockGas":{"daGas":4000,"l2Gas":3236150},"totalSizeInBytes":4128,"silentlySkippedCount":0,"silentlySkippedDurationMs":0}
[18:14:00.971] INFO: simulator:public-processor Processed 1 successful txs and 0 failed txs (0 silently skipped, 0ms wasted) in 0.017130292000016197s {"blockNumber":4,"successfulCount":1,"failedCount":0,"duration":0.017130292000016197,"rate":66582636.186173685,"totalPublicGas":{"daGas":192,"l2Gas":1140580},"totalBlockGas":{"daGas":320,"l2Gas":1731380},"totalSizeInBytes":320,"silentlySkippedCount":0,"silentlySkippedDurationMs":0}
[18:14:00.997] INFO: txe:top_level_context Created block 11 with timestamp 1789503238
[18:14:01.001] INFO: txe:top_level_context Created block 5 with timestamp 1789492440
[18:14:01.186] INFO: simulator:public-processor Processed 1 successful txs and 0 failed txs (0 silently skipped, 0ms wasted) in 0.013062917000002927s {"blockNumber":12,"successfulCount":1,"failedCount":0,"duration":0.013062917000002927,"rate":0,"totalPublicGas":{"daGas":0,"l2Gas":0},"totalBlockGas":{"daGas":256,"l2Gas":477200},"totalSizeInBytes":256,"silentlySkippedCount":0,"silentlySkippedDurationMs":0}
[18:14:01.333] INFO: simulator:public-processor Processed 1 successful txs and 0 failed txs (0 silently skipped, 0ms wasted) in 0.0038420829999959096s {"blockNumber":6,"successfulCount":1,"failedCount":0,"duration":0.0038420829999959096,"rate":0,"totalPublicGas":{"daGas":0,"l2Gas":0},"totalBlockGas":{"daGas":1984,"l2Gas":529900},"totalSizeInBytes":1984,"silentlySkippedCount":0,"silentlySkippedDurationMs":0}
[18:14:01.363] INFO: txe:top_level_context Created block 7 with timestamp 1789496041
[billboard_test] Testing test_withdraw_succeeds_after_dummy_post ... [0m[32mok[0m
[billboard_test] Testing test_withdraw_unscreened_real_posts ... [0m[32mok[0m
[18:14:02.019] INFO: simulator:public-processor Processed 1 successful txs and 0 failed txs (0 silently skipped, 0ms wasted) in 0.027763375000009548s {"blockNumber":8,"successfulCount":1,"failedCount":0,"duration":0.027763375000009548,"rate":70145182.27698651,"totalPublicGas":{"daGas":2368,"l2Gas":1947467},"totalBlockGas":{"daGas":3744,"l2Gas":2674217},"totalSizeInBytes":3744,"silentlySkippedCount":0,"silentlySkippedDurationMs":0}
[billboard_test] Testing c01::c01_binding_rejects_direct_nonself_public_call ... [0m[32mok[0m
[billboard_test] Testing c01::c01_binding_rejects_second_binding ... [0m[32mok[0m
[18:14:03.543] INFO: kv-store:lmdb-v2 Starting data store with maxReaders 2
[18:14:03.544] INFO: world-state:database Creating world state data store at directory /var/folders/ym/q1vh2x5n58xbsmpmvs5_6w3r0000gn/T/aztec-world-state-fpImIa/world_state with map sizes {"archiveTreeMapSizeKb":10485760,"nullifierTreeMapSizeKb":10485760,"noteHashTreeMapSizeKb":10485760,"messageTreeMapSizeKb":10485760,"publicDataTreeMapSizeKb":10485760} and 2 threads (ephemeral=true).
[18:14:03.555] INFO: txe_node Aztec Node version: txe
[18:14:03.555] INFO: txe_node Aztec Node started on chain 0x1
[18:14:03.567] INFO: txe:top_level_context Created block 1 with timestamp 1789492443
[18:14:03.609] INFO: txe:top_level_context Created block 2 with timestamp 1789492443
[18:14:03.679] INFO: simulator:public-processor Processed 1 successful txs and 0 failed txs (0 silently skipped, 0ms wasted) in 0.03829062499999418s {"blockNumber":3,"successfulCount":1,"failedCount":0,"duration":0.03829062499999418,"rate":84515465.60027401,"totalPublicGas":{"daGas":4000,"l2Gas":3236150},"totalBlockGas":{"daGas":4000,"l2Gas":3236150},"totalSizeInBytes":4128,"silentlySkippedCount":0,"silentlySkippedDurationMs":0}
[18:14:03.710] INFO: simulator:public-processor Processed 1 successful txs and 0 failed txs (0 silently skipped, 0ms wasted) in 0.004696957999985898s {"blockNumber":4,"successfulCount":1,"failedCount":0,"duration":0.004696957999985898,"rate":2266147.5789291617,"totalPublicGas":{"daGas":0,"l2Gas":10644},"totalBlockGas":{"daGas":0,"l2Gas":10644},"totalSizeInBytes":128,"silentlySkippedCount":0,"silentlySkippedDurationMs":0}
[18:14:03.725] INFO: simulator:public-processor Processed 1 successful txs and 0 failed txs (0 silently skipped, 0ms wasted) in 0.004314375000016298s {"blockNumber":4,"successfulCount":1,"failedCount":0,"duration":0.004314375000016298,"rate":893524.5545381283,"totalPublicGas":{"daGas":0,"l2Gas":3855},"totalBlockGas":{"daGas":0,"l2Gas":3855},"totalSizeInBytes":128,"silentlySkippedCount":0,"silentlySkippedDurationMs":0}
[18:14:03.727] WARN: txe:top_level_context Could not find function artifact in contract Billboard for function '0x5b6267a4' when enriching error callstack
[18:14:04.071] INFO: kv-store:lmdb-v2 Starting data store with maxReaders 2
[18:14:04.072] INFO: world-state:database Creating world state data store at directory /var/folders/ym/q1vh2x5n58xbsmpmvs5_6w3r0000gn/T/aztec-world-state-drUTuJ/world_state with map sizes {"archiveTreeMapSizeKb":10485760,"nullifierTreeMapSizeKb":10485760,"noteHashTreeMapSizeKb":10485760,"messageTreeMapSizeKb":10485760,"publicDataTreeMapSizeKb":10485760} and 2 threads (ephemeral=true).
[18:14:04.081] INFO: txe_node Aztec Node version: txe
[18:14:04.081] INFO: txe_node Aztec Node started on chain 0x1
[18:14:04.093] INFO: txe:top_level_context Created block 1 with timestamp 1789492444
[18:14:04.126] INFO: txe:top_level_context Created block 2 with timestamp 1789492444
[18:14:04.192] INFO: simulator:public-processor Processed 1 successful txs and 0 failed txs (0 silently skipped, 0ms wasted) in 0.037785291000007416s {"blockNumber":3,"successfulCount":1,"failedCount":0,"duration":0.037785291000007416,"rate":85645760.93907455,"totalPublicGas":{"daGas":4000,"l2Gas":3236150},"totalBlockGas":{"daGas":4000,"l2Gas":3236150},"totalSizeInBytes":4128,"silentlySkippedCount":0,"silentlySkippedDurationMs":0}
[18:14:04.303] INFO: simulator:public-processor Processed 1 successful txs and 0 failed txs (0 silently skipped, 0ms wasted) in 0.013732125000009546s {"blockNumber":4,"successfulCount":1,"failedCount":0,"duration":0.013732125000009546,"rate":83059249.75189252,"totalPublicGas":{"daGas":192,"l2Gas":1140580},"totalBlockGas":{"daGas":320,"l2Gas":1731380},"totalSizeInBytes":320,"silentlySkippedCount":0,"silentlySkippedDurationMs":0}
[18:14:04.338] INFO: simulator:public-processor Processed 1 successful txs and 0 failed txs (0 silently skipped, 0ms wasted) in 0.0065386250000156s {"blockNumber":5,"successfulCount":1,"failedCount":0,"duration":0.0065386250000156,"rate":1627865.1857194144,"totalPublicGas":{"daGas":0,"l2Gas":10644},"totalBlockGas":{"daGas":0,"l2Gas":10644},"totalSizeInBytes":128,"silentlySkippedCount":0,"silentlySkippedDurationMs":0}
[18:14:04.354] INFO: simulator:public-processor Processed 1 successful txs and 0 failed txs (0 silently skipped, 0ms wasted) in 0.004584875000000465s {"blockNumber":5,"successfulCount":1,"failedCount":0,"duration":0.004584875000000465,"rate":2586548.161072831,"totalPublicGas":{"daGas":0,"l2Gas":11859},"totalBlockGas":{"daGas":0,"l2Gas":11859},"totalSizeInBytes":128,"silentlySkippedCount":0,"silentlySkippedDurationMs":0}
[18:14:04.433] INFO: simulator:public-processor Processed 1 successful txs and 0 failed txs (0 silently skipped, 0ms wasted) in 0.004382791000010911s {"blockNumber":5,"successfulCount":1,"failedCount":0,"duration":0.004382791000010911,"rate":1342295.3547146907,"totalPublicGas":{"daGas":0,"l2Gas":5883},"totalBlockGas":{"daGas":128,"l2Gas":596683},"totalSizeInBytes":128,"silentlySkippedCount":0,"silentlySkippedDurationMs":0}
[18:14:04.434] WARN: txe:top_level_context Could not find function artifact in contract Billboard for function '0x5b6267a4' when enriching error callstack
[billboard_test] Testing c01::c01_binding_rejects_unauthorized_private_caller ... [0m[32mok[0m
[18:14:05.572] INFO: kv-store:lmdb-v2 Starting data store with maxReaders 2
[18:14:05.574] INFO: world-state:database Creating world state data store at directory /var/folders/ym/q1vh2x5n58xbsmpmvs5_6w3r0000gn/T/aztec-world-state-o5iVN6/world_state with map sizes {"archiveTreeMapSizeKb":10485760,"nullifierTreeMapSizeKb":10485760,"noteHashTreeMapSizeKb":10485760,"messageTreeMapSizeKb":10485760,"publicDataTreeMapSizeKb":10485760} and 2 threads (ephemeral=true).
[18:14:05.583] INFO: txe_node Aztec Node version: txe
[18:14:05.583] INFO: txe_node Aztec Node started on chain 0x1
[18:14:05.595] INFO: txe:top_level_context Created block 1 with timestamp 1789492445
[18:14:05.629] INFO: txe:top_level_context Created block 2 with timestamp 1789492445
[18:14:05.695] INFO: simulator:public-processor Processed 1 successful txs and 0 failed txs (0 silently skipped, 0ms wasted) in 0.038582624999980906s {"blockNumber":3,"successfulCount":1,"failedCount":0,"duration":0.038582624999980906,"rate":83875837.89339375,"totalPublicGas":{"daGas":4000,"l2Gas":3236150},"totalBlockGas":{"daGas":4000,"l2Gas":3236150},"totalSizeInBytes":4128,"silentlySkippedCount":0,"silentlySkippedDurationMs":0}
[18:14:05.729] INFO: simulator:public-processor Processed 1 successful txs and 0 failed txs (0 silently skipped, 0ms wasted) in 0.0043689159999776165s {"blockNumber":4,"successfulCount":1,"failedCount":0,"duration":0.0043689159999776165,"rate":2436302.2772821756,"totalPublicGas":{"daGas":0,"l2Gas":10644},"totalBlockGas":{"daGas":0,"l2Gas":10644},"totalSizeInBytes":128,"silentlySkippedCount":0,"silentlySkippedDurationMs":0}
[18:14:06.293] INFO: kv-store:lmdb-v2 Starting data store with maxReaders 2
[18:14:06.293] INFO: world-state:database Creating world state data store at directory /var/folders/ym/q1vh2x5n58xbsmpmvs5_6w3r0000gn/T/aztec-world-state-i5DTDo/world_state with map sizes {"archiveTreeMapSizeKb":10485760,"nullifierTreeMapSizeKb":10485760,"noteHashTreeMapSizeKb":10485760,"messageTreeMapSizeKb":10485760,"publicDataTreeMapSizeKb":10485760} and 2 threads (ephemeral=true).
[18:14:06.302] INFO: txe_node Aztec Node version: txe
[18:14:06.302] INFO: txe_node Aztec Node started on chain 0x1
[18:14:06.314] INFO: txe:top_level_context Created block 1 with timestamp 1789492446
[18:14:06.353] INFO: txe:top_level_context Created block 2 with timestamp 1789492446
[18:14:06.418] INFO: simulator:public-processor Processed 1 successful txs and 0 failed txs (0 silently skipped, 0ms wasted) in 0.03780141599997296s {"blockNumber":3,"successfulCount":1,"failedCount":0,"duration":0.03780141599997296,"rate":85609226.9136774,"totalPublicGas":{"daGas":4000,"l2Gas":3236150},"totalBlockGas":{"daGas":4000,"l2Gas":3236150},"totalSizeInBytes":4128,"silentlySkippedCount":0,"silentlySkippedDurationMs":0}
[18:14:06.448] INFO: simulator:public-processor Processed 1 successful txs and 0 failed txs (0 silently skipped, 0ms wasted) in 0.0042948750000214204s {"blockNumber":4,"successfulCount":1,"failedCount":0,"duration":0.0042948750000214204,"rate":2478302.6281200065,"totalPublicGas":{"daGas":0,"l2Gas":10644},"totalBlockGas":{"daGas":0,"l2Gas":10644},"totalSizeInBytes":128,"silentlySkippedCount":0,"silentlySkippedDurationMs":0}
[billboard_test] Testing c01::c01_binding_rejects_zero_portal ... [0m[32mok[0m
[billboard_test] Testing c01::c01_claim_delivers_exact_v1_receipt_and_initial_eligibility ... [0m[32mok[0m
[18:14:07.704] INFO: kv-store:lmdb-v2 Starting data store with maxReaders 2
[18:14:07.706] INFO: world-state:database Creating world state data store at directory /var/folders/ym/q1vh2x5n58xbsmpmvs5_6w3r0000gn/T/aztec-world-state-ykLOfe/world_state with map sizes {"archiveTreeMapSizeKb":10485760,"nullifierTreeMapSizeKb":10485760,"noteHashTreeMapSizeKb":10485760,"messageTreeMapSizeKb":10485760,"publicDataTreeMapSizeKb":10485760} and 2 threads (ephemeral=true).
[18:14:07.717] INFO: txe_node Aztec Node version: txe
[18:14:07.717] INFO: txe_node Aztec Node started on chain 0x1
[18:14:07.730] INFO: txe:top_level_context Created block 1 with timestamp 1789492447
[18:14:07.769] INFO: txe:top_level_context Created block 2 with timestamp 1789492447
[18:14:07.839] INFO: simulator:public-processor Processed 1 successful txs and 0 failed txs (0 silently skipped, 0ms wasted) in 0.03936320799999521s {"blockNumber":3,"successfulCount":1,"failedCount":0,"duration":0.03936320799999521,"rate":82212557.47245991,"totalPublicGas":{"daGas":4000,"l2Gas":3236150},"totalBlockGas":{"daGas":4000,"l2Gas":3236150},"totalSizeInBytes":4128,"silentlySkippedCount":0,"silentlySkippedDurationMs":0}
[18:14:07.963] INFO: simulator:public-processor Processed 1 successful txs and 0 failed txs (0 silently skipped, 0ms wasted) in 0.013804917000001296s {"blockNumber":4,"successfulCount":1,"failedCount":0,"duration":0.013804917000001296,"rate":82621286.31413668,"totalPublicGas":{"daGas":192,"l2Gas":1140580},"totalBlockGas":{"daGas":320,"l2Gas":1731380},"totalSizeInBytes":320,"silentlySkippedCount":0,"silentlySkippedDurationMs":0}
[18:14:07.992] INFO: txe:top_level_context Created block 5 with timestamp 1789492447
[18:14:08.172] INFO: simulator:public-processor Processed 1 successful txs and 0 failed txs (0 silently skipped, 0ms wasted) in 0.003682375000003958s {"blockNumber":6,"successfulCount":1,"failedCount":0,"duration":0.003682375000003958,"rate":0,"totalPublicGas":{"daGas":0,"l2Gas":0},"totalBlockGas":{"daGas":1984,"l2Gas":529900},"totalSizeInBytes":1984,"silentlySkippedCount":0,"silentlySkippedDurationMs":0}
[18:14:08.389] INFO: kv-store:lmdb-v2 Starting data store with maxReaders 2
[18:14:08.390] INFO: world-state:database Creating world state data store at directory /var/folders/ym/q1vh2x5n58xbsmpmvs5_6w3r0000gn/T/aztec-world-state-HULeNC/world_state with map sizes {"archiveTreeMapSizeKb":10485760,"nullifierTreeMapSizeKb":10485760,"noteHashTreeMapSizeKb":10485760,"messageTreeMapSizeKb":10485760,"publicDataTreeMapSizeKb":10485760} and 2 threads (ephemeral=true).
[18:14:08.402] INFO: txe_node Aztec Node version: txe
[18:14:08.402] INFO: txe_node Aztec Node started on chain 0x1
[18:14:08.414] INFO: txe:top_level_context Created block 1 with timestamp 1789492448
[18:14:08.453] INFO: txe:top_level_context Created block 2 with timestamp 1789492448
[18:14:08.532] INFO: simulator:public-processor Processed 1 successful txs and 0 failed txs (0 silently skipped, 0ms wasted) in 0.038971207999973556s {"blockNumber":3,"successfulCount":1,"failedCount":0,"duration":0.038971207999973556,"rate":83039509.57851231,"totalPublicGas":{"daGas":4000,"l2Gas":3236150},"totalBlockGas":{"daGas":4000,"l2Gas":3236150},"totalSizeInBytes":4128,"silentlySkippedCount":0,"silentlySkippedDurationMs":0}
[18:14:08.644] INFO: simulator:public-processor Processed 1 successful txs and 0 failed txs (0 silently skipped, 0ms wasted) in 0.013919582999980775s {"blockNumber":4,"successfulCount":1,"failedCount":0,"duration":0.013919582999980775,"rate":81940673.07918458,"totalPublicGas":{"daGas":192,"l2Gas":1140580},"totalBlockGas":{"daGas":320,"l2Gas":1731380},"totalSizeInBytes":320,"silentlySkippedCount":0,"silentlySkippedDurationMs":0}
[billboard_test] Testing c01::c01_claim_rejects_amount_above_configuration ... [0m[32mok[0m
[18:14:10.420] INFO: kv-store:lmdb-v2 Starting data store with maxReaders 2
[18:14:10.421] INFO: world-state:database Creating world state data store at directory /var/folders/ym/q1vh2x5n58xbsmpmvs5_6w3r0000gn/T/aztec-world-state-O7RLMU/world_state with map sizes {"archiveTreeMapSizeKb":10485760,"nullifierTreeMapSizeKb":10485760,"noteHashTreeMapSizeKb":10485760,"messageTreeMapSizeKb":10485760,"publicDataTreeMapSizeKb":10485760} and 2 threads (ephemeral=true).
[18:14:10.430] INFO: txe_node Aztec Node version: txe
[18:14:10.430] INFO: txe_node Aztec Node started on chain 0x1
[18:14:10.441] INFO: txe:top_level_context Created block 1 with timestamp 1789492450
[18:14:10.487] INFO: txe:top_level_context Created block 2 with timestamp 1789492450
[18:14:10.556] INFO: simulator:public-processor Processed 1 successful txs and 0 failed txs (0 silently skipped, 0ms wasted) in 0.03941462500000489s {"blockNumber":3,"successfulCount":1,"failedCount":0,"duration":0.03941462500000489,"rate":82105309.89447695,"totalPublicGas":{"daGas":4000,"l2Gas":3236150},"totalBlockGas":{"daGas":4000,"l2Gas":3236150},"totalSizeInBytes":4128,"silentlySkippedCount":0,"silentlySkippedDurationMs":0}
[18:14:10.638] INFO: kv-store:lmdb-v2 Starting data store with maxReaders 2
[18:14:10.640] INFO: world-state:database Creating world state data store at directory /var/folders/ym/q1vh2x5n58xbsmpmvs5_6w3r0000gn/T/aztec-world-state-vVjk0j/world_state with map sizes {"archiveTreeMapSizeKb":10485760,"nullifierTreeMapSizeKb":10485760,"noteHashTreeMapSizeKb":10485760,"messageTreeMapSizeKb":10485760,"publicDataTreeMapSizeKb":10485760} and 2 threads (ephemeral=true).
[18:14:10.649] INFO: txe_node Aztec Node version: txe
[18:14:10.649] INFO: txe_node Aztec Node started on chain 0x1
[18:14:10.662] INFO: txe:top_level_context Created block 1 with timestamp 1789492450
[18:14:10.686] INFO: simulator:public-processor Processed 1 successful txs and 0 failed txs (0 silently skipped, 0ms wasted) in 0.01618674999999348s {"blockNumber":4,"successfulCount":1,"failedCount":0,"duration":0.01618674999999348,"rate":70463805.27285956,"totalPublicGas":{"daGas":192,"l2Gas":1140580},"totalBlockGas":{"daGas":320,"l2Gas":1731380},"totalSizeInBytes":320,"silentlySkippedCount":0,"silentlySkippedDurationMs":0}
[18:14:10.695] INFO: txe:top_level_context Created block 2 with timestamp 1789492450
[18:14:10.714] INFO: txe:top_level_context Created block 5 with timestamp 1789492450
[18:14:10.759] INFO: simulator:public-processor Processed 1 successful txs and 0 failed txs (0 silently skipped, 0ms wasted) in 0.03721945799997775s {"blockNumber":3,"successfulCount":1,"failedCount":0,"duration":0.03721945799997775,"rate":86947800.26087254,"totalPublicGas":{"daGas":4000,"l2Gas":3236150},"totalBlockGas":{"daGas":4000,"l2Gas":3236150},"totalSizeInBytes":4128,"silentlySkippedCount":0,"silentlySkippedDurationMs":0}
[billboard_test] Testing c01::c01_claim_rejects_changed_in_range_amount ... [0m[32mok[0m
[18:14:10.904] INFO: simulator:public-processor Processed 1 successful txs and 0 failed txs (0 silently skipped, 0ms wasted) in 0.013717958000022918s {"blockNumber":4,"successfulCount":1,"failedCount":0,"duration":0.013717958000022918,"rate":83145027.85313196,"totalPublicGas":{"daGas":192,"l2Gas":1140580},"totalBlockGas":{"daGas":320,"l2Gas":1731380},"totalSizeInBytes":320,"silentlySkippedCount":0,"silentlySkippedDurationMs":0}
[18:14:10.932] INFO: txe:top_level_context Created block 5 with timestamp 1789492450
[billboard_test] Testing c01::c01_claim_rejects_changed_nonzero_depositor ... [0m[32mok[0m
[18:14:12.779] INFO: kv-store:lmdb-v2 Starting data store with maxReaders 2
[18:14:12.781] INFO: world-state:database Creating world state data store at directory /var/folders/ym/q1vh2x5n58xbsmpmvs5_6w3r0000gn/T/aztec-world-state-ABpZGI/world_state with map sizes {"archiveTreeMapSizeKb":10485760,"nullifierTreeMapSizeKb":10485760,"noteHashTreeMapSizeKb":10485760,"messageTreeMapSizeKb":10485760,"publicDataTreeMapSizeKb":10485760} and 2 threads (ephemeral=true).
[18:14:12.793] INFO: txe_node Aztec Node version: txe
[18:14:12.793] INFO: txe_node Aztec Node started on chain 0x1
[18:14:12.809] INFO: txe:top_level_context Created block 1 with timestamp 1789492452
[18:14:12.859] INFO: txe:top_level_context Created block 2 with timestamp 1789492452
[18:14:12.934] INFO: simulator:public-processor Processed 1 successful txs and 0 failed txs (0 silently skipped, 0ms wasted) in 0.044746749999991155s {"blockNumber":3,"successfulCount":1,"failedCount":0,"duration":0.044746749999991155,"rate":72321453.51339795,"totalPublicGas":{"daGas":4000,"l2Gas":3236150},"totalBlockGas":{"daGas":4000,"l2Gas":3236150},"totalSizeInBytes":4128,"silentlySkippedCount":0,"silentlySkippedDurationMs":0}
[18:14:12.938] INFO: kv-store:lmdb-v2 Starting data store with maxReaders 2
[18:14:12.939] INFO: world-state:database Creating world state data store at directory /var/folders/ym/q1vh2x5n58xbsmpmvs5_6w3r0000gn/T/aztec-world-state-xru3tk/world_state with map sizes {"archiveTreeMapSizeKb":10485760,"nullifierTreeMapSizeKb":10485760,"noteHashTreeMapSizeKb":10485760,"messageTreeMapSizeKb":10485760,"publicDataTreeMapSizeKb":10485760} and 2 threads (ephemeral=true).
[18:14:12.953] INFO: txe_node Aztec Node version: txe
[18:14:12.953] INFO: txe_node Aztec Node started on chain 0x1
[18:14:12.966] INFO: txe:top_level_context Created block 1 with timestamp 1789492452
[18:14:13.020] INFO: txe:top_level_context Created block 2 with timestamp 1789492452
[18:14:13.093] INFO: simulator:public-processor Processed 1 successful txs and 0 failed txs (0 silently skipped, 0ms wasted) in 0.014112292000005255s {"blockNumber":4,"successfulCount":1,"failedCount":0,"duration":0.014112292000005255,"rate":80821740.36645325,"totalPublicGas":{"daGas":192,"l2Gas":1140580},"totalBlockGas":{"daGas":320,"l2Gas":1731380},"totalSizeInBytes":320,"silentlySkippedCount":0,"silentlySkippedDurationMs":0}
[18:14:13.101] INFO: simulator:public-processor Processed 1 successful txs and 0 failed txs (0 silently skipped, 0ms wasted) in 0.04136804200001643s {"blockNumber":3,"successfulCount":1,"failedCount":0,"duration":0.04136804200001643,"rate":78228261.32304533,"totalPublicGas":{"daGas":4000,"l2Gas":3236150},"totalBlockGas":{"daGas":4000,"l2Gas":3236150},"totalSizeInBytes":4128,"silentlySkippedCount":0,"silentlySkippedDurationMs":0}
[18:14:13.122] INFO: txe:top_level_context Created block 5 with timestamp 1789492452
[18:14:13.130] INFO: txe:top_level_context Created block 4 with timestamp 1789492452
[billboard_test] Testing c01::c01_claim_rejects_unbound_portal ... [0m[32mok[0m
[billboard_test] Testing c01::c01_claim_rejects_changed_receipt_nonce ... [0m[32mok[0m
[billboard_test] Testing c01::c01_claim_rejects_wrong_nonzero_secret ... [0m[32mok[0m
[billboard_test] Testing c01::c01_claim_rejects_wrong_portal_origin ... [0m[32mok[0m
[18:14:15.205] INFO: kv-store:lmdb-v2 Starting data store with maxReaders 2
[18:14:15.207] INFO: world-state:database Creating world state data store at directory /var/folders/ym/q1vh2x5n58xbsmpmvs5_6w3r0000gn/T/aztec-world-state-mNAPBF/world_state with map sizes {"archiveTreeMapSizeKb":10485760,"nullifierTreeMapSizeKb":10485760,"noteHashTreeMapSizeKb":10485760,"messageTreeMapSizeKb":10485760,"publicDataTreeMapSizeKb":10485760} and 2 threads (ephemeral=true).
[18:14:15.216] INFO: txe_node Aztec Node version: txe
[18:14:15.216] INFO: txe_node Aztec Node started on chain 0x1
[18:14:15.216] INFO: kv-store:lmdb-v2 Starting data store with maxReaders 2
[18:14:15.217] INFO: world-state:database Creating world state data store at directory /var/folders/ym/q1vh2x5n58xbsmpmvs5_6w3r0000gn/T/aztec-world-state-l8Nyzx/world_state with map sizes {"archiveTreeMapSizeKb":10485760,"nullifierTreeMapSizeKb":10485760,"noteHashTreeMapSizeKb":10485760,"messageTreeMapSizeKb":10485760,"publicDataTreeMapSizeKb":10485760} and 2 threads (ephemeral=true).
[18:14:15.226] INFO: txe_node Aztec Node version: txe
[18:14:15.226] INFO: txe_node Aztec Node started on chain 0x1
[18:14:15.235] INFO: txe:top_level_context Created block 1 with timestamp 1789492455
[18:14:15.238] INFO: txe:top_level_context Created block 1 with timestamp 1789492455
[18:14:15.278] INFO: txe:top_level_context Created block 2 with timestamp 1789492455
[18:14:15.279] INFO: txe:top_level_context Created block 2 with timestamp 1789492455
[18:14:15.355] INFO: simulator:public-processor Processed 1 successful txs and 0 failed txs (0 silently skipped, 0ms wasted) in 0.04162875000000349s {"blockNumber":3,"successfulCount":1,"failedCount":0,"duration":0.04162875000000349,"rate":77738341.8911144,"totalPublicGas":{"daGas":4000,"l2Gas":3236150},"totalBlockGas":{"daGas":4000,"l2Gas":3236150},"totalSizeInBytes":4128,"silentlySkippedCount":0,"silentlySkippedDurationMs":0}
[18:14:15.361] INFO: simulator:public-processor Processed 1 successful txs and 0 failed txs (0 silently skipped, 0ms wasted) in 0.04073016600002302s {"blockNumber":3,"successfulCount":1,"failedCount":0,"duration":0.04073016600002302,"rate":79453395.79510112,"totalPublicGas":{"daGas":4000,"l2Gas":3236150},"totalBlockGas":{"daGas":4000,"l2Gas":3236150},"totalSizeInBytes":4128,"silentlySkippedCount":0,"silentlySkippedDurationMs":0}
[18:14:15.509] INFO: simulator:public-processor Processed 1 successful txs and 0 failed txs (0 silently skipped, 0ms wasted) in 0.01581720900000073s {"blockNumber":4,"successfulCount":1,"failedCount":0,"duration":0.01581720900000073,"rate":72110066.95302233,"totalPublicGas":{"daGas":192,"l2Gas":1140580},"totalBlockGas":{"daGas":320,"l2Gas":1731380},"totalSizeInBytes":320,"silentlySkippedCount":0,"silentlySkippedDurationMs":0}
[18:14:15.525] INFO: simulator:public-processor Processed 1 successful txs and 0 failed txs (0 silently skipped, 0ms wasted) in 0.01416325000001234s {"blockNumber":4,"successfulCount":1,"failedCount":0,"duration":0.01416325000001234,"rate":80530951.58237031,"totalPublicGas":{"daGas":192,"l2Gas":1140580},"totalBlockGas":{"daGas":320,"l2Gas":1731380},"totalSizeInBytes":320,"silentlySkippedCount":0,"silentlySkippedDurationMs":0}
[18:14:15.537] INFO: txe:top_level_context Created block 5 with timestamp 1789492455
[18:14:15.555] INFO: txe:top_level_context Created block 5 with timestamp 1789492455
[billboard_test] Testing c01::c01_claim_rejects_zero_secret ... [0m[32mok[0m
[billboard_test] Testing c01::c01_claim_rejects_wrong_recipient_envelope ... [0m[32mok[0m
[18:14:17.624] INFO: kv-store:lmdb-v2 Starting data store with maxReaders 2
[18:14:17.625] INFO: world-state:database Creating world state data store at directory /var/folders/ym/q1vh2x5n58xbsmpmvs5_6w3r0000gn/T/aztec-world-state-OtFaKw/world_state with map sizes {"archiveTreeMapSizeKb":10485760,"nullifierTreeMapSizeKb":10485760,"noteHashTreeMapSizeKb":10485760,"messageTreeMapSizeKb":10485760,"publicDataTreeMapSizeKb":10485760} and 2 threads (ephemeral=true).
[18:14:17.634] INFO: kv-store:lmdb-v2 Starting data store with maxReaders 2
[18:14:17.635] INFO: txe_node Aztec Node version: txe
[18:14:17.635] INFO: txe_node Aztec Node started on chain 0x1
[18:14:17.636] INFO: world-state:database Creating world state data store at directory /var/folders/ym/q1vh2x5n58xbsmpmvs5_6w3r0000gn/T/aztec-world-state-iAhJfI/world_state with map sizes {"archiveTreeMapSizeKb":10485760,"nullifierTreeMapSizeKb":10485760,"noteHashTreeMapSizeKb":10485760,"messageTreeMapSizeKb":10485760,"publicDataTreeMapSizeKb":10485760} and 2 threads (ephemeral=true).
[18:14:17.645] INFO: txe_node Aztec Node version: txe
[18:14:17.645] INFO: txe_node Aztec Node started on chain 0x1
[18:14:17.655] INFO: txe:top_level_context Created block 1 with timestamp 1789492457
[18:14:17.658] INFO: txe:top_level_context Created block 1 with timestamp 1789492457
[18:14:17.697] INFO: txe:top_level_context Created block 2 with timestamp 1789492457
[18:14:17.701] INFO: txe:top_level_context Created block 2 with timestamp 1789492457
[18:14:17.772] INFO: simulator:public-processor Processed 1 successful txs and 0 failed txs (0 silently skipped, 0ms wasted) in 0.04088408299998264s {"blockNumber":3,"successfulCount":1,"failedCount":0,"duration":0.04088408299998264,"rate":79154276.24979076,"totalPublicGas":{"daGas":4000,"l2Gas":3236150},"totalBlockGas":{"daGas":4000,"l2Gas":3236150},"totalSizeInBytes":4128,"silentlySkippedCount":0,"silentlySkippedDurationMs":0}
[18:14:17.781] INFO: simulator:public-processor Processed 1 successful txs and 0 failed txs (0 silently skipped, 0ms wasted) in 0.040534249999996975s {"blockNumber":3,"successfulCount":1,"failedCount":0,"duration":0.040534249999996975,"rate":79837421.43989938,"totalPublicGas":{"daGas":4000,"l2Gas":3236150},"totalBlockGas":{"daGas":4000,"l2Gas":3236150},"totalSizeInBytes":4128,"silentlySkippedCount":0,"silentlySkippedDurationMs":0}
[18:14:17.931] INFO: simulator:public-processor Processed 1 successful txs and 0 failed txs (0 silently skipped, 0ms wasted) in 0.01557087500000489s {"blockNumber":4,"successfulCount":1,"failedCount":0,"duration":0.01557087500000489,"rate":73250860.98242018,"totalPublicGas":{"daGas":192,"l2Gas":1140580},"totalBlockGas":{"daGas":320,"l2Gas":1731380},"totalSizeInBytes":320,"silentlySkippedCount":0,"silentlySkippedDurationMs":0}
[18:14:17.946] INFO: simulator:public-processor Processed 1 successful txs and 0 failed txs (0 silently skipped, 0ms wasted) in 0.013481291999982204s {"blockNumber":4,"successfulCount":1,"failedCount":0,"duration":0.013481291999982204,"rate":84604650.65228952,"totalPublicGas":{"daGas":192,"l2Gas":1140580},"totalBlockGas":{"daGas":320,"l2Gas":1731380},"totalSizeInBytes":320,"silentlySkippedCount":0,"silentlySkippedDurationMs":0}
[18:14:17.980] INFO: txe:top_level_context Created block 5 with timestamp 1789492457
[billboard_test] Testing c01::c01_cooldown_ceiling_and_maximum_boundaries ... [0m[32mok[0m
[18:14:20.095] INFO: kv-store:lmdb-v2 Starting data store with maxReaders 2
[18:14:20.095] INFO: world-state:database Creating world state data store at directory /var/folders/ym/q1vh2x5n58xbsmpmvs5_6w3r0000gn/T/aztec-world-state-Cs8WkQ/world_state with map sizes {"archiveTreeMapSizeKb":10485760,"nullifierTreeMapSizeKb":10485760,"noteHashTreeMapSizeKb":10485760,"messageTreeMapSizeKb":10485760,"publicDataTreeMapSizeKb":10485760} and 2 threads (ephemeral=true).
[18:14:20.105] INFO: txe_node Aztec Node version: txe
[18:14:20.105] INFO: txe_node Aztec Node started on chain 0x1
[18:14:20.116] INFO: txe:top_level_context Created block 1 with timestamp 1789492460
[18:14:20.150] INFO: txe:top_level_context Created block 2 with timestamp 1789492460
[18:14:20.216] INFO: simulator:public-processor Processed 1 successful txs and 0 failed txs (0 silently skipped, 0ms wasted) in 0.03824691600000369s {"blockNumber":3,"successfulCount":1,"failedCount":0,"duration":0.03824691600000369,"rate":84612050.81214097,"totalPublicGas":{"daGas":4000,"l2Gas":3236150},"totalBlockGas":{"daGas":4000,"l2Gas":3236150},"totalSizeInBytes":4128,"silentlySkippedCount":0,"silentlySkippedDurationMs":0}
[18:14:20.335] INFO: simulator:public-processor Processed 1 successful txs and 0 failed txs (0 silently skipped, 0ms wasted) in 0.013781500000011875s {"blockNumber":4,"successfulCount":1,"failedCount":0,"duration":0.013781500000011875,"rate":82761673.25755668,"totalPublicGas":{"daGas":192,"l2Gas":1140580},"totalBlockGas":{"daGas":320,"l2Gas":1731380},"totalSizeInBytes":320,"silentlySkippedCount":0,"silentlySkippedDurationMs":0}
[18:14:20.365] INFO: txe:top_level_context Created block 5 with timestamp 1789492460
[18:14:20.525] INFO: simulator:public-processor Processed 1 successful txs and 0 failed txs (0 silently skipped, 0ms wasted) in 0.003939958000002661s {"blockNumber":6,"successfulCount":1,"failedCount":0,"duration":0.003939958000002661,"rate":0,"totalPublicGas":{"daGas":0,"l2Gas":0},"totalBlockGas":{"daGas":1984,"l2Gas":529900},"totalSizeInBytes":1984,"silentlySkippedCount":0,"silentlySkippedDurationMs":0}
[billboard_test] Testing c01::c01_claim_replay_cannot_mint_right_for_second_owner ... [0m[32mok[0m
[billboard_test] Testing c01::c01_cooldown_rejects_above_u32 ... [0m[32mok[0m
[billboard_test] Testing c01::c01_cooldown_rejects_above_u96 ... [0m[32mok[0m
[billboard_test] Testing c01::c01_cooldown_rejects_zero_amount ... [0m[32mok[0m
[billboard_test] Testing c01::c01_frozen_claim_boundary_vector ... [0m[32mok[0m
[billboard_test] Testing c01::c01_frozen_claim_vector ... [0m[32mok[0m
[billboard_test] Testing c01::c01_frozen_config_vector ... [0m[32mok[0m
[billboard_test] Testing c01::c01_frozen_exit_vector ... [0m[32mok[0m
[billboard_test] Testing c01::c01_frozen_ready_vector ... [0m[32mok[0m
[billboard_test] Testing c01::c01_init_rejects_wrong_configured_chain ... [0m[32mok[0m
[18:14:29.190] INFO: kv-store:lmdb-v2 Starting data store with maxReaders 2
[18:14:29.192] INFO: world-state:database Creating world state data store at directory /var/folders/ym/q1vh2x5n58xbsmpmvs5_6w3r0000gn/T/aztec-world-state-lWfJrD/world_state with map sizes {"archiveTreeMapSizeKb":10485760,"nullifierTreeMapSizeKb":10485760,"noteHashTreeMapSizeKb":10485760,"messageTreeMapSizeKb":10485760,"publicDataTreeMapSizeKb":10485760} and 2 threads (ephemeral=true).
[18:14:29.202] INFO: txe_node Aztec Node version: txe
[18:14:29.202] INFO: txe_node Aztec Node started on chain 0x1
[18:14:29.215] INFO: txe:top_level_context Created block 1 with timestamp 1789492469
[18:14:29.259] INFO: txe:top_level_context Created block 2 with timestamp 1789492469
[18:14:29.294] INFO: simulator:public-processor Processed 1 successful txs and 0 failed txs (0 silently skipped, 0ms wasted) in 0.0064785829999891575s {"blockNumber":3,"successfulCount":1,"failedCount":0,"duration":0.0064785829999891575,"rate":19499634.410828944,"totalPublicGas":{"daGas":0,"l2Gas":126330},"totalBlockGas":{"daGas":0,"l2Gas":126330},"totalSizeInBytes":128,"silentlySkippedCount":0,"silentlySkippedDurationMs":0}
[18:14:29.297] WARN: txe:top_level_context Could not find function artifact in contract Billboard for function '0x8f3f1c4d' when enriching error callstack
[18:14:30.078] INFO: kv-store:lmdb-v2 Starting data store with maxReaders 2
[18:14:30.078] INFO: world-state:database Creating world state data store at directory /var/folders/ym/q1vh2x5n58xbsmpmvs5_6w3r0000gn/T/aztec-world-state-cCkKjn/world_state with map sizes {"archiveTreeMapSizeKb":10485760,"nullifierTreeMapSizeKb":10485760,"noteHashTreeMapSizeKb":10485760,"messageTreeMapSizeKb":10485760,"publicDataTreeMapSizeKb":10485760} and 2 threads (ephemeral=true).
[18:14:30.087] INFO: txe_node Aztec Node version: txe
[18:14:30.087] INFO: txe_node Aztec Node started on chain 0x1
[18:14:30.099] INFO: txe:top_level_context Created block 1 with timestamp 1789492470
[18:14:30.140] INFO: txe:top_level_context Created block 2 with timestamp 1789492470
[18:14:30.189] INFO: simulator:public-processor Processed 1 successful txs and 0 failed txs (0 silently skipped, 0ms wasted) in 0.0062733329999900885s {"blockNumber":3,"successfulCount":1,"failedCount":0,"duration":0.0062733329999900885,"rate":20143837.41468844,"totalPublicGas":{"daGas":0,"l2Gas":126369},"totalBlockGas":{"daGas":0,"l2Gas":126369},"totalSizeInBytes":128,"silentlySkippedCount":0,"silentlySkippedDurationMs":0}
[18:14:30.192] WARN: txe:top_level_context Could not find function artifact in contract Billboard for function '0x8f3f1c4d' when enriching error callstack
[billboard_test] Testing c01::c01_init_rejects_wrong_configured_rollup_version ... [0m[32mok[0m
[billboard_test] Testing c01::c01_time_rejects_horizon_crossing ... [0m[32mok[0m
[billboard_test] Testing c01::c01_time_rejects_out_of_range_anchor ... [0m[32mok[0m
[billboard_test] Testing c01::c01_utf8_rejects_hidden_suffix ... [0m[32mok[0m
[billboard_test] Testing c01::c01_utf8_rejects_noncanonical_field ... [0m[32mok[0m
[billboard_test] Testing c01::c01_utf8_rejects_nul ... [0m[32mok[0m
[billboard_test] Testing c01::c01_utf8_rejects_overlong_lead ... [0m[32mok[0m
[billboard_test] Testing c01::c01_utf8_rejects_scalar_above_unicode_maximum ... [0m[32mok[0m
[billboard_test] Testing c01::c01_utf8_rejects_surrogate ... [0m[32mok[0m
[billboard_test] Testing c01::c01_utf8_rejects_truncation ... [0m[32mok[0m
[billboard_test] Testing c01::c01_utf8_valid_scalar_and_field_crossing_controls ... [0m[32mok[0m
[billboard_test] Testing compact_note::c01_compact_asymmetric_sequences_do_not_swap ... [0m[32mok[0m
[billboard_test] Testing compact_note::c01_compact_exact_maximum_fields_and_generated_selectors ... [0m[32mok[0m
[billboard_test] Testing compact_note::c01_compact_metadata_rejects_truncation_above128 ... [0m[32mok[0m
[billboard_test] Testing compact_note::c01_compact_metadata_rejects_unused_bit96 ... [0m[32mok[0m
[18:14:46.406] INFO: kv-store:lmdb-v2 Starting data store with maxReaders 2
[18:14:46.413] INFO: world-state:database Creating world state data store at directory /var/folders/ym/q1vh2x5n58xbsmpmvs5_6w3r0000gn/T/aztec-world-state-jw1gzh/world_state with map sizes {"archiveTreeMapSizeKb":10485760,"nullifierTreeMapSizeKb":10485760,"noteHashTreeMapSizeKb":10485760,"messageTreeMapSizeKb":10485760,"publicDataTreeMapSizeKb":10485760} and 2 threads (ephemeral=true).
[18:14:46.427] INFO: txe_node Aztec Node version: txe
[18:14:46.427] INFO: txe_node Aztec Node started on chain 0x1
[18:14:46.442] INFO: txe:top_level_context Created block 1 with timestamp 1789492486
[18:14:46.488] INFO: txe:top_level_context Created block 2 with timestamp 1789492486
[18:14:46.583] INFO: simulator:public-processor Processed 1 successful txs and 0 failed txs (0 silently skipped, 0ms wasted) in 0.04224370900000213s {"blockNumber":3,"successfulCount":1,"failedCount":0,"duration":0.04224370900000213,"rate":76606672.96045992,"totalPublicGas":{"daGas":4000,"l2Gas":3236150},"totalBlockGas":{"daGas":4000,"l2Gas":3236150},"totalSizeInBytes":4128,"silentlySkippedCount":0,"silentlySkippedDurationMs":0}
[18:14:46.738] INFO: simulator:public-processor Processed 1 successful txs and 0 failed txs (0 silently skipped, 0ms wasted) in 0.014291209000017261s {"blockNumber":4,"successfulCount":1,"failedCount":0,"duration":0.014291209000017261,"rate":79809902.71702152,"totalPublicGas":{"daGas":192,"l2Gas":1140580},"totalBlockGas":{"daGas":320,"l2Gas":1731380},"totalSizeInBytes":320,"silentlySkippedCount":0,"silentlySkippedDurationMs":0}
[18:14:46.769] INFO: txe:top_level_context Created block 5 with timestamp 1789492486
[18:14:46.991] INFO: simulator:public-processor Processed 1 successful txs and 0 failed txs (0 silently skipped, 0ms wasted) in 0.005171082999993814s {"blockNumber":6,"successfulCount":1,"failedCount":0,"duration":0.005171082999993814,"rate":0,"totalPublicGas":{"daGas":0,"l2Gas":0},"totalBlockGas":{"daGas":1984,"l2Gas":529900},"totalSizeInBytes":1984,"silentlySkippedCount":0,"silentlySkippedDurationMs":0}
[18:14:47.433] INFO: txe:top_level_context Created block 7 with timestamp 1789496087
[18:14:47.565] INFO: simulator:public-processor Processed 1 successful txs and 0 failed txs (0 silently skipped, 0ms wasted) in 0.004758874999999534s {"blockNumber":8,"successfulCount":1,"failedCount":0,"duration":0.004758874999999534,"rate":0,"totalPublicGas":{"daGas":0,"l2Gas":0},"totalBlockGas":{"daGas":256,"l2Gas":477200},"totalSizeInBytes":256,"silentlySkippedCount":0,"silentlySkippedDurationMs":0}
[18:14:48.059] INFO: kv-store:lmdb-v2 Starting data store with maxReaders 2
[18:14:48.060] INFO: world-state:database Creating world state data store at directory /var/folders/ym/q1vh2x5n58xbsmpmvs5_6w3r0000gn/T/aztec-world-state-8OJCIZ/world_state with map sizes {"archiveTreeMapSizeKb":10485760,"nullifierTreeMapSizeKb":10485760,"noteHashTreeMapSizeKb":10485760,"messageTreeMapSizeKb":10485760,"publicDataTreeMapSizeKb":10485760} and 2 threads (ephemeral=true).
[18:14:48.071] INFO: txe_node Aztec Node version: txe
[18:14:48.071] INFO: txe_node Aztec Node started on chain 0x1
[18:14:48.084] INFO: txe:top_level_context Created block 1 with timestamp 1789492488
[billboard_test] Testing compact_note::c01_compact_note_lifecycle_claim_deliver_select_burn ... [0m[32mok[0m
[18:14:48.149] INFO: txe:top_level_context Created block 2 with timestamp 1789492488
[18:14:48.222] INFO: simulator:public-processor Processed 1 successful txs and 0 failed txs (0 silently skipped, 0ms wasted) in 0.04173504100000719s {"blockNumber":3,"successfulCount":1,"failedCount":0,"duration":0.04173504100000719,"rate":77540357.51395194,"totalPublicGas":{"daGas":4000,"l2Gas":3236150},"totalBlockGas":{"daGas":4000,"l2Gas":3236150},"totalSizeInBytes":4128,"silentlySkippedCount":0,"silentlySkippedDurationMs":0}
[18:14:48.361] INFO: simulator:public-processor Processed 1 successful txs and 0 failed txs (0 silently skipped, 0ms wasted) in 0.014380667000019456s {"blockNumber":4,"successfulCount":1,"failedCount":0,"duration":0.014380667000019456,"rate":79313428.2296125,"totalPublicGas":{"daGas":192,"l2Gas":1140580},"totalBlockGas":{"daGas":320,"l2Gas":1731380},"totalSizeInBytes":320,"silentlySkippedCount":0,"silentlySkippedDurationMs":0}
[18:14:48.391] INFO: txe:top_level_context Created block 5 with timestamp 1789492488
[18:14:48.562] INFO: simulator:public-processor Processed 1 successful txs and 0 failed txs (0 silently skipped, 0ms wasted) in 0.004562999999994645s {"blockNumber":6,"successfulCount":1,"failedCount":0,"duration":0.004562999999994645,"rate":0,"totalPublicGas":{"daGas":0,"l2Gas":0},"totalBlockGas":{"daGas":1984,"l2Gas":529900},"totalSizeInBytes":1984,"silentlySkippedCount":0,"silentlySkippedDurationMs":0}
[18:14:48.593] INFO: txe:top_level_context Created block 7 with timestamp 1789496089
[18:14:48.734] INFO: simulator:public-processor Processed 1 successful txs and 0 failed txs (0 silently skipped, 0ms wasted) in 0.0036093330000003332s {"blockNumber":8,"successfulCount":1,"failedCount":0,"duration":0.0036093330000003332,"rate":0,"totalPublicGas":{"daGas":0,"l2Gas":0},"totalBlockGas":{"daGas":256,"l2Gas":477200},"totalSizeInBytes":256,"silentlySkippedCount":0,"silentlySkippedDurationMs":0}
[billboard_test] Testing compact_note::c01_compact_second_burn_rejected ... [0m[32mok[0m
[billboard_test] Testing compact_note::c01_compact_sequences_reject_unused_bit192 ... [0m[32mok[0m
[18:14:51.234] INFO: kv-store:lmdb-v2 Starting data store with maxReaders 2
[18:14:51.236] INFO: world-state:database Creating world state data store at directory /var/folders/ym/q1vh2x5n58xbsmpmvs5_6w3r0000gn/T/aztec-world-state-2fISKh/world_state with map sizes {"archiveTreeMapSizeKb":10485760,"nullifierTreeMapSizeKb":10485760,"noteHashTreeMapSizeKb":10485760,"messageTreeMapSizeKb":10485760,"publicDataTreeMapSizeKb":10485760} and 2 threads (ephemeral=true).
[18:14:51.253] INFO: txe_node Aztec Node version: txe
[18:14:51.253] INFO: txe_node Aztec Node started on chain 0x1
[18:14:51.267] INFO: txe:top_level_context Created block 1 with timestamp 1789492491
[18:14:51.312] INFO: txe:top_level_context Created block 2 with timestamp 1789492491
[18:14:51.380] INFO: simulator:public-processor Processed 1 successful txs and 0 failed txs (0 silently skipped, 0ms wasted) in 0.03829991699999664s {"blockNumber":3,"successfulCount":1,"failedCount":0,"duration":0.03829991699999664,"rate":84494961.17707734,"totalPublicGas":{"daGas":4000,"l2Gas":3236150},"totalBlockGas":{"daGas":4000,"l2Gas":3236150},"totalSizeInBytes":4128,"silentlySkippedCount":0,"silentlySkippedDurationMs":0}
[18:14:51.515] INFO: simulator:public-processor Processed 1 successful txs and 0 failed txs (0 silently skipped, 0ms wasted) in 0.014876958000008017s {"blockNumber":4,"successfulCount":1,"failedCount":0,"duration":0.014876958000008017,"rate":76667555.28915155,"totalPublicGas":{"daGas":192,"l2Gas":1140580},"totalBlockGas":{"daGas":320,"l2Gas":1731380},"totalSizeInBytes":320,"silentlySkippedCount":0,"silentlySkippedDurationMs":0}
[18:14:51.546] INFO: txe:top_level_context Created block 5 with timestamp 1789492491
[18:14:51.704] INFO: simulator:public-processor Processed 1 successful txs and 0 failed txs (0 silently skipped, 0ms wasted) in 0.003777209000021685s {"blockNumber":6,"successfulCount":1,"failedCount":0,"duration":0.003777209000021685,"rate":0,"totalPublicGas":{"daGas":0,"l2Gas":0},"totalBlockGas":{"daGas":1984,"l2Gas":529900},"totalSizeInBytes":1984,"silentlySkippedCount":0,"silentlySkippedDurationMs":0}
[18:14:51.732] INFO: txe:top_level_context Created block 7 with timestamp 1789492491
[18:14:51.888] INFO: simulator:public-processor Processed 1 successful txs and 0 failed txs (0 silently skipped, 0ms wasted) in 0.0036954580000019633s {"blockNumber":8,"successfulCount":1,"failedCount":0,"duration":0.0036954580000019633,"rate":0,"totalPublicGas":{"daGas":0,"l2Gas":0},"totalBlockGas":{"daGas":832,"l2Gas":499700},"totalSizeInBytes":832,"silentlySkippedCount":0,"silentlySkippedDurationMs":0}
[18:14:52.196] INFO: txe:top_level_context Created block 9 with timestamp 1789496092
[18:14:52.317] INFO: simulator:public-processor Processed 1 successful txs and 0 failed txs (0 silently skipped, 0ms wasted) in 0.0034575000000186267s {"blockNumber":10,"successfulCount":1,"failedCount":0,"duration":0.0034575000000186267,"rate":0,"totalPublicGas":{"daGas":0,"l2Gas":0},"totalBlockGas":{"daGas":256,"l2Gas":477200},"totalSizeInBytes":256,"silentlySkippedCount":0,"silentlySkippedDurationMs":0}
[billboard_test] Testing compact_note::c01_discovery_call_preserves_page_offsets ... [0m[32mok[0m
[18:14:52.636] INFO: simulator:public-processor Processed 1 successful txs and 0 failed txs (0 silently skipped, 0ms wasted) in 0.003805541000008816s {"blockNumber":11,"successfulCount":1,"failedCount":0,"duration":0.003805541000008816,"rate":0,"totalPublicGas":{"daGas":0,"l2Gas":0},"totalBlockGas":{"daGas":256,"l2Gas":477200},"totalSizeInBytes":256,"silentlySkippedCount":0,"silentlySkippedDurationMs":0}
[billboard_test] Testing compact_note::c01_compact_two_receipts_exact_selection_and_independent_burn ... [0m[32mok[0m
[18:14:54.358] INFO: kv-store:lmdb-v2 Starting data store with maxReaders 2
[18:14:54.359] INFO: world-state:database Creating world state data store at directory /var/folders/ym/q1vh2x5n58xbsmpmvs5_6w3r0000gn/T/aztec-world-state-zayg6x/world_state with map sizes {"archiveTreeMapSizeKb":10485760,"nullifierTreeMapSizeKb":10485760,"noteHashTreeMapSizeKb":10485760,"messageTreeMapSizeKb":10485760,"publicDataTreeMapSizeKb":10485760} and 2 threads (ephemeral=true).
[18:14:54.368] INFO: txe_node Aztec Node version: txe
[18:14:54.368] INFO: txe_node Aztec Node started on chain 0x1
[18:14:54.379] INFO: txe:top_level_context Created block 1 with timestamp 1789492494
[18:14:54.415] INFO: txe:top_level_context Created block 2 with timestamp 1789492494
[18:14:54.486] INFO: simulator:public-processor Processed 1 successful txs and 0 failed txs (0 silently skipped, 0ms wasted) in 0.04428683399999864s {"blockNumber":3,"successfulCount":1,"failedCount":0,"duration":0.04428683399999864,"rate":73072507.2828665,"totalPublicGas":{"daGas":4000,"l2Gas":3236150},"totalBlockGas":{"daGas":4000,"l2Gas":3236150},"totalSizeInBytes":4128,"silentlySkippedCount":0,"silentlySkippedDurationMs":0}
[18:14:54.598] INFO: simulator:public-processor Processed 1 successful txs and 0 failed txs (0 silently skipped, 0ms wasted) in 0.01400916600000346s {"blockNumber":4,"successfulCount":1,"failedCount":0,"duration":0.01400916600000346,"rate":81416695.326454,"totalPublicGas":{"daGas":192,"l2Gas":1140580},"totalBlockGas":{"daGas":320,"l2Gas":1731380},"totalSizeInBytes":320,"silentlySkippedCount":0,"silentlySkippedDurationMs":0}
[18:14:54.625] INFO: txe:top_level_context Created block 5 with timestamp 1789492494
[18:14:54.774] INFO: simulator:public-processor Processed 1 successful txs and 0 failed txs (0 silently skipped, 0ms wasted) in 0.0037413749999832364s {"blockNumber":6,"successfulCount":1,"failedCount":0,"duration":0.0037413749999832364,"rate":0,"totalPublicGas":{"daGas":0,"l2Gas":0},"totalBlockGas":{"daGas":1984,"l2Gas":529900},"totalSizeInBytes":1984,"silentlySkippedCount":0,"silentlySkippedDurationMs":0}
[18:14:54.802] INFO: txe:top_level_context Created block 7 with timestamp 1789496095
[18:14:54.850] INFO: kv-store:lmdb-v2 Starting data store with maxReaders 2
[18:14:54.850] INFO: world-state:database Creating world state data store at directory /var/folders/ym/q1vh2x5n58xbsmpmvs5_6w3r0000gn/T/aztec-world-state-UT8uOJ/world_state with map sizes {"archiveTreeMapSizeKb":10485760,"nullifierTreeMapSizeKb":10485760,"noteHashTreeMapSizeKb":10485760,"messageTreeMapSizeKb":10485760,"publicDataTreeMapSizeKb":10485760} and 2 threads (ephemeral=true).
[18:14:54.859] INFO: txe_node Aztec Node version: txe
[18:14:54.859] INFO: txe_node Aztec Node started on chain 0x1
[18:14:54.874] INFO: txe:top_level_context Created block 1 with timestamp 1789492494
[18:14:54.923] INFO: txe:top_level_context Created block 2 with timestamp 1789492494
[18:14:55.227] INFO: simulator:public-processor Processed 1 successful txs and 0 failed txs (0 silently skipped, 0ms wasted) in 0.06567304199998034s {"blockNumber":3,"successfulCount":1,"failedCount":0,"duration":0.06567304199998034,"rate":49276687.990194954,"totalPublicGas":{"daGas":4000,"l2Gas":3236150},"totalBlockGas":{"daGas":4000,"l2Gas":3236150},"totalSizeInBytes":4128,"silentlySkippedCount":0,"silentlySkippedDurationMs":0}
[18:14:55.262] INFO: simulator:public-processor Processed 1 successful txs and 0 failed txs (0 silently skipped, 0ms wasted) in 0.02920170799997868s {"blockNumber":8,"successfulCount":1,"failedCount":0,"duration":0.02920170799997868,"rate":66690174.42409265,"totalPublicGas":{"daGas":2368,"l2Gas":1947467},"totalBlockGas":{"daGas":3744,"l2Gas":2674217},"totalSizeInBytes":3744,"silentlySkippedCount":0,"silentlySkippedDurationMs":0}
[18:14:55.454] INFO: simulator:public-processor Processed 1 successful txs and 0 failed txs (0 silently skipped, 0ms wasted) in 0.0153477080000157s {"blockNumber":4,"successfulCount":1,"failedCount":0,"duration":0.0153477080000157,"rate":74315982.55575576,"totalPublicGas":{"daGas":192,"l2Gas":1140580},"totalBlockGas":{"daGas":320,"l2Gas":1731380},"totalSizeInBytes":320,"silentlySkippedCount":0,"silentlySkippedDurationMs":0}
[18:14:55.497] INFO: txe:top_level_context Created block 5 with timestamp 1789492494
[18:14:55.700] INFO: simulator:public-processor Processed 1 successful txs and 0 failed txs (0 silently skipped, 0ms wasted) in 0.0067733749999897555s {"blockNumber":6,"successfulCount":1,"failedCount":0,"duration":0.0067733749999897555,"rate":0,"totalPublicGas":{"daGas":0,"l2Gas":0},"totalBlockGas":{"daGas":1984,"l2Gas":529900},"totalSizeInBytes":1984,"silentlySkippedCount":0,"silentlySkippedDurationMs":0}
[18:14:55.734] INFO: txe:top_level_context Created block 7 with timestamp 1789496095
[18:14:55.741] INFO: txe:top_level_context Created block 9 with timestamp 1789496095
[18:14:56.198] INFO: simulator:public-processor Processed 1 successful txs and 0 failed txs (0 silently skipped, 0ms wasted) in 0.03197899999999208s {"blockNumber":8,"successfulCount":1,"failedCount":0,"duration":0.03197899999999208,"rate":60898308.26481385,"totalPublicGas":{"daGas":2368,"l2Gas":1947467},"totalBlockGas":{"daGas":3744,"l2Gas":2674217},"totalSizeInBytes":3744,"silentlySkippedCount":0,"silentlySkippedDurationMs":0}
[18:14:56.203] INFO: simulator:public-processor Processed 1 successful txs and 0 failed txs (0 silently skipped, 0ms wasted) in 0.00354916600001161s {"blockNumber":10,"successfulCount":1,"failedCount":0,"duration":0.00354916600001161,"rate":0,"totalPublicGas":{"daGas":0,"l2Gas":0},"totalBlockGas":{"daGas":832,"l2Gas":499700},"totalSizeInBytes":832,"silentlySkippedCount":0,"silentlySkippedDurationMs":0}
[18:14:56.675] INFO: txe:top_level_context Created block 10 with timestamp 1789499696
[18:14:56.685] INFO: txe:top_level_context Created block 11 with timestamp 1789499696
[billboard_test] Testing c02::c02_head_cannot_have_duplicate_grandchild ... [0m[32mok[0m
[18:14:57.334] INFO: simulator:public-processor Processed 1 successful txs and 0 failed txs (0 silently skipped, 0ms wasted) in 0.02687766699999338s {"blockNumber":12,"successfulCount":1,"failedCount":0,"duration":0.02687766699999338,"rate":72456697.9716089,"totalPublicGas":{"daGas":2368,"l2Gas":1947467},"totalBlockGas":{"daGas":3744,"l2Gas":2674217},"totalSizeInBytes":3744,"silentlySkippedCount":0,"silentlySkippedDurationMs":0}
[billboard_test] Testing c02::c02_first_receipt_rejects_second_receipt_history ... [0m[32mok[0m
[18:14:59.180] INFO: kv-store:lmdb-v2 Starting data store with maxReaders 2
[18:14:59.181] INFO: world-state:database Creating world state data store at directory /var/folders/ym/q1vh2x5n58xbsmpmvs5_6w3r0000gn/T/aztec-world-state-uToafY/world_state with map sizes {"archiveTreeMapSizeKb":10485760,"nullifierTreeMapSizeKb":10485760,"noteHashTreeMapSizeKb":10485760,"messageTreeMapSizeKb":10485760,"publicDataTreeMapSizeKb":10485760} and 2 threads (ephemeral=true).
[18:14:59.190] INFO: txe_node Aztec Node version: txe
[18:14:59.190] INFO: txe_node Aztec Node started on chain 0x1
[18:14:59.203] INFO: txe:top_level_context Created block 1 with timestamp 1789492499
[18:14:59.240] INFO: txe:top_level_context Created block 2 with timestamp 1789492499
[18:14:59.305] INFO: simulator:public-processor Processed 1 successful txs and 0 failed txs (0 silently skipped, 0ms wasted) in 0.03801375000001281s {"blockNumber":3,"successfulCount":1,"failedCount":0,"duration":0.03801375000001281,"rate":85131038.11118108,"totalPublicGas":{"daGas":4000,"l2Gas":3236150},"totalBlockGas":{"daGas":4000,"l2Gas":3236150},"totalSizeInBytes":4128,"silentlySkippedCount":0,"silentlySkippedDurationMs":0}
[18:14:59.426] INFO: simulator:public-processor Processed 1 successful txs and 0 failed txs (0 silently skipped, 0ms wasted) in 0.013775750000000699s {"blockNumber":4,"successfulCount":1,"failedCount":0,"duration":0.013775750000000699,"rate":82796217.99175668,"totalPublicGas":{"daGas":192,"l2Gas":1140580},"totalBlockGas":{"daGas":320,"l2Gas":1731380},"totalSizeInBytes":320,"silentlySkippedCount":0,"silentlySkippedDurationMs":0}
[18:14:59.455] INFO: txe:top_level_context Created block 5 with timestamp 1789492499
[18:14:59.610] INFO: simulator:public-processor Processed 1 successful txs and 0 failed txs (0 silently skipped, 0ms wasted) in 0.004038790999999037s {"blockNumber":6,"successfulCount":1,"failedCount":0,"duration":0.004038790999999037,"rate":0,"totalPublicGas":{"daGas":0,"l2Gas":0},"totalBlockGas":{"daGas":1984,"l2Gas":529900},"totalSizeInBytes":1984,"silentlySkippedCount":0,"silentlySkippedDurationMs":0}
[18:14:59.638] INFO: txe:top_level_context Created block 7 with timestamp 1789496100
[18:14:59.997] INFO: kv-store:lmdb-v2 Starting data store with maxReaders 2
[18:14:59.998] INFO: world-state:database Creating world state data store at directory /var/folders/ym/q1vh2x5n58xbsmpmvs5_6w3r0000gn/T/aztec-world-state-eIc9Kq/world_state with map sizes {"archiveTreeMapSizeKb":10485760,"nullifierTreeMapSizeKb":10485760,"noteHashTreeMapSizeKb":10485760,"messageTreeMapSizeKb":10485760,"publicDataTreeMapSizeKb":10485760} and 2 threads (ephemeral=true).
[18:15:00.007] INFO: txe_node Aztec Node version: txe
[18:15:00.007] INFO: txe_node Aztec Node started on chain 0x1
[18:15:00.020] INFO: txe:top_level_context Created block 1 with timestamp 1789492500
[18:15:00.044] INFO: simulator:public-processor Processed 1 successful txs and 0 failed txs (0 silently skipped, 0ms wasted) in 0.028572042000014335s {"blockNumber":8,"successfulCount":1,"failedCount":0,"duration":0.028572042000014335,"rate":68159881.60730769,"totalPublicGas":{"daGas":2368,"l2Gas":1947467},"totalBlockGas":{"daGas":3744,"l2Gas":2674217},"totalSizeInBytes":3744,"silentlySkippedCount":0,"silentlySkippedDurationMs":0}
[18:15:00.057] INFO: txe:top_level_context Created block 2 with timestamp 1789492500
[18:15:00.181] INFO: simulator:public-processor Processed 1 successful txs and 0 failed txs (0 silently skipped, 0ms wasted) in 0.04878616600000532s {"blockNumber":3,"successfulCount":1,"failedCount":0,"duration":0.04878616600000532,"rate":66333353.598633826,"totalPublicGas":{"daGas":4000,"l2Gas":3236150},"totalBlockGas":{"daGas":4000,"l2Gas":3236150},"totalSizeInBytes":4128,"silentlySkippedCount":0,"silentlySkippedDurationMs":0}
[18:15:00.312] INFO: simulator:public-processor Processed 1 successful txs and 0 failed txs (0 silently skipped, 0ms wasted) in 0.01719933299999684s {"blockNumber":4,"successfulCount":1,"failedCount":0,"duration":0.01719933299999684,"rate":66315362.34574966,"totalPublicGas":{"daGas":192,"l2Gas":1140580},"totalBlockGas":{"daGas":320,"l2Gas":1731380},"totalSizeInBytes":320,"silentlySkippedCount":0,"silentlySkippedDurationMs":0}
[18:15:00.348] INFO: txe:top_level_context Created block 5 with timestamp 1789492500
[18:15:00.542] INFO: simulator:public-processor Processed 1 successful txs and 0 failed txs (0 silently skipped, 0ms wasted) in 0.005740625000005821s {"blockNumber":6,"successfulCount":1,"failedCount":0,"duration":0.005740625000005821,"rate":0,"totalPublicGas":{"daGas":0,"l2Gas":0},"totalBlockGas":{"daGas":1984,"l2Gas":529900},"totalSizeInBytes":1984,"silentlySkippedCount":0,"silentlySkippedDurationMs":0}
[18:15:00.568] INFO: txe:top_level_context Created block 9 with timestamp 1789496100
[18:15:00.571] INFO: txe:top_level_context Created block 7 with timestamp 1789496101
[18:15:00.870] INFO: txe:top_level_context Created block 12 with timestamp 1789499701
[18:15:01.019] INFO: simulator:public-processor Processed 1 successful txs and 0 failed txs (0 silently skipped, 0ms wasted) in 0.02901737499999581s {"blockNumber":8,"successfulCount":1,"failedCount":0,"duration":0.02901737499999581,"rate":67113824.04508613,"totalPublicGas":{"daGas":2368,"l2Gas":1947467},"totalBlockGas":{"daGas":3744,"l2Gas":2674217},"totalSizeInBytes":3744,"silentlySkippedCount":0,"silentlySkippedDurationMs":0}
[billboard_test] Testing c02::c02_included_foreign_contract_rejected ... [0m[32mok[0m
[18:15:01.594] INFO: txe:top_level_context Created block 11 with timestamp 1789499702
[billboard_test] Testing c02::c02_included_future_child_timestamp_rejected ... [0m[32mok[0m
[18:15:03.392] INFO: kv-store:lmdb-v2 Starting data store with maxReaders 2
[18:15:03.392] INFO: world-state:database Creating world state data store at directory /var/folders/ym/q1vh2x5n58xbsmpmvs5_6w3r0000gn/T/aztec-world-state-Wtivq6/world_state with map sizes {"archiveTreeMapSizeKb":10485760,"nullifierTreeMapSizeKb":10485760,"noteHashTreeMapSizeKb":10485760,"messageTreeMapSizeKb":10485760,"publicDataTreeMapSizeKb":10485760} and 2 threads (ephemeral=true).
[18:15:03.401] INFO: txe_node Aztec Node version: txe
[18:15:03.401] INFO: txe_node Aztec Node started on chain 0x1
[18:15:03.413] INFO: txe:top_level_context Created block 1 with timestamp 1789492503
[18:15:03.449] INFO: txe:top_level_context Created block 2 with timestamp 1789492503
[18:15:03.514] INFO: simulator:public-processor Processed 1 successful txs and 0 failed txs (0 silently skipped, 0ms wasted) in 0.03758012499997858s {"blockNumber":3,"successfulCount":1,"failedCount":0,"duration":0.03758012499997858,"rate":86113337.83487535,"totalPublicGas":{"daGas":4000,"l2Gas":3236150},"totalBlockGas":{"daGas":4000,"l2Gas":3236150},"totalSizeInBytes":4128,"silentlySkippedCount":0,"silentlySkippedDurationMs":0}
[18:15:03.643] INFO: simulator:public-processor Processed 1 successful txs and 0 failed txs (0 silently skipped, 0ms wasted) in 0.014015332999988458s {"blockNumber":4,"successfulCount":1,"failedCount":0,"duration":0.014015332999988458,"rate":81380870.50810274,"totalPublicGas":{"daGas":192,"l2Gas":1140580},"totalBlockGas":{"daGas":320,"l2Gas":1731380},"totalSizeInBytes":320,"silentlySkippedCount":0,"silentlySkippedDurationMs":0}
[18:15:03.671] INFO: txe:top_level_context Created block 5 with timestamp 1789492503
[18:15:03.821] INFO: simulator:public-processor Processed 1 successful txs and 0 failed txs (0 silently skipped, 0ms wasted) in 0.003807708000007551s {"blockNumber":6,"successfulCount":1,"failedCount":0,"duration":0.003807708000007551,"rate":0,"totalPublicGas":{"daGas":0,"l2Gas":0},"totalBlockGas":{"daGas":1984,"l2Gas":529900},"totalSizeInBytes":1984,"silentlySkippedCount":0,"silentlySkippedDurationMs":0}
[18:15:03.850] INFO: txe:top_level_context Created block 7 with timestamp 1789494304
[18:15:03.886] INFO: kv-store:lmdb-v2 Starting data store with maxReaders 2
[18:15:03.887] INFO: world-state:database Creating world state data store at directory /var/folders/ym/q1vh2x5n58xbsmpmvs5_6w3r0000gn/T/aztec-world-state-4HXKbB/world_state with map sizes {"archiveTreeMapSizeKb":10485760,"nullifierTreeMapSizeKb":10485760,"noteHashTreeMapSizeKb":10485760,"messageTreeMapSizeKb":10485760,"publicDataTreeMapSizeKb":10485760} and 2 threads (ephemeral=true).
[18:15:03.899] INFO: txe_node Aztec Node version: txe
[18:15:03.899] INFO: txe_node Aztec Node started on chain 0x1
[18:15:03.911] INFO: txe:top_level_context Created block 1 with timestamp 1789492503
[18:15:03.967] INFO: txe:top_level_context Created block 2 with timestamp 1789492503
[18:15:04.254] INFO: simulator:public-processor Processed 1 successful txs and 0 failed txs (0 silently skipped, 0ms wasted) in 0.0865276249999879s {"blockNumber":3,"successfulCount":1,"failedCount":0,"duration":0.0865276249999879,"rate":37400194.44657648,"totalPublicGas":{"daGas":4000,"l2Gas":3236150},"totalBlockGas":{"daGas":4000,"l2Gas":3236150},"totalSizeInBytes":4128,"silentlySkippedCount":0,"silentlySkippedDurationMs":0}
[18:15:04.292] INFO: simulator:public-processor Processed 1 successful txs and 0 failed txs (0 silently skipped, 0ms wasted) in 0.028687459000007947s {"blockNumber":8,"successfulCount":1,"failedCount":0,"duration":0.028687459000007947,"rate":67885656.93460199,"totalPublicGas":{"daGas":2368,"l2Gas":1947467},"totalBlockGas":{"daGas":3744,"l2Gas":2674217},"totalSizeInBytes":3744,"silentlySkippedCount":0,"silentlySkippedDurationMs":0}
[18:15:04.475] INFO: simulator:public-processor Processed 1 successful txs and 0 failed txs (0 silently skipped, 0ms wasted) in 0.013594458000006852s {"blockNumber":4,"successfulCount":1,"failedCount":0,"duration":0.013594458000006852,"rate":83900365.86963783,"totalPublicGas":{"daGas":192,"l2Gas":1140580},"totalBlockGas":{"daGas":320,"l2Gas":1731380},"totalSizeInBytes":320,"silentlySkippedCount":0,"silentlySkippedDurationMs":0}
[18:15:04.515] INFO: txe:top_level_context Created block 5 with timestamp 1789492503
[18:15:04.691] INFO: simulator:public-processor Processed 1 successful txs and 0 failed txs (0 silently skipped, 0ms wasted) in 0.0055742499999760185s {"blockNumber":6,"successfulCount":1,"failedCount":0,"duration":0.0055742499999760185,"rate":0,"totalPublicGas":{"daGas":0,"l2Gas":0},"totalBlockGas":{"daGas":1984,"l2Gas":529900},"totalSizeInBytes":1984,"silentlySkippedCount":0,"silentlySkippedDurationMs":0}
[18:15:04.722] INFO: txe:top_level_context Created block 7 with timestamp 1789494304
[18:15:04.724] INFO: txe:top_level_context Created block 9 with timestamp 1789496103
[18:15:05.327] INFO: simulator:public-processor Processed 1 successful txs and 0 failed txs (0 silently skipped, 0ms wasted) in 0.08839758399999119s {"blockNumber":8,"successfulCount":1,"failedCount":0,"duration":0.08839758399999119,"rate":22030771.79123124,"totalPublicGas":{"daGas":2368,"l2Gas":1947467},"totalBlockGas":{"daGas":3744,"l2Gas":2674217},"totalSizeInBytes":3744,"silentlySkippedCount":0,"silentlySkippedDurationMs":0}
[18:15:05.442] INFO: simulator:public-processor Processed 1 successful txs and 0 failed txs (0 silently skipped, 0ms wasted) in 0.05392279099998996s {"blockNumber":10,"successfulCount":1,"failedCount":0,"duration":0.05392279099998996,"rate":36115842.00084084,"totalPublicGas":{"daGas":2368,"l2Gas":1947467},"totalBlockGas":{"daGas":3744,"l2Gas":2674217},"totalSizeInBytes":3744,"silentlySkippedCount":0,"silentlySkippedDurationMs":0}
[18:15:05.817] INFO: txe:top_level_context Created block 9 with timestamp 1789496103
[18:15:06.206] INFO: txe:top_level_context Created block 14 with timestamp 1789499705
[18:15:06.228] INFO: simulator:public-processor Processed 1 successful txs and 0 failed txs (0 silently skipped, 0ms wasted) in 0.03297774999999092s {"blockNumber":10,"successfulCount":1,"failedCount":0,"duration":0.03297774999999092,"rate":59053968.20585202,"totalPublicGas":{"daGas":2368,"l2Gas":1947467},"totalBlockGas":{"daGas":3744,"l2Gas":2674217},"totalSizeInBytes":3744,"silentlySkippedCount":0,"silentlySkippedDurationMs":0}
[billboard_test] Testing c02::c02_included_grandchild_cannot_precede_child_time ... [0m[32mok[0m
[18:15:06.834] INFO: txe:top_level_context Created block 14 with timestamp 1789499705
[billboard_test] Testing c02::c02_included_grandchild_sequence_gap_rejected ... [0m[32mok[0m
[18:15:08.615] INFO: kv-store:lmdb-v2 Starting data store with maxReaders 2
[18:15:08.615] INFO: world-state:database Creating world state data store at directory /var/folders/ym/q1vh2x5n58xbsmpmvs5_6w3r0000gn/T/aztec-world-state-rFjyrx/world_state with map sizes {"archiveTreeMapSizeKb":10485760,"nullifierTreeMapSizeKb":10485760,"noteHashTreeMapSizeKb":10485760,"messageTreeMapSizeKb":10485760,"publicDataTreeMapSizeKb":10485760} and 2 threads (ephemeral=true).
[18:15:08.624] INFO: txe_node Aztec Node version: txe
[18:15:08.624] INFO: txe_node Aztec Node started on chain 0x1
[18:15:08.636] INFO: txe:top_level_context Created block 1 with timestamp 1789492508
[18:15:08.671] INFO: txe:top_level_context Created block 2 with timestamp 1789492508
[18:15:08.735] INFO: simulator:public-processor Processed 1 successful txs and 0 failed txs (0 silently skipped, 0ms wasted) in 0.037338625000003955s {"blockNumber":3,"successfulCount":1,"failedCount":0,"duration":0.037338625000003955,"rate":86670304.54387802,"totalPublicGas":{"daGas":4000,"l2Gas":3236150},"totalBlockGas":{"daGas":4000,"l2Gas":3236150},"totalSizeInBytes":4128,"silentlySkippedCount":0,"silentlySkippedDurationMs":0}
[18:15:08.853] INFO: simulator:public-processor Processed 1 successful txs and 0 failed txs (0 silently skipped, 0ms wasted) in 0.013708958000002894s {"blockNumber":4,"successfulCount":1,"failedCount":0,"duration":0.013708958000002894,"rate":83199612.98296772,"totalPublicGas":{"daGas":192,"l2Gas":1140580},"totalBlockGas":{"daGas":320,"l2Gas":1731380},"totalSizeInBytes":320,"silentlySkippedCount":0,"silentlySkippedDurationMs":0}
[18:15:08.881] INFO: txe:top_level_context Created block 5 with timestamp 1789492508
[18:15:09.032] INFO: simulator:public-processor Processed 1 successful txs and 0 failed txs (0 silently skipped, 0ms wasted) in 0.004062959000002593s {"blockNumber":6,"successfulCount":1,"failedCount":0,"duration":0.004062959000002593,"rate":0,"totalPublicGas":{"daGas":0,"l2Gas":0},"totalBlockGas":{"daGas":1984,"l2Gas":529900},"totalSizeInBytes":1984,"silentlySkippedCount":0,"silentlySkippedDurationMs":0}
[18:15:09.061] INFO: txe:top_level_context Created block 7 with timestamp 1789496109
[18:15:09.128] INFO: kv-store:lmdb-v2 Starting data store with maxReaders 2
[18:15:09.128] INFO: world-state:database Creating world state data store at directory /var/folders/ym/q1vh2x5n58xbsmpmvs5_6w3r0000gn/T/aztec-world-state-2vRGDc/world_state with map sizes {"archiveTreeMapSizeKb":10485760,"nullifierTreeMapSizeKb":10485760,"noteHashTreeMapSizeKb":10485760,"messageTreeMapSizeKb":10485760,"publicDataTreeMapSizeKb":10485760} and 2 threads (ephemeral=true).
[18:15:09.138] INFO: txe_node Aztec Node version: txe
[18:15:09.138] INFO: txe_node Aztec Node started on chain 0x1
[18:15:09.154] INFO: txe:top_level_context Created block 1 with timestamp 1789492509
[18:15:09.391] INFO: txe:top_level_context Created block 2 with timestamp 1789492509
[18:15:09.484] INFO: simulator:public-processor Processed 1 successful txs and 0 failed txs (0 silently skipped, 0ms wasted) in 0.028900666999979875s {"blockNumber":8,"successfulCount":1,"failedCount":0,"duration":0.028900666999979875,"rate":67384846.16986023,"totalPublicGas":{"daGas":2368,"l2Gas":1947467},"totalBlockGas":{"daGas":3744,"l2Gas":2674217},"totalSizeInBytes":3744,"silentlySkippedCount":0,"silentlySkippedDurationMs":0}
[18:15:09.536] INFO: simulator:public-processor Processed 1 successful txs and 0 failed txs (0 silently skipped, 0ms wasted) in 0.06668687499998487s {"blockNumber":3,"successfulCount":1,"failedCount":0,"duration":0.06668687499998487,"rate":48527540.089421414,"totalPublicGas":{"daGas":4000,"l2Gas":3236150},"totalBlockGas":{"daGas":4000,"l2Gas":3236150},"totalSizeInBytes":4128,"silentlySkippedCount":0,"silentlySkippedDurationMs":0}
[18:15:09.718] INFO: simulator:public-processor Processed 1 successful txs and 0 failed txs (0 silently skipped, 0ms wasted) in 0.014826667000015732s {"blockNumber":4,"successfulCount":1,"failedCount":0,"duration":0.014826667000015732,"rate":76927606.18409988,"totalPublicGas":{"daGas":192,"l2Gas":1140580},"totalBlockGas":{"daGas":320,"l2Gas":1731380},"totalSizeInBytes":320,"silentlySkippedCount":0,"silentlySkippedDurationMs":0}
[18:15:09.754] INFO: txe:top_level_context Created block 5 with timestamp 1789492509
[18:15:09.946] INFO: simulator:public-processor Processed 1 successful txs and 0 failed txs (0 silently skipped, 0ms wasted) in 0.004966041000006954s {"blockNumber":6,"successfulCount":1,"failedCount":0,"duration":0.004966041000006954,"rate":0,"totalPublicGas":{"daGas":0,"l2Gas":0},"totalBlockGas":{"daGas":1984,"l2Gas":529900},"totalSizeInBytes":1984,"silentlySkippedCount":0,"silentlySkippedDurationMs":0}
[18:15:09.974] INFO: txe:top_level_context Created block 7 with timestamp 1789496110
[18:15:10.026] INFO: txe:top_level_context Created block 11 with timestamp 1789499710
[18:15:10.522] INFO: simulator:public-processor Processed 1 successful txs and 0 failed txs (0 silently skipped, 0ms wasted) in 0.13712808399999632s {"blockNumber":8,"successfulCount":1,"failedCount":0,"duration":0.13712808399999632,"rate":14201810.039145973,"totalPublicGas":{"daGas":2368,"l2Gas":1947467},"totalBlockGas":{"daGas":3744,"l2Gas":2674217},"totalSizeInBytes":3744,"silentlySkippedCount":0,"silentlySkippedDurationMs":0}
[billboard_test] Testing c02::c02_included_other_chain_rejected ... [0m[32mok[0m
[18:15:10.930] INFO: txe:top_level_context Created block 11 with timestamp 1789499711
[billboard_test] Testing c02::c02_included_same_content_different_head_rejected ... [0m[32mok[0m
[18:15:12.585] INFO: kv-store:lmdb-v2 Starting data store with maxReaders 2
[18:15:12.586] INFO: world-state:database Creating world state data store at directory /var/folders/ym/q1vh2x5n58xbsmpmvs5_6w3r0000gn/T/aztec-world-state-4lxBtJ/world_state with map sizes {"archiveTreeMapSizeKb":10485760,"nullifierTreeMapSizeKb":10485760,"noteHashTreeMapSizeKb":10485760,"messageTreeMapSizeKb":10485760,"publicDataTreeMapSizeKb":10485760} and 2 threads (ephemeral=true).
[18:15:12.595] INFO: txe_node Aztec Node version: txe
[18:15:12.595] INFO: txe_node Aztec Node started on chain 0x1
[18:15:12.607] INFO: txe:top_level_context Created block 1 with timestamp 1789492512
[18:15:12.643] INFO: txe:top_level_context Created block 2 with timestamp 1789492512
[18:15:12.709] INFO: simulator:public-processor Processed 1 successful txs and 0 failed txs (0 silently skipped, 0ms wasted) in 0.038282750000013036s {"blockNumber":3,"successfulCount":1,"failedCount":0,"duration":0.038282750000013036,"rate":84532850.95764798,"totalPublicGas":{"daGas":4000,"l2Gas":3236150},"totalBlockGas":{"daGas":4000,"l2Gas":3236150},"totalSizeInBytes":4128,"silentlySkippedCount":0,"silentlySkippedDurationMs":0}
[18:15:12.822] INFO: simulator:public-processor Processed 1 successful txs and 0 failed txs (0 silently skipped, 0ms wasted) in 0.014191458999994211s {"blockNumber":4,"successfulCount":1,"failedCount":0,"duration":0.014191458999994211,"rate":80370876.59559636,"totalPublicGas":{"daGas":192,"l2Gas":1140580},"totalBlockGas":{"daGas":320,"l2Gas":1731380},"totalSizeInBytes":320,"silentlySkippedCount":0,"silentlySkippedDurationMs":0}
[18:15:12.851] INFO: txe:top_level_context Created block 5 with timestamp 1789492512
[18:15:13.022] INFO: simulator:public-processor Processed 1 successful txs and 0 failed txs (0 silently skipped, 0ms wasted) in 0.003762249999999767s {"blockNumber":6,"successfulCount":1,"failedCount":0,"duration":0.003762249999999767,"rate":0,"totalPublicGas":{"daGas":0,"l2Gas":0},"totalBlockGas":{"daGas":1984,"l2Gas":529900},"totalSizeInBytes":1984,"silentlySkippedCount":0,"silentlySkippedDurationMs":0}
[18:15:13.050] INFO: txe:top_level_context Created block 7 with timestamp 1789496113
[18:15:13.320] INFO: kv-store:lmdb-v2 Starting data store with maxReaders 2
[18:15:13.323] INFO: world-state:database Creating world state data store at directory /var/folders/ym/q1vh2x5n58xbsmpmvs5_6w3r0000gn/T/aztec-world-state-LCEQep/world_state with map sizes {"archiveTreeMapSizeKb":10485760,"nullifierTreeMapSizeKb":10485760,"noteHashTreeMapSizeKb":10485760,"messageTreeMapSizeKb":10485760,"publicDataTreeMapSizeKb":10485760} and 2 threads (ephemeral=true).
[18:15:13.332] INFO: txe_node Aztec Node version: txe
[18:15:13.332] INFO: txe_node Aztec Node started on chain 0x1
[18:15:13.350] INFO: txe:top_level_context Created block 1 with timestamp 1789492513
[18:15:13.442] INFO: txe:top_level_context Created block 2 with timestamp 1789492513
[18:15:13.460] INFO: simulator:public-processor Processed 1 successful txs and 0 failed txs (0 silently skipped, 0ms wasted) in 0.0299965830000001s {"blockNumber":8,"successfulCount":1,"failedCount":0,"duration":0.0299965830000001,"rate":64922961.391968995,"totalPublicGas":{"daGas":2368,"l2Gas":1947467},"totalBlockGas":{"daGas":3744,"l2Gas":2674217},"totalSizeInBytes":3744,"silentlySkippedCount":0,"silentlySkippedDurationMs":0}
[18:15:13.522] INFO: simulator:public-processor Processed 1 successful txs and 0 failed txs (0 silently skipped, 0ms wasted) in 0.048823499999998604s {"blockNumber":3,"successfulCount":1,"failedCount":0,"duration":0.048823499999998604,"rate":66282630.29074303,"totalPublicGas":{"daGas":4000,"l2Gas":3236150},"totalBlockGas":{"daGas":4000,"l2Gas":3236150},"totalSizeInBytes":4128,"silentlySkippedCount":0,"silentlySkippedDurationMs":0}
[18:15:13.690] INFO: simulator:public-processor Processed 1 successful txs and 0 failed txs (0 silently skipped, 0ms wasted) in 0.016622207999986132s {"blockNumber":4,"successfulCount":1,"failedCount":0,"duration":0.016622207999986132,"rate":68617839.45917122,"totalPublicGas":{"daGas":192,"l2Gas":1140580},"totalBlockGas":{"daGas":320,"l2Gas":1731380},"totalSizeInBytes":320,"silentlySkippedCount":0,"silentlySkippedDurationMs":0}
[18:15:13.728] INFO: txe:top_level_context Created block 5 with timestamp 1789492513
[18:15:13.912] INFO: simulator:public-processor Processed 1 successful txs and 0 failed txs (0 silently skipped, 0ms wasted) in 0.005546333000005689s {"blockNumber":6,"successfulCount":1,"failedCount":0,"duration":0.005546333000005689,"rate":0,"totalPublicGas":{"daGas":0,"l2Gas":0},"totalBlockGas":{"daGas":1984,"l2Gas":529900},"totalSizeInBytes":1984,"silentlySkippedCount":0,"silentlySkippedDurationMs":0}
[18:15:13.941] INFO: txe:top_level_context Created block 7 with timestamp 1789496114
[18:15:14.000] INFO: txe:top_level_context Created block 11 with timestamp 1789499714
[18:15:14.369] INFO: simulator:public-processor Processed 1 successful txs and 0 failed txs (0 silently skipped, 0ms wasted) in 0.02902958299999591s {"blockNumber":8,"successfulCount":1,"failedCount":0,"duration":0.02902958299999591,"rate":67085600.230643146,"totalPublicGas":{"daGas":2368,"l2Gas":1947467},"totalBlockGas":{"daGas":3744,"l2Gas":2674217},"totalSizeInBytes":3744,"silentlySkippedCount":0,"silentlySkippedDurationMs":0}
[billboard_test] Testing c02::c02_included_sequence_gap_rejected ... [0m[32mok[0m
[18:15:14.899] INFO: txe:top_level_context Created block 11 with timestamp 1789499715
[billboard_test] Testing c02::c02_included_wrong_owner_rejected ... [0m[32mok[0m
[18:15:16.633] INFO: kv-store:lmdb-v2 Starting data store with maxReaders 2
[18:15:16.634] INFO: world-state:database Creating world state data store at directory /var/folders/ym/q1vh2x5n58xbsmpmvs5_6w3r0000gn/T/aztec-world-state-vxioEI/world_state with map sizes {"archiveTreeMapSizeKb":10485760,"nullifierTreeMapSizeKb":10485760,"noteHashTreeMapSizeKb":10485760,"messageTreeMapSizeKb":10485760,"publicDataTreeMapSizeKb":10485760} and 2 threads (ephemeral=true).
[18:15:16.642] INFO: txe_node Aztec Node version: txe
[18:15:16.642] INFO: txe_node Aztec Node started on chain 0x1
[18:15:16.654] INFO: txe:top_level_context Created block 1 with timestamp 1789492516
[18:15:16.702] INFO: txe:top_level_context Created block 2 with timestamp 1789492516
[18:15:16.766] INFO: simulator:public-processor Processed 1 successful txs and 0 failed txs (0 silently skipped, 0ms wasted) in 0.03792574999999488s {"blockNumber":3,"successfulCount":1,"failedCount":0,"duration":0.03792574999999488,"rate":85328569.63937263,"totalPublicGas":{"daGas":4000,"l2Gas":3236150},"totalBlockGas":{"daGas":4000,"l2Gas":3236150},"totalSizeInBytes":4128,"silentlySkippedCount":0,"silentlySkippedDurationMs":0}
[18:15:16.876] INFO: simulator:public-processor Processed 1 successful txs and 0 failed txs (0 silently skipped, 0ms wasted) in 0.013346457999985432s {"blockNumber":4,"successfulCount":1,"failedCount":0,"duration":0.013346457999985432,"rate":85459378.06129873,"totalPublicGas":{"daGas":192,"l2Gas":1140580},"totalBlockGas":{"daGas":320,"l2Gas":1731380},"totalSizeInBytes":320,"silentlySkippedCount":0,"silentlySkippedDurationMs":0}
[18:15:16.903] INFO: txe:top_level_context Created block 5 with timestamp 1789492516
[18:15:17.056] INFO: simulator:public-processor Processed 1 successful txs and 0 failed txs (0 silently skipped, 0ms wasted) in 0.0038041660000162664s {"blockNumber":6,"successfulCount":1,"failedCount":0,"duration":0.0038041660000162664,"rate":0,"totalPublicGas":{"daGas":0,"l2Gas":0},"totalBlockGas":{"daGas":1984,"l2Gas":529900},"totalSizeInBytes":1984,"silentlySkippedCount":0,"silentlySkippedDurationMs":0}
[18:15:17.085] INFO: txe:top_level_context Created block 7 with timestamp 1789496117
[18:15:17.302] INFO: kv-store:lmdb-v2 Starting data store with maxReaders 2
[18:15:17.359] INFO: world-state:database Creating world state data store at directory /var/folders/ym/q1vh2x5n58xbsmpmvs5_6w3r0000gn/T/aztec-world-state-QOha2d/world_state with map sizes {"archiveTreeMapSizeKb":10485760,"nullifierTreeMapSizeKb":10485760,"noteHashTreeMapSizeKb":10485760,"messageTreeMapSizeKb":10485760,"publicDataTreeMapSizeKb":10485760} and 2 threads (ephemeral=true).
[18:15:17.369] INFO: txe_node Aztec Node version: txe
[18:15:17.369] INFO: txe_node Aztec Node started on chain 0x1
[18:15:17.386] INFO: txe:top_level_context Created block 1 with timestamp 1789492517
[18:15:17.484] INFO: txe:top_level_context Created block 2 with timestamp 1789492517
[18:15:17.495] INFO: simulator:public-processor Processed 1 successful txs and 0 failed txs (0 silently skipped, 0ms wasted) in 0.027947208000026875s {"blockNumber":8,"successfulCount":1,"failedCount":0,"duration":0.027947208000026875,"rate":69683776.64051905,"totalPublicGas":{"daGas":2368,"l2Gas":1947467},"totalBlockGas":{"daGas":3744,"l2Gas":2674217},"totalSizeInBytes":3744,"silentlySkippedCount":0,"silentlySkippedDurationMs":0}
[18:15:17.580] INFO: simulator:public-processor Processed 1 successful txs and 0 failed txs (0 silently skipped, 0ms wasted) in 0.06676579199999105s {"blockNumber":3,"successfulCount":1,"failedCount":0,"duration":0.06676579199999105,"rate":48470180.65779005,"totalPublicGas":{"daGas":4000,"l2Gas":3236150},"totalBlockGas":{"daGas":4000,"l2Gas":3236150},"totalSizeInBytes":4128,"silentlySkippedCount":0,"silentlySkippedDurationMs":0}
[18:15:17.727] INFO: simulator:public-processor Processed 1 successful txs and 0 failed txs (0 silently skipped, 0ms wasted) in 0.01577225000000908s {"blockNumber":4,"successfulCount":1,"failedCount":0,"duration":0.01577225000000908,"rate":72315617.6195117,"totalPublicGas":{"daGas":192,"l2Gas":1140580},"totalBlockGas":{"daGas":320,"l2Gas":1731380},"totalSizeInBytes":320,"silentlySkippedCount":0,"silentlySkippedDurationMs":0}
[18:15:17.761] INFO: txe:top_level_context Created block 5 with timestamp 1789492517
[18:15:17.942] INFO: simulator:public-processor Processed 1 successful txs and 0 failed txs (0 silently skipped, 0ms wasted) in 0.008769041999999899s {"blockNumber":6,"successfulCount":1,"failedCount":0,"duration":0.008769041999999899,"rate":0,"totalPublicGas":{"daGas":0,"l2Gas":0},"totalBlockGas":{"daGas":1984,"l2Gas":529900},"totalSizeInBytes":1984,"silentlySkippedCount":0,"silentlySkippedDurationMs":0}
[18:15:17.972] INFO: txe:top_level_context Created block 7 with timestamp 1789496118
[18:15:18.052] INFO: txe:top_level_context Created block 11 with timestamp 1789499718
[18:15:18.406] INFO: simulator:public-processor Processed 1 successful txs and 0 failed txs (0 silently skipped, 0ms wasted) in 0.032136625000013734s {"blockNumber":8,"successfulCount":1,"failedCount":0,"duration":0.032136625000013734,"rate":60599611.81359796,"totalPublicGas":{"daGas":2368,"l2Gas":1947467},"totalBlockGas":{"daGas":3744,"l2Gas":2674217},"totalSizeInBytes":3744,"silentlySkippedCount":0,"silentlySkippedDurationMs":0}
[billboard_test] Testing c02::c02_included_wrong_schema_rejected ... [0m[32mok[0m
[18:15:18.942] INFO: txe:top_level_context Created block 11 with timestamp 1789499719
[billboard_test] Testing c02::c02_included_wrong_slot_rejected ... [0m[32mok[0m
[18:15:20.582] INFO: kv-store:lmdb-v2 Starting data store with maxReaders 2
[18:15:20.583] INFO: world-state:database Creating world state data store at directory /var/folders/ym/q1vh2x5n58xbsmpmvs5_6w3r0000gn/T/aztec-world-state-DePu1a/world_state with map sizes {"archiveTreeMapSizeKb":10485760,"nullifierTreeMapSizeKb":10485760,"noteHashTreeMapSizeKb":10485760,"messageTreeMapSizeKb":10485760,"publicDataTreeMapSizeKb":10485760} and 2 threads (ephemeral=true).
[18:15:20.592] INFO: txe_node Aztec Node version: txe
[18:15:20.592] INFO: txe_node Aztec Node started on chain 0x1
[18:15:20.605] INFO: txe:top_level_context Created block 1 with timestamp 1789492520
[18:15:20.644] INFO: txe:top_level_context Created block 2 with timestamp 1789492520
[18:15:20.713] INFO: simulator:public-processor Processed 1 successful txs and 0 failed txs (0 silently skipped, 0ms wasted) in 0.03912649999998394s {"blockNumber":3,"successfulCount":1,"failedCount":0,"duration":0.03912649999998394,"rate":82709928.05391048,"totalPublicGas":{"daGas":4000,"l2Gas":3236150},"totalBlockGas":{"daGas":4000,"l2Gas":3236150},"totalSizeInBytes":4128,"silentlySkippedCount":0,"silentlySkippedDurationMs":0}
[18:15:20.867] INFO: simulator:public-processor Processed 1 successful txs and 0 failed txs (0 silently skipped, 0ms wasted) in 0.019736874999973224s {"blockNumber":4,"successfulCount":1,"failedCount":0,"duration":0.019736874999973224,"rate":57789290.35126115,"totalPublicGas":{"daGas":192,"l2Gas":1140580},"totalBlockGas":{"daGas":320,"l2Gas":1731380},"totalSizeInBytes":320,"silentlySkippedCount":0,"silentlySkippedDurationMs":0}
[18:15:20.899] INFO: txe:top_level_context Created block 5 with timestamp 1789492520
[18:15:21.105] INFO: simulator:public-processor Processed 1 successful txs and 0 failed txs (0 silently skipped, 0ms wasted) in 0.004360250000027008s {"blockNumber":6,"successfulCount":1,"failedCount":0,"duration":0.004360250000027008,"rate":0,"totalPublicGas":{"daGas":0,"l2Gas":0},"totalBlockGas":{"daGas":1984,"l2Gas":529900},"totalSizeInBytes":1984,"silentlySkippedCount":0,"silentlySkippedDurationMs":0}
[18:15:21.134] INFO: txe:top_level_context Created block 7 with timestamp 1789494321
[18:15:21.225] INFO: kv-store:lmdb-v2 Starting data store with maxReaders 2
[18:15:21.225] INFO: world-state:database Creating world state data store at directory /var/folders/ym/q1vh2x5n58xbsmpmvs5_6w3r0000gn/T/aztec-world-state-XCK4dL/world_state with map sizes {"archiveTreeMapSizeKb":10485760,"nullifierTreeMapSizeKb":10485760,"noteHashTreeMapSizeKb":10485760,"messageTreeMapSizeKb":10485760,"publicDataTreeMapSizeKb":10485760} and 2 threads (ephemeral=true).
[18:15:21.234] INFO: txe_node Aztec Node version: txe
[18:15:21.234] INFO: txe_node Aztec Node started on chain 0x1
[18:15:21.247] INFO: txe:top_level_context Created block 1 with timestamp 1789492521
[18:15:21.523] INFO: txe:top_level_context Created block 2 with timestamp 1789492521
[18:15:21.535] INFO: simulator:public-processor Processed 1 successful txs and 0 failed txs (0 silently skipped, 0ms wasted) in 0.0050580830000108105s {"blockNumber":8,"successfulCount":1,"failedCount":0,"duration":0.0050580830000108105,"rate":0,"totalPublicGas":{"daGas":0,"l2Gas":0},"totalBlockGas":{"daGas":1440,"l2Gas":527400},"totalSizeInBytes":1440,"silentlySkippedCount":0,"silentlySkippedDurationMs":0}
[18:15:21.620] INFO: simulator:public-processor Processed 1 successful txs and 0 failed txs (0 silently skipped, 0ms wasted) in 0.0684301250000135s {"blockNumber":3,"successfulCount":1,"failedCount":0,"duration":0.0684301250000135,"rate":47291306.27774481,"totalPublicGas":{"daGas":4000,"l2Gas":3236150},"totalBlockGas":{"daGas":4000,"l2Gas":3236150},"totalSizeInBytes":4128,"silentlySkippedCount":0,"silentlySkippedDurationMs":0}
[18:15:21.773] INFO: simulator:public-processor Processed 1 successful txs and 0 failed txs (0 silently skipped, 0ms wasted) in 0.01555654200000572s {"blockNumber":4,"successfulCount":1,"failedCount":0,"duration":0.01555654200000572,"rate":73318350.56914194,"totalPublicGas":{"daGas":192,"l2Gas":1140580},"totalBlockGas":{"daGas":320,"l2Gas":1731380},"totalSizeInBytes":320,"silentlySkippedCount":0,"silentlySkippedDurationMs":0}
[18:15:21.809] INFO: txe:top_level_context Created block 5 with timestamp 1789492521
[18:15:21.993] INFO: simulator:public-processor Processed 1 successful txs and 0 failed txs (0 silently skipped, 0ms wasted) in 0.009401209000003291s {"blockNumber":6,"successfulCount":1,"failedCount":0,"duration":0.009401209000003291,"rate":0,"totalPublicGas":{"daGas":0,"l2Gas":0},"totalBlockGas":{"daGas":1984,"l2Gas":529900},"totalSizeInBytes":1984,"silentlySkippedCount":0,"silentlySkippedDurationMs":0}
[18:15:22.024] INFO: txe:top_level_context Created block 7 with timestamp 1789496122
[18:15:22.049] INFO: simulator:public-processor Processed 1 successful txs and 0 failed txs (0 silently skipped, 0ms wasted) in 0.009641165999986698s {"blockNumber":10,"successfulCount":1,"failedCount":0,"duration":0.009641165999986698,"rate":1071343.4453897227,"totalPublicGas":{"daGas":0,"l2Gas":10329},"totalBlockGas":{"daGas":0,"l2Gas":10329},"totalSizeInBytes":128,"silentlySkippedCount":0,"silentlySkippedDurationMs":0}
[18:15:22.072] INFO: simulator:public-processor Processed 1 successful txs and 0 failed txs (0 silently skipped, 0ms wasted) in 0.008032666000013705s {"blockNumber":10,"successfulCount":1,"failedCount":0,"duration":0.008032666000013705,"rate":1098763.4740427327,"totalPublicGas":{"daGas":0,"l2Gas":8826},"totalBlockGas":{"daGas":0,"l2Gas":8826},"totalSizeInBytes":128,"silentlySkippedCount":0,"silentlySkippedDurationMs":0}
[18:15:22.543] INFO: simulator:public-processor Processed 1 successful txs and 0 failed txs (0 silently skipped, 0ms wasted) in 0.03082325000001583s {"blockNumber":8,"successfulCount":1,"failedCount":0,"duration":0.03082325000001583,"rate":63181754.03304323,"totalPublicGas":{"daGas":2368,"l2Gas":1947467},"totalBlockGas":{"daGas":3744,"l2Gas":2674217},"totalSizeInBytes":3744,"silentlySkippedCount":0,"silentlySkippedDurationMs":0}
[18:15:22.742] INFO: txe:top_level_context Created block 10 with timestamp 1789496120
[18:15:23.177] INFO: simulator:public-processor Processed 1 successful txs and 0 failed txs (0 silently skipped, 0ms wasted) in 0.03003433400002541s {"blockNumber":11,"successfulCount":1,"failedCount":0,"duration":0.03003433400002541,"rate":64841357.8938808,"totalPublicGas":{"daGas":2368,"l2Gas":1947467},"totalBlockGas":{"daGas":3744,"l2Gas":2674217},"totalSizeInBytes":3744,"silentlySkippedCount":0,"silentlySkippedDurationMs":0}
[billboard_test] Testing c02::c02_included_young_dummy_advances_without_publication_or_penalty ... [0m[32mok[0m
[18:15:23.633] INFO: txe:top_level_context Created block 10 with timestamp 1789499723
[18:15:24.010] INFO: simulator:public-processor Processed 1 successful txs and 0 failed txs (0 silently skipped, 0ms wasted) in 0.026694125000009082s {"blockNumber":11,"successfulCount":1,"failedCount":0,"duration":0.026694125000009082,"rate":72954891.75986616,"totalPublicGas":{"daGas":2368,"l2Gas":1947467},"totalBlockGas":{"daGas":3744,"l2Gas":2674217},"totalSizeInBytes":3744,"silentlySkippedCount":0,"silentlySkippedDurationMs":0}
[billboard_test] Testing c02::c02_matching_included_child_advances_exactly_one ... [0m[32mok[0m
[18:15:26.008] INFO: kv-store:lmdb-v2 Starting data store with maxReaders 2
[18:15:26.010] INFO: world-state:database Creating world state data store at directory /var/folders/ym/q1vh2x5n58xbsmpmvs5_6w3r0000gn/T/aztec-world-state-VTjmJ3/world_state with map sizes {"archiveTreeMapSizeKb":10485760,"nullifierTreeMapSizeKb":10485760,"noteHashTreeMapSizeKb":10485760,"messageTreeMapSizeKb":10485760,"publicDataTreeMapSizeKb":10485760} and 2 threads (ephemeral=true).
[18:15:26.022] INFO: txe_node Aztec Node version: txe
[18:15:26.022] INFO: txe_node Aztec Node started on chain 0x1
[18:15:26.035] INFO: txe:top_level_context Created block 1 with timestamp 1789492526
[18:15:26.078] INFO: txe:top_level_context Created block 2 with timestamp 1789492526
[18:15:26.150] INFO: simulator:public-processor Processed 1 successful txs and 0 failed txs (0 silently skipped, 0ms wasted) in 0.04066154099997948s {"blockNumber":3,"successfulCount":1,"failedCount":0,"duration":0.04066154099997948,"rate":79587490.30199404,"totalPublicGas":{"daGas":4000,"l2Gas":3236150},"totalBlockGas":{"daGas":4000,"l2Gas":3236150},"totalSizeInBytes":4128,"silentlySkippedCount":0,"silentlySkippedDurationMs":0}
[18:15:26.285] INFO: simulator:public-processor Processed 1 successful txs and 0 failed txs (0 silently skipped, 0ms wasted) in 0.014238082999974722s {"blockNumber":4,"successfulCount":1,"failedCount":0,"duration":0.014238082999974722,"rate":80107694.27331088,"totalPublicGas":{"daGas":192,"l2Gas":1140580},"totalBlockGas":{"daGas":320,"l2Gas":1731380},"totalSizeInBytes":320,"silentlySkippedCount":0,"silentlySkippedDurationMs":0}
[18:15:26.315] INFO: txe:top_level_context Created block 5 with timestamp 1789492526
[18:15:26.500] INFO: simulator:public-processor Processed 1 successful txs and 0 failed txs (0 silently skipped, 0ms wasted) in 0.0038816660000011325s {"blockNumber":6,"successfulCount":1,"failedCount":0,"duration":0.0038816660000011325,"rate":0,"totalPublicGas":{"daGas":0,"l2Gas":0},"totalBlockGas":{"daGas":1984,"l2Gas":529900},"totalSizeInBytes":1984,"silentlySkippedCount":0,"silentlySkippedDurationMs":0}
[18:15:26.529] INFO: txe:top_level_context Created block 7 with timestamp 1789496127
[18:15:26.814] INFO: kv-store:lmdb-v2 Starting data store with maxReaders 2
[18:15:26.814] INFO: world-state:database Creating world state data store at directory /var/folders/ym/q1vh2x5n58xbsmpmvs5_6w3r0000gn/T/aztec-world-state-QvWa2z/world_state with map sizes {"archiveTreeMapSizeKb":10485760,"nullifierTreeMapSizeKb":10485760,"noteHashTreeMapSizeKb":10485760,"messageTreeMapSizeKb":10485760,"publicDataTreeMapSizeKb":10485760} and 2 threads (ephemeral=true).
[18:15:26.824] INFO: txe_node Aztec Node version: txe
[18:15:26.824] INFO: txe_node Aztec Node started on chain 0x1
[18:15:26.847] INFO: txe:top_level_context Created block 1 with timestamp 1789492526
[18:15:26.946] INFO: txe:top_level_context Created block 2 with timestamp 1789492526
[18:15:26.955] INFO: simulator:public-processor Processed 1 successful txs and 0 failed txs (0 silently skipped, 0ms wasted) in 0.02859070800000336s {"blockNumber":8,"successfulCount":1,"failedCount":0,"duration":0.02859070800000336,"rate":68115382.1024569,"totalPublicGas":{"daGas":2368,"l2Gas":1947467},"totalBlockGas":{"daGas":3744,"l2Gas":2674217},"totalSizeInBytes":3744,"silentlySkippedCount":0,"silentlySkippedDurationMs":0}
[18:15:27.047] INFO: simulator:public-processor Processed 1 successful txs and 0 failed txs (0 silently skipped, 0ms wasted) in 0.0738899580000143s {"blockNumber":3,"successfulCount":1,"failedCount":0,"duration":0.0738899580000143,"rate":43796885.09227971,"totalPublicGas":{"daGas":4000,"l2Gas":3236150},"totalBlockGas":{"daGas":4000,"l2Gas":3236150},"totalSizeInBytes":4128,"silentlySkippedCount":0,"silentlySkippedDurationMs":0}
[18:15:27.196] INFO: simulator:public-processor Processed 1 successful txs and 0 failed txs (0 silently skipped, 0ms wasted) in 0.01667112499999348s {"blockNumber":4,"successfulCount":1,"failedCount":0,"duration":0.01667112499999348,"rate":68416498.58665484,"totalPublicGas":{"daGas":192,"l2Gas":1140580},"totalBlockGas":{"daGas":320,"l2Gas":1731380},"totalSizeInBytes":320,"silentlySkippedCount":0,"silentlySkippedDurationMs":0}
[18:15:27.234] INFO: txe:top_level_context Created block 5 with timestamp 1789492526
[18:15:27.418] INFO: simulator:public-processor Processed 1 successful txs and 0 failed txs (0 silently skipped, 0ms wasted) in 0.005267457999987527s {"blockNumber":6,"successfulCount":1,"failedCount":0,"duration":0.005267457999987527,"rate":0,"totalPublicGas":{"daGas":0,"l2Gas":0},"totalBlockGas":{"daGas":1984,"l2Gas":529900},"totalSizeInBytes":1984,"silentlySkippedCount":0,"silentlySkippedDurationMs":0}
[18:15:27.432] INFO: txe:top_level_context Created block 9 with timestamp 1789499728
[18:15:27.521] INFO: txe:top_level_context Created block 9 with timestamp 1789496127
[18:15:27.834] INFO: simulator:public-processor Processed 1 successful txs and 0 failed txs (0 silently skipped, 0ms wasted) in 0.009672666999977082s {"blockNumber":10,"successfulCount":1,"failedCount":0,"duration":0.009672666999977082,"rate":0,"totalPublicGas":{"daGas":0,"l2Gas":0},"totalBlockGas":{"daGas":1440,"l2Gas":527400},"totalSizeInBytes":1440,"silentlySkippedCount":0,"silentlySkippedDurationMs":0}
[billboard_test] Testing c02::c02_no_history_rejects_included_unused_hint ... [0m[32mok[0m
[18:15:28.350] INFO: txe:top_level_context Created block 11 with timestamp 1789503327
[18:15:28.474] INFO: simulator:public-processor Processed 1 successful txs and 0 failed txs (0 silently skipped, 0ms wasted) in 0.003714790999976685s {"blockNumber":12,"successfulCount":1,"failedCount":0,"duration":0.003714790999976685,"rate":0,"totalPublicGas":{"daGas":0,"l2Gas":0},"totalBlockGas":{"daGas":256,"l2Gas":477200},"totalSizeInBytes":256,"silentlySkippedCount":0,"silentlySkippedDurationMs":0}
[18:15:28.805] INFO: txe:top_level_context Created block 14 with timestamp 1789503327
[18:15:28.958] INFO: simulator:public-processor Processed 1 successful txs and 0 failed txs (0 silently skipped, 0ms wasted) in 0.0037992080000112767s {"blockNumber":15,"successfulCount":1,"failedCount":0,"duration":0.0037992080000112767,"rate":0,"totalPublicGas":{"daGas":0,"l2Gas":0},"totalBlockGas":{"daGas":832,"l2Gas":499700},"totalSizeInBytes":832,"silentlySkippedCount":0,"silentlySkippedDurationMs":0}
[18:15:29.264] INFO: txe:top_level_context Created block 16 with timestamp 1789506928
[18:15:29.668] INFO: simulator:public-processor Processed 1 successful txs and 0 failed txs (0 silently skipped, 0ms wasted) in 0.02766695799998706s {"blockNumber":17,"successfulCount":1,"failedCount":0,"duration":0.02766695799998706,"rate":70389632.28270021,"totalPublicGas":{"daGas":2368,"l2Gas":1947467},"totalBlockGas":{"daGas":3744,"l2Gas":2674217},"totalSizeInBytes":3744,"silentlySkippedCount":0,"silentlySkippedDurationMs":0}
[18:15:30.160] INFO: kv-store:lmdb-v2 Starting data store with maxReaders 2
[18:15:30.162] INFO: world-state:database Creating world state data store at directory /var/folders/ym/q1vh2x5n58xbsmpmvs5_6w3r0000gn/T/aztec-world-state-yaF3wQ/world_state with map sizes {"archiveTreeMapSizeKb":10485760,"nullifierTreeMapSizeKb":10485760,"noteHashTreeMapSizeKb":10485760,"messageTreeMapSizeKb":10485760,"publicDataTreeMapSizeKb":10485760} and 2 threads (ephemeral=true).
[18:15:30.171] INFO: txe_node Aztec Node version: txe
[18:15:30.171] INFO: txe_node Aztec Node started on chain 0x1
[18:15:30.185] INFO: txe:top_level_context Created block 1 with timestamp 1789492530
[18:15:30.255] INFO: txe:top_level_context Created block 2 with timestamp 1789492530
[18:15:30.324] INFO: simulator:public-processor Processed 1 successful txs and 0 failed txs (0 silently skipped, 0ms wasted) in 0.041846083000011275s {"blockNumber":3,"successfulCount":1,"failedCount":0,"duration":0.041846083000011275,"rate":77334597.84035529,"totalPublicGas":{"daGas":4000,"l2Gas":3236150},"totalBlockGas":{"daGas":4000,"l2Gas":3236150},"totalSizeInBytes":4128,"silentlySkippedCount":0,"silentlySkippedDurationMs":0}
[18:15:30.336] INFO: txe:top_level_context Created block 20 with timestamp 1789510529
[18:15:30.641] INFO: simulator:public-processor Processed 1 successful txs and 0 failed txs (0 silently skipped, 0ms wasted) in 0.17405066700000316s {"blockNumber":4,"successfulCount":1,"failedCount":0,"duration":0.17405066700000316,"rate":6553149.261990356,"totalPublicGas":{"daGas":192,"l2Gas":1140580},"totalBlockGas":{"daGas":320,"l2Gas":1731380},"totalSizeInBytes":320,"silentlySkippedCount":0,"silentlySkippedDurationMs":0}
[18:15:30.679] INFO: txe:top_level_context Created block 5 with timestamp 1789492530
[18:15:30.775] INFO: simulator:public-processor Processed 1 successful txs and 0 failed txs (0 silently skipped, 0ms wasted) in 0.0315842920000141s {"blockNumber":21,"successfulCount":1,"failedCount":0,"duration":0.0315842920000141,"rate":61659352.693393625,"totalPublicGas":{"daGas":2368,"l2Gas":1947467},"totalBlockGas":{"daGas":3744,"l2Gas":2674217},"totalSizeInBytes":3744,"silentlySkippedCount":0,"silentlySkippedDurationMs":0}
[18:15:30.985] INFO: simulator:public-processor Processed 1 successful txs and 0 failed txs (0 silently skipped, 0ms wasted) in 0.0038959999999788122s {"blockNumber":6,"successfulCount":1,"failedCount":0,"duration":0.0038959999999788122,"rate":0,"totalPublicGas":{"daGas":0,"l2Gas":0},"totalBlockGas":{"daGas":1984,"l2Gas":529900},"totalSizeInBytes":1984,"silentlySkippedCount":0,"silentlySkippedDurationMs":0}
[18:15:31.017] INFO: txe:top_level_context Created block 7 with timestamp 1789496131
[18:15:31.465] INFO: simulator:public-processor Processed 1 successful txs and 0 failed txs (0 silently skipped, 0ms wasted) in 0.030286290999996707s {"blockNumber":8,"successfulCount":1,"failedCount":0,"duration":0.030286290999996707,"rate":64301931.1938927,"totalPublicGas":{"daGas":2368,"l2Gas":1947467},"totalBlockGas":{"daGas":3744,"l2Gas":2674217},"totalSizeInBytes":3744,"silentlySkippedCount":0,"silentlySkippedDurationMs":0}
[billboard_test] Testing c02::c02_new_cycle_screens_new_history_after_old_right_burn ... [0m[32mok[0m
[18:15:31.778] INFO: txe:top_level_context Created block 9 with timestamp 1789496131
[18:15:31.932] INFO: simulator:public-processor Processed 1 successful txs and 0 failed txs (0 silently skipped, 0ms wasted) in 0.0049059580000175625s {"blockNumber":10,"successfulCount":1,"failedCount":0,"duration":0.0049059580000175625,"rate":0,"totalPublicGas":{"daGas":0,"l2Gas":0},"totalBlockGas":{"daGas":832,"l2Gas":499700},"totalSizeInBytes":832,"silentlySkippedCount":0,"silentlySkippedDurationMs":0}
[18:15:32.242] INFO: txe:top_level_context Created block 11 with timestamp 1789499732
[18:15:32.622] INFO: simulator:public-processor Processed 1 successful txs and 0 failed txs (0 silently skipped, 0ms wasted) in 0.026860665999993216s {"blockNumber":12,"successfulCount":1,"failedCount":0,"duration":0.026860665999993216,"rate":72502558.20166528,"totalPublicGas":{"daGas":2368,"l2Gas":1947467},"totalBlockGas":{"daGas":3744,"l2Gas":2674217},"totalSizeInBytes":3744,"silentlySkippedCount":0,"silentlySkippedDurationMs":0}
[18:15:33.225] INFO: txe:top_level_context Created block 15 with timestamp 1789503333
[billboard_test] Testing c02::c02_second_receipt_rejects_first_receipt_history ... [0m[32mok[0m
[18:15:33.484] INFO: kv-store:lmdb-v2 Starting data store with maxReaders 2
[18:15:33.485] INFO: world-state:database Creating world state data store at directory /var/folders/ym/q1vh2x5n58xbsmpmvs5_6w3r0000gn/T/aztec-world-state-JDtzui/world_state with map sizes {"archiveTreeMapSizeKb":10485760,"nullifierTreeMapSizeKb":10485760,"noteHashTreeMapSizeKb":10485760,"messageTreeMapSizeKb":10485760,"publicDataTreeMapSizeKb":10485760} and 2 threads (ephemeral=true).
[18:15:33.494] INFO: txe_node Aztec Node version: txe
[18:15:33.494] INFO: txe_node Aztec Node started on chain 0x1
[18:15:33.506] INFO: txe:top_level_context Created block 1 with timestamp 1789492533
[18:15:33.546] INFO: txe:top_level_context Created block 2 with timestamp 1789492533
[18:15:33.612] INFO: simulator:public-processor Processed 1 successful txs and 0 failed txs (0 silently skipped, 0ms wasted) in 0.03760812500002794s {"blockNumber":3,"successfulCount":1,"failedCount":0,"duration":0.03760812500002794,"rate":86049224.73528248,"totalPublicGas":{"daGas":4000,"l2Gas":3236150},"totalBlockGas":{"daGas":4000,"l2Gas":3236150},"totalSizeInBytes":4128,"silentlySkippedCount":0,"silentlySkippedDurationMs":0}
[18:15:33.723] INFO: simulator:public-processor Processed 1 successful txs and 0 failed txs (0 silently skipped, 0ms wasted) in 0.013813625000009778s {"blockNumber":4,"successfulCount":1,"failedCount":0,"duration":0.013813625000009778,"rate":82569202.50833453,"totalPublicGas":{"daGas":192,"l2Gas":1140580},"totalBlockGas":{"daGas":320,"l2Gas":1731380},"totalSizeInBytes":320,"silentlySkippedCount":0,"silentlySkippedDurationMs":0}
[18:15:33.751] INFO: txe:top_level_context Created block 5 with timestamp 1789492533
[18:15:33.929] INFO: simulator:public-processor Processed 1 successful txs and 0 failed txs (0 silently skipped, 0ms wasted) in 0.0040260830000042915s {"blockNumber":6,"successfulCount":1,"failedCount":0,"duration":0.0040260830000042915,"rate":0,"totalPublicGas":{"daGas":0,"l2Gas":0},"totalBlockGas":{"daGas":1984,"l2Gas":529900},"totalSizeInBytes":1984,"silentlySkippedCount":0,"silentlySkippedDurationMs":0}
[18:15:33.957] INFO: txe:top_level_context Created block 7 with timestamp 1789496134
[18:15:34.362] INFO: simulator:public-processor Processed 1 successful txs and 0 failed txs (0 silently skipped, 0ms wasted) in 0.03856729199999245s {"blockNumber":8,"successfulCount":1,"failedCount":0,"duration":0.03856729199999245,"rate":50495300.525647,"totalPublicGas":{"daGas":2368,"l2Gas":1947467},"totalBlockGas":{"daGas":3744,"l2Gas":2674217},"totalSizeInBytes":3744,"silentlySkippedCount":0,"silentlySkippedDurationMs":0}
[18:15:34.702] INFO: txe:top_level_context Created block 9 with timestamp 1789496134
[18:15:34.861] INFO: simulator:public-processor Processed 1 successful txs and 0 failed txs (0 silently skipped, 0ms wasted) in 0.0038521250000048894s {"blockNumber":10,"successfulCount":1,"failedCount":0,"duration":0.0038521250000048894,"rate":0,"totalPublicGas":{"daGas":0,"l2Gas":0},"totalBlockGas":{"daGas":832,"l2Gas":499700},"totalSizeInBytes":832,"silentlySkippedCount":0,"silentlySkippedDurationMs":0}
[18:15:35.175] INFO: txe:top_level_context Created block 11 with timestamp 1789499735
[18:15:35.536] INFO: kv-store:lmdb-v2 Starting data store with maxReaders 2
[18:15:35.538] INFO: world-state:database Creating world state data store at directory /var/folders/ym/q1vh2x5n58xbsmpmvs5_6w3r0000gn/T/aztec-world-state-FsCKtB/world_state with map sizes {"archiveTreeMapSizeKb":10485760,"nullifierTreeMapSizeKb":10485760,"noteHashTreeMapSizeKb":10485760,"messageTreeMapSizeKb":10485760,"publicDataTreeMapSizeKb":10485760} and 2 threads (ephemeral=true).
[18:15:35.549] INFO: txe_node Aztec Node version: txe
[18:15:35.549] INFO: txe_node Aztec Node started on chain 0x1
[18:15:35.561] INFO: txe:top_level_context Created block 1 with timestamp 1789492535
[18:15:35.573] INFO: simulator:public-processor Processed 1 successful txs and 0 failed txs (0 silently skipped, 0ms wasted) in 0.03863666600000579s {"blockNumber":12,"successfulCount":1,"failedCount":0,"duration":0.03863666600000579,"rate":50404633.774552606,"totalPublicGas":{"daGas":2368,"l2Gas":1947467},"totalBlockGas":{"daGas":3744,"l2Gas":2674217},"totalSizeInBytes":3744,"silentlySkippedCount":0,"silentlySkippedDurationMs":0}
[18:15:35.615] INFO: txe:top_level_context Created block 2 with timestamp 1789492535
[18:15:35.702] INFO: simulator:public-processor Processed 1 successful txs and 0 failed txs (0 silently skipped, 0ms wasted) in 0.04004308299999684s {"blockNumber":3,"successfulCount":1,"failedCount":0,"duration":0.04004308299999684,"rate":80816704.34817058,"totalPublicGas":{"daGas":4000,"l2Gas":3236150},"totalBlockGas":{"daGas":4000,"l2Gas":3236150},"totalSizeInBytes":4128,"silentlySkippedCount":0,"silentlySkippedDurationMs":0}
[18:15:35.856] INFO: simulator:public-processor Processed 1 successful txs and 0 failed txs (0 silently skipped, 0ms wasted) in 0.014670000000012806s {"blockNumber":4,"successfulCount":1,"failedCount":0,"duration":0.014670000000012806,"rate":77749147.92085919,"totalPublicGas":{"daGas":192,"l2Gas":1140580},"totalBlockGas":{"daGas":320,"l2Gas":1731380},"totalSizeInBytes":320,"silentlySkippedCount":0,"silentlySkippedDurationMs":0}
[18:15:35.887] INFO: txe:top_level_context Created block 5 with timestamp 1789492535
[18:15:36.116] INFO: simulator:public-processor Processed 1 successful txs and 0 failed txs (0 silently skipped, 0ms wasted) in 0.028336167000001296s {"blockNumber":6,"successfulCount":1,"failedCount":0,"duration":0.028336167000001296,"rate":0,"totalPublicGas":{"daGas":0,"l2Gas":0},"totalBlockGas":{"daGas":1984,"l2Gas":529900},"totalSizeInBytes":1984,"silentlySkippedCount":0,"silentlySkippedDurationMs":0}
[18:15:36.163] INFO: txe:top_level_context Created block 7 with timestamp 1789494336
[18:15:36.614] INFO: simulator:public-processor Processed 1 successful txs and 0 failed txs (0 silently skipped, 0ms wasted) in 0.02705745900000329s {"blockNumber":8,"successfulCount":1,"failedCount":0,"duration":0.02705745900000329,"rate":71975236.10771297,"totalPublicGas":{"daGas":2368,"l2Gas":1947467},"totalBlockGas":{"daGas":3744,"l2Gas":2674217},"totalSizeInBytes":3744,"silentlySkippedCount":0,"silentlySkippedDurationMs":0}
[18:15:37.038] INFO: simulator:public-processor Processed 1 successful txs and 0 failed txs (0 silently skipped, 0ms wasted) in 0.02976716600000509s {"blockNumber":15,"successfulCount":1,"failedCount":0,"duration":0.02976716600000509,"rate":65423325.82146607,"totalPublicGas":{"daGas":2368,"l2Gas":1947467},"totalBlockGas":{"daGas":3744,"l2Gas":2674217},"totalSizeInBytes":3744,"silentlySkippedCount":0,"silentlySkippedDurationMs":0}
[18:15:37.285] INFO: txe:top_level_context Created block 9 with timestamp 1789496135
[18:15:37.709] INFO: simulator:public-processor Processed 1 successful txs and 0 failed txs (0 silently skipped, 0ms wasted) in 0.03181820899999002s {"blockNumber":10,"successfulCount":1,"failedCount":0,"duration":0.03181820899999002,"rate":61206053.42684784,"totalPublicGas":{"daGas":2368,"l2Gas":1947467},"totalBlockGas":{"daGas":3744,"l2Gas":2674217},"totalSizeInBytes":3744,"silentlySkippedCount":0,"silentlySkippedDurationMs":0}
[18:15:37.719] INFO: txe:top_level_context Created block 16 with timestamp 1789503336
[18:15:38.188] INFO: simulator:public-processor Processed 1 successful txs and 0 failed txs (0 silently skipped, 0ms wasted) in 0.028403416999994078s {"blockNumber":17,"successfulCount":1,"failedCount":0,"duration":0.028403416999994078,"rate":68564532.21809214,"totalPublicGas":{"daGas":2368,"l2Gas":1947467},"totalBlockGas":{"daGas":3744,"l2Gas":2674217},"totalSizeInBytes":3744,"silentlySkippedCount":0,"silentlySkippedDurationMs":0}
[18:15:38.546] INFO: txe:top_level_context Created block 13 with timestamp 1789497935
[billboard_test] Testing c02::c02_two_authentic_receipts_screen_only_their_own_history ... [0m[32mok[0m
[18:15:38.977] INFO: simulator:public-processor Processed 1 successful txs and 0 failed txs (0 silently skipped, 0ms wasted) in 0.027680334000004223s {"blockNumber":14,"successfulCount":1,"failedCount":0,"duration":0.027680334000004223,"rate":70355617.81876269,"totalPublicGas":{"daGas":2368,"l2Gas":1947467},"totalBlockGas":{"daGas":3744,"l2Gas":2674217},"totalSizeInBytes":3744,"silentlySkippedCount":0,"silentlySkippedDurationMs":0}
[billboard_test] Testing c02::c02_valid_young_pair_remains_unscreened ... [0m[32mok[0m
[18:15:40.742] INFO: kv-store:lmdb-v2 Starting data store with maxReaders 2
[18:15:40.744] INFO: world-state:database Creating world state data store at directory /var/folders/ym/q1vh2x5n58xbsmpmvs5_6w3r0000gn/T/aztec-world-state-FpDAJO/world_state with map sizes {"archiveTreeMapSizeKb":10485760,"nullifierTreeMapSizeKb":10485760,"noteHashTreeMapSizeKb":10485760,"messageTreeMapSizeKb":10485760,"publicDataTreeMapSizeKb":10485760} and 2 threads (ephemeral=true).
[18:15:40.753] INFO: txe_node Aztec Node version: txe
[18:15:40.753] INFO: txe_node Aztec Node started on chain 0x1
[18:15:40.766] INFO: txe:top_level_context Created block 1 with timestamp 1789492540
[18:15:40.807] INFO: txe:top_level_context Created block 2 with timestamp 1789492540
[18:15:40.881] INFO: simulator:public-processor Processed 1 successful txs and 0 failed txs (0 silently skipped, 0ms wasted) in 0.04490787500000443s {"blockNumber":3,"successfulCount":1,"failedCount":0,"duration":0.04490787500000443,"rate":72061971.31348747,"totalPublicGas":{"daGas":4000,"l2Gas":3236150},"totalBlockGas":{"daGas":4000,"l2Gas":3236150},"totalSizeInBytes":4128,"silentlySkippedCount":0,"silentlySkippedDurationMs":0}
[18:15:41.014] INFO: simulator:public-processor Processed 1 successful txs and 0 failed txs (0 silently skipped, 0ms wasted) in 0.013512332999991486s {"blockNumber":4,"successfulCount":1,"failedCount":0,"duration":0.013512332999991486,"rate":84410293.91450897,"totalPublicGas":{"daGas":192,"l2Gas":1140580},"totalBlockGas":{"daGas":320,"l2Gas":1731380},"totalSizeInBytes":320,"silentlySkippedCount":0,"silentlySkippedDurationMs":0}
[18:15:41.043] INFO: txe:top_level_context Created block 5 with timestamp 1789492540
[18:15:41.209] INFO: simulator:public-processor Processed 1 successful txs and 0 failed txs (0 silently skipped, 0ms wasted) in 0.003910582999989856s {"blockNumber":6,"successfulCount":1,"failedCount":0,"duration":0.003910582999989856,"rate":0,"totalPublicGas":{"daGas":0,"l2Gas":0},"totalBlockGas":{"daGas":1984,"l2Gas":529900},"totalSizeInBytes":1984,"silentlySkippedCount":0,"silentlySkippedDurationMs":0}
[18:15:41.246] INFO: txe:top_level_context Created block 7 with timestamp 1789496141
[18:15:41.465] INFO: kv-store:lmdb-v2 Starting data store with maxReaders 2
[18:15:41.521] INFO: world-state:database Creating world state data store at directory /var/folders/ym/q1vh2x5n58xbsmpmvs5_6w3r0000gn/T/aztec-world-state-8rwDq3/world_state with map sizes {"archiveTreeMapSizeKb":10485760,"nullifierTreeMapSizeKb":10485760,"noteHashTreeMapSizeKb":10485760,"messageTreeMapSizeKb":10485760,"publicDataTreeMapSizeKb":10485760} and 2 threads (ephemeral=true).
[18:15:41.531] INFO: txe_node Aztec Node version: txe
[18:15:41.531] INFO: txe_node Aztec Node started on chain 0x1
[18:15:41.548] INFO: txe:top_level_context Created block 1 with timestamp 1789492541
[18:15:41.644] INFO: txe:top_level_context Created block 2 with timestamp 1789492541
[18:15:41.660] INFO: simulator:public-processor Processed 1 successful txs and 0 failed txs (0 silently skipped, 0ms wasted) in 0.02821470800001407s {"blockNumber":8,"successfulCount":1,"failedCount":0,"duration":0.02821470800001407,"rate":69023113.76034899,"totalPublicGas":{"daGas":2368,"l2Gas":1947467},"totalBlockGas":{"daGas":3744,"l2Gas":2674217},"totalSizeInBytes":3744,"silentlySkippedCount":0,"silentlySkippedDurationMs":0}
[18:15:41.722] INFO: simulator:public-processor Processed 1 successful txs and 0 failed txs (0 silently skipped, 0ms wasted) in 0.04983304199998383s {"blockNumber":3,"successfulCount":1,"failedCount":0,"duration":0.04983304199998383,"rate":64939844.53128608,"totalPublicGas":{"daGas":4000,"l2Gas":3236150},"totalBlockGas":{"daGas":4000,"l2Gas":3236150},"totalSizeInBytes":4128,"silentlySkippedCount":0,"silentlySkippedDurationMs":0}
[18:15:41.885] INFO: simulator:public-processor Processed 1 successful txs and 0 failed txs (0 silently skipped, 0ms wasted) in 0.015350333000009413s {"blockNumber":4,"successfulCount":1,"failedCount":0,"duration":0.015350333000009413,"rate":74303274.0722498,"totalPublicGas":{"daGas":192,"l2Gas":1140580},"totalBlockGas":{"daGas":320,"l2Gas":1731380},"totalSizeInBytes":320,"silentlySkippedCount":0,"silentlySkippedDurationMs":0}
[18:15:41.921] INFO: txe:top_level_context Created block 5 with timestamp 1789492541
[18:15:42.107] INFO: simulator:public-processor Processed 1 successful txs and 0 failed txs (0 silently skipped, 0ms wasted) in 0.0045570000000006985s {"blockNumber":6,"successfulCount":1,"failedCount":0,"duration":0.0045570000000006985,"rate":0,"totalPublicGas":{"daGas":0,"l2Gas":0},"totalBlockGas":{"daGas":1984,"l2Gas":529900},"totalSizeInBytes":1984,"silentlySkippedCount":0,"silentlySkippedDurationMs":0}
[18:15:42.119] INFO: txe:top_level_context Created block 9 with timestamp 1789499742
[18:15:42.137] INFO: txe:top_level_context Created block 7 with timestamp 1789494342
[18:15:42.641] INFO: simulator:public-processor Processed 1 successful txs and 0 failed txs (0 silently skipped, 0ms wasted) in 0.12168545800002176s {"blockNumber":10,"successfulCount":1,"failedCount":0,"duration":0.12168545800002176,"rate":0,"totalPublicGas":{"daGas":0,"l2Gas":0},"totalBlockGas":{"daGas":1440,"l2Gas":527400},"totalSizeInBytes":1440,"silentlySkippedCount":0,"silentlySkippedDurationMs":0}
[18:15:42.916] INFO: simulator:public-processor Processed 1 successful txs and 0 failed txs (0 silently skipped, 0ms wasted) in 0.027951790999999504s {"blockNumber":8,"successfulCount":1,"failedCount":0,"duration":0.027951790999999504,"rate":69672351.22787067,"totalPublicGas":{"daGas":2368,"l2Gas":1947467},"totalBlockGas":{"daGas":3744,"l2Gas":2674217},"totalSizeInBytes":3744,"silentlySkippedCount":0,"silentlySkippedDurationMs":0}
[18:15:43.168] INFO: txe:top_level_context Created block 11 with timestamp 1789503341
[18:15:43.358] INFO: simulator:public-processor Processed 1 successful txs and 0 failed txs (0 silently skipped, 0ms wasted) in 0.004160249999986263s {"blockNumber":12,"successfulCount":1,"failedCount":0,"duration":0.004160249999986263,"rate":0,"totalPublicGas":{"daGas":0,"l2Gas":0},"totalBlockGas":{"daGas":256,"l2Gas":477200},"totalSizeInBytes":256,"silentlySkippedCount":0,"silentlySkippedDurationMs":0}
[18:15:43.471] INFO: txe:top_level_context Created block 9 with timestamp 1789496141
[18:15:43.928] INFO: simulator:public-processor Processed 1 successful txs and 0 failed txs (0 silently skipped, 0ms wasted) in 0.028068666999984997s {"blockNumber":10,"successfulCount":1,"failedCount":0,"duration":0.028068666999984997,"rate":69382240.34654161,"totalPublicGas":{"daGas":2368,"l2Gas":1947467},"totalBlockGas":{"daGas":3744,"l2Gas":2674217},"totalSizeInBytes":3744,"silentlySkippedCount":0,"silentlySkippedDurationMs":0}
[18:15:44.094] INFO: txe:top_level_context Created block 14 with timestamp 1789503341
[18:15:44.301] INFO: simulator:public-processor Processed 1 successful txs and 0 failed txs (0 silently skipped, 0ms wasted) in 0.00397995800001081s {"blockNumber":15,"successfulCount":1,"failedCount":0,"duration":0.00397995800001081,"rate":0,"totalPublicGas":{"daGas":0,"l2Gas":0},"totalBlockGas":{"daGas":832,"l2Gas":499700},"totalSizeInBytes":832,"silentlySkippedCount":0,"silentlySkippedDurationMs":0}
[18:15:44.553] INFO: txe:top_level_context Created block 14 with timestamp 1789497941
[18:15:44.691] INFO: txe:top_level_context Created block 16 with timestamp 1789506942
[billboard_test] Testing c02::c02_young_child_does_not_hide_wrong_owner_second_hint ... [0m[32mok[0m
[18:15:45.261] INFO: simulator:public-processor Processed 1 successful txs and 0 failed txs (0 silently skipped, 0ms wasted) in 0.028151874999981372s {"blockNumber":17,"successfulCount":1,"failedCount":0,"duration":0.028151874999981372,"rate":69177168.48349492,"totalPublicGas":{"daGas":2368,"l2Gas":1947467},"totalBlockGas":{"daGas":3744,"l2Gas":2674217},"totalSizeInBytes":3744,"silentlySkippedCount":0,"silentlySkippedDurationMs":0}
[18:15:45.875] INFO: txe:top_level_context Created block 20 with timestamp 1789510543
[billboard_test] Testing c02::c02_withdrawn_cycle_included_history_cannot_screen_new_receipt ... [0m[32mok[0m
[18:15:46.961] INFO: kv-store:lmdb-v2 Starting data store with maxReaders 2
[18:15:46.961] INFO: world-state:database Creating world state data store at directory /var/folders/ym/q1vh2x5n58xbsmpmvs5_6w3r0000gn/T/aztec-world-state-uPJ1i2/world_state with map sizes {"archiveTreeMapSizeKb":10485760,"nullifierTreeMapSizeKb":10485760,"noteHashTreeMapSizeKb":10485760,"messageTreeMapSizeKb":10485760,"publicDataTreeMapSizeKb":10485760} and 2 threads (ephemeral=true).
[18:15:46.970] INFO: txe_node Aztec Node version: txe
[18:15:46.971] INFO: txe_node Aztec Node started on chain 0x1
[18:15:46.982] INFO: txe:top_level_context Created block 1 with timestamp 1789492546
[18:15:47.020] INFO: txe:top_level_context Created block 2 with timestamp 1789492546
[18:15:47.085] INFO: simulator:public-processor Processed 1 successful txs and 0 failed txs (0 silently skipped, 0ms wasted) in 0.038031499999982774s {"blockNumber":3,"successfulCount":1,"failedCount":0,"duration":0.038031499999982774,"rate":85091305.89120771,"totalPublicGas":{"daGas":4000,"l2Gas":3236150},"totalBlockGas":{"daGas":4000,"l2Gas":3236150},"totalSizeInBytes":4128,"silentlySkippedCount":0,"silentlySkippedDurationMs":0}
[18:15:47.196] INFO: simulator:public-processor Processed 1 successful txs and 0 failed txs (0 silently skipped, 0ms wasted) in 0.01346683399999165s {"blockNumber":4,"successfulCount":1,"failedCount":0,"duration":0.01346683399999165,"rate":84695482.24925824,"totalPublicGas":{"daGas":192,"l2Gas":1140580},"totalBlockGas":{"daGas":320,"l2Gas":1731380},"totalSizeInBytes":320,"silentlySkippedCount":0,"silentlySkippedDurationMs":0}
[18:15:47.224] INFO: txe:top_level_context Created block 5 with timestamp 1789492546
[18:15:47.377] INFO: simulator:public-processor Processed 1 successful txs and 0 failed txs (0 silently skipped, 0ms wasted) in 0.0037097499999799765s {"blockNumber":6,"successfulCount":1,"failedCount":0,"duration":0.0037097499999799765,"rate":0,"totalPublicGas":{"daGas":0,"l2Gas":0},"totalBlockGas":{"daGas":1984,"l2Gas":529900},"totalSizeInBytes":1984,"silentlySkippedCount":0,"silentlySkippedDurationMs":0}
[18:15:47.404] INFO: txe:top_level_context Created block 7 with timestamp 1789494347
[18:15:47.792] INFO: simulator:public-processor Processed 1 successful txs and 0 failed txs (0 silently skipped, 0ms wasted) in 0.02735816600001999s {"blockNumber":8,"successfulCount":1,"failedCount":0,"duration":0.02735816600001999,"rate":71184121.04081015,"totalPublicGas":{"daGas":2368,"l2Gas":1947467},"totalBlockGas":{"daGas":3744,"l2Gas":2674217},"totalSizeInBytes":3744,"silentlySkippedCount":0,"silentlySkippedDurationMs":0}
[18:15:48.096] INFO: txe:top_level_context Created block 9 with timestamp 1789496146
[18:15:48.173] INFO: kv-store:lmdb-v2 Starting data store with maxReaders 2
[18:15:48.173] INFO: world-state:database Creating world state data store at directory /var/folders/ym/q1vh2x5n58xbsmpmvs5_6w3r0000gn/T/aztec-world-state-Pe1LvL/world_state with map sizes {"archiveTreeMapSizeKb":10485760,"nullifierTreeMapSizeKb":10485760,"noteHashTreeMapSizeKb":10485760,"messageTreeMapSizeKb":10485760,"publicDataTreeMapSizeKb":10485760} and 2 threads (ephemeral=true).
[18:15:48.182] INFO: txe_node Aztec Node version: txe
[18:15:48.182] INFO: txe_node Aztec Node started on chain 0x1
[18:15:48.194] INFO: txe:top_level_context Created block 1 with timestamp 1789492548
[18:15:48.462] INFO: txe:top_level_context Created block 2 with timestamp 1789492548
[18:15:48.473] INFO: simulator:public-processor Processed 1 successful txs and 0 failed txs (0 silently skipped, 0ms wasted) in 0.005062083999975584s {"blockNumber":10,"successfulCount":1,"failedCount":0,"duration":0.005062083999975584,"rate":0,"totalPublicGas":{"daGas":0,"l2Gas":0},"totalBlockGas":{"daGas":1440,"l2Gas":527400},"totalSizeInBytes":1440,"silentlySkippedCount":0,"silentlySkippedDurationMs":0}
[18:15:48.561] INFO: simulator:public-processor Processed 1 successful txs and 0 failed txs (0 silently skipped, 0ms wasted) in 0.06749808299998404s {"blockNumber":3,"successfulCount":1,"failedCount":0,"duration":0.06749808299998404,"rate":47944324.58179242,"totalPublicGas":{"daGas":4000,"l2Gas":3236150},"totalBlockGas":{"daGas":4000,"l2Gas":3236150},"totalSizeInBytes":4128,"silentlySkippedCount":0,"silentlySkippedDurationMs":0}
[18:15:48.704] INFO: simulator:public-processor Processed 1 successful txs and 0 failed txs (0 silently skipped, 0ms wasted) in 0.0161964169999992s {"blockNumber":4,"successfulCount":1,"failedCount":0,"duration":0.0161964169999992,"rate":70421748.21752591,"totalPublicGas":{"daGas":192,"l2Gas":1140580},"totalBlockGas":{"daGas":320,"l2Gas":1731380},"totalSizeInBytes":320,"silentlySkippedCount":0,"silentlySkippedDurationMs":0}
[18:15:48.741] INFO: txe:top_level_context Created block 5 with timestamp 1789492548
[18:15:48.968] INFO: simulator:public-processor Processed 1 successful txs and 0 failed txs (0 silently skipped, 0ms wasted) in 0.005166208000009647s {"blockNumber":6,"successfulCount":1,"failedCount":0,"duration":0.005166208000009647,"rate":0,"totalPublicGas":{"daGas":0,"l2Gas":0},"totalBlockGas":{"daGas":1984,"l2Gas":529900},"totalSizeInBytes":1984,"silentlySkippedCount":0,"silentlySkippedDurationMs":0}
[18:15:48.997] INFO: txe:top_level_context Created block 7 with timestamp 1789496149
[18:15:49.033] INFO: txe:top_level_context Created block 13 with timestamp 1789497946
[18:15:49.606] INFO: simulator:public-processor Processed 1 successful txs and 0 failed txs (0 silently skipped, 0ms wasted) in 0.08404191699999501s {"blockNumber":8,"successfulCount":1,"failedCount":0,"duration":0.08404191699999501,"rate":23172567.565303344,"totalPublicGas":{"daGas":2368,"l2Gas":1947467},"totalBlockGas":{"daGas":3744,"l2Gas":2674217},"totalSizeInBytes":3744,"silentlySkippedCount":0,"silentlySkippedDurationMs":0}
[18:15:49.737] INFO: simulator:public-processor Processed 1 successful txs and 0 failed txs (0 silently skipped, 0ms wasted) in 0.050120500000019094s {"blockNumber":14,"successfulCount":1,"failedCount":0,"duration":0.050120500000019094,"rate":38855697.76836341,"totalPublicGas":{"daGas":2368,"l2Gas":1947467},"totalBlockGas":{"daGas":3744,"l2Gas":2674217},"totalSizeInBytes":3744,"silentlySkippedCount":0,"silentlySkippedDurationMs":0}
[billboard_test] Testing c02::c02_young_real_child_blocks_mature_dummy_grandchild ... [0m[32mok[0m
[billboard_test] Testing c02::c04_duplicate_successor_has_explicit_recoverable_error ... [0m[32mok[0m
[18:15:52.151] INFO: kv-store:lmdb-v2 Starting data store with maxReaders 2
[18:15:52.152] INFO: world-state:database Creating world state data store at directory /var/folders/ym/q1vh2x5n58xbsmpmvs5_6w3r0000gn/T/aztec-world-state-tnCPxy/world_state with map sizes {"archiveTreeMapSizeKb":10485760,"nullifierTreeMapSizeKb":10485760,"noteHashTreeMapSizeKb":10485760,"messageTreeMapSizeKb":10485760,"publicDataTreeMapSizeKb":10485760} and 2 threads (ephemeral=true).
[18:15:52.162] INFO: txe_node Aztec Node version: txe
[18:15:52.162] INFO: txe_node Aztec Node started on chain 0x1
[18:15:52.174] INFO: txe:top_level_context Created block 1 with timestamp 1789492552
[18:15:52.211] INFO: txe:top_level_context Created block 2 with timestamp 1789492552
[18:15:52.278] INFO: simulator:public-processor Processed 1 successful txs and 0 failed txs (0 silently skipped, 0ms wasted) in 0.038376250000001166s {"blockNumber":3,"successfulCount":1,"failedCount":0,"duration":0.038376250000001166,"rate":84326894.88941471,"totalPublicGas":{"daGas":4000,"l2Gas":3236150},"totalBlockGas":{"daGas":4000,"l2Gas":3236150},"totalSizeInBytes":4128,"silentlySkippedCount":0,"silentlySkippedDurationMs":0}
[18:15:52.379] INFO: kv-store:lmdb-v2 Starting data store with maxReaders 2
[18:15:52.379] INFO: world-state:database Creating world state data store at directory /var/folders/ym/q1vh2x5n58xbsmpmvs5_6w3r0000gn/T/aztec-world-state-cG1MDi/world_state with map sizes {"archiveTreeMapSizeKb":10485760,"nullifierTreeMapSizeKb":10485760,"noteHashTreeMapSizeKb":10485760,"messageTreeMapSizeKb":10485760,"publicDataTreeMapSizeKb":10485760} and 2 threads (ephemeral=true).
[18:15:52.388] INFO: txe_node Aztec Node version: txe
[18:15:52.388] INFO: txe_node Aztec Node started on chain 0x1
[18:15:52.402] INFO: txe:top_level_context Created block 1 with timestamp 1789492552
[18:15:52.426] INFO: simulator:public-processor Processed 1 successful txs and 0 failed txs (0 silently skipped, 0ms wasted) in 0.016447291999997105s {"blockNumber":4,"successfulCount":1,"failedCount":0,"duration":0.016447291999997105,"rate":69347586.2166368,"totalPublicGas":{"daGas":192,"l2Gas":1140580},"totalBlockGas":{"daGas":320,"l2Gas":1731380},"totalSizeInBytes":320,"silentlySkippedCount":0,"silentlySkippedDurationMs":0}
[18:15:52.438] INFO: txe:top_level_context Created block 2 with timestamp 1789492552
[18:15:52.455] INFO: txe:top_level_context Created block 5 with timestamp 1789492552
[18:15:52.516] INFO: simulator:public-processor Processed 1 successful txs and 0 failed txs (0 silently skipped, 0ms wasted) in 0.04913304099999368s {"blockNumber":3,"successfulCount":1,"failedCount":0,"duration":0.04913304099999368,"rate":65865045.88633983,"totalPublicGas":{"daGas":4000,"l2Gas":3236150},"totalBlockGas":{"daGas":4000,"l2Gas":3236150},"totalSizeInBytes":4128,"silentlySkippedCount":0,"silentlySkippedDurationMs":0}
[18:15:52.647] INFO: simulator:public-processor Processed 1 successful txs and 0 failed txs (0 silently skipped, 0ms wasted) in 0.0050270840000011955s {"blockNumber":6,"successfulCount":1,"failedCount":0,"duration":0.0050270840000011955,"rate":0,"totalPublicGas":{"daGas":0,"l2Gas":0},"totalBlockGas":{"daGas":1984,"l2Gas":529900},"totalSizeInBytes":1984,"silentlySkippedCount":0,"silentlySkippedDurationMs":0}
[18:15:52.683] INFO: txe:top_level_context Created block 7 with timestamp 1789496153
[18:15:52.706] INFO: simulator:public-processor Processed 1 successful txs and 0 failed txs (0 silently skipped, 0ms wasted) in 0.02317149999999674s {"blockNumber":4,"successfulCount":1,"failedCount":0,"duration":0.02317149999999674,"rate":49223399.43465725,"totalPublicGas":{"daGas":192,"l2Gas":1140580},"totalBlockGas":{"daGas":320,"l2Gas":1731380},"totalSizeInBytes":320,"silentlySkippedCount":0,"silentlySkippedDurationMs":0}
[18:15:52.735] INFO: txe:top_level_context Created block 5 with timestamp 1789492552
[18:15:53.145] INFO: simulator:public-processor Processed 1 successful txs and 0 failed txs (0 silently skipped, 0ms wasted) in 0.04625987499998883s {"blockNumber":8,"successfulCount":1,"failedCount":0,"duration":0.04625987499998883,"rate":42098406.016022965,"totalPublicGas":{"daGas":2368,"l2Gas":1947467},"totalBlockGas":{"daGas":3744,"l2Gas":2674217},"totalSizeInBytes":3744,"silentlySkippedCount":0,"silentlySkippedDurationMs":0}
[18:15:53.279] INFO: simulator:public-processor Processed 1 successful txs and 0 failed txs (0 silently skipped, 0ms wasted) in 0.043949666000000435s {"blockNumber":6,"successfulCount":1,"failedCount":0,"duration":0.043949666000000435,"rate":0,"totalPublicGas":{"daGas":0,"l2Gas":0},"totalBlockGas":{"daGas":1984,"l2Gas":529900},"totalSizeInBytes":1984,"silentlySkippedCount":0,"silentlySkippedDurationMs":0}
[billboard_test] Testing c02::c04_unknown_deposit_has_explicit_recoverable_error ... [0m[32mok[0m
[18:15:53.602] INFO: txe:top_level_context Created block 9 with timestamp 1789499754
[18:15:54.006] INFO: simulator:public-processor Processed 1 successful txs and 0 failed txs (0 silently skipped, 0ms wasted) in 0.027988083000003827s {"blockNumber":10,"successfulCount":1,"failedCount":0,"duration":0.027988083000003827,"rate":69582007.45652118,"totalPublicGas":{"daGas":2368,"l2Gas":1947467},"totalBlockGas":{"daGas":3744,"l2Gas":2674217},"totalSizeInBytes":3744,"silentlySkippedCount":0,"silentlySkippedDurationMs":0}
[18:15:54.036] INFO: txe:top_level_context Created block 11 with timestamp 1789503355
[billboard_test] Testing c02::c04_stale_retrieved_hint_cannot_skip_authentication ... [0m[32mok[0m
[18:15:55.605] INFO: kv-store:lmdb-v2 Starting data store with maxReaders 2
[18:15:55.606] INFO: world-state:database Creating world state data store at directory /var/folders/ym/q1vh2x5n58xbsmpmvs5_6w3r0000gn/T/aztec-world-state-E3b3RI/world_state with map sizes {"archiveTreeMapSizeKb":10485760,"nullifierTreeMapSizeKb":10485760,"noteHashTreeMapSizeKb":10485760,"messageTreeMapSizeKb":10485760,"publicDataTreeMapSizeKb":10485760} and 2 threads (ephemeral=true).
[18:15:55.616] INFO: txe_node Aztec Node version: txe
[18:15:55.616] INFO: txe_node Aztec Node started on chain 0x1
[18:15:55.629] INFO: txe:top_level_context Created block 1 with timestamp 1789492555
[18:15:55.679] INFO: txe:top_level_context Created block 2 with timestamp 1789492555
[18:15:55.745] INFO: simulator:public-processor Processed 1 successful txs and 0 failed txs (0 silently skipped, 0ms wasted) in 0.039408832999994044s {"blockNumber":3,"successfulCount":1,"failedCount":0,"duration":0.039408832999994044,"rate":82117377.08651482,"totalPublicGas":{"daGas":4000,"l2Gas":3236150},"totalBlockGas":{"daGas":4000,"l2Gas":3236150},"totalSizeInBytes":4128,"silentlySkippedCount":0,"silentlySkippedDurationMs":0}
[18:15:55.857] INFO: simulator:public-processor Processed 1 successful txs and 0 failed txs (0 silently skipped, 0ms wasted) in 0.013951000000000931s {"blockNumber":4,"successfulCount":1,"failedCount":0,"duration":0.013951000000000931,"rate":81756146.51278932,"totalPublicGas":{"daGas":192,"l2Gas":1140580},"totalBlockGas":{"daGas":320,"l2Gas":1731380},"totalSizeInBytes":320,"silentlySkippedCount":0,"silentlySkippedDurationMs":0}
[18:15:55.885] INFO: txe:top_level_context Created block 5 with timestamp 1789492555
[18:15:56.038] INFO: simulator:public-processor Processed 1 successful txs and 0 failed txs (0 silently skipped, 0ms wasted) in 0.003855292000022018s {"blockNumber":6,"successfulCount":1,"failedCount":0,"duration":0.003855292000022018,"rate":0,"totalPublicGas":{"daGas":0,"l2Gas":0},"totalBlockGas":{"daGas":1984,"l2Gas":529900},"totalSizeInBytes":1984,"silentlySkippedCount":0,"silentlySkippedDurationMs":0}
[18:15:56.067] INFO: txe:top_level_context Created block 7 with timestamp 1789496156
[18:15:56.338] INFO: kv-store:lmdb-v2 Starting data store with maxReaders 2
[18:15:56.342] INFO: world-state:database Creating world state data store at directory /var/folders/ym/q1vh2x5n58xbsmpmvs5_6w3r0000gn/T/aztec-world-state-6GV3yh/world_state with map sizes {"archiveTreeMapSizeKb":10485760,"nullifierTreeMapSizeKb":10485760,"noteHashTreeMapSizeKb":10485760,"messageTreeMapSizeKb":10485760,"publicDataTreeMapSizeKb":10485760} and 2 threads (ephemeral=true).
[18:15:56.351] INFO: txe_node Aztec Node version: txe
[18:15:56.351] INFO: txe_node Aztec Node started on chain 0x1
[18:15:56.373] INFO: txe:top_level_context Created block 1 with timestamp 1789492556
[18:15:56.449] INFO: simulator:public-processor Processed 1 successful txs and 0 failed txs (0 silently skipped, 0ms wasted) in 0.0057894999999844s {"blockNumber":8,"successfulCount":1,"failedCount":0,"duration":0.0057894999999844,"rate":0,"totalPublicGas":{"daGas":0,"l2Gas":0},"totalBlockGas":{"daGas":1440,"l2Gas":527400},"totalSizeInBytes":1440,"silentlySkippedCount":0,"silentlySkippedDurationMs":0}
[18:15:56.463] INFO: txe:top_level_context Created block 2 with timestamp 1789492556
[18:15:56.480] INFO: simulator:public-processor Processed 1 successful txs and 0 failed txs (0 silently skipped, 0ms wasted) in 0.005273875000013504s {"blockNumber":9,"successfulCount":1,"failedCount":0,"duration":0.005273875000013504,"rate":1673532.2699110997,"totalPublicGas":{"daGas":0,"l2Gas":8826},"totalBlockGas":{"daGas":0,"l2Gas":8826},"totalSizeInBytes":128,"silentlySkippedCount":0,"silentlySkippedDurationMs":0}
[18:15:56.497] INFO: simulator:public-processor Processed 1 successful txs and 0 failed txs (0 silently skipped, 0ms wasted) in 0.004357457999984035s {"blockNumber":9,"successfulCount":1,"failedCount":0,"duration":0.004357457999984035,"rate":2370418.7166090515,"totalPublicGas":{"daGas":0,"l2Gas":10329},"totalBlockGas":{"daGas":0,"l2Gas":10329},"totalSizeInBytes":128,"silentlySkippedCount":0,"silentlySkippedDurationMs":0}
[18:15:56.569] INFO: simulator:public-processor Processed 1 successful txs and 0 failed txs (0 silently skipped, 0ms wasted) in 0.06742770800000289s {"blockNumber":3,"successfulCount":1,"failedCount":0,"duration":0.06742770800000289,"rate":47994364.57190361,"totalPublicGas":{"daGas":4000,"l2Gas":3236150},"totalBlockGas":{"daGas":4000,"l2Gas":3236150},"totalSizeInBytes":4128,"silentlySkippedCount":0,"silentlySkippedDurationMs":0}
[18:15:56.707] INFO: simulator:public-processor Processed 1 successful txs and 0 failed txs (0 silently skipped, 0ms wasted) in 0.015038499999995111s {"blockNumber":4,"successfulCount":1,"failedCount":0,"duration":0.015038499999995111,"rate":75844000.39900061,"totalPublicGas":{"daGas":192,"l2Gas":1140580},"totalBlockGas":{"daGas":320,"l2Gas":1731380},"totalSizeInBytes":320,"silentlySkippedCount":0,"silentlySkippedDurationMs":0}
[18:15:56.744] INFO: txe:top_level_context Created block 5 with timestamp 1789492556
[18:15:56.926] INFO: simulator:public-processor Processed 1 successful txs and 0 failed txs (0 silently skipped, 0ms wasted) in 0.008881583000009415s {"blockNumber":6,"successfulCount":1,"failedCount":0,"duration":0.008881583000009415,"rate":0,"totalPublicGas":{"daGas":0,"l2Gas":0},"totalBlockGas":{"daGas":1984,"l2Gas":529900},"totalSizeInBytes":1984,"silentlySkippedCount":0,"silentlySkippedDurationMs":0}
[18:15:56.957] INFO: txe:top_level_context Created block 7 with timestamp 1789496157
[18:15:56.960] INFO: txe:top_level_context Created block 9 with timestamp 1789499756
[billboard_test] Testing c03::c03_dummy_rejects_hidden_content ... [0m[32mok[0m
[18:15:57.518] INFO: simulator:public-processor Processed 1 successful txs and 0 failed txs (0 silently skipped, 0ms wasted) in 0.027129374999989523s {"blockNumber":10,"successfulCount":1,"failedCount":0,"duration":0.027129374999989523,"rate":71784440.29767556,"totalPublicGas":{"daGas":2368,"l2Gas":1947467},"totalBlockGas":{"daGas":3744,"l2Gas":2674217},"totalSizeInBytes":3744,"silentlySkippedCount":0,"silentlySkippedDurationMs":0}
[18:15:57.548] INFO: simulator:public-processor Processed 1 successful txs and 0 failed txs (0 silently skipped, 0ms wasted) in 0.004140708000020823s {"blockNumber":11,"successfulCount":1,"failedCount":0,"duration":0.004140708000020823,"rate":2131519.53722784,"totalPublicGas":{"daGas":0,"l2Gas":8826},"totalBlockGas":{"daGas":0,"l2Gas":8826},"totalSizeInBytes":128,"silentlySkippedCount":0,"silentlySkippedDurationMs":0}
[18:15:57.563] INFO: simulator:public-processor Processed 1 successful txs and 0 failed txs (0 silently skipped, 0ms wasted) in 0.004355624999996507s {"blockNumber":11,"successfulCount":1,"failedCount":0,"duration":0.004355624999996507,"rate":2656564.786915604,"totalPublicGas":{"daGas":0,"l2Gas":11571},"totalBlockGas":{"daGas":0,"l2Gas":11571},"totalSizeInBytes":128,"silentlySkippedCount":0,"silentlySkippedDurationMs":0}
[billboard_test] Testing c03::c03_dummy_is_private_and_first_real_post_still_gets_order_zero ... [0m[32mok[0m
[billboard_test] Testing c03::c03_public_publication_rejects_nonself_caller ... [0m[32mok[0m
[18:15:59.081] INFO: kv-store:lmdb-v2 Starting data store with maxReaders 2
[18:15:59.084] INFO: world-state:database Creating world state data store at directory /var/folders/ym/q1vh2x5n58xbsmpmvs5_6w3r0000gn/T/aztec-world-state-qRLkCf/world_state with map sizes {"archiveTreeMapSizeKb":10485760,"nullifierTreeMapSizeKb":10485760,"noteHashTreeMapSizeKb":10485760,"messageTreeMapSizeKb":10485760,"publicDataTreeMapSizeKb":10485760} and 2 threads (ephemeral=true).
[18:15:59.096] INFO: txe_node Aztec Node version: txe
[18:15:59.096] INFO: txe_node Aztec Node started on chain 0x1
[18:15:59.111] INFO: txe:top_level_context Created block 1 with timestamp 1789492559
[18:15:59.150] INFO: txe:top_level_context Created block 2 with timestamp 1789492559
[18:15:59.219] INFO: simulator:public-processor Processed 1 successful txs and 0 failed txs (0 silently skipped, 0ms wasted) in 0.03904725000000326s {"blockNumber":3,"successfulCount":1,"failedCount":0,"duration":0.03904725000000326,"rate":82877795.4913529,"totalPublicGas":{"daGas":4000,"l2Gas":3236150},"totalBlockGas":{"daGas":4000,"l2Gas":3236150},"totalSizeInBytes":4128,"silentlySkippedCount":0,"silentlySkippedDurationMs":0}
[18:15:59.250] INFO: simulator:public-processor Processed 1 successful txs and 0 failed txs (0 silently skipped, 0ms wasted) in 0.004816499999986263s {"blockNumber":4,"successfulCount":1,"failedCount":0,"duration":0.004816499999986263,"rate":5762067.891638981,"totalPublicGas":{"daGas":0,"l2Gas":27753},"totalBlockGas":{"daGas":0,"l2Gas":27753},"totalSizeInBytes":128,"silentlySkippedCount":0,"silentlySkippedDurationMs":0}
[18:15:59.252] WARN: txe:top_level_context Could not find function artifact in contract Billboard for function '0xdcbccbbf' when enriching error callstack
[18:15:59.678] INFO: kv-store:lmdb-v2 Starting data store with maxReaders 2
[18:15:59.679] INFO: world-state:database Creating world state data store at directory /var/folders/ym/q1vh2x5n58xbsmpmvs5_6w3r0000gn/T/aztec-world-state-YsHjV5/world_state with map sizes {"archiveTreeMapSizeKb":10485760,"nullifierTreeMapSizeKb":10485760,"noteHashTreeMapSizeKb":10485760,"messageTreeMapSizeKb":10485760,"publicDataTreeMapSizeKb":10485760} and 2 threads (ephemeral=true).
[18:15:59.689] INFO: txe_node Aztec Node version: txe
[18:15:59.689] INFO: txe_node Aztec Node started on chain 0x1
[18:15:59.703] INFO: txe:top_level_context Created block 1 with timestamp 1789492559
[18:15:59.751] INFO: txe:top_level_context Created block 2 with timestamp 1789492559
[18:15:59.823] INFO: simulator:public-processor Processed 1 successful txs and 0 failed txs (0 silently skipped, 0ms wasted) in 0.038784332999988694s {"blockNumber":3,"successfulCount":1,"failedCount":0,"duration":0.038784332999988694,"rate":83439619.80733156,"totalPublicGas":{"daGas":4000,"l2Gas":3236150},"totalBlockGas":{"daGas":4000,"l2Gas":3236150},"totalSizeInBytes":4128,"silentlySkippedCount":0,"silentlySkippedDurationMs":0}
[18:15:59.855] INFO: simulator:public-processor Processed 1 successful txs and 0 failed txs (0 silently skipped, 0ms wasted) in 0.004623082999984035s {"blockNumber":4,"successfulCount":1,"failedCount":0,"duration":0.004623082999984035,"rate":6015466.302486032,"totalPublicGas":{"daGas":0,"l2Gas":27810},"totalBlockGas":{"daGas":0,"l2Gas":27810},"totalSizeInBytes":128,"silentlySkippedCount":0,"silentlySkippedDurationMs":0}
[18:15:59.857] WARN: txe:top_level_context Could not find function artifact in contract Billboard for function '0xdcbccbbf' when enriching error callstack
[billboard_test] Testing c03::c03_public_publication_rejects_zero_id ... [0m[32mok[0m
[18:16:01.621] INFO: kv-store:lmdb-v2 Starting data store with maxReaders 2
[18:16:01.626] INFO: world-state:database Creating world state data store at directory /var/folders/ym/q1vh2x5n58xbsmpmvs5_6w3r0000gn/T/aztec-world-state-AvXRx7/world_state with map sizes {"archiveTreeMapSizeKb":10485760,"nullifierTreeMapSizeKb":10485760,"noteHashTreeMapSizeKb":10485760,"messageTreeMapSizeKb":10485760,"publicDataTreeMapSizeKb":10485760} and 2 threads (ephemeral=true).
[18:16:01.641] INFO: txe_node Aztec Node version: txe
[18:16:01.641] INFO: txe_node Aztec Node started on chain 0x1
[18:16:01.660] INFO: txe:top_level_context Created block 1 with timestamp 1789492561
[18:16:01.719] INFO: txe:top_level_context Created block 2 with timestamp 1789492561
[18:16:01.811] INFO: simulator:public-processor Processed 1 successful txs and 0 failed txs (0 silently skipped, 0ms wasted) in 0.05456970900000306s {"blockNumber":3,"successfulCount":1,"failedCount":0,"duration":0.05456970900000306,"rate":59303046.677412525,"totalPublicGas":{"daGas":4000,"l2Gas":3236150},"totalBlockGas":{"daGas":4000,"l2Gas":3236150},"totalSizeInBytes":4128,"silentlySkippedCount":0,"silentlySkippedDurationMs":0}
[18:16:02.551] INFO: simulator:public-processor Processed 1 successful txs and 0 failed txs (0 silently skipped, 0ms wasted) in 0.05968512500001816s {"blockNumber":4,"successfulCount":1,"failedCount":0,"duration":0.05968512500001816,"rate":19109954.113351576,"totalPublicGas":{"daGas":192,"l2Gas":1140580},"totalBlockGas":{"daGas":320,"l2Gas":1731380},"totalSizeInBytes":320,"silentlySkippedCount":0,"silentlySkippedDurationMs":0}
[18:16:02.592] INFO: txe:top_level_context Created block 5 with timestamp 1789492561
[18:16:02.808] INFO: simulator:public-processor Processed 1 successful txs and 0 failed txs (0 silently skipped, 0ms wasted) in 0.007581416999979411s {"blockNumber":6,"successfulCount":1,"failedCount":0,"duration":0.007581416999979411,"rate":0,"totalPublicGas":{"daGas":0,"l2Gas":0},"totalBlockGas":{"daGas":1984,"l2Gas":529900},"totalSizeInBytes":1984,"silentlySkippedCount":0,"silentlySkippedDurationMs":0}
[18:16:02.841] INFO: txe:top_level_context Created block 7 with timestamp 1789496162
[18:16:02.966] INFO: kv-store:lmdb-v2 Starting data store with maxReaders 2
[18:16:02.967] INFO: world-state:database Creating world state data store at directory /var/folders/ym/q1vh2x5n58xbsmpmvs5_6w3r0000gn/T/aztec-world-state-WuG3QL/world_state with map sizes {"archiveTreeMapSizeKb":10485760,"nullifierTreeMapSizeKb":10485760,"noteHashTreeMapSizeKb":10485760,"messageTreeMapSizeKb":10485760,"publicDataTreeMapSizeKb":10485760} and 2 threads (ephemeral=true).
[18:16:02.980] INFO: txe_node Aztec Node version: txe
[18:16:02.980] INFO: txe_node Aztec Node started on chain 0x1
[18:16:03.138] INFO: txe:top_level_context Created block 1 with timestamp 1789492562
[18:16:03.184] INFO: txe:top_level_context Created block 2 with timestamp 1789492562
[18:16:03.262] INFO: simulator:public-processor Processed 1 successful txs and 0 failed txs (0 silently skipped, 0ms wasted) in 0.04708287499999278s {"blockNumber":3,"successfulCount":1,"failedCount":0,"duration":0.04708287499999278,"rate":68733058.46341151,"totalPublicGas":{"daGas":4000,"l2Gas":3236150},"totalBlockGas":{"daGas":4000,"l2Gas":3236150},"totalSizeInBytes":4128,"silentlySkippedCount":0,"silentlySkippedDurationMs":0}
[billboard_test] Testing c03::c03_real_post_rejects_hidden_message_suffix ... [0m[32mok[0m
[18:16:03.377] INFO: simulator:public-processor Processed 1 successful txs and 0 failed txs (0 silently skipped, 0ms wasted) in 0.01399808399999165s {"blockNumber":4,"successfulCount":1,"failedCount":0,"duration":0.01399808399999165,"rate":81481151.27760917,"totalPublicGas":{"daGas":192,"l2Gas":1140580},"totalBlockGas":{"daGas":320,"l2Gas":1731380},"totalSizeInBytes":320,"silentlySkippedCount":0,"silentlySkippedDurationMs":0}
[18:16:03.406] INFO: txe:top_level_context Created block 5 with timestamp 1789492562
[18:16:03.562] INFO: simulator:public-processor Processed 1 successful txs and 0 failed txs (0 silently skipped, 0ms wasted) in 0.004685916000045836s {"blockNumber":6,"successfulCount":1,"failedCount":0,"duration":0.004685916000045836,"rate":0,"totalPublicGas":{"daGas":0,"l2Gas":0},"totalBlockGas":{"daGas":1984,"l2Gas":529900},"totalSizeInBytes":1984,"silentlySkippedCount":0,"silentlySkippedDurationMs":0}
[18:16:03.591] INFO: txe:top_level_context Created block 7 with timestamp 1789496163
[billboard_test] Testing c03::c03_real_post_rejects_zero_nonce ... [0m[32mok[0m
[18:16:05.160] INFO: kv-store:lmdb-v2 Starting data store with maxReaders 2
[18:16:05.162] INFO: world-state:database Creating world state data store at directory /var/folders/ym/q1vh2x5n58xbsmpmvs5_6w3r0000gn/T/aztec-world-state-zHvAWY/world_state with map sizes {"archiveTreeMapSizeKb":10485760,"nullifierTreeMapSizeKb":10485760,"noteHashTreeMapSizeKb":10485760,"messageTreeMapSizeKb":10485760,"publicDataTreeMapSizeKb":10485760} and 2 threads (ephemeral=true).
[18:16:05.170] INFO: txe_node Aztec Node version: txe
[18:16:05.170] INFO: txe_node Aztec Node started on chain 0x1
[18:16:05.182] INFO: txe:top_level_context Created block 1 with timestamp 1789492565
[18:16:05.218] INFO: txe:top_level_context Created block 2 with timestamp 1789492565
[18:16:05.285] INFO: simulator:public-processor Processed 1 successful txs and 0 failed txs (0 silently skipped, 0ms wasted) in 0.04020320799999172s {"blockNumber":3,"successfulCount":1,"failedCount":0,"duration":0.04020320799999172,"rate":80494820.21436365,"totalPublicGas":{"daGas":4000,"l2Gas":3236150},"totalBlockGas":{"daGas":4000,"l2Gas":3236150},"totalSizeInBytes":4128,"silentlySkippedCount":0,"silentlySkippedDurationMs":0}
[18:16:05.397] INFO: simulator:public-processor Processed 1 successful txs and 0 failed txs (0 silently skipped, 0ms wasted) in 0.013506292000005487s {"blockNumber":4,"successfulCount":1,"failedCount":0,"duration":0.013506292000005487,"rate":84448048.36142567,"totalPublicGas":{"daGas":192,"l2Gas":1140580},"totalBlockGas":{"daGas":320,"l2Gas":1731380},"totalSizeInBytes":320,"silentlySkippedCount":0,"silentlySkippedDurationMs":0}
[18:16:05.424] INFO: txe:top_level_context Created block 5 with timestamp 1789492565
[18:16:05.579] INFO: simulator:public-processor Processed 1 successful txs and 0 failed txs (0 silently skipped, 0ms wasted) in 0.0038958330000168646s {"blockNumber":6,"successfulCount":1,"failedCount":0,"duration":0.0038958330000168646,"rate":0,"totalPublicGas":{"daGas":0,"l2Gas":0},"totalBlockGas":{"daGas":1984,"l2Gas":529900},"totalSizeInBytes":1984,"silentlySkippedCount":0,"silentlySkippedDurationMs":0}
[18:16:05.608] INFO: txe:top_level_context Created block 7 with timestamp 1789496166
[18:16:05.705] INFO: kv-store:lmdb-v2 Starting data store with maxReaders 2
[18:16:05.709] INFO: world-state:database Creating world state data store at directory /var/folders/ym/q1vh2x5n58xbsmpmvs5_6w3r0000gn/T/aztec-world-state-0WvWFc/world_state with map sizes {"archiveTreeMapSizeKb":10485760,"nullifierTreeMapSizeKb":10485760,"noteHashTreeMapSizeKb":10485760,"messageTreeMapSizeKb":10485760,"publicDataTreeMapSizeKb":10485760} and 2 threads (ephemeral=true).
[18:16:05.719] INFO: txe_node Aztec Node version: txe
[18:16:05.719] INFO: txe_node Aztec Node started on chain 0x1
[18:16:05.908] INFO: txe:top_level_context Created block 1 with timestamp 1789492565
[18:16:05.996] INFO: txe:top_level_context Created block 2 with timestamp 1789492565
[18:16:06.023] INFO: simulator:public-processor Processed 1 successful txs and 0 failed txs (0 silently skipped, 0ms wasted) in 0.027942458000034094s {"blockNumber":8,"successfulCount":1,"failedCount":0,"duration":0.027942458000034094,"rate":69695622.33922383,"totalPublicGas":{"daGas":2368,"l2Gas":1947467},"totalBlockGas":{"daGas":3744,"l2Gas":2674217},"totalSizeInBytes":3744,"silentlySkippedCount":0,"silentlySkippedDurationMs":0}
[18:16:06.054] INFO: simulator:public-processor Processed 1 successful txs and 0 failed txs (0 silently skipped, 0ms wasted) in 0.004834667000046465s {"blockNumber":9,"successfulCount":1,"failedCount":0,"duration":0.004834667000046465,"rate":2393339.6033043833,"totalPublicGas":{"daGas":0,"l2Gas":11571},"totalBlockGas":{"daGas":0,"l2Gas":11571},"totalSizeInBytes":128,"silentlySkippedCount":0,"silentlySkippedDurationMs":0}
[18:16:06.086] INFO: simulator:public-processor Processed 1 successful txs and 0 failed txs (0 silently skipped, 0ms wasted) in 0.0631105830000015s {"blockNumber":3,"successfulCount":1,"failedCount":0,"duration":0.0631105830000015,"rate":51277453.73545232,"totalPublicGas":{"daGas":4000,"l2Gas":3236150},"totalBlockGas":{"daGas":4000,"l2Gas":3236150},"totalSizeInBytes":4128,"silentlySkippedCount":0,"silentlySkippedDurationMs":0}
[18:16:06.244] INFO: simulator:public-processor Processed 1 successful txs and 0 failed txs (0 silently skipped, 0ms wasted) in 0.013666167000017595s {"blockNumber":4,"successfulCount":1,"failedCount":0,"duration":0.013666167000017595,"rate":83460124.55420247,"totalPublicGas":{"daGas":192,"l2Gas":1140580},"totalBlockGas":{"daGas":320,"l2Gas":1731380},"totalSizeInBytes":320,"silentlySkippedCount":0,"silentlySkippedDurationMs":0}
[18:16:06.296] INFO: txe:top_level_context Created block 5 with timestamp 1789492565
[18:16:06.458] INFO: txe:top_level_context Created block 9 with timestamp 1789499767
[18:16:06.523] INFO: simulator:public-processor Processed 1 successful txs and 0 failed txs (0 silently skipped, 0ms wasted) in 0.004489584000024479s {"blockNumber":6,"successfulCount":1,"failedCount":0,"duration":0.004489584000024479,"rate":0,"totalPublicGas":{"daGas":0,"l2Gas":0},"totalBlockGas":{"daGas":1984,"l2Gas":529900},"totalSizeInBytes":1984,"silentlySkippedCount":0,"silentlySkippedDurationMs":0}
[billboard_test] Testing c03::c03_reused_nonce_rejects_duplicate_public_id ... [0m[32mok[0m
[18:16:06.945] INFO: simulator:public-processor Processed 1 successful txs and 0 failed txs (0 silently skipped, 0ms wasted) in 0.006953833000035957s {"blockNumber":10,"successfulCount":1,"failedCount":0,"duration":0.006953833000035957,"rate":4341778.124358736,"totalPublicGas":{"daGas":0,"l2Gas":30192},"totalBlockGas":{"daGas":1376,"l2Gas":756942},"totalSizeInBytes":128,"silentlySkippedCount":0,"silentlySkippedDurationMs":0}
[18:16:06.947] WARN: txe:top_level_context Could not find function artifact in contract Billboard for function '0xdcbccbbf' when enriching error callstack
[18:16:07.132] INFO: txe:top_level_context Created block 7 with timestamp 1789492565
[18:16:07.310] INFO: simulator:public-processor Processed 1 successful txs and 0 failed txs (0 silently skipped, 0ms wasted) in 0.004236750000040047s {"blockNumber":8,"successfulCount":1,"failedCount":0,"duration":0.004236750000040047,"rate":0,"totalPublicGas":{"daGas":0,"l2Gas":0},"totalBlockGas":{"daGas":1984,"l2Gas":529900},"totalSizeInBytes":1984,"silentlySkippedCount":0,"silentlySkippedDurationMs":0}
[18:16:07.766] INFO: txe:top_level_context Created block 9 with timestamp 1789492565
[18:16:07.943] INFO: simulator:public-processor Processed 1 successful txs and 0 failed txs (0 silently skipped, 0ms wasted) in 0.003964709000021685s {"blockNumber":10,"successfulCount":1,"failedCount":0,"duration":0.003964709000021685,"rate":0,"totalPublicGas":{"daGas":0,"l2Gas":0},"totalBlockGas":{"daGas":1984,"l2Gas":529900},"totalSizeInBytes":1984,"silentlySkippedCount":0,"silentlySkippedDurationMs":0}
[18:16:08.534] INFO: txe:top_level_context Created block 11 with timestamp 1789492565
[18:16:08.719] INFO: simulator:public-processor Processed 1 successful txs and 0 failed txs (0 silently skipped, 0ms wasted) in 0.0038520420000422747s {"blockNumber":12,"successfulCount":1,"failedCount":0,"duration":0.0038520420000422747,"rate":0,"totalPublicGas":{"daGas":0,"l2Gas":0},"totalBlockGas":{"daGas":1984,"l2Gas":529900},"totalSizeInBytes":1984,"silentlySkippedCount":0,"silentlySkippedDurationMs":0}
[18:16:09.170] INFO: kv-store:lmdb-v2 Starting data store with maxReaders 2
[18:16:09.171] INFO: world-state:database Creating world state data store at directory /var/folders/ym/q1vh2x5n58xbsmpmvs5_6w3r0000gn/T/aztec-world-state-uLWfjS/world_state with map sizes {"archiveTreeMapSizeKb":10485760,"nullifierTreeMapSizeKb":10485760,"noteHashTreeMapSizeKb":10485760,"messageTreeMapSizeKb":10485760,"publicDataTreeMapSizeKb":10485760} and 2 threads (ephemeral=true).
[18:16:09.183] INFO: txe_node Aztec Node version: txe
[18:16:09.183] INFO: txe_node Aztec Node started on chain 0x1
[18:16:09.211] INFO: txe:top_level_context Created block 1 with timestamp 1789492569
[18:16:09.268] INFO: txe:top_level_context Created block 2 with timestamp 1789492569
[18:16:09.339] INFO: simulator:public-processor Processed 1 successful txs and 0 failed txs (0 silently skipped, 0ms wasted) in 0.0429883330000448s {"blockNumber":3,"successfulCount":1,"failedCount":0,"duration":0.0429883330000448,"rate":75279727.64137255,"totalPublicGas":{"daGas":4000,"l2Gas":3236150},"totalBlockGas":{"daGas":4000,"l2Gas":3236150},"totalSizeInBytes":4128,"silentlySkippedCount":0,"silentlySkippedDurationMs":0}
[18:16:09.479] INFO: simulator:public-processor Processed 1 successful txs and 0 failed txs (0 silently skipped, 0ms wasted) in 0.016245292000006885s {"blockNumber":4,"successfulCount":1,"failedCount":0,"duration":0.016245292000006885,"rate":70209879.88393909,"totalPublicGas":{"daGas":192,"l2Gas":1140580},"totalBlockGas":{"daGas":320,"l2Gas":1731380},"totalSizeInBytes":320,"silentlySkippedCount":0,"silentlySkippedDurationMs":0}
[18:16:09.518] INFO: txe:top_level_context Created block 5 with timestamp 1789492569
[18:16:09.695] INFO: txe:top_level_context Created block 13 with timestamp 1789492565
[18:16:09.705] INFO: simulator:public-processor Processed 1 successful txs and 0 failed txs (0 silently skipped, 0ms wasted) in 0.003856541000015568s {"blockNumber":6,"successfulCount":1,"failedCount":0,"duration":0.003856541000015568,"rate":0,"totalPublicGas":{"daGas":0,"l2Gas":0},"totalBlockGas":{"daGas":1984,"l2Gas":529900},"totalSizeInBytes":1984,"silentlySkippedCount":0,"silentlySkippedDurationMs":0}
[18:16:09.744] INFO: txe:top_level_context Created block 7 with timestamp 1789499770
[18:16:10.128] INFO: simulator:public-processor Processed 1 successful txs and 0 failed txs (0 silently skipped, 0ms wasted) in 0.02813670800003456s {"blockNumber":14,"successfulCount":1,"failedCount":0,"duration":0.02813670800003456,"rate":0,"totalPublicGas":{"daGas":0,"l2Gas":0},"totalBlockGas":{"daGas":1984,"l2Gas":529900},"totalSizeInBytes":1984,"silentlySkippedCount":0,"silentlySkippedDurationMs":0}
[18:16:10.786] INFO: simulator:public-processor Processed 1 successful txs and 0 failed txs (0 silently skipped, 0ms wasted) in 0.034627833000035024s {"blockNumber":8,"successfulCount":1,"failedCount":0,"duration":0.034627833000035024,"rate":56239932.773097016,"totalPublicGas":{"daGas":2368,"l2Gas":1947467},"totalBlockGas":{"daGas":3744,"l2Gas":2674217},"totalSizeInBytes":3744,"silentlySkippedCount":0,"silentlySkippedDurationMs":0}
[18:16:10.820] INFO: simulator:public-processor Processed 1 successful txs and 0 failed txs (0 silently skipped, 0ms wasted) in 0.004855207999993581s {"blockNumber":9,"successfulCount":1,"failedCount":0,"duration":0.004855207999993581,"rate":1817841.7896847401,"totalPublicGas":{"daGas":0,"l2Gas":8826},"totalBlockGas":{"daGas":0,"l2Gas":8826},"totalSizeInBytes":128,"silentlySkippedCount":0,"silentlySkippedDurationMs":0}
[18:16:11.852] INFO: txe:top_level_context Created block 15 with timestamp 1789492565
[18:16:12.130] INFO: simulator:public-processor Processed 1 successful txs and 0 failed txs (0 silently skipped, 0ms wasted) in 0.00599733300000662s {"blockNumber":16,"successfulCount":1,"failedCount":0,"duration":0.00599733300000662,"rate":0,"totalPublicGas":{"daGas":0,"l2Gas":0},"totalBlockGas":{"daGas":1984,"l2Gas":529900},"totalSizeInBytes":1984,"silentlySkippedCount":0,"silentlySkippedDurationMs":0}
[18:16:13.838] INFO: txe:top_level_context Created block 17 with timestamp 1789492565
[18:16:14.168] INFO: simulator:public-processor Processed 1 successful txs and 0 failed txs (0 silently skipped, 0ms wasted) in 0.004778999999980442s {"blockNumber":18,"successfulCount":1,"failedCount":0,"duration":0.004778999999980442,"rate":0,"totalPublicGas":{"daGas":0,"l2Gas":0},"totalBlockGas":{"daGas":1984,"l2Gas":529900},"totalSizeInBytes":1984,"silentlySkippedCount":0,"silentlySkippedDurationMs":0}
[18:16:16.490] INFO: txe:top_level_context Created block 19 with timestamp 1789492565
[18:16:16.829] INFO: simulator:public-processor Processed 1 successful txs and 0 failed txs (0 silently skipped, 0ms wasted) in 0.004238125000032596s {"blockNumber":20,"successfulCount":1,"failedCount":0,"duration":0.004238125000032596,"rate":0,"totalPublicGas":{"daGas":0,"l2Gas":0},"totalBlockGas":{"daGas":1984,"l2Gas":529900},"totalSizeInBytes":1984,"silentlySkippedCount":0,"silentlySkippedDurationMs":0}
[18:16:19.762] INFO: txe:top_level_context Created block 21 with timestamp 1789492565
[18:16:20.243] INFO: simulator:public-processor Processed 1 successful txs and 0 failed txs (0 silently skipped, 0ms wasted) in 0.010719916000030935s {"blockNumber":22,"successfulCount":1,"failedCount":0,"duration":0.010719916000030935,"rate":0,"totalPublicGas":{"daGas":0,"l2Gas":0},"totalBlockGas":{"daGas":1984,"l2Gas":529900},"totalSizeInBytes":1984,"silentlySkippedCount":0,"silentlySkippedDurationMs":0}
[18:16:24.077] INFO: txe:top_level_context Created block 23 with timestamp 1789492565
[18:16:24.576] INFO: simulator:public-processor Processed 1 successful txs and 0 failed txs (0 silently skipped, 0ms wasted) in 0.006721625000005588s {"blockNumber":24,"successfulCount":1,"failedCount":0,"duration":0.006721625000005588,"rate":0,"totalPublicGas":{"daGas":0,"l2Gas":0},"totalBlockGas":{"daGas":1984,"l2Gas":529900},"totalSizeInBytes":1984,"silentlySkippedCount":0,"silentlySkippedDurationMs":0}
[18:16:29.314] INFO: txe:top_level_context Created block 25 with timestamp 1789496166
[18:16:29.343] INFO: simulator:public-processor Processed 1 successful txs and 0 failed txs (0 silently skipped, 0ms wasted) in 0.004569790999987162s {"blockNumber":26,"successfulCount":1,"failedCount":0,"duration":0.004569790999987162,"rate":1931379.3563042148,"totalPublicGas":{"daGas":0,"l2Gas":8826},"totalBlockGas":{"daGas":0,"l2Gas":8826},"totalSizeInBytes":128,"silentlySkippedCount":0,"silentlySkippedDurationMs":0}
[18:16:30.142] INFO: simulator:public-processor Processed 1 successful txs and 0 failed txs (0 silently skipped, 0ms wasted) in 0.04192679200001294s {"blockNumber":26,"successfulCount":1,"failedCount":0,"duration":0.04192679200001294,"rate":46449225.115992635,"totalPublicGas":{"daGas":2368,"l2Gas":1947467},"totalBlockGas":{"daGas":3744,"l2Gas":2674217},"totalSizeInBytes":3744,"silentlySkippedCount":0,"silentlySkippedDurationMs":0}
[18:16:30.193] INFO: simulator:public-processor Processed 1 successful txs and 0 failed txs (0 silently skipped, 0ms wasted) in 0.005108249999990221s {"blockNumber":27,"successfulCount":1,"failedCount":0,"duration":0.005108249999990221,"rate":1727793.2755869222,"totalPublicGas":{"daGas":0,"l2Gas":8826},"totalBlockGas":{"daGas":0,"l2Gas":8826},"totalSizeInBytes":128,"silentlySkippedCount":0,"silentlySkippedDurationMs":0}
[18:16:30.220] INFO: simulator:public-processor Processed 1 successful txs and 0 failed txs (0 silently skipped, 0ms wasted) in 0.0050411670000175945s {"blockNumber":27,"successfulCount":1,"failedCount":0,"duration":0.0050411670000175945,"rate":2295301.861644261,"totalPublicGas":{"daGas":0,"l2Gas":11571},"totalBlockGas":{"daGas":0,"l2Gas":11571},"totalSizeInBytes":128,"silentlySkippedCount":0,"silentlySkippedDurationMs":0}
[18:16:30.249] INFO: simulator:public-processor Processed 1 successful txs and 0 failed txs (0 silently skipped, 0ms wasted) in 0.005826042000029702s {"blockNumber":27,"successfulCount":1,"failedCount":0,"duration":0.005826042000029702,"rate":1772901.7401431953,"totalPublicGas":{"daGas":0,"l2Gas":10329},"totalBlockGas":{"daGas":0,"l2Gas":10329},"totalSizeInBytes":128,"silentlySkippedCount":0,"silentlySkippedDurationMs":0}
[18:16:30.286] INFO: simulator:public-processor Processed 1 successful txs and 0 failed txs (0 silently skipped, 0ms wasted) in 0.01638983300002292s {"blockNumber":27,"successfulCount":1,"failedCount":0,"duration":0.01638983300002292,"rate":9398021.322107712,"totalPublicGas":{"daGas":0,"l2Gas":154032},"totalBlockGas":{"daGas":0,"l2Gas":154032},"totalSizeInBytes":128,"silentlySkippedCount":0,"silentlySkippedDurationMs":0}
[18:16:30.303] INFO: simulator:public-processor Processed 1 successful txs and 0 failed txs (0 silently skipped, 0ms wasted) in 0.005047375000023749s {"blockNumber":27,"successfulCount":1,"failedCount":0,"duration":0.005047375000023749,"rate":2517744.372062747,"totalPublicGas":{"daGas":0,"l2Gas":12708},"totalBlockGas":{"daGas":0,"l2Gas":12708},"totalSizeInBytes":128,"silentlySkippedCount":0,"silentlySkippedDurationMs":0}
[18:16:30.317] INFO: simulator:public-processor Processed 1 successful txs and 0 failed txs (0 silently skipped, 0ms wasted) in 0.004456042000034358s {"blockNumber":27,"successfulCount":1,"failedCount":0,"duration":0.004456042000034358,"rate":2888213.3516472164,"totalPublicGas":{"daGas":0,"l2Gas":12870},"totalBlockGas":{"daGas":0,"l2Gas":12870},"totalSizeInBytes":128,"silentlySkippedCount":0,"silentlySkippedDurationMs":0}
[18:16:35.961] INFO: simulator:public-processor Processed 1 successful txs and 0 failed txs (0 silently skipped, 0ms wasted) in 0.04421374999999534s {"blockNumber":27,"successfulCount":1,"failedCount":0,"duration":0.04421374999999534,"rate":44046637.075575024,"totalPublicGas":{"daGas":2368,"l2Gas":1947467},"totalBlockGas":{"daGas":3744,"l2Gas":2674217},"totalSizeInBytes":3744,"silentlySkippedCount":0,"silentlySkippedDurationMs":0}
[18:16:36.006] INFO: simulator:public-processor Processed 1 successful txs and 0 failed txs (0 silently skipped, 0ms wasted) in 0.004910833000030835s {"blockNumber":28,"successfulCount":1,"failedCount":0,"duration":0.004910833000030835,"rate":1797251.0977149054,"totalPublicGas":{"daGas":0,"l2Gas":8826},"totalBlockGas":{"daGas":0,"l2Gas":8826},"totalSizeInBytes":128,"silentlySkippedCount":0,"silentlySkippedDurationMs":0}
[18:16:36.034] INFO: simulator:public-processor Processed 1 successful txs and 0 failed txs (0 silently skipped, 0ms wasted) in 0.004936541999981273s {"blockNumber":28,"successfulCount":1,"failedCount":0,"duration":0.004936541999981273,"rate":2343948.456235943,"totalPublicGas":{"daGas":0,"l2Gas":11571},"totalBlockGas":{"daGas":0,"l2Gas":11571},"totalSizeInBytes":128,"silentlySkippedCount":0,"silentlySkippedDurationMs":0}
[18:16:36.064] INFO: simulator:public-processor Processed 1 successful txs and 0 failed txs (0 silently skipped, 0ms wasted) in 0.0047894579999847335s {"blockNumber":28,"successfulCount":1,"failedCount":0,"duration":0.0047894579999847335,"rate":2156611.4579213187,"totalPublicGas":{"daGas":0,"l2Gas":10329},"totalBlockGas":{"daGas":0,"l2Gas":10329},"totalSizeInBytes":128,"silentlySkippedCount":0,"silentlySkippedDurationMs":0}
[18:16:36.083] INFO: simulator:public-processor Processed 1 successful txs and 0 failed txs (0 silently skipped, 0ms wasted) in 0.008617125000047963s {"blockNumber":28,"successfulCount":1,"failedCount":0,"duration":0.008617125000047963,"rate":17875103.355137896,"totalPublicGas":{"daGas":0,"l2Gas":154032},"totalBlockGas":{"daGas":0,"l2Gas":154032},"totalSizeInBytes":128,"silentlySkippedCount":0,"silentlySkippedDurationMs":0}
[18:16:36.113] INFO: simulator:public-processor Processed 1 successful txs and 0 failed txs (0 silently skipped, 0ms wasted) in 0.005248874999990221s {"blockNumber":28,"successfulCount":1,"failedCount":0,"duration":0.005248874999990221,"rate":2421090.2336260006,"totalPublicGas":{"daGas":0,"l2Gas":12708},"totalBlockGas":{"daGas":0,"l2Gas":12708},"totalSizeInBytes":128,"silentlySkippedCount":0,"silentlySkippedDurationMs":0}
[18:16:36.145] INFO: simulator:public-processor Processed 1 successful txs and 0 failed txs (0 silently skipped, 0ms wasted) in 0.0052804579999647105s {"blockNumber":28,"successfulCount":1,"failedCount":0,"duration":0.0052804579999647105,"rate":2437288.5836959616,"totalPublicGas":{"daGas":0,"l2Gas":12870},"totalBlockGas":{"daGas":0,"l2Gas":12870},"totalSizeInBytes":128,"silentlySkippedCount":0,"silentlySkippedDurationMs":0}
[18:16:41.191] INFO: txe:top_level_context Created block 73 with timestamp 1789506971
[18:16:41.818] INFO: simulator:public-processor Processed 1 successful txs and 0 failed txs (0 silently skipped, 0ms wasted) in 0.18178137500002048s {"blockNumber":74,"successfulCount":1,"failedCount":0,"duration":0.18178137500002048,"rate":10713237.26096681,"totalPublicGas":{"daGas":2368,"l2Gas":1947467},"totalBlockGas":{"daGas":3744,"l2Gas":2674217},"totalSizeInBytes":3744,"silentlySkippedCount":0,"silentlySkippedDurationMs":0}
[18:16:42.022] INFO: simulator:public-processor Processed 1 successful txs and 0 failed txs (0 silently skipped, 0ms wasted) in 0.03299316699994961s {"blockNumber":28,"successfulCount":1,"failedCount":0,"duration":0.03299316699994961,"rate":59026373.55192287,"totalPublicGas":{"daGas":2368,"l2Gas":1947467},"totalBlockGas":{"daGas":3744,"l2Gas":2674217},"totalSizeInBytes":3744,"silentlySkippedCount":0,"silentlySkippedDurationMs":0}
[18:16:42.062] INFO: simulator:public-processor Processed 1 successful txs and 0 failed txs (0 silently skipped, 0ms wasted) in 0.0050280419999617154s {"blockNumber":29,"successfulCount":1,"failedCount":0,"duration":0.0050280419999617154,"rate":1755355.2655421738,"totalPublicGas":{"daGas":0,"l2Gas":8826},"totalBlockGas":{"daGas":0,"l2Gas":8826},"totalSizeInBytes":128,"silentlySkippedCount":0,"silentlySkippedDurationMs":0}
[18:16:42.081] INFO: simulator:public-processor Processed 1 successful txs and 0 failed txs (0 silently skipped, 0ms wasted) in 0.004937290999980178s {"blockNumber":29,"successfulCount":1,"failedCount":0,"duration":0.004937290999980178,"rate":2343592.873105202,"totalPublicGas":{"daGas":0,"l2Gas":11571},"totalBlockGas":{"daGas":0,"l2Gas":11571},"totalSizeInBytes":128,"silentlySkippedCount":0,"silentlySkippedDurationMs":0}
[18:16:42.096] INFO: simulator:public-processor Processed 1 successful txs and 0 failed txs (0 silently skipped, 0ms wasted) in 0.00455945800000336s {"blockNumber":29,"successfulCount":1,"failedCount":0,"duration":0.00455945800000336,"rate":2265400.843695103,"totalPublicGas":{"daGas":0,"l2Gas":10329},"totalBlockGas":{"daGas":0,"l2Gas":10329},"totalSizeInBytes":128,"silentlySkippedCount":0,"silentlySkippedDurationMs":0}
[18:16:42.120] INFO: simulator:public-processor Processed 1 successful txs and 0 failed txs (0 silently skipped, 0ms wasted) in 0.012224207999999634s {"blockNumber":29,"successfulCount":1,"failedCount":0,"duration":0.012224207999999634,"rate":12600570.93269393,"totalPublicGas":{"daGas":0,"l2Gas":154032},"totalBlockGas":{"daGas":0,"l2Gas":154032},"totalSizeInBytes":128,"silentlySkippedCount":0,"silentlySkippedDurationMs":0}
[18:16:42.141] INFO: simulator:public-processor Processed 1 successful txs and 0 failed txs (0 silently skipped, 0ms wasted) in 0.006605875000008382s {"blockNumber":29,"successfulCount":1,"failedCount":0,"duration":0.006605875000008382,"rate":1923742.1234861203,"totalPublicGas":{"daGas":0,"l2Gas":12708},"totalBlockGas":{"daGas":0,"l2Gas":12708},"totalSizeInBytes":128,"silentlySkippedCount":0,"silentlySkippedDurationMs":0}
[18:16:42.168] INFO: simulator:public-processor Processed 1 successful txs and 0 failed txs (0 silently skipped, 0ms wasted) in 0.004593583000008948s {"blockNumber":29,"successfulCount":1,"failedCount":0,"duration":0.004593583000008948,"rate":2801734.506587762,"totalPublicGas":{"daGas":0,"l2Gas":12870},"totalBlockGas":{"daGas":0,"l2Gas":12870},"totalSizeInBytes":128,"silentlySkippedCount":0,"silentlySkippedDurationMs":0}
[18:16:42.556] INFO: simulator:public-processor Processed 1 successful txs and 0 failed txs (0 silently skipped, 0ms wasted) in 0.004607709000003524s {"blockNumber":75,"successfulCount":1,"failedCount":0,"duration":0.004607709000003524,"rate":1915485.5482395373,"totalPublicGas":{"daGas":0,"l2Gas":8826},"totalBlockGas":{"daGas":0,"l2Gas":8826},"totalSizeInBytes":128,"silentlySkippedCount":0,"silentlySkippedDurationMs":0}
[18:16:42.569] INFO: txe:top_level_context Created block 75 with timestamp 1789514172
[18:16:43.416] INFO: simulator:public-processor Processed 1 successful txs and 0 failed txs (0 silently skipped, 0ms wasted) in 0.09741258399997604s {"blockNumber":76,"successfulCount":1,"failedCount":0,"duration":0.09741258399997604,"rate":0,"totalPublicGas":{"daGas":0,"l2Gas":0},"totalBlockGas":{"daGas":1440,"l2Gas":527400},"totalSizeInBytes":1440,"silentlySkippedCount":0,"silentlySkippedDurationMs":0}
[18:16:43.446] INFO: txe:top_level_context Created block 77 with timestamp 1789521373
[18:16:43.634] INFO: simulator:public-processor Processed 1 successful txs and 0 failed txs (0 silently skipped, 0ms wasted) in 0.0037768330000108106s {"blockNumber":78,"successfulCount":1,"failedCount":0,"duration":0.0037768330000108106,"rate":0,"totalPublicGas":{"daGas":0,"l2Gas":0},"totalBlockGas":{"daGas":256,"l2Gas":477200},"totalSizeInBytes":256,"silentlySkippedCount":0,"silentlySkippedDurationMs":0}
[billboard_test] Testing c04_seeded::test_history_seeded_1002_tail_authentication_and_exit ... [0m[32mok[0m <37.134s>
[18:16:45.629] INFO: kv-store:lmdb-v2 Starting data store with maxReaders 2
[18:16:45.630] INFO: world-state:database Creating world state data store at directory /var/folders/ym/q1vh2x5n58xbsmpmvs5_6w3r0000gn/T/aztec-world-state-athDmH/world_state with map sizes {"archiveTreeMapSizeKb":10485760,"nullifierTreeMapSizeKb":10485760,"noteHashTreeMapSizeKb":10485760,"messageTreeMapSizeKb":10485760,"publicDataTreeMapSizeKb":10485760} and 2 threads (ephemeral=true).
[18:16:45.640] INFO: txe_node Aztec Node version: txe
[18:16:45.640] INFO: txe_node Aztec Node started on chain 0x1
[18:16:45.652] INFO: txe:top_level_context Created block 1 with timestamp 1789492605
[18:16:45.667] INFO: simulator:public-processor Processed 1 successful txs and 0 failed txs (0 silently skipped, 0ms wasted) in 0.027533750000002327s {"blockNumber":29,"successfulCount":1,"failedCount":0,"duration":0.027533750000002327,"rate":70730176.6014377,"totalPublicGas":{"daGas":2368,"l2Gas":1947467},"totalBlockGas":{"daGas":3744,"l2Gas":2674217},"totalSizeInBytes":3744,"silentlySkippedCount":0,"silentlySkippedDurationMs":0}
[18:16:45.706] INFO: txe:top_level_context Created block 2 with timestamp 1789492605
[18:16:45.710] INFO: simulator:public-processor Processed 1 successful txs and 0 failed txs (0 silently skipped, 0ms wasted) in 0.004721083000011277s {"blockNumber":30,"successfulCount":1,"failedCount":0,"duration":0.004721083000011277,"rate":1869486.3021850958,"totalPublicGas":{"daGas":0,"l2Gas":8826},"totalBlockGas":{"daGas":0,"l2Gas":8826},"totalSizeInBytes":128,"silentlySkippedCount":0,"silentlySkippedDurationMs":0}
[18:16:45.737] INFO: simulator:public-processor Processed 1 successful txs and 0 failed txs (0 silently skipped, 0ms wasted) in 0.01577658300002804s {"blockNumber":30,"successfulCount":1,"failedCount":0,"duration":0.01577658300002804,"rate":733428.7785878244,"totalPublicGas":{"daGas":0,"l2Gas":11571},"totalBlockGas":{"daGas":0,"l2Gas":11571},"totalSizeInBytes":128,"silentlySkippedCount":0,"silentlySkippedDurationMs":0}
[18:16:45.752] INFO: simulator:public-processor Processed 1 successful txs and 0 failed txs (0 silently skipped, 0ms wasted) in 0.0043588330000056885s {"blockNumber":30,"successfulCount":1,"failedCount":0,"duration":0.0043588330000056885,"rate":2369670.964679427,"totalPublicGas":{"daGas":0,"l2Gas":10329},"totalBlockGas":{"daGas":0,"l2Gas":10329},"totalSizeInBytes":128,"silentlySkippedCount":0,"silentlySkippedDurationMs":0}
[18:16:45.776] INFO: simulator:public-processor Processed 1 successful txs and 0 failed txs (0 silently skipped, 0ms wasted) in 0.013570040999969933s {"blockNumber":30,"successfulCount":1,"failedCount":0,"duration":0.013570040999969933,"rate":11350886.854383217,"totalPublicGas":{"daGas":0,"l2Gas":154032},"totalBlockGas":{"daGas":0,"l2Gas":154032},"totalSizeInBytes":128,"silentlySkippedCount":0,"silentlySkippedDurationMs":0}
[18:16:45.792] INFO: simulator:public-processor Processed 1 successful txs and 0 failed txs (0 silently skipped, 0ms wasted) in 0.0051702919999952425s {"blockNumber":30,"successfulCount":1,"failedCount":0,"duration":0.0051702919999952425,"rate":2457888.2585377563,"totalPublicGas":{"daGas":0,"l2Gas":12708},"totalBlockGas":{"daGas":0,"l2Gas":12708},"totalSizeInBytes":128,"silentlySkippedCount":0,"silentlySkippedDurationMs":0}
[18:16:45.809] INFO: simulator:public-processor Processed 1 successful txs and 0 failed txs (0 silently skipped, 0ms wasted) in 0.006089791000005789s {"blockNumber":30,"successfulCount":1,"failedCount":0,"duration":0.006089791000005789,"rate":2113373.0205170857,"totalPublicGas":{"daGas":0,"l2Gas":12870},"totalBlockGas":{"daGas":0,"l2Gas":12870},"totalSizeInBytes":128,"silentlySkippedCount":0,"silentlySkippedDurationMs":0}
[18:16:46.163] INFO: simulator:public-processor Processed 1 successful txs and 0 failed txs (0 silently skipped, 0ms wasted) in 0.0037292499999748542s {"blockNumber":4,"successfulCount":1,"failedCount":0,"duration":0.0037292499999748542,"rate":0,"totalPublicGas":{"daGas":0,"l2Gas":0},"totalBlockGas":{"daGas":800,"l2Gas":483700},"totalSizeInBytes":800,"silentlySkippedCount":0,"silentlySkippedDurationMs":0}
[18:16:46.417] ERROR: world-state:database Call BATCH_INSERT failed: Error: Unable to insert values into tree NullifierTree leaf type NullifierLeafValue is not updateable and 0x10d498cdab733e5d313a0e8e7f6d2c5b3fa741654a0c24f918d1346e29d4c52e is already present: [Error: Unable to insert values into tree NullifierTree leaf type NullifierLeafValue is not updateable and 0x10d498cdab733e5d313a0e8e7f6d2c5b3fa741654a0c24f918d1346e29d4c52e is already present] {"treeId":"NULLIFIER_TREE","forkId":5,"leavesCount":64}
[18:16:46.420] WARN: simulator:public-processor Failed to process tx 0x0bd7223b2d52529f5fc1b1b3d7eaea20d6c462f1924613f0e5d7b99a18eff7c5: Transaction 0x0bd7223b2d52529f5fc1b1b3d7eaea20d6c462f1924613f0e5d7b99a18eff7c5 failed with duplicate nullifiers Error: Transaction 0x0bd7223b2d52529f5fc1b1b3d7eaea20d6c462f1924613f0e5d7b99a18eff7c5 failed with duplicate nullifiers
    at PublicProcessor.doTreeInsertionsForPrivateOnlyTx (file:///Users/zac/Documents/ChatGPT/Anonymous%20Message%20Board/aztec_experiments/node_modules/@aztec/simulator/dest/public/public_processor/public_processor.js:765:19)
    at async PublicProcessor.processPrivateOnlyTx (file:///Users/zac/Documents/ChatGPT/Anonymous%20Message%20Board/aztec_experiments/node_modules/@aztec/simulator/dest/public/public_processor/public_processor.js:834:9)
    at async file:///Users/zac/Documents/ChatGPT/Anonymous%20Message%20Board/aztec_experiments/node_modules/@aztec/telemetry-client/dest/telemetry.js:35:33
    at async PublicProcessor.processTxWithinDeadline (file:///Users/zac/Documents/ChatGPT/Anonymous%20Message%20Board/aztec_experiments/node_modules/@aztec/simulator/dest/public/public_processor/public_processor.js:784:20)
    at async elapsed (file:///Users/zac/Documents/ChatGPT/Anonymous%20Message%20Board/aztec_experiments/node_modules/@aztec/foundation/dest/timer/elapsed.js:8:20)
    at async PublicProcessor.processTx (file:///Users/zac/Documents/ChatGPT/Anonymous%20Message%20Board/aztec_experiments/node_modules/@aztec/simulator/dest/public/public_processor/public_processor.js:731:64)
    at async file:///Users/zac/Documents/ChatGPT/Anonymous%20Message%20Board/aztec_experiments/node_modules/@aztec/telemetry-client/dest/telemetry.js:35:33
    at async elapsed (file:///Users/zac/Documents/ChatGPT/Anonymous%20Message%20Board/aztec_experiments/node_modules/@aztec/foundation/dest/timer/elapsed.js:8:20)
    at async PublicProcessor.process (file:///Users/zac/Documents/ChatGPT/Anonymous%20Message%20Board/aztec_experiments/node_modules/@aztec/simulator/dest/public/public_processor/public_processor.js:580:88)
    at async TXEOracleTopLevelContext.privateCallNewFlow (file:///Users/zac/Documents/ChatGPT/Anonymous%20Message%20Board/aztec_experiments/node_modules/@aztec/txe/dest/oracle/txe_oracle_top_level_context.js:434:25)
[18:16:46.420] INFO: simulator:public-processor Processed 0 successful txs and 1 failed txs (0 silently skipped, 0ms wasted) in 0.007579457999963779s {"blockNumber":5,"successfulCount":0,"failedCount":1,"duration":0.007579457999963779,"rate":0,"totalPublicGas":{"daGas":0,"l2Gas":0},"totalBlockGas":{"daGas":0,"l2Gas":0},"totalSizeInBytes":0,"silentlySkippedCount":0,"silentlySkippedDurationMs":0}
[18:16:47.912] INFO: kv-store:lmdb-v2 Starting data store with maxReaders 2
[18:16:47.912] INFO: world-state:database Creating world state data store at directory /var/folders/ym/q1vh2x5n58xbsmpmvs5_6w3r0000gn/T/aztec-world-state-AVOqKq/world_state with map sizes {"archiveTreeMapSizeKb":10485760,"nullifierTreeMapSizeKb":10485760,"noteHashTreeMapSizeKb":10485760,"messageTreeMapSizeKb":10485760,"publicDataTreeMapSizeKb":10485760} and 2 threads (ephemeral=true).
[18:16:47.923] INFO: txe_node Aztec Node version: txe
[18:16:47.923] INFO: txe_node Aztec Node started on chain 0x1
[18:16:47.935] INFO: txe:top_level_context Created block 1 with timestamp 1789492607
[18:16:47.966] INFO: txe:top_level_context Created block 2 with timestamp 1789492607
[18:16:48.775] INFO: simulator:public-processor Processed 1 successful txs and 0 failed txs (0 silently skipped, 0ms wasted) in 0.03289508399995975s {"blockNumber":30,"successfulCount":1,"failedCount":0,"duration":0.03289508399995975,"rate":59202372.00191928,"totalPublicGas":{"daGas":2368,"l2Gas":1947467},"totalBlockGas":{"daGas":3744,"l2Gas":2674217},"totalSizeInBytes":3744,"silentlySkippedCount":0,"silentlySkippedDurationMs":0}
[18:16:48.806] INFO: simulator:public-processor Processed 1 successful txs and 0 failed txs (0 silently skipped, 0ms wasted) in 0.004521915999997873s {"blockNumber":31,"successfulCount":1,"failedCount":0,"duration":0.004521915999997873,"rate":1951827.4996714117,"totalPublicGas":{"daGas":0,"l2Gas":8826},"totalBlockGas":{"daGas":0,"l2Gas":8826},"totalSizeInBytes":128,"silentlySkippedCount":0,"silentlySkippedDurationMs":0}
[18:16:48.820] INFO: simulator:public-processor Processed 1 successful txs and 0 failed txs (0 silently skipped, 0ms wasted) in 0.0042154999999911525s {"blockNumber":31,"successfulCount":1,"failedCount":0,"duration":0.0042154999999911525,"rate":2744870.1221739496,"totalPublicGas":{"daGas":0,"l2Gas":11571},"totalBlockGas":{"daGas":0,"l2Gas":11571},"totalSizeInBytes":128,"silentlySkippedCount":0,"silentlySkippedDurationMs":0}
[18:16:48.834] INFO: simulator:public-processor Processed 1 successful txs and 0 failed txs (0 silently skipped, 0ms wasted) in 0.004412416999984998s {"blockNumber":31,"successfulCount":1,"failedCount":0,"duration":0.004412416999984998,"rate":2340893.8910431894,"totalPublicGas":{"daGas":0,"l2Gas":10329},"totalBlockGas":{"daGas":0,"l2Gas":10329},"totalSizeInBytes":128,"silentlySkippedCount":0,"silentlySkippedDurationMs":0}
[18:16:48.851] INFO: simulator:public-processor Processed 1 successful txs and 0 failed txs (0 silently skipped, 0ms wasted) in 0.007052874999993947s {"blockNumber":31,"successfulCount":1,"failedCount":0,"duration":0.007052874999993947,"rate":21839604.416657347,"totalPublicGas":{"daGas":0,"l2Gas":154032},"totalBlockGas":{"daGas":0,"l2Gas":154032},"totalSizeInBytes":128,"silentlySkippedCount":0,"silentlySkippedDurationMs":0}
[18:16:48.866] INFO: simulator:public-processor Processed 1 successful txs and 0 failed txs (0 silently skipped, 0ms wasted) in 0.004457583000010345s {"blockNumber":31,"successfulCount":1,"failedCount":0,"duration":0.004457583000010345,"rate":2850872.322505382,"totalPublicGas":{"daGas":0,"l2Gas":12708},"totalBlockGas":{"daGas":0,"l2Gas":12708},"totalSizeInBytes":128,"silentlySkippedCount":0,"silentlySkippedDurationMs":0}
[18:16:48.881] INFO: simulator:public-processor Processed 1 successful txs and 0 failed txs (0 silently skipped, 0ms wasted) in 0.004367457999964245s {"blockNumber":31,"successfulCount":1,"failedCount":0,"duration":0.004367457999964245,"rate":2946794.2222009604,"totalPublicGas":{"daGas":0,"l2Gas":12870},"totalBlockGas":{"daGas":0,"l2Gas":12870},"totalSizeInBytes":128,"silentlySkippedCount":0,"silentlySkippedDurationMs":0}
[18:16:49.688] INFO: kv-store:lmdb-v2 Starting data store with maxReaders 2
[18:16:49.689] INFO: world-state:database Creating world state data store at directory /var/folders/ym/q1vh2x5n58xbsmpmvs5_6w3r0000gn/T/aztec-world-state-kw5ezH/world_state with map sizes {"archiveTreeMapSizeKb":10485760,"nullifierTreeMapSizeKb":10485760,"noteHashTreeMapSizeKb":10485760,"messageTreeMapSizeKb":10485760,"publicDataTreeMapSizeKb":10485760} and 2 threads (ephemeral=true).
[18:16:49.698] INFO: txe_node Aztec Node version: txe
[18:16:49.698] INFO: txe_node Aztec Node started on chain 0x1
[18:16:49.710] INFO: txe:top_level_context Created block 1 with timestamp 1789492609
[18:16:49.752] INFO: txe:top_level_context Created block 2 with timestamp 1789492609
[18:16:49.964] INFO: simulator:public-processor Processed 1 successful txs and 0 failed txs (0 silently skipped, 0ms wasted) in 0.004531790999986697s {"blockNumber":4,"successfulCount":1,"failedCount":0,"duration":0.004531790999986697,"rate":0,"totalPublicGas":{"daGas":0,"l2Gas":0},"totalBlockGas":{"daGas":800,"l2Gas":483700},"totalSizeInBytes":800,"silentlySkippedCount":0,"silentlySkippedDurationMs":0}
[18:16:51.723] INFO: simulator:public-processor Processed 1 successful txs and 0 failed txs (0 silently skipped, 0ms wasted) in 0.028147832999995445s {"blockNumber":31,"successfulCount":1,"failedCount":0,"duration":0.028147832999995445,"rate":69187102.25402841,"totalPublicGas":{"daGas":2368,"l2Gas":1947467},"totalBlockGas":{"daGas":3744,"l2Gas":2674217},"totalSizeInBytes":3744,"silentlySkippedCount":0,"silentlySkippedDurationMs":0}
[18:16:51.745] INFO: kv-store:lmdb-v2 Starting data store with maxReaders 2
[18:16:51.746] INFO: world-state:database Creating world state data store at directory /var/folders/ym/q1vh2x5n58xbsmpmvs5_6w3r0000gn/T/aztec-world-state-tm9JQj/world_state with map sizes {"archiveTreeMapSizeKb":10485760,"nullifierTreeMapSizeKb":10485760,"noteHashTreeMapSizeKb":10485760,"messageTreeMapSizeKb":10485760,"publicDataTreeMapSizeKb":10485760} and 2 threads (ephemeral=true).
[18:16:51.755] INFO: txe_node Aztec Node version: txe
[18:16:51.755] INFO: txe_node Aztec Node started on chain 0x1
[18:16:51.760] INFO: simulator:public-processor Processed 1 successful txs and 0 failed txs (0 silently skipped, 0ms wasted) in 0.005374041999981273s {"blockNumber":32,"successfulCount":1,"failedCount":0,"duration":0.005374041999981273,"rate":1642339.229955917,"totalPublicGas":{"daGas":0,"l2Gas":8826},"totalBlockGas":{"daGas":0,"l2Gas":8826},"totalSizeInBytes":128,"silentlySkippedCount":0,"silentlySkippedDurationMs":0}
[18:16:51.771] INFO: txe:top_level_context Created block 1 with timestamp 1789492611
[18:16:51.775] INFO: simulator:public-processor Processed 1 successful txs and 0 failed txs (0 silently skipped, 0ms wasted) in 0.004427542000019457s {"blockNumber":32,"successfulCount":1,"failedCount":0,"duration":0.004427542000019457,"rate":2613413.9438878614,"totalPublicGas":{"daGas":0,"l2Gas":11571},"totalBlockGas":{"daGas":0,"l2Gas":11571},"totalSizeInBytes":128,"silentlySkippedCount":0,"silentlySkippedDurationMs":0}
[18:16:51.790] INFO: simulator:public-processor Processed 1 successful txs and 0 failed txs (0 silently skipped, 0ms wasted) in 0.005149542000028305s {"blockNumber":32,"successfulCount":1,"failedCount":0,"duration":0.005149542000028305,"rate":2005809.448673926,"totalPublicGas":{"daGas":0,"l2Gas":10329},"totalBlockGas":{"daGas":0,"l2Gas":10329},"totalSizeInBytes":128,"silentlySkippedCount":0,"silentlySkippedDurationMs":0}
[18:16:51.810] INFO: simulator:public-processor Processed 1 successful txs and 0 failed txs (0 silently skipped, 0ms wasted) in 0.007579249999951571s {"blockNumber":32,"successfulCount":1,"failedCount":0,"duration":0.007579249999951571,"rate":20322855.16389936,"totalPublicGas":{"daGas":0,"l2Gas":154032},"totalBlockGas":{"daGas":0,"l2Gas":154032},"totalSizeInBytes":128,"silentlySkippedCount":0,"silentlySkippedDurationMs":0}
[18:16:51.821] INFO: txe:top_level_context Created block 2 with timestamp 1789492611
[18:16:51.825] INFO: simulator:public-processor Processed 1 successful txs and 0 failed txs (0 silently skipped, 0ms wasted) in 0.004918708000041079s {"blockNumber":32,"successfulCount":1,"failedCount":0,"duration":0.004918708000041079,"rate":2583605.288196386,"totalPublicGas":{"daGas":0,"l2Gas":12708},"totalBlockGas":{"daGas":0,"l2Gas":12708},"totalSizeInBytes":128,"silentlySkippedCount":0,"silentlySkippedDurationMs":0}
[18:16:51.843] INFO: simulator:public-processor Processed 1 successful txs and 0 failed txs (0 silently skipped, 0ms wasted) in 0.00623479200003203s {"blockNumber":32,"successfulCount":1,"failedCount":0,"duration":0.00623479200003203,"rate":2064222.8321223678,"totalPublicGas":{"daGas":0,"l2Gas":12870},"totalBlockGas":{"daGas":0,"l2Gas":12870},"totalSizeInBytes":128,"silentlySkippedCount":0,"silentlySkippedDurationMs":0}
[18:16:52.216] INFO: simulator:public-processor Processed 1 successful txs and 0 failed txs (0 silently skipped, 0ms wasted) in 0.003636500000022352s {"blockNumber":4,"successfulCount":1,"failedCount":0,"duration":0.003636500000022352,"rate":0,"totalPublicGas":{"daGas":0,"l2Gas":0},"totalBlockGas":{"daGas":800,"l2Gas":483700},"totalSizeInBytes":800,"silentlySkippedCount":0,"silentlySkippedDurationMs":0}
[18:16:53.762] INFO: kv-store:lmdb-v2 Starting data store with maxReaders 2
[18:16:53.763] INFO: world-state:database Creating world state data store at directory /var/folders/ym/q1vh2x5n58xbsmpmvs5_6w3r0000gn/T/aztec-world-state-Pf1Dvh/world_state with map sizes {"archiveTreeMapSizeKb":10485760,"nullifierTreeMapSizeKb":10485760,"noteHashTreeMapSizeKb":10485760,"messageTreeMapSizeKb":10485760,"publicDataTreeMapSizeKb":10485760} and 2 threads (ephemeral=true).
[18:16:53.783] INFO: txe_node Aztec Node version: txe
[18:16:53.783] INFO: txe_node Aztec Node started on chain 0x1
[18:16:53.810] INFO: txe:top_level_context Created block 1 with timestamp 1789492613
[18:16:53.842] INFO: txe:top_level_context Created block 2 with timestamp 1789492613
[18:16:54.631] INFO: simulator:public-processor Processed 1 successful txs and 0 failed txs (0 silently skipped, 0ms wasted) in 0.027774875000002794s {"blockNumber":32,"successfulCount":1,"failedCount":0,"duration":0.027774875000002794,"rate":70116139.13653271,"totalPublicGas":{"daGas":2368,"l2Gas":1947467},"totalBlockGas":{"daGas":3744,"l2Gas":2674217},"totalSizeInBytes":3744,"silentlySkippedCount":0,"silentlySkippedDurationMs":0}
[18:16:54.662] INFO: simulator:public-processor Processed 1 successful txs and 0 failed txs (0 silently skipped, 0ms wasted) in 0.004429582999960985s {"blockNumber":33,"successfulCount":1,"failedCount":0,"duration":0.004429582999960985,"rate":1992512.613507352,"totalPublicGas":{"daGas":0,"l2Gas":8826},"totalBlockGas":{"daGas":0,"l2Gas":8826},"totalSizeInBytes":128,"silentlySkippedCount":0,"silentlySkippedDurationMs":0}
[18:16:54.677] INFO: simulator:public-processor Processed 1 successful txs and 0 failed txs (0 silently skipped, 0ms wasted) in 0.004497082999965642s {"blockNumber":33,"successfulCount":1,"failedCount":0,"duration":0.004497082999965642,"rate":2573001.2099150503,"totalPublicGas":{"daGas":0,"l2Gas":11571},"totalBlockGas":{"daGas":0,"l2Gas":11571},"totalSizeInBytes":128,"silentlySkippedCount":0,"silentlySkippedDurationMs":0}
[18:16:54.692] INFO: simulator:public-processor Processed 1 successful txs and 0 failed txs (0 silently skipped, 0ms wasted) in 0.0043899579999852s {"blockNumber":33,"successfulCount":1,"failedCount":0,"duration":0.0043899579999852,"rate":2352869.8907904867,"totalPublicGas":{"daGas":0,"l2Gas":10329},"totalBlockGas":{"daGas":0,"l2Gas":10329},"totalSizeInBytes":128,"silentlySkippedCount":0,"silentlySkippedDurationMs":0}
[18:16:54.710] INFO: simulator:public-processor Processed 1 successful txs and 0 failed txs (0 silently skipped, 0ms wasted) in 0.007397457999992184s {"blockNumber":33,"successfulCount":1,"failedCount":0,"duration":0.007397457999992184,"rate":20822287.872423574,"totalPublicGas":{"daGas":0,"l2Gas":154032},"totalBlockGas":{"daGas":0,"l2Gas":154032},"totalSizeInBytes":128,"silentlySkippedCount":0,"silentlySkippedDurationMs":0}
[18:16:54.725] INFO: simulator:public-processor Processed 1 successful txs and 0 failed txs (0 silently skipped, 0ms wasted) in 0.004635292000020854s {"blockNumber":33,"successfulCount":1,"failedCount":0,"duration":0.004635292000020854,"rate":2741574.856544707,"totalPublicGas":{"daGas":0,"l2Gas":12708},"totalBlockGas":{"daGas":0,"l2Gas":12708},"totalSizeInBytes":128,"silentlySkippedCount":0,"silentlySkippedDurationMs":0}
[18:16:54.741] INFO: simulator:public-processor Processed 1 successful txs and 0 failed txs (0 silently skipped, 0ms wasted) in 0.00470537499996135s {"blockNumber":33,"successfulCount":1,"failedCount":0,"duration":0.00470537499996135,"rate":2735169.8855257477,"totalPublicGas":{"daGas":0,"l2Gas":12870},"totalBlockGas":{"daGas":0,"l2Gas":12870},"totalSizeInBytes":128,"silentlySkippedCount":0,"silentlySkippedDurationMs":0}
[18:16:55.420] INFO: kv-store:lmdb-v2 Starting data store with maxReaders 2
[18:16:55.421] INFO: world-state:database Creating world state data store at directory /var/folders/ym/q1vh2x5n58xbsmpmvs5_6w3r0000gn/T/aztec-world-state-h9Tc4y/world_state with map sizes {"archiveTreeMapSizeKb":10485760,"nullifierTreeMapSizeKb":10485760,"noteHashTreeMapSizeKb":10485760,"messageTreeMapSizeKb":10485760,"publicDataTreeMapSizeKb":10485760} and 2 threads (ephemeral=true).
[18:16:55.448] INFO: txe_node Aztec Node version: txe
[18:16:55.448] INFO: txe_node Aztec Node started on chain 0x1
[18:16:55.460] INFO: txe:top_level_context Created block 1 with timestamp 1789492615
[18:16:55.492] INFO: txe:top_level_context Created block 2 with timestamp 1789492615
[18:16:57.036] INFO: kv-store:lmdb-v2 Starting data store with maxReaders 2
[18:16:57.037] INFO: world-state:database Creating world state data store at directory /var/folders/ym/q1vh2x5n58xbsmpmvs5_6w3r0000gn/T/aztec-world-state-X1fJER/world_state with map sizes {"archiveTreeMapSizeKb":10485760,"nullifierTreeMapSizeKb":10485760,"noteHashTreeMapSizeKb":10485760,"messageTreeMapSizeKb":10485760,"publicDataTreeMapSizeKb":10485760} and 2 threads (ephemeral=true).
[18:16:57.046] INFO: txe_node Aztec Node version: txe
[18:16:57.046] INFO: txe_node Aztec Node started on chain 0x1
[18:16:57.058] INFO: txe:top_level_context Created block 1 with timestamp 1789492617
[18:16:57.098] INFO: txe:top_level_context Created block 2 with timestamp 1789492617
[18:16:57.403] INFO: simulator:public-processor Processed 1 successful txs and 0 failed txs (0 silently skipped, 0ms wasted) in 0.03280133400001796s {"blockNumber":33,"successfulCount":1,"failedCount":0,"duration":0.03280133400001796,"rate":59371579.216837145,"totalPublicGas":{"daGas":2368,"l2Gas":1947467},"totalBlockGas":{"daGas":3744,"l2Gas":2674217},"totalSizeInBytes":3744,"silentlySkippedCount":0,"silentlySkippedDurationMs":0}
[18:16:57.447] INFO: simulator:public-processor Processed 1 successful txs and 0 failed txs (0 silently skipped, 0ms wasted) in 0.005499834000016563s {"blockNumber":34,"successfulCount":1,"failedCount":0,"duration":0.005499834000016563,"rate":1604775.7077710747,"totalPublicGas":{"daGas":0,"l2Gas":8826},"totalBlockGas":{"daGas":0,"l2Gas":8826},"totalSizeInBytes":128,"silentlySkippedCount":0,"silentlySkippedDurationMs":0}
[18:16:57.465] INFO: simulator:public-processor Processed 1 successful txs and 0 failed txs (0 silently skipped, 0ms wasted) in 0.007399875000002794s {"blockNumber":34,"successfulCount":1,"failedCount":0,"duration":0.007399875000002794,"rate":1563675.062078161,"totalPublicGas":{"daGas":0,"l2Gas":11571},"totalBlockGas":{"daGas":0,"l2Gas":11571},"totalSizeInBytes":128,"silentlySkippedCount":0,"silentlySkippedDurationMs":0}
[18:16:57.480] INFO: simulator:public-processor Processed 1 successful txs and 0 failed txs (0 silently skipped, 0ms wasted) in 0.004314790999982506s {"blockNumber":34,"successfulCount":1,"failedCount":0,"duration":0.004314790999982506,"rate":2393858.706028143,"totalPublicGas":{"daGas":0,"l2Gas":10329},"totalBlockGas":{"daGas":0,"l2Gas":10329},"totalSizeInBytes":128,"silentlySkippedCount":0,"silentlySkippedDurationMs":0}
[18:16:57.498] INFO: simulator:public-processor Processed 1 successful txs and 0 failed txs (0 silently skipped, 0ms wasted) in 0.0073450409999932164s {"blockNumber":34,"successfulCount":1,"failedCount":0,"duration":0.0073450409999932164,"rate":20970883.620682616,"totalPublicGas":{"daGas":0,"l2Gas":154032},"totalBlockGas":{"daGas":0,"l2Gas":154032},"totalSizeInBytes":128,"silentlySkippedCount":0,"silentlySkippedDurationMs":0}
[18:16:57.512] INFO: simulator:public-processor Processed 1 successful txs and 0 failed txs (0 silently skipped, 0ms wasted) in 0.004329583999991882s {"blockNumber":34,"successfulCount":1,"failedCount":0,"duration":0.004329583999991882,"rate":2935154.9710142654,"totalPublicGas":{"daGas":0,"l2Gas":12708},"totalBlockGas":{"daGas":0,"l2Gas":12708},"totalSizeInBytes":128,"silentlySkippedCount":0,"silentlySkippedDurationMs":0}
[18:16:57.527] INFO: simulator:public-processor Processed 1 successful txs and 0 failed txs (0 silently skipped, 0ms wasted) in 0.0041851249999599535s {"blockNumber":34,"successfulCount":1,"failedCount":0,"duration":0.0041851249999599535,"rate":3075176.9660698664,"totalPublicGas":{"daGas":0,"l2Gas":12870},"totalBlockGas":{"daGas":0,"l2Gas":12870},"totalSizeInBytes":128,"silentlySkippedCount":0,"silentlySkippedDurationMs":0}
[18:16:59.019] INFO: kv-store:lmdb-v2 Starting data store with maxReaders 2
[18:16:59.020] INFO: world-state:database Creating world state data store at directory /var/folders/ym/q1vh2x5n58xbsmpmvs5_6w3r0000gn/T/aztec-world-state-8ObzFV/world_state with map sizes {"archiveTreeMapSizeKb":10485760,"nullifierTreeMapSizeKb":10485760,"noteHashTreeMapSizeKb":10485760,"messageTreeMapSizeKb":10485760,"publicDataTreeMapSizeKb":10485760} and 2 threads (ephemeral=true).
[18:16:59.029] INFO: txe_node Aztec Node version: txe
[18:16:59.029] INFO: txe_node Aztec Node started on chain 0x1
[18:16:59.041] INFO: txe:top_level_context Created block 1 with timestamp 1789492619
[18:16:59.136] INFO: txe:top_level_context Created block 2 with timestamp 1789492619
[18:17:00.435] INFO: simulator:public-processor Processed 1 successful txs and 0 failed txs (0 silently skipped, 0ms wasted) in 0.027849125000007916s {"blockNumber":34,"successfulCount":1,"failedCount":0,"duration":0.027849125000007916,"rate":69929198.85272685,"totalPublicGas":{"daGas":2368,"l2Gas":1947467},"totalBlockGas":{"daGas":3744,"l2Gas":2674217},"totalSizeInBytes":3744,"silentlySkippedCount":0,"silentlySkippedDurationMs":0}
[18:17:00.466] INFO: simulator:public-processor Processed 1 successful txs and 0 failed txs (0 silently skipped, 0ms wasted) in 0.004234666000003926s {"blockNumber":35,"successfulCount":1,"failedCount":0,"duration":0.004234666000003926,"rate":2084225.7689252982,"totalPublicGas":{"daGas":0,"l2Gas":8826},"totalBlockGas":{"daGas":0,"l2Gas":8826},"totalSizeInBytes":128,"silentlySkippedCount":0,"silentlySkippedDurationMs":0}
[18:17:00.480] INFO: simulator:public-processor Processed 1 successful txs and 0 failed txs (0 silently skipped, 0ms wasted) in 0.004279958000057377s {"blockNumber":35,"successfulCount":1,"failedCount":0,"duration":0.004279958000057377,"rate":2703531.2028400465,"totalPublicGas":{"daGas":0,"l2Gas":11571},"totalBlockGas":{"daGas":0,"l2Gas":11571},"totalSizeInBytes":128,"silentlySkippedCount":0,"silentlySkippedDurationMs":0}
[18:17:00.494] INFO: simulator:public-processor Processed 1 successful txs and 0 failed txs (0 silently skipped, 0ms wasted) in 0.0041225419999682345s {"blockNumber":35,"successfulCount":1,"failedCount":0,"duration":0.0041225419999682345,"rate":2505492.970133376,"totalPublicGas":{"daGas":0,"l2Gas":10329},"totalBlockGas":{"daGas":0,"l2Gas":10329},"totalSizeInBytes":128,"silentlySkippedCount":0,"silentlySkippedDurationMs":0}
[18:17:00.512] INFO: simulator:public-processor Processed 1 successful txs and 0 failed txs (0 silently skipped, 0ms wasted) in 0.0074707080000080165s {"blockNumber":35,"successfulCount":1,"failedCount":0,"duration":0.0074707080000080165,"rate":20618126.153483003,"totalPublicGas":{"daGas":0,"l2Gas":154032},"totalBlockGas":{"daGas":0,"l2Gas":154032},"totalSizeInBytes":128,"silentlySkippedCount":0,"silentlySkippedDurationMs":0}
[18:17:00.526] INFO: simulator:public-processor Processed 1 successful txs and 0 failed txs (0 silently skipped, 0ms wasted) in 0.004252250000019558s {"blockNumber":35,"successfulCount":1,"failedCount":0,"duration":0.004252250000019558,"rate":2988535.4812020813,"totalPublicGas":{"daGas":0,"l2Gas":12708},"totalBlockGas":{"daGas":0,"l2Gas":12708},"totalSizeInBytes":128,"silentlySkippedCount":0,"silentlySkippedDurationMs":0}
[18:17:00.541] INFO: simulator:public-processor Processed 1 successful txs and 0 failed txs (0 silently skipped, 0ms wasted) in 0.00444779100001324s {"blockNumber":35,"successfulCount":1,"failedCount":0,"duration":0.00444779100001324,"rate":2893571.2132071154,"totalPublicGas":{"daGas":0,"l2Gas":12870},"totalBlockGas":{"daGas":0,"l2Gas":12870},"totalSizeInBytes":128,"silentlySkippedCount":0,"silentlySkippedDurationMs":0}
[18:17:03.107] INFO: simulator:public-processor Processed 1 successful txs and 0 failed txs (0 silently skipped, 0ms wasted) in 0.027398000000044703s {"blockNumber":35,"successfulCount":1,"failedCount":0,"duration":0.027398000000044703,"rate":71080626.3229733,"totalPublicGas":{"daGas":2368,"l2Gas":1947467},"totalBlockGas":{"daGas":3744,"l2Gas":2674217},"totalSizeInBytes":3744,"silentlySkippedCount":0,"silentlySkippedDurationMs":0}
[18:17:03.137] INFO: simulator:public-processor Processed 1 successful txs and 0 failed txs (0 silently skipped, 0ms wasted) in 0.004224500000011176s {"blockNumber":36,"successfulCount":1,"failedCount":0,"duration":0.004224500000011176,"rate":2089241.3303294238,"totalPublicGas":{"daGas":0,"l2Gas":8826},"totalBlockGas":{"daGas":0,"l2Gas":8826},"totalSizeInBytes":128,"silentlySkippedCount":0,"silentlySkippedDurationMs":0}
[18:17:03.152] INFO: simulator:public-processor Processed 1 successful txs and 0 failed txs (0 silently skipped, 0ms wasted) in 0.004668042000033893s {"blockNumber":36,"successfulCount":1,"failedCount":0,"duration":0.004668042000033893,"rate":2478769.47120784,"totalPublicGas":{"daGas":0,"l2Gas":11571},"totalBlockGas":{"daGas":0,"l2Gas":11571},"totalSizeInBytes":128,"silentlySkippedCount":0,"silentlySkippedDurationMs":0}
[18:17:03.167] INFO: simulator:public-processor Processed 1 successful txs and 0 failed txs (0 silently skipped, 0ms wasted) in 0.00422079200000735s {"blockNumber":36,"successfulCount":1,"failedCount":0,"duration":0.00422079200000735,"rate":2447171.0522532295,"totalPublicGas":{"daGas":0,"l2Gas":10329},"totalBlockGas":{"daGas":0,"l2Gas":10329},"totalSizeInBytes":128,"silentlySkippedCount":0,"silentlySkippedDurationMs":0}
[18:17:03.184] INFO: simulator:public-processor Processed 1 successful txs and 0 failed txs (0 silently skipped, 0ms wasted) in 0.007378333000000566s {"blockNumber":36,"successfulCount":1,"failedCount":0,"duration":0.007378333000000566,"rate":20876260.26095436,"totalPublicGas":{"daGas":0,"l2Gas":154032},"totalBlockGas":{"daGas":0,"l2Gas":154032},"totalSizeInBytes":128,"silentlySkippedCount":0,"silentlySkippedDurationMs":0}
[18:17:03.199] INFO: simulator:public-processor Processed 1 successful txs and 0 failed txs (0 silently skipped, 0ms wasted) in 0.004320166999998037s {"blockNumber":36,"successfulCount":1,"failedCount":0,"duration":0.004320166999998037,"rate":2941552.953857056,"totalPublicGas":{"daGas":0,"l2Gas":12708},"totalBlockGas":{"daGas":0,"l2Gas":12708},"totalSizeInBytes":128,"silentlySkippedCount":0,"silentlySkippedDurationMs":0}
[18:17:03.214] INFO: simulator:public-processor Processed 1 successful txs and 0 failed txs (0 silently skipped, 0ms wasted) in 0.004308332999993582s {"blockNumber":36,"successfulCount":1,"failedCount":0,"duration":0.004308332999993582,"rate":2987234.273678282,"totalPublicGas":{"daGas":0,"l2Gas":12870},"totalBlockGas":{"daGas":0,"l2Gas":12870},"totalSizeInBytes":128,"silentlySkippedCount":0,"silentlySkippedDurationMs":0}
[18:17:05.502] INFO: simulator:public-processor Processed 1 successful txs and 0 failed txs (0 silently skipped, 0ms wasted) in 0.018227124999975787s {"blockNumber":36,"successfulCount":1,"failedCount":0,"duration":0.018227124999975787,"rate":67573794.55079374,"totalPublicGas":{"daGas":2176,"l2Gas":1231676},"totalBlockGas":{"daGas":2176,"l2Gas":1231676},"totalSizeInBytes":2304,"silentlySkippedCount":0,"silentlySkippedDurationMs":0}
[18:17:05.532] INFO: simulator:public-processor Processed 1 successful txs and 0 failed txs (0 silently skipped, 0ms wasted) in 0.00461141700000735s {"blockNumber":37,"successfulCount":1,"failedCount":0,"duration":0.00461141700000735,"rate":2822126.0406463477,"totalPublicGas":{"daGas":0,"l2Gas":13014},"totalBlockGas":{"daGas":0,"l2Gas":13014},"totalSizeInBytes":128,"silentlySkippedCount":0,"silentlySkippedDurationMs":0}
[18:17:05.547] INFO: simulator:public-processor Processed 1 successful txs and 0 failed txs (0 silently skipped, 0ms wasted) in 0.004460250000003725s {"blockNumber":37,"successfulCount":1,"failedCount":0,"duration":0.004460250000003725,"rate":2594249.2012757887,"totalPublicGas":{"daGas":0,"l2Gas":11571},"totalBlockGas":{"daGas":0,"l2Gas":11571},"totalSizeInBytes":128,"silentlySkippedCount":0,"silentlySkippedDurationMs":0}
[18:17:05.562] INFO: simulator:public-processor Processed 1 successful txs and 0 failed txs (0 silently skipped, 0ms wasted) in 0.004676375000039115s {"blockNumber":37,"successfulCount":1,"failedCount":0,"duration":0.004676375000039115,"rate":2782924.8081882107,"totalPublicGas":{"daGas":0,"l2Gas":13014},"totalBlockGas":{"daGas":0,"l2Gas":13014},"totalSizeInBytes":128,"silentlySkippedCount":0,"silentlySkippedDurationMs":0}
[18:17:05.577] INFO: simulator:public-processor Processed 1 successful txs and 0 failed txs (0 silently skipped, 0ms wasted) in 0.004832915999984835s {"blockNumber":37,"successfulCount":1,"failedCount":0,"duration":0.004832915999984835,"rate":2394206.7273745933,"totalPublicGas":{"daGas":0,"l2Gas":11571},"totalBlockGas":{"daGas":0,"l2Gas":11571},"totalSizeInBytes":128,"silentlySkippedCount":0,"silentlySkippedDurationMs":0}
[18:17:05.592] INFO: simulator:public-processor Processed 1 successful txs and 0 failed txs (0 silently skipped, 0ms wasted) in 0.00445183299999917s {"blockNumber":37,"successfulCount":1,"failedCount":0,"duration":0.00445183299999917,"rate":2923290.2492080065,"totalPublicGas":{"daGas":0,"l2Gas":13014},"totalBlockGas":{"daGas":0,"l2Gas":13014},"totalSizeInBytes":128,"silentlySkippedCount":0,"silentlySkippedDurationMs":0}
[18:17:05.607] INFO: simulator:public-processor Processed 1 successful txs and 0 failed txs (0 silently skipped, 0ms wasted) in 0.004940042000031099s {"blockNumber":37,"successfulCount":1,"failedCount":0,"duration":0.004940042000031099,"rate":2342287.77810536,"totalPublicGas":{"daGas":0,"l2Gas":11571},"totalBlockGas":{"daGas":0,"l2Gas":11571},"totalSizeInBytes":128,"silentlySkippedCount":0,"silentlySkippedDurationMs":0}
[18:17:05.622] INFO: simulator:public-processor Processed 1 successful txs and 0 failed txs (0 silently skipped, 0ms wasted) in 0.004434750000014901s {"blockNumber":37,"successfulCount":1,"failedCount":0,"duration":0.004434750000014901,"rate":2934550.9893356496,"totalPublicGas":{"daGas":0,"l2Gas":13014},"totalBlockGas":{"daGas":0,"l2Gas":13014},"totalSizeInBytes":128,"silentlySkippedCount":0,"silentlySkippedDurationMs":0}
[18:17:05.637] INFO: simulator:public-processor Processed 1 successful txs and 0 failed txs (0 silently skipped, 0ms wasted) in 0.004628416000050492s {"blockNumber":37,"successfulCount":1,"failedCount":0,"duration":0.004628416000050492,"rate":2499991.357707209,"totalPublicGas":{"daGas":0,"l2Gas":11571},"totalBlockGas":{"daGas":0,"l2Gas":11571},"totalSizeInBytes":128,"silentlySkippedCount":0,"silentlySkippedDurationMs":0}
[18:17:05.653] INFO: simulator:public-processor Processed 1 successful txs and 0 failed txs (0 silently skipped, 0ms wasted) in 0.00476358299999265s {"blockNumber":37,"successfulCount":1,"failedCount":0,"duration":0.00476358299999265,"rate":2731977.169290444,"totalPublicGas":{"daGas":0,"l2Gas":13014},"totalBlockGas":{"daGas":0,"l2Gas":13014},"totalSizeInBytes":128,"silentlySkippedCount":0,"silentlySkippedDurationMs":0}
[18:17:05.667] INFO: simulator:public-processor Processed 1 successful txs and 0 failed txs (0 silently skipped, 0ms wasted) in 0.004415625000023283s {"blockNumber":37,"successfulCount":1,"failedCount":0,"duration":0.004415625000023283,"rate":2620467.0912812995,"totalPublicGas":{"daGas":0,"l2Gas":11571},"totalBlockGas":{"daGas":0,"l2Gas":11571},"totalSizeInBytes":128,"silentlySkippedCount":0,"silentlySkippedDurationMs":0}
[18:17:05.682] INFO: simulator:public-processor Processed 1 successful txs and 0 failed txs (0 silently skipped, 0ms wasted) in 0.0043894580000196585s {"blockNumber":37,"successfulCount":1,"failedCount":0,"duration":0.0043894580000196585,"rate":2964830.7376313237,"totalPublicGas":{"daGas":0,"l2Gas":13014},"totalBlockGas":{"daGas":0,"l2Gas":13014},"totalSizeInBytes":128,"silentlySkippedCount":0,"silentlySkippedDurationMs":0}
[18:17:05.697] INFO: simulator:public-processor Processed 1 successful txs and 0 failed txs (0 silently skipped, 0ms wasted) in 0.0045021249999990685s {"blockNumber":37,"successfulCount":1,"failedCount":0,"duration":0.0045021249999990685,"rate":2570119.665713945,"totalPublicGas":{"daGas":0,"l2Gas":11571},"totalBlockGas":{"daGas":0,"l2Gas":11571},"totalSizeInBytes":128,"silentlySkippedCount":0,"silentlySkippedDurationMs":0}
[18:17:05.712] INFO: simulator:public-processor Processed 1 successful txs and 0 failed txs (0 silently skipped, 0ms wasted) in 0.004613875000039115s {"blockNumber":37,"successfulCount":1,"failedCount":0,"duration":0.004613875000039115,"rate":2820622.5786111825,"totalPublicGas":{"daGas":0,"l2Gas":13014},"totalBlockGas":{"daGas":0,"l2Gas":13014},"totalSizeInBytes":128,"silentlySkippedCount":0,"silentlySkippedDurationMs":0}
[18:17:05.726] INFO: simulator:public-processor Processed 1 successful txs and 0 failed txs (0 silently skipped, 0ms wasted) in 0.004338541999983136s {"blockNumber":37,"successfulCount":1,"failedCount":0,"duration":0.004338541999983136,"rate":2667025.0051849163,"totalPublicGas":{"daGas":0,"l2Gas":11571},"totalBlockGas":{"daGas":0,"l2Gas":11571},"totalSizeInBytes":128,"silentlySkippedCount":0,"silentlySkippedDurationMs":0}
[18:17:05.741] INFO: simulator:public-processor Processed 1 successful txs and 0 failed txs (0 silently skipped, 0ms wasted) in 0.004300749999994878s {"blockNumber":37,"successfulCount":1,"failedCount":0,"duration":0.004300749999994878,"rate":3025983.840031506,"totalPublicGas":{"daGas":0,"l2Gas":13014},"totalBlockGas":{"daGas":0,"l2Gas":13014},"totalSizeInBytes":128,"silentlySkippedCount":0,"silentlySkippedDurationMs":0}
[18:17:05.756] INFO: simulator:public-processor Processed 1 successful txs and 0 failed txs (0 silently skipped, 0ms wasted) in 0.004528041999961715s {"blockNumber":37,"successfulCount":1,"failedCount":0,"duration":0.004528041999961715,"rate":2555409.1592122675,"totalPublicGas":{"daGas":0,"l2Gas":11571},"totalBlockGas":{"daGas":0,"l2Gas":11571},"totalSizeInBytes":128,"silentlySkippedCount":0,"silentlySkippedDurationMs":0}
[18:17:05.771] INFO: simulator:public-processor Processed 1 successful txs and 0 failed txs (0 silently skipped, 0ms wasted) in 0.004436291999998503s {"blockNumber":37,"successfulCount":1,"failedCount":0,"duration":0.004436291999998503,"rate":2933530.9758700267,"totalPublicGas":{"daGas":0,"l2Gas":13014},"totalBlockGas":{"daGas":0,"l2Gas":13014},"totalSizeInBytes":128,"silentlySkippedCount":0,"silentlySkippedDurationMs":0}
[18:17:05.785] INFO: simulator:public-processor Processed 1 successful txs and 0 failed txs (0 silently skipped, 0ms wasted) in 0.004500124999962282s {"blockNumber":37,"successfulCount":1,"failedCount":0,"duration":0.004500124999962282,"rate":2571261.9094129573,"totalPublicGas":{"daGas":0,"l2Gas":11571},"totalBlockGas":{"daGas":0,"l2Gas":11571},"totalSizeInBytes":128,"silentlySkippedCount":0,"silentlySkippedDurationMs":0}
[18:17:05.801] INFO: simulator:public-processor Processed 1 successful txs and 0 failed txs (0 silently skipped, 0ms wasted) in 0.004558041000040248s {"blockNumber":37,"successfulCount":1,"failedCount":0,"duration":0.004558041000040248,"rate":2855173.9661589456,"totalPublicGas":{"daGas":0,"l2Gas":13014},"totalBlockGas":{"daGas":0,"l2Gas":13014},"totalSizeInBytes":128,"silentlySkippedCount":0,"silentlySkippedDurationMs":0}
[18:17:05.815] INFO: simulator:public-processor Processed 1 successful txs and 0 failed txs (0 silently skipped, 0ms wasted) in 0.004352917000011075s {"blockNumber":37,"successfulCount":1,"failedCount":0,"duration":0.004352917000011075,"rate":2658217.4665794363,"totalPublicGas":{"daGas":0,"l2Gas":11571},"totalBlockGas":{"daGas":0,"l2Gas":11571},"totalSizeInBytes":128,"silentlySkippedCount":0,"silentlySkippedDurationMs":0}
[18:17:05.830] INFO: simulator:public-processor Processed 1 successful txs and 0 failed txs (0 silently skipped, 0ms wasted) in 0.004667666000023019s {"blockNumber":37,"successfulCount":1,"failedCount":0,"duration":0.004667666000023019,"rate":2776548.2791476697,"totalPublicGas":{"daGas":0,"l2Gas":12960},"totalBlockGas":{"daGas":0,"l2Gas":12960},"totalSizeInBytes":128,"silentlySkippedCount":0,"silentlySkippedDurationMs":0}
[18:17:05.848] INFO: simulator:public-processor Processed 1 successful txs and 0 failed txs (0 silently skipped, 0ms wasted) in 0.007331875000032596s {"blockNumber":37,"successfulCount":1,"failedCount":0,"duration":0.007331875000032596,"rate":21052732.07730816,"totalPublicGas":{"daGas":0,"l2Gas":154356},"totalBlockGas":{"daGas":0,"l2Gas":154356},"totalSizeInBytes":128,"silentlySkippedCount":0,"silentlySkippedDurationMs":0}
[billboard_test] Testing c03::c03_ten_distinct_claimed_authors_get_unique_ids_and_live_order_sequentially ... [0m[32mok[0m <62.081s>
[billboard_test] [0m[32m142 tests passed[0m
[private_fee_contract] Running 0 test functions
[private_fee_contract] [0m[32m0 tests passed[0m
[private_fee_test] Running 8 test functions
[private_fee_test] Testing private_fee_claim_cannot_mint_twice ... [0m[32mok[0m
[private_fee_test] Testing private_fee_cold_start_rejects_insufficient_bridge ... [0m[32mok[0m
[private_fee_test] Testing private_fee_mint_credits_only_bound_owner ... [0m[32mok[0m
[private_fee_test] Testing private_fee_outsider_cannot_call_balance_recursion ... [0m[32mok[0m
[private_fee_test] Testing private_fee_unclaimed_bridge_cannot_mint ... [0m[32mok[0m
[private_fee_test] Testing private_fee_unfunded_owner_cannot_pay ... [0m[32mok[0m
[private_fee_test] Testing private_fee_wrong_amount_cannot_inflate_credit ... [0m[32mok[0m
[private_fee_test] Testing private_fee_wrong_owner_cannot_mint_known_salt ... [0m[32mok[0m
[private_fee_test] [0m[32m8 tests passed[0m
