[10:38:42.308] INFO: txe:rpc Setting up TXE...
[10:38:42.309] INFO: kv-store:lmdb-v2 Starting data store with maxReaders 2
[10:38:42.589] INFO: txe:rpc TXE listening on port 53920
[billboard_contract] Running 0 test functions
[billboard_contract] [0m[32m0 tests passed[0m
[billboard_test] Running 62 test functions
[10:38:49.812] INFO: kv-store:lmdb-v2 Starting data store with maxReaders 2
[10:38:49.813] INFO: kv-store:lmdb-v2 Starting data store with maxReaders 2
[10:38:49.815] INFO: world-state:database Creating world state data store at directory /var/folders/ym/q1vh2x5n58xbsmpmvs5_6w3r0000gn/T/aztec-world-state-X6B1vf/world_state with map sizes {"archiveTreeMapSizeKb":10485760,"nullifierTreeMapSizeKb":10485760,"noteHashTreeMapSizeKb":10485760,"messageTreeMapSizeKb":10485760,"publicDataTreeMapSizeKb":10485760} and 12 threads (ephemeral=true).
[10:38:49.832] INFO: txe_node Aztec Node version: txe
[10:38:49.832] INFO: txe_node Aztec Node started on chain 0x1
[10:38:49.854] INFO: txe:top_level_context Created block 1 with timestamp 1789378729
[10:38:49.962] INFO: txe:top_level_context Created block 2 with timestamp 1789378729
[10:38:50.079] INFO: simulator:public-processor Processed 1 successful txs and 0 failed txs (0 silently skipped, 0ms wasted) in 0.047281708000000436s {"blockNumber":3,"successfulCount":1,"failedCount":0,"duration":0.047281708000000436,"rate":45838128.35187722,"totalPublicGas":{"daGas":3776,"l2Gas":2167305},"totalBlockGas":{"daGas":3776,"l2Gas":2167305},"totalSizeInBytes":3904,"silentlySkippedCount":0,"silentlySkippedDurationMs":0}
[10:38:50.125] INFO: txe:top_level_context Created block 4 with timestamp 1789378729
[10:38:50.478] INFO: simulator:public-processor Processed 1 successful txs and 0 failed txs (0 silently skipped, 0ms wasted) in 0.006670875000001616s {"blockNumber":5,"successfulCount":1,"failedCount":0,"duration":0.006670875000001616,"rate":0,"totalPublicGas":{"daGas":0,"l2Gas":0},"totalBlockGas":{"daGas":1984,"l2Gas":529900},"totalSizeInBytes":1984,"silentlySkippedCount":0,"silentlySkippedDurationMs":0}
[10:38:50.522] INFO: txe:top_level_context Created block 6 with timestamp 1789382330
[10:38:51.266] INFO: simulator:public-processor Processed 1 successful txs and 0 failed txs (0 silently skipped, 0ms wasted) in 0.02934333300000071s {"blockNumber":7,"successfulCount":1,"failedCount":0,"duration":0.02934333300000071,"rate":40762206.52916187,"totalPublicGas":{"daGas":2176,"l2Gas":1196099},"totalBlockGas":{"daGas":3552,"l2Gas":1922849},"totalSizeInBytes":3552,"silentlySkippedCount":0,"silentlySkippedDurationMs":0}
[10:38:51.309] INFO: txe:top_level_context Created block 8 with timestamp 1789385929
[10:38:52.001] INFO: simulator:public-processor Processed 1 successful txs and 0 failed txs (0 silently skipped, 0ms wasted) in 0.029376916999999593s {"blockNumber":9,"successfulCount":1,"failedCount":0,"duration":0.029376916999999593,"rate":40715606.7466173,"totalPublicGas":{"daGas":2176,"l2Gas":1196099},"totalBlockGas":{"daGas":3552,"l2Gas":1922849},"totalSizeInBytes":3552,"silentlySkippedCount":0,"silentlySkippedDurationMs":0}
[10:38:52.044] INFO: txe:top_level_context Created block 10 with timestamp 1789389530
[10:38:52.752] INFO: simulator:public-processor Processed 1 successful txs and 0 failed txs (0 silently skipped, 0ms wasted) in 0.029855541999999333s {"blockNumber":11,"successfulCount":1,"failedCount":0,"duration":0.029855541999999333,"rate":40062880.1178698,"totalPublicGas":{"daGas":2176,"l2Gas":1196099},"totalBlockGas":{"daGas":3552,"l2Gas":1922849},"totalSizeInBytes":3552,"silentlySkippedCount":0,"silentlySkippedDurationMs":0}
[10:38:52.807] INFO: simulator:public-processor Processed 1 successful txs and 0 failed txs (0 silently skipped, 0ms wasted) in 0.006600417000001471s {"blockNumber":12,"successfulCount":1,"failedCount":0,"duration":0.006600417000001471,"rate":1059933.0315036825,"totalPublicGas":{"daGas":0,"l2Gas":6996},"totalBlockGas":{"daGas":0,"l2Gas":6996},"totalSizeInBytes":128,"silentlySkippedCount":0,"silentlySkippedDurationMs":0}
[billboard_test] Testing test_censor_window_grandchild_screening ... [0m[32mok[0m
[10:38:55.802] INFO: kv-store:lmdb-v2 Starting data store with maxReaders 2
[10:38:55.803] INFO: world-state:database Creating world state data store at directory /var/folders/ym/q1vh2x5n58xbsmpmvs5_6w3r0000gn/T/aztec-world-state-Q2qNoa/world_state with map sizes {"archiveTreeMapSizeKb":10485760,"nullifierTreeMapSizeKb":10485760,"noteHashTreeMapSizeKb":10485760,"messageTreeMapSizeKb":10485760,"publicDataTreeMapSizeKb":10485760} and 12 threads (ephemeral=true).
[10:38:55.816] INFO: txe_node Aztec Node version: txe
[10:38:55.816] INFO: txe_node Aztec Node started on chain 0x1
[10:38:55.835] INFO: txe:top_level_context Created block 1 with timestamp 1789378735
[10:38:55.888] INFO: txe:top_level_context Created block 2 with timestamp 1789378735
[10:38:55.979] INFO: simulator:public-processor Processed 1 successful txs and 0 failed txs (0 silently skipped, 0ms wasted) in 0.041405166000000465s {"blockNumber":3,"successfulCount":1,"failedCount":0,"duration":0.041405166000000465,"rate":52343830.71909374,"totalPublicGas":{"daGas":3776,"l2Gas":2167305},"totalBlockGas":{"daGas":3776,"l2Gas":2167305},"totalSizeInBytes":3904,"silentlySkippedCount":0,"silentlySkippedDurationMs":0}
[10:38:56.020] INFO: txe:top_level_context Created block 4 with timestamp 1789378735
[10:38:56.263] INFO: simulator:public-processor Processed 1 successful txs and 0 failed txs (0 silently skipped, 0ms wasted) in 0.00534008299999914s {"blockNumber":5,"successfulCount":1,"failedCount":0,"duration":0.00534008299999914,"rate":0,"totalPublicGas":{"daGas":0,"l2Gas":0},"totalBlockGas":{"daGas":1984,"l2Gas":529900},"totalSizeInBytes":1984,"silentlySkippedCount":0,"silentlySkippedDurationMs":0}
[10:38:56.304] INFO: txe:top_level_context Created block 6 with timestamp 1789382336
[10:38:56.968] INFO: simulator:public-processor Processed 1 successful txs and 0 failed txs (0 silently skipped, 0ms wasted) in 0.02905308299999888s {"blockNumber":7,"successfulCount":1,"failedCount":0,"duration":0.02905308299999888,"rate":41169434.582899384,"totalPublicGas":{"daGas":2176,"l2Gas":1196099},"totalBlockGas":{"daGas":3552,"l2Gas":1922849},"totalSizeInBytes":3552,"silentlySkippedCount":0,"silentlySkippedDurationMs":0}
[10:38:57.041] INFO: simulator:public-processor Processed 1 successful txs and 0 failed txs (0 silently skipped, 0ms wasted) in 0.026143041999999696s {"blockNumber":8,"successfulCount":1,"failedCount":0,"duration":0.026143041999999696,"rate":46002947.93543972,"totalPublicGas":{"daGas":2176,"l2Gas":1202657},"totalBlockGas":{"daGas":2176,"l2Gas":1202657},"totalSizeInBytes":2304,"silentlySkippedCount":0,"silentlySkippedDurationMs":0}
[10:38:57.094] INFO: simulator:public-processor Processed 1 successful txs and 0 failed txs (0 silently skipped, 0ms wasted) in 0.0064752500000013246s {"blockNumber":9,"successfulCount":1,"failedCount":0,"duration":0.0064752500000013246,"rate":1348210.4938030522,"totalPublicGas":{"daGas":0,"l2Gas":8730},"totalBlockGas":{"daGas":0,"l2Gas":8730},"totalSizeInBytes":128,"silentlySkippedCount":0,"silentlySkippedDurationMs":0}
[10:38:57.113] INFO: txe:top_level_context Created block 9 with timestamp 1789385935
[10:38:57.812] INFO: simulator:public-processor Processed 1 successful txs and 0 failed txs (0 silently skipped, 0ms wasted) in 0.029671957999998996s {"blockNumber":10,"successfulCount":1,"failedCount":0,"duration":0.029671957999998996,"rate":40310754.01225765,"totalPublicGas":{"daGas":2176,"l2Gas":1196099},"totalBlockGas":{"daGas":3552,"l2Gas":1922849},"totalSizeInBytes":3552,"silentlySkippedCount":0,"silentlySkippedDurationMs":0}
[10:38:58.369] INFO: txe:top_level_context Created block 11 with timestamp 1789389536
[10:38:59.019] INFO: simulator:public-processor Processed 1 successful txs and 0 failed txs (0 silently skipped, 0ms wasted) in 0.0290759169999983s {"blockNumber":12,"successfulCount":1,"failedCount":0,"duration":0.0290759169999983,"rate":41137103.25972075,"totalPublicGas":{"daGas":2176,"l2Gas":1196099},"totalBlockGas":{"daGas":3552,"l2Gas":1922849},"totalSizeInBytes":3552,"silentlySkippedCount":0,"silentlySkippedDurationMs":0}
[billboard_test] Testing test_censor_window_hard_invariant ... [0m[32mok[0m
[10:39:02.011] INFO: kv-store:lmdb-v2 Starting data store with maxReaders 2
[10:39:02.012] INFO: world-state:database Creating world state data store at directory /var/folders/ym/q1vh2x5n58xbsmpmvs5_6w3r0000gn/T/aztec-world-state-jXoDcM/world_state with map sizes {"archiveTreeMapSizeKb":10485760,"nullifierTreeMapSizeKb":10485760,"noteHashTreeMapSizeKb":10485760,"messageTreeMapSizeKb":10485760,"publicDataTreeMapSizeKb":10485760} and 12 threads (ephemeral=true).
[10:39:02.025] INFO: txe_node Aztec Node version: txe
[10:39:02.025] INFO: txe_node Aztec Node started on chain 0x1
[10:39:02.042] INFO: txe:top_level_context Created block 1 with timestamp 1789378742
[10:39:02.093] INFO: txe:top_level_context Created block 2 with timestamp 1789378742
[10:39:02.183] INFO: simulator:public-processor Processed 1 successful txs and 0 failed txs (0 silently skipped, 0ms wasted) in 0.041089458000002195s {"blockNumber":3,"successfulCount":1,"failedCount":0,"duration":0.041089458000002195,"rate":52746010.91111701,"totalPublicGas":{"daGas":3776,"l2Gas":2167305},"totalBlockGas":{"daGas":3776,"l2Gas":2167305},"totalSizeInBytes":3904,"silentlySkippedCount":0,"silentlySkippedDurationMs":0}
[10:39:02.224] INFO: txe:top_level_context Created block 4 with timestamp 1789378742
[10:39:02.464] INFO: simulator:public-processor Processed 1 successful txs and 0 failed txs (0 silently skipped, 0ms wasted) in 0.006064624999999069s {"blockNumber":5,"successfulCount":1,"failedCount":0,"duration":0.006064624999999069,"rate":0,"totalPublicGas":{"daGas":0,"l2Gas":0},"totalBlockGas":{"daGas":1984,"l2Gas":529900},"totalSizeInBytes":1984,"silentlySkippedCount":0,"silentlySkippedDurationMs":0}
[10:39:02.506] INFO: txe:top_level_context Created block 6 with timestamp 1789382343
[10:39:03.176] INFO: simulator:public-processor Processed 1 successful txs and 0 failed txs (0 silently skipped, 0ms wasted) in 0.02941216699999859s {"blockNumber":7,"successfulCount":1,"failedCount":0,"duration":0.02941216699999859,"rate":40666809.75937806,"totalPublicGas":{"daGas":2176,"l2Gas":1196099},"totalBlockGas":{"daGas":3552,"l2Gas":1922849},"totalSizeInBytes":3552,"silentlySkippedCount":0,"silentlySkippedDurationMs":0}
[10:39:03.218] INFO: txe:top_level_context Created block 8 with timestamp 1789385942
[10:39:03.901] INFO: simulator:public-processor Processed 1 successful txs and 0 failed txs (0 silently skipped, 0ms wasted) in 0.029108000000000175s {"blockNumber":9,"successfulCount":1,"failedCount":0,"duration":0.029108000000000175,"rate":41091761.714992195,"totalPublicGas":{"daGas":2176,"l2Gas":1196099},"totalBlockGas":{"daGas":3552,"l2Gas":1922849},"totalSizeInBytes":3552,"silentlySkippedCount":0,"silentlySkippedDurationMs":0}
[10:39:03.953] INFO: simulator:public-processor Processed 1 successful txs and 0 failed txs (0 silently skipped, 0ms wasted) in 0.006277458000000479s {"blockNumber":10,"successfulCount":1,"failedCount":0,"duration":0.006277458000000479,"rate":1114463.8482646106,"totalPublicGas":{"daGas":0,"l2Gas":6996},"totalBlockGas":{"daGas":0,"l2Gas":6996},"totalSizeInBytes":128,"silentlySkippedCount":0,"silentlySkippedDurationMs":0}
[billboard_test] Testing test_censor_window_post_too_young_to_screen ... [0m[32mok[0m
[billboard_test] Testing test_cooldown_100x_deposit ... [0m[32mok[0m
[billboard_test] Testing test_cooldown_10x_deposit ... [0m[32mok[0m
[billboard_test] Testing test_cooldown_at_min_deposit ... [0m[32mok[0m
[billboard_test] Testing test_cooldown_halves_when_deposit_doubles ... [0m[32mok[0m
[billboard_test] Testing test_cooldown_minimum_one_second ... [0m[32mok[0m
[billboard_test] Testing test_cooldown_no_overflow_at_large_values ... [0m[32mok[0m
[billboard_test] Testing test_cooldown_truncation ... [0m[32mok[0m
[billboard_test] Testing test_declare_immoral_censor_passes_auth ... [0m[32mok[0m
[10:39:23.531] INFO: kv-store:lmdb-v2 Starting data store with maxReaders 2
[10:39:23.533] INFO: world-state:database Creating world state data store at directory /var/folders/ym/q1vh2x5n58xbsmpmvs5_6w3r0000gn/T/aztec-world-state-s2ruoh/world_state with map sizes {"archiveTreeMapSizeKb":10485760,"nullifierTreeMapSizeKb":10485760,"noteHashTreeMapSizeKb":10485760,"messageTreeMapSizeKb":10485760,"publicDataTreeMapSizeKb":10485760} and 12 threads (ephemeral=true).
[10:39:23.550] INFO: txe_node Aztec Node version: txe
[10:39:23.550] INFO: txe_node Aztec Node started on chain 0x1
[10:39:23.569] INFO: txe:top_level_context Created block 1 with timestamp 1789378763
[10:39:23.629] INFO: txe:top_level_context Created block 2 with timestamp 1789378763
[10:39:23.727] INFO: simulator:public-processor Processed 1 successful txs and 0 failed txs (0 silently skipped, 0ms wasted) in 0.04438266699999804s {"blockNumber":3,"successfulCount":1,"failedCount":0,"duration":0.04438266699999804,"rate":48832238.94589516,"totalPublicGas":{"daGas":3776,"l2Gas":2167305},"totalBlockGas":{"daGas":3776,"l2Gas":2167305},"totalSizeInBytes":3904,"silentlySkippedCount":0,"silentlySkippedDurationMs":0}
[10:39:23.785] INFO: simulator:public-processor Processed 1 successful txs and 0 failed txs (0 silently skipped, 0ms wasted) in 0.008800250000000233s {"blockNumber":4,"successfulCount":1,"failedCount":0,"duration":0.008800250000000233,"rate":3538876.736456257,"totalPublicGas":{"daGas":0,"l2Gas":31143},"totalBlockGas":{"daGas":0,"l2Gas":31143},"totalSizeInBytes":128,"silentlySkippedCount":0,"silentlySkippedDurationMs":0}
[10:39:23.791] WARN: txe:top_level_context Could not find function artifact in contract Billboard for function '0x6675867b' when enriching error callstack
[billboard_test] Testing test_declare_immoral_fails_when_no_censor ... [0m[32mok[0m
[10:39:26.211] INFO: kv-store:lmdb-v2 Starting data store with maxReaders 2
[10:39:26.212] INFO: world-state:database Creating world state data store at directory /var/folders/ym/q1vh2x5n58xbsmpmvs5_6w3r0000gn/T/aztec-world-state-iFbZwf/world_state with map sizes {"archiveTreeMapSizeKb":10485760,"nullifierTreeMapSizeKb":10485760,"noteHashTreeMapSizeKb":10485760,"messageTreeMapSizeKb":10485760,"publicDataTreeMapSizeKb":10485760} and 12 threads (ephemeral=true).
[10:39:26.226] INFO: txe_node Aztec Node version: txe
[10:39:26.226] INFO: txe_node Aztec Node started on chain 0x1
[10:39:26.245] INFO: txe:top_level_context Created block 1 with timestamp 1789378766
[10:39:26.305] INFO: txe:top_level_context Created block 2 with timestamp 1789378766
[10:39:26.401] INFO: simulator:public-processor Processed 1 successful txs and 0 failed txs (0 silently skipped, 0ms wasted) in 0.043935209000002945s {"blockNumber":3,"successfulCount":1,"failedCount":0,"duration":0.043935209000002945,"rate":49329570.732208304,"totalPublicGas":{"daGas":3776,"l2Gas":2167305},"totalBlockGas":{"daGas":3776,"l2Gas":2167305},"totalSizeInBytes":3904,"silentlySkippedCount":0,"silentlySkippedDurationMs":0}
[10:39:26.466] INFO: simulator:public-processor Processed 1 successful txs and 0 failed txs (0 silently skipped, 0ms wasted) in 0.007113084000004165s {"blockNumber":4,"successfulCount":1,"failedCount":0,"duration":0.007113084000004165,"rate":4167812.442533034,"totalPublicGas":{"daGas":0,"l2Gas":29646},"totalBlockGas":{"daGas":0,"l2Gas":29646},"totalSizeInBytes":128,"silentlySkippedCount":0,"silentlySkippedDurationMs":0}
[10:39:26.468] WARN: txe:top_level_context Could not find function artifact in contract Billboard for function '0x6675867b' when enriching error callstack
[billboard_test] Testing test_declare_immoral_rejects_non_censor ... [0m[32mok[0m
[10:39:28.894] INFO: kv-store:lmdb-v2 Starting data store with maxReaders 2
[10:39:28.895] INFO: world-state:database Creating world state data store at directory /var/folders/ym/q1vh2x5n58xbsmpmvs5_6w3r0000gn/T/aztec-world-state-o7ahZx/world_state with map sizes {"archiveTreeMapSizeKb":10485760,"nullifierTreeMapSizeKb":10485760,"noteHashTreeMapSizeKb":10485760,"messageTreeMapSizeKb":10485760,"publicDataTreeMapSizeKb":10485760} and 12 threads (ephemeral=true).
[10:39:28.908] INFO: txe_node Aztec Node version: txe
[10:39:28.908] INFO: txe_node Aztec Node started on chain 0x1
[10:39:28.926] INFO: txe:top_level_context Created block 1 with timestamp 1789378768
[10:39:28.974] INFO: txe:top_level_context Created block 2 with timestamp 1789378768
[10:39:29.065] INFO: simulator:public-processor Processed 1 successful txs and 0 failed txs (0 silently skipped, 0ms wasted) in 0.04109187499999825s {"blockNumber":3,"successfulCount":1,"failedCount":0,"duration":0.04109187499999825,"rate":52742908.42167928,"totalPublicGas":{"daGas":3776,"l2Gas":2167305},"totalBlockGas":{"daGas":3776,"l2Gas":2167305},"totalSizeInBytes":3904,"silentlySkippedCount":0,"silentlySkippedDurationMs":0}
[10:39:29.124] INFO: simulator:public-processor Processed 1 successful txs and 0 failed txs (0 silently skipped, 0ms wasted) in 0.007123333000003186s {"blockNumber":4,"successfulCount":1,"failedCount":0,"duration":0.007123333000003186,"rate":4161815.8241355196,"totalPublicGas":{"daGas":0,"l2Gas":29646},"totalBlockGas":{"daGas":0,"l2Gas":29646},"totalSizeInBytes":128,"silentlySkippedCount":0,"silentlySkippedDurationMs":0}
[10:39:29.126] WARN: txe:top_level_context Could not find function artifact in contract Billboard for function '0x6675867b' when enriching error callstack
[billboard_test] Testing test_deposit_msg_hash_deterministic ... [0m[32mok[0m
[billboard_test] Testing test_deposit_msg_hash_differs_by_amount ... [0m[32mok[0m
[billboard_test] Testing test_deposit_msg_hash_differs_by_depositor ... [0m[32mok[0m
[10:39:38.843] INFO: kv-store:lmdb-v2 Starting data store with maxReaders 2
[10:39:38.844] INFO: world-state:database Creating world state data store at directory /var/folders/ym/q1vh2x5n58xbsmpmvs5_6w3r0000gn/T/aztec-world-state-kQ7wP3/world_state with map sizes {"archiveTreeMapSizeKb":10485760,"nullifierTreeMapSizeKb":10485760,"noteHashTreeMapSizeKb":10485760,"messageTreeMapSizeKb":10485760,"publicDataTreeMapSizeKb":10485760} and 12 threads (ephemeral=true).
[10:39:38.857] INFO: txe_node Aztec Node version: txe
[10:39:38.857] INFO: txe_node Aztec Node started on chain 0x1
[10:39:38.874] INFO: txe:top_level_context Created block 1 with timestamp 1789378778
[10:39:38.926] INFO: txe:top_level_context Created block 2 with timestamp 1789378778
[10:39:39.019] INFO: simulator:public-processor Processed 1 successful txs and 0 failed txs (0 silently skipped, 0ms wasted) in 0.04188708300000144s {"blockNumber":3,"successfulCount":1,"failedCount":0,"duration":0.04188708300000144,"rate":51741607.31125453,"totalPublicGas":{"daGas":3776,"l2Gas":2167305},"totalBlockGas":{"daGas":3776,"l2Gas":2167305},"totalSizeInBytes":3904,"silentlySkippedCount":0,"silentlySkippedDurationMs":0}
[10:39:39.062] INFO: txe:top_level_context Created block 4 with timestamp 1789378778
[10:39:39.317] INFO: simulator:public-processor Processed 1 successful txs and 0 failed txs (0 silently skipped, 0ms wasted) in 0.005537125000002561s {"blockNumber":5,"successfulCount":1,"failedCount":0,"duration":0.005537125000002561,"rate":0,"totalPublicGas":{"daGas":0,"l2Gas":0},"totalBlockGas":{"daGas":1984,"l2Gas":529900},"totalSizeInBytes":1984,"silentlySkippedCount":0,"silentlySkippedDurationMs":0}
[10:39:39.359] INFO: txe:top_level_context Created block 6 with timestamp 1789382379
[10:39:40.044] INFO: simulator:public-processor Processed 1 successful txs and 0 failed txs (0 silently skipped, 0ms wasted) in 0.029856667000000017s {"blockNumber":7,"successfulCount":1,"failedCount":0,"duration":0.029856667000000017,"rate":40061370.54748942,"totalPublicGas":{"daGas":2176,"l2Gas":1196099},"totalBlockGas":{"daGas":3552,"l2Gas":1922849},"totalSizeInBytes":3552,"silentlySkippedCount":0,"silentlySkippedDurationMs":0}
[10:39:40.088] INFO: txe:top_level_context Created block 8 with timestamp 1789385980
[10:39:40.776] INFO: simulator:public-processor Processed 1 successful txs and 0 failed txs (0 silently skipped, 0ms wasted) in 0.01141962500000227s {"blockNumber":9,"successfulCount":1,"failedCount":0,"duration":0.01141962500000227,"rate":8343093.577939824,"totalPublicGas":{"daGas":128,"l2Gas":95275},"totalBlockGas":{"daGas":1504,"l2Gas":822025},"totalSizeInBytes":1504,"silentlySkippedCount":0,"silentlySkippedDurationMs":0}
[billboard_test] Testing test_dummy_post_advances_screening ... [0m[32mok[0m
[10:39:43.880] INFO: kv-store:lmdb-v2 Starting data store with maxReaders 2
[10:39:43.881] INFO: world-state:database Creating world state data store at directory /var/folders/ym/q1vh2x5n58xbsmpmvs5_6w3r0000gn/T/aztec-world-state-4gug39/world_state with map sizes {"archiveTreeMapSizeKb":10485760,"nullifierTreeMapSizeKb":10485760,"noteHashTreeMapSizeKb":10485760,"messageTreeMapSizeKb":10485760,"publicDataTreeMapSizeKb":10485760} and 12 threads (ephemeral=true).
[10:39:43.894] INFO: txe_node Aztec Node version: txe
[10:39:43.894] INFO: txe_node Aztec Node started on chain 0x1
[10:39:43.911] INFO: txe:top_level_context Created block 1 with timestamp 1789378783
[10:39:43.961] INFO: txe:top_level_context Created block 2 with timestamp 1789378783
[10:39:44.052] INFO: simulator:public-processor Processed 1 successful txs and 0 failed txs (0 silently skipped, 0ms wasted) in 0.04124616700000479s {"blockNumber":3,"successfulCount":1,"failedCount":0,"duration":0.04124616700000479,"rate":52545609.874482356,"totalPublicGas":{"daGas":3776,"l2Gas":2167305},"totalBlockGas":{"daGas":3776,"l2Gas":2167305},"totalSizeInBytes":3904,"silentlySkippedCount":0,"silentlySkippedDurationMs":0}
[10:39:44.094] INFO: txe:top_level_context Created block 4 with timestamp 1789378783
[10:39:44.337] INFO: simulator:public-processor Processed 1 successful txs and 0 failed txs (0 silently skipped, 0ms wasted) in 0.005281917000000249s {"blockNumber":5,"successfulCount":1,"failedCount":0,"duration":0.005281917000000249,"rate":0,"totalPublicGas":{"daGas":0,"l2Gas":0},"totalBlockGas":{"daGas":1984,"l2Gas":529900},"totalSizeInBytes":1984,"silentlySkippedCount":0,"silentlySkippedDurationMs":0}
[10:39:44.379] INFO: txe:top_level_context Created block 6 with timestamp 1789382384
[10:39:45.042] INFO: simulator:public-processor Processed 1 successful txs and 0 failed txs (0 silently skipped, 0ms wasted) in 0.011849709000001894s {"blockNumber":7,"successfulCount":1,"failedCount":0,"duration":0.011849709000001894,"rate":8040281.833080016,"totalPublicGas":{"daGas":128,"l2Gas":95275},"totalBlockGas":{"daGas":1504,"l2Gas":822025},"totalSizeInBytes":1504,"silentlySkippedCount":0,"silentlySkippedDurationMs":0}
[10:39:45.095] INFO: simulator:public-processor Processed 1 successful txs and 0 failed txs (0 silently skipped, 0ms wasted) in 0.006142166999998153s {"blockNumber":8,"successfulCount":1,"failedCount":0,"duration":0.006142166999998153,"rate":1139011.6875692413,"totalPublicGas":{"daGas":0,"l2Gas":6996},"totalBlockGas":{"daGas":0,"l2Gas":6996},"totalSizeInBytes":128,"silentlySkippedCount":0,"silentlySkippedDurationMs":0}
[10:39:45.125] INFO: simulator:public-processor Processed 1 successful txs and 0 failed txs (0 silently skipped, 0ms wasted) in 0.006139750000002096s {"blockNumber":8,"successfulCount":1,"failedCount":0,"duration":0.006139750000002096,"rate":1397939.6555229563,"totalPublicGas":{"daGas":0,"l2Gas":8583},"totalBlockGas":{"daGas":0,"l2Gas":8583},"totalSizeInBytes":128,"silentlySkippedCount":0,"silentlySkippedDurationMs":0}
[10:39:45.156] INFO: simulator:public-processor Processed 1 successful txs and 0 failed txs (0 silently skipped, 0ms wasted) in 0.008307875000005878s {"blockNumber":8,"successfulCount":1,"failedCount":0,"duration":0.008307875000005878,"rate":15013586.506767584,"totalPublicGas":{"daGas":0,"l2Gas":124731},"totalBlockGas":{"daGas":0,"l2Gas":124731},"totalSizeInBytes":128,"silentlySkippedCount":0,"silentlySkippedDurationMs":0}
[billboard_test] Testing test_dummy_post_does_not_store_content ... [0m[32mok[0m
[10:39:48.130] INFO: kv-store:lmdb-v2 Starting data store with maxReaders 2
[10:39:48.131] INFO: world-state:database Creating world state data store at directory /var/folders/ym/q1vh2x5n58xbsmpmvs5_6w3r0000gn/T/aztec-world-state-yXfxNg/world_state with map sizes {"archiveTreeMapSizeKb":10485760,"nullifierTreeMapSizeKb":10485760,"noteHashTreeMapSizeKb":10485760,"messageTreeMapSizeKb":10485760,"publicDataTreeMapSizeKb":10485760} and 12 threads (ephemeral=true).
[10:39:48.144] INFO: txe_node Aztec Node version: txe
[10:39:48.144] INFO: txe_node Aztec Node started on chain 0x1
[10:39:48.161] INFO: txe:top_level_context Created block 1 with timestamp 1789378788
[10:39:48.211] INFO: txe:top_level_context Created block 2 with timestamp 1789378788
[10:39:48.310] INFO: simulator:public-processor Processed 1 successful txs and 0 failed txs (0 silently skipped, 0ms wasted) in 0.04161225000000559s {"blockNumber":3,"successfulCount":1,"failedCount":0,"duration":0.04161225000000559,"rate":52083340.84313415,"totalPublicGas":{"daGas":3776,"l2Gas":2167305},"totalBlockGas":{"daGas":3776,"l2Gas":2167305},"totalSizeInBytes":3904,"silentlySkippedCount":0,"silentlySkippedDurationMs":0}
[10:39:48.351] INFO: txe:top_level_context Created block 4 with timestamp 1789378788
[10:39:48.597] INFO: simulator:public-processor Processed 1 successful txs and 0 failed txs (0 silently skipped, 0ms wasted) in 0.005155582999999751s {"blockNumber":5,"successfulCount":1,"failedCount":0,"duration":0.005155582999999751,"rate":0,"totalPublicGas":{"daGas":0,"l2Gas":0},"totalBlockGas":{"daGas":1984,"l2Gas":529900},"totalSizeInBytes":1984,"silentlySkippedCount":0,"silentlySkippedDurationMs":0}
[10:39:48.639] INFO: txe:top_level_context Created block 6 with timestamp 1789382389
[10:39:49.304] INFO: simulator:public-processor Processed 1 successful txs and 0 failed txs (0 silently skipped, 0ms wasted) in 0.02899412499999744s {"blockNumber":7,"successfulCount":1,"failedCount":0,"duration":0.02899412499999744,"rate":41253150.42271859,"totalPublicGas":{"daGas":2176,"l2Gas":1196099},"totalBlockGas":{"daGas":3552,"l2Gas":1922849},"totalSizeInBytes":3552,"silentlySkippedCount":0,"silentlySkippedDurationMs":0}
[10:39:49.376] INFO: simulator:public-processor Processed 1 successful txs and 0 failed txs (0 silently skipped, 0ms wasted) in 0.025657833000004758s {"blockNumber":8,"successfulCount":1,"failedCount":0,"duration":0.025657833000004758,"rate":46872898.42442177,"totalPublicGas":{"daGas":2176,"l2Gas":1202657},"totalBlockGas":{"daGas":2176,"l2Gas":1202657},"totalSizeInBytes":2304,"silentlySkippedCount":0,"silentlySkippedDurationMs":0}
[10:39:49.417] INFO: txe:top_level_context Created block 9 with timestamp 1789385989
[10:39:50.106] INFO: simulator:public-processor Processed 1 successful txs and 0 failed txs (0 silently skipped, 0ms wasted) in 0.029386540999999853s {"blockNumber":10,"successfulCount":1,"failedCount":0,"duration":0.029386540999999853,"rate":40702272.51312109,"totalPublicGas":{"daGas":2176,"l2Gas":1196099},"totalBlockGas":{"daGas":3552,"l2Gas":1922849},"totalSizeInBytes":3552,"silentlySkippedCount":0,"silentlySkippedDurationMs":0}
[billboard_test] Testing test_flag_penalty_exact_value ... [0m[32mok[0m
[10:39:53.097] INFO: kv-store:lmdb-v2 Starting data store with maxReaders 2
[10:39:53.098] INFO: world-state:database Creating world state data store at directory /var/folders/ym/q1vh2x5n58xbsmpmvs5_6w3r0000gn/T/aztec-world-state-mbddDy/world_state with map sizes {"archiveTreeMapSizeKb":10485760,"nullifierTreeMapSizeKb":10485760,"noteHashTreeMapSizeKb":10485760,"messageTreeMapSizeKb":10485760,"publicDataTreeMapSizeKb":10485760} and 12 threads (ephemeral=true).
[10:39:53.112] INFO: txe_node Aztec Node version: txe
[10:39:53.112] INFO: txe_node Aztec Node started on chain 0x1
[10:39:53.131] INFO: txe:top_level_context Created block 1 with timestamp 1789378793
[10:39:53.184] INFO: txe:top_level_context Created block 2 with timestamp 1789378793
[10:39:53.276] INFO: simulator:public-processor Processed 1 successful txs and 0 failed txs (0 silently skipped, 0ms wasted) in 0.042242417000001295s {"blockNumber":3,"successfulCount":1,"failedCount":0,"duration":0.042242417000001295,"rate":51306368.193844914,"totalPublicGas":{"daGas":3776,"l2Gas":2167305},"totalBlockGas":{"daGas":3776,"l2Gas":2167305},"totalSizeInBytes":3904,"silentlySkippedCount":0,"silentlySkippedDurationMs":0}
[10:39:53.318] INFO: txe:top_level_context Created block 4 with timestamp 1789378793
[10:39:53.559] INFO: simulator:public-processor Processed 1 successful txs and 0 failed txs (0 silently skipped, 0ms wasted) in 0.004989000000001397s {"blockNumber":5,"successfulCount":1,"failedCount":0,"duration":0.004989000000001397,"rate":0,"totalPublicGas":{"daGas":0,"l2Gas":0},"totalBlockGas":{"daGas":1984,"l2Gas":529900},"totalSizeInBytes":1984,"silentlySkippedCount":0,"silentlySkippedDurationMs":0}
[10:39:53.600] INFO: txe:top_level_context Created block 6 with timestamp 1789382394
[10:39:54.295] INFO: simulator:public-processor Processed 1 successful txs and 0 failed txs (0 silently skipped, 0ms wasted) in 0.03082924999999523s {"blockNumber":7,"successfulCount":1,"failedCount":0,"duration":0.03082924999999523,"rate":38797538.05234267,"totalPublicGas":{"daGas":2176,"l2Gas":1196099},"totalBlockGas":{"daGas":3552,"l2Gas":1922849},"totalSizeInBytes":3552,"silentlySkippedCount":0,"silentlySkippedDurationMs":0}
[10:39:54.338] INFO: txe:top_level_context Created block 8 with timestamp 1789385993
[10:39:55.083] INFO: simulator:public-processor Processed 1 successful txs and 0 failed txs (0 silently skipped, 0ms wasted) in 0.0321684580000001s {"blockNumber":9,"successfulCount":1,"failedCount":0,"duration":0.0321684580000001,"rate":37182354.2179111,"totalPublicGas":{"daGas":2176,"l2Gas":1196099},"totalBlockGas":{"daGas":3552,"l2Gas":1922849},"totalSizeInBytes":3552,"silentlySkippedCount":0,"silentlySkippedDurationMs":0}
[10:39:55.158] INFO: simulator:public-processor Processed 1 successful txs and 0 failed txs (0 silently skipped, 0ms wasted) in 0.02730412499999511s {"blockNumber":10,"successfulCount":1,"failedCount":0,"duration":0.02730412499999511,"rate":44046714.553211845,"totalPublicGas":{"daGas":2176,"l2Gas":1202657},"totalBlockGas":{"daGas":2176,"l2Gas":1202657},"totalSizeInBytes":2304,"silentlySkippedCount":0,"silentlySkippedDurationMs":0}
[10:39:55.232] INFO: simulator:public-processor Processed 1 successful txs and 0 failed txs (0 silently skipped, 0ms wasted) in 0.026799167000004672s {"blockNumber":11,"successfulCount":1,"failedCount":0,"duration":0.026799167000004672,"rate":44876656.054264314,"totalPublicGas":{"daGas":2176,"l2Gas":1202657},"totalBlockGas":{"daGas":2176,"l2Gas":1202657},"totalSizeInBytes":2304,"silentlySkippedCount":0,"silentlySkippedDurationMs":0}
[10:39:55.274] INFO: txe:top_level_context Created block 12 with timestamp 1789389594
[10:39:55.965] INFO: simulator:public-processor Processed 1 successful txs and 0 failed txs (0 silently skipped, 0ms wasted) in 0.029745084000009227s {"blockNumber":13,"successfulCount":1,"failedCount":0,"duration":0.029745084000009227,"rate":40211653.12559309,"totalPublicGas":{"daGas":2176,"l2Gas":1196099},"totalBlockGas":{"daGas":3552,"l2Gas":1922849},"totalSizeInBytes":3552,"silentlySkippedCount":0,"silentlySkippedDurationMs":0}
[billboard_test] Testing test_flag_penalty_two_flags ... [0m[32mok[0m
[10:39:58.979] INFO: kv-store:lmdb-v2 Starting data store with maxReaders 2
[10:39:58.980] INFO: world-state:database Creating world state data store at directory /var/folders/ym/q1vh2x5n58xbsmpmvs5_6w3r0000gn/T/aztec-world-state-NyutYy/world_state with map sizes {"archiveTreeMapSizeKb":10485760,"nullifierTreeMapSizeKb":10485760,"noteHashTreeMapSizeKb":10485760,"messageTreeMapSizeKb":10485760,"publicDataTreeMapSizeKb":10485760} and 12 threads (ephemeral=true).
[10:39:58.993] INFO: txe_node Aztec Node version: txe
[10:39:58.993] INFO: txe_node Aztec Node started on chain 0x1
[10:39:59.011] INFO: txe:top_level_context Created block 1 with timestamp 1789378798
[10:39:59.062] INFO: txe:top_level_context Created block 2 with timestamp 1789378798
[10:39:59.151] INFO: simulator:public-processor Processed 1 successful txs and 0 failed txs (0 silently skipped, 0ms wasted) in 0.0401085410000087s {"blockNumber":3,"successfulCount":1,"failedCount":0,"duration":0.0401085410000087,"rate":54035996.97130668,"totalPublicGas":{"daGas":3776,"l2Gas":2167305},"totalBlockGas":{"daGas":3776,"l2Gas":2167305},"totalSizeInBytes":3904,"silentlySkippedCount":0,"silentlySkippedDurationMs":0}
[10:39:59.194] INFO: txe:top_level_context Created block 4 with timestamp 1789378798
[10:39:59.452] INFO: simulator:public-processor Processed 1 successful txs and 0 failed txs (0 silently skipped, 0ms wasted) in 0.005459541999996873s {"blockNumber":5,"successfulCount":1,"failedCount":0,"duration":0.005459541999996873,"rate":0,"totalPublicGas":{"daGas":0,"l2Gas":0},"totalBlockGas":{"daGas":1984,"l2Gas":529900},"totalSizeInBytes":1984,"silentlySkippedCount":0,"silentlySkippedDurationMs":0}
[10:39:59.494] INFO: txe:top_level_context Created block 6 with timestamp 1789382399
[10:40:00.150] INFO: simulator:public-processor Processed 1 successful txs and 0 failed txs (0 silently skipped, 0ms wasted) in 0.029060333999994328s {"blockNumber":7,"successfulCount":1,"failedCount":0,"duration":0.029060333999994328,"rate":41159162.17618949,"totalPublicGas":{"daGas":2176,"l2Gas":1196099},"totalBlockGas":{"daGas":3552,"l2Gas":1922849},"totalSizeInBytes":3552,"silentlySkippedCount":0,"silentlySkippedDurationMs":0}
[10:40:00.223] INFO: simulator:public-processor Processed 1 successful txs and 0 failed txs (0 silently skipped, 0ms wasted) in 0.02636387499999546s {"blockNumber":8,"successfulCount":1,"failedCount":0,"duration":0.02636387499999546,"rate":45617611.21990629,"totalPublicGas":{"daGas":2176,"l2Gas":1202657},"totalBlockGas":{"daGas":2176,"l2Gas":1202657},"totalSizeInBytes":2304,"silentlySkippedCount":0,"silentlySkippedDurationMs":0}
[10:40:00.264] INFO: txe:top_level_context Created block 9 with timestamp 1789482399
[10:40:00.943] INFO: simulator:public-processor Processed 1 successful txs and 0 failed txs (0 silently skipped, 0ms wasted) in 0.02929512500000419s {"blockNumber":10,"successfulCount":1,"failedCount":0,"duration":0.02929512500000419,"rate":40829284.73593572,"totalPublicGas":{"daGas":2176,"l2Gas":1196099},"totalBlockGas":{"daGas":3552,"l2Gas":1922849},"totalSizeInBytes":3552,"silentlySkippedCount":0,"silentlySkippedDurationMs":0}
[billboard_test] Testing test_flag_penalty_with_save_up ... [0m[32mok[0m
[10:40:03.936] INFO: kv-store:lmdb-v2 Starting data store with maxReaders 2
[10:40:03.938] INFO: world-state:database Creating world state data store at directory /var/folders/ym/q1vh2x5n58xbsmpmvs5_6w3r0000gn/T/aztec-world-state-TTEBdo/world_state with map sizes {"archiveTreeMapSizeKb":10485760,"nullifierTreeMapSizeKb":10485760,"noteHashTreeMapSizeKb":10485760,"messageTreeMapSizeKb":10485760,"publicDataTreeMapSizeKb":10485760} and 12 threads (ephemeral=true).
[10:40:03.951] INFO: txe_node Aztec Node version: txe
[10:40:03.951] INFO: txe_node Aztec Node started on chain 0x1
[10:40:03.969] INFO: txe:top_level_context Created block 1 with timestamp 1789378803
[10:40:04.022] INFO: txe:top_level_context Created block 2 with timestamp 1789378803
[10:40:04.113] INFO: simulator:public-processor Processed 1 successful txs and 0 failed txs (0 silently skipped, 0ms wasted) in 0.041363083000003825s {"blockNumber":3,"successfulCount":1,"failedCount":0,"duration":0.041363083000003825,"rate":52397085.58474231,"totalPublicGas":{"daGas":3776,"l2Gas":2167305},"totalBlockGas":{"daGas":3776,"l2Gas":2167305},"totalSizeInBytes":3904,"silentlySkippedCount":0,"silentlySkippedDurationMs":0}
[10:40:04.154] INFO: txe:top_level_context Created block 4 with timestamp 1789378803
[10:40:04.394] INFO: simulator:public-processor Processed 1 successful txs and 0 failed txs (0 silently skipped, 0ms wasted) in 0.005484375s {"blockNumber":5,"successfulCount":1,"failedCount":0,"duration":0.005484375,"rate":0,"totalPublicGas":{"daGas":0,"l2Gas":0},"totalBlockGas":{"daGas":1984,"l2Gas":529900},"totalSizeInBytes":1984,"silentlySkippedCount":0,"silentlySkippedDurationMs":0}
[10:40:04.435] INFO: txe:top_level_context Created block 6 with timestamp 1789382404
[billboard_test] Testing test_full_flow_declare_immoral_after_post ... [0m[32mok[0m
[10:40:05.090] INFO: simulator:public-processor Processed 1 successful txs and 0 failed txs (0 silently skipped, 0ms wasted) in 0.028947209000005386s {"blockNumber":7,"successfulCount":1,"failedCount":0,"duration":0.028947209000005386,"rate":41320011.196926706,"totalPublicGas":{"daGas":2176,"l2Gas":1196099},"totalBlockGas":{"daGas":3552,"l2Gas":1922849},"totalSizeInBytes":3552,"silentlySkippedCount":0,"silentlySkippedDurationMs":0}
[10:40:05.162] INFO: simulator:public-processor Processed 1 successful txs and 0 failed txs (0 silently skipped, 0ms wasted) in 0.025804541999998036s {"blockNumber":8,"successfulCount":1,"failedCount":0,"duration":0.025804541999998036,"rate":46606407.507643096,"totalPublicGas":{"daGas":2176,"l2Gas":1202657},"totalBlockGas":{"daGas":2176,"l2Gas":1202657},"totalSizeInBytes":2304,"silentlySkippedCount":0,"silentlySkippedDurationMs":0}
[10:40:05.215] INFO: simulator:public-processor Processed 1 successful txs and 0 failed txs (0 silently skipped, 0ms wasted) in 0.006113124999988941s {"blockNumber":9,"successfulCount":1,"failedCount":0,"duration":0.006113124999988941,"rate":1428074.8389761036,"totalPublicGas":{"daGas":0,"l2Gas":8730},"totalBlockGas":{"daGas":0,"l2Gas":8730},"totalSizeInBytes":128,"silentlySkippedCount":0,"silentlySkippedDurationMs":0}
[10:40:05.245] INFO: simulator:public-processor Processed 1 successful txs and 0 failed txs (0 silently skipped, 0ms wasted) in 0.006162958000000799s {"blockNumber":9,"successfulCount":1,"failedCount":0,"duration":0.006162958000000799,"rate":1407278.7774959484,"totalPublicGas":{"daGas":0,"l2Gas":8673},"totalBlockGas":{"daGas":0,"l2Gas":8673},"totalSizeInBytes":128,"silentlySkippedCount":0,"silentlySkippedDurationMs":0}
[10:40:05.278] INFO: simulator:public-processor Processed 1 successful txs and 0 failed txs (0 silently skipped, 0ms wasted) in 0.009872624999989057s {"blockNumber":9,"successfulCount":1,"failedCount":0,"duration":0.009872624999989057,"rate":12515212.519480579,"totalPublicGas":{"daGas":0,"l2Gas":123558},"totalBlockGas":{"daGas":0,"l2Gas":123558},"totalSizeInBytes":128,"silentlySkippedCount":0,"silentlySkippedDurationMs":0}
[billboard_test] Testing test_full_flow_deposit_below_minimum ... [0m[32mok[0m
[10:40:07.683] INFO: kv-store:lmdb-v2 Starting data store with maxReaders 2
[10:40:07.684] INFO: world-state:database Creating world state data store at directory /var/folders/ym/q1vh2x5n58xbsmpmvs5_6w3r0000gn/T/aztec-world-state-3oUtH6/world_state with map sizes {"archiveTreeMapSizeKb":10485760,"nullifierTreeMapSizeKb":10485760,"noteHashTreeMapSizeKb":10485760,"messageTreeMapSizeKb":10485760,"publicDataTreeMapSizeKb":10485760} and 12 threads (ephemeral=true).
[10:40:07.698] INFO: txe_node Aztec Node version: txe
[10:40:07.698] INFO: txe_node Aztec Node started on chain 0x1
[10:40:07.715] INFO: txe:top_level_context Created block 1 with timestamp 1789378807
[10:40:07.765] INFO: txe:top_level_context Created block 2 with timestamp 1789378807
[10:40:07.857] INFO: simulator:public-processor Processed 1 successful txs and 0 failed txs (0 silently skipped, 0ms wasted) in 0.042326333000004525s {"blockNumber":3,"successfulCount":1,"failedCount":0,"duration":0.042326333000004525,"rate":51204648.41591092,"totalPublicGas":{"daGas":3776,"l2Gas":2167305},"totalBlockGas":{"daGas":3776,"l2Gas":2167305},"totalSizeInBytes":3904,"silentlySkippedCount":0,"silentlySkippedDurationMs":0}
[10:40:07.899] INFO: txe:top_level_context Created block 4 with timestamp 1789378807
[10:40:10.504] INFO: kv-store:lmdb-v2 Starting data store with maxReaders 2
[10:40:10.505] INFO: world-state:database Creating world state data store at directory /var/folders/ym/q1vh2x5n58xbsmpmvs5_6w3r0000gn/T/aztec-world-state-AZmKvD/world_state with map sizes {"archiveTreeMapSizeKb":10485760,"nullifierTreeMapSizeKb":10485760,"noteHashTreeMapSizeKb":10485760,"messageTreeMapSizeKb":10485760,"publicDataTreeMapSizeKb":10485760} and 12 threads (ephemeral=true).
[10:40:10.518] INFO: txe_node Aztec Node version: txe
[10:40:10.518] INFO: txe_node Aztec Node started on chain 0x1
[10:40:10.535] INFO: txe:top_level_context Created block 1 with timestamp 1789378810
[10:40:10.584] INFO: txe:top_level_context Created block 2 with timestamp 1789378810
[10:40:10.676] INFO: simulator:public-processor Processed 1 successful txs and 0 failed txs (0 silently skipped, 0ms wasted) in 0.042291582999998356s {"blockNumber":3,"successfulCount":1,"failedCount":0,"duration":0.042291582999998356,"rate":51246722.07233492,"totalPublicGas":{"daGas":3776,"l2Gas":2167305},"totalBlockGas":{"daGas":3776,"l2Gas":2167305},"totalSizeInBytes":3904,"silentlySkippedCount":0,"silentlySkippedDurationMs":0}
[10:40:10.717] INFO: txe:top_level_context Created block 4 with timestamp 1789378810
[10:40:10.961] INFO: simulator:public-processor Processed 1 successful txs and 0 failed txs (0 silently skipped, 0ms wasted) in 0.005500249999997322s {"blockNumber":5,"successfulCount":1,"failedCount":0,"duration":0.005500249999997322,"rate":0,"totalPublicGas":{"daGas":0,"l2Gas":0},"totalBlockGas":{"daGas":1984,"l2Gas":529900},"totalSizeInBytes":1984,"silentlySkippedCount":0,"silentlySkippedDurationMs":0}
[10:40:11.002] INFO: txe:top_level_context Created block 6 with timestamp 1789382411
[billboard_test] Testing test_full_flow_double_flag_fails ... [0m[32mok[0m
[10:40:11.669] INFO: simulator:public-processor Processed 1 successful txs and 0 failed txs (0 silently skipped, 0ms wasted) in 0.028886624999999184s {"blockNumber":7,"successfulCount":1,"failedCount":0,"duration":0.028886624999999184,"rate":41406671.772837214,"totalPublicGas":{"daGas":2176,"l2Gas":1196099},"totalBlockGas":{"daGas":3552,"l2Gas":1922849},"totalSizeInBytes":3552,"silentlySkippedCount":0,"silentlySkippedDurationMs":0}
[10:40:11.742] INFO: simulator:public-processor Processed 1 successful txs and 0 failed txs (0 silently skipped, 0ms wasted) in 0.025907582999992882s {"blockNumber":8,"successfulCount":1,"failedCount":0,"duration":0.025907582999992882,"rate":46421042.05553758,"totalPublicGas":{"daGas":2176,"l2Gas":1202657},"totalBlockGas":{"daGas":2176,"l2Gas":1202657},"totalSizeInBytes":2304,"silentlySkippedCount":0,"silentlySkippedDurationMs":0}
[10:40:11.796] INFO: simulator:public-processor Processed 1 successful txs and 0 failed txs (0 silently skipped, 0ms wasted) in 0.007541083999996772s {"blockNumber":9,"successfulCount":1,"failedCount":0,"duration":0.007541083999996772,"rate":4446840.799017006,"totalPublicGas":{"daGas":0,"l2Gas":33534},"totalBlockGas":{"daGas":0,"l2Gas":33534},"totalSizeInBytes":128,"silentlySkippedCount":0,"silentlySkippedDurationMs":0}
[10:40:11.799] WARN: txe:top_level_context Could not find function artifact in contract Billboard for function '0x6675867b' when enriching error callstack
[10:40:14.267] INFO: kv-store:lmdb-v2 Starting data store with maxReaders 2
[10:40:14.268] INFO: world-state:database Creating world state data store at directory /var/folders/ym/q1vh2x5n58xbsmpmvs5_6w3r0000gn/T/aztec-world-state-q7EAxC/world_state with map sizes {"archiveTreeMapSizeKb":10485760,"nullifierTreeMapSizeKb":10485760,"noteHashTreeMapSizeKb":10485760,"messageTreeMapSizeKb":10485760,"publicDataTreeMapSizeKb":10485760} and 12 threads (ephemeral=true).
[10:40:14.281] INFO: txe_node Aztec Node version: txe
[10:40:14.281] INFO: txe_node Aztec Node started on chain 0x1
[10:40:14.299] INFO: txe:top_level_context Created block 1 with timestamp 1789378814
[10:40:14.349] INFO: txe:top_level_context Created block 2 with timestamp 1789378814
[10:40:14.439] INFO: simulator:public-processor Processed 1 successful txs and 0 failed txs (0 silently skipped, 0ms wasted) in 0.040852333000002544s {"blockNumber":3,"successfulCount":1,"failedCount":0,"duration":0.040852333000002544,"rate":53052172.075456865,"totalPublicGas":{"daGas":3776,"l2Gas":2167305},"totalBlockGas":{"daGas":3776,"l2Gas":2167305},"totalSizeInBytes":3904,"silentlySkippedCount":0,"silentlySkippedDurationMs":0}
[10:40:14.480] INFO: txe:top_level_context Created block 4 with timestamp 1789378814
[10:40:14.736] INFO: simulator:public-processor Processed 1 successful txs and 0 failed txs (0 silently skipped, 0ms wasted) in 0.0054584170000016455s {"blockNumber":5,"successfulCount":1,"failedCount":0,"duration":0.0054584170000016455,"rate":0,"totalPublicGas":{"daGas":0,"l2Gas":0},"totalBlockGas":{"daGas":1984,"l2Gas":529900},"totalSizeInBytes":1984,"silentlySkippedCount":0,"silentlySkippedDurationMs":0}
[10:40:14.778] INFO: txe:top_level_context Created block 6 with timestamp 1789382415
[billboard_test] Testing test_full_flow_first_post ... [0m[32mok[0m
[10:40:15.448] INFO: simulator:public-processor Processed 1 successful txs and 0 failed txs (0 silently skipped, 0ms wasted) in 0.030133291999998618s {"blockNumber":7,"successfulCount":1,"failedCount":0,"duration":0.030133291999998618,"rate":39693605.331938334,"totalPublicGas":{"daGas":2176,"l2Gas":1196099},"totalBlockGas":{"daGas":3552,"l2Gas":1922849},"totalSizeInBytes":3552,"silentlySkippedCount":0,"silentlySkippedDurationMs":0}
[10:40:15.501] INFO: simulator:public-processor Processed 1 successful txs and 0 failed txs (0 silently skipped, 0ms wasted) in 0.006237957999997889s {"blockNumber":8,"successfulCount":1,"failedCount":0,"duration":0.006237957999997889,"rate":1121520.856665333,"totalPublicGas":{"daGas":0,"l2Gas":6996},"totalBlockGas":{"daGas":0,"l2Gas":6996},"totalSizeInBytes":128,"silentlySkippedCount":0,"silentlySkippedDurationMs":0}
[10:40:15.534] INFO: simulator:public-processor Processed 1 successful txs and 0 failed txs (0 silently skipped, 0ms wasted) in 0.009142375000010361s {"blockNumber":8,"successfulCount":1,"failedCount":0,"duration":0.009142375000010361,"rate":13643172.589164047,"totalPublicGas":{"daGas":0,"l2Gas":124731},"totalBlockGas":{"daGas":0,"l2Gas":124731},"totalSizeInBytes":128,"silentlySkippedCount":0,"silentlySkippedDurationMs":0}
[10:40:15.564] INFO: simulator:public-processor Processed 1 successful txs and 0 failed txs (0 silently skipped, 0ms wasted) in 0.006018708000003244s {"blockNumber":8,"successfulCount":1,"failedCount":0,"duration":0.006018708000003244,"rate":1426053.56498361,"totalPublicGas":{"daGas":0,"l2Gas":8583},"totalBlockGas":{"daGas":0,"l2Gas":8583},"totalSizeInBytes":128,"silentlySkippedCount":0,"silentlySkippedDurationMs":0}
[10:40:18.006] INFO: kv-store:lmdb-v2 Starting data store with maxReaders 2
[10:40:18.007] INFO: world-state:database Creating world state data store at directory /var/folders/ym/q1vh2x5n58xbsmpmvs5_6w3r0000gn/T/aztec-world-state-O1rDrG/world_state with map sizes {"archiveTreeMapSizeKb":10485760,"nullifierTreeMapSizeKb":10485760,"noteHashTreeMapSizeKb":10485760,"messageTreeMapSizeKb":10485760,"publicDataTreeMapSizeKb":10485760} and 12 threads (ephemeral=true).
[10:40:18.021] INFO: txe_node Aztec Node version: txe
[10:40:18.021] INFO: txe_node Aztec Node started on chain 0x1
[10:40:18.039] INFO: txe:top_level_context Created block 1 with timestamp 1789378818
[10:40:18.090] INFO: txe:top_level_context Created block 2 with timestamp 1789378818
[10:40:18.181] INFO: simulator:public-processor Processed 1 successful txs and 0 failed txs (0 silently skipped, 0ms wasted) in 0.04110608300000604s {"blockNumber":3,"successfulCount":1,"failedCount":0,"duration":0.04110608300000604,"rate":52724678.24286935,"totalPublicGas":{"daGas":3776,"l2Gas":2167305},"totalBlockGas":{"daGas":3776,"l2Gas":2167305},"totalSizeInBytes":3904,"silentlySkippedCount":0,"silentlySkippedDurationMs":0}
[10:40:18.222] INFO: txe:top_level_context Created block 4 with timestamp 1789378818
[10:40:18.466] INFO: simulator:public-processor Processed 1 successful txs and 0 failed txs (0 silently skipped, 0ms wasted) in 0.005345541999995476s {"blockNumber":5,"successfulCount":1,"failedCount":0,"duration":0.005345541999995476,"rate":0,"totalPublicGas":{"daGas":0,"l2Gas":0},"totalBlockGas":{"daGas":1984,"l2Gas":529900},"totalSizeInBytes":1984,"silentlySkippedCount":0,"silentlySkippedDurationMs":0}
[10:40:18.508] INFO: txe:top_level_context Created block 6 with timestamp 1789382419
[10:40:19.182] INFO: simulator:public-processor Processed 1 successful txs and 0 failed txs (0 silently skipped, 0ms wasted) in 0.029785875000001398s {"blockNumber":7,"successfulCount":1,"failedCount":0,"duration":0.029785875000001398,"rate":40156584.28701335,"totalPublicGas":{"daGas":2176,"l2Gas":1196099},"totalBlockGas":{"daGas":3552,"l2Gas":1922849},"totalSizeInBytes":3552,"silentlySkippedCount":0,"silentlySkippedDurationMs":0}
[10:40:19.257] INFO: simulator:public-processor Processed 1 successful txs and 0 failed txs (0 silently skipped, 0ms wasted) in 0.026256750000000467s {"blockNumber":8,"successfulCount":1,"failedCount":0,"duration":0.026256750000000467,"rate":45803726.66076261,"totalPublicGas":{"daGas":2176,"l2Gas":1202657},"totalBlockGas":{"daGas":2176,"l2Gas":1202657},"totalSizeInBytes":2304,"silentlySkippedCount":0,"silentlySkippedDurationMs":0}
[10:40:19.298] INFO: txe:top_level_context Created block 9 with timestamp 1789386019
[10:40:19.995] INFO: simulator:public-processor Processed 1 successful txs and 0 failed txs (0 silently skipped, 0ms wasted) in 0.0299809580000001s {"blockNumber":10,"successfulCount":1,"failedCount":0,"duration":0.0299809580000001,"rate":39895289.53677851,"totalPublicGas":{"daGas":2176,"l2Gas":1196099},"totalBlockGas":{"daGas":3552,"l2Gas":1922849},"totalSizeInBytes":3552,"silentlySkippedCount":0,"silentlySkippedDurationMs":0}
[10:40:20.038] INFO: txe:top_level_context Created block 11 with timestamp 1789400417
[billboard_test] Testing test_full_flow_flag_penalty_post3_too_early ... [0m[32mok[0m
[10:40:22.991] INFO: kv-store:lmdb-v2 Starting data store with maxReaders 2
[10:40:22.992] INFO: world-state:database Creating world state data store at directory /var/folders/ym/q1vh2x5n58xbsmpmvs5_6w3r0000gn/T/aztec-world-state-FimZzI/world_state with map sizes {"archiveTreeMapSizeKb":10485760,"nullifierTreeMapSizeKb":10485760,"noteHashTreeMapSizeKb":10485760,"messageTreeMapSizeKb":10485760,"publicDataTreeMapSizeKb":10485760} and 12 threads (ephemeral=true).
[10:40:23.005] INFO: txe_node Aztec Node version: txe
[10:40:23.005] INFO: txe_node Aztec Node started on chain 0x1
[10:40:23.023] INFO: txe:top_level_context Created block 1 with timestamp 1789378823
[10:40:23.074] INFO: txe:top_level_context Created block 2 with timestamp 1789378823
[10:40:23.164] INFO: simulator:public-processor Processed 1 successful txs and 0 failed txs (0 silently skipped, 0ms wasted) in 0.0416016660000023s {"blockNumber":3,"successfulCount":1,"failedCount":0,"duration":0.0416016660000023,"rate":52096591.51630803,"totalPublicGas":{"daGas":3776,"l2Gas":2167305},"totalBlockGas":{"daGas":3776,"l2Gas":2167305},"totalSizeInBytes":3904,"silentlySkippedCount":0,"silentlySkippedDurationMs":0}
[10:40:23.205] INFO: txe:top_level_context Created block 4 with timestamp 1789378823
[10:40:23.446] INFO: simulator:public-processor Processed 1 successful txs and 0 failed txs (0 silently skipped, 0ms wasted) in 0.005127957999997307s {"blockNumber":5,"successfulCount":1,"failedCount":0,"duration":0.005127957999997307,"rate":0,"totalPublicGas":{"daGas":0,"l2Gas":0},"totalBlockGas":{"daGas":1984,"l2Gas":529900},"totalSizeInBytes":1984,"silentlySkippedCount":0,"silentlySkippedDurationMs":0}
[billboard_test] Testing test_full_flow_get_deposit_info ... [0m[32mok[0m
[10:40:26.365] INFO: kv-store:lmdb-v2 Starting data store with maxReaders 2
[10:40:26.366] INFO: world-state:database Creating world state data store at directory /var/folders/ym/q1vh2x5n58xbsmpmvs5_6w3r0000gn/T/aztec-world-state-9WQHWC/world_state with map sizes {"archiveTreeMapSizeKb":10485760,"nullifierTreeMapSizeKb":10485760,"noteHashTreeMapSizeKb":10485760,"messageTreeMapSizeKb":10485760,"publicDataTreeMapSizeKb":10485760} and 12 threads (ephemeral=true).
[10:40:26.379] INFO: txe_node Aztec Node version: txe
[10:40:26.379] INFO: txe_node Aztec Node started on chain 0x1
[10:40:26.396] INFO: txe:top_level_context Created block 1 with timestamp 1789378826
[10:40:26.446] INFO: txe:top_level_context Created block 2 with timestamp 1789378826
[10:40:26.537] INFO: simulator:public-processor Processed 1 successful txs and 0 failed txs (0 silently skipped, 0ms wasted) in 0.0418695410000073s {"blockNumber":3,"successfulCount":1,"failedCount":0,"duration":0.0418695410000073,"rate":51763285.39163164,"totalPublicGas":{"daGas":3776,"l2Gas":2167305},"totalBlockGas":{"daGas":3776,"l2Gas":2167305},"totalSizeInBytes":3904,"silentlySkippedCount":0,"silentlySkippedDurationMs":0}
[10:40:26.580] INFO: txe:top_level_context Created block 4 with timestamp 1789378826
[10:40:26.836] INFO: simulator:public-processor Processed 1 successful txs and 0 failed txs (0 silently skipped, 0ms wasted) in 0.005685667000012472s {"blockNumber":5,"successfulCount":1,"failedCount":0,"duration":0.005685667000012472,"rate":0,"totalPublicGas":{"daGas":0,"l2Gas":0},"totalBlockGas":{"daGas":1984,"l2Gas":529900},"totalSizeInBytes":1984,"silentlySkippedCount":0,"silentlySkippedDurationMs":0}
[10:40:26.878] INFO: txe:top_level_context Created block 6 with timestamp 1789382427
[10:40:27.550] INFO: simulator:public-processor Processed 1 successful txs and 0 failed txs (0 silently skipped, 0ms wasted) in 0.02944558299999335s {"blockNumber":7,"successfulCount":1,"failedCount":0,"duration":0.02944558299999335,"rate":40620659.472093664,"totalPublicGas":{"daGas":2176,"l2Gas":1196099},"totalBlockGas":{"daGas":3552,"l2Gas":1922849},"totalSizeInBytes":3552,"silentlySkippedCount":0,"silentlySkippedDurationMs":0}
[10:40:27.603] INFO: simulator:public-processor Processed 1 successful txs and 0 failed txs (0 silently skipped, 0ms wasted) in 0.006134999999994761s {"blockNumber":8,"successfulCount":1,"failedCount":0,"duration":0.006134999999994761,"rate":1140342.2982894822,"totalPublicGas":{"daGas":0,"l2Gas":6996},"totalBlockGas":{"daGas":0,"l2Gas":6996},"totalSizeInBytes":128,"silentlySkippedCount":0,"silentlySkippedDurationMs":0}
[10:40:27.621] INFO: txe:top_level_context Created block 8 with timestamp 1789386028
[10:40:28.302] INFO: simulator:public-processor Processed 1 successful txs and 0 failed txs (0 silently skipped, 0ms wasted) in 0.02886104200000409s {"blockNumber":9,"successfulCount":1,"failedCount":0,"duration":0.02886104200000409,"rate":41443375.46786531,"totalPublicGas":{"daGas":2176,"l2Gas":1196099},"totalBlockGas":{"daGas":3552,"l2Gas":1922849},"totalSizeInBytes":3552,"silentlySkippedCount":0,"silentlySkippedDurationMs":0}
[10:40:28.355] INFO: simulator:public-processor Processed 1 successful txs and 0 failed txs (0 silently skipped, 0ms wasted) in 0.006187333000008948s {"blockNumber":10,"successfulCount":1,"failedCount":0,"duration":0.006187333000008948,"rate":1130697.1840678176,"totalPublicGas":{"daGas":0,"l2Gas":6996},"totalBlockGas":{"daGas":0,"l2Gas":6996},"totalSizeInBytes":128,"silentlySkippedCount":0,"silentlySkippedDurationMs":0}
[10:40:28.374] INFO: txe:top_level_context Created block 10 with timestamp 1789389629
[billboard_test] Testing test_full_flow_multiple_posts ... [0m[32mok[0m
[10:40:29.054] INFO: simulator:public-processor Processed 1 successful txs and 0 failed txs (0 silently skipped, 0ms wasted) in 0.029108332999996493s {"blockNumber":11,"successfulCount":1,"failedCount":0,"duration":0.029108332999996493,"rate":41091291.62429687,"totalPublicGas":{"daGas":2176,"l2Gas":1196099},"totalBlockGas":{"daGas":3552,"l2Gas":1922849},"totalSizeInBytes":3552,"silentlySkippedCount":0,"silentlySkippedDurationMs":0}
[10:40:29.109] INFO: simulator:public-processor Processed 1 successful txs and 0 failed txs (0 silently skipped, 0ms wasted) in 0.006191082999997889s {"blockNumber":12,"successfulCount":1,"failedCount":0,"duration":0.006191082999997889,"rate":1130012.3096399105,"totalPublicGas":{"daGas":0,"l2Gas":6996},"totalBlockGas":{"daGas":0,"l2Gas":6996},"totalSizeInBytes":128,"silentlySkippedCount":0,"silentlySkippedDurationMs":0}
[10:40:29.142] INFO: simulator:public-processor Processed 1 successful txs and 0 failed txs (0 silently skipped, 0ms wasted) in 0.009647792000003392s {"blockNumber":12,"successfulCount":1,"failedCount":0,"duration":0.009647792000003392,"rate":12928450.364597013,"totalPublicGas":{"daGas":0,"l2Gas":124731},"totalBlockGas":{"daGas":0,"l2Gas":124731},"totalSizeInBytes":128,"silentlySkippedCount":0,"silentlySkippedDurationMs":0}
[10:40:29.175] INFO: simulator:public-processor Processed 1 successful txs and 0 failed txs (0 silently skipped, 0ms wasted) in 0.00976195899999584s {"blockNumber":12,"successfulCount":1,"failedCount":0,"duration":0.00976195899999584,"rate":12777250.959572064,"totalPublicGas":{"daGas":0,"l2Gas":124731},"totalBlockGas":{"daGas":0,"l2Gas":124731},"totalSizeInBytes":128,"silentlySkippedCount":0,"silentlySkippedDurationMs":0}
[10:40:29.208] INFO: simulator:public-processor Processed 1 successful txs and 0 failed txs (0 silently skipped, 0ms wasted) in 0.009549250000010943s {"blockNumber":12,"successfulCount":1,"failedCount":0,"duration":0.009549250000010943,"rate":13061863.497118315,"totalPublicGas":{"daGas":0,"l2Gas":124731},"totalBlockGas":{"daGas":0,"l2Gas":124731},"totalSizeInBytes":128,"silentlySkippedCount":0,"silentlySkippedDurationMs":0}
[10:40:31.766] INFO: kv-store:lmdb-v2 Starting data store with maxReaders 2
[10:40:31.767] INFO: world-state:database Creating world state data store at directory /var/folders/ym/q1vh2x5n58xbsmpmvs5_6w3r0000gn/T/aztec-world-state-DMogos/world_state with map sizes {"archiveTreeMapSizeKb":10485760,"nullifierTreeMapSizeKb":10485760,"noteHashTreeMapSizeKb":10485760,"messageTreeMapSizeKb":10485760,"publicDataTreeMapSizeKb":10485760} and 12 threads (ephemeral=true).
[10:40:31.780] INFO: txe_node Aztec Node version: txe
[10:40:31.780] INFO: txe_node Aztec Node started on chain 0x1
[10:40:31.797] INFO: txe:top_level_context Created block 1 with timestamp 1789378831
[10:40:31.847] INFO: txe:top_level_context Created block 2 with timestamp 1789378831
[10:40:31.944] INFO: simulator:public-processor Processed 1 successful txs and 0 failed txs (0 silently skipped, 0ms wasted) in 0.04416795899999852s {"blockNumber":3,"successfulCount":1,"failedCount":0,"duration":0.04416795899999852,"rate":49069620.80815354,"totalPublicGas":{"daGas":3776,"l2Gas":2167305},"totalBlockGas":{"daGas":3776,"l2Gas":2167305},"totalSizeInBytes":3904,"silentlySkippedCount":0,"silentlySkippedDurationMs":0}
[10:40:31.986] INFO: txe:top_level_context Created block 4 with timestamp 1789378831
[10:40:32.226] INFO: simulator:public-processor Processed 1 successful txs and 0 failed txs (0 silently skipped, 0ms wasted) in 0.005341500000009546s {"blockNumber":5,"successfulCount":1,"failedCount":0,"duration":0.005341500000009546,"rate":0,"totalPublicGas":{"daGas":0,"l2Gas":0},"totalBlockGas":{"daGas":1984,"l2Gas":529900},"totalSizeInBytes":1984,"silentlySkippedCount":0,"silentlySkippedDurationMs":0}
[10:40:32.267] INFO: txe:top_level_context Created block 6 with timestamp 1789378931
[billboard_test] Testing test_full_flow_post_too_early ... [0m[32mok[0m
[10:40:35.256] INFO: kv-store:lmdb-v2 Starting data store with maxReaders 2
[10:40:35.257] INFO: world-state:database Creating world state data store at directory /var/folders/ym/q1vh2x5n58xbsmpmvs5_6w3r0000gn/T/aztec-world-state-2esz8B/world_state with map sizes {"archiveTreeMapSizeKb":10485760,"nullifierTreeMapSizeKb":10485760,"noteHashTreeMapSizeKb":10485760,"messageTreeMapSizeKb":10485760,"publicDataTreeMapSizeKb":10485760} and 12 threads (ephemeral=true).
[10:40:35.270] INFO: txe_node Aztec Node version: txe
[10:40:35.270] INFO: txe_node Aztec Node started on chain 0x1
[10:40:35.287] INFO: txe:top_level_context Created block 1 with timestamp 1789378835
[10:40:35.344] INFO: txe:top_level_context Created block 2 with timestamp 1789378835
[10:40:35.438] INFO: simulator:public-processor Processed 1 successful txs and 0 failed txs (0 silently skipped, 0ms wasted) in 0.04204337499999383s {"blockNumber":3,"successfulCount":1,"failedCount":0,"duration":0.04204337499999383,"rate":51549263.11221014,"totalPublicGas":{"daGas":3776,"l2Gas":2167305},"totalBlockGas":{"daGas":3776,"l2Gas":2167305},"totalSizeInBytes":3904,"silentlySkippedCount":0,"silentlySkippedDurationMs":0}
[10:40:35.480] INFO: txe:top_level_context Created block 4 with timestamp 1789378835
[10:40:35.748] INFO: simulator:public-processor Processed 1 successful txs and 0 failed txs (0 silently skipped, 0ms wasted) in 0.005569250000000465s {"blockNumber":5,"successfulCount":1,"failedCount":0,"duration":0.005569250000000465,"rate":0,"totalPublicGas":{"daGas":0,"l2Gas":0},"totalBlockGas":{"daGas":1984,"l2Gas":529900},"totalSizeInBytes":1984,"silentlySkippedCount":0,"silentlySkippedDurationMs":0}
[10:40:35.791] INFO: txe:top_level_context Created block 6 with timestamp 1789382436
[10:40:36.485] INFO: simulator:public-processor Processed 1 successful txs and 0 failed txs (0 silently skipped, 0ms wasted) in 0.029307874999998602s {"blockNumber":7,"successfulCount":1,"failedCount":0,"duration":0.029307874999998602,"rate":40811522.50035381,"totalPublicGas":{"daGas":2176,"l2Gas":1196099},"totalBlockGas":{"daGas":3552,"l2Gas":1922849},"totalSizeInBytes":3552,"silentlySkippedCount":0,"silentlySkippedDurationMs":0}
[10:40:36.526] INFO: txe:top_level_context Created block 8 with timestamp 1789386037
[billboard_test] Testing test_full_flow_second_post_screens_first ... [0m[32mok[0m
[10:40:37.208] INFO: simulator:public-processor Processed 1 successful txs and 0 failed txs (0 silently skipped, 0ms wasted) in 0.029431291000000782s {"blockNumber":9,"successfulCount":1,"failedCount":0,"duration":0.029431291000000782,"rate":40640385.09217853,"totalPublicGas":{"daGas":2176,"l2Gas":1196099},"totalBlockGas":{"daGas":3552,"l2Gas":1922849},"totalSizeInBytes":3552,"silentlySkippedCount":0,"silentlySkippedDurationMs":0}
[10:40:37.261] INFO: simulator:public-processor Processed 1 successful txs and 0 failed txs (0 silently skipped, 0ms wasted) in 0.0061695830000098794s {"blockNumber":10,"successfulCount":1,"failedCount":0,"duration":0.0061695830000098794,"rate":1133950.2199725325,"totalPublicGas":{"daGas":0,"l2Gas":6996},"totalBlockGas":{"daGas":0,"l2Gas":6996},"totalSizeInBytes":128,"silentlySkippedCount":0,"silentlySkippedDurationMs":0}
[10:40:37.294] INFO: simulator:public-processor Processed 1 successful txs and 0 failed txs (0 silently skipped, 0ms wasted) in 0.009820999999996275s {"blockNumber":10,"successfulCount":1,"failedCount":0,"duration":0.009820999999996275,"rate":12700437.837292261,"totalPublicGas":{"daGas":0,"l2Gas":124731},"totalBlockGas":{"daGas":0,"l2Gas":124731},"totalSizeInBytes":128,"silentlySkippedCount":0,"silentlySkippedDurationMs":0}
[10:40:39.789] INFO: kv-store:lmdb-v2 Starting data store with maxReaders 2
[10:40:39.790] INFO: world-state:database Creating world state data store at directory /var/folders/ym/q1vh2x5n58xbsmpmvs5_6w3r0000gn/T/aztec-world-state-bVEtcU/world_state with map sizes {"archiveTreeMapSizeKb":10485760,"nullifierTreeMapSizeKb":10485760,"noteHashTreeMapSizeKb":10485760,"messageTreeMapSizeKb":10485760,"publicDataTreeMapSizeKb":10485760} and 12 threads (ephemeral=true).
[10:40:39.804] INFO: txe_node Aztec Node version: txe
[10:40:39.804] INFO: txe_node Aztec Node started on chain 0x1
[10:40:39.821] INFO: txe:top_level_context Created block 1 with timestamp 1789378839
[10:40:39.873] INFO: txe:top_level_context Created block 2 with timestamp 1789378839
[10:40:39.963] INFO: simulator:public-processor Processed 1 successful txs and 0 failed txs (0 silently skipped, 0ms wasted) in 0.04123212500000955s {"blockNumber":3,"successfulCount":1,"failedCount":0,"duration":0.04123212500000955,"rate":52563504.79145807,"totalPublicGas":{"daGas":3776,"l2Gas":2167305},"totalBlockGas":{"daGas":3776,"l2Gas":2167305},"totalSizeInBytes":3904,"silentlySkippedCount":0,"silentlySkippedDurationMs":0}
[10:40:40.004] INFO: txe:top_level_context Created block 4 with timestamp 1789378839
[10:40:40.262] INFO: simulator:public-processor Processed 1 successful txs and 0 failed txs (0 silently skipped, 0ms wasted) in 0.005487292000005255s {"blockNumber":5,"successfulCount":1,"failedCount":0,"duration":0.005487292000005255,"rate":0,"totalPublicGas":{"daGas":0,"l2Gas":0},"totalBlockGas":{"daGas":1984,"l2Gas":529900},"totalSizeInBytes":1984,"silentlySkippedCount":0,"silentlySkippedDurationMs":0}
[10:40:40.304] INFO: txe:top_level_context Created block 6 with timestamp 1789382440
[10:40:40.984] INFO: simulator:public-processor Processed 1 successful txs and 0 failed txs (0 silently skipped, 0ms wasted) in 0.03279220900000655s {"blockNumber":7,"successfulCount":1,"failedCount":0,"duration":0.03279220900000655,"rate":36475096.87437528,"totalPublicGas":{"daGas":2176,"l2Gas":1196099},"totalBlockGas":{"daGas":3552,"l2Gas":1922849},"totalSizeInBytes":3552,"silentlySkippedCount":0,"silentlySkippedDurationMs":0}
[10:40:41.056] INFO: simulator:public-processor Processed 1 successful txs and 0 failed txs (0 silently skipped, 0ms wasted) in 0.026058874999987894s {"blockNumber":8,"successfulCount":1,"failedCount":0,"duration":0.026058874999987894,"rate":46151531.867763236,"totalPublicGas":{"daGas":2176,"l2Gas":1202657},"totalBlockGas":{"daGas":2176,"l2Gas":1202657},"totalSizeInBytes":2304,"silentlySkippedCount":0,"silentlySkippedDurationMs":0}
[10:40:41.098] INFO: txe:top_level_context Created block 9 with timestamp 1789386040
[billboard_test] Testing test_full_flow_second_post_with_flag ... [0m[32mok[0m
[10:40:41.793] INFO: simulator:public-processor Processed 1 successful txs and 0 failed txs (0 silently skipped, 0ms wasted) in 0.03019208300000173s {"blockNumber":10,"successfulCount":1,"failedCount":0,"duration":0.03019208300000173,"rate":39616312.66050545,"totalPublicGas":{"daGas":2176,"l2Gas":1196099},"totalBlockGas":{"daGas":3552,"l2Gas":1922849},"totalSizeInBytes":3552,"silentlySkippedCount":0,"silentlySkippedDurationMs":0}
[10:40:41.846] INFO: simulator:public-processor Processed 1 successful txs and 0 failed txs (0 silently skipped, 0ms wasted) in 0.006353791999994428s {"blockNumber":11,"successfulCount":1,"failedCount":0,"duration":0.006353791999994428,"rate":1101074.7597664725,"totalPublicGas":{"daGas":0,"l2Gas":6996},"totalBlockGas":{"daGas":0,"l2Gas":6996},"totalSizeInBytes":128,"silentlySkippedCount":0,"silentlySkippedDurationMs":0}
[10:40:44.300] INFO: kv-store:lmdb-v2 Starting data store with maxReaders 2
[10:40:44.301] INFO: world-state:database Creating world state data store at directory /var/folders/ym/q1vh2x5n58xbsmpmvs5_6w3r0000gn/T/aztec-world-state-9kyety/world_state with map sizes {"archiveTreeMapSizeKb":10485760,"nullifierTreeMapSizeKb":10485760,"noteHashTreeMapSizeKb":10485760,"messageTreeMapSizeKb":10485760,"publicDataTreeMapSizeKb":10485760} and 12 threads (ephemeral=true).
[10:40:44.314] INFO: txe_node Aztec Node version: txe
[10:40:44.314] INFO: txe_node Aztec Node started on chain 0x1
[10:40:44.331] INFO: txe:top_level_context Created block 1 with timestamp 1789378844
[10:40:44.382] INFO: txe:top_level_context Created block 2 with timestamp 1789378844
[10:40:44.473] INFO: simulator:public-processor Processed 1 successful txs and 0 failed txs (0 silently skipped, 0ms wasted) in 0.041535333000007085s {"blockNumber":3,"successfulCount":1,"failedCount":0,"duration":0.041535333000007085,"rate":52179791.11903666,"totalPublicGas":{"daGas":3776,"l2Gas":2167305},"totalBlockGas":{"daGas":3776,"l2Gas":2167305},"totalSizeInBytes":3904,"silentlySkippedCount":0,"silentlySkippedDurationMs":0}
[10:40:44.515] INFO: txe:top_level_context Created block 4 with timestamp 1789378844
[10:40:44.756] INFO: simulator:public-processor Processed 1 successful txs and 0 failed txs (0 silently skipped, 0ms wasted) in 0.005243916999999783s {"blockNumber":5,"successfulCount":1,"failedCount":0,"duration":0.005243916999999783,"rate":0,"totalPublicGas":{"daGas":0,"l2Gas":0},"totalBlockGas":{"daGas":1984,"l2Gas":529900},"totalSizeInBytes":1984,"silentlySkippedCount":0,"silentlySkippedDurationMs":0}
[10:40:44.798] INFO: txe:top_level_context Created block 6 with timestamp 1789382445
[10:40:45.471] INFO: simulator:public-processor Processed 1 successful txs and 0 failed txs (0 silently skipped, 0ms wasted) in 0.029322583000001033s {"blockNumber":7,"successfulCount":1,"failedCount":0,"duration":0.029322583000001033,"rate":40791051.72965007,"totalPublicGas":{"daGas":2176,"l2Gas":1196099},"totalBlockGas":{"daGas":3552,"l2Gas":1922849},"totalSizeInBytes":3552,"silentlySkippedCount":0,"silentlySkippedDurationMs":0}
[10:40:45.513] INFO: txe:top_level_context Created block 8 with timestamp 1789386046
[billboard_test] Testing test_full_flow_second_post_without_flag ... [0m[32mok[0m
[10:40:46.196] INFO: simulator:public-processor Processed 1 successful txs and 0 failed txs (0 silently skipped, 0ms wasted) in 0.029855458000005455s {"blockNumber":9,"successfulCount":1,"failedCount":0,"duration":0.029855458000005455,"rate":40062992.8370143,"totalPublicGas":{"daGas":2176,"l2Gas":1196099},"totalBlockGas":{"daGas":3552,"l2Gas":1922849},"totalSizeInBytes":3552,"silentlySkippedCount":0,"silentlySkippedDurationMs":0}
[10:40:46.249] INFO: simulator:public-processor Processed 1 successful txs and 0 failed txs (0 silently skipped, 0ms wasted) in 0.006229542000000947s {"blockNumber":10,"successfulCount":1,"failedCount":0,"duration":0.006229542000000947,"rate":1123036.0113149467,"totalPublicGas":{"daGas":0,"l2Gas":6996},"totalBlockGas":{"daGas":0,"l2Gas":6996},"totalSizeInBytes":128,"silentlySkippedCount":0,"silentlySkippedDurationMs":0}
[10:40:48.581] INFO: kv-store:lmdb-v2 Starting data store with maxReaders 2
[10:40:48.582] INFO: world-state:database Creating world state data store at directory /var/folders/ym/q1vh2x5n58xbsmpmvs5_6w3r0000gn/T/aztec-world-state-JjUknq/world_state with map sizes {"archiveTreeMapSizeKb":10485760,"nullifierTreeMapSizeKb":10485760,"noteHashTreeMapSizeKb":10485760,"messageTreeMapSizeKb":10485760,"publicDataTreeMapSizeKb":10485760} and 12 threads (ephemeral=true).
[10:40:48.595] INFO: txe_node Aztec Node version: txe
[10:40:48.595] INFO: txe_node Aztec Node started on chain 0x1
[10:40:48.612] INFO: txe:top_level_context Created block 1 with timestamp 1789378848
[10:40:48.657] INFO: txe:top_level_context Created block 2 with timestamp 1789378848
[10:40:48.747] INFO: simulator:public-processor Processed 1 successful txs and 0 failed txs (0 silently skipped, 0ms wasted) in 0.04107624999999825s {"blockNumber":3,"successfulCount":1,"failedCount":0,"duration":0.04107624999999825,"rate":52762971.30337098,"totalPublicGas":{"daGas":3776,"l2Gas":2167305},"totalBlockGas":{"daGas":3776,"l2Gas":2167305},"totalSizeInBytes":3904,"silentlySkippedCount":0,"silentlySkippedDurationMs":0}
[10:40:48.800] INFO: simulator:public-processor Processed 1 successful txs and 0 failed txs (0 silently skipped, 0ms wasted) in 0.006579249999995227s {"blockNumber":4,"successfulCount":1,"failedCount":0,"duration":0.006579249999995227,"rate":1096629.5550412638,"totalPublicGas":{"daGas":0,"l2Gas":7215},"totalBlockGas":{"daGas":0,"l2Gas":7215},"totalSizeInBytes":128,"silentlySkippedCount":0,"silentlySkippedDurationMs":0}
[10:40:48.802] WARN: txe:top_level_context Could not find function artifact in contract Billboard for function '0x3bc1b6cc' when enriching error callstack
[billboard_test] Testing test_get_post_rejects_invalid_id ... [0m[32mok[0m
[10:40:51.254] INFO: kv-store:lmdb-v2 Starting data store with maxReaders 2
[10:40:51.255] INFO: world-state:database Creating world state data store at directory /var/folders/ym/q1vh2x5n58xbsmpmvs5_6w3r0000gn/T/aztec-world-state-5Ow1Vr/world_state with map sizes {"archiveTreeMapSizeKb":10485760,"nullifierTreeMapSizeKb":10485760,"noteHashTreeMapSizeKb":10485760,"messageTreeMapSizeKb":10485760,"publicDataTreeMapSizeKb":10485760} and 12 threads (ephemeral=true).
[10:40:51.269] INFO: txe_node Aztec Node version: txe
[10:40:51.269] INFO: txe_node Aztec Node started on chain 0x1
[10:40:51.287] INFO: txe:top_level_context Created block 1 with timestamp 1789378851
[10:40:51.338] INFO: txe:top_level_context Created block 2 with timestamp 1789378851
[10:40:51.431] INFO: simulator:public-processor Processed 1 successful txs and 0 failed txs (0 silently skipped, 0ms wasted) in 0.04337275000000955s {"blockNumber":3,"successfulCount":1,"failedCount":0,"duration":0.04337275000000955,"rate":49969277.94524264,"totalPublicGas":{"daGas":3776,"l2Gas":2167305},"totalBlockGas":{"daGas":3776,"l2Gas":2167305},"totalSizeInBytes":3904,"silentlySkippedCount":0,"silentlySkippedDurationMs":0}
[10:40:51.472] INFO: txe:top_level_context Created block 4 with timestamp 1789378851
[10:40:51.730] INFO: simulator:public-processor Processed 1 successful txs and 0 failed txs (0 silently skipped, 0ms wasted) in 0.005259332999994513s {"blockNumber":5,"successfulCount":1,"failedCount":0,"duration":0.005259332999994513,"rate":0,"totalPublicGas":{"daGas":0,"l2Gas":0},"totalBlockGas":{"daGas":1984,"l2Gas":529900},"totalSizeInBytes":1984,"silentlySkippedCount":0,"silentlySkippedDurationMs":0}
[10:40:51.771] INFO: txe:top_level_context Created block 6 with timestamp 1789386052
[10:40:52.450] INFO: simulator:public-processor Processed 1 successful txs and 0 failed txs (0 silently skipped, 0ms wasted) in 0.02931533300000592s {"blockNumber":7,"successfulCount":1,"failedCount":0,"duration":0.02931533300000592,"rate":40801139.79942709,"totalPublicGas":{"daGas":2176,"l2Gas":1196099},"totalBlockGas":{"daGas":3552,"l2Gas":1922849},"totalSizeInBytes":3552,"silentlySkippedCount":0,"silentlySkippedDurationMs":0}
[10:40:52.491] INFO: txe:top_level_context Created block 8 with timestamp 1789393253
[10:40:53.171] INFO: simulator:public-processor Processed 1 successful txs and 0 failed txs (0 silently skipped, 0ms wasted) in 0.03031637499999488s {"blockNumber":9,"successfulCount":1,"failedCount":0,"duration":0.03031637499999488,"rate":39453892.49210046,"totalPublicGas":{"daGas":2176,"l2Gas":1196099},"totalBlockGas":{"daGas":3552,"l2Gas":1922849},"totalSizeInBytes":3552,"silentlySkippedCount":0,"silentlySkippedDurationMs":0}
[10:40:53.212] INFO: txe:top_level_context Created block 10 with timestamp 1789400454
[10:40:53.886] INFO: simulator:public-processor Processed 1 successful txs and 0 failed txs (0 silently skipped, 0ms wasted) in 0.029371833000011976s {"blockNumber":11,"successfulCount":1,"failedCount":0,"duration":0.029371833000011976,"rate":40722654.25176264,"totalPublicGas":{"daGas":2176,"l2Gas":1196099},"totalBlockGas":{"daGas":3552,"l2Gas":1922849},"totalSizeInBytes":3552,"silentlySkippedCount":0,"silentlySkippedDurationMs":0}
[10:40:53.927] INFO: txe:top_level_context Created block 12 with timestamp 1789407655
[10:40:54.615] INFO: simulator:public-processor Processed 1 successful txs and 0 failed txs (0 silently skipped, 0ms wasted) in 0.029681875000009312s {"blockNumber":13,"successfulCount":1,"failedCount":0,"duration":0.029681875000009312,"rate":40297285.801507644,"totalPublicGas":{"daGas":2176,"l2Gas":1196099},"totalBlockGas":{"daGas":3552,"l2Gas":1922849},"totalSizeInBytes":3552,"silentlySkippedCount":0,"silentlySkippedDurationMs":0}
[10:40:54.657] INFO: txe:top_level_context Created block 14 with timestamp 1789414856
[10:40:55.339] INFO: simulator:public-processor Processed 1 successful txs and 0 failed txs (0 silently skipped, 0ms wasted) in 0.029754083000007085s {"blockNumber":15,"successfulCount":1,"failedCount":0,"duration":0.029754083000007085,"rate":40199491.2765322,"totalPublicGas":{"daGas":2176,"l2Gas":1196099},"totalBlockGas":{"daGas":3552,"l2Gas":1922849},"totalSizeInBytes":3552,"silentlySkippedCount":0,"silentlySkippedDurationMs":0}
[10:40:55.382] INFO: txe:top_level_context Created block 16 with timestamp 1789422057
[10:40:56.065] INFO: simulator:public-processor Processed 1 successful txs and 0 failed txs (0 silently skipped, 0ms wasted) in 0.029630667000019456s {"blockNumber":17,"successfulCount":1,"failedCount":0,"duration":0.029630667000019456,"rate":40366927.95336719,"totalPublicGas":{"daGas":2176,"l2Gas":1196099},"totalBlockGas":{"daGas":3552,"l2Gas":1922849},"totalSizeInBytes":3552,"silentlySkippedCount":0,"silentlySkippedDurationMs":0}
[10:40:56.107] INFO: txe:top_level_context Created block 18 with timestamp 1789429258
[10:40:56.804] INFO: simulator:public-processor Processed 1 successful txs and 0 failed txs (0 silently skipped, 0ms wasted) in 0.030186790999985533s {"blockNumber":19,"successfulCount":1,"failedCount":0,"duration":0.030186790999985533,"rate":39623257.73549674,"totalPublicGas":{"daGas":2176,"l2Gas":1196099},"totalBlockGas":{"daGas":3552,"l2Gas":1922849},"totalSizeInBytes":3552,"silentlySkippedCount":0,"silentlySkippedDurationMs":0}
[10:40:56.846] INFO: txe:top_level_context Created block 20 with timestamp 1789436459
[10:40:57.525] INFO: simulator:public-processor Processed 1 successful txs and 0 failed txs (0 silently skipped, 0ms wasted) in 0.03007729200000176s {"blockNumber":21,"successfulCount":1,"failedCount":0,"duration":0.03007729200000176,"rate":39767509.65478973,"totalPublicGas":{"daGas":2176,"l2Gas":1196099},"totalBlockGas":{"daGas":3552,"l2Gas":1922849},"totalSizeInBytes":3552,"silentlySkippedCount":0,"silentlySkippedDurationMs":0}
[10:40:57.568] INFO: txe:top_level_context Created block 22 with timestamp 1789443660
[10:40:58.248] INFO: simulator:public-processor Processed 1 successful txs and 0 failed txs (0 silently skipped, 0ms wasted) in 0.02941112499998417s {"blockNumber":23,"successfulCount":1,"failedCount":0,"duration":0.02941112499998417,"rate":40668250.53447101,"totalPublicGas":{"daGas":2176,"l2Gas":1196099},"totalBlockGas":{"daGas":3552,"l2Gas":1922849},"totalSizeInBytes":3552,"silentlySkippedCount":0,"silentlySkippedDurationMs":0}
[10:40:58.290] INFO: txe:top_level_context Created block 24 with timestamp 1789450861
[10:40:58.972] INFO: simulator:public-processor Processed 1 successful txs and 0 failed txs (0 silently skipped, 0ms wasted) in 0.029322833000012906s {"blockNumber":25,"successfulCount":1,"failedCount":0,"duration":0.029322833000012906,"rate":40790703.95413273,"totalPublicGas":{"daGas":2176,"l2Gas":1196099},"totalBlockGas":{"daGas":3552,"l2Gas":1922849},"totalSizeInBytes":3552,"silentlySkippedCount":0,"silentlySkippedDurationMs":0}
[10:40:59.014] INFO: txe:top_level_context Created block 26 with timestamp 1789458062
[10:40:59.695] INFO: simulator:public-processor Processed 1 successful txs and 0 failed txs (0 silently skipped, 0ms wasted) in 0.029493832999985897s {"blockNumber":27,"successfulCount":1,"failedCount":0,"duration":0.029493832999985897,"rate":40554206.70485833,"totalPublicGas":{"daGas":2176,"l2Gas":1196099},"totalBlockGas":{"daGas":3552,"l2Gas":1922849},"totalSizeInBytes":3552,"silentlySkippedCount":0,"silentlySkippedDurationMs":0}
[10:40:59.737] INFO: txe:top_level_context Created block 28 with timestamp 1789465263
[10:41:00.423] INFO: simulator:public-processor Processed 1 successful txs and 0 failed txs (0 silently skipped, 0ms wasted) in 0.029579750000004425s {"blockNumber":29,"successfulCount":1,"failedCount":0,"duration":0.029579750000004425,"rate":40436413.42471863,"totalPublicGas":{"daGas":2176,"l2Gas":1196099},"totalBlockGas":{"daGas":3552,"l2Gas":1922849},"totalSizeInBytes":3552,"silentlySkippedCount":0,"silentlySkippedDurationMs":0}
[10:41:00.466] INFO: txe:top_level_context Created block 30 with timestamp 1789472464
[10:41:01.133] INFO: simulator:public-processor Processed 1 successful txs and 0 failed txs (0 silently skipped, 0ms wasted) in 0.029329957999987527s {"blockNumber":31,"successfulCount":1,"failedCount":0,"duration":0.029329957999987527,"rate":40780794.84466049,"totalPublicGas":{"daGas":2176,"l2Gas":1196099},"totalBlockGas":{"daGas":3552,"l2Gas":1922849},"totalSizeInBytes":3552,"silentlySkippedCount":0,"silentlySkippedDurationMs":0}
[10:41:01.175] INFO: txe:top_level_context Created block 32 with timestamp 1789479665
[10:41:01.843] INFO: simulator:public-processor Processed 1 successful txs and 0 failed txs (0 silently skipped, 0ms wasted) in 0.029661000000021885s {"blockNumber":33,"successfulCount":1,"failedCount":0,"duration":0.029661000000021885,"rate":40325646.47176823,"totalPublicGas":{"daGas":2176,"l2Gas":1196099},"totalBlockGas":{"daGas":3552,"l2Gas":1922849},"totalSizeInBytes":3552,"silentlySkippedCount":0,"silentlySkippedDurationMs":0}
[10:41:01.885] INFO: txe:top_level_context Created block 34 with timestamp 1789486866
[10:41:02.553] INFO: simulator:public-processor Processed 1 successful txs and 0 failed txs (0 silently skipped, 0ms wasted) in 0.02922345900000073s {"blockNumber":35,"successfulCount":1,"failedCount":0,"duration":0.02922345900000073,"rate":40929412.22324059,"totalPublicGas":{"daGas":2176,"l2Gas":1196099},"totalBlockGas":{"daGas":3552,"l2Gas":1922849},"totalSizeInBytes":3552,"silentlySkippedCount":0,"silentlySkippedDurationMs":0}
[10:41:02.595] INFO: txe:top_level_context Created block 36 with timestamp 1789494067
[10:41:03.273] INFO: simulator:public-processor Processed 1 successful txs and 0 failed txs (0 silently skipped, 0ms wasted) in 0.03058766600000672s {"blockNumber":37,"successfulCount":1,"failedCount":0,"duration":0.03058766600000672,"rate":39103964.32338895,"totalPublicGas":{"daGas":2176,"l2Gas":1196099},"totalBlockGas":{"daGas":3552,"l2Gas":1922849},"totalSizeInBytes":3552,"silentlySkippedCount":0,"silentlySkippedDurationMs":0}
[10:41:03.328] INFO: simulator:public-processor Processed 1 successful txs and 0 failed txs (0 silently skipped, 0ms wasted) in 0.006506541000009748s {"blockNumber":38,"successfulCount":1,"failedCount":0,"duration":0.006506541000009748,"rate":1075225.6844288723,"totalPublicGas":{"daGas":0,"l2Gas":6996},"totalBlockGas":{"daGas":0,"l2Gas":6996},"totalSizeInBytes":128,"silentlySkippedCount":0,"silentlySkippedDurationMs":0}
[billboard_test] Testing test_history_first_page_control ... [0m[32mok[0m
[10:41:06.486] INFO: kv-store:lmdb-v2 Starting data store with maxReaders 2
[10:41:06.486] INFO: world-state:database Creating world state data store at directory /var/folders/ym/q1vh2x5n58xbsmpmvs5_6w3r0000gn/T/aztec-world-state-oLBNG1/world_state with map sizes {"archiveTreeMapSizeKb":10485760,"nullifierTreeMapSizeKb":10485760,"noteHashTreeMapSizeKb":10485760,"messageTreeMapSizeKb":10485760,"publicDataTreeMapSizeKb":10485760} and 12 threads (ephemeral=true).
[10:41:06.499] INFO: txe_node Aztec Node version: txe
[10:41:06.499] INFO: txe_node Aztec Node started on chain 0x1
[10:41:06.516] INFO: txe:top_level_context Created block 1 with timestamp 1789378866
[10:41:06.570] INFO: txe:top_level_context Created block 2 with timestamp 1789378866
[10:41:06.663] INFO: simulator:public-processor Processed 1 successful txs and 0 failed txs (0 silently skipped, 0ms wasted) in 0.04344458399998257s {"blockNumber":3,"successfulCount":1,"failedCount":0,"duration":0.04344458399998257,"rate":49886655.607080266,"totalPublicGas":{"daGas":3776,"l2Gas":2167305},"totalBlockGas":{"daGas":3776,"l2Gas":2167305},"totalSizeInBytes":3904,"silentlySkippedCount":0,"silentlySkippedDurationMs":0}
[10:41:06.705] INFO: txe:top_level_context Created block 4 with timestamp 1789378866
[10:41:06.958] INFO: simulator:public-processor Processed 1 successful txs and 0 failed txs (0 silently skipped, 0ms wasted) in 0.005173083000001497s {"blockNumber":5,"successfulCount":1,"failedCount":0,"duration":0.005173083000001497,"rate":0,"totalPublicGas":{"daGas":0,"l2Gas":0},"totalBlockGas":{"daGas":1984,"l2Gas":529900},"totalSizeInBytes":1984,"silentlySkippedCount":0,"silentlySkippedDurationMs":0}
[10:41:07.000] INFO: txe:top_level_context Created block 6 with timestamp 1789386067
[10:41:07.677] INFO: simulator:public-processor Processed 1 successful txs and 0 failed txs (0 silently skipped, 0ms wasted) in 0.034505624999990686s {"blockNumber":7,"successfulCount":1,"failedCount":0,"duration":0.034505624999990686,"rate":34663884.51159261,"totalPublicGas":{"daGas":2176,"l2Gas":1196099},"totalBlockGas":{"daGas":3552,"l2Gas":1922849},"totalSizeInBytes":3552,"silentlySkippedCount":0,"silentlySkippedDurationMs":0}
[10:41:07.719] INFO: txe:top_level_context Created block 8 with timestamp 1789393268
[10:41:08.430] INFO: simulator:public-processor Processed 1 successful txs and 0 failed txs (0 silently skipped, 0ms wasted) in 0.029895000000018625s {"blockNumber":9,"successfulCount":1,"failedCount":0,"duration":0.029895000000018625,"rate":40010001.67249556,"totalPublicGas":{"daGas":2176,"l2Gas":1196099},"totalBlockGas":{"daGas":3552,"l2Gas":1922849},"totalSizeInBytes":3552,"silentlySkippedCount":0,"silentlySkippedDurationMs":0}
[10:41:08.472] INFO: txe:top_level_context Created block 10 with timestamp 1789400469
[10:41:09.179] INFO: simulator:public-processor Processed 1 successful txs and 0 failed txs (0 silently skipped, 0ms wasted) in 0.02995362500002375s {"blockNumber":11,"successfulCount":1,"failedCount":0,"duration":0.02995362500002375,"rate":39931694.410911925,"totalPublicGas":{"daGas":2176,"l2Gas":1196099},"totalBlockGas":{"daGas":3552,"l2Gas":1922849},"totalSizeInBytes":3552,"silentlySkippedCount":0,"silentlySkippedDurationMs":0}
[10:41:09.221] INFO: txe:top_level_context Created block 12 with timestamp 1789407670
[10:41:09.917] INFO: simulator:public-processor Processed 1 successful txs and 0 failed txs (0 silently skipped, 0ms wasted) in 0.03052983299997868s {"blockNumber":13,"successfulCount":1,"failedCount":0,"duration":0.03052983299997868,"rate":39178039.39513312,"totalPublicGas":{"daGas":2176,"l2Gas":1196099},"totalBlockGas":{"daGas":3552,"l2Gas":1922849},"totalSizeInBytes":3552,"silentlySkippedCount":0,"silentlySkippedDurationMs":0}
[10:41:09.959] INFO: txe:top_level_context Created block 14 with timestamp 1789414871
[10:41:10.644] INFO: simulator:public-processor Processed 1 successful txs and 0 failed txs (0 silently skipped, 0ms wasted) in 0.02902537499999744s {"blockNumber":15,"successfulCount":1,"failedCount":0,"duration":0.02902537499999744,"rate":41208735.45992448,"totalPublicGas":{"daGas":2176,"l2Gas":1196099},"totalBlockGas":{"daGas":3552,"l2Gas":1922849},"totalSizeInBytes":3552,"silentlySkippedCount":0,"silentlySkippedDurationMs":0}
[10:41:10.685] INFO: txe:top_level_context Created block 16 with timestamp 1789422072
[10:41:11.354] INFO: simulator:public-processor Processed 1 successful txs and 0 failed txs (0 silently skipped, 0ms wasted) in 0.02929879100000835s {"blockNumber":17,"successfulCount":1,"failedCount":0,"duration":0.02929879100000835,"rate":40824175.98731836,"totalPublicGas":{"daGas":2176,"l2Gas":1196099},"totalBlockGas":{"daGas":3552,"l2Gas":1922849},"totalSizeInBytes":3552,"silentlySkippedCount":0,"silentlySkippedDurationMs":0}
[10:41:11.397] INFO: txe:top_level_context Created block 18 with timestamp 1789429273
[10:41:12.085] INFO: simulator:public-processor Processed 1 successful txs and 0 failed txs (0 silently skipped, 0ms wasted) in 0.02994787499998347s {"blockNumber":19,"successfulCount":1,"failedCount":0,"duration":0.02994787499998347,"rate":39939361.30695952,"totalPublicGas":{"daGas":2176,"l2Gas":1196099},"totalBlockGas":{"daGas":3552,"l2Gas":1922849},"totalSizeInBytes":3552,"silentlySkippedCount":0,"silentlySkippedDurationMs":0}
[10:41:12.127] INFO: txe:top_level_context Created block 20 with timestamp 1789436474
[10:41:12.795] INFO: simulator:public-processor Processed 1 successful txs and 0 failed txs (0 silently skipped, 0ms wasted) in 0.029115500000014435s {"blockNumber":21,"successfulCount":1,"failedCount":0,"duration":0.029115500000014435,"rate":41081176.692806475,"totalPublicGas":{"daGas":2176,"l2Gas":1196099},"totalBlockGas":{"daGas":3552,"l2Gas":1922849},"totalSizeInBytes":3552,"silentlySkippedCount":0,"silentlySkippedDurationMs":0}
[10:41:12.837] INFO: txe:top_level_context Created block 22 with timestamp 1789443675
[10:41:13.511] INFO: simulator:public-processor Processed 1 successful txs and 0 failed txs (0 silently skipped, 0ms wasted) in 0.029485375000018393s {"blockNumber":23,"successfulCount":1,"failedCount":0,"duration":0.029485375000018393,"rate":40565839.8443043,"totalPublicGas":{"daGas":2176,"l2Gas":1196099},"totalBlockGas":{"daGas":3552,"l2Gas":1922849},"totalSizeInBytes":3552,"silentlySkippedCount":0,"silentlySkippedDurationMs":0}
[10:41:13.552] INFO: txe:top_level_context Created block 24 with timestamp 1789450876
[10:41:14.225] INFO: simulator:public-processor Processed 1 successful txs and 0 failed txs (0 silently skipped, 0ms wasted) in 0.029183749999996508s {"blockNumber":25,"successfulCount":1,"failedCount":0,"duration":0.029183749999996508,"rate":40985103.01109841,"totalPublicGas":{"daGas":2176,"l2Gas":1196099},"totalBlockGas":{"daGas":3552,"l2Gas":1922849},"totalSizeInBytes":3552,"silentlySkippedCount":0,"silentlySkippedDurationMs":0}
[10:41:14.267] INFO: txe:top_level_context Created block 26 with timestamp 1789458077
[10:41:14.960] INFO: simulator:public-processor Processed 1 successful txs and 0 failed txs (0 silently skipped, 0ms wasted) in 0.02941804200000479s {"blockNumber":27,"successfulCount":1,"failedCount":0,"duration":0.02941804200000479,"rate":40658688.297467425,"totalPublicGas":{"daGas":2176,"l2Gas":1196099},"totalBlockGas":{"daGas":3552,"l2Gas":1922849},"totalSizeInBytes":3552,"silentlySkippedCount":0,"silentlySkippedDurationMs":0}
[10:41:15.001] INFO: txe:top_level_context Created block 28 with timestamp 1789465278
[10:41:15.683] INFO: simulator:public-processor Processed 1 successful txs and 0 failed txs (0 silently skipped, 0ms wasted) in 0.029404750000016064s {"blockNumber":29,"successfulCount":1,"failedCount":0,"duration":0.029404750000016064,"rate":40677067.4805719,"totalPublicGas":{"daGas":2176,"l2Gas":1196099},"totalBlockGas":{"daGas":3552,"l2Gas":1922849},"totalSizeInBytes":3552,"silentlySkippedCount":0,"silentlySkippedDurationMs":0}
[10:41:15.724] INFO: txe:top_level_context Created block 30 with timestamp 1789472479
[10:41:16.388] INFO: simulator:public-processor Processed 1 successful txs and 0 failed txs (0 silently skipped, 0ms wasted) in 0.029408290999999736s {"blockNumber":31,"successfulCount":1,"failedCount":0,"duration":0.029408290999999736,"rate":40672169.62726636,"totalPublicGas":{"daGas":2176,"l2Gas":1196099},"totalBlockGas":{"daGas":3552,"l2Gas":1922849},"totalSizeInBytes":3552,"silentlySkippedCount":0,"silentlySkippedDurationMs":0}
[10:41:16.430] INFO: txe:top_level_context Created block 32 with timestamp 1789479680
[10:41:17.093] INFO: simulator:public-processor Processed 1 successful txs and 0 failed txs (0 silently skipped, 0ms wasted) in 0.02933124999998836s {"blockNumber":33,"successfulCount":1,"failedCount":0,"duration":0.02933124999998836,"rate":40778998.50843298,"totalPublicGas":{"daGas":2176,"l2Gas":1196099},"totalBlockGas":{"daGas":3552,"l2Gas":1922849},"totalSizeInBytes":3552,"silentlySkippedCount":0,"silentlySkippedDurationMs":0}
[10:41:17.134] INFO: txe:top_level_context Created block 34 with timestamp 1789486881
[10:41:17.808] INFO: simulator:public-processor Processed 1 successful txs and 0 failed txs (0 silently skipped, 0ms wasted) in 0.029455833000014538s {"blockNumber":35,"successfulCount":1,"failedCount":0,"duration":0.029455833000014538,"rate":40606524.35120099,"totalPublicGas":{"daGas":2176,"l2Gas":1196099},"totalBlockGas":{"daGas":3552,"l2Gas":1922849},"totalSizeInBytes":3552,"silentlySkippedCount":0,"silentlySkippedDurationMs":0}
[10:41:17.849] INFO: txe:top_level_context Created block 36 with timestamp 1789494082
[10:41:18.525] INFO: simulator:public-processor Processed 1 successful txs and 0 failed txs (0 silently skipped, 0ms wasted) in 0.02958016700000735s {"blockNumber":37,"successfulCount":1,"failedCount":0,"duration":0.02958016700000735,"rate":40435843.381131105,"totalPublicGas":{"daGas":2176,"l2Gas":1196099},"totalBlockGas":{"daGas":3552,"l2Gas":1922849},"totalSizeInBytes":3552,"silentlySkippedCount":0,"silentlySkippedDurationMs":0}
[10:41:18.567] INFO: txe:top_level_context Created block 38 with timestamp 1789501283
[10:41:19.234] INFO: simulator:public-processor Processed 1 successful txs and 0 failed txs (0 silently skipped, 0ms wasted) in 0.029418459000007714s {"blockNumber":39,"successfulCount":1,"failedCount":0,"duration":0.029418459000007714,"rate":40658111.96975635,"totalPublicGas":{"daGas":2176,"l2Gas":1196099},"totalBlockGas":{"daGas":3552,"l2Gas":1922849},"totalSizeInBytes":3552,"silentlySkippedCount":0,"silentlySkippedDurationMs":0}
[10:41:19.287] INFO: simulator:public-processor Processed 1 successful txs and 0 failed txs (0 silently skipped, 0ms wasted) in 0.006107874999986961s {"blockNumber":40,"successfulCount":1,"failedCount":0,"duration":0.006107874999986961,"rate":1145406.5448318662,"totalPublicGas":{"daGas":0,"l2Gas":6996},"totalBlockGas":{"daGas":0,"l2Gas":6996},"totalSizeInBytes":128,"silentlySkippedCount":0,"silentlySkippedDurationMs":0}
[billboard_test] Testing test_history_known_bad_missing_child_after_first_page ... [0m[32mok[0m
[10:41:22.213] INFO: kv-store:lmdb-v2 Starting data store with maxReaders 2
[10:41:22.214] INFO: world-state:database Creating world state data store at directory /var/folders/ym/q1vh2x5n58xbsmpmvs5_6w3r0000gn/T/aztec-world-state-FvxQyC/world_state with map sizes {"archiveTreeMapSizeKb":10485760,"nullifierTreeMapSizeKb":10485760,"noteHashTreeMapSizeKb":10485760,"messageTreeMapSizeKb":10485760,"publicDataTreeMapSizeKb":10485760} and 12 threads (ephemeral=true).
[10:41:22.227] INFO: txe_node Aztec Node version: txe
[10:41:22.227] INFO: txe_node Aztec Node started on chain 0x1
[10:41:22.244] INFO: txe:top_level_context Created block 1 with timestamp 1789378882
[10:41:22.294] INFO: txe:top_level_context Created block 2 with timestamp 1789378882
[10:41:22.385] INFO: simulator:public-processor Processed 1 successful txs and 0 failed txs (0 silently skipped, 0ms wasted) in 0.04195929100000649s {"blockNumber":3,"successfulCount":1,"failedCount":0,"duration":0.04195929100000649,"rate":51652564.86339735,"totalPublicGas":{"daGas":3776,"l2Gas":2167305},"totalBlockGas":{"daGas":3776,"l2Gas":2167305},"totalSizeInBytes":3904,"silentlySkippedCount":0,"silentlySkippedDurationMs":0}
[10:41:22.426] INFO: txe:top_level_context Created block 4 with timestamp 1789378882
[10:41:22.664] INFO: simulator:public-processor Processed 1 successful txs and 0 failed txs (0 silently skipped, 0ms wasted) in 0.005462916999997105s {"blockNumber":5,"successfulCount":1,"failedCount":0,"duration":0.005462916999997105,"rate":0,"totalPublicGas":{"daGas":0,"l2Gas":0},"totalBlockGas":{"daGas":1984,"l2Gas":529900},"totalSizeInBytes":1984,"silentlySkippedCount":0,"silentlySkippedDurationMs":0}
[10:41:22.705] INFO: txe:top_level_context Created block 6 with timestamp 1789386083
[10:41:23.372] INFO: simulator:public-processor Processed 1 successful txs and 0 failed txs (0 silently skipped, 0ms wasted) in 0.02976995800001896s {"blockNumber":7,"successfulCount":1,"failedCount":0,"duration":0.02976995800001896,"rate":40178054.66837536,"totalPublicGas":{"daGas":2176,"l2Gas":1196099},"totalBlockGas":{"daGas":3552,"l2Gas":1922849},"totalSizeInBytes":3552,"silentlySkippedCount":0,"silentlySkippedDurationMs":0}
[10:41:23.414] INFO: txe:top_level_context Created block 8 with timestamp 1789393284
[10:41:24.095] INFO: simulator:public-processor Processed 1 successful txs and 0 failed txs (0 silently skipped, 0ms wasted) in 0.02984487500000978s {"blockNumber":9,"successfulCount":1,"failedCount":0,"duration":0.02984487500000978,"rate":40077199.184101395,"totalPublicGas":{"daGas":2176,"l2Gas":1196099},"totalBlockGas":{"daGas":3552,"l2Gas":1922849},"totalSizeInBytes":3552,"silentlySkippedCount":0,"silentlySkippedDurationMs":0}
[10:41:24.137] INFO: txe:top_level_context Created block 10 with timestamp 1789400485
[10:41:24.884] INFO: simulator:public-processor Processed 1 successful txs and 0 failed txs (0 silently skipped, 0ms wasted) in 0.03731745800000499s {"blockNumber":11,"successfulCount":1,"failedCount":0,"duration":0.03731745800000499,"rate":32051995.610200465,"totalPublicGas":{"daGas":2176,"l2Gas":1196099},"totalBlockGas":{"daGas":3552,"l2Gas":1922849},"totalSizeInBytes":3552,"silentlySkippedCount":0,"silentlySkippedDurationMs":0}
[10:41:24.927] INFO: txe:top_level_context Created block 12 with timestamp 1789407686
[10:41:25.635] INFO: simulator:public-processor Processed 1 successful txs and 0 failed txs (0 silently skipped, 0ms wasted) in 0.030454832999996143s {"blockNumber":13,"successfulCount":1,"failedCount":0,"duration":0.030454832999996143,"rate":39274521.71549099,"totalPublicGas":{"daGas":2176,"l2Gas":1196099},"totalBlockGas":{"daGas":3552,"l2Gas":1922849},"totalSizeInBytes":3552,"silentlySkippedCount":0,"silentlySkippedDurationMs":0}
[10:41:25.677] INFO: txe:top_level_context Created block 14 with timestamp 1789414887
[10:41:26.370] INFO: simulator:public-processor Processed 1 successful txs and 0 failed txs (0 silently skipped, 0ms wasted) in 0.03016266699999687s {"blockNumber":15,"successfulCount":1,"failedCount":0,"duration":0.03016266699999687,"rate":39654948.28425232,"totalPublicGas":{"daGas":2176,"l2Gas":1196099},"totalBlockGas":{"daGas":3552,"l2Gas":1922849},"totalSizeInBytes":3552,"silentlySkippedCount":0,"silentlySkippedDurationMs":0}
[10:41:26.413] INFO: txe:top_level_context Created block 16 with timestamp 1789422088
[10:41:27.107] INFO: simulator:public-processor Processed 1 successful txs and 0 failed txs (0 silently skipped, 0ms wasted) in 0.030111166999995477s {"blockNumber":17,"successfulCount":1,"failedCount":0,"duration":0.030111166999995477,"rate":39722771.289474756,"totalPublicGas":{"daGas":2176,"l2Gas":1196099},"totalBlockGas":{"daGas":3552,"l2Gas":1922849},"totalSizeInBytes":3552,"silentlySkippedCount":0,"silentlySkippedDurationMs":0}
[10:41:27.150] INFO: txe:top_level_context Created block 18 with timestamp 1789429289
[10:41:27.853] INFO: simulator:public-processor Processed 1 successful txs and 0 failed txs (0 silently skipped, 0ms wasted) in 0.02926341700000921s {"blockNumber":19,"successfulCount":1,"failedCount":0,"duration":0.02926341700000921,"rate":40873524.7835078,"totalPublicGas":{"daGas":2176,"l2Gas":1196099},"totalBlockGas":{"daGas":3552,"l2Gas":1922849},"totalSizeInBytes":3552,"silentlySkippedCount":0,"silentlySkippedDurationMs":0}
[10:41:27.895] INFO: txe:top_level_context Created block 20 with timestamp 1789436490
[10:41:28.599] INFO: simulator:public-processor Processed 1 successful txs and 0 failed txs (0 silently skipped, 0ms wasted) in 0.031264958000014303s {"blockNumber":21,"successfulCount":1,"failedCount":0,"duration":0.031264958000014303,"rate":38256856.12625652,"totalPublicGas":{"daGas":2176,"l2Gas":1196099},"totalBlockGas":{"daGas":3552,"l2Gas":1922849},"totalSizeInBytes":3552,"silentlySkippedCount":0,"silentlySkippedDurationMs":0}
[10:41:28.642] INFO: txe:top_level_context Created block 22 with timestamp 1789443691
[10:41:29.465] INFO: simulator:public-processor Processed 1 successful txs and 0 failed txs (0 silently skipped, 0ms wasted) in 0.03142129099997692s {"blockNumber":23,"successfulCount":1,"failedCount":0,"duration":0.03142129099997692,"rate":38066513.56244015,"totalPublicGas":{"daGas":2176,"l2Gas":1196099},"totalBlockGas":{"daGas":3552,"l2Gas":1922849},"totalSizeInBytes":3552,"silentlySkippedCount":0,"silentlySkippedDurationMs":0}
[10:41:29.508] INFO: txe:top_level_context Created block 24 with timestamp 1789450892
[10:41:30.208] INFO: simulator:public-processor Processed 1 successful txs and 0 failed txs (0 silently skipped, 0ms wasted) in 0.030902791999978946s {"blockNumber":25,"successfulCount":1,"failedCount":0,"duration":0.030902791999978946,"rate":38705208.2543485,"totalPublicGas":{"daGas":2176,"l2Gas":1196099},"totalBlockGas":{"daGas":3552,"l2Gas":1922849},"totalSizeInBytes":3552,"silentlySkippedCount":0,"silentlySkippedDurationMs":0}
[10:41:30.251] INFO: txe:top_level_context Created block 26 with timestamp 1789458093
[10:41:30.964] INFO: simulator:public-processor Processed 1 successful txs and 0 failed txs (0 silently skipped, 0ms wasted) in 0.03046525000000838s {"blockNumber":27,"successfulCount":1,"failedCount":0,"duration":0.03046525000000838,"rate":39261092.55626233,"totalPublicGas":{"daGas":2176,"l2Gas":1196099},"totalBlockGas":{"daGas":3552,"l2Gas":1922849},"totalSizeInBytes":3552,"silentlySkippedCount":0,"silentlySkippedDurationMs":0}
[10:41:31.007] INFO: txe:top_level_context Created block 28 with timestamp 1789465294
[10:41:31.726] INFO: simulator:public-processor Processed 1 successful txs and 0 failed txs (0 silently skipped, 0ms wasted) in 0.0316217089999991s {"blockNumber":29,"successfulCount":1,"failedCount":0,"duration":0.0316217089999991,"rate":37825248.47091705,"totalPublicGas":{"daGas":2176,"l2Gas":1196099},"totalBlockGas":{"daGas":3552,"l2Gas":1922849},"totalSizeInBytes":3552,"silentlySkippedCount":0,"silentlySkippedDurationMs":0}
[10:41:31.770] INFO: txe:top_level_context Created block 30 with timestamp 1789472495
[10:41:32.453] INFO: simulator:public-processor Processed 1 successful txs and 0 failed txs (0 silently skipped, 0ms wasted) in 0.029825416000006953s {"blockNumber":31,"successfulCount":1,"failedCount":0,"duration":0.029825416000006953,"rate":40103346.75632759,"totalPublicGas":{"daGas":2176,"l2Gas":1196099},"totalBlockGas":{"daGas":3552,"l2Gas":1922849},"totalSizeInBytes":3552,"silentlySkippedCount":0,"silentlySkippedDurationMs":0}
[10:41:32.495] INFO: txe:top_level_context Created block 32 with timestamp 1789479696
[10:41:33.183] INFO: simulator:public-processor Processed 1 successful txs and 0 failed txs (0 silently skipped, 0ms wasted) in 0.029190332999976816s {"blockNumber":33,"successfulCount":1,"failedCount":0,"duration":0.029190332999976816,"rate":40975860.05616825,"totalPublicGas":{"daGas":2176,"l2Gas":1196099},"totalBlockGas":{"daGas":3552,"l2Gas":1922849},"totalSizeInBytes":3552,"silentlySkippedCount":0,"silentlySkippedDurationMs":0}
[10:41:33.225] INFO: txe:top_level_context Created block 34 with timestamp 1789486897
[10:41:33.897] INFO: simulator:public-processor Processed 1 successful txs and 0 failed txs (0 silently skipped, 0ms wasted) in 0.029873916999989886s {"blockNumber":35,"successfulCount":1,"failedCount":0,"duration":0.029873916999989886,"rate":40038238.038902126,"totalPublicGas":{"daGas":2176,"l2Gas":1196099},"totalBlockGas":{"daGas":3552,"l2Gas":1922849},"totalSizeInBytes":3552,"silentlySkippedCount":0,"silentlySkippedDurationMs":0}
[10:41:33.939] INFO: txe:top_level_context Created block 36 with timestamp 1789494098
[10:41:34.614] INFO: simulator:public-processor Processed 1 successful txs and 0 failed txs (0 silently skipped, 0ms wasted) in 0.02975075000000652s {"blockNumber":37,"successfulCount":1,"failedCount":0,"duration":0.02975075000000652,"rate":40203994.8572637,"totalPublicGas":{"daGas":2176,"l2Gas":1196099},"totalBlockGas":{"daGas":3552,"l2Gas":1922849},"totalSizeInBytes":3552,"silentlySkippedCount":0,"silentlySkippedDurationMs":0}
[10:41:34.657] INFO: txe:top_level_context Created block 38 with timestamp 1789501299
[10:41:35.326] INFO: simulator:public-processor Processed 1 successful txs and 0 failed txs (0 silently skipped, 0ms wasted) in 0.029406125000008616s {"blockNumber":39,"successfulCount":1,"failedCount":0,"duration":0.029406125000008616,"rate":40675165.46296561,"totalPublicGas":{"daGas":2176,"l2Gas":1196099},"totalBlockGas":{"daGas":3552,"l2Gas":1922849},"totalSizeInBytes":3552,"silentlySkippedCount":0,"silentlySkippedDurationMs":0}
[10:41:35.381] INFO: simulator:public-processor Processed 1 successful txs and 0 failed txs (0 silently skipped, 0ms wasted) in 0.006467582999990554s {"blockNumber":40,"successfulCount":1,"failedCount":0,"duration":0.006467582999990554,"rate":1081702.3917606033,"totalPublicGas":{"daGas":0,"l2Gas":6996},"totalBlockGas":{"daGas":0,"l2Gas":6996},"totalSizeInBytes":128,"silentlySkippedCount":0,"silentlySkippedDurationMs":0}
[10:41:35.400] INFO: txe:top_level_context Created block 40 with timestamp 1789508500
[billboard_test] Testing test_history_known_bad_next_post_cannot_progress ... [0m[32mok[0m
[10:41:38.341] INFO: kv-store:lmdb-v2 Starting data store with maxReaders 2
[10:41:38.342] INFO: world-state:database Creating world state data store at directory /var/folders/ym/q1vh2x5n58xbsmpmvs5_6w3r0000gn/T/aztec-world-state-NZfRZw/world_state with map sizes {"archiveTreeMapSizeKb":10485760,"nullifierTreeMapSizeKb":10485760,"noteHashTreeMapSizeKb":10485760,"messageTreeMapSizeKb":10485760,"publicDataTreeMapSizeKb":10485760} and 12 threads (ephemeral=true).
[10:41:38.355] INFO: txe_node Aztec Node version: txe
[10:41:38.355] INFO: txe_node Aztec Node started on chain 0x1
[10:41:38.372] INFO: txe:top_level_context Created block 1 with timestamp 1789378898
[10:41:38.418] INFO: txe:top_level_context Created block 2 with timestamp 1789378898
[10:41:38.511] INFO: simulator:public-processor Processed 1 successful txs and 0 failed txs (0 silently skipped, 0ms wasted) in 0.0432015830000164s {"blockNumber":3,"successfulCount":1,"failedCount":0,"duration":0.0432015830000164,"rate":50167258.91732202,"totalPublicGas":{"daGas":3776,"l2Gas":2167305},"totalBlockGas":{"daGas":3776,"l2Gas":2167305},"totalSizeInBytes":3904,"silentlySkippedCount":0,"silentlySkippedDurationMs":0}
[10:41:38.564] INFO: simulator:public-processor Processed 1 successful txs and 0 failed txs (0 silently skipped, 0ms wasted) in 0.006395208000001731s {"blockNumber":4,"successfulCount":1,"failedCount":0,"duration":0.006395208000001731,"rate":1365084.6070991964,"totalPublicGas":{"daGas":0,"l2Gas":8730},"totalBlockGas":{"daGas":0,"l2Gas":8730},"totalSizeInBytes":128,"silentlySkippedCount":0,"silentlySkippedDurationMs":0}
[billboard_test] Testing test_init_default_flag_state ... [0m[32mok[0m
[billboard_test] Testing test_init_rejects_policy_too_long ... [0m[32mok[0m
[10:41:40.945] INFO: kv-store:lmdb-v2 Starting data store with maxReaders 2
[10:41:40.946] INFO: world-state:database Creating world state data store at directory /var/folders/ym/q1vh2x5n58xbsmpmvs5_6w3r0000gn/T/aztec-world-state-dkb9Oz/world_state with map sizes {"archiveTreeMapSizeKb":10485760,"nullifierTreeMapSizeKb":10485760,"noteHashTreeMapSizeKb":10485760,"messageTreeMapSizeKb":10485760,"publicDataTreeMapSizeKb":10485760} and 12 threads (ephemeral=true).
[10:41:40.959] INFO: txe_node Aztec Node version: txe
[10:41:40.959] INFO: txe_node Aztec Node started on chain 0x1
[10:41:40.977] INFO: txe:top_level_context Created block 1 with timestamp 1789378900
[10:41:41.032] INFO: txe:top_level_context Created block 2 with timestamp 1789378900
[10:41:41.090] INFO: simulator:public-processor Processed 1 successful txs and 0 failed txs (0 silently skipped, 0ms wasted) in 0.008417249999998603s {"blockNumber":3,"successfulCount":1,"failedCount":0,"duration":0.008417249999998603,"rate":14150583.622919573,"totalPublicGas":{"daGas":0,"l2Gas":119109},"totalBlockGas":{"daGas":0,"l2Gas":119109},"totalSizeInBytes":128,"silentlySkippedCount":0,"silentlySkippedDurationMs":0}
[10:41:41.092] WARN: txe:top_level_context Could not find function artifact in contract Billboard for function '0x609f9c98' when enriching error callstack
[billboard_test] Testing test_init_rejects_zero_base_cooldown ... [0m[32mok[0m
[10:41:43.407] INFO: kv-store:lmdb-v2 Starting data store with maxReaders 2
[10:41:43.408] INFO: world-state:database Creating world state data store at directory /var/folders/ym/q1vh2x5n58xbsmpmvs5_6w3r0000gn/T/aztec-world-state-K66QuW/world_state with map sizes {"archiveTreeMapSizeKb":10485760,"nullifierTreeMapSizeKb":10485760,"noteHashTreeMapSizeKb":10485760,"messageTreeMapSizeKb":10485760,"publicDataTreeMapSizeKb":10485760} and 12 threads (ephemeral=true).
[10:41:43.421] INFO: txe_node Aztec Node version: txe
[10:41:43.421] INFO: txe_node Aztec Node started on chain 0x1
[10:41:43.438] INFO: txe:top_level_context Created block 1 with timestamp 1789378903
[10:41:43.497] INFO: txe:top_level_context Created block 2 with timestamp 1789378903
[10:41:43.555] INFO: simulator:public-processor Processed 1 successful txs and 0 failed txs (0 silently skipped, 0ms wasted) in 0.008576915999990888s {"blockNumber":3,"successfulCount":1,"failedCount":0,"duration":0.008576915999990888,"rate":13852531.609278467,"totalPublicGas":{"daGas":0,"l2Gas":118812},"totalBlockGas":{"daGas":0,"l2Gas":118812},"totalSizeInBytes":128,"silentlySkippedCount":0,"silentlySkippedDurationMs":0}
[10:41:43.557] WARN: txe:top_level_context Could not find function artifact in contract Billboard for function '0x609f9c98' when enriching error callstack
[billboard_test] Testing test_init_rejects_zero_censor_window ... [0m[32mok[0m
[10:41:45.877] INFO: kv-store:lmdb-v2 Starting data store with maxReaders 2
[10:41:45.877] INFO: world-state:database Creating world state data store at directory /var/folders/ym/q1vh2x5n58xbsmpmvs5_6w3r0000gn/T/aztec-world-state-CQBXiH/world_state with map sizes {"archiveTreeMapSizeKb":10485760,"nullifierTreeMapSizeKb":10485760,"noteHashTreeMapSizeKb":10485760,"messageTreeMapSizeKb":10485760,"publicDataTreeMapSizeKb":10485760} and 12 threads (ephemeral=true).
[10:41:45.891] INFO: txe_node Aztec Node version: txe
[10:41:45.891] INFO: txe_node Aztec Node started on chain 0x1
[10:41:45.908] INFO: txe:top_level_context Created block 1 with timestamp 1789378905
[10:41:45.964] INFO: txe:top_level_context Created block 2 with timestamp 1789378905
[10:41:46.022] INFO: simulator:public-processor Processed 1 successful txs and 0 failed txs (0 silently skipped, 0ms wasted) in 0.008548167000000832s {"blockNumber":3,"successfulCount":1,"failedCount":0,"duration":0.008548167000000832,"rate":13915263.939039612,"totalPublicGas":{"daGas":0,"l2Gas":118950},"totalBlockGas":{"daGas":0,"l2Gas":118950},"totalSizeInBytes":128,"silentlySkippedCount":0,"silentlySkippedDurationMs":0}
[10:41:46.024] WARN: txe:top_level_context Could not find function artifact in contract Billboard for function '0x609f9c98' when enriching error callstack
[billboard_test] Testing test_init_rejects_zero_k ... [0m[32mok[0m
[10:41:48.412] INFO: kv-store:lmdb-v2 Starting data store with maxReaders 2
[10:41:48.413] INFO: world-state:database Creating world state data store at directory /var/folders/ym/q1vh2x5n58xbsmpmvs5_6w3r0000gn/T/aztec-world-state-PwPm0o/world_state with map sizes {"archiveTreeMapSizeKb":10485760,"nullifierTreeMapSizeKb":10485760,"noteHashTreeMapSizeKb":10485760,"messageTreeMapSizeKb":10485760,"publicDataTreeMapSizeKb":10485760} and 12 threads (ephemeral=true).
[10:41:48.426] INFO: txe_node Aztec Node version: txe
[10:41:48.426] INFO: txe_node Aztec Node started on chain 0x1
[10:41:48.444] INFO: txe:top_level_context Created block 1 with timestamp 1789378908
[10:41:48.501] INFO: txe:top_level_context Created block 2 with timestamp 1789378908
[10:41:48.568] INFO: simulator:public-processor Processed 1 successful txs and 0 failed txs (0 silently skipped, 0ms wasted) in 0.008280915999988793s {"blockNumber":3,"successfulCount":1,"failedCount":0,"duration":0.008280915999988793,"rate":14356020.517556377,"totalPublicGas":{"daGas":0,"l2Gas":118881},"totalBlockGas":{"daGas":0,"l2Gas":118881},"totalSizeInBytes":128,"silentlySkippedCount":0,"silentlySkippedDurationMs":0}
[10:41:48.570] WARN: txe:top_level_context Could not find function artifact in contract Billboard for function '0x609f9c98' when enriching error callstack
[billboard_test] Testing test_init_rejects_zero_max_save_up ... [0m[32mok[0m
[10:41:50.924] INFO: kv-store:lmdb-v2 Starting data store with maxReaders 2
[10:41:50.925] INFO: world-state:database Creating world state data store at directory /var/folders/ym/q1vh2x5n58xbsmpmvs5_6w3r0000gn/T/aztec-world-state-PWNz1d/world_state with map sizes {"archiveTreeMapSizeKb":10485760,"nullifierTreeMapSizeKb":10485760,"noteHashTreeMapSizeKb":10485760,"messageTreeMapSizeKb":10485760,"publicDataTreeMapSizeKb":10485760} and 12 threads (ephemeral=true).
[10:41:50.938] INFO: txe_node Aztec Node version: txe
[10:41:50.938] INFO: txe_node Aztec Node started on chain 0x1
[10:41:50.955] INFO: txe:top_level_context Created block 1 with timestamp 1789378910
[10:41:51.013] INFO: txe:top_level_context Created block 2 with timestamp 1789378910
[10:41:51.072] INFO: simulator:public-processor Processed 1 successful txs and 0 failed txs (0 silently skipped, 0ms wasted) in 0.008657166999997572s {"blockNumber":3,"successfulCount":1,"failedCount":0,"duration":0.008657166999997572,"rate":13748030.966716176,"totalPublicGas":{"daGas":0,"l2Gas":119019},"totalBlockGas":{"daGas":0,"l2Gas":119019},"totalSizeInBytes":128,"silentlySkippedCount":0,"silentlySkippedDurationMs":0}
[10:41:51.074] WARN: txe:top_level_context Could not find function artifact in contract Billboard for function '0x609f9c98' when enriching error callstack
[billboard_test] Testing test_init_rejects_zero_min_deposit ... [0m[32mok[0m
[10:41:53.413] INFO: kv-store:lmdb-v2 Starting data store with maxReaders 2
[10:41:53.414] INFO: world-state:database Creating world state data store at directory /var/folders/ym/q1vh2x5n58xbsmpmvs5_6w3r0000gn/T/aztec-world-state-nAl7cd/world_state with map sizes {"archiveTreeMapSizeKb":10485760,"nullifierTreeMapSizeKb":10485760,"noteHashTreeMapSizeKb":10485760,"messageTreeMapSizeKb":10485760,"publicDataTreeMapSizeKb":10485760} and 12 threads (ephemeral=true).
[10:41:53.427] INFO: txe_node Aztec Node version: txe
[10:41:53.427] INFO: txe_node Aztec Node started on chain 0x1
[10:41:53.444] INFO: txe:top_level_context Created block 1 with timestamp 1789378913
[10:41:53.500] INFO: txe:top_level_context Created block 2 with timestamp 1789378913
[10:41:53.558] INFO: simulator:public-processor Processed 1 successful txs and 0 failed txs (0 silently skipped, 0ms wasted) in 0.008304417000006652s {"blockNumber":3,"successfulCount":1,"failedCount":0,"duration":0.008304417000006652,"rate":14294802.392498463,"totalPublicGas":{"daGas":0,"l2Gas":118710},"totalBlockGas":{"daGas":0,"l2Gas":118710},"totalSizeInBytes":128,"silentlySkippedCount":0,"silentlySkippedDurationMs":0}
[10:41:53.560] WARN: txe:top_level_context Could not find function artifact in contract Billboard for function '0x609f9c98' when enriching error callstack
[10:41:55.905] INFO: kv-store:lmdb-v2 Starting data store with maxReaders 2
[10:41:55.906] INFO: world-state:database Creating world state data store at directory /var/folders/ym/q1vh2x5n58xbsmpmvs5_6w3r0000gn/T/aztec-world-state-RojAx8/world_state with map sizes {"archiveTreeMapSizeKb":10485760,"nullifierTreeMapSizeKb":10485760,"noteHashTreeMapSizeKb":10485760,"messageTreeMapSizeKb":10485760,"publicDataTreeMapSizeKb":10485760} and 12 threads (ephemeral=true).
[10:41:55.919] INFO: txe_node Aztec Node version: txe
[10:41:55.919] INFO: txe_node Aztec Node started on chain 0x1
[10:41:55.936] INFO: txe:top_level_context Created block 1 with timestamp 1789378915
[10:41:55.981] INFO: txe:top_level_context Created block 2 with timestamp 1789378915
[10:41:56.072] INFO: simulator:public-processor Processed 1 successful txs and 0 failed txs (0 silently skipped, 0ms wasted) in 0.0420584159999853s {"blockNumber":3,"successfulCount":1,"failedCount":0,"duration":0.0420584159999853,"rate":51530827.97984493,"totalPublicGas":{"daGas":3776,"l2Gas":2167305},"totalBlockGas":{"daGas":3776,"l2Gas":2167305},"totalSizeInBytes":3904,"silentlySkippedCount":0,"silentlySkippedDurationMs":0}
[10:41:56.187] INFO: simulator:public-processor Processed 1 successful txs and 0 failed txs (0 silently skipped, 0ms wasted) in 0.04116183299999102s {"blockNumber":4,"successfulCount":1,"failedCount":0,"duration":0.04116183299999102,"rate":191609.54275291192,"totalPublicGas":{"daGas":0,"l2Gas":7887},"totalBlockGas":{"daGas":0,"l2Gas":7887},"totalSizeInBytes":128,"silentlySkippedCount":0,"silentlySkippedDurationMs":0}
[10:41:56.236] INFO: simulator:public-processor Processed 1 successful txs and 0 failed txs (0 silently skipped, 0ms wasted) in 0.009421334000013304s {"blockNumber":4,"successfulCount":1,"failedCount":0,"duration":0.009421334000013304,"rate":845740.104319489,"totalPublicGas":{"daGas":0,"l2Gas":7968},"totalBlockGas":{"daGas":0,"l2Gas":7968},"totalSizeInBytes":128,"silentlySkippedCount":0,"silentlySkippedDurationMs":0}
[10:41:56.278] INFO: simulator:public-processor Processed 1 successful txs and 0 failed txs (0 silently skipped, 0ms wasted) in 0.011417665999993915s {"blockNumber":4,"successfulCount":1,"failedCount":0,"duration":0.011417665999993915,"rate":662394.5734622147,"totalPublicGas":{"daGas":0,"l2Gas":7563},"totalBlockGas":{"daGas":0,"l2Gas":7563},"totalSizeInBytes":128,"silentlySkippedCount":0,"silentlySkippedDurationMs":0}
[10:41:56.318] INFO: simulator:public-processor Processed 1 successful txs and 0 failed txs (0 silently skipped, 0ms wasted) in 0.008738666999997804s {"blockNumber":4,"successfulCount":1,"failedCount":0,"duration":0.008738666999997804,"rate":874732.9541223989,"totalPublicGas":{"daGas":0,"l2Gas":7644},"totalBlockGas":{"daGas":0,"l2Gas":7644},"totalSizeInBytes":128,"silentlySkippedCount":0,"silentlySkippedDurationMs":0}
[10:41:56.352] INFO: simulator:public-processor Processed 1 successful txs and 0 failed txs (0 silently skipped, 0ms wasted) in 0.007864666000008583s {"blockNumber":4,"successfulCount":1,"failedCount":0,"duration":0.007864666000008583,"rate":982241.3310357451,"totalPublicGas":{"daGas":0,"l2Gas":7725},"totalBlockGas":{"daGas":0,"l2Gas":7725},"totalSizeInBytes":128,"silentlySkippedCount":0,"silentlySkippedDurationMs":0}
[10:41:56.390] INFO: simulator:public-processor Processed 1 successful txs and 0 failed txs (0 silently skipped, 0ms wasted) in 0.009249749999988125s {"blockNumber":4,"successfulCount":1,"failedCount":0,"duration":0.009249749999988125,"rate":801102.7325073124,"totalPublicGas":{"daGas":0,"l2Gas":7410},"totalBlockGas":{"daGas":0,"l2Gas":7410},"totalSizeInBytes":128,"silentlySkippedCount":0,"silentlySkippedDurationMs":0}
[10:41:56.424] INFO: simulator:public-processor Processed 1 successful txs and 0 failed txs (0 silently skipped, 0ms wasted) in 0.007150290999998105s {"blockNumber":4,"successfulCount":1,"failedCount":0,"duration":0.007150290999998105,"rate":1081634.2999189892,"totalPublicGas":{"daGas":0,"l2Gas":7734},"totalBlockGas":{"daGas":0,"l2Gas":7734},"totalSizeInBytes":128,"silentlySkippedCount":0,"silentlySkippedDurationMs":0}
[10:41:56.456] INFO: simulator:public-processor Processed 1 successful txs and 0 failed txs (0 silently skipped, 0ms wasted) in 0.006344917000009446s {"blockNumber":4,"successfulCount":1,"failedCount":0,"duration":0.006344917000009446,"rate":1102614.8963003906,"totalPublicGas":{"daGas":0,"l2Gas":6996},"totalBlockGas":{"daGas":0,"l2Gas":6996},"totalSizeInBytes":128,"silentlySkippedCount":0,"silentlySkippedDurationMs":0}
[10:41:56.487] INFO: simulator:public-processor Processed 1 successful txs and 0 failed txs (0 silently skipped, 0ms wasted) in 0.006205541000002995s {"blockNumber":4,"successfulCount":1,"failedCount":0,"duration":0.006205541000002995,"rate":1320755.1122450153,"totalPublicGas":{"daGas":0,"l2Gas":8196},"totalBlockGas":{"daGas":0,"l2Gas":8196},"totalSizeInBytes":128,"silentlySkippedCount":0,"silentlySkippedDurationMs":0}
[billboard_test] Testing test_init_sets_all_parameters ... [0m[32mok[0m
[billboard_test] Testing test_init_sets_empty_policy ... [0m[32mok[0m
[10:41:58.878] INFO: kv-store:lmdb-v2 Starting data store with maxReaders 2
[10:41:58.879] INFO: world-state:database Creating world state data store at directory /var/folders/ym/q1vh2x5n58xbsmpmvs5_6w3r0000gn/T/aztec-world-state-yToQDR/world_state with map sizes {"archiveTreeMapSizeKb":10485760,"nullifierTreeMapSizeKb":10485760,"noteHashTreeMapSizeKb":10485760,"messageTreeMapSizeKb":10485760,"publicDataTreeMapSizeKb":10485760} and 12 threads (ephemeral=true).
[10:41:58.892] INFO: txe_node Aztec Node version: txe
[10:41:58.892] INFO: txe_node Aztec Node started on chain 0x1
[10:41:58.909] INFO: txe:top_level_context Created block 1 with timestamp 1789378918
[10:41:58.954] INFO: txe:top_level_context Created block 2 with timestamp 1789378918
[10:41:59.044] INFO: simulator:public-processor Processed 1 successful txs and 0 failed txs (0 silently skipped, 0ms wasted) in 0.041363959000009345s {"blockNumber":3,"successfulCount":1,"failedCount":0,"duration":0.041363959000009345,"rate":52395975.92676055,"totalPublicGas":{"daGas":3776,"l2Gas":2167305},"totalBlockGas":{"daGas":3776,"l2Gas":2167305},"totalSizeInBytes":3904,"silentlySkippedCount":0,"silentlySkippedDurationMs":0}
[10:41:59.101] INFO: simulator:public-processor Processed 1 successful txs and 0 failed txs (0 silently skipped, 0ms wasted) in 0.010220375000004424s {"blockNumber":4,"successfulCount":1,"failedCount":0,"duration":0.010220375000004424,"rate":11267492.631136348,"totalPublicGas":{"daGas":0,"l2Gas":115158},"totalBlockGas":{"daGas":0,"l2Gas":115158},"totalSizeInBytes":128,"silentlySkippedCount":0,"silentlySkippedDurationMs":0}
[10:42:01.465] INFO: kv-store:lmdb-v2 Starting data store with maxReaders 2
[10:42:01.466] INFO: world-state:database Creating world state data store at directory /var/folders/ym/q1vh2x5n58xbsmpmvs5_6w3r0000gn/T/aztec-world-state-PgknOX/world_state with map sizes {"archiveTreeMapSizeKb":10485760,"nullifierTreeMapSizeKb":10485760,"noteHashTreeMapSizeKb":10485760,"messageTreeMapSizeKb":10485760,"publicDataTreeMapSizeKb":10485760} and 12 threads (ephemeral=true).
[10:42:01.480] INFO: txe_node Aztec Node version: txe
[10:42:01.480] INFO: txe_node Aztec Node started on chain 0x1
[10:42:01.498] INFO: txe:top_level_context Created block 1 with timestamp 1789378921
[10:42:01.558] INFO: txe:top_level_context Created block 2 with timestamp 1789378921
[10:42:01.651] INFO: simulator:public-processor Processed 1 successful txs and 0 failed txs (0 silently skipped, 0ms wasted) in 0.04290562500001397s {"blockNumber":3,"successfulCount":1,"failedCount":0,"duration":0.04290562500001397,"rate":50513306.82164155,"totalPublicGas":{"daGas":3776,"l2Gas":2167305},"totalBlockGas":{"daGas":3776,"l2Gas":2167305},"totalSizeInBytes":3904,"silentlySkippedCount":0,"silentlySkippedDurationMs":0}
[10:42:01.710] INFO: simulator:public-processor Processed 1 successful txs and 0 failed txs (0 silently skipped, 0ms wasted) in 0.01087270899998839s {"blockNumber":4,"successfulCount":1,"failedCount":0,"duration":0.01087270899998839,"rate":10591472.649559826,"totalPublicGas":{"daGas":0,"l2Gas":115158},"totalBlockGas":{"daGas":0,"l2Gas":115158},"totalSizeInBytes":128,"silentlySkippedCount":0,"silentlySkippedDurationMs":0}
[billboard_test] Testing test_init_sets_nonempty_policy ... [0m[32mok[0m
[10:42:04.226] INFO: kv-store:lmdb-v2 Starting data store with maxReaders 2
[10:42:04.227] INFO: world-state:database Creating world state data store at directory /var/folders/ym/q1vh2x5n58xbsmpmvs5_6w3r0000gn/T/aztec-world-state-RdWv4A/world_state with map sizes {"archiveTreeMapSizeKb":10485760,"nullifierTreeMapSizeKb":10485760,"noteHashTreeMapSizeKb":10485760,"messageTreeMapSizeKb":10485760,"publicDataTreeMapSizeKb":10485760} and 12 threads (ephemeral=true).
[10:42:04.240] INFO: txe_node Aztec Node version: txe
[10:42:04.240] INFO: txe_node Aztec Node started on chain 0x1
[10:42:04.257] INFO: txe:top_level_context Created block 1 with timestamp 1789378924
[10:42:04.307] INFO: txe:top_level_context Created block 2 with timestamp 1789378924
[10:42:04.394] INFO: simulator:public-processor Processed 1 successful txs and 0 failed txs (0 silently skipped, 0ms wasted) in 0.038100875000003726s {"blockNumber":3,"successfulCount":1,"failedCount":0,"duration":0.038100875000003726,"rate":56883339.29338337,"totalPublicGas":{"daGas":3776,"l2Gas":2167305},"totalBlockGas":{"daGas":3776,"l2Gas":2167305},"totalSizeInBytes":3904,"silentlySkippedCount":0,"silentlySkippedDurationMs":0}
[10:42:04.435] INFO: txe:top_level_context Created block 4 with timestamp 1789378924
[10:42:04.674] INFO: simulator:public-processor Processed 1 successful txs and 0 failed txs (0 silently skipped, 0ms wasted) in 0.005381708000000799s {"blockNumber":5,"successfulCount":1,"failedCount":0,"duration":0.005381708000000799,"rate":0,"totalPublicGas":{"daGas":0,"l2Gas":0},"totalBlockGas":{"daGas":1984,"l2Gas":529900},"totalSizeInBytes":1984,"silentlySkippedCount":0,"silentlySkippedDurationMs":0}
[10:42:04.715] INFO: txe:top_level_context Created block 6 with timestamp 1789382525
[10:42:05.357] INFO: simulator:public-processor Processed 1 successful txs and 0 failed txs (0 silently skipped, 0ms wasted) in 0.029598374999972293s {"blockNumber":7,"successfulCount":1,"failedCount":0,"duration":0.029598374999972293,"rate":40410968.50759948,"totalPublicGas":{"daGas":2176,"l2Gas":1196099},"totalBlockGas":{"daGas":3552,"l2Gas":1922849},"totalSizeInBytes":3552,"silentlySkippedCount":0,"silentlySkippedDurationMs":0}
[10:42:05.399] INFO: txe:top_level_context Created block 8 with timestamp 1789482525
[10:42:06.066] INFO: simulator:public-processor Processed 1 successful txs and 0 failed txs (0 silently skipped, 0ms wasted) in 0.028241042000008747s {"blockNumber":9,"successfulCount":1,"failedCount":0,"duration":0.028241042000008747,"rate":42353217.70349796,"totalPublicGas":{"daGas":2176,"l2Gas":1196099},"totalBlockGas":{"daGas":3552,"l2Gas":1922849},"totalSizeInBytes":3552,"silentlySkippedCount":0,"silentlySkippedDurationMs":0}
[10:42:06.119] INFO: simulator:public-processor Processed 1 successful txs and 0 failed txs (0 silently skipped, 0ms wasted) in 0.00589087499998277s {"blockNumber":10,"successfulCount":1,"failedCount":0,"duration":0.00589087499998277,"rate":1187599.4652781568,"totalPublicGas":{"daGas":0,"l2Gas":6996},"totalBlockGas":{"daGas":0,"l2Gas":6996},"totalSizeInBytes":128,"silentlySkippedCount":0,"silentlySkippedDurationMs":0}
[10:42:06.137] INFO: txe:top_level_context Created block 10 with timestamp 1789482526
[billboard_test] Testing test_save_up_allows_burst_after_dormancy ... [0m[32mok[0m
[10:42:06.777] INFO: simulator:public-processor Processed 1 successful txs and 0 failed txs (0 silently skipped, 0ms wasted) in 0.028580374999990454s {"blockNumber":11,"successfulCount":1,"failedCount":0,"duration":0.028580374999990454,"rate":41850360.60584927,"totalPublicGas":{"daGas":2176,"l2Gas":1196099},"totalBlockGas":{"daGas":3552,"l2Gas":1922849},"totalSizeInBytes":3552,"silentlySkippedCount":0,"silentlySkippedDurationMs":0}
[10:42:06.831] INFO: simulator:public-processor Processed 1 successful txs and 0 failed txs (0 silently skipped, 0ms wasted) in 0.00603987499998766s {"blockNumber":12,"successfulCount":1,"failedCount":0,"duration":0.00603987499998766,"rate":1158302.117181944,"totalPublicGas":{"daGas":0,"l2Gas":6996},"totalBlockGas":{"daGas":0,"l2Gas":6996},"totalSizeInBytes":128,"silentlySkippedCount":0,"silentlySkippedDurationMs":0}
[10:42:09.365] INFO: kv-store:lmdb-v2 Starting data store with maxReaders 2
[10:42:09.366] INFO: world-state:database Creating world state data store at directory /var/folders/ym/q1vh2x5n58xbsmpmvs5_6w3r0000gn/T/aztec-world-state-ir3Awh/world_state with map sizes {"archiveTreeMapSizeKb":10485760,"nullifierTreeMapSizeKb":10485760,"noteHashTreeMapSizeKb":10485760,"messageTreeMapSizeKb":10485760,"publicDataTreeMapSizeKb":10485760} and 12 threads (ephemeral=true).
[10:42:09.379] INFO: txe_node Aztec Node version: txe
[10:42:09.379] INFO: txe_node Aztec Node started on chain 0x1
[10:42:09.396] INFO: txe:top_level_context Created block 1 with timestamp 1789378929
[10:42:09.446] INFO: txe:top_level_context Created block 2 with timestamp 1789378929
[10:42:09.536] INFO: simulator:public-processor Processed 1 successful txs and 0 failed txs (0 silently skipped, 0ms wasted) in 0.04092245799998637s {"blockNumber":3,"successfulCount":1,"failedCount":0,"duration":0.04092245799998637,"rate":52961261.51563823,"totalPublicGas":{"daGas":3776,"l2Gas":2167305},"totalBlockGas":{"daGas":3776,"l2Gas":2167305},"totalSizeInBytes":3904,"silentlySkippedCount":0,"silentlySkippedDurationMs":0}
[10:42:09.577] INFO: txe:top_level_context Created block 4 with timestamp 1789378929
[10:42:09.832] INFO: simulator:public-processor Processed 1 successful txs and 0 failed txs (0 silently skipped, 0ms wasted) in 0.005411083999992116s {"blockNumber":5,"successfulCount":1,"failedCount":0,"duration":0.005411083999992116,"rate":0,"totalPublicGas":{"daGas":0,"l2Gas":0},"totalBlockGas":{"daGas":1984,"l2Gas":529900},"totalSizeInBytes":1984,"silentlySkippedCount":0,"silentlySkippedDurationMs":0}
[10:42:09.874] INFO: txe:top_level_context Created block 6 with timestamp 1789382530
[10:42:10.549] INFO: simulator:public-processor Processed 1 successful txs and 0 failed txs (0 silently skipped, 0ms wasted) in 0.030298666999995477s {"blockNumber":7,"successfulCount":1,"failedCount":0,"duration":0.030298666999995477,"rate":39476951.246738955,"totalPublicGas":{"daGas":2176,"l2Gas":1196099},"totalBlockGas":{"daGas":3552,"l2Gas":1922849},"totalSizeInBytes":3552,"silentlySkippedCount":0,"silentlySkippedDurationMs":0}
[10:42:10.592] INFO: txe:top_level_context Created block 8 with timestamp 1789482530
[10:42:10.621] INFO: txe:top_level_context Created block 9 with timestamp 1789482530
[10:42:11.295] INFO: simulator:public-processor Processed 1 successful txs and 0 failed txs (0 silently skipped, 0ms wasted) in 0.029187416000000667s {"blockNumber":10,"successfulCount":1,"failedCount":0,"duration":0.029187416000000667,"rate":40979955.19712923,"totalPublicGas":{"daGas":2176,"l2Gas":1196099},"totalBlockGas":{"daGas":3552,"l2Gas":1922849},"totalSizeInBytes":3552,"silentlySkippedCount":0,"silentlySkippedDurationMs":0}
[10:42:11.336] INFO: txe:top_level_context Created block 11 with timestamp 1789482531
[10:42:12.008] INFO: simulator:public-processor Processed 1 successful txs and 0 failed txs (0 silently skipped, 0ms wasted) in 0.030265916000003928s {"blockNumber":12,"successfulCount":1,"failedCount":0,"duration":0.030265916000003928,"rate":39519669.58475153,"totalPublicGas":{"daGas":2176,"l2Gas":1196099},"totalBlockGas":{"daGas":3552,"l2Gas":1922849},"totalSizeInBytes":3552,"silentlySkippedCount":0,"silentlySkippedDurationMs":0}
[10:42:12.051] INFO: txe:top_level_context Created block 13 with timestamp 1789482532
[10:42:12.707] INFO: simulator:public-processor Processed 1 successful txs and 0 failed txs (0 silently skipped, 0ms wasted) in 0.029899291999987327s {"blockNumber":14,"successfulCount":1,"failedCount":0,"duration":0.029899291999987327,"rate":40004258.29482875,"totalPublicGas":{"daGas":2176,"l2Gas":1196099},"totalBlockGas":{"daGas":3552,"l2Gas":1922849},"totalSizeInBytes":3552,"silentlySkippedCount":0,"silentlySkippedDurationMs":0}
[10:42:12.749] INFO: txe:top_level_context Created block 15 with timestamp 1789482533
[10:42:13.409] INFO: simulator:public-processor Processed 1 successful txs and 0 failed txs (0 silently skipped, 0ms wasted) in 0.02910837500001071s {"blockNumber":16,"successfulCount":1,"failedCount":0,"duration":0.02910837500001071,"rate":41091232.33432165,"totalPublicGas":{"daGas":2176,"l2Gas":1196099},"totalBlockGas":{"daGas":3552,"l2Gas":1922849},"totalSizeInBytes":3552,"silentlySkippedCount":0,"silentlySkippedDurationMs":0}
[10:42:13.450] INFO: txe:top_level_context Created block 17 with timestamp 1789482534
[10:42:14.110] INFO: simulator:public-processor Processed 1 successful txs and 0 failed txs (0 silently skipped, 0ms wasted) in 0.02904541699998663s {"blockNumber":18,"successfulCount":1,"failedCount":0,"duration":0.02904541699998663,"rate":41180300.49286435,"totalPublicGas":{"daGas":2176,"l2Gas":1196099},"totalBlockGas":{"daGas":3552,"l2Gas":1922849},"totalSizeInBytes":3552,"silentlySkippedCount":0,"silentlySkippedDurationMs":0}
[10:42:14.152] INFO: txe:top_level_context Created block 19 with timestamp 1789482535
[10:42:14.823] INFO: simulator:public-processor Processed 1 successful txs and 0 failed txs (0 silently skipped, 0ms wasted) in 0.02944949999998789s {"blockNumber":20,"successfulCount":1,"failedCount":0,"duration":0.02944949999998789,"rate":40615256.62576586,"totalPublicGas":{"daGas":2176,"l2Gas":1196099},"totalBlockGas":{"daGas":3552,"l2Gas":1922849},"totalSizeInBytes":3552,"silentlySkippedCount":0,"silentlySkippedDurationMs":0}
[10:42:14.864] INFO: txe:top_level_context Created block 21 with timestamp 1789482536
[10:42:15.524] INFO: simulator:public-processor Processed 1 successful txs and 0 failed txs (0 silently skipped, 0ms wasted) in 0.02924100000000908s {"blockNumber":22,"successfulCount":1,"failedCount":0,"duration":0.02924100000000908,"rate":40904859.61491155,"totalPublicGas":{"daGas":2176,"l2Gas":1196099},"totalBlockGas":{"daGas":3552,"l2Gas":1922849},"totalSizeInBytes":3552,"silentlySkippedCount":0,"silentlySkippedDurationMs":0}
[10:42:15.565] INFO: txe:top_level_context Created block 23 with timestamp 1789482537
[10:42:16.234] INFO: simulator:public-processor Processed 1 successful txs and 0 failed txs (0 silently skipped, 0ms wasted) in 0.029220041999971726s {"blockNumber":24,"successfulCount":1,"failedCount":0,"duration":0.029220041999971726,"rate":40934198.52035659,"totalPublicGas":{"daGas":2176,"l2Gas":1196099},"totalBlockGas":{"daGas":3552,"l2Gas":1922849},"totalSizeInBytes":3552,"silentlySkippedCount":0,"silentlySkippedDurationMs":0}
[10:42:16.276] INFO: txe:top_level_context Created block 25 with timestamp 1789482538
[10:42:16.934] INFO: simulator:public-processor Processed 1 successful txs and 0 failed txs (0 silently skipped, 0ms wasted) in 0.029217833000002427s {"blockNumber":26,"successfulCount":1,"failedCount":0,"duration":0.029217833000002427,"rate":40937293.330408886,"totalPublicGas":{"daGas":2176,"l2Gas":1196099},"totalBlockGas":{"daGas":3552,"l2Gas":1922849},"totalSizeInBytes":3552,"silentlySkippedCount":0,"silentlySkippedDurationMs":0}
[10:42:16.976] INFO: txe:top_level_context Created block 27 with timestamp 1789482539
[10:42:17.638] INFO: simulator:public-processor Processed 1 successful txs and 0 failed txs (0 silently skipped, 0ms wasted) in 0.029981666000006953s {"blockNumber":28,"successfulCount":1,"failedCount":0,"duration":0.029981666000006953,"rate":39894347.43218481,"totalPublicGas":{"daGas":2176,"l2Gas":1196099},"totalBlockGas":{"daGas":3552,"l2Gas":1922849},"totalSizeInBytes":3552,"silentlySkippedCount":0,"silentlySkippedDurationMs":0}
[10:42:17.681] INFO: txe:top_level_context Created block 29 with timestamp 1789482540
[10:42:18.353] INFO: simulator:public-processor Processed 1 successful txs and 0 failed txs (0 silently skipped, 0ms wasted) in 0.03166800000000512s {"blockNumber":30,"successfulCount":1,"failedCount":0,"duration":0.03166800000000512,"rate":37769957.0544337,"totalPublicGas":{"daGas":2176,"l2Gas":1196099},"totalBlockGas":{"daGas":3552,"l2Gas":1922849},"totalSizeInBytes":3552,"silentlySkippedCount":0,"silentlySkippedDurationMs":0}
[10:42:18.396] INFO: txe:top_level_context Created block 31 with timestamp 1789482541
[10:42:19.065] INFO: simulator:public-processor Processed 1 successful txs and 0 failed txs (0 silently skipped, 0ms wasted) in 0.02991104200002155s {"blockNumber":32,"successfulCount":1,"failedCount":0,"duration":0.02991104200002155,"rate":39988543.3613158,"totalPublicGas":{"daGas":2176,"l2Gas":1196099},"totalBlockGas":{"daGas":3552,"l2Gas":1922849},"totalSizeInBytes":3552,"silentlySkippedCount":0,"silentlySkippedDurationMs":0}
[10:42:19.107] INFO: txe:top_level_context Created block 33 with timestamp 1789482542
[10:42:19.793] INFO: simulator:public-processor Processed 1 successful txs and 0 failed txs (0 silently skipped, 0ms wasted) in 0.02975037500000326s {"blockNumber":34,"successfulCount":1,"failedCount":0,"duration":0.02975037500000326,"rate":40204501.6239247,"totalPublicGas":{"daGas":2176,"l2Gas":1196099},"totalBlockGas":{"daGas":3552,"l2Gas":1922849},"totalSizeInBytes":3552,"silentlySkippedCount":0,"silentlySkippedDurationMs":0}
[10:42:19.835] INFO: txe:top_level_context Created block 35 with timestamp 1789482543
[10:42:20.495] INFO: simulator:public-processor Processed 1 successful txs and 0 failed txs (0 silently skipped, 0ms wasted) in 0.02919479200002388s {"blockNumber":36,"successfulCount":1,"failedCount":0,"duration":0.02919479200002388,"rate":40969601.70153025,"totalPublicGas":{"daGas":2176,"l2Gas":1196099},"totalBlockGas":{"daGas":3552,"l2Gas":1922849},"totalSizeInBytes":3552,"silentlySkippedCount":0,"silentlySkippedDurationMs":0}
[10:42:20.537] INFO: txe:top_level_context Created block 37 with timestamp 1789482544
[10:42:21.213] INFO: simulator:public-processor Processed 1 successful txs and 0 failed txs (0 silently skipped, 0ms wasted) in 0.02966879200001131s {"blockNumber":38,"successfulCount":1,"failedCount":0,"duration":0.02966879200001131,"rate":40315055.63150478,"totalPublicGas":{"daGas":2176,"l2Gas":1196099},"totalBlockGas":{"daGas":3552,"l2Gas":1922849},"totalSizeInBytes":3552,"silentlySkippedCount":0,"silentlySkippedDurationMs":0}
[10:42:21.255] INFO: txe:top_level_context Created block 39 with timestamp 1789482545
[10:42:21.942] INFO: simulator:public-processor Processed 1 successful txs and 0 failed txs (0 silently skipped, 0ms wasted) in 0.03071041699999478s {"blockNumber":40,"successfulCount":1,"failedCount":0,"duration":0.03071041699999478,"rate":38947663.91482744,"totalPublicGas":{"daGas":2176,"l2Gas":1196099},"totalBlockGas":{"daGas":3552,"l2Gas":1922849},"totalSizeInBytes":3552,"silentlySkippedCount":0,"silentlySkippedDurationMs":0}
[10:42:21.984] INFO: txe:top_level_context Created block 41 with timestamp 1789482546
[10:42:22.645] INFO: simulator:public-processor Processed 1 successful txs and 0 failed txs (0 silently skipped, 0ms wasted) in 0.03052633299998706s {"blockNumber":42,"successfulCount":1,"failedCount":0,"duration":0.03052633299998706,"rate":39182531.35745151,"totalPublicGas":{"daGas":2176,"l2Gas":1196099},"totalBlockGas":{"daGas":3552,"l2Gas":1922849},"totalSizeInBytes":3552,"silentlySkippedCount":0,"silentlySkippedDurationMs":0}
[10:42:22.688] INFO: txe:top_level_context Created block 43 with timestamp 1789482547
[billboard_test] Testing test_save_up_prevents_excessive_burst ... [0m[32mok[0m
[10:42:25.606] INFO: kv-store:lmdb-v2 Starting data store with maxReaders 2
[10:42:25.607] INFO: world-state:database Creating world state data store at directory /var/folders/ym/q1vh2x5n58xbsmpmvs5_6w3r0000gn/T/aztec-world-state-945HWu/world_state with map sizes {"archiveTreeMapSizeKb":10485760,"nullifierTreeMapSizeKb":10485760,"noteHashTreeMapSizeKb":10485760,"messageTreeMapSizeKb":10485760,"publicDataTreeMapSizeKb":10485760} and 12 threads (ephemeral=true).
[10:42:25.620] INFO: txe_node Aztec Node version: txe
[10:42:25.620] INFO: txe_node Aztec Node started on chain 0x1
[10:42:25.637] INFO: txe:top_level_context Created block 1 with timestamp 1789378945
[10:42:25.682] INFO: txe:top_level_context Created block 2 with timestamp 1789378945
[10:42:25.773] INFO: simulator:public-processor Processed 1 successful txs and 0 failed txs (0 silently skipped, 0ms wasted) in 0.04181462499999907s {"blockNumber":3,"successfulCount":1,"failedCount":0,"duration":0.04181462499999907,"rate":51831267.170279495,"totalPublicGas":{"daGas":3776,"l2Gas":2167305},"totalBlockGas":{"daGas":3776,"l2Gas":2167305},"totalSizeInBytes":3904,"silentlySkippedCount":0,"silentlySkippedDurationMs":0}
[10:42:25.853] INFO: simulator:public-processor Processed 1 successful txs and 0 failed txs (0 silently skipped, 0ms wasted) in 0.033270707999996374s {"blockNumber":4,"successfulCount":1,"failedCount":0,"duration":0.033270707999996374,"rate":51720690.76498725,"totalPublicGas":{"daGas":3136,"l2Gas":1720784},"totalBlockGas":{"daGas":3136,"l2Gas":1720784},"totalSizeInBytes":3264,"silentlySkippedCount":0,"silentlySkippedDurationMs":0}
[10:42:25.909] INFO: simulator:public-processor Processed 1 successful txs and 0 failed txs (0 silently skipped, 0ms wasted) in 0.010293915999995079s {"blockNumber":5,"successfulCount":1,"failedCount":0,"duration":0.010293915999995079,"rate":11186996.280138196,"totalPublicGas":{"daGas":0,"l2Gas":115158},"totalBlockGas":{"daGas":0,"l2Gas":115158},"totalSizeInBytes":128,"silentlySkippedCount":0,"silentlySkippedDurationMs":0}
[billboard_test] Testing test_set_moderation_policy_by_censor ... [0m[32mok[0m
[billboard_test] Testing test_set_moderation_policy_fails_when_no_censor ... [0m[32mok[0m
[10:42:28.242] INFO: kv-store:lmdb-v2 Starting data store with maxReaders 2
[10:42:28.243] INFO: world-state:database Creating world state data store at directory /var/folders/ym/q1vh2x5n58xbsmpmvs5_6w3r0000gn/T/aztec-world-state-PmUjZk/world_state with map sizes {"archiveTreeMapSizeKb":10485760,"nullifierTreeMapSizeKb":10485760,"noteHashTreeMapSizeKb":10485760,"messageTreeMapSizeKb":10485760,"publicDataTreeMapSizeKb":10485760} and 12 threads (ephemeral=true).
[10:42:28.256] INFO: txe_node Aztec Node version: txe
[10:42:28.256] INFO: txe_node Aztec Node started on chain 0x1
[10:42:28.274] INFO: txe:top_level_context Created block 1 with timestamp 1789378948
[10:42:28.321] INFO: txe:top_level_context Created block 2 with timestamp 1789378948
[10:42:28.419] INFO: simulator:public-processor Processed 1 successful txs and 0 failed txs (0 silently skipped, 0ms wasted) in 0.044223832999996375s {"blockNumber":3,"successfulCount":1,"failedCount":0,"duration":0.044223832999996375,"rate":49007624.463491835,"totalPublicGas":{"daGas":3776,"l2Gas":2167305},"totalBlockGas":{"daGas":3776,"l2Gas":2167305},"totalSizeInBytes":3904,"silentlySkippedCount":0,"silentlySkippedDurationMs":0}
[10:42:28.481] INFO: simulator:public-processor Processed 1 successful txs and 0 failed txs (0 silently skipped, 0ms wasted) in 0.007633124999993015s {"blockNumber":4,"successfulCount":1,"failedCount":0,"duration":0.007633124999993015,"rate":5351805.453210498,"totalPublicGas":{"daGas":0,"l2Gas":40851},"totalBlockGas":{"daGas":0,"l2Gas":40851},"totalSizeInBytes":128,"silentlySkippedCount":0,"silentlySkippedDurationMs":0}
[10:42:28.486] WARN: txe:top_level_context Could not find function artifact in contract Billboard for function '0xca42e93e' when enriching error callstack
[10:42:30.825] INFO: kv-store:lmdb-v2 Starting data store with maxReaders 2
[10:42:30.826] INFO: world-state:database Creating world state data store at directory /var/folders/ym/q1vh2x5n58xbsmpmvs5_6w3r0000gn/T/aztec-world-state-6SuLRT/world_state with map sizes {"archiveTreeMapSizeKb":10485760,"nullifierTreeMapSizeKb":10485760,"noteHashTreeMapSizeKb":10485760,"messageTreeMapSizeKb":10485760,"publicDataTreeMapSizeKb":10485760} and 12 threads (ephemeral=true).
[10:42:30.839] INFO: txe_node Aztec Node version: txe
[10:42:30.839] INFO: txe_node Aztec Node started on chain 0x1
[10:42:30.857] INFO: txe:top_level_context Created block 1 with timestamp 1789378950
[10:42:30.904] INFO: txe:top_level_context Created block 2 with timestamp 1789378950
[10:42:30.995] INFO: simulator:public-processor Processed 1 successful txs and 0 failed txs (0 silently skipped, 0ms wasted) in 0.04113808400000562s {"blockNumber":3,"successfulCount":1,"failedCount":0,"duration":0.04113808400000562,"rate":52683664.120081626,"totalPublicGas":{"daGas":3776,"l2Gas":2167305},"totalBlockGas":{"daGas":3776,"l2Gas":2167305},"totalSizeInBytes":3904,"silentlySkippedCount":0,"silentlySkippedDurationMs":0}
[10:42:31.053] INFO: simulator:public-processor Processed 1 successful txs and 0 failed txs (0 silently skipped, 0ms wasted) in 0.007128250000008848s {"blockNumber":4,"successfulCount":1,"failedCount":0,"duration":0.007128250000008848,"rate":5730859.607891038,"totalPublicGas":{"daGas":0,"l2Gas":40851},"totalBlockGas":{"daGas":0,"l2Gas":40851},"totalSizeInBytes":128,"silentlySkippedCount":0,"silentlySkippedDurationMs":0}
[10:42:31.057] WARN: txe:top_level_context Could not find function artifact in contract Billboard for function '0xca42e93e' when enriching error callstack
[billboard_test] Testing test_set_moderation_policy_rejects_non_censor ... [0m[32mok[0m
[billboard_test] Testing test_set_moderation_policy_rejects_too_long ... [0m[32mok[0m
[10:42:33.404] INFO: kv-store:lmdb-v2 Starting data store with maxReaders 2
[10:42:33.404] INFO: world-state:database Creating world state data store at directory /var/folders/ym/q1vh2x5n58xbsmpmvs5_6w3r0000gn/T/aztec-world-state-MCsEsh/world_state with map sizes {"archiveTreeMapSizeKb":10485760,"nullifierTreeMapSizeKb":10485760,"noteHashTreeMapSizeKb":10485760,"messageTreeMapSizeKb":10485760,"publicDataTreeMapSizeKb":10485760} and 12 threads (ephemeral=true).
[10:42:33.417] INFO: txe_node Aztec Node version: txe
[10:42:33.417] INFO: txe_node Aztec Node started on chain 0x1
[10:42:33.435] INFO: txe:top_level_context Created block 1 with timestamp 1789378953
[10:42:33.480] INFO: txe:top_level_context Created block 2 with timestamp 1789378953
[10:42:33.573] INFO: simulator:public-processor Processed 1 successful txs and 0 failed txs (0 silently skipped, 0ms wasted) in 0.04303825000001234s {"blockNumber":3,"successfulCount":1,"failedCount":0,"duration":0.04303825000001234,"rate":50357646.9768027,"totalPublicGas":{"daGas":3776,"l2Gas":2167305},"totalBlockGas":{"daGas":3776,"l2Gas":2167305},"totalSizeInBytes":3904,"silentlySkippedCount":0,"silentlySkippedDurationMs":0}
[10:42:33.628] INFO: simulator:public-processor Processed 1 successful txs and 0 failed txs (0 silently skipped, 0ms wasted) in 0.007132167000003392s {"blockNumber":4,"successfulCount":1,"failedCount":0,"duration":0.007132167000003392,"rate":5740331.094319655,"totalPublicGas":{"daGas":0,"l2Gas":40941},"totalBlockGas":{"daGas":0,"l2Gas":40941},"totalSizeInBytes":128,"silentlySkippedCount":0,"silentlySkippedDurationMs":0}
[10:42:33.630] WARN: txe:top_level_context Could not find function artifact in contract Billboard for function '0xca42e93e' when enriching error callstack
[10:42:36.017] INFO: kv-store:lmdb-v2 Starting data store with maxReaders 2
[10:42:36.018] INFO: world-state:database Creating world state data store at directory /var/folders/ym/q1vh2x5n58xbsmpmvs5_6w3r0000gn/T/aztec-world-state-EDeeKZ/world_state with map sizes {"archiveTreeMapSizeKb":10485760,"nullifierTreeMapSizeKb":10485760,"noteHashTreeMapSizeKb":10485760,"messageTreeMapSizeKb":10485760,"publicDataTreeMapSizeKb":10485760} and 12 threads (ephemeral=true).
[10:42:36.031] INFO: txe_node Aztec Node version: txe
[10:42:36.031] INFO: txe_node Aztec Node started on chain 0x1
[10:42:36.048] INFO: txe:top_level_context Created block 1 with timestamp 1789378956
[10:42:36.089] INFO: txe:top_level_context Created block 2 with timestamp 1789378956
[10:42:36.183] INFO: simulator:public-processor Processed 1 successful txs and 0 failed txs (0 silently skipped, 0ms wasted) in 0.044141582999989624s {"blockNumber":3,"successfulCount":1,"failedCount":0,"duration":0.044141582999989624,"rate":49098941.46751623,"totalPublicGas":{"daGas":3776,"l2Gas":2167305},"totalBlockGas":{"daGas":3776,"l2Gas":2167305},"totalSizeInBytes":3904,"silentlySkippedCount":0,"silentlySkippedDurationMs":0}
[10:42:36.243] INFO: simulator:public-processor Processed 1 successful txs and 0 failed txs (0 silently skipped, 0ms wasted) in 0.007016291999985697s {"blockNumber":4,"successfulCount":1,"failedCount":0,"duration":0.007016291999985697,"rate":903468.6697778432,"totalPublicGas":{"daGas":0,"l2Gas":6339},"totalBlockGas":{"daGas":0,"l2Gas":6339},"totalSizeInBytes":128,"silentlySkippedCount":0,"silentlySkippedDurationMs":0}
[10:42:36.245] WARN: txe:top_level_context Could not find function artifact in contract Billboard for function '0xb6932320' when enriching error callstack
[billboard_test] Testing test_transfer_censor_fails_when_no_censor ... [0m[32mok[0m
[billboard_test] Testing test_transfer_censor_old_censor_loses_rights ... [0m[32mok[0m
[10:42:38.598] INFO: kv-store:lmdb-v2 Starting data store with maxReaders 2
[10:42:38.599] INFO: world-state:database Creating world state data store at directory /var/folders/ym/q1vh2x5n58xbsmpmvs5_6w3r0000gn/T/aztec-world-state-9e87Sh/world_state with map sizes {"archiveTreeMapSizeKb":10485760,"nullifierTreeMapSizeKb":10485760,"noteHashTreeMapSizeKb":10485760,"messageTreeMapSizeKb":10485760,"publicDataTreeMapSizeKb":10485760} and 12 threads (ephemeral=true).
[10:42:38.612] INFO: txe_node Aztec Node version: txe
[10:42:38.612] INFO: txe_node Aztec Node started on chain 0x1
[10:42:38.629] INFO: txe:top_level_context Created block 1 with timestamp 1789378958
[10:42:38.675] INFO: txe:top_level_context Created block 2 with timestamp 1789378958
[10:42:38.766] INFO: simulator:public-processor Processed 1 successful txs and 0 failed txs (0 silently skipped, 0ms wasted) in 0.041621208000025944s {"blockNumber":3,"successfulCount":1,"failedCount":0,"duration":0.041621208000025944,"rate":52072131.11158737,"totalPublicGas":{"daGas":3776,"l2Gas":2167305},"totalBlockGas":{"daGas":3776,"l2Gas":2167305},"totalSizeInBytes":3904,"silentlySkippedCount":0,"silentlySkippedDurationMs":0}
[10:42:38.829] INFO: simulator:public-processor Processed 1 successful txs and 0 failed txs (0 silently skipped, 0ms wasted) in 0.007405125000019325s {"blockNumber":4,"successfulCount":1,"failedCount":0,"duration":0.007405125000019325,"rate":5359666.447210064,"totalPublicGas":{"daGas":64,"l2Gas":39689},"totalBlockGas":{"daGas":64,"l2Gas":39689},"totalSizeInBytes":192,"silentlySkippedCount":0,"silentlySkippedDurationMs":0}
[10:42:38.882] INFO: simulator:public-processor Processed 1 successful txs and 0 failed txs (0 silently skipped, 0ms wasted) in 0.0064546250000130385s {"blockNumber":5,"successfulCount":1,"failedCount":0,"duration":0.0064546250000130385,"rate":982086.4883687581,"totalPublicGas":{"daGas":0,"l2Gas":6339},"totalBlockGas":{"daGas":0,"l2Gas":6339},"totalSizeInBytes":128,"silentlySkippedCount":0,"silentlySkippedDurationMs":0}
[10:42:38.884] WARN: txe:top_level_context Could not find function artifact in contract Billboard for function '0xb6932320' when enriching error callstack
[10:42:41.298] INFO: kv-store:lmdb-v2 Starting data store with maxReaders 2
[10:42:41.298] INFO: world-state:database Creating world state data store at directory /var/folders/ym/q1vh2x5n58xbsmpmvs5_6w3r0000gn/T/aztec-world-state-dzSn3R/world_state with map sizes {"archiveTreeMapSizeKb":10485760,"nullifierTreeMapSizeKb":10485760,"noteHashTreeMapSizeKb":10485760,"messageTreeMapSizeKb":10485760,"publicDataTreeMapSizeKb":10485760} and 12 threads (ephemeral=true).
[10:42:41.311] INFO: txe_node Aztec Node version: txe
[10:42:41.311] INFO: txe_node Aztec Node started on chain 0x1
[10:42:41.329] INFO: txe:top_level_context Created block 1 with timestamp 1789378961
[10:42:41.374] INFO: txe:top_level_context Created block 2 with timestamp 1789378961
[10:42:41.467] INFO: simulator:public-processor Processed 1 successful txs and 0 failed txs (0 silently skipped, 0ms wasted) in 0.04284866700001294s {"blockNumber":3,"successfulCount":1,"failedCount":0,"duration":0.04284866700001294,"rate":50580453.296233125,"totalPublicGas":{"daGas":3776,"l2Gas":2167305},"totalBlockGas":{"daGas":3776,"l2Gas":2167305},"totalSizeInBytes":3904,"silentlySkippedCount":0,"silentlySkippedDurationMs":0}
[10:42:41.531] INFO: simulator:public-processor Processed 1 successful txs and 0 failed txs (0 silently skipped, 0ms wasted) in 0.006561750000022584s {"blockNumber":4,"successfulCount":1,"failedCount":0,"duration":0.006561750000022584,"rate":966053.2632267585,"totalPublicGas":{"daGas":0,"l2Gas":6339},"totalBlockGas":{"daGas":0,"l2Gas":6339},"totalSizeInBytes":128,"silentlySkippedCount":0,"silentlySkippedDurationMs":0}
[10:42:41.532] WARN: txe:top_level_context Could not find function artifact in contract Billboard for function '0xb6932320' when enriching error callstack
[billboard_test] Testing test_transfer_censor_rejects_non_censor ... [0m[32mok[0m
[billboard_test] Testing test_transfer_censor_rejects_zero_address ... [0m[32mok[0m
[10:42:43.872] INFO: kv-store:lmdb-v2 Starting data store with maxReaders 2
[10:42:43.873] INFO: world-state:database Creating world state data store at directory /var/folders/ym/q1vh2x5n58xbsmpmvs5_6w3r0000gn/T/aztec-world-state-M197Ap/world_state with map sizes {"archiveTreeMapSizeKb":10485760,"nullifierTreeMapSizeKb":10485760,"noteHashTreeMapSizeKb":10485760,"messageTreeMapSizeKb":10485760,"publicDataTreeMapSizeKb":10485760} and 12 threads (ephemeral=true).
[10:42:43.886] INFO: txe_node Aztec Node version: txe
[10:42:43.886] INFO: txe_node Aztec Node started on chain 0x1
[10:42:43.904] INFO: txe:top_level_context Created block 1 with timestamp 1789378963
[10:42:43.949] INFO: txe:top_level_context Created block 2 with timestamp 1789378963
[10:42:44.039] INFO: simulator:public-processor Processed 1 successful txs and 0 failed txs (0 silently skipped, 0ms wasted) in 0.04121933300001547s {"blockNumber":3,"successfulCount":1,"failedCount":0,"duration":0.04121933300001547,"rate":52579817.339576714,"totalPublicGas":{"daGas":3776,"l2Gas":2167305},"totalBlockGas":{"daGas":3776,"l2Gas":2167305},"totalSizeInBytes":3904,"silentlySkippedCount":0,"silentlySkippedDurationMs":0}
[10:42:44.091] INFO: simulator:public-processor Processed 1 successful txs and 0 failed txs (0 silently skipped, 0ms wasted) in 0.006274334000016097s {"blockNumber":4,"successfulCount":1,"failedCount":0,"duration":0.006274334000016097,"rate":1019869.200457544,"totalPublicGas":{"daGas":0,"l2Gas":6399},"totalBlockGas":{"daGas":0,"l2Gas":6399},"totalSizeInBytes":128,"silentlySkippedCount":0,"silentlySkippedDurationMs":0}
[10:42:44.093] WARN: txe:top_level_context Could not find function artifact in contract Billboard for function '0xb6932320' when enriching error callstack
[10:42:46.453] INFO: kv-store:lmdb-v2 Starting data store with maxReaders 2
[10:42:46.454] INFO: world-state:database Creating world state data store at directory /var/folders/ym/q1vh2x5n58xbsmpmvs5_6w3r0000gn/T/aztec-world-state-XczbJ4/world_state with map sizes {"archiveTreeMapSizeKb":10485760,"nullifierTreeMapSizeKb":10485760,"noteHashTreeMapSizeKb":10485760,"messageTreeMapSizeKb":10485760,"publicDataTreeMapSizeKb":10485760} and 12 threads (ephemeral=true).
[10:42:46.467] INFO: txe_node Aztec Node version: txe
[10:42:46.467] INFO: txe_node Aztec Node started on chain 0x1
[10:42:46.484] INFO: txe:top_level_context Created block 1 with timestamp 1789378966
[10:42:46.529] INFO: txe:top_level_context Created block 2 with timestamp 1789378966
[10:42:46.625] INFO: simulator:public-processor Processed 1 successful txs and 0 failed txs (0 silently skipped, 0ms wasted) in 0.04184075000000303s {"blockNumber":3,"successfulCount":1,"failedCount":0,"duration":0.04184075000000303,"rate":51798904.17833913,"totalPublicGas":{"daGas":3776,"l2Gas":2167305},"totalBlockGas":{"daGas":3776,"l2Gas":2167305},"totalSizeInBytes":3904,"silentlySkippedCount":0,"silentlySkippedDurationMs":0}
[10:42:46.683] INFO: simulator:public-processor Processed 1 successful txs and 0 failed txs (0 silently skipped, 0ms wasted) in 0.00674962499999674s {"blockNumber":4,"successfulCount":1,"failedCount":0,"duration":0.00674962499999674,"rate":5880178.528439605,"totalPublicGas":{"daGas":64,"l2Gas":39689},"totalBlockGas":{"daGas":64,"l2Gas":39689},"totalSizeInBytes":192,"silentlySkippedCount":0,"silentlySkippedDurationMs":0}
[10:42:46.734] INFO: simulator:public-processor Processed 1 successful txs and 0 failed txs (0 silently skipped, 0ms wasted) in 0.005958582999999635s {"blockNumber":5,"successfulCount":1,"failedCount":0,"duration":0.005958582999999635,"rate":1243584.2548472437,"totalPublicGas":{"daGas":0,"l2Gas":7410},"totalBlockGas":{"daGas":0,"l2Gas":7410},"totalSizeInBytes":128,"silentlySkippedCount":0,"silentlySkippedDurationMs":0}
[billboard_test] Testing test_transfer_censor_success ... [0m[32mok[0m
[billboard_test] Testing test_withdraw_msg_hash_deterministic ... [0m[32mok[0m
[billboard_test] Testing test_withdraw_msg_hash_differs_from_deposit_hash ... [0m[32mok[0m
[billboard_test] Testing test_withdraw_no_posts_too_early ... [0m[32mok[0m
[10:42:53.938] INFO: kv-store:lmdb-v2 Starting data store with maxReaders 2
[10:42:53.939] INFO: world-state:database Creating world state data store at directory /var/folders/ym/q1vh2x5n58xbsmpmvs5_6w3r0000gn/T/aztec-world-state-DGRP8Z/world_state with map sizes {"archiveTreeMapSizeKb":10485760,"nullifierTreeMapSizeKb":10485760,"noteHashTreeMapSizeKb":10485760,"messageTreeMapSizeKb":10485760,"publicDataTreeMapSizeKb":10485760} and 12 threads (ephemeral=true).
[10:42:53.953] INFO: txe_node Aztec Node version: txe
[10:42:53.953] INFO: txe_node Aztec Node started on chain 0x1
[10:42:53.971] INFO: txe:top_level_context Created block 1 with timestamp 1789378973
[10:42:54.023] INFO: txe:top_level_context Created block 2 with timestamp 1789378973
[10:42:54.114] INFO: simulator:public-processor Processed 1 successful txs and 0 failed txs (0 silently skipped, 0ms wasted) in 0.04164370800001779s {"blockNumber":3,"successfulCount":1,"failedCount":0,"duration":0.04164370800001779,"rate":52043996.65848858,"totalPublicGas":{"daGas":3776,"l2Gas":2167305},"totalBlockGas":{"daGas":3776,"l2Gas":2167305},"totalSizeInBytes":3904,"silentlySkippedCount":0,"silentlySkippedDurationMs":0}
[10:42:54.156] INFO: txe:top_level_context Created block 4 with timestamp 1789378973
[10:42:54.409] INFO: simulator:public-processor Processed 1 successful txs and 0 failed txs (0 silently skipped, 0ms wasted) in 0.005211999999999535s {"blockNumber":5,"successfulCount":1,"failedCount":0,"duration":0.005211999999999535,"rate":0,"totalPublicGas":{"daGas":0,"l2Gas":0},"totalBlockGas":{"daGas":1984,"l2Gas":529900},"totalSizeInBytes":1984,"silentlySkippedCount":0,"silentlySkippedDurationMs":0}
[10:42:54.451] INFO: txe:top_level_context Created block 6 with timestamp 1789379073
[10:42:57.060] INFO: kv-store:lmdb-v2 Starting data store with maxReaders 2
[10:42:57.061] INFO: world-state:database Creating world state data store at directory /var/folders/ym/q1vh2x5n58xbsmpmvs5_6w3r0000gn/T/aztec-world-state-oSRcoS/world_state with map sizes {"archiveTreeMapSizeKb":10485760,"nullifierTreeMapSizeKb":10485760,"noteHashTreeMapSizeKb":10485760,"messageTreeMapSizeKb":10485760,"publicDataTreeMapSizeKb":10485760} and 12 threads (ephemeral=true).
[10:42:57.074] INFO: txe_node Aztec Node version: txe
[10:42:57.074] INFO: txe_node Aztec Node started on chain 0x1
[10:42:57.091] INFO: txe:top_level_context Created block 1 with timestamp 1789378977
[10:42:57.143] INFO: txe:top_level_context Created block 2 with timestamp 1789378977
[10:42:57.237] INFO: simulator:public-processor Processed 1 successful txs and 0 failed txs (0 silently skipped, 0ms wasted) in 0.04102229199997964s {"blockNumber":3,"successfulCount":1,"failedCount":0,"duration":0.04102229199997964,"rate":52832372.21365095,"totalPublicGas":{"daGas":3776,"l2Gas":2167305},"totalBlockGas":{"daGas":3776,"l2Gas":2167305},"totalSizeInBytes":3904,"silentlySkippedCount":0,"silentlySkippedDurationMs":0}
[10:42:57.429] INFO: simulator:public-processor Processed 1 successful txs and 0 failed txs (0 silently skipped, 0ms wasted) in 0.007656209000007948s {"blockNumber":4,"successfulCount":1,"failedCount":0,"duration":0.007656209000007948,"rate":9135461.166215211,"totalPublicGas":{"daGas":128,"l2Gas":69943},"totalBlockGas":{"daGas":256,"l2Gas":660743},"totalSizeInBytes":256,"silentlySkippedCount":0,"silentlySkippedDurationMs":0}
[10:42:57.469] INFO: txe:top_level_context Created block 5 with timestamp 1789378977
[10:42:57.708] INFO: simulator:public-processor Processed 1 successful txs and 0 failed txs (0 silently skipped, 0ms wasted) in 0.005191125000012107s {"blockNumber":6,"successfulCount":1,"failedCount":0,"duration":0.005191125000012107,"rate":0,"totalPublicGas":{"daGas":0,"l2Gas":0},"totalBlockGas":{"daGas":1984,"l2Gas":529900},"totalSizeInBytes":1984,"silentlySkippedCount":0,"silentlySkippedDurationMs":0}
[10:42:57.749] INFO: txe:top_level_context Created block 7 with timestamp 1789382578
[10:42:58.423] INFO: simulator:public-processor Processed 1 successful txs and 0 failed txs (0 silently skipped, 0ms wasted) in 0.029082709000009345s {"blockNumber":8,"successfulCount":1,"failedCount":0,"duration":0.029082709000009345,"rate":41127496.06646395,"totalPublicGas":{"daGas":2176,"l2Gas":1196099},"totalBlockGas":{"daGas":3552,"l2Gas":1922849},"totalSizeInBytes":3552,"silentlySkippedCount":0,"silentlySkippedDurationMs":0}
[10:42:58.464] INFO: txe:top_level_context Created block 9 with timestamp 1789386179
[10:42:59.126] INFO: simulator:public-processor Processed 1 successful txs and 0 failed txs (0 silently skipped, 0ms wasted) in 0.010851792000001297s {"blockNumber":10,"successfulCount":1,"failedCount":0,"duration":0.010851792000001297,"rate":8779655.93148013,"totalPublicGas":{"daGas":128,"l2Gas":95275},"totalBlockGas":{"daGas":1504,"l2Gas":822025},"totalSizeInBytes":1504,"silentlySkippedCount":0,"silentlySkippedDurationMs":0}
[10:42:59.706] INFO: simulator:public-processor Processed 1 successful txs and 0 failed txs (0 silently skipped, 0ms wasted) in 0.00650595799999428s {"blockNumber":11,"successfulCount":1,"failedCount":0,"duration":0.00650595799999428,"rate":1452668.4617405015,"totalPublicGas":{"daGas":32,"l2Gas":9451},"totalBlockGas":{"daGas":192,"l2Gas":631051},"totalSizeInBytes":192,"silentlySkippedCount":0,"silentlySkippedDurationMs":0}
[billboard_test] Testing test_withdraw_succeeds_after_dummy_post ... [0m[32mok[0m
[10:43:02.667] INFO: kv-store:lmdb-v2 Starting data store with maxReaders 2
[10:43:02.668] INFO: world-state:database Creating world state data store at directory /var/folders/ym/q1vh2x5n58xbsmpmvs5_6w3r0000gn/T/aztec-world-state-XEHl4C/world_state with map sizes {"archiveTreeMapSizeKb":10485760,"nullifierTreeMapSizeKb":10485760,"noteHashTreeMapSizeKb":10485760,"messageTreeMapSizeKb":10485760,"publicDataTreeMapSizeKb":10485760} and 12 threads (ephemeral=true).
[10:43:02.681] INFO: txe_node Aztec Node version: txe
[10:43:02.681] INFO: txe_node Aztec Node started on chain 0x1
[10:43:02.698] INFO: txe:top_level_context Created block 1 with timestamp 1789378982
[10:43:02.747] INFO: txe:top_level_context Created block 2 with timestamp 1789378982
[10:43:02.838] INFO: simulator:public-processor Processed 1 successful txs and 0 failed txs (0 silently skipped, 0ms wasted) in 0.041344458999985366s {"blockNumber":3,"successfulCount":1,"failedCount":0,"duration":0.041344458999985366,"rate":52420688.34425351,"totalPublicGas":{"daGas":3776,"l2Gas":2167305},"totalBlockGas":{"daGas":3776,"l2Gas":2167305},"totalSizeInBytes":3904,"silentlySkippedCount":0,"silentlySkippedDurationMs":0}
[10:43:02.881] INFO: txe:top_level_context Created block 4 with timestamp 1789378982
[10:43:03.126] INFO: simulator:public-processor Processed 1 successful txs and 0 failed txs (0 silently skipped, 0ms wasted) in 0.005500957999989623s {"blockNumber":5,"successfulCount":1,"failedCount":0,"duration":0.005500957999989623,"rate":0,"totalPublicGas":{"daGas":0,"l2Gas":0},"totalBlockGas":{"daGas":1984,"l2Gas":529900},"totalSizeInBytes":1984,"silentlySkippedCount":0,"silentlySkippedDurationMs":0}
[10:43:03.169] INFO: txe:top_level_context Created block 6 with timestamp 1789382583
[billboard_test] Testing test_withdraw_unscreened_real_posts ... [0m[32mok[0m
[billboard_test] [0m[32m62 tests passed[0m
[10:43:03.864] INFO: simulator:public-processor Processed 1 successful txs and 0 failed txs (0 silently skipped, 0ms wasted) in 0.03103129200002877s {"blockNumber":7,"successfulCount":1,"failedCount":0,"duration":0.03103129200002877,"rate":38544930.7105515,"totalPublicGas":{"daGas":2176,"l2Gas":1196099},"totalBlockGas":{"daGas":3552,"l2Gas":1922849},"totalSizeInBytes":3552,"silentlySkippedCount":0,"silentlySkippedDurationMs":0}
[10:43:04.161] INFO: txe:rpc Received SIGTERM.
