{"profile":"C01 consistent-scope TXE","chain":1,"version":1,"originalPublicVersion":2,"realProofs":false,"port":61750}
[04:14:41.277] INFO: kv-store:lmdb-v2 Starting data store with maxReaders 2
[billboard_contract] Running 0 test functions
[billboard_contract] [0m[32m0 tests passed[0m
[billboard_test] Running 149 test functions
[04:14:45.766] INFO: kv-store:lmdb-v2 Starting data store with maxReaders 2
[04:14:45.766] INFO: kv-store:lmdb-v2 Starting data store with maxReaders 2
[04:14:45.767] INFO: kv-store:lmdb-v2 Starting data store with maxReaders 2
[04:14:45.767] INFO: kv-store:lmdb-v2 Starting data store with maxReaders 2
[04:14:45.769] INFO: world-state:database Creating world state data store at directory /var/folders/ym/q1vh2x5n58xbsmpmvs5_6w3r0000gn/T/aztec-world-state-pIhJAA/world_state with map sizes {"archiveTreeMapSizeKb":10485760,"nullifierTreeMapSizeKb":10485760,"noteHashTreeMapSizeKb":10485760,"messageTreeMapSizeKb":10485760,"publicDataTreeMapSizeKb":10485760} and 2 threads (ephemeral=true).
[04:14:45.781] INFO: world-state:database Creating world state data store at directory /var/folders/ym/q1vh2x5n58xbsmpmvs5_6w3r0000gn/T/aztec-world-state-tYnPRQ/world_state with map sizes {"archiveTreeMapSizeKb":10485760,"nullifierTreeMapSizeKb":10485760,"noteHashTreeMapSizeKb":10485760,"messageTreeMapSizeKb":10485760,"publicDataTreeMapSizeKb":10485760} and 2 threads (ephemeral=true).
[04:14:45.791] INFO: txe_node Aztec Node version: txe
[04:14:45.791] INFO: txe_node Aztec Node started on chain 0x1
[04:14:45.791] INFO: txe_node Aztec Node version: txe
[04:14:45.791] INFO: txe_node Aztec Node started on chain 0x1
[04:14:45.806] INFO: txe:top_level_context Created block 1 with timestamp 1789442085
[04:14:45.809] INFO: txe:top_level_context Created block 1 with timestamp 1789442085
[04:14:46.072] INFO: txe:top_level_context Created block 2 with timestamp 1789442085
[04:14:46.073] INFO: txe:top_level_context Created block 2 with timestamp 1789442085
[04:14:46.240] INFO: simulator:public-processor Processed 1 successful txs and 0 failed txs (0 silently skipped, 0ms wasted) in 0.049775666999999885s {"blockNumber":3,"successfulCount":1,"failedCount":0,"duration":0.049775666999999885,"rate":65014698.84873682,"totalPublicGas":{"daGas":4000,"l2Gas":3236150},"totalBlockGas":{"daGas":4000,"l2Gas":3236150},"totalSizeInBytes":4128,"silentlySkippedCount":0,"silentlySkippedDurationMs":0}
[04:14:46.242] INFO: simulator:public-processor Processed 1 successful txs and 0 failed txs (0 silently skipped, 0ms wasted) in 0.04624849999999969s {"blockNumber":3,"successfulCount":1,"failedCount":0,"duration":0.04624849999999969,"rate":69973080.20800722,"totalPublicGas":{"daGas":4000,"l2Gas":3236150},"totalBlockGas":{"daGas":4000,"l2Gas":3236150},"totalSizeInBytes":4128,"silentlySkippedCount":0,"silentlySkippedDurationMs":0}
[04:14:46.447] INFO: simulator:public-processor Processed 1 successful txs and 0 failed txs (0 silently skipped, 0ms wasted) in 0.01714900000000034s {"blockNumber":4,"successfulCount":1,"failedCount":0,"duration":0.01714900000000034,"rate":66510000.58312306,"totalPublicGas":{"daGas":192,"l2Gas":1140580},"totalBlockGas":{"daGas":320,"l2Gas":1731380},"totalSizeInBytes":320,"silentlySkippedCount":0,"silentlySkippedDurationMs":0}
[04:14:46.462] INFO: simulator:public-processor Processed 1 successful txs and 0 failed txs (0 silently skipped, 0ms wasted) in 0.013740749999999935s {"blockNumber":4,"successfulCount":1,"failedCount":0,"duration":0.013740749999999935,"rate":83007113.8766083,"totalPublicGas":{"daGas":192,"l2Gas":1140580},"totalBlockGas":{"daGas":320,"l2Gas":1731380},"totalSizeInBytes":320,"silentlySkippedCount":0,"silentlySkippedDurationMs":0}
[04:14:46.478] INFO: txe:top_level_context Created block 5 with timestamp 1789442085
[04:14:46.498] INFO: txe:top_level_context Created block 5 with timestamp 1789442085
[04:14:46.738] INFO: simulator:public-processor Processed 1 successful txs and 0 failed txs (0 silently skipped, 0ms wasted) in 0.007627958000000035s {"blockNumber":6,"successfulCount":1,"failedCount":0,"duration":0.007627958000000035,"rate":0,"totalPublicGas":{"daGas":0,"l2Gas":0},"totalBlockGas":{"daGas":1984,"l2Gas":529900},"totalSizeInBytes":1984,"silentlySkippedCount":0,"silentlySkippedDurationMs":0}
[04:14:46.757] INFO: simulator:public-processor Processed 1 successful txs and 0 failed txs (0 silently skipped, 0ms wasted) in 0.0039072919999998705s {"blockNumber":6,"successfulCount":1,"failedCount":0,"duration":0.0039072919999998705,"rate":0,"totalPublicGas":{"daGas":0,"l2Gas":0},"totalBlockGas":{"daGas":1984,"l2Gas":529900},"totalSizeInBytes":1984,"silentlySkippedCount":0,"silentlySkippedDurationMs":0}
[04:14:46.767] INFO: txe:top_level_context Created block 7 with timestamp 1789445686
[04:14:46.807] INFO: txe:top_level_context Created block 7 with timestamp 1789445686
[04:14:47.694] INFO: simulator:public-processor Processed 1 successful txs and 0 failed txs (0 silently skipped, 0ms wasted) in 0.08220150000000104s {"blockNumber":8,"successfulCount":1,"failedCount":0,"duration":0.08220150000000104,"rate":23691380.327609293,"totalPublicGas":{"daGas":2368,"l2Gas":1947467},"totalBlockGas":{"daGas":3744,"l2Gas":2674217},"totalSizeInBytes":3744,"silentlySkippedCount":0,"silentlySkippedDurationMs":0}
[04:14:47.766] INFO: txe:top_level_context Created block 9 with timestamp 1789449285
[04:14:47.805] INFO: simulator:public-processor Processed 1 successful txs and 0 failed txs (0 silently skipped, 0ms wasted) in 0.04259029100000043s {"blockNumber":8,"successfulCount":1,"failedCount":0,"duration":0.04259029100000043,"rate":45725609.15350356,"totalPublicGas":{"daGas":2368,"l2Gas":1947467},"totalBlockGas":{"daGas":3744,"l2Gas":2674217},"totalSizeInBytes":3744,"silentlySkippedCount":0,"silentlySkippedDurationMs":0}
[04:14:47.854] INFO: simulator:public-processor Processed 1 successful txs and 0 failed txs (0 silently skipped, 0ms wasted) in 0.008064125000000786s {"blockNumber":9,"successfulCount":1,"failedCount":0,"duration":0.008064125000000786,"rate":1434873.5913690415,"totalPublicGas":{"daGas":0,"l2Gas":11571},"totalBlockGas":{"daGas":0,"l2Gas":11571},"totalSizeInBytes":128,"silentlySkippedCount":0,"silentlySkippedDurationMs":0}
[04:14:47.904] INFO: simulator:public-processor Processed 1 successful txs and 0 failed txs (0 silently skipped, 0ms wasted) in 0.018419458999998823s {"blockNumber":9,"successfulCount":1,"failedCount":0,"duration":0.018419458999998823,"rate":66868196.291762896,"totalPublicGas":{"daGas":2176,"l2Gas":1231676},"totalBlockGas":{"daGas":2176,"l2Gas":1231676},"totalSizeInBytes":2304,"silentlySkippedCount":0,"silentlySkippedDurationMs":0}
[04:14:47.944] INFO: simulator:public-processor Processed 1 successful txs and 0 failed txs (0 silently skipped, 0ms wasted) in 0.010273667000001296s {"blockNumber":10,"successfulCount":1,"failedCount":0,"duration":0.010273667000001296,"rate":1126277.5014995658,"totalPublicGas":{"daGas":0,"l2Gas":11571},"totalBlockGas":{"daGas":0,"l2Gas":11571},"totalSizeInBytes":128,"silentlySkippedCount":0,"silentlySkippedDurationMs":0}
[04:14:47.963] INFO: simulator:public-processor Processed 1 successful txs and 0 failed txs (0 silently skipped, 0ms wasted) in 0.004444875000001048s {"blockNumber":10,"successfulCount":1,"failedCount":0,"duration":0.004444875000001048,"rate":2927866.3629453992,"totalPublicGas":{"daGas":0,"l2Gas":13014},"totalBlockGas":{"daGas":0,"l2Gas":13014},"totalSizeInBytes":128,"silentlySkippedCount":0,"silentlySkippedDurationMs":0}
[04:14:47.976] INFO: txe:top_level_context Created block 10 with timestamp 1789449285
[04:14:48.451] INFO: simulator:public-processor Processed 1 successful txs and 0 failed txs (0 silently skipped, 0ms wasted) in 0.031039416000001437s {"blockNumber":10,"successfulCount":1,"failedCount":0,"duration":0.031039416000001437,"rate":62741741.01728943,"totalPublicGas":{"daGas":2368,"l2Gas":1947467},"totalBlockGas":{"daGas":3744,"l2Gas":2674217},"totalSizeInBytes":3744,"silentlySkippedCount":0,"silentlySkippedDurationMs":0}
[04:14:48.485] INFO: txe:top_level_context Created block 11 with timestamp 1789452886
[04:14:48.940] INFO: simulator:public-processor Processed 1 successful txs and 0 failed txs (0 silently skipped, 0ms wasted) in 0.030367749999999433s {"blockNumber":11,"successfulCount":1,"failedCount":0,"duration":0.030367749999999433,"rate":64129446.534565,"totalPublicGas":{"daGas":2368,"l2Gas":1947467},"totalBlockGas":{"daGas":3744,"l2Gas":2674217},"totalSizeInBytes":3744,"silentlySkippedCount":0,"silentlySkippedDurationMs":0}
[04:14:49.478] INFO: simulator:public-processor Processed 1 successful txs and 0 failed txs (0 silently skipped, 0ms wasted) in 0.027902749999999286s {"blockNumber":12,"successfulCount":1,"failedCount":0,"duration":0.027902749999999286,"rate":69794805.17153506,"totalPublicGas":{"daGas":2368,"l2Gas":1947467},"totalBlockGas":{"daGas":3744,"l2Gas":2674217},"totalSizeInBytes":3744,"silentlySkippedCount":0,"silentlySkippedDurationMs":0}
[04:14:49.512] INFO: simulator:public-processor Processed 1 successful txs and 0 failed txs (0 silently skipped, 0ms wasted) in 0.006784458000000086s {"blockNumber":13,"successfulCount":1,"failedCount":0,"duration":0.006784458000000086,"rate":1300914.5314187056,"totalPublicGas":{"daGas":0,"l2Gas":8826},"totalBlockGas":{"daGas":0,"l2Gas":8826},"totalSizeInBytes":128,"silentlySkippedCount":0,"silentlySkippedDurationMs":0}
[04:14:49.607] INFO: txe:top_level_context Created block 12 with timestamp 1789452886
[billboard_test] Testing test_censor_window_grandchild_screening ... [0m[32mok[0m
[billboard_test] Testing test_censor_window_hard_invariant ... [0m[32mok[0m
[04:14:50.266] INFO: simulator:public-processor Processed 1 successful txs and 0 failed txs (0 silently skipped, 0ms wasted) in 0.028226166000000375s {"blockNumber":13,"successfulCount":1,"failedCount":0,"duration":0.028226166000000375,"rate":68995094.8350539,"totalPublicGas":{"daGas":2368,"l2Gas":1947467},"totalBlockGas":{"daGas":3744,"l2Gas":2674217},"totalSizeInBytes":3744,"silentlySkippedCount":0,"silentlySkippedDurationMs":0}
[billboard_test] Testing test_cooldown_100x_deposit ... [0m[32mok[0m
[04:14:51.836] INFO: kv-store:lmdb-v2 Starting data store with maxReaders 2
[04:14:51.837] INFO: world-state:database Creating world state data store at directory /var/folders/ym/q1vh2x5n58xbsmpmvs5_6w3r0000gn/T/aztec-world-state-i3yBGM/world_state with map sizes {"archiveTreeMapSizeKb":10485760,"nullifierTreeMapSizeKb":10485760,"noteHashTreeMapSizeKb":10485760,"messageTreeMapSizeKb":10485760,"publicDataTreeMapSizeKb":10485760} and 2 threads (ephemeral=true).
[04:14:51.846] INFO: txe_node Aztec Node version: txe
[04:14:51.846] INFO: txe_node Aztec Node started on chain 0x1
[04:14:51.857] INFO: txe:top_level_context Created block 1 with timestamp 1789442091
[04:14:51.900] INFO: txe:top_level_context Created block 2 with timestamp 1789442091
[04:14:51.966] INFO: simulator:public-processor Processed 1 successful txs and 0 failed txs (0 silently skipped, 0ms wasted) in 0.03767170799999985s {"blockNumber":3,"successfulCount":1,"failedCount":0,"duration":0.03767170799999985,"rate":85903989.27492252,"totalPublicGas":{"daGas":4000,"l2Gas":3236150},"totalBlockGas":{"daGas":4000,"l2Gas":3236150},"totalSizeInBytes":4128,"silentlySkippedCount":0,"silentlySkippedDurationMs":0}
[04:14:52.079] INFO: simulator:public-processor Processed 1 successful txs and 0 failed txs (0 silently skipped, 0ms wasted) in 0.013911208999999872s {"blockNumber":4,"successfulCount":1,"failedCount":0,"duration":0.013911208999999872,"rate":81989998.13747393,"totalPublicGas":{"daGas":192,"l2Gas":1140580},"totalBlockGas":{"daGas":320,"l2Gas":1731380},"totalSizeInBytes":320,"silentlySkippedCount":0,"silentlySkippedDurationMs":0}
[04:14:52.107] INFO: txe:top_level_context Created block 5 with timestamp 1789442091
[04:14:52.253] INFO: simulator:public-processor Processed 1 successful txs and 0 failed txs (0 silently skipped, 0ms wasted) in 0.0038160829999997078s {"blockNumber":6,"successfulCount":1,"failedCount":0,"duration":0.0038160829999997078,"rate":0,"totalPublicGas":{"daGas":0,"l2Gas":0},"totalBlockGas":{"daGas":1984,"l2Gas":529900},"totalSizeInBytes":1984,"silentlySkippedCount":0,"silentlySkippedDurationMs":0}
[04:14:52.282] INFO: txe:top_level_context Created block 7 with timestamp 1789445692
[04:14:52.857] INFO: simulator:public-processor Processed 1 successful txs and 0 failed txs (0 silently skipped, 0ms wasted) in 0.027904500000000554s {"blockNumber":8,"successfulCount":1,"failedCount":0,"duration":0.027904500000000554,"rate":69790428.06715624,"totalPublicGas":{"daGas":2368,"l2Gas":1947467},"totalBlockGas":{"daGas":3744,"l2Gas":2674217},"totalSizeInBytes":3744,"silentlySkippedCount":0,"silentlySkippedDurationMs":0}
[04:14:52.887] INFO: txe:top_level_context Created block 9 with timestamp 1789449291
[billboard_test] Testing test_censor_window_post_too_young_to_screen ... [0m[32mok[0m
[04:14:53.454] INFO: simulator:public-processor Processed 1 successful txs and 0 failed txs (0 silently skipped, 0ms wasted) in 0.026288790999999038s {"blockNumber":10,"successfulCount":1,"failedCount":0,"duration":0.026288790999999038,"rate":74079747.52433732,"totalPublicGas":{"daGas":2368,"l2Gas":1947467},"totalBlockGas":{"daGas":3744,"l2Gas":2674217},"totalSizeInBytes":3744,"silentlySkippedCount":0,"silentlySkippedDurationMs":0}
[04:14:53.484] INFO: simulator:public-processor Processed 1 successful txs and 0 failed txs (0 silently skipped, 0ms wasted) in 0.004148083000000042s {"blockNumber":11,"successfulCount":1,"failedCount":0,"duration":0.004148083000000042,"rate":2127729.845328531,"totalPublicGas":{"daGas":0,"l2Gas":8826},"totalBlockGas":{"daGas":0,"l2Gas":8826},"totalSizeInBytes":128,"silentlySkippedCount":0,"silentlySkippedDurationMs":0}
[billboard_test] Testing test_cooldown_10x_deposit ... [0m[32mok[0m
[billboard_test] Testing test_cooldown_at_min_deposit ... [0m[32mok[0m
[billboard_test] Testing test_cooldown_halves_when_deposit_doubles ... [0m[32mok[0m
[billboard_test] Testing test_cooldown_minimum_one_second ... [0m[32mok[0m
[billboard_test] Testing test_cooldown_no_overflow_at_large_values ... [0m[32mok[0m
[billboard_test] Testing test_cooldown_truncation ... [0m[32mok[0m
[billboard_test] Testing test_declare_immoral_censor_passes_auth ... [0m[32mok[0m
[04:14:59.636] INFO: kv-store:lmdb-v2 Starting data store with maxReaders 2
[04:14:59.637] INFO: world-state:database Creating world state data store at directory /var/folders/ym/q1vh2x5n58xbsmpmvs5_6w3r0000gn/T/aztec-world-state-yiHatz/world_state with map sizes {"archiveTreeMapSizeKb":10485760,"nullifierTreeMapSizeKb":10485760,"noteHashTreeMapSizeKb":10485760,"messageTreeMapSizeKb":10485760,"publicDataTreeMapSizeKb":10485760} and 2 threads (ephemeral=true).
[04:14:59.646] INFO: txe_node Aztec Node version: txe
[04:14:59.646] INFO: txe_node Aztec Node started on chain 0x1
[04:14:59.658] INFO: txe:top_level_context Created block 1 with timestamp 1789442099
[04:14:59.694] INFO: txe:top_level_context Created block 2 with timestamp 1789442099
[04:14:59.759] INFO: simulator:public-processor Processed 1 successful txs and 0 failed txs (0 silently skipped, 0ms wasted) in 0.0374499169999981s {"blockNumber":3,"successfulCount":1,"failedCount":0,"duration":0.0374499169999981,"rate":86412741.5823155,"totalPublicGas":{"daGas":4000,"l2Gas":3236150},"totalBlockGas":{"daGas":4000,"l2Gas":3236150},"totalSizeInBytes":4128,"silentlySkippedCount":0,"silentlySkippedDurationMs":0}
[04:14:59.792] INFO: simulator:public-processor Processed 1 successful txs and 0 failed txs (0 silently skipped, 0ms wasted) in 0.006802167000001646s {"blockNumber":4,"successfulCount":1,"failedCount":0,"duration":0.006802167000001646,"rate":4954597.55692441,"totalPublicGas":{"daGas":0,"l2Gas":33702},"totalBlockGas":{"daGas":0,"l2Gas":33702},"totalSizeInBytes":128,"silentlySkippedCount":0,"silentlySkippedDurationMs":0}
[04:14:59.797] WARN: txe:top_level_context Could not find function artifact in contract Billboard for function '0x53843f0d' when enriching error callstack
[billboard_test] Testing test_declare_immoral_fails_when_no_censor ... [0m[32mok[0m
[billboard_test] Testing test_declare_immoral_rejects_non_censor ... [0m[32mok[0m
[04:15:01.036] INFO: kv-store:lmdb-v2 Starting data store with maxReaders 2
[04:15:01.038] INFO: world-state:database Creating world state data store at directory /var/folders/ym/q1vh2x5n58xbsmpmvs5_6w3r0000gn/T/aztec-world-state-blKPvH/world_state with map sizes {"archiveTreeMapSizeKb":10485760,"nullifierTreeMapSizeKb":10485760,"noteHashTreeMapSizeKb":10485760,"messageTreeMapSizeKb":10485760,"publicDataTreeMapSizeKb":10485760} and 2 threads (ephemeral=true).
[04:15:01.046] INFO: txe_node Aztec Node version: txe
[04:15:01.047] INFO: txe_node Aztec Node started on chain 0x1
[04:15:01.058] INFO: txe:top_level_context Created block 1 with timestamp 1789442101
[04:15:01.100] INFO: txe:top_level_context Created block 2 with timestamp 1789442101
[04:15:01.136] INFO: simulator:public-processor Processed 1 successful txs and 0 failed txs (0 silently skipped, 0ms wasted) in 0.006235624999997526s {"blockNumber":3,"successfulCount":1,"failedCount":0,"duration":0.006235624999997526,"rate":20358023.45395215,"totalPublicGas":{"daGas":0,"l2Gas":126945},"totalBlockGas":{"daGas":0,"l2Gas":126945},"totalSizeInBytes":128,"silentlySkippedCount":0,"silentlySkippedDurationMs":0}
[04:15:01.138] WARN: txe:top_level_context Could not find function artifact in contract Billboard for function '0x8f3f1c4d' when enriching error callstack
[04:15:01.632] INFO: kv-store:lmdb-v2 Starting data store with maxReaders 2
[04:15:01.632] INFO: world-state:database Creating world state data store at directory /var/folders/ym/q1vh2x5n58xbsmpmvs5_6w3r0000gn/T/aztec-world-state-hWAA0A/world_state with map sizes {"archiveTreeMapSizeKb":10485760,"nullifierTreeMapSizeKb":10485760,"noteHashTreeMapSizeKb":10485760,"messageTreeMapSizeKb":10485760,"publicDataTreeMapSizeKb":10485760} and 2 threads (ephemeral=true).
[04:15:01.641] INFO: txe_node Aztec Node version: txe
[04:15:01.641] INFO: txe_node Aztec Node started on chain 0x1
[04:15:01.653] INFO: txe:top_level_context Created block 1 with timestamp 1789442101
[04:15:01.689] INFO: txe:top_level_context Created block 2 with timestamp 1789442101
[04:15:01.754] INFO: simulator:public-processor Processed 1 successful txs and 0 failed txs (0 silently skipped, 0ms wasted) in 0.03719695799999681s {"blockNumber":3,"successfulCount":1,"failedCount":0,"duration":0.03719695799999681,"rate":87000393.95695415,"totalPublicGas":{"daGas":4000,"l2Gas":3236150},"totalBlockGas":{"daGas":4000,"l2Gas":3236150},"totalSizeInBytes":4128,"silentlySkippedCount":0,"silentlySkippedDurationMs":0}
[04:15:01.787] INFO: simulator:public-processor Processed 1 successful txs and 0 failed txs (0 silently skipped, 0ms wasted) in 0.00447612499999741s {"blockNumber":4,"successfulCount":1,"failedCount":0,"duration":0.00447612499999741,"rate":7001815.186130444,"totalPublicGas":{"daGas":0,"l2Gas":31341},"totalBlockGas":{"daGas":0,"l2Gas":31341},"totalSizeInBytes":128,"silentlySkippedCount":0,"silentlySkippedDurationMs":0}
[04:15:01.789] WARN: txe:top_level_context Could not find function artifact in contract Billboard for function '0x53843f0d' when enriching error callstack
[billboard_test] Testing test_deposit_msg_hash_deterministic ... [0m[32mok[0m
[billboard_test] Testing test_deposit_msg_hash_differs_by_amount ... [0m[32mok[0m
[billboard_test] Testing test_deposit_msg_hash_differs_by_depositor ... [0m[32mok[0m
[04:15:05.526] INFO: kv-store:lmdb-v2 Starting data store with maxReaders 2
[04:15:05.527] INFO: world-state:database Creating world state data store at directory /var/folders/ym/q1vh2x5n58xbsmpmvs5_6w3r0000gn/T/aztec-world-state-2OZFgW/world_state with map sizes {"archiveTreeMapSizeKb":10485760,"nullifierTreeMapSizeKb":10485760,"noteHashTreeMapSizeKb":10485760,"messageTreeMapSizeKb":10485760,"publicDataTreeMapSizeKb":10485760} and 2 threads (ephemeral=true).
[04:15:05.536] INFO: txe_node Aztec Node version: txe
[04:15:05.536] INFO: txe_node Aztec Node started on chain 0x1
[04:15:05.548] INFO: txe:top_level_context Created block 1 with timestamp 1789442105
[04:15:05.593] INFO: txe:top_level_context Created block 2 with timestamp 1789442105
[04:15:05.660] INFO: simulator:public-processor Processed 1 successful txs and 0 failed txs (0 silently skipped, 0ms wasted) in 0.03721187500000087s {"blockNumber":3,"successfulCount":1,"failedCount":0,"duration":0.03721187500000087,"rate":86965518.39970236,"totalPublicGas":{"daGas":4000,"l2Gas":3236150},"totalBlockGas":{"daGas":4000,"l2Gas":3236150},"totalSizeInBytes":4128,"silentlySkippedCount":0,"silentlySkippedDurationMs":0}
[04:15:05.774] INFO: simulator:public-processor Processed 1 successful txs and 0 failed txs (0 silently skipped, 0ms wasted) in 0.013152874999999767s {"blockNumber":4,"successfulCount":1,"failedCount":0,"duration":0.013152874999999767,"rate":86717162.5975325,"totalPublicGas":{"daGas":192,"l2Gas":1140580},"totalBlockGas":{"daGas":320,"l2Gas":1731380},"totalSizeInBytes":320,"silentlySkippedCount":0,"silentlySkippedDurationMs":0}
[04:15:05.801] INFO: txe:top_level_context Created block 5 with timestamp 1789442105
[04:15:05.959] INFO: simulator:public-processor Processed 1 successful txs and 0 failed txs (0 silently skipped, 0ms wasted) in 0.0041875s {"blockNumber":6,"successfulCount":1,"failedCount":0,"duration":0.0041875,"rate":0,"totalPublicGas":{"daGas":0,"l2Gas":0},"totalBlockGas":{"daGas":1984,"l2Gas":529900},"totalSizeInBytes":1984,"silentlySkippedCount":0,"silentlySkippedDurationMs":0}
[04:15:05.988] INFO: txe:top_level_context Created block 7 with timestamp 1789445706
[04:15:06.532] INFO: simulator:public-processor Processed 1 successful txs and 0 failed txs (0 silently skipped, 0ms wasted) in 0.026486875000002328s {"blockNumber":8,"successfulCount":1,"failedCount":0,"duration":0.026486875000002328,"rate":73525736.8035991,"totalPublicGas":{"daGas":2368,"l2Gas":1947467},"totalBlockGas":{"daGas":3744,"l2Gas":2674217},"totalSizeInBytes":3744,"silentlySkippedCount":0,"silentlySkippedDurationMs":0}
[04:15:06.559] INFO: txe:top_level_context Created block 9 with timestamp 1789449307
[04:15:06.665] INFO: kv-store:lmdb-v2 Starting data store with maxReaders 2
[04:15:06.667] INFO: world-state:database Creating world state data store at directory /var/folders/ym/q1vh2x5n58xbsmpmvs5_6w3r0000gn/T/aztec-world-state-G6Gl19/world_state with map sizes {"archiveTreeMapSizeKb":10485760,"nullifierTreeMapSizeKb":10485760,"noteHashTreeMapSizeKb":10485760,"messageTreeMapSizeKb":10485760,"publicDataTreeMapSizeKb":10485760} and 2 threads (ephemeral=true).
[04:15:06.684] INFO: txe_node Aztec Node version: txe
[04:15:06.684] INFO: txe_node Aztec Node started on chain 0x1
[04:15:06.696] INFO: txe:top_level_context Created block 1 with timestamp 1789442106
[04:15:06.736] INFO: txe:top_level_context Created block 2 with timestamp 1789442106
[04:15:06.815] INFO: simulator:public-processor Processed 1 successful txs and 0 failed txs (0 silently skipped, 0ms wasted) in 0.042833666999998965s {"blockNumber":3,"successfulCount":1,"failedCount":0,"duration":0.042833666999998965,"rate":75551551.54005559,"totalPublicGas":{"daGas":4000,"l2Gas":3236150},"totalBlockGas":{"daGas":4000,"l2Gas":3236150},"totalSizeInBytes":4128,"silentlySkippedCount":0,"silentlySkippedDurationMs":0}
[04:15:07.152] INFO: simulator:public-processor Processed 1 successful txs and 0 failed txs (0 silently skipped, 0ms wasted) in 0.01611487500000294s {"blockNumber":4,"successfulCount":1,"failedCount":0,"duration":0.01611487500000294,"rate":70778085.46450357,"totalPublicGas":{"daGas":192,"l2Gas":1140580},"totalBlockGas":{"daGas":320,"l2Gas":1731380},"totalSizeInBytes":320,"silentlySkippedCount":0,"silentlySkippedDurationMs":0}
[04:15:07.212] INFO: simulator:public-processor Processed 1 successful txs and 0 failed txs (0 silently skipped, 0ms wasted) in 0.004529999999998836s {"blockNumber":10,"successfulCount":1,"failedCount":0,"duration":0.004529999999998836,"rate":0,"totalPublicGas":{"daGas":0,"l2Gas":0},"totalBlockGas":{"daGas":1440,"l2Gas":527400},"totalSizeInBytes":1440,"silentlySkippedCount":0,"silentlySkippedDurationMs":0}
[04:15:07.222] INFO: txe:top_level_context Created block 5 with timestamp 1789442106
[04:15:07.482] INFO: simulator:public-processor Processed 1 successful txs and 0 failed txs (0 silently skipped, 0ms wasted) in 0.00421770899999683s {"blockNumber":6,"successfulCount":1,"failedCount":0,"duration":0.00421770899999683,"rate":0,"totalPublicGas":{"daGas":0,"l2Gas":0},"totalBlockGas":{"daGas":1984,"l2Gas":529900},"totalSizeInBytes":1984,"silentlySkippedCount":0,"silentlySkippedDurationMs":0}
[04:15:07.519] INFO: txe:top_level_context Created block 7 with timestamp 1789445707
[billboard_test] Testing test_dummy_post_advances_screening ... [0m[32mok[0m
[04:15:08.111] INFO: simulator:public-processor Processed 1 successful txs and 0 failed txs (0 silently skipped, 0ms wasted) in 0.003742917000003217s {"blockNumber":8,"successfulCount":1,"failedCount":0,"duration":0.003742917000003217,"rate":0,"totalPublicGas":{"daGas":0,"l2Gas":0},"totalBlockGas":{"daGas":1440,"l2Gas":527400},"totalSizeInBytes":1440,"silentlySkippedCount":0,"silentlySkippedDurationMs":0}
[04:15:08.140] INFO: simulator:public-processor Processed 1 successful txs and 0 failed txs (0 silently skipped, 0ms wasted) in 0.0040872920000001615s {"blockNumber":9,"successfulCount":1,"failedCount":0,"duration":0.0040872920000001615,"rate":2159375.938885612,"totalPublicGas":{"daGas":0,"l2Gas":8826},"totalBlockGas":{"daGas":0,"l2Gas":8826},"totalSizeInBytes":128,"silentlySkippedCount":0,"silentlySkippedDurationMs":0}
[04:15:08.155] INFO: simulator:public-processor Processed 1 successful txs and 0 failed txs (0 silently skipped, 0ms wasted) in 0.004500082999998995s {"blockNumber":9,"successfulCount":1,"failedCount":0,"duration":0.004500082999998995,"rate":2295290.9979665503,"totalPublicGas":{"daGas":0,"l2Gas":10329},"totalBlockGas":{"daGas":0,"l2Gas":10329},"totalSizeInBytes":128,"silentlySkippedCount":0,"silentlySkippedDurationMs":0}
[billboard_test] Testing test_dummy_post_does_not_store_content ... [0m[32mok[0m
[04:15:09.650] INFO: kv-store:lmdb-v2 Starting data store with maxReaders 2
[04:15:09.651] INFO: world-state:database Creating world state data store at directory /var/folders/ym/q1vh2x5n58xbsmpmvs5_6w3r0000gn/T/aztec-world-state-MGzpcO/world_state with map sizes {"archiveTreeMapSizeKb":10485760,"nullifierTreeMapSizeKb":10485760,"noteHashTreeMapSizeKb":10485760,"messageTreeMapSizeKb":10485760,"publicDataTreeMapSizeKb":10485760} and 2 threads (ephemeral=true).
[04:15:09.660] INFO: txe_node Aztec Node version: txe
[04:15:09.660] INFO: txe_node Aztec Node started on chain 0x1
[04:15:09.672] INFO: txe:top_level_context Created block 1 with timestamp 1789442109
[04:15:09.711] INFO: txe:top_level_context Created block 2 with timestamp 1789442109
[04:15:09.777] INFO: simulator:public-processor Processed 1 successful txs and 0 failed txs (0 silently skipped, 0ms wasted) in 0.036620333999999276s {"blockNumber":3,"successfulCount":1,"failedCount":0,"duration":0.036620333999999276,"rate":88370302.68484345,"totalPublicGas":{"daGas":4000,"l2Gas":3236150},"totalBlockGas":{"daGas":4000,"l2Gas":3236150},"totalSizeInBytes":4128,"silentlySkippedCount":0,"silentlySkippedDurationMs":0}
[04:15:09.885] INFO: simulator:public-processor Processed 1 successful txs and 0 failed txs (0 silently skipped, 0ms wasted) in 0.013105416999998851s {"blockNumber":4,"successfulCount":1,"failedCount":0,"duration":0.013105416999998851,"rate":87031187.18008745,"totalPublicGas":{"daGas":192,"l2Gas":1140580},"totalBlockGas":{"daGas":320,"l2Gas":1731380},"totalSizeInBytes":320,"silentlySkippedCount":0,"silentlySkippedDurationMs":0}
[04:15:09.913] INFO: txe:top_level_context Created block 5 with timestamp 1789442109
[04:15:10.065] INFO: simulator:public-processor Processed 1 successful txs and 0 failed txs (0 silently skipped, 0ms wasted) in 0.0037051250000004073s {"blockNumber":6,"successfulCount":1,"failedCount":0,"duration":0.0037051250000004073,"rate":0,"totalPublicGas":{"daGas":0,"l2Gas":0},"totalBlockGas":{"daGas":1984,"l2Gas":529900},"totalSizeInBytes":1984,"silentlySkippedCount":0,"silentlySkippedDurationMs":0}
[04:15:10.092] INFO: txe:top_level_context Created block 7 with timestamp 1789445710
[04:15:10.349] INFO: kv-store:lmdb-v2 Starting data store with maxReaders 2
[04:15:10.352] INFO: world-state:database Creating world state data store at directory /var/folders/ym/q1vh2x5n58xbsmpmvs5_6w3r0000gn/T/aztec-world-state-hGaWV4/world_state with map sizes {"archiveTreeMapSizeKb":10485760,"nullifierTreeMapSizeKb":10485760,"noteHashTreeMapSizeKb":10485760,"messageTreeMapSizeKb":10485760,"publicDataTreeMapSizeKb":10485760} and 2 threads (ephemeral=true).
[04:15:10.361] INFO: txe_node Aztec Node version: txe
[04:15:10.361] INFO: txe_node Aztec Node started on chain 0x1
[04:15:10.537] INFO: txe:top_level_context Created block 1 with timestamp 1789442110
[04:15:10.638] INFO: txe:top_level_context Created block 2 with timestamp 1789442110
[04:15:10.664] INFO: simulator:public-processor Processed 1 successful txs and 0 failed txs (0 silently skipped, 0ms wasted) in 0.02636304199999722s {"blockNumber":8,"successfulCount":1,"failedCount":0,"duration":0.02636304199999722,"rate":73871103.34233072,"totalPublicGas":{"daGas":2368,"l2Gas":1947467},"totalBlockGas":{"daGas":3744,"l2Gas":2674217},"totalSizeInBytes":3744,"silentlySkippedCount":0,"silentlySkippedDurationMs":0}
[04:15:10.697] INFO: simulator:public-processor Processed 1 successful txs and 0 failed txs (0 silently skipped, 0ms wasted) in 0.004700749999999971s {"blockNumber":9,"successfulCount":1,"failedCount":0,"duration":0.004700749999999971,"rate":2461522.0975376423,"totalPublicGas":{"daGas":0,"l2Gas":11571},"totalBlockGas":{"daGas":0,"l2Gas":11571},"totalSizeInBytes":128,"silentlySkippedCount":0,"silentlySkippedDurationMs":0}
[04:15:10.706] INFO: simulator:public-processor Processed 1 successful txs and 0 failed txs (0 silently skipped, 0ms wasted) in 0.04051412500000151s {"blockNumber":3,"successfulCount":1,"failedCount":0,"duration":0.04051412500000151,"rate":79877079.9073133,"totalPublicGas":{"daGas":4000,"l2Gas":3236150},"totalBlockGas":{"daGas":4000,"l2Gas":3236150},"totalSizeInBytes":4128,"silentlySkippedCount":0,"silentlySkippedDurationMs":0}
[04:15:10.732] INFO: simulator:public-processor Processed 1 successful txs and 0 failed txs (0 silently skipped, 0ms wasted) in 0.02526104200000191s {"blockNumber":9,"successfulCount":1,"failedCount":0,"duration":0.02526104200000191,"rate":48757925.34606874,"totalPublicGas":{"daGas":2176,"l2Gas":1231676},"totalBlockGas":{"daGas":2176,"l2Gas":1231676},"totalSizeInBytes":2304,"silentlySkippedCount":0,"silentlySkippedDurationMs":0}
[04:15:10.764] INFO: txe:top_level_context Created block 10 with timestamp 1789449310
[04:15:10.908] INFO: simulator:public-processor Processed 1 successful txs and 0 failed txs (0 silently skipped, 0ms wasted) in 0.015219833999999537s {"blockNumber":4,"successfulCount":1,"failedCount":0,"duration":0.015219833999999537,"rate":74940370.57171811,"totalPublicGas":{"daGas":192,"l2Gas":1140580},"totalBlockGas":{"daGas":320,"l2Gas":1731380},"totalSizeInBytes":320,"silentlySkippedCount":0,"silentlySkippedDurationMs":0}
[04:15:10.942] INFO: txe:top_level_context Created block 5 with timestamp 1789442110
[04:15:11.144] INFO: simulator:public-processor Processed 1 successful txs and 0 failed txs (0 silently skipped, 0ms wasted) in 0.005642665999999736s {"blockNumber":6,"successfulCount":1,"failedCount":0,"duration":0.005642665999999736,"rate":0,"totalPublicGas":{"daGas":0,"l2Gas":0},"totalBlockGas":{"daGas":1984,"l2Gas":529900},"totalSizeInBytes":1984,"silentlySkippedCount":0,"silentlySkippedDurationMs":0}
[04:15:11.340] INFO: txe:top_level_context Created block 7 with timestamp 1789445711
[04:15:11.559] INFO: simulator:public-processor Processed 1 successful txs and 0 failed txs (0 silently skipped, 0ms wasted) in 0.02829387499999939s {"blockNumber":11,"successfulCount":1,"failedCount":0,"duration":0.02829387499999939,"rate":68829985.28833686,"totalPublicGas":{"daGas":2368,"l2Gas":1947467},"totalBlockGas":{"daGas":3744,"l2Gas":2674217},"totalSizeInBytes":3744,"silentlySkippedCount":0,"silentlySkippedDurationMs":0}
[04:15:12.129] INFO: simulator:public-processor Processed 1 successful txs and 0 failed txs (0 silently skipped, 0ms wasted) in 0.028114832999999635s {"blockNumber":8,"successfulCount":1,"failedCount":0,"duration":0.028114832999999635,"rate":69268311.14380175,"totalPublicGas":{"daGas":2368,"l2Gas":1947467},"totalBlockGas":{"daGas":3744,"l2Gas":2674217},"totalSizeInBytes":3744,"silentlySkippedCount":0,"silentlySkippedDurationMs":0}
[04:15:12.162] INFO: txe:top_level_context Created block 9 with timestamp 1789449310
[billboard_test] Testing test_flag_penalty_exact_value ... [0m[32mok[0m
[04:15:12.737] INFO: simulator:public-processor Processed 1 successful txs and 0 failed txs (0 silently skipped, 0ms wasted) in 0.027271625000001222s {"blockNumber":10,"successfulCount":1,"failedCount":0,"duration":0.027271625000001222,"rate":71410009.48788027,"totalPublicGas":{"daGas":2368,"l2Gas":1947467},"totalBlockGas":{"daGas":3744,"l2Gas":2674217},"totalSizeInBytes":3744,"silentlySkippedCount":0,"silentlySkippedDurationMs":0}
[04:15:12.767] INFO: simulator:public-processor Processed 1 successful txs and 0 failed txs (0 silently skipped, 0ms wasted) in 0.004335666999999375s {"blockNumber":11,"successfulCount":1,"failedCount":0,"duration":0.004335666999999375,"rate":2668793.5212740432,"totalPublicGas":{"daGas":0,"l2Gas":11571},"totalBlockGas":{"daGas":0,"l2Gas":11571},"totalSizeInBytes":128,"silentlySkippedCount":0,"silentlySkippedDurationMs":0}
[04:15:12.795] INFO: simulator:public-processor Processed 1 successful txs and 0 failed txs (0 silently skipped, 0ms wasted) in 0.017627416000002994s {"blockNumber":11,"successfulCount":1,"failedCount":0,"duration":0.017627416000002994,"rate":69872748.2235508,"totalPublicGas":{"daGas":2176,"l2Gas":1231676},"totalBlockGas":{"daGas":2176,"l2Gas":1231676},"totalSizeInBytes":2304,"silentlySkippedCount":0,"silentlySkippedDurationMs":0}
[04:15:12.825] INFO: simulator:public-processor Processed 1 successful txs and 0 failed txs (0 silently skipped, 0ms wasted) in 0.00483116699999664s {"blockNumber":12,"successfulCount":1,"failedCount":0,"duration":0.00483116699999664,"rate":2395073.48845694,"totalPublicGas":{"daGas":0,"l2Gas":11571},"totalBlockGas":{"daGas":0,"l2Gas":11571},"totalSizeInBytes":128,"silentlySkippedCount":0,"silentlySkippedDurationMs":0}
[04:15:12.852] INFO: simulator:public-processor Processed 1 successful txs and 0 failed txs (0 silently skipped, 0ms wasted) in 0.017530875000004015s {"blockNumber":12,"successfulCount":1,"failedCount":0,"duration":0.017530875000004015,"rate":70257531.35537831,"totalPublicGas":{"daGas":2176,"l2Gas":1231676},"totalBlockGas":{"daGas":2176,"l2Gas":1231676},"totalSizeInBytes":2304,"silentlySkippedCount":0,"silentlySkippedDurationMs":0}
[04:15:12.880] INFO: txe:top_level_context Created block 13 with timestamp 1789452911
[04:15:13.448] INFO: simulator:public-processor Processed 1 successful txs and 0 failed txs (0 silently skipped, 0ms wasted) in 0.02804020899999887s {"blockNumber":14,"successfulCount":1,"failedCount":0,"duration":0.02804020899999887,"rate":69452656.3621576,"totalPublicGas":{"daGas":2368,"l2Gas":1947467},"totalBlockGas":{"daGas":3744,"l2Gas":2674217},"totalSizeInBytes":3744,"silentlySkippedCount":0,"silentlySkippedDurationMs":0}
[billboard_test] Testing test_flag_penalty_two_flags ... [0m[32mok[0m
[04:15:14.131] INFO: kv-store:lmdb-v2 Starting data store with maxReaders 2
[04:15:14.132] INFO: world-state:database Creating world state data store at directory /var/folders/ym/q1vh2x5n58xbsmpmvs5_6w3r0000gn/T/aztec-world-state-FBO7ld/world_state with map sizes {"archiveTreeMapSizeKb":10485760,"nullifierTreeMapSizeKb":10485760,"noteHashTreeMapSizeKb":10485760,"messageTreeMapSizeKb":10485760,"publicDataTreeMapSizeKb":10485760} and 2 threads (ephemeral=true).
[04:15:14.141] INFO: txe_node Aztec Node version: txe
[04:15:14.141] INFO: txe_node Aztec Node started on chain 0x1
[04:15:14.153] INFO: txe:top_level_context Created block 1 with timestamp 1789442114
[04:15:14.190] INFO: txe:top_level_context Created block 2 with timestamp 1789442114
[04:15:14.259] INFO: simulator:public-processor Processed 1 successful txs and 0 failed txs (0 silently skipped, 0ms wasted) in 0.03909966600000189s {"blockNumber":3,"successfulCount":1,"failedCount":0,"duration":0.03909966600000189,"rate":82766691.66431865,"totalPublicGas":{"daGas":4000,"l2Gas":3236150},"totalBlockGas":{"daGas":4000,"l2Gas":3236150},"totalSizeInBytes":4128,"silentlySkippedCount":0,"silentlySkippedDurationMs":0}
[04:15:14.367] INFO: simulator:public-processor Processed 1 successful txs and 0 failed txs (0 silently skipped, 0ms wasted) in 0.013364582999995036s {"blockNumber":4,"successfulCount":1,"failedCount":0,"duration":0.013364582999995036,"rate":85343478.35622133,"totalPublicGas":{"daGas":192,"l2Gas":1140580},"totalBlockGas":{"daGas":320,"l2Gas":1731380},"totalSizeInBytes":320,"silentlySkippedCount":0,"silentlySkippedDurationMs":0}
[04:15:14.394] INFO: txe:top_level_context Created block 5 with timestamp 1789442114
[04:15:14.547] INFO: simulator:public-processor Processed 1 successful txs and 0 failed txs (0 silently skipped, 0ms wasted) in 0.003888582999999926s {"blockNumber":6,"successfulCount":1,"failedCount":0,"duration":0.003888582999999926,"rate":0,"totalPublicGas":{"daGas":0,"l2Gas":0},"totalBlockGas":{"daGas":1984,"l2Gas":529900},"totalSizeInBytes":1984,"silentlySkippedCount":0,"silentlySkippedDurationMs":0}
[04:15:14.575] INFO: txe:top_level_context Created block 7 with timestamp 1789445715
[04:15:15.125] INFO: simulator:public-processor Processed 1 successful txs and 0 failed txs (0 silently skipped, 0ms wasted) in 0.02656541599999764s {"blockNumber":8,"successfulCount":1,"failedCount":0,"duration":0.02656541599999764,"rate":73308357.00070246,"totalPublicGas":{"daGas":2368,"l2Gas":1947467},"totalBlockGas":{"daGas":3744,"l2Gas":2674217},"totalSizeInBytes":3744,"silentlySkippedCount":0,"silentlySkippedDurationMs":0}
[04:15:15.154] INFO: simulator:public-processor Processed 1 successful txs and 0 failed txs (0 silently skipped, 0ms wasted) in 0.004116625000002387s {"blockNumber":9,"successfulCount":1,"failedCount":0,"duration":0.004116625000002387,"rate":2810797.6801368333,"totalPublicGas":{"daGas":0,"l2Gas":11571},"totalBlockGas":{"daGas":0,"l2Gas":11571},"totalSizeInBytes":128,"silentlySkippedCount":0,"silentlySkippedDurationMs":0}
[04:15:15.183] INFO: simulator:public-processor Processed 1 successful txs and 0 failed txs (0 silently skipped, 0ms wasted) in 0.01771216700000514s {"blockNumber":9,"successfulCount":1,"failedCount":0,"duration":0.01771216700000514,"rate":69538413.9049526,"totalPublicGas":{"daGas":2176,"l2Gas":1231676},"totalBlockGas":{"daGas":2176,"l2Gas":1231676},"totalSizeInBytes":2304,"silentlySkippedCount":0,"silentlySkippedDurationMs":0}
[04:15:15.211] INFO: txe:top_level_context Created block 10 with timestamp 1789545715
[04:15:15.662] INFO: kv-store:lmdb-v2 Starting data store with maxReaders 2
[04:15:15.662] INFO: world-state:database Creating world state data store at directory /var/folders/ym/q1vh2x5n58xbsmpmvs5_6w3r0000gn/T/aztec-world-state-O2GUjQ/world_state with map sizes {"archiveTreeMapSizeKb":10485760,"nullifierTreeMapSizeKb":10485760,"noteHashTreeMapSizeKb":10485760,"messageTreeMapSizeKb":10485760,"publicDataTreeMapSizeKb":10485760} and 2 threads (ephemeral=true).
[04:15:15.671] INFO: txe_node Aztec Node version: txe
[04:15:15.671] INFO: txe_node Aztec Node started on chain 0x1
[04:15:15.689] INFO: txe:top_level_context Created block 1 with timestamp 1789442115
[04:15:15.783] INFO: txe:top_level_context Created block 2 with timestamp 1789442115
[04:15:15.798] INFO: simulator:public-processor Processed 1 successful txs and 0 failed txs (0 silently skipped, 0ms wasted) in 0.027728000000002796s {"blockNumber":11,"successfulCount":1,"failedCount":0,"duration":0.027728000000002796,"rate":70234672.53317238,"totalPublicGas":{"daGas":2368,"l2Gas":1947467},"totalBlockGas":{"daGas":3744,"l2Gas":2674217},"totalSizeInBytes":3744,"silentlySkippedCount":0,"silentlySkippedDurationMs":0}
[04:15:15.862] INFO: simulator:public-processor Processed 1 successful txs and 0 failed txs (0 silently skipped, 0ms wasted) in 0.049507209000003057s {"blockNumber":3,"successfulCount":1,"failedCount":0,"duration":0.049507209000003057,"rate":65367247.82848898,"totalPublicGas":{"daGas":4000,"l2Gas":3236150},"totalBlockGas":{"daGas":4000,"l2Gas":3236150},"totalSizeInBytes":4128,"silentlySkippedCount":0,"silentlySkippedDurationMs":0}
[04:15:16.022] INFO: simulator:public-processor Processed 1 successful txs and 0 failed txs (0 silently skipped, 0ms wasted) in 0.015342833000002429s {"blockNumber":4,"successfulCount":1,"failedCount":0,"duration":0.015342833000002429,"rate":74339595.5622941,"totalPublicGas":{"daGas":192,"l2Gas":1140580},"totalBlockGas":{"daGas":320,"l2Gas":1731380},"totalSizeInBytes":320,"silentlySkippedCount":0,"silentlySkippedDurationMs":0}
[04:15:16.059] INFO: txe:top_level_context Created block 5 with timestamp 1789442115
[billboard_test] Testing test_flag_penalty_with_save_up ... [0m[32mok[0m
[04:15:16.245] INFO: simulator:public-processor Processed 1 successful txs and 0 failed txs (0 silently skipped, 0ms wasted) in 0.003941500000000815s {"blockNumber":6,"successfulCount":1,"failedCount":0,"duration":0.003941500000000815,"rate":0,"totalPublicGas":{"daGas":0,"l2Gas":0},"totalBlockGas":{"daGas":1984,"l2Gas":529900},"totalSizeInBytes":1984,"silentlySkippedCount":0,"silentlySkippedDurationMs":0}
[04:15:16.274] INFO: txe:top_level_context Created block 7 with timestamp 1789445716
[billboard_test] Testing test_full_flow_declare_immoral_after_post ... [0m[32mok[0m
[04:15:16.834] INFO: simulator:public-processor Processed 1 successful txs and 0 failed txs (0 silently skipped, 0ms wasted) in 0.026294999999998254s {"blockNumber":8,"successfulCount":1,"failedCount":0,"duration":0.026294999999998254,"rate":74062255.18159838,"totalPublicGas":{"daGas":2368,"l2Gas":1947467},"totalBlockGas":{"daGas":3744,"l2Gas":2674217},"totalSizeInBytes":3744,"silentlySkippedCount":0,"silentlySkippedDurationMs":0}
[04:15:16.863] INFO: simulator:public-processor Processed 1 successful txs and 0 failed txs (0 silently skipped, 0ms wasted) in 0.004339166999998269s {"blockNumber":9,"successfulCount":1,"failedCount":0,"duration":0.004339166999998269,"rate":2666640.8552619927,"totalPublicGas":{"daGas":0,"l2Gas":11571},"totalBlockGas":{"daGas":0,"l2Gas":11571},"totalSizeInBytes":128,"silentlySkippedCount":0,"silentlySkippedDurationMs":0}
[04:15:16.891] INFO: simulator:public-processor Processed 1 successful txs and 0 failed txs (0 silently skipped, 0ms wasted) in 0.017685166999995998s {"blockNumber":9,"successfulCount":1,"failedCount":0,"duration":0.017685166999995998,"rate":69644578.41988593,"totalPublicGas":{"daGas":2176,"l2Gas":1231676},"totalBlockGas":{"daGas":2176,"l2Gas":1231676},"totalSizeInBytes":2304,"silentlySkippedCount":0,"silentlySkippedDurationMs":0}
[04:15:16.919] INFO: simulator:public-processor Processed 1 successful txs and 0 failed txs (0 silently skipped, 0ms wasted) in 0.004166916000001948s {"blockNumber":10,"successfulCount":1,"failedCount":0,"duration":0.004166916000001948,"rate":2776873.831868603,"totalPublicGas":{"daGas":0,"l2Gas":11571},"totalBlockGas":{"daGas":0,"l2Gas":11571},"totalSizeInBytes":128,"silentlySkippedCount":0,"silentlySkippedDurationMs":0}
[04:15:16.933] INFO: simulator:public-processor Processed 1 successful txs and 0 failed txs (0 silently skipped, 0ms wasted) in 0.0039463749999995345s {"blockNumber":10,"successfulCount":1,"failedCount":0,"duration":0.0039463749999995345,"rate":3297709.923664511,"totalPublicGas":{"daGas":0,"l2Gas":13014},"totalBlockGas":{"daGas":0,"l2Gas":13014},"totalSizeInBytes":128,"silentlySkippedCount":0,"silentlySkippedDurationMs":0}
[04:15:16.947] INFO: simulator:public-processor Processed 1 successful txs and 0 failed txs (0 silently skipped, 0ms wasted) in 0.003978500000004715s {"blockNumber":10,"successfulCount":1,"failedCount":0,"duration":0.003978500000004715,"rate":2908382.556236342,"totalPublicGas":{"daGas":0,"l2Gas":11571},"totalBlockGas":{"daGas":0,"l2Gas":11571},"totalSizeInBytes":128,"silentlySkippedCount":0,"silentlySkippedDurationMs":0}
[04:15:16.961] INFO: simulator:public-processor Processed 1 successful txs and 0 failed txs (0 silently skipped, 0ms wasted) in 0.004109416999999667s {"blockNumber":10,"successfulCount":1,"failedCount":0,"duration":0.004109416999999667,"rate":3153732.025735293,"totalPublicGas":{"daGas":0,"l2Gas":12960},"totalBlockGas":{"daGas":0,"l2Gas":12960},"totalSizeInBytes":128,"silentlySkippedCount":0,"silentlySkippedDurationMs":0}
[04:15:16.976] INFO: simulator:public-processor Processed 1 successful txs and 0 failed txs (0 silently skipped, 0ms wasted) in 0.004661667000000307s {"blockNumber":10,"successfulCount":1,"failedCount":0,"duration":0.004661667000000307,"rate":2482159.279073181,"totalPublicGas":{"daGas":0,"l2Gas":11571},"totalBlockGas":{"daGas":0,"l2Gas":11571},"totalSizeInBytes":128,"silentlySkippedCount":0,"silentlySkippedDurationMs":0}
[04:15:16.994] INFO: simulator:public-processor Processed 1 successful txs and 0 failed txs (0 silently skipped, 0ms wasted) in 0.008056917000001704s {"blockNumber":10,"successfulCount":1,"failedCount":0,"duration":0.008056917000001704,"rate":19158196.61540107,"totalPublicGas":{"daGas":0,"l2Gas":154356},"totalBlockGas":{"daGas":0,"l2Gas":154356},"totalSizeInBytes":128,"silentlySkippedCount":0,"silentlySkippedDurationMs":0}
[04:15:17.990] INFO: kv-store:lmdb-v2 Starting data store with maxReaders 2
[04:15:17.990] INFO: world-state:database Creating world state data store at directory /var/folders/ym/q1vh2x5n58xbsmpmvs5_6w3r0000gn/T/aztec-world-state-Ti5qjb/world_state with map sizes {"archiveTreeMapSizeKb":10485760,"nullifierTreeMapSizeKb":10485760,"noteHashTreeMapSizeKb":10485760,"messageTreeMapSizeKb":10485760,"publicDataTreeMapSizeKb":10485760} and 2 threads (ephemeral=true).
[04:15:17.999] INFO: txe_node Aztec Node version: txe
[04:15:17.999] INFO: txe_node Aztec Node started on chain 0x1
[04:15:18.011] INFO: txe:top_level_context Created block 1 with timestamp 1789442117
[04:15:18.050] INFO: txe:top_level_context Created block 2 with timestamp 1789442117
[04:15:18.114] INFO: simulator:public-processor Processed 1 successful txs and 0 failed txs (0 silently skipped, 0ms wasted) in 0.036653750000004946s {"blockNumber":3,"successfulCount":1,"failedCount":0,"duration":0.036653750000004946,"rate":88289738.43057159,"totalPublicGas":{"daGas":4000,"l2Gas":3236150},"totalBlockGas":{"daGas":4000,"l2Gas":3236150},"totalSizeInBytes":4128,"silentlySkippedCount":0,"silentlySkippedDurationMs":0}
[04:15:18.227] INFO: simulator:public-processor Processed 1 successful txs and 0 failed txs (0 silently skipped, 0ms wasted) in 0.013415916000005381s {"blockNumber":4,"successfulCount":1,"failedCount":0,"duration":0.013415916000005381,"rate":85016930.63668127,"totalPublicGas":{"daGas":192,"l2Gas":1140580},"totalBlockGas":{"daGas":320,"l2Gas":1731380},"totalSizeInBytes":320,"silentlySkippedCount":0,"silentlySkippedDurationMs":0}
[04:15:18.257] INFO: txe:top_level_context Created block 5 with timestamp 1789442117
[billboard_test] Testing test_full_flow_deposit_below_minimum ... [0m[32mok[0m
[04:15:18.898] INFO: kv-store:lmdb-v2 Starting data store with maxReaders 2
[04:15:18.899] INFO: world-state:database Creating world state data store at directory /var/folders/ym/q1vh2x5n58xbsmpmvs5_6w3r0000gn/T/aztec-world-state-A19FiU/world_state with map sizes {"archiveTreeMapSizeKb":10485760,"nullifierTreeMapSizeKb":10485760,"noteHashTreeMapSizeKb":10485760,"messageTreeMapSizeKb":10485760,"publicDataTreeMapSizeKb":10485760} and 2 threads (ephemeral=true).
[04:15:18.908] INFO: txe_node Aztec Node version: txe
[04:15:18.908] INFO: txe_node Aztec Node started on chain 0x1
[04:15:18.919] INFO: txe:top_level_context Created block 1 with timestamp 1789442118
[04:15:18.956] INFO: txe:top_level_context Created block 2 with timestamp 1789442118
[04:15:19.024] INFO: simulator:public-processor Processed 1 successful txs and 0 failed txs (0 silently skipped, 0ms wasted) in 0.03965424999999959s {"blockNumber":3,"successfulCount":1,"failedCount":0,"duration":0.03965424999999959,"rate":81609159.16957283,"totalPublicGas":{"daGas":4000,"l2Gas":3236150},"totalBlockGas":{"daGas":4000,"l2Gas":3236150},"totalSizeInBytes":4128,"silentlySkippedCount":0,"silentlySkippedDurationMs":0}
[04:15:19.134] INFO: simulator:public-processor Processed 1 successful txs and 0 failed txs (0 silently skipped, 0ms wasted) in 0.013089665999999852s {"blockNumber":4,"successfulCount":1,"failedCount":0,"duration":0.013089665999999852,"rate":87135913.16997798,"totalPublicGas":{"daGas":192,"l2Gas":1140580},"totalBlockGas":{"daGas":320,"l2Gas":1731380},"totalSizeInBytes":320,"silentlySkippedCount":0,"silentlySkippedDurationMs":0}
[04:15:19.161] INFO: txe:top_level_context Created block 5 with timestamp 1789442118
[04:15:19.311] INFO: simulator:public-processor Processed 1 successful txs and 0 failed txs (0 silently skipped, 0ms wasted) in 0.003960125000005064s {"blockNumber":6,"successfulCount":1,"failedCount":0,"duration":0.003960125000005064,"rate":0,"totalPublicGas":{"daGas":0,"l2Gas":0},"totalBlockGas":{"daGas":1984,"l2Gas":529900},"totalSizeInBytes":1984,"silentlySkippedCount":0,"silentlySkippedDurationMs":0}
[04:15:19.339] INFO: txe:top_level_context Created block 7 with timestamp 1789445719
[billboard_test] Testing test_full_flow_double_flag_fails ... [0m[32mok[0m
[04:15:19.894] INFO: simulator:public-processor Processed 1 successful txs and 0 failed txs (0 silently skipped, 0ms wasted) in 0.026333540999999967s {"blockNumber":8,"successfulCount":1,"failedCount":0,"duration":0.026333540999999967,"rate":73953859.83221939,"totalPublicGas":{"daGas":2368,"l2Gas":1947467},"totalBlockGas":{"daGas":3744,"l2Gas":2674217},"totalSizeInBytes":3744,"silentlySkippedCount":0,"silentlySkippedDurationMs":0}
[04:15:19.924] INFO: simulator:public-processor Processed 1 successful txs and 0 failed txs (0 silently skipped, 0ms wasted) in 0.004088707999995677s {"blockNumber":9,"successfulCount":1,"failedCount":0,"duration":0.004088707999995677,"rate":2829989.326704728,"totalPublicGas":{"daGas":0,"l2Gas":11571},"totalBlockGas":{"daGas":0,"l2Gas":11571},"totalSizeInBytes":128,"silentlySkippedCount":0,"silentlySkippedDurationMs":0}
[04:15:19.951] INFO: simulator:public-processor Processed 1 successful txs and 0 failed txs (0 silently skipped, 0ms wasted) in 0.017288042000000132s {"blockNumber":9,"successfulCount":1,"failedCount":0,"duration":0.017288042000000132,"rate":71244389.6191362,"totalPublicGas":{"daGas":2176,"l2Gas":1231676},"totalBlockGas":{"daGas":2176,"l2Gas":1231676},"totalSizeInBytes":2304,"silentlySkippedCount":0,"silentlySkippedDurationMs":0}
[04:15:19.980] INFO: simulator:public-processor Processed 1 successful txs and 0 failed txs (0 silently skipped, 0ms wasted) in 0.004225375000001804s {"blockNumber":10,"successfulCount":1,"failedCount":0,"duration":0.004225375000001804,"rate":2738455.166700011,"totalPublicGas":{"daGas":0,"l2Gas":11571},"totalBlockGas":{"daGas":0,"l2Gas":11571},"totalSizeInBytes":128,"silentlySkippedCount":0,"silentlySkippedDurationMs":0}
[04:15:19.995] INFO: simulator:public-processor Processed 1 successful txs and 0 failed txs (0 silently skipped, 0ms wasted) in 0.004718791999999666s {"blockNumber":10,"successfulCount":1,"failedCount":0,"duration":0.004718791999999666,"rate":7646872.335123598,"totalPublicGas":{"daGas":0,"l2Gas":36084},"totalBlockGas":{"daGas":0,"l2Gas":36084},"totalSizeInBytes":128,"silentlySkippedCount":0,"silentlySkippedDurationMs":0}
[04:15:19.997] WARN: txe:top_level_context Could not find function artifact in contract Billboard for function '0x53843f0d' when enriching error callstack
[04:15:20.245] INFO: kv-store:lmdb-v2 Starting data store with maxReaders 2
[04:15:20.246] INFO: world-state:database Creating world state data store at directory /var/folders/ym/q1vh2x5n58xbsmpmvs5_6w3r0000gn/T/aztec-world-state-dq3YdW/world_state with map sizes {"archiveTreeMapSizeKb":10485760,"nullifierTreeMapSizeKb":10485760,"noteHashTreeMapSizeKb":10485760,"messageTreeMapSizeKb":10485760,"publicDataTreeMapSizeKb":10485760} and 2 threads (ephemeral=true).
[04:15:20.255] INFO: txe_node Aztec Node version: txe
[04:15:20.255] INFO: txe_node Aztec Node started on chain 0x1
[04:15:20.267] INFO: txe:top_level_context Created block 1 with timestamp 1789442120
[04:15:20.305] INFO: txe:top_level_context Created block 2 with timestamp 1789442120
[04:15:20.372] INFO: simulator:public-processor Processed 1 successful txs and 0 failed txs (0 silently skipped, 0ms wasted) in 0.037752583000001325s {"blockNumber":3,"successfulCount":1,"failedCount":0,"duration":0.037752583000001325,"rate":85719962.52547505,"totalPublicGas":{"daGas":4000,"l2Gas":3236150},"totalBlockGas":{"daGas":4000,"l2Gas":3236150},"totalSizeInBytes":4128,"silentlySkippedCount":0,"silentlySkippedDurationMs":0}
[04:15:20.480] INFO: simulator:public-processor Processed 1 successful txs and 0 failed txs (0 silently skipped, 0ms wasted) in 0.013146332999996957s {"blockNumber":4,"successfulCount":1,"failedCount":0,"duration":0.013146332999996957,"rate":86760315.59525108,"totalPublicGas":{"daGas":192,"l2Gas":1140580},"totalBlockGas":{"daGas":320,"l2Gas":1731380},"totalSizeInBytes":320,"silentlySkippedCount":0,"silentlySkippedDurationMs":0}
[04:15:20.508] INFO: txe:top_level_context Created block 5 with timestamp 1789442120
[04:15:20.658] INFO: simulator:public-processor Processed 1 successful txs and 0 failed txs (0 silently skipped, 0ms wasted) in 0.0037335000000020954s {"blockNumber":6,"successfulCount":1,"failedCount":0,"duration":0.0037335000000020954,"rate":0,"totalPublicGas":{"daGas":0,"l2Gas":0},"totalBlockGas":{"daGas":1984,"l2Gas":529900},"totalSizeInBytes":1984,"silentlySkippedCount":0,"silentlySkippedDurationMs":0}
[04:15:20.685] INFO: txe:top_level_context Created block 7 with timestamp 1789445721
[billboard_test] Testing test_full_flow_first_post ... [0m[32mok[0m
[04:15:21.236] INFO: simulator:public-processor Processed 1 successful txs and 0 failed txs (0 silently skipped, 0ms wasted) in 0.026223125000004073s {"blockNumber":8,"successfulCount":1,"failedCount":0,"duration":0.026223125000004073,"rate":74265252.52042605,"totalPublicGas":{"daGas":2368,"l2Gas":1947467},"totalBlockGas":{"daGas":3744,"l2Gas":2674217},"totalSizeInBytes":3744,"silentlySkippedCount":0,"silentlySkippedDurationMs":0}
[04:15:21.267] INFO: simulator:public-processor Processed 1 successful txs and 0 failed txs (0 silently skipped, 0ms wasted) in 0.00451249999999709s {"blockNumber":9,"successfulCount":1,"failedCount":0,"duration":0.00451249999999709,"rate":1955900.2770095714,"totalPublicGas":{"daGas":0,"l2Gas":8826},"totalBlockGas":{"daGas":0,"l2Gas":8826},"totalSizeInBytes":128,"silentlySkippedCount":0,"silentlySkippedDurationMs":0}
[04:15:21.283] INFO: simulator:public-processor Processed 1 successful txs and 0 failed txs (0 silently skipped, 0ms wasted) in 0.005596958000001905s {"blockNumber":9,"successfulCount":1,"failedCount":0,"duration":0.005596958000001905,"rate":2067373.0265612253,"totalPublicGas":{"daGas":0,"l2Gas":11571},"totalBlockGas":{"daGas":0,"l2Gas":11571},"totalSizeInBytes":128,"silentlySkippedCount":0,"silentlySkippedDurationMs":0}
[04:15:21.301] INFO: simulator:public-processor Processed 1 successful txs and 0 failed txs (0 silently skipped, 0ms wasted) in 0.007076999999997497s {"blockNumber":9,"successfulCount":1,"failedCount":0,"duration":0.007076999999997497,"rate":21765154.72658676,"totalPublicGas":{"daGas":0,"l2Gas":154032},"totalBlockGas":{"daGas":0,"l2Gas":154032},"totalSizeInBytes":128,"silentlySkippedCount":0,"silentlySkippedDurationMs":0}
[04:15:21.316] INFO: simulator:public-processor Processed 1 successful txs and 0 failed txs (0 silently skipped, 0ms wasted) in 0.0045118339999971795s {"blockNumber":9,"successfulCount":1,"failedCount":0,"duration":0.0045118339999971795,"rate":2564589.034083974,"totalPublicGas":{"daGas":0,"l2Gas":11571},"totalBlockGas":{"daGas":0,"l2Gas":11571},"totalSizeInBytes":128,"silentlySkippedCount":0,"silentlySkippedDurationMs":0}
[04:15:21.331] INFO: simulator:public-processor Processed 1 successful txs and 0 failed txs (0 silently skipped, 0ms wasted) in 0.004440291000006254s {"blockNumber":9,"successfulCount":1,"failedCount":0,"duration":0.004440291000006254,"rate":2898458.6820958066,"totalPublicGas":{"daGas":0,"l2Gas":12870},"totalBlockGas":{"daGas":0,"l2Gas":12870},"totalSizeInBytes":128,"silentlySkippedCount":0,"silentlySkippedDurationMs":0}
[04:15:21.894] INFO: kv-store:lmdb-v2 Starting data store with maxReaders 2
[04:15:21.894] INFO: world-state:database Creating world state data store at directory /var/folders/ym/q1vh2x5n58xbsmpmvs5_6w3r0000gn/T/aztec-world-state-dpEodl/world_state with map sizes {"archiveTreeMapSizeKb":10485760,"nullifierTreeMapSizeKb":10485760,"noteHashTreeMapSizeKb":10485760,"messageTreeMapSizeKb":10485760,"publicDataTreeMapSizeKb":10485760} and 2 threads (ephemeral=true).
[04:15:21.903] INFO: txe_node Aztec Node version: txe
[04:15:21.903] INFO: txe_node Aztec Node started on chain 0x1
[04:15:21.915] INFO: txe:top_level_context Created block 1 with timestamp 1789442121
[04:15:21.951] INFO: txe:top_level_context Created block 2 with timestamp 1789442121
[04:15:22.016] INFO: simulator:public-processor Processed 1 successful txs and 0 failed txs (0 silently skipped, 0ms wasted) in 0.03805695800000103s {"blockNumber":3,"successfulCount":1,"failedCount":0,"duration":0.03805695800000103,"rate":85034384.51386242,"totalPublicGas":{"daGas":4000,"l2Gas":3236150},"totalBlockGas":{"daGas":4000,"l2Gas":3236150},"totalSizeInBytes":4128,"silentlySkippedCount":0,"silentlySkippedDurationMs":0}
[04:15:22.129] INFO: simulator:public-processor Processed 1 successful txs and 0 failed txs (0 silently skipped, 0ms wasted) in 0.01330712499999936s {"blockNumber":4,"successfulCount":1,"failedCount":0,"duration":0.01330712499999936,"rate":85711977.60598588,"totalPublicGas":{"daGas":192,"l2Gas":1140580},"totalBlockGas":{"daGas":320,"l2Gas":1731380},"totalSizeInBytes":320,"silentlySkippedCount":0,"silentlySkippedDurationMs":0}
[04:15:22.156] INFO: txe:top_level_context Created block 5 with timestamp 1789442121
[04:15:22.309] INFO: simulator:public-processor Processed 1 successful txs and 0 failed txs (0 silently skipped, 0ms wasted) in 0.003787541000005149s {"blockNumber":6,"successfulCount":1,"failedCount":0,"duration":0.003787541000005149,"rate":0,"totalPublicGas":{"daGas":0,"l2Gas":0},"totalBlockGas":{"daGas":1984,"l2Gas":529900},"totalSizeInBytes":1984,"silentlySkippedCount":0,"silentlySkippedDurationMs":0}
[04:15:22.338] INFO: txe:top_level_context Created block 7 with timestamp 1789445722
[04:15:22.897] INFO: simulator:public-processor Processed 1 successful txs and 0 failed txs (0 silently skipped, 0ms wasted) in 0.026847291999998562s {"blockNumber":8,"successfulCount":1,"failedCount":0,"duration":0.026847291999998562,"rate":72538675.40905446,"totalPublicGas":{"daGas":2368,"l2Gas":1947467},"totalBlockGas":{"daGas":3744,"l2Gas":2674217},"totalSizeInBytes":3744,"silentlySkippedCount":0,"silentlySkippedDurationMs":0}
[04:15:22.926] INFO: simulator:public-processor Processed 1 successful txs and 0 failed txs (0 silently skipped, 0ms wasted) in 0.004248082999998587s {"blockNumber":9,"successfulCount":1,"failedCount":0,"duration":0.004248082999998587,"rate":2723816.836912991,"totalPublicGas":{"daGas":0,"l2Gas":11571},"totalBlockGas":{"daGas":0,"l2Gas":11571},"totalSizeInBytes":128,"silentlySkippedCount":0,"silentlySkippedDurationMs":0}
[04:15:22.953] INFO: simulator:public-processor Processed 1 successful txs and 0 failed txs (0 silently skipped, 0ms wasted) in 0.017353374999998776s {"blockNumber":9,"successfulCount":1,"failedCount":0,"duration":0.017353374999998776,"rate":70976164.57894138,"totalPublicGas":{"daGas":2176,"l2Gas":1231676},"totalBlockGas":{"daGas":2176,"l2Gas":1231676},"totalSizeInBytes":2304,"silentlySkippedCount":0,"silentlySkippedDurationMs":0}
[04:15:22.981] INFO: txe:top_level_context Created block 10 with timestamp 1789449322
[04:15:23.175] INFO: kv-store:lmdb-v2 Starting data store with maxReaders 2
[04:15:23.176] INFO: world-state:database Creating world state data store at directory /var/folders/ym/q1vh2x5n58xbsmpmvs5_6w3r0000gn/T/aztec-world-state-dEutTN/world_state with map sizes {"archiveTreeMapSizeKb":10485760,"nullifierTreeMapSizeKb":10485760,"noteHashTreeMapSizeKb":10485760,"messageTreeMapSizeKb":10485760,"publicDataTreeMapSizeKb":10485760} and 2 threads (ephemeral=true).
[04:15:23.184] INFO: txe_node Aztec Node version: txe
[04:15:23.184] INFO: txe_node Aztec Node started on chain 0x1
[04:15:23.196] INFO: txe:top_level_context Created block 1 with timestamp 1789442123
[04:15:23.234] INFO: txe:top_level_context Created block 2 with timestamp 1789442123
[04:15:23.465] INFO: simulator:public-processor Processed 1 successful txs and 0 failed txs (0 silently skipped, 0ms wasted) in 0.19638320799999928s {"blockNumber":3,"successfulCount":1,"failedCount":0,"duration":0.19638320799999928,"rate":16478751.075295663,"totalPublicGas":{"daGas":4000,"l2Gas":3236150},"totalBlockGas":{"daGas":4000,"l2Gas":3236150},"totalSizeInBytes":4128,"silentlySkippedCount":0,"silentlySkippedDurationMs":0}
[04:15:23.602] INFO: simulator:public-processor Processed 1 successful txs and 0 failed txs (0 silently skipped, 0ms wasted) in 0.028800624999996218s {"blockNumber":11,"successfulCount":1,"failedCount":0,"duration":0.028800624999996218,"rate":67618914.52009308,"totalPublicGas":{"daGas":2368,"l2Gas":1947467},"totalBlockGas":{"daGas":3744,"l2Gas":2674217},"totalSizeInBytes":3744,"silentlySkippedCount":0,"silentlySkippedDurationMs":0}
[04:15:23.637] INFO: txe:top_level_context Created block 12 with timestamp 1789463720
[04:15:23.660] INFO: simulator:public-processor Processed 1 successful txs and 0 failed txs (0 silently skipped, 0ms wasted) in 0.0239965830000001s {"blockNumber":4,"successfulCount":1,"failedCount":0,"duration":0.0239965830000001,"rate":47530933.88337812,"totalPublicGas":{"daGas":192,"l2Gas":1140580},"totalBlockGas":{"daGas":320,"l2Gas":1731380},"totalSizeInBytes":320,"silentlySkippedCount":0,"silentlySkippedDurationMs":0}
[04:15:23.708] INFO: txe:top_level_context Created block 5 with timestamp 1789442123
[04:15:23.941] INFO: simulator:public-processor Processed 1 successful txs and 0 failed txs (0 silently skipped, 0ms wasted) in 0.0037792499999995924s {"blockNumber":6,"successfulCount":1,"failedCount":0,"duration":0.0037792499999995924,"rate":0,"totalPublicGas":{"daGas":0,"l2Gas":0},"totalBlockGas":{"daGas":1984,"l2Gas":529900},"totalSizeInBytes":1984,"silentlySkippedCount":0,"silentlySkippedDurationMs":0}
[billboard_test] Testing test_full_flow_flag_penalty_post3_too_early ... [0m[32mok[0m
[billboard_test] Testing test_full_flow_get_deposit_info ... [0m[32mok[0m
[04:15:26.231] INFO: kv-store:lmdb-v2 Starting data store with maxReaders 2
[04:15:26.232] INFO: world-state:database Creating world state data store at directory /var/folders/ym/q1vh2x5n58xbsmpmvs5_6w3r0000gn/T/aztec-world-state-Po1zm9/world_state with map sizes {"archiveTreeMapSizeKb":10485760,"nullifierTreeMapSizeKb":10485760,"noteHashTreeMapSizeKb":10485760,"messageTreeMapSizeKb":10485760,"publicDataTreeMapSizeKb":10485760} and 2 threads (ephemeral=true).
[04:15:26.241] INFO: txe_node Aztec Node version: txe
[04:15:26.241] INFO: txe_node Aztec Node started on chain 0x1
[04:15:26.252] INFO: txe:top_level_context Created block 1 with timestamp 1789442126
[04:15:26.288] INFO: txe:top_level_context Created block 2 with timestamp 1789442126
[04:15:26.364] INFO: kv-store:lmdb-v2 Starting data store with maxReaders 2
[04:15:26.365] INFO: world-state:database Creating world state data store at directory /var/folders/ym/q1vh2x5n58xbsmpmvs5_6w3r0000gn/T/aztec-world-state-lxxdCx/world_state with map sizes {"archiveTreeMapSizeKb":10485760,"nullifierTreeMapSizeKb":10485760,"noteHashTreeMapSizeKb":10485760,"messageTreeMapSizeKb":10485760,"publicDataTreeMapSizeKb":10485760} and 2 threads (ephemeral=true).
[04:15:26.374] INFO: txe_node Aztec Node version: txe
[04:15:26.374] INFO: txe_node Aztec Node started on chain 0x1
[04:15:26.377] INFO: simulator:public-processor Processed 1 successful txs and 0 failed txs (0 silently skipped, 0ms wasted) in 0.041807375000003956s {"blockNumber":3,"successfulCount":1,"failedCount":0,"duration":0.041807375000003956,"rate":77406199.26507449,"totalPublicGas":{"daGas":4000,"l2Gas":3236150},"totalBlockGas":{"daGas":4000,"l2Gas":3236150},"totalSizeInBytes":4128,"silentlySkippedCount":0,"silentlySkippedDurationMs":0}
[04:15:26.386] INFO: txe:top_level_context Created block 1 with timestamp 1789442126
[04:15:26.449] INFO: txe:top_level_context Created block 2 with timestamp 1789442126
[04:15:26.518] INFO: simulator:public-processor Processed 1 successful txs and 0 failed txs (0 silently skipped, 0ms wasted) in 0.013239125000000058s {"blockNumber":4,"successfulCount":1,"failedCount":0,"duration":0.013239125000000058,"rate":86152219.27430966,"totalPublicGas":{"daGas":192,"l2Gas":1140580},"totalBlockGas":{"daGas":320,"l2Gas":1731380},"totalSizeInBytes":320,"silentlySkippedCount":0,"silentlySkippedDurationMs":0}
[04:15:26.526] INFO: simulator:public-processor Processed 1 successful txs and 0 failed txs (0 silently skipped, 0ms wasted) in 0.039562541999999666s {"blockNumber":3,"successfulCount":1,"failedCount":0,"duration":0.039562541999999666,"rate":81798333.3831286,"totalPublicGas":{"daGas":4000,"l2Gas":3236150},"totalBlockGas":{"daGas":4000,"l2Gas":3236150},"totalSizeInBytes":4128,"silentlySkippedCount":0,"silentlySkippedDurationMs":0}
[04:15:26.552] INFO: txe:top_level_context Created block 5 with timestamp 1789442126
[04:15:26.684] INFO: simulator:public-processor Processed 1 successful txs and 0 failed txs (0 silently skipped, 0ms wasted) in 0.028777333999998517s {"blockNumber":4,"successfulCount":1,"failedCount":0,"duration":0.028777333999998517,"rate":39634665.25426083,"totalPublicGas":{"daGas":192,"l2Gas":1140580},"totalBlockGas":{"daGas":320,"l2Gas":1731380},"totalSizeInBytes":320,"silentlySkippedCount":0,"silentlySkippedDurationMs":0}
[04:15:26.724] INFO: txe:top_level_context Created block 5 with timestamp 1789442126
[04:15:26.733] INFO: simulator:public-processor Processed 1 successful txs and 0 failed txs (0 silently skipped, 0ms wasted) in 0.003752082999999402s {"blockNumber":6,"successfulCount":1,"failedCount":0,"duration":0.003752082999999402,"rate":0,"totalPublicGas":{"daGas":0,"l2Gas":0},"totalBlockGas":{"daGas":1984,"l2Gas":529900},"totalSizeInBytes":1984,"silentlySkippedCount":0,"silentlySkippedDurationMs":0}
[04:15:26.764] INFO: txe:top_level_context Created block 7 with timestamp 1789445727
[04:15:26.956] INFO: simulator:public-processor Processed 1 successful txs and 0 failed txs (0 silently skipped, 0ms wasted) in 0.0037781669999967563s {"blockNumber":6,"successfulCount":1,"failedCount":0,"duration":0.0037781669999967563,"rate":0,"totalPublicGas":{"daGas":0,"l2Gas":0},"totalBlockGas":{"daGas":1984,"l2Gas":529900},"totalSizeInBytes":1984,"silentlySkippedCount":0,"silentlySkippedDurationMs":0}
[04:15:26.997] INFO: txe:top_level_context Created block 7 with timestamp 1789442226
[04:15:27.535] INFO: simulator:public-processor Processed 1 successful txs and 0 failed txs (0 silently skipped, 0ms wasted) in 0.029476082999994106s {"blockNumber":8,"successfulCount":1,"failedCount":0,"duration":0.029476082999994106,"rate":66069395.99133268,"totalPublicGas":{"daGas":2368,"l2Gas":1947467},"totalBlockGas":{"daGas":3744,"l2Gas":2674217},"totalSizeInBytes":3744,"silentlySkippedCount":0,"silentlySkippedDurationMs":0}
[04:15:27.570] INFO: simulator:public-processor Processed 1 successful txs and 0 failed txs (0 silently skipped, 0ms wasted) in 0.004341958000004524s {"blockNumber":9,"successfulCount":1,"failedCount":0,"duration":0.004341958000004524,"rate":2032723.4855774294,"totalPublicGas":{"daGas":0,"l2Gas":8826},"totalBlockGas":{"daGas":0,"l2Gas":8826},"totalSizeInBytes":128,"silentlySkippedCount":0,"silentlySkippedDurationMs":0}
[04:15:27.587] INFO: txe:top_level_context Created block 9 with timestamp 1789449328
[billboard_test] Testing test_full_flow_post_too_early ... [0m[32mok[0m
[04:15:28.329] INFO: simulator:public-processor Processed 1 successful txs and 0 failed txs (0 silently skipped, 0ms wasted) in 0.028202083000003767s {"blockNumber":10,"successfulCount":1,"failedCount":0,"duration":0.028202083000003767,"rate":69054012.78337277,"totalPublicGas":{"daGas":2368,"l2Gas":1947467},"totalBlockGas":{"daGas":3744,"l2Gas":2674217},"totalSizeInBytes":3744,"silentlySkippedCount":0,"silentlySkippedDurationMs":0}
[04:15:28.360] INFO: simulator:public-processor Processed 1 successful txs and 0 failed txs (0 silently skipped, 0ms wasted) in 0.004130792000003567s {"blockNumber":11,"successfulCount":1,"failedCount":0,"duration":0.004130792000003567,"rate":2136636.267328972,"totalPublicGas":{"daGas":0,"l2Gas":8826},"totalBlockGas":{"daGas":0,"l2Gas":8826},"totalSizeInBytes":128,"silentlySkippedCount":0,"silentlySkippedDurationMs":0}
[04:15:28.373] INFO: txe:top_level_context Created block 11 with timestamp 1789452929
[billboard_test] Testing test_full_flow_multiple_posts ... [0m[32mok[0m
[04:15:28.944] INFO: simulator:public-processor Processed 1 successful txs and 0 failed txs (0 silently skipped, 0ms wasted) in 0.02654162499999802s {"blockNumber":12,"successfulCount":1,"failedCount":0,"duration":0.02654162499999802,"rate":73374068.09116417,"totalPublicGas":{"daGas":2368,"l2Gas":1947467},"totalBlockGas":{"daGas":3744,"l2Gas":2674217},"totalSizeInBytes":3744,"silentlySkippedCount":0,"silentlySkippedDurationMs":0}
[04:15:28.974] INFO: simulator:public-processor Processed 1 successful txs and 0 failed txs (0 silently skipped, 0ms wasted) in 0.004233541999994486s {"blockNumber":13,"successfulCount":1,"failedCount":0,"duration":0.004233541999994486,"rate":2084779.128212616,"totalPublicGas":{"daGas":0,"l2Gas":8826},"totalBlockGas":{"daGas":0,"l2Gas":8826},"totalSizeInBytes":128,"silentlySkippedCount":0,"silentlySkippedDurationMs":0}
[04:15:28.988] INFO: simulator:public-processor Processed 1 successful txs and 0 failed txs (0 silently skipped, 0ms wasted) in 0.004136166999996931s {"blockNumber":13,"successfulCount":1,"failedCount":0,"duration":0.004136166999996931,"rate":2797517.605069763,"totalPublicGas":{"daGas":0,"l2Gas":11571},"totalBlockGas":{"daGas":0,"l2Gas":11571},"totalSizeInBytes":128,"silentlySkippedCount":0,"silentlySkippedDurationMs":0}
[04:15:29.005] INFO: simulator:public-processor Processed 1 successful txs and 0 failed txs (0 silently skipped, 0ms wasted) in 0.006835500000001047s {"blockNumber":13,"successfulCount":1,"failedCount":0,"duration":0.006835500000001047,"rate":22534123.3267466,"totalPublicGas":{"daGas":0,"l2Gas":154032},"totalBlockGas":{"daGas":0,"l2Gas":154032},"totalSizeInBytes":128,"silentlySkippedCount":0,"silentlySkippedDurationMs":0}
[04:15:29.019] INFO: simulator:public-processor Processed 1 successful txs and 0 failed txs (0 silently skipped, 0ms wasted) in 0.004056042000003799s {"blockNumber":13,"successfulCount":1,"failedCount":0,"duration":0.004056042000003799,"rate":2852781.1102521033,"totalPublicGas":{"daGas":0,"l2Gas":11571},"totalBlockGas":{"daGas":0,"l2Gas":11571},"totalSizeInBytes":128,"silentlySkippedCount":0,"silentlySkippedDurationMs":0}
[04:15:29.036] INFO: simulator:public-processor Processed 1 successful txs and 0 failed txs (0 silently skipped, 0ms wasted) in 0.006861041000003752s {"blockNumber":13,"successfulCount":1,"failedCount":0,"duration":0.006861041000003752,"rate":22450237.507677883,"totalPublicGas":{"daGas":0,"l2Gas":154032},"totalBlockGas":{"daGas":0,"l2Gas":154032},"totalSizeInBytes":128,"silentlySkippedCount":0,"silentlySkippedDurationMs":0}
[04:15:29.050] INFO: simulator:public-processor Processed 1 successful txs and 0 failed txs (0 silently skipped, 0ms wasted) in 0.003919999999998254s {"blockNumber":13,"successfulCount":1,"failedCount":0,"duration":0.003919999999998254,"rate":2951785.714287029,"totalPublicGas":{"daGas":0,"l2Gas":11571},"totalBlockGas":{"daGas":0,"l2Gas":11571},"totalSizeInBytes":128,"silentlySkippedCount":0,"silentlySkippedDurationMs":0}
[04:15:29.066] INFO: simulator:public-processor Processed 1 successful txs and 0 failed txs (0 silently skipped, 0ms wasted) in 0.006621375000002445s {"blockNumber":13,"successfulCount":1,"failedCount":0,"duration":0.006621375000002445,"rate":23262841.932369504,"totalPublicGas":{"daGas":0,"l2Gas":154032},"totalBlockGas":{"daGas":0,"l2Gas":154032},"totalSizeInBytes":128,"silentlySkippedCount":0,"silentlySkippedDurationMs":0}
[04:15:29.721] INFO: kv-store:lmdb-v2 Starting data store with maxReaders 2
[04:15:29.722] INFO: world-state:database Creating world state data store at directory /var/folders/ym/q1vh2x5n58xbsmpmvs5_6w3r0000gn/T/aztec-world-state-jCtx8H/world_state with map sizes {"archiveTreeMapSizeKb":10485760,"nullifierTreeMapSizeKb":10485760,"noteHashTreeMapSizeKb":10485760,"messageTreeMapSizeKb":10485760,"publicDataTreeMapSizeKb":10485760} and 2 threads (ephemeral=true).
[04:15:29.735] INFO: txe_node Aztec Node version: txe
[04:15:29.735] INFO: txe_node Aztec Node started on chain 0x1
[04:15:29.748] INFO: txe:top_level_context Created block 1 with timestamp 1789442129
[04:15:29.795] INFO: txe:top_level_context Created block 2 with timestamp 1789442129
[04:15:29.865] INFO: simulator:public-processor Processed 1 successful txs and 0 failed txs (0 silently skipped, 0ms wasted) in 0.03777508400000079s {"blockNumber":3,"successfulCount":1,"failedCount":0,"duration":0.03777508400000079,"rate":85668902.81435065,"totalPublicGas":{"daGas":4000,"l2Gas":3236150},"totalBlockGas":{"daGas":4000,"l2Gas":3236150},"totalSizeInBytes":4128,"silentlySkippedCount":0,"silentlySkippedDurationMs":0}
[04:15:29.977] INFO: simulator:public-processor Processed 1 successful txs and 0 failed txs (0 silently skipped, 0ms wasted) in 0.013107499999998254s {"blockNumber":4,"successfulCount":1,"failedCount":0,"duration":0.013107499999998254,"rate":87017356.475312,"totalPublicGas":{"daGas":192,"l2Gas":1140580},"totalBlockGas":{"daGas":320,"l2Gas":1731380},"totalSizeInBytes":320,"silentlySkippedCount":0,"silentlySkippedDurationMs":0}
[04:15:30.005] INFO: txe:top_level_context Created block 5 with timestamp 1789442129
[04:15:30.156] INFO: simulator:public-processor Processed 1 successful txs and 0 failed txs (0 silently skipped, 0ms wasted) in 0.003504333000004408s {"blockNumber":6,"successfulCount":1,"failedCount":0,"duration":0.003504333000004408,"rate":0,"totalPublicGas":{"daGas":0,"l2Gas":0},"totalBlockGas":{"daGas":1984,"l2Gas":529900},"totalSizeInBytes":1984,"silentlySkippedCount":0,"silentlySkippedDurationMs":0}
[04:15:30.183] INFO: txe:top_level_context Created block 7 with timestamp 1789445730
[04:15:30.743] INFO: simulator:public-processor Processed 1 successful txs and 0 failed txs (0 silently skipped, 0ms wasted) in 0.0264742499999993s {"blockNumber":8,"successfulCount":1,"failedCount":0,"duration":0.0264742499999993,"rate":73560799.64493994,"totalPublicGas":{"daGas":2368,"l2Gas":1947467},"totalBlockGas":{"daGas":3744,"l2Gas":2674217},"totalSizeInBytes":3744,"silentlySkippedCount":0,"silentlySkippedDurationMs":0}
[04:15:30.771] INFO: txe:top_level_context Created block 9 with timestamp 1789449331
[04:15:31.165] INFO: kv-store:lmdb-v2 Starting data store with maxReaders 2
[04:15:31.221] INFO: world-state:database Creating world state data store at directory /var/folders/ym/q1vh2x5n58xbsmpmvs5_6w3r0000gn/T/aztec-world-state-YvYFoF/world_state with map sizes {"archiveTreeMapSizeKb":10485760,"nullifierTreeMapSizeKb":10485760,"noteHashTreeMapSizeKb":10485760,"messageTreeMapSizeKb":10485760,"publicDataTreeMapSizeKb":10485760} and 2 threads (ephemeral=true).
[04:15:31.230] INFO: txe_node Aztec Node version: txe
[04:15:31.230] INFO: txe_node Aztec Node started on chain 0x1
[04:15:31.249] INFO: txe:top_level_context Created block 1 with timestamp 1789442131
[04:15:31.344] INFO: txe:top_level_context Created block 2 with timestamp 1789442131
[04:15:31.360] INFO: simulator:public-processor Processed 1 successful txs and 0 failed txs (0 silently skipped, 0ms wasted) in 0.02932600000000093s {"blockNumber":10,"successfulCount":1,"failedCount":0,"duration":0.02932600000000093,"rate":66407522.33512713,"totalPublicGas":{"daGas":2368,"l2Gas":1947467},"totalBlockGas":{"daGas":3744,"l2Gas":2674217},"totalSizeInBytes":3744,"silentlySkippedCount":0,"silentlySkippedDurationMs":0}
[04:15:31.397] INFO: simulator:public-processor Processed 1 successful txs and 0 failed txs (0 silently skipped, 0ms wasted) in 0.004660582999997132s {"blockNumber":11,"successfulCount":1,"failedCount":0,"duration":0.004660582999997132,"rate":1893754.4938059105,"totalPublicGas":{"daGas":0,"l2Gas":8826},"totalBlockGas":{"daGas":0,"l2Gas":8826},"totalSizeInBytes":128,"silentlySkippedCount":0,"silentlySkippedDurationMs":0}
[04:15:31.412] INFO: simulator:public-processor Processed 1 successful txs and 0 failed txs (0 silently skipped, 0ms wasted) in 0.004651916999995592s {"blockNumber":11,"successfulCount":1,"failedCount":0,"duration":0.004651916999995592,"rate":2487361.6618720763,"totalPublicGas":{"daGas":0,"l2Gas":11571},"totalBlockGas":{"daGas":0,"l2Gas":11571},"totalSizeInBytes":128,"silentlySkippedCount":0,"silentlySkippedDurationMs":0}
[04:15:31.413] INFO: simulator:public-processor Processed 1 successful txs and 0 failed txs (0 silently skipped, 0ms wasted) in 0.038938874999999824s {"blockNumber":3,"successfulCount":1,"failedCount":0,"duration":0.038938874999999824,"rate":83108461.65946023,"totalPublicGas":{"daGas":4000,"l2Gas":3236150},"totalBlockGas":{"daGas":4000,"l2Gas":3236150},"totalSizeInBytes":4128,"silentlySkippedCount":0,"silentlySkippedDurationMs":0}
[04:15:31.430] INFO: simulator:public-processor Processed 1 successful txs and 0 failed txs (0 silently skipped, 0ms wasted) in 0.007081833000003826s {"blockNumber":11,"successfulCount":1,"failedCount":0,"duration":0.007081833000003826,"rate":21750301.087291494,"totalPublicGas":{"daGas":0,"l2Gas":154032},"totalBlockGas":{"daGas":0,"l2Gas":154032},"totalSizeInBytes":128,"silentlySkippedCount":0,"silentlySkippedDurationMs":0}
[billboard_test] Testing test_full_flow_second_post_screens_first ... [0m[32mok[0m
[04:15:31.526] INFO: simulator:public-processor Processed 1 successful txs and 0 failed txs (0 silently skipped, 0ms wasted) in 0.012972249999998894s {"blockNumber":4,"successfulCount":1,"failedCount":0,"duration":0.012972249999998894,"rate":87924608.29849079,"totalPublicGas":{"daGas":192,"l2Gas":1140580},"totalBlockGas":{"daGas":320,"l2Gas":1731380},"totalSizeInBytes":320,"silentlySkippedCount":0,"silentlySkippedDurationMs":0}
[04:15:31.553] INFO: txe:top_level_context Created block 5 with timestamp 1789442131
[04:15:31.709] INFO: simulator:public-processor Processed 1 successful txs and 0 failed txs (0 silently skipped, 0ms wasted) in 0.0035484999999971477s {"blockNumber":6,"successfulCount":1,"failedCount":0,"duration":0.0035484999999971477,"rate":0,"totalPublicGas":{"daGas":0,"l2Gas":0},"totalBlockGas":{"daGas":1984,"l2Gas":529900},"totalSizeInBytes":1984,"silentlySkippedCount":0,"silentlySkippedDurationMs":0}
[04:15:31.737] INFO: txe:top_level_context Created block 7 with timestamp 1789445732
[04:15:32.292] INFO: simulator:public-processor Processed 1 successful txs and 0 failed txs (0 silently skipped, 0ms wasted) in 0.02582800000000134s {"blockNumber":8,"successfulCount":1,"failedCount":0,"duration":0.02582800000000134,"rate":75401386.09260876,"totalPublicGas":{"daGas":2368,"l2Gas":1947467},"totalBlockGas":{"daGas":3744,"l2Gas":2674217},"totalSizeInBytes":3744,"silentlySkippedCount":0,"silentlySkippedDurationMs":0}
[04:15:32.320] INFO: simulator:public-processor Processed 1 successful txs and 0 failed txs (0 silently skipped, 0ms wasted) in 0.003976458999997703s {"blockNumber":9,"successfulCount":1,"failedCount":0,"duration":0.003976458999997703,"rate":2909875.343869177,"totalPublicGas":{"daGas":0,"l2Gas":11571},"totalBlockGas":{"daGas":0,"l2Gas":11571},"totalSizeInBytes":128,"silentlySkippedCount":0,"silentlySkippedDurationMs":0}
[04:15:32.348] INFO: simulator:public-processor Processed 1 successful txs and 0 failed txs (0 silently skipped, 0ms wasted) in 0.017746957999996083s {"blockNumber":9,"successfulCount":1,"failedCount":0,"duration":0.017746957999996083,"rate":69402091.33307645,"totalPublicGas":{"daGas":2176,"l2Gas":1231676},"totalBlockGas":{"daGas":2176,"l2Gas":1231676},"totalSizeInBytes":2304,"silentlySkippedCount":0,"silentlySkippedDurationMs":0}
[04:15:32.378] INFO: txe:top_level_context Created block 10 with timestamp 1789449332
[billboard_test] Testing test_full_flow_second_post_with_flag ... [0m[32mok[0m
[04:15:32.946] INFO: simulator:public-processor Processed 1 successful txs and 0 failed txs (0 silently skipped, 0ms wasted) in 0.027147041999996874s {"blockNumber":11,"successfulCount":1,"failedCount":0,"duration":0.027147041999996874,"rate":71737723.76379807,"totalPublicGas":{"daGas":2368,"l2Gas":1947467},"totalBlockGas":{"daGas":3744,"l2Gas":2674217},"totalSizeInBytes":3744,"silentlySkippedCount":0,"silentlySkippedDurationMs":0}
[04:15:32.976] INFO: simulator:public-processor Processed 1 successful txs and 0 failed txs (0 silently skipped, 0ms wasted) in 0.004188207999999576s {"blockNumber":12,"successfulCount":1,"failedCount":0,"duration":0.004188207999999576,"rate":2107345.1939351847,"totalPublicGas":{"daGas":0,"l2Gas":8826},"totalBlockGas":{"daGas":0,"l2Gas":8826},"totalSizeInBytes":128,"silentlySkippedCount":0,"silentlySkippedDurationMs":0}
[04:15:33.346] INFO: kv-store:lmdb-v2 Starting data store with maxReaders 2
[04:15:33.347] INFO: world-state:database Creating world state data store at directory /var/folders/ym/q1vh2x5n58xbsmpmvs5_6w3r0000gn/T/aztec-world-state-AzEiC7/world_state with map sizes {"archiveTreeMapSizeKb":10485760,"nullifierTreeMapSizeKb":10485760,"noteHashTreeMapSizeKb":10485760,"messageTreeMapSizeKb":10485760,"publicDataTreeMapSizeKb":10485760} and 2 threads (ephemeral=true).
[04:15:33.355] INFO: txe_node Aztec Node version: txe
[04:15:33.355] INFO: txe_node Aztec Node started on chain 0x1
[04:15:33.368] INFO: txe:top_level_context Created block 1 with timestamp 1789442133
[04:15:33.410] INFO: txe:top_level_context Created block 2 with timestamp 1789442133
[04:15:33.476] INFO: simulator:public-processor Processed 1 successful txs and 0 failed txs (0 silently skipped, 0ms wasted) in 0.03693000000000029s {"blockNumber":3,"successfulCount":1,"failedCount":0,"duration":0.03693000000000029,"rate":87629298.67316476,"totalPublicGas":{"daGas":4000,"l2Gas":3236150},"totalBlockGas":{"daGas":4000,"l2Gas":3236150},"totalSizeInBytes":4128,"silentlySkippedCount":0,"silentlySkippedDurationMs":0}
[04:15:33.598] INFO: simulator:public-processor Processed 1 successful txs and 0 failed txs (0 silently skipped, 0ms wasted) in 0.013327250000002096s {"blockNumber":4,"successfulCount":1,"failedCount":0,"duration":0.013327250000002096,"rate":85582547.03707221,"totalPublicGas":{"daGas":192,"l2Gas":1140580},"totalBlockGas":{"daGas":320,"l2Gas":1731380},"totalSizeInBytes":320,"silentlySkippedCount":0,"silentlySkippedDurationMs":0}
[04:15:33.626] INFO: txe:top_level_context Created block 5 with timestamp 1789442133
[04:15:33.780] INFO: simulator:public-processor Processed 1 successful txs and 0 failed txs (0 silently skipped, 0ms wasted) in 0.0036684580000001005s {"blockNumber":6,"successfulCount":1,"failedCount":0,"duration":0.0036684580000001005,"rate":0,"totalPublicGas":{"daGas":0,"l2Gas":0},"totalBlockGas":{"daGas":1984,"l2Gas":529900},"totalSizeInBytes":1984,"silentlySkippedCount":0,"silentlySkippedDurationMs":0}
[04:15:33.808] INFO: txe:top_level_context Created block 7 with timestamp 1789445734
[04:15:34.378] INFO: simulator:public-processor Processed 1 successful txs and 0 failed txs (0 silently skipped, 0ms wasted) in 0.028127707999999984s {"blockNumber":8,"successfulCount":1,"failedCount":0,"duration":0.028127707999999984,"rate":69236604.7030921,"totalPublicGas":{"daGas":2368,"l2Gas":1947467},"totalBlockGas":{"daGas":3744,"l2Gas":2674217},"totalSizeInBytes":3744,"silentlySkippedCount":0,"silentlySkippedDurationMs":0}
[04:15:34.408] INFO: txe:top_level_context Created block 9 with timestamp 1789449335
[04:15:34.860] INFO: kv-store:lmdb-v2 Starting data store with maxReaders 2
[04:15:34.860] INFO: world-state:database Creating world state data store at directory /var/folders/ym/q1vh2x5n58xbsmpmvs5_6w3r0000gn/T/aztec-world-state-FhWLZ6/world_state with map sizes {"archiveTreeMapSizeKb":10485760,"nullifierTreeMapSizeKb":10485760,"noteHashTreeMapSizeKb":10485760,"messageTreeMapSizeKb":10485760,"publicDataTreeMapSizeKb":10485760} and 2 threads (ephemeral=true).
[04:15:34.870] INFO: txe_node Aztec Node version: txe
[04:15:34.870] INFO: txe_node Aztec Node started on chain 0x1
[04:15:34.889] INFO: txe:top_level_context Created block 1 with timestamp 1789442134
[04:15:34.984] INFO: txe:top_level_context Created block 2 with timestamp 1789442134
[04:15:35.001] INFO: simulator:public-processor Processed 1 successful txs and 0 failed txs (0 silently skipped, 0ms wasted) in 0.02817366700000275s {"blockNumber":10,"successfulCount":1,"failedCount":0,"duration":0.02817366700000275,"rate":69123660.75739484,"totalPublicGas":{"daGas":2368,"l2Gas":1947467},"totalBlockGas":{"daGas":3744,"l2Gas":2674217},"totalSizeInBytes":3744,"silentlySkippedCount":0,"silentlySkippedDurationMs":0}
[04:15:35.035] INFO: simulator:public-processor Processed 1 successful txs and 0 failed txs (0 silently skipped, 0ms wasted) in 0.004141000000003259s {"blockNumber":11,"successfulCount":1,"failedCount":0,"duration":0.004141000000003259,"rate":2131369.2344827466,"totalPublicGas":{"daGas":0,"l2Gas":8826},"totalBlockGas":{"daGas":0,"l2Gas":8826},"totalSizeInBytes":128,"silentlySkippedCount":0,"silentlySkippedDurationMs":0}
[04:15:35.049] INFO: simulator:public-processor Processed 1 successful txs and 0 failed txs (0 silently skipped, 0ms wasted) in 0.036814833000004s {"blockNumber":3,"successfulCount":1,"failedCount":0,"duration":0.036814833000004,"rate":87903427.40383063,"totalPublicGas":{"daGas":4000,"l2Gas":3236150},"totalBlockGas":{"daGas":4000,"l2Gas":3236150},"totalSizeInBytes":4128,"silentlySkippedCount":0,"silentlySkippedDurationMs":0}
[billboard_test] Testing test_full_flow_second_post_without_flag ... [0m[32mok[0m
[04:15:35.079] INFO: simulator:public-processor Processed 1 successful txs and 0 failed txs (0 silently skipped, 0ms wasted) in 0.004309500000003027s {"blockNumber":4,"successfulCount":1,"failedCount":0,"duration":0.004309500000003027,"rate":2330664.8103011823,"totalPublicGas":{"daGas":0,"l2Gas":10044},"totalBlockGas":{"daGas":0,"l2Gas":10044},"totalSizeInBytes":128,"silentlySkippedCount":0,"silentlySkippedDurationMs":0}
[04:15:35.085] WARN: txe:top_level_context Could not find function artifact in contract Billboard for function '0x3468ad20' when enriching error callstack
[billboard_test] Testing test_get_post_rejects_invalid_id ... [0m[32mok[0m
[04:15:37.049] INFO: kv-store:lmdb-v2 Starting data store with maxReaders 2
[04:15:37.050] INFO: world-state:database Creating world state data store at directory /var/folders/ym/q1vh2x5n58xbsmpmvs5_6w3r0000gn/T/aztec-world-state-CN4nZA/world_state with map sizes {"archiveTreeMapSizeKb":10485760,"nullifierTreeMapSizeKb":10485760,"noteHashTreeMapSizeKb":10485760,"messageTreeMapSizeKb":10485760,"publicDataTreeMapSizeKb":10485760} and 2 threads (ephemeral=true).
[04:15:37.058] INFO: txe_node Aztec Node version: txe
[04:15:37.058] INFO: txe_node Aztec Node started on chain 0x1
[04:15:37.070] INFO: txe:top_level_context Created block 1 with timestamp 1789442137
[04:15:37.106] INFO: txe:top_level_context Created block 2 with timestamp 1789442137
[04:15:37.107] INFO: kv-store:lmdb-v2 Starting data store with maxReaders 2
[04:15:37.108] INFO: world-state:database Creating world state data store at directory /var/folders/ym/q1vh2x5n58xbsmpmvs5_6w3r0000gn/T/aztec-world-state-602aM0/world_state with map sizes {"archiveTreeMapSizeKb":10485760,"nullifierTreeMapSizeKb":10485760,"noteHashTreeMapSizeKb":10485760,"messageTreeMapSizeKb":10485760,"publicDataTreeMapSizeKb":10485760} and 2 threads (ephemeral=true).
[04:15:37.118] INFO: txe_node Aztec Node version: txe
[04:15:37.118] INFO: txe_node Aztec Node started on chain 0x1
[04:15:37.137] INFO: txe:top_level_context Created block 1 with timestamp 1789442137
[04:15:37.184] INFO: simulator:public-processor Processed 1 successful txs and 0 failed txs (0 silently skipped, 0ms wasted) in 0.04693237500000396s {"blockNumber":3,"successfulCount":1,"failedCount":0,"duration":0.04693237500000396,"rate":68953467.62229116,"totalPublicGas":{"daGas":4000,"l2Gas":3236150},"totalBlockGas":{"daGas":4000,"l2Gas":3236150},"totalSizeInBytes":4128,"silentlySkippedCount":0,"silentlySkippedDurationMs":0}
[04:15:37.194] INFO: txe:top_level_context Created block 2 with timestamp 1789442137
[04:15:37.276] INFO: simulator:public-processor Processed 1 successful txs and 0 failed txs (0 silently skipped, 0ms wasted) in 0.03856195800000569s {"blockNumber":3,"successfulCount":1,"failedCount":0,"duration":0.03856195800000569,"rate":83920790.53660923,"totalPublicGas":{"daGas":4000,"l2Gas":3236150},"totalBlockGas":{"daGas":4000,"l2Gas":3236150},"totalSizeInBytes":4128,"silentlySkippedCount":0,"silentlySkippedDurationMs":0}
[04:15:37.330] INFO: simulator:public-processor Processed 1 successful txs and 0 failed txs (0 silently skipped, 0ms wasted) in 0.017846834000003583s {"blockNumber":4,"successfulCount":1,"failedCount":0,"duration":0.017846834000003583,"rate":63909374.62632146,"totalPublicGas":{"daGas":192,"l2Gas":1140580},"totalBlockGas":{"daGas":320,"l2Gas":1731380},"totalSizeInBytes":320,"silentlySkippedCount":0,"silentlySkippedDurationMs":0}
[04:15:37.364] INFO: txe:top_level_context Created block 5 with timestamp 1789442137
[04:15:37.465] INFO: simulator:public-processor Processed 1 successful txs and 0 failed txs (0 silently skipped, 0ms wasted) in 0.0176270829999994s {"blockNumber":4,"successfulCount":1,"failedCount":0,"duration":0.0176270829999994,"rate":64706111.61245674,"totalPublicGas":{"daGas":192,"l2Gas":1140580},"totalBlockGas":{"daGas":320,"l2Gas":1731380},"totalSizeInBytes":320,"silentlySkippedCount":0,"silentlySkippedDurationMs":0}
[04:15:37.500] INFO: txe:top_level_context Created block 5 with timestamp 1789442137
[04:15:37.619] INFO: simulator:public-processor Processed 1 successful txs and 0 failed txs (0 silently skipped, 0ms wasted) in 0.006448000000003958s {"blockNumber":6,"successfulCount":1,"failedCount":0,"duration":0.006448000000003958,"rate":0,"totalPublicGas":{"daGas":0,"l2Gas":0},"totalBlockGas":{"daGas":1984,"l2Gas":529900},"totalSizeInBytes":1984,"silentlySkippedCount":0,"silentlySkippedDurationMs":0}
[04:15:37.659] INFO: txe:top_level_context Created block 7 with timestamp 1789449338
[04:15:37.891] INFO: simulator:public-processor Processed 1 successful txs and 0 failed txs (0 silently skipped, 0ms wasted) in 0.0040441250000003495s {"blockNumber":6,"successfulCount":1,"failedCount":0,"duration":0.0040441250000003495,"rate":0,"totalPublicGas":{"daGas":0,"l2Gas":0},"totalBlockGas":{"daGas":1984,"l2Gas":529900},"totalSizeInBytes":1984,"silentlySkippedCount":0,"silentlySkippedDurationMs":0}
[04:15:37.932] INFO: txe:top_level_context Created block 7 with timestamp 1789449338
[04:15:38.541] INFO: simulator:public-processor Processed 1 successful txs and 0 failed txs (0 silently skipped, 0ms wasted) in 0.028501917000001414s {"blockNumber":8,"successfulCount":1,"failedCount":0,"duration":0.028501917000001414,"rate":68327579.50982396,"totalPublicGas":{"daGas":2368,"l2Gas":1947467},"totalBlockGas":{"daGas":3744,"l2Gas":2674217},"totalSizeInBytes":3744,"silentlySkippedCount":0,"silentlySkippedDurationMs":0}
[04:15:38.574] INFO: txe:top_level_context Created block 9 with timestamp 1789456539
[04:15:38.957] INFO: simulator:public-processor Processed 1 successful txs and 0 failed txs (0 silently skipped, 0ms wasted) in 0.029033957999999985s {"blockNumber":8,"successfulCount":1,"failedCount":0,"duration":0.029033957999999985,"rate":67075491.39528276,"totalPublicGas":{"daGas":2368,"l2Gas":1947467},"totalBlockGas":{"daGas":3744,"l2Gas":2674217},"totalSizeInBytes":3744,"silentlySkippedCount":0,"silentlySkippedDurationMs":0}
[04:15:38.999] INFO: txe:top_level_context Created block 9 with timestamp 1789456539
[04:15:39.541] INFO: simulator:public-processor Processed 1 successful txs and 0 failed txs (0 silently skipped, 0ms wasted) in 0.028820666999999956s {"blockNumber":10,"successfulCount":1,"failedCount":0,"duration":0.028820666999999956,"rate":67571892.0731433,"totalPublicGas":{"daGas":2368,"l2Gas":1947467},"totalBlockGas":{"daGas":3744,"l2Gas":2674217},"totalSizeInBytes":3744,"silentlySkippedCount":0,"silentlySkippedDurationMs":0}
[04:15:39.574] INFO: txe:top_level_context Created block 11 with timestamp 1789463740
[04:15:39.990] INFO: simulator:public-processor Processed 1 successful txs and 0 failed txs (0 silently skipped, 0ms wasted) in 0.029438416999997573s {"blockNumber":10,"successfulCount":1,"failedCount":0,"duration":0.029438416999997573,"rate":66153930.7633342,"totalPublicGas":{"daGas":2368,"l2Gas":1947467},"totalBlockGas":{"daGas":3744,"l2Gas":2674217},"totalSizeInBytes":3744,"silentlySkippedCount":0,"silentlySkippedDurationMs":0}
[04:15:40.036] INFO: txe:top_level_context Created block 11 with timestamp 1789463740
[04:15:40.566] INFO: simulator:public-processor Processed 1 successful txs and 0 failed txs (0 silently skipped, 0ms wasted) in 0.029286667000000308s {"blockNumber":12,"successfulCount":1,"failedCount":0,"duration":0.029286667000000308,"rate":66496709.91922637,"totalPublicGas":{"daGas":2368,"l2Gas":1947467},"totalBlockGas":{"daGas":3744,"l2Gas":2674217},"totalSizeInBytes":3744,"silentlySkippedCount":0,"silentlySkippedDurationMs":0}
[04:15:40.598] INFO: txe:top_level_context Created block 13 with timestamp 1789470941
[04:15:41.015] INFO: simulator:public-processor Processed 1 successful txs and 0 failed txs (0 silently skipped, 0ms wasted) in 0.028131874999999126s {"blockNumber":12,"successfulCount":1,"failedCount":0,"duration":0.028131874999999126,"rate":69226349.114663,"totalPublicGas":{"daGas":2368,"l2Gas":1947467},"totalBlockGas":{"daGas":3744,"l2Gas":2674217},"totalSizeInBytes":3744,"silentlySkippedCount":0,"silentlySkippedDurationMs":0}
[04:15:41.054] INFO: txe:top_level_context Created block 13 with timestamp 1789470941
[04:15:41.586] INFO: simulator:public-processor Processed 1 successful txs and 0 failed txs (0 silently skipped, 0ms wasted) in 0.02838350000000355s {"blockNumber":14,"successfulCount":1,"failedCount":0,"duration":0.02838350000000355,"rate":68612644.67031044,"totalPublicGas":{"daGas":2368,"l2Gas":1947467},"totalBlockGas":{"daGas":3744,"l2Gas":2674217},"totalSizeInBytes":3744,"silentlySkippedCount":0,"silentlySkippedDurationMs":0}
[04:15:41.621] INFO: txe:top_level_context Created block 15 with timestamp 1789478142
[04:15:42.030] INFO: simulator:public-processor Processed 1 successful txs and 0 failed txs (0 silently skipped, 0ms wasted) in 0.02833758300000045s {"blockNumber":14,"successfulCount":1,"failedCount":0,"duration":0.02833758300000045,"rate":68723821.64703211,"totalPublicGas":{"daGas":2368,"l2Gas":1947467},"totalBlockGas":{"daGas":3744,"l2Gas":2674217},"totalSizeInBytes":3744,"silentlySkippedCount":0,"silentlySkippedDurationMs":0}
[04:15:42.072] INFO: txe:top_level_context Created block 15 with timestamp 1789478142
[04:15:42.596] INFO: simulator:public-processor Processed 1 successful txs and 0 failed txs (0 silently skipped, 0ms wasted) in 0.027633417000004556s {"blockNumber":16,"successfulCount":1,"failedCount":0,"duration":0.027633417000004556,"rate":70475070.09356385,"totalPublicGas":{"daGas":2368,"l2Gas":1947467},"totalBlockGas":{"daGas":3744,"l2Gas":2674217},"totalSizeInBytes":3744,"silentlySkippedCount":0,"silentlySkippedDurationMs":0}
[04:15:42.627] INFO: txe:top_level_context Created block 17 with timestamp 1789485343
[04:15:43.072] INFO: simulator:public-processor Processed 1 successful txs and 0 failed txs (0 silently skipped, 0ms wasted) in 0.031954916000002415s {"blockNumber":16,"successfulCount":1,"failedCount":0,"duration":0.031954916000002415,"rate":60944206.51895479,"totalPublicGas":{"daGas":2368,"l2Gas":1947467},"totalBlockGas":{"daGas":3744,"l2Gas":2674217},"totalSizeInBytes":3744,"silentlySkippedCount":0,"silentlySkippedDurationMs":0}
[04:15:43.107] INFO: txe:top_level_context Created block 17 with timestamp 1789485343
[04:15:43.594] INFO: simulator:public-processor Processed 1 successful txs and 0 failed txs (0 silently skipped, 0ms wasted) in 0.027450207999994744s {"blockNumber":18,"successfulCount":1,"failedCount":0,"duration":0.027450207999994744,"rate":70945436.91619287,"totalPublicGas":{"daGas":2368,"l2Gas":1947467},"totalBlockGas":{"daGas":3744,"l2Gas":2674217},"totalSizeInBytes":3744,"silentlySkippedCount":0,"silentlySkippedDurationMs":0}
[04:15:43.629] INFO: txe:top_level_context Created block 19 with timestamp 1789492544
[04:15:44.066] INFO: simulator:public-processor Processed 1 successful txs and 0 failed txs (0 silently skipped, 0ms wasted) in 0.02852583400000003s {"blockNumber":18,"successfulCount":1,"failedCount":0,"duration":0.02852583400000003,"rate":68270291.41374089,"totalPublicGas":{"daGas":2368,"l2Gas":1947467},"totalBlockGas":{"daGas":3744,"l2Gas":2674217},"totalSizeInBytes":3744,"silentlySkippedCount":0,"silentlySkippedDurationMs":0}
[04:15:44.103] INFO: txe:top_level_context Created block 19 with timestamp 1789492544
[04:15:44.628] INFO: simulator:public-processor Processed 1 successful txs and 0 failed txs (0 silently skipped, 0ms wasted) in 0.028557458000002953s {"blockNumber":20,"successfulCount":1,"failedCount":0,"duration":0.028557458000002953,"rate":68194690.15763932,"totalPublicGas":{"daGas":2368,"l2Gas":1947467},"totalBlockGas":{"daGas":3744,"l2Gas":2674217},"totalSizeInBytes":3744,"silentlySkippedCount":0,"silentlySkippedDurationMs":0}
[04:15:44.662] INFO: txe:top_level_context Created block 21 with timestamp 1789499745
[04:15:45.065] INFO: simulator:public-processor Processed 1 successful txs and 0 failed txs (0 silently skipped, 0ms wasted) in 0.028189958999995723s {"blockNumber":20,"successfulCount":1,"failedCount":0,"duration":0.028189958999995723,"rate":69083711.68614668,"totalPublicGas":{"daGas":2368,"l2Gas":1947467},"totalBlockGas":{"daGas":3744,"l2Gas":2674217},"totalSizeInBytes":3744,"silentlySkippedCount":0,"silentlySkippedDurationMs":0}
[04:15:45.106] INFO: txe:top_level_context Created block 21 with timestamp 1789499745
[04:15:45.628] INFO: simulator:public-processor Processed 1 successful txs and 0 failed txs (0 silently skipped, 0ms wasted) in 0.027728457999997774s {"blockNumber":22,"successfulCount":1,"failedCount":0,"duration":0.027728457999997774,"rate":70233512.44415237,"totalPublicGas":{"daGas":2368,"l2Gas":1947467},"totalBlockGas":{"daGas":3744,"l2Gas":2674217},"totalSizeInBytes":3744,"silentlySkippedCount":0,"silentlySkippedDurationMs":0}
[04:15:45.662] INFO: txe:top_level_context Created block 23 with timestamp 1789506946
[04:15:46.038] INFO: simulator:public-processor Processed 1 successful txs and 0 failed txs (0 silently skipped, 0ms wasted) in 0.028578292000005605s {"blockNumber":22,"successfulCount":1,"failedCount":0,"duration":0.028578292000005605,"rate":68144975.21404071,"totalPublicGas":{"daGas":2368,"l2Gas":1947467},"totalBlockGas":{"daGas":3744,"l2Gas":2674217},"totalSizeInBytes":3744,"silentlySkippedCount":0,"silentlySkippedDurationMs":0}
[04:15:46.067] INFO: txe:top_level_context Created block 23 with timestamp 1789506946
[04:15:46.665] INFO: simulator:public-processor Processed 1 successful txs and 0 failed txs (0 silently skipped, 0ms wasted) in 0.028722083000000568s {"blockNumber":24,"successfulCount":1,"failedCount":0,"duration":0.028722083000000568,"rate":67803821.88854344,"totalPublicGas":{"daGas":2368,"l2Gas":1947467},"totalBlockGas":{"daGas":3744,"l2Gas":2674217},"totalSizeInBytes":3744,"silentlySkippedCount":0,"silentlySkippedDurationMs":0}
[04:15:46.871] INFO: txe:top_level_context Created block 25 with timestamp 1789514147
[04:15:47.003] INFO: simulator:public-processor Processed 1 successful txs and 0 failed txs (0 silently skipped, 0ms wasted) in 0.059960332999995446s {"blockNumber":24,"successfulCount":1,"failedCount":0,"duration":0.059960332999995446,"rate":32479255.91073932,"totalPublicGas":{"daGas":2368,"l2Gas":1947467},"totalBlockGas":{"daGas":3744,"l2Gas":2674217},"totalSizeInBytes":3744,"silentlySkippedCount":0,"silentlySkippedDurationMs":0}
[04:15:47.044] INFO: txe:top_level_context Created block 25 with timestamp 1789514147
[04:15:47.674] INFO: simulator:public-processor Processed 1 successful txs and 0 failed txs (0 silently skipped, 0ms wasted) in 0.02855212500000198s {"blockNumber":26,"successfulCount":1,"failedCount":0,"duration":0.02855212500000198,"rate":68207427.64329678,"totalPublicGas":{"daGas":2368,"l2Gas":1947467},"totalBlockGas":{"daGas":3744,"l2Gas":2674217},"totalSizeInBytes":3744,"silentlySkippedCount":0,"silentlySkippedDurationMs":0}
[04:15:47.881] INFO: txe:top_level_context Created block 27 with timestamp 1789521348
[04:15:48.003] INFO: simulator:public-processor Processed 1 successful txs and 0 failed txs (0 silently skipped, 0ms wasted) in 0.050085416000001715s {"blockNumber":26,"successfulCount":1,"failedCount":0,"duration":0.050085416000001715,"rate":38882915.53772726,"totalPublicGas":{"daGas":2368,"l2Gas":1947467},"totalBlockGas":{"daGas":3744,"l2Gas":2674217},"totalSizeInBytes":3744,"silentlySkippedCount":0,"silentlySkippedDurationMs":0}
[04:15:48.046] INFO: txe:top_level_context Created block 27 with timestamp 1789521348
[04:15:48.653] INFO: simulator:public-processor Processed 1 successful txs and 0 failed txs (0 silently skipped, 0ms wasted) in 0.028228167000008398s {"blockNumber":28,"successfulCount":1,"failedCount":0,"duration":0.028228167000008398,"rate":68990204.00436984,"totalPublicGas":{"daGas":2368,"l2Gas":1947467},"totalBlockGas":{"daGas":3744,"l2Gas":2674217},"totalSizeInBytes":3744,"silentlySkippedCount":0,"silentlySkippedDurationMs":0}
[04:15:48.862] INFO: txe:top_level_context Created block 29 with timestamp 1789528549
[04:15:48.990] INFO: simulator:public-processor Processed 1 successful txs and 0 failed txs (0 silently skipped, 0ms wasted) in 0.05805337500000314s {"blockNumber":28,"successfulCount":1,"failedCount":0,"duration":0.05805337500000314,"rate":33546146.11122772,"totalPublicGas":{"daGas":2368,"l2Gas":1947467},"totalBlockGas":{"daGas":3744,"l2Gas":2674217},"totalSizeInBytes":3744,"silentlySkippedCount":0,"silentlySkippedDurationMs":0}
[04:15:49.031] INFO: txe:top_level_context Created block 29 with timestamp 1789528549
[04:15:49.630] INFO: simulator:public-processor Processed 1 successful txs and 0 failed txs (0 silently skipped, 0ms wasted) in 0.02840912500000559s {"blockNumber":30,"successfulCount":1,"failedCount":0,"duration":0.02840912500000559,"rate":68550756.13907914,"totalPublicGas":{"daGas":2368,"l2Gas":1947467},"totalBlockGas":{"daGas":3744,"l2Gas":2674217},"totalSizeInBytes":3744,"silentlySkippedCount":0,"silentlySkippedDurationMs":0}
[04:15:49.837] INFO: txe:top_level_context Created block 31 with timestamp 1789535750
[04:15:49.997] INFO: simulator:public-processor Processed 1 successful txs and 0 failed txs (0 silently skipped, 0ms wasted) in 0.030778166000003694s {"blockNumber":30,"successfulCount":1,"failedCount":0,"duration":0.030778166000003694,"rate":63274302.958784685,"totalPublicGas":{"daGas":2368,"l2Gas":1947467},"totalBlockGas":{"daGas":3744,"l2Gas":2674217},"totalSizeInBytes":3744,"silentlySkippedCount":0,"silentlySkippedDurationMs":0}
[04:15:50.028] INFO: txe:top_level_context Created block 31 with timestamp 1789535750
[04:15:50.603] INFO: simulator:public-processor Processed 1 successful txs and 0 failed txs (0 silently skipped, 0ms wasted) in 0.029167665999993916s {"blockNumber":32,"successfulCount":1,"failedCount":0,"duration":0.029167665999993916,"rate":66768009.48010054,"totalPublicGas":{"daGas":2368,"l2Gas":1947467},"totalBlockGas":{"daGas":3744,"l2Gas":2674217},"totalSizeInBytes":3744,"silentlySkippedCount":0,"silentlySkippedDurationMs":0}
[04:15:50.795] INFO: txe:top_level_context Created block 33 with timestamp 1789542951
[04:15:51.009] INFO: simulator:public-processor Processed 1 successful txs and 0 failed txs (0 silently skipped, 0ms wasted) in 0.029105999999999767s {"blockNumber":32,"successfulCount":1,"failedCount":0,"duration":0.029105999999999767,"rate":66909468.8380408,"totalPublicGas":{"daGas":2368,"l2Gas":1947467},"totalBlockGas":{"daGas":3744,"l2Gas":2674217},"totalSizeInBytes":3744,"silentlySkippedCount":0,"silentlySkippedDurationMs":0}
[04:15:51.053] INFO: txe:top_level_context Created block 33 with timestamp 1789542951
[04:15:51.569] INFO: simulator:public-processor Processed 1 successful txs and 0 failed txs (0 silently skipped, 0ms wasted) in 0.030072417000003043s {"blockNumber":34,"successfulCount":1,"failedCount":0,"duration":0.030072417000003043,"rate":64759244.326779686,"totalPublicGas":{"daGas":2368,"l2Gas":1947467},"totalBlockGas":{"daGas":3744,"l2Gas":2674217},"totalSizeInBytes":3744,"silentlySkippedCount":0,"silentlySkippedDurationMs":0}
[04:15:51.602] INFO: txe:top_level_context Created block 35 with timestamp 1789550152
[04:15:52.009] INFO: simulator:public-processor Processed 1 successful txs and 0 failed txs (0 silently skipped, 0ms wasted) in 0.02851187499999651s {"blockNumber":34,"successfulCount":1,"failedCount":0,"duration":0.02851187499999651,"rate":68303715.55712272,"totalPublicGas":{"daGas":2368,"l2Gas":1947467},"totalBlockGas":{"daGas":3744,"l2Gas":2674217},"totalSizeInBytes":3744,"silentlySkippedCount":0,"silentlySkippedDurationMs":0}
[04:15:52.048] INFO: txe:top_level_context Created block 35 with timestamp 1789550152
[04:15:52.521] INFO: simulator:public-processor Processed 1 successful txs and 0 failed txs (0 silently skipped, 0ms wasted) in 0.028745624999995924s {"blockNumber":36,"successfulCount":1,"failedCount":0,"duration":0.028745624999995924,"rate":67748292.13142091,"totalPublicGas":{"daGas":2368,"l2Gas":1947467},"totalBlockGas":{"daGas":3744,"l2Gas":2674217},"totalSizeInBytes":3744,"silentlySkippedCount":0,"silentlySkippedDurationMs":0}
[04:15:52.551] INFO: txe:top_level_context Created block 37 with timestamp 1789557353
[04:15:52.982] INFO: simulator:public-processor Processed 1 successful txs and 0 failed txs (0 silently skipped, 0ms wasted) in 0.028545249999995578s {"blockNumber":36,"successfulCount":1,"failedCount":0,"duration":0.028545249999995578,"rate":68223855.10725258,"totalPublicGas":{"daGas":2368,"l2Gas":1947467},"totalBlockGas":{"daGas":3744,"l2Gas":2674217},"totalSizeInBytes":3744,"silentlySkippedCount":0,"silentlySkippedDurationMs":0}
[04:15:53.022] INFO: txe:top_level_context Created block 37 with timestamp 1789557353
[04:15:53.475] INFO: simulator:public-processor Processed 1 successful txs and 0 failed txs (0 silently skipped, 0ms wasted) in 0.028149457999999867s {"blockNumber":38,"successfulCount":1,"failedCount":0,"duration":0.028149457999999867,"rate":69183108.2502551,"totalPublicGas":{"daGas":2368,"l2Gas":1947467},"totalBlockGas":{"daGas":3744,"l2Gas":2674217},"totalSizeInBytes":3744,"silentlySkippedCount":0,"silentlySkippedDurationMs":0}
[04:15:53.511] INFO: simulator:public-processor Processed 1 successful txs and 0 failed txs (0 silently skipped, 0ms wasted) in 0.00436637500001234s {"blockNumber":39,"successfulCount":1,"failedCount":0,"duration":0.00436637500001234,"rate":2021356.3883026666,"totalPublicGas":{"daGas":0,"l2Gas":8826},"totalBlockGas":{"daGas":0,"l2Gas":8826},"totalSizeInBytes":128,"silentlySkippedCount":0,"silentlySkippedDurationMs":0}
[04:15:53.961] INFO: simulator:public-processor Processed 1 successful txs and 0 failed txs (0 silently skipped, 0ms wasted) in 0.02770341699999699s {"blockNumber":38,"successfulCount":1,"failedCount":0,"duration":0.02770341699999699,"rate":70296996.21531205,"totalPublicGas":{"daGas":2368,"l2Gas":1947467},"totalBlockGas":{"daGas":3744,"l2Gas":2674217},"totalSizeInBytes":3744,"silentlySkippedCount":0,"silentlySkippedDurationMs":0}
[04:15:53.996] INFO: txe:top_level_context Created block 39 with timestamp 1789564554
[04:15:54.157] INFO: simulator:public-processor Processed 1 successful txs and 0 failed txs (0 silently skipped, 0ms wasted) in 0.00441991599999892s {"blockNumber":39,"successfulCount":1,"failedCount":0,"duration":0.00441991599999892,"rate":2617923.0555519215,"totalPublicGas":{"daGas":0,"l2Gas":11571},"totalBlockGas":{"daGas":0,"l2Gas":11571},"totalSizeInBytes":128,"silentlySkippedCount":0,"silentlySkippedDurationMs":0}
[billboard_test] Testing test_history_first_page_control ... [0m[32mok[0m
[04:15:54.615] INFO: simulator:public-processor Processed 1 successful txs and 0 failed txs (0 silently skipped, 0ms wasted) in 0.0288267499999929s {"blockNumber":40,"successfulCount":1,"failedCount":0,"duration":0.0288267499999929,"rate":67557633.10121605,"totalPublicGas":{"daGas":2368,"l2Gas":1947467},"totalBlockGas":{"daGas":3744,"l2Gas":2674217},"totalSizeInBytes":3744,"silentlySkippedCount":0,"silentlySkippedDurationMs":0}
[04:15:54.646] INFO: simulator:public-processor Processed 1 successful txs and 0 failed txs (0 silently skipped, 0ms wasted) in 0.004119250000003376s {"blockNumber":41,"successfulCount":1,"failedCount":0,"duration":0.004119250000003376,"rate":2142623.050310801,"totalPublicGas":{"daGas":0,"l2Gas":8826},"totalBlockGas":{"daGas":0,"l2Gas":8826},"totalSizeInBytes":128,"silentlySkippedCount":0,"silentlySkippedDurationMs":0}
[04:15:54.929] INFO: simulator:public-processor Processed 1 successful txs and 0 failed txs (0 silently skipped, 0ms wasted) in 0.004326042000000598s {"blockNumber":41,"successfulCount":1,"failedCount":0,"duration":0.004326042000000598,"rate":2674731.313287851,"totalPublicGas":{"daGas":0,"l2Gas":11571},"totalBlockGas":{"daGas":0,"l2Gas":11571},"totalSizeInBytes":128,"silentlySkippedCount":0,"silentlySkippedDurationMs":0}
[04:15:54.943] INFO: simulator:public-processor Processed 1 successful txs and 0 failed txs (0 silently skipped, 0ms wasted) in 0.0042042499999952266s {"blockNumber":41,"successfulCount":1,"failedCount":0,"duration":0.0042042499999952266,"rate":2752215.02051808,"totalPublicGas":{"daGas":0,"l2Gas":11571},"totalBlockGas":{"daGas":0,"l2Gas":11571},"totalSizeInBytes":128,"silentlySkippedCount":0,"silentlySkippedDurationMs":0}
[04:15:54.957] INFO: simulator:public-processor Processed 1 successful txs and 0 failed txs (0 silently skipped, 0ms wasted) in 0.004176457999987179s {"blockNumber":41,"successfulCount":1,"failedCount":0,"duration":0.004176457999987179,"rate":2770529.4773790427,"totalPublicGas":{"daGas":0,"l2Gas":11571},"totalBlockGas":{"daGas":0,"l2Gas":11571},"totalSizeInBytes":128,"silentlySkippedCount":0,"silentlySkippedDurationMs":0}
[04:15:54.971] INFO: simulator:public-processor Processed 1 successful txs and 0 failed txs (0 silently skipped, 0ms wasted) in 0.003956124999996973s {"blockNumber":41,"successfulCount":1,"failedCount":0,"duration":0.003956124999996973,"rate":2924831.7482407284,"totalPublicGas":{"daGas":0,"l2Gas":11571},"totalBlockGas":{"daGas":0,"l2Gas":11571},"totalSizeInBytes":128,"silentlySkippedCount":0,"silentlySkippedDurationMs":0}
[04:15:54.985] INFO: simulator:public-processor Processed 1 successful txs and 0 failed txs (0 silently skipped, 0ms wasted) in 0.00408741700000246s {"blockNumber":41,"successfulCount":1,"failedCount":0,"duration":0.00408741700000246,"rate":2830883.171448628,"totalPublicGas":{"daGas":0,"l2Gas":11571},"totalBlockGas":{"daGas":0,"l2Gas":11571},"totalSizeInBytes":128,"silentlySkippedCount":0,"silentlySkippedDurationMs":0}
[04:15:54.998] INFO: simulator:public-processor Processed 1 successful txs and 0 failed txs (0 silently skipped, 0ms wasted) in 0.003959583000003476s {"blockNumber":41,"successfulCount":1,"failedCount":0,"duration":0.003959583000003476,"rate":2922277.421635016,"totalPublicGas":{"daGas":0,"l2Gas":11571},"totalBlockGas":{"daGas":0,"l2Gas":11571},"totalSizeInBytes":128,"silentlySkippedCount":0,"silentlySkippedDurationMs":0}
[04:15:55.012] INFO: simulator:public-processor Processed 1 successful txs and 0 failed txs (0 silently skipped, 0ms wasted) in 0.003929458999991766s {"blockNumber":41,"successfulCount":1,"failedCount":0,"duration":0.003929458999991766,"rate":2944680.1709915404,"totalPublicGas":{"daGas":0,"l2Gas":11571},"totalBlockGas":{"daGas":0,"l2Gas":11571},"totalSizeInBytes":128,"silentlySkippedCount":0,"silentlySkippedDurationMs":0}
[04:15:55.026] INFO: simulator:public-processor Processed 1 successful txs and 0 failed txs (0 silently skipped, 0ms wasted) in 0.003974374999990687s {"blockNumber":41,"successfulCount":1,"failedCount":0,"duration":0.003974374999990687,"rate":2911401.163711807,"totalPublicGas":{"daGas":0,"l2Gas":11571},"totalBlockGas":{"daGas":0,"l2Gas":11571},"totalSizeInBytes":128,"silentlySkippedCount":0,"silentlySkippedDurationMs":0}
[04:15:55.041] INFO: simulator:public-processor Processed 1 successful txs and 0 failed txs (0 silently skipped, 0ms wasted) in 0.005276624999998603s {"blockNumber":41,"successfulCount":1,"failedCount":0,"duration":0.005276624999998603,"rate":2192878.9709337056,"totalPublicGas":{"daGas":0,"l2Gas":11571},"totalBlockGas":{"daGas":0,"l2Gas":11571},"totalSizeInBytes":128,"silentlySkippedCount":0,"silentlySkippedDurationMs":0}
[04:15:55.056] INFO: simulator:public-processor Processed 1 successful txs and 0 failed txs (0 silently skipped, 0ms wasted) in 0.004731583999993745s {"blockNumber":41,"successfulCount":1,"failedCount":0,"duration":0.004731583999993745,"rate":2445481.2595560593,"totalPublicGas":{"daGas":0,"l2Gas":11571},"totalBlockGas":{"daGas":0,"l2Gas":11571},"totalSizeInBytes":128,"silentlySkippedCount":0,"silentlySkippedDurationMs":0}
[04:15:55.071] INFO: simulator:public-processor Processed 1 successful txs and 0 failed txs (0 silently skipped, 0ms wasted) in 0.004619374999994761s {"blockNumber":41,"successfulCount":1,"failedCount":0,"duration":0.004619374999994761,"rate":2504884.3187689073,"totalPublicGas":{"daGas":0,"l2Gas":11571},"totalBlockGas":{"daGas":0,"l2Gas":11571},"totalSizeInBytes":128,"silentlySkippedCount":0,"silentlySkippedDurationMs":0}
[04:15:55.086] INFO: simulator:public-processor Processed 1 successful txs and 0 failed txs (0 silently skipped, 0ms wasted) in 0.004300791999994545s {"blockNumber":41,"successfulCount":1,"failedCount":0,"duration":0.004300791999994545,"rate":2690434.6920322296,"totalPublicGas":{"daGas":0,"l2Gas":11571},"totalBlockGas":{"daGas":0,"l2Gas":11571},"totalSizeInBytes":128,"silentlySkippedCount":0,"silentlySkippedDurationMs":0}
[04:15:55.101] INFO: simulator:public-processor Processed 1 successful txs and 0 failed txs (0 silently skipped, 0ms wasted) in 0.004698000000003958s {"blockNumber":41,"successfulCount":1,"failedCount":0,"duration":0.004698000000003958,"rate":2462962.962960888,"totalPublicGas":{"daGas":0,"l2Gas":11571},"totalBlockGas":{"daGas":0,"l2Gas":11571},"totalSizeInBytes":128,"silentlySkippedCount":0,"silentlySkippedDurationMs":0}
[04:15:55.116] INFO: simulator:public-processor Processed 1 successful txs and 0 failed txs (0 silently skipped, 0ms wasted) in 0.004457874999992782s {"blockNumber":41,"successfulCount":1,"failedCount":0,"duration":0.004457874999992782,"rate":2595631.3265891788,"totalPublicGas":{"daGas":0,"l2Gas":11571},"totalBlockGas":{"daGas":0,"l2Gas":11571},"totalSizeInBytes":128,"silentlySkippedCount":0,"silentlySkippedDurationMs":0}
[04:15:55.131] INFO: simulator:public-processor Processed 1 successful txs and 0 failed txs (0 silently skipped, 0ms wasted) in 0.004213124999994761s {"blockNumber":41,"successfulCount":1,"failedCount":0,"duration":0.004213124999994761,"rate":2746417.445486281,"totalPublicGas":{"daGas":0,"l2Gas":11571},"totalBlockGas":{"daGas":0,"l2Gas":11571},"totalSizeInBytes":128,"silentlySkippedCount":0,"silentlySkippedDurationMs":0}
[04:15:55.144] INFO: simulator:public-processor Processed 1 successful txs and 0 failed txs (0 silently skipped, 0ms wasted) in 0.003968124999999418s {"blockNumber":41,"successfulCount":1,"failedCount":0,"duration":0.003968124999999418,"rate":2915986.7695704387,"totalPublicGas":{"daGas":0,"l2Gas":11571},"totalBlockGas":{"daGas":0,"l2Gas":11571},"totalSizeInBytes":128,"silentlySkippedCount":0,"silentlySkippedDurationMs":0}
[billboard_test] Testing test_history_known_bad_missing_child_after_first_page ... [0m[32mok[0m
[04:15:56.192] INFO: kv-store:lmdb-v2 Starting data store with maxReaders 2
[04:15:56.193] INFO: world-state:database Creating world state data store at directory /var/folders/ym/q1vh2x5n58xbsmpmvs5_6w3r0000gn/T/aztec-world-state-2m9EVt/world_state with map sizes {"archiveTreeMapSizeKb":10485760,"nullifierTreeMapSizeKb":10485760,"noteHashTreeMapSizeKb":10485760,"messageTreeMapSizeKb":10485760,"publicDataTreeMapSizeKb":10485760} and 2 threads (ephemeral=true).
[04:15:56.202] INFO: txe_node Aztec Node version: txe
[04:15:56.202] INFO: txe_node Aztec Node started on chain 0x1
[04:15:56.213] INFO: txe:top_level_context Created block 1 with timestamp 1789442156
[04:15:56.251] INFO: txe:top_level_context Created block 2 with timestamp 1789442156
[04:15:56.319] INFO: simulator:public-processor Processed 1 successful txs and 0 failed txs (0 silently skipped, 0ms wasted) in 0.040248749999998834s {"blockNumber":3,"successfulCount":1,"failedCount":0,"duration":0.040248749999998834,"rate":80403739.24656278,"totalPublicGas":{"daGas":4000,"l2Gas":3236150},"totalBlockGas":{"daGas":4000,"l2Gas":3236150},"totalSizeInBytes":4128,"silentlySkippedCount":0,"silentlySkippedDurationMs":0}
[04:15:56.429] INFO: simulator:public-processor Processed 1 successful txs and 0 failed txs (0 silently skipped, 0ms wasted) in 0.013361290999993797s {"blockNumber":4,"successfulCount":1,"failedCount":0,"duration":0.013361290999993797,"rate":85364505.57064654,"totalPublicGas":{"daGas":192,"l2Gas":1140580},"totalBlockGas":{"daGas":320,"l2Gas":1731380},"totalSizeInBytes":320,"silentlySkippedCount":0,"silentlySkippedDurationMs":0}
[04:15:56.456] INFO: txe:top_level_context Created block 5 with timestamp 1789442156
[04:15:56.607] INFO: simulator:public-processor Processed 1 successful txs and 0 failed txs (0 silently skipped, 0ms wasted) in 0.003986416999992798s {"blockNumber":6,"successfulCount":1,"failedCount":0,"duration":0.003986416999992798,"rate":0,"totalPublicGas":{"daGas":0,"l2Gas":0},"totalBlockGas":{"daGas":1984,"l2Gas":529900},"totalSizeInBytes":1984,"silentlySkippedCount":0,"silentlySkippedDurationMs":0}
[04:15:56.635] INFO: txe:top_level_context Created block 7 with timestamp 1789449357
[04:15:57.074] INFO: kv-store:lmdb-v2 Starting data store with maxReaders 2
[04:15:57.076] INFO: world-state:database Creating world state data store at directory /var/folders/ym/q1vh2x5n58xbsmpmvs5_6w3r0000gn/T/aztec-world-state-vtN957/world_state with map sizes {"archiveTreeMapSizeKb":10485760,"nullifierTreeMapSizeKb":10485760,"noteHashTreeMapSizeKb":10485760,"messageTreeMapSizeKb":10485760,"publicDataTreeMapSizeKb":10485760} and 2 threads (ephemeral=true).
[04:15:57.085] INFO: txe_node Aztec Node version: txe
[04:15:57.085] INFO: txe_node Aztec Node started on chain 0x1
[04:15:57.102] INFO: txe:top_level_context Created block 1 with timestamp 1789442157
[04:15:57.200] INFO: txe:top_level_context Created block 2 with timestamp 1789442157
[04:15:57.216] INFO: simulator:public-processor Processed 1 successful txs and 0 failed txs (0 silently skipped, 0ms wasted) in 0.02836854100000346s {"blockNumber":8,"successfulCount":1,"failedCount":0,"duration":0.02836854100000346,"rate":68648824.76683459,"totalPublicGas":{"daGas":2368,"l2Gas":1947467},"totalBlockGas":{"daGas":3744,"l2Gas":2674217},"totalSizeInBytes":3744,"silentlySkippedCount":0,"silentlySkippedDurationMs":0}
[04:15:57.249] INFO: txe:top_level_context Created block 9 with timestamp 1789456558
[04:15:57.288] INFO: simulator:public-processor Processed 1 successful txs and 0 failed txs (0 silently skipped, 0ms wasted) in 0.059390625s {"blockNumber":3,"successfulCount":1,"failedCount":0,"duration":0.059390625,"rate":54489239.673770055,"totalPublicGas":{"daGas":4000,"l2Gas":3236150},"totalBlockGas":{"daGas":4000,"l2Gas":3236150},"totalSizeInBytes":4128,"silentlySkippedCount":0,"silentlySkippedDurationMs":0}
[04:15:57.337] INFO: simulator:public-processor Processed 1 successful txs and 0 failed txs (0 silently skipped, 0ms wasted) in 0.005219749999989289s {"blockNumber":4,"successfulCount":1,"failedCount":0,"duration":0.005219749999989289,"rate":1978830.4037590295,"totalPublicGas":{"daGas":0,"l2Gas":10329},"totalBlockGas":{"daGas":0,"l2Gas":10329},"totalSizeInBytes":128,"silentlySkippedCount":0,"silentlySkippedDurationMs":0}
[billboard_test] Testing test_init_default_flag_state ... [0m[32mok[0m
[04:15:57.824] INFO: simulator:public-processor Processed 1 successful txs and 0 failed txs (0 silently skipped, 0ms wasted) in 0.028177750000002562s {"blockNumber":10,"successfulCount":1,"failedCount":0,"duration":0.028177750000002562,"rate":69113644.63095254,"totalPublicGas":{"daGas":2368,"l2Gas":1947467},"totalBlockGas":{"daGas":3744,"l2Gas":2674217},"totalSizeInBytes":3744,"silentlySkippedCount":0,"silentlySkippedDurationMs":0}
[04:15:57.853] INFO: txe:top_level_context Created block 11 with timestamp 1789463759
[04:15:58.430] INFO: simulator:public-processor Processed 1 successful txs and 0 failed txs (0 silently skipped, 0ms wasted) in 0.02763237500000105s {"blockNumber":12,"successfulCount":1,"failedCount":0,"duration":0.02763237500000105,"rate":70477727.6654622,"totalPublicGas":{"daGas":2368,"l2Gas":1947467},"totalBlockGas":{"daGas":3744,"l2Gas":2674217},"totalSizeInBytes":3744,"silentlySkippedCount":0,"silentlySkippedDurationMs":0}
[04:15:58.458] INFO: txe:top_level_context Created block 13 with timestamp 1789470960
[04:15:59.031] INFO: simulator:public-processor Processed 1 successful txs and 0 failed txs (0 silently skipped, 0ms wasted) in 0.026368417000005136s {"blockNumber":14,"successfulCount":1,"failedCount":0,"duration":0.026368417000005136,"rate":73856045.28325006,"totalPublicGas":{"daGas":2368,"l2Gas":1947467},"totalBlockGas":{"daGas":3744,"l2Gas":2674217},"totalSizeInBytes":3744,"silentlySkippedCount":0,"silentlySkippedDurationMs":0}
[04:15:59.058] INFO: txe:top_level_context Created block 15 with timestamp 1789478161
[04:15:59.154] INFO: kv-store:lmdb-v2 Starting data store with maxReaders 2
[04:15:59.155] INFO: world-state:database Creating world state data store at directory /var/folders/ym/q1vh2x5n58xbsmpmvs5_6w3r0000gn/T/aztec-world-state-62CGtq/world_state with map sizes {"archiveTreeMapSizeKb":10485760,"nullifierTreeMapSizeKb":10485760,"noteHashTreeMapSizeKb":10485760,"messageTreeMapSizeKb":10485760,"publicDataTreeMapSizeKb":10485760} and 2 threads (ephemeral=true).
[04:15:59.173] INFO: txe_node Aztec Node version: txe
[04:15:59.173] INFO: txe_node Aztec Node started on chain 0x1
[04:15:59.187] INFO: txe:top_level_context Created block 1 with timestamp 1789442159
[04:15:59.238] INFO: txe:top_level_context Created block 2 with timestamp 1789442159
[04:15:59.295] INFO: simulator:public-processor Processed 1 successful txs and 0 failed txs (0 silently skipped, 0ms wasted) in 0.011437332999994396s {"blockNumber":3,"successfulCount":1,"failedCount":0,"duration":0.011437332999994396,"rate":11118850.871970093,"totalPublicGas":{"daGas":0,"l2Gas":127170},"totalBlockGas":{"daGas":0,"l2Gas":127170},"totalSizeInBytes":128,"silentlySkippedCount":0,"silentlySkippedDurationMs":0}
[04:15:59.305] WARN: txe:top_level_context Could not find function artifact in contract Billboard for function '0x8f3f1c4d' when enriching error callstack
[billboard_test] Testing test_init_rejects_policy_too_long ... [0m[32mok[0m
[04:15:59.707] INFO: simulator:public-processor Processed 1 successful txs and 0 failed txs (0 silently skipped, 0ms wasted) in 0.02816970899999433s {"blockNumber":16,"successfulCount":1,"failedCount":0,"duration":0.02816970899999433,"rate":69133373.01426834,"totalPublicGas":{"daGas":2368,"l2Gas":1947467},"totalBlockGas":{"daGas":3744,"l2Gas":2674217},"totalSizeInBytes":3744,"silentlySkippedCount":0,"silentlySkippedDurationMs":0}
[04:15:59.735] INFO: txe:top_level_context Created block 17 with timestamp 1789485362
[04:16:00.335] INFO: simulator:public-processor Processed 1 successful txs and 0 failed txs (0 silently skipped, 0ms wasted) in 0.02748620800000208s {"blockNumber":18,"successfulCount":1,"failedCount":0,"duration":0.02748620800000208,"rate":70852516.28743596,"totalPublicGas":{"daGas":2368,"l2Gas":1947467},"totalBlockGas":{"daGas":3744,"l2Gas":2674217},"totalSizeInBytes":3744,"silentlySkippedCount":0,"silentlySkippedDurationMs":0}
[04:16:00.365] INFO: txe:top_level_context Created block 19 with timestamp 1789492563
[billboard_test] Testing test_init_rejects_zero_base_cooldown ... [0m[32mok[0m
[04:16:00.933] INFO: simulator:public-processor Processed 1 successful txs and 0 failed txs (0 silently skipped, 0ms wasted) in 0.02694449999999779s {"blockNumber":20,"successfulCount":1,"failedCount":0,"duration":0.02694449999999779,"rate":72276976.74850748,"totalPublicGas":{"daGas":2368,"l2Gas":1947467},"totalBlockGas":{"daGas":3744,"l2Gas":2674217},"totalSizeInBytes":3744,"silentlySkippedCount":0,"silentlySkippedDurationMs":0}
[04:16:00.961] INFO: txe:top_level_context Created block 21 with timestamp 1789499764
[04:16:01.143] INFO: kv-store:lmdb-v2 Starting data store with maxReaders 2
[04:16:01.144] INFO: world-state:database Creating world state data store at directory /var/folders/ym/q1vh2x5n58xbsmpmvs5_6w3r0000gn/T/aztec-world-state-umMmyR/world_state with map sizes {"archiveTreeMapSizeKb":10485760,"nullifierTreeMapSizeKb":10485760,"noteHashTreeMapSizeKb":10485760,"messageTreeMapSizeKb":10485760,"publicDataTreeMapSizeKb":10485760} and 2 threads (ephemeral=true).
[04:16:01.161] INFO: txe_node Aztec Node version: txe
[04:16:01.161] INFO: txe_node Aztec Node started on chain 0x1
[04:16:01.175] INFO: txe:top_level_context Created block 1 with timestamp 1789442161
[04:16:01.222] INFO: txe:top_level_context Created block 2 with timestamp 1789442161
[04:16:01.263] INFO: simulator:public-processor Processed 1 successful txs and 0 failed txs (0 silently skipped, 0ms wasted) in 0.013008749999993597s {"blockNumber":3,"successfulCount":1,"failedCount":0,"duration":0.013008749999993597,"rate":9738368.40588545,"totalPublicGas":{"daGas":0,"l2Gas":126684},"totalBlockGas":{"daGas":0,"l2Gas":126684},"totalSizeInBytes":128,"silentlySkippedCount":0,"silentlySkippedDurationMs":0}
[04:16:01.265] WARN: txe:top_level_context Could not find function artifact in contract Billboard for function '0x8f3f1c4d' when enriching error callstack
[04:16:01.563] INFO: simulator:public-processor Processed 1 successful txs and 0 failed txs (0 silently skipped, 0ms wasted) in 0.027265666999999667s {"blockNumber":22,"successfulCount":1,"failedCount":0,"duration":0.027265666999999667,"rate":71425613.75813854,"totalPublicGas":{"daGas":2368,"l2Gas":1947467},"totalBlockGas":{"daGas":3744,"l2Gas":2674217},"totalSizeInBytes":3744,"silentlySkippedCount":0,"silentlySkippedDurationMs":0}
[04:16:01.591] INFO: txe:top_level_context Created block 23 with timestamp 1789506965
[04:16:02.158] INFO: simulator:public-processor Processed 1 successful txs and 0 failed txs (0 silently skipped, 0ms wasted) in 0.03006279199999699s {"blockNumber":24,"successfulCount":1,"failedCount":0,"duration":0.03006279199999699,"rate":64779977.8543588,"totalPublicGas":{"daGas":2368,"l2Gas":1947467},"totalBlockGas":{"daGas":3744,"l2Gas":2674217},"totalSizeInBytes":3744,"silentlySkippedCount":0,"silentlySkippedDurationMs":0}
[04:16:02.187] INFO: txe:top_level_context Created block 25 with timestamp 1789514166
[04:16:02.755] INFO: simulator:public-processor Processed 1 successful txs and 0 failed txs (0 silently skipped, 0ms wasted) in 0.02671579099999508s {"blockNumber":26,"successfulCount":1,"failedCount":0,"duration":0.02671579099999508,"rate":72895726.72582889,"totalPublicGas":{"daGas":2368,"l2Gas":1947467},"totalBlockGas":{"daGas":3744,"l2Gas":2674217},"totalSizeInBytes":3744,"silentlySkippedCount":0,"silentlySkippedDurationMs":0}
[04:16:02.783] INFO: txe:top_level_context Created block 27 with timestamp 1789521367
[04:16:03.176] INFO: kv-store:lmdb-v2 Starting data store with maxReaders 2
[04:16:03.232] INFO: world-state:database Creating world state data store at directory /var/folders/ym/q1vh2x5n58xbsmpmvs5_6w3r0000gn/T/aztec-world-state-cENnn3/world_state with map sizes {"archiveTreeMapSizeKb":10485760,"nullifierTreeMapSizeKb":10485760,"noteHashTreeMapSizeKb":10485760,"messageTreeMapSizeKb":10485760,"publicDataTreeMapSizeKb":10485760} and 2 threads (ephemeral=true).
[04:16:03.241] INFO: txe_node Aztec Node version: txe
[04:16:03.241] INFO: txe_node Aztec Node started on chain 0x1
[04:16:03.259] INFO: txe:top_level_context Created block 1 with timestamp 1789442163
[04:16:03.359] INFO: txe:top_level_context Created block 2 with timestamp 1789442163
[04:16:03.369] INFO: simulator:public-processor Processed 1 successful txs and 0 failed txs (0 silently skipped, 0ms wasted) in 0.030224583000002893s {"blockNumber":28,"successfulCount":1,"failedCount":0,"duration":0.030224583000002893,"rate":64433213.18940326,"totalPublicGas":{"daGas":2368,"l2Gas":1947467},"totalBlockGas":{"daGas":3744,"l2Gas":2674217},"totalSizeInBytes":3744,"silentlySkippedCount":0,"silentlySkippedDurationMs":0}
[04:16:03.395] INFO: simulator:public-processor Processed 1 successful txs and 0 failed txs (0 silently skipped, 0ms wasted) in 0.006472790999992867s {"blockNumber":3,"successfulCount":1,"failedCount":0,"duration":0.006472790999992867,"rate":19592630.134379398,"totalPublicGas":{"daGas":0,"l2Gas":126819},"totalBlockGas":{"daGas":0,"l2Gas":126819},"totalSizeInBytes":128,"silentlySkippedCount":0,"silentlySkippedDurationMs":0}
[04:16:03.397] WARN: txe:top_level_context Could not find function artifact in contract Billboard for function '0x8f3f1c4d' when enriching error callstack
[04:16:03.398] INFO: txe:top_level_context Created block 29 with timestamp 1789528568
[billboard_test] Testing test_init_rejects_zero_censor_window ... [0m[32mok[0m
[04:16:03.979] INFO: simulator:public-processor Processed 1 successful txs and 0 failed txs (0 silently skipped, 0ms wasted) in 0.028159625000000233s {"blockNumber":30,"successfulCount":1,"failedCount":0,"duration":0.028159625000000233,"rate":69158129.7691281,"totalPublicGas":{"daGas":2368,"l2Gas":1947467},"totalBlockGas":{"daGas":3744,"l2Gas":2674217},"totalSizeInBytes":3744,"silentlySkippedCount":0,"silentlySkippedDurationMs":0}
[04:16:04.007] INFO: txe:top_level_context Created block 31 with timestamp 1789535769
[04:16:04.560] INFO: simulator:public-processor Processed 1 successful txs and 0 failed txs (0 silently skipped, 0ms wasted) in 0.027268333999993045s {"blockNumber":32,"successfulCount":1,"failedCount":0,"duration":0.027268333999993045,"rate":71418627.92206141,"totalPublicGas":{"daGas":2368,"l2Gas":1947467},"totalBlockGas":{"daGas":3744,"l2Gas":2674217},"totalSizeInBytes":3744,"silentlySkippedCount":0,"silentlySkippedDurationMs":0}
[04:16:04.588] INFO: txe:top_level_context Created block 33 with timestamp 1789542970
[billboard_test] Testing test_init_rejects_zero_k ... [0m[32mok[0m
[04:16:05.146] INFO: simulator:public-processor Processed 1 successful txs and 0 failed txs (0 silently skipped, 0ms wasted) in 0.029253165999994963s {"blockNumber":34,"successfulCount":1,"failedCount":0,"duration":0.029253165999994963,"rate":66572862.57495464,"totalPublicGas":{"daGas":2368,"l2Gas":1947467},"totalBlockGas":{"daGas":3744,"l2Gas":2674217},"totalSizeInBytes":3744,"silentlySkippedCount":0,"silentlySkippedDurationMs":0}
[04:16:05.177] INFO: txe:top_level_context Created block 35 with timestamp 1789550171
[04:16:05.218] INFO: kv-store:lmdb-v2 Starting data store with maxReaders 2
[04:16:05.218] INFO: world-state:database Creating world state data store at directory /var/folders/ym/q1vh2x5n58xbsmpmvs5_6w3r0000gn/T/aztec-world-state-RralBb/world_state with map sizes {"archiveTreeMapSizeKb":10485760,"nullifierTreeMapSizeKb":10485760,"noteHashTreeMapSizeKb":10485760,"messageTreeMapSizeKb":10485760,"publicDataTreeMapSizeKb":10485760} and 2 threads (ephemeral=true).
[04:16:05.242] INFO: txe_node Aztec Node version: txe
[04:16:05.242] INFO: txe_node Aztec Node started on chain 0x1
[04:16:05.256] INFO: txe:top_level_context Created block 1 with timestamp 1789442165
[04:16:05.328] INFO: txe:top_level_context Created block 2 with timestamp 1789442165
[04:16:05.368] INFO: simulator:public-processor Processed 1 successful txs and 0 failed txs (0 silently skipped, 0ms wasted) in 0.010758249999998953s {"blockNumber":3,"successfulCount":1,"failedCount":0,"duration":0.010758249999998953,"rate":11781934.794228833,"totalPublicGas":{"daGas":0,"l2Gas":126753},"totalBlockGas":{"daGas":0,"l2Gas":126753},"totalSizeInBytes":128,"silentlySkippedCount":0,"silentlySkippedDurationMs":0}
[04:16:05.372] WARN: txe:top_level_context Could not find function artifact in contract Billboard for function '0x8f3f1c4d' when enriching error callstack
[04:16:05.777] INFO: simulator:public-processor Processed 1 successful txs and 0 failed txs (0 silently skipped, 0ms wasted) in 0.02650487499999872s {"blockNumber":36,"successfulCount":1,"failedCount":0,"duration":0.02650487499999872,"rate":73475803.97946015,"totalPublicGas":{"daGas":2368,"l2Gas":1947467},"totalBlockGas":{"daGas":3744,"l2Gas":2674217},"totalSizeInBytes":3744,"silentlySkippedCount":0,"silentlySkippedDurationMs":0}
[04:16:05.807] INFO: txe:top_level_context Created block 37 with timestamp 1789557372
[04:16:06.351] INFO: simulator:public-processor Processed 1 successful txs and 0 failed txs (0 silently skipped, 0ms wasted) in 0.02696491700000479s {"blockNumber":38,"successfulCount":1,"failedCount":0,"duration":0.02696491700000479,"rate":72222250.86024386,"totalPublicGas":{"daGas":2368,"l2Gas":1947467},"totalBlockGas":{"daGas":3744,"l2Gas":2674217},"totalSizeInBytes":3744,"silentlySkippedCount":0,"silentlySkippedDurationMs":0}
[04:16:06.379] INFO: txe:top_level_context Created block 39 with timestamp 1789564573
[04:16:06.936] INFO: simulator:public-processor Processed 1 successful txs and 0 failed txs (0 silently skipped, 0ms wasted) in 0.027741582999995445s {"blockNumber":40,"successfulCount":1,"failedCount":0,"duration":0.027741582999995445,"rate":70200283.81222224,"totalPublicGas":{"daGas":2368,"l2Gas":1947467},"totalBlockGas":{"daGas":3744,"l2Gas":2674217},"totalSizeInBytes":3744,"silentlySkippedCount":0,"silentlySkippedDurationMs":0}
[04:16:06.969] INFO: simulator:public-processor Processed 1 successful txs and 0 failed txs (0 silently skipped, 0ms wasted) in 0.004651082999989739s {"blockNumber":41,"successfulCount":1,"failedCount":0,"duration":0.004651082999989739,"rate":1897622.5537190952,"totalPublicGas":{"daGas":0,"l2Gas":8826},"totalBlockGas":{"daGas":0,"l2Gas":8826},"totalSizeInBytes":128,"silentlySkippedCount":0,"silentlySkippedDurationMs":0}
[04:16:06.982] INFO: txe:top_level_context Created block 41 with timestamp 1789571774
[04:16:07.189] INFO: kv-store:lmdb-v2 Starting data store with maxReaders 2
[04:16:07.190] INFO: world-state:database Creating world state data store at directory /var/folders/ym/q1vh2x5n58xbsmpmvs5_6w3r0000gn/T/aztec-world-state-WprkHt/world_state with map sizes {"archiveTreeMapSizeKb":10485760,"nullifierTreeMapSizeKb":10485760,"noteHashTreeMapSizeKb":10485760,"messageTreeMapSizeKb":10485760,"publicDataTreeMapSizeKb":10485760} and 2 threads (ephemeral=true).
[04:16:07.202] INFO: txe_node Aztec Node version: txe
[04:16:07.202] INFO: txe_node Aztec Node started on chain 0x1
[04:16:07.214] INFO: txe:top_level_context Created block 1 with timestamp 1789442167
[04:16:07.266] INFO: txe:top_level_context Created block 2 with timestamp 1789442167
[04:16:07.481] INFO: simulator:public-processor Processed 1 successful txs and 0 failed txs (0 silently skipped, 0ms wasted) in 0.17707187500000873s {"blockNumber":3,"successfulCount":1,"failedCount":0,"duration":0.17707187500000873,"rate":716590.3676119866,"totalPublicGas":{"daGas":0,"l2Gas":126888},"totalBlockGas":{"daGas":0,"l2Gas":126888},"totalSizeInBytes":128,"silentlySkippedCount":0,"silentlySkippedDurationMs":0}
[04:16:07.485] WARN: txe:top_level_context Could not find function artifact in contract Billboard for function '0x8f3f1c4d' when enriching error callstack
[billboard_test] Testing test_init_rejects_zero_max_save_up ... [0m[32mok[0m
[billboard_test] Testing test_history_known_bad_next_post_cannot_progress ... [0m[32mok[0m
[04:16:09.480] INFO: kv-store:lmdb-v2 Starting data store with maxReaders 2
[04:16:09.481] INFO: kv-store:lmdb-v2 Starting data store with maxReaders 2
[04:16:09.481] INFO: world-state:database Creating world state data store at directory /var/folders/ym/q1vh2x5n58xbsmpmvs5_6w3r0000gn/T/aztec-world-state-JiUbEl/world_state with map sizes {"archiveTreeMapSizeKb":10485760,"nullifierTreeMapSizeKb":10485760,"noteHashTreeMapSizeKb":10485760,"messageTreeMapSizeKb":10485760,"publicDataTreeMapSizeKb":10485760} and 2 threads (ephemeral=true).
[04:16:09.490] INFO: world-state:database Creating world state data store at directory /var/folders/ym/q1vh2x5n58xbsmpmvs5_6w3r0000gn/T/aztec-world-state-t4fCC3/world_state with map sizes {"archiveTreeMapSizeKb":10485760,"nullifierTreeMapSizeKb":10485760,"noteHashTreeMapSizeKb":10485760,"messageTreeMapSizeKb":10485760,"publicDataTreeMapSizeKb":10485760} and 2 threads (ephemeral=true).
[04:16:09.498] INFO: txe_node Aztec Node version: txe
[04:16:09.498] INFO: txe_node Aztec Node started on chain 0x1
[04:16:09.498] INFO: txe_node Aztec Node version: txe
[04:16:09.498] INFO: txe_node Aztec Node started on chain 0x1
[04:16:09.510] INFO: txe:top_level_context Created block 1 with timestamp 1789442169
[04:16:09.512] INFO: txe:top_level_context Created block 1 with timestamp 1789442169
[04:16:09.555] INFO: txe:top_level_context Created block 2 with timestamp 1789442169
[04:16:09.562] INFO: txe:top_level_context Created block 2 with timestamp 1789442169
[04:16:09.606] INFO: simulator:public-processor Processed 1 successful txs and 0 failed txs (0 silently skipped, 0ms wasted) in 0.006362708000000566s {"blockNumber":3,"successfulCount":1,"failedCount":0,"duration":0.006362708000000566,"rate":19871727.572597824,"totalPublicGas":{"daGas":0,"l2Gas":126438},"totalBlockGas":{"daGas":0,"l2Gas":126438},"totalSizeInBytes":128,"silentlySkippedCount":0,"silentlySkippedDurationMs":0}
[04:16:09.609] WARN: txe:top_level_context Could not find function artifact in contract Billboard for function '0x8f3f1c4d' when enriching error callstack
[04:16:09.628] INFO: simulator:public-processor Processed 1 successful txs and 0 failed txs (0 silently skipped, 0ms wasted) in 0.03710629199999676s {"blockNumber":3,"successfulCount":1,"failedCount":0,"duration":0.03710629199999676,"rate":87212971.85933541,"totalPublicGas":{"daGas":4000,"l2Gas":3236150},"totalBlockGas":{"daGas":4000,"l2Gas":3236150},"totalSizeInBytes":4128,"silentlySkippedCount":0,"silentlySkippedDurationMs":0}
[billboard_test] Testing test_init_rejects_zero_min_deposit ... [0m[32mok[0m
[04:16:09.660] INFO: simulator:public-processor Processed 1 successful txs and 0 failed txs (0 silently skipped, 0ms wasted) in 0.00535283299999719s {"blockNumber":4,"successfulCount":1,"failedCount":0,"duration":0.00535283299999719,"rate":4596818.170866327,"totalPublicGas":{"daGas":0,"l2Gas":24606},"totalBlockGas":{"daGas":0,"l2Gas":24606},"totalSizeInBytes":128,"silentlySkippedCount":0,"silentlySkippedDurationMs":0}
[04:16:09.676] INFO: simulator:public-processor Processed 1 successful txs and 0 failed txs (0 silently skipped, 0ms wasted) in 0.0050204999999987196s {"blockNumber":4,"successfulCount":1,"failedCount":0,"duration":0.0050204999999987196,"rate":4917239.318794203,"totalPublicGas":{"daGas":0,"l2Gas":24687},"totalBlockGas":{"daGas":0,"l2Gas":24687},"totalSizeInBytes":128,"silentlySkippedCount":0,"silentlySkippedDurationMs":0}
[04:16:09.692] INFO: simulator:public-processor Processed 1 successful txs and 0 failed txs (0 silently skipped, 0ms wasted) in 0.004871750000005704s {"blockNumber":4,"successfulCount":1,"failedCount":0,"duration":0.004871750000005704,"rate":4984861.702667741,"totalPublicGas":{"daGas":0,"l2Gas":24285},"totalBlockGas":{"daGas":0,"l2Gas":24285},"totalSizeInBytes":128,"silentlySkippedCount":0,"silentlySkippedDurationMs":0}
[04:16:09.707] INFO: simulator:public-processor Processed 1 successful txs and 0 failed txs (0 silently skipped, 0ms wasted) in 0.004943375000002561s {"blockNumber":4,"successfulCount":1,"failedCount":0,"duration":0.004943375000002561,"rate":4928414.291852707,"totalPublicGas":{"daGas":0,"l2Gas":24363},"totalBlockGas":{"daGas":0,"l2Gas":24363},"totalSizeInBytes":128,"silentlySkippedCount":0,"silentlySkippedDurationMs":0}
[04:16:09.723] INFO: simulator:public-processor Processed 1 successful txs and 0 failed txs (0 silently skipped, 0ms wasted) in 0.005045459000000847s {"blockNumber":4,"successfulCount":1,"failedCount":0,"duration":0.005045459000000847,"rate":4845347.0734765455,"totalPublicGas":{"daGas":0,"l2Gas":24447},"totalBlockGas":{"daGas":0,"l2Gas":24447},"totalSizeInBytes":128,"silentlySkippedCount":0,"silentlySkippedDurationMs":0}
[04:16:09.738] INFO: simulator:public-processor Processed 1 successful txs and 0 failed txs (0 silently skipped, 0ms wasted) in 0.004298083000001497s {"blockNumber":4,"successfulCount":1,"failedCount":0,"duration":0.004298083000001497,"rate":2206332.4510012246,"totalPublicGas":{"daGas":0,"l2Gas":9483},"totalBlockGas":{"daGas":0,"l2Gas":9483},"totalSizeInBytes":128,"silentlySkippedCount":0,"silentlySkippedDurationMs":0}
[04:16:09.753] INFO: simulator:public-processor Processed 1 successful txs and 0 failed txs (0 silently skipped, 0ms wasted) in 0.00467324999999255s {"blockNumber":4,"successfulCount":1,"failedCount":0,"duration":0.00467324999999255,"rate":5233188.894246828,"totalPublicGas":{"daGas":0,"l2Gas":24456},"totalBlockGas":{"daGas":0,"l2Gas":24456},"totalSizeInBytes":128,"silentlySkippedCount":0,"silentlySkippedDurationMs":0}
[04:16:09.767] INFO: simulator:public-processor Processed 1 successful txs and 0 failed txs (0 silently skipped, 0ms wasted) in 0.003985082999992301s {"blockNumber":4,"successfulCount":1,"failedCount":0,"duration":0.003985082999992301,"rate":2214759.3914648835,"totalPublicGas":{"daGas":0,"l2Gas":8826},"totalBlockGas":{"daGas":0,"l2Gas":8826},"totalSizeInBytes":128,"silentlySkippedCount":0,"silentlySkippedDurationMs":0}
[04:16:09.781] INFO: simulator:public-processor Processed 1 successful txs and 0 failed txs (0 silently skipped, 0ms wasted) in 0.0040285000000003495s {"blockNumber":4,"successfulCount":1,"failedCount":0,"duration":0.0040285000000003495,"rate":2642174.5066399593,"totalPublicGas":{"daGas":0,"l2Gas":10644},"totalBlockGas":{"daGas":0,"l2Gas":10644},"totalSizeInBytes":128,"silentlySkippedCount":0,"silentlySkippedDurationMs":0}
[billboard_test] Testing test_init_sets_all_parameters ... [0m[32mok[0m
[billboard_test] Testing test_init_sets_default_policy ... [0m[32mok[0m
[04:16:11.544] INFO: kv-store:lmdb-v2 Starting data store with maxReaders 2
[04:16:11.545] INFO: world-state:database Creating world state data store at directory /var/folders/ym/q1vh2x5n58xbsmpmvs5_6w3r0000gn/T/aztec-world-state-YeATXc/world_state with map sizes {"archiveTreeMapSizeKb":10485760,"nullifierTreeMapSizeKb":10485760,"noteHashTreeMapSizeKb":10485760,"messageTreeMapSizeKb":10485760,"publicDataTreeMapSizeKb":10485760} and 2 threads (ephemeral=true).
[04:16:11.554] INFO: txe_node Aztec Node version: txe
[04:16:11.554] INFO: txe_node Aztec Node started on chain 0x1
[04:16:11.567] INFO: txe:top_level_context Created block 1 with timestamp 1789442171
[04:16:11.602] INFO: txe:top_level_context Created block 2 with timestamp 1789442171
[04:16:11.670] INFO: simulator:public-processor Processed 1 successful txs and 0 failed txs (0 silently skipped, 0ms wasted) in 0.04s {"blockNumber":3,"successfulCount":1,"failedCount":0,"duration":0.04,"rate":80903750,"totalPublicGas":{"daGas":4000,"l2Gas":3236150},"totalBlockGas":{"daGas":4000,"l2Gas":3236150},"totalSizeInBytes":4128,"silentlySkippedCount":0,"silentlySkippedDurationMs":0}
[04:16:11.693] INFO: kv-store:lmdb-v2 Starting data store with maxReaders 2
[04:16:11.694] INFO: world-state:database Creating world state data store at directory /var/folders/ym/q1vh2x5n58xbsmpmvs5_6w3r0000gn/T/aztec-world-state-llaeNN/world_state with map sizes {"archiveTreeMapSizeKb":10485760,"nullifierTreeMapSizeKb":10485760,"noteHashTreeMapSizeKb":10485760,"messageTreeMapSizeKb":10485760,"publicDataTreeMapSizeKb":10485760} and 2 threads (ephemeral=true).
[04:16:11.703] INFO: txe_node Aztec Node version: txe
[04:16:11.703] INFO: txe_node Aztec Node started on chain 0x1
[04:16:11.711] INFO: simulator:public-processor Processed 1 successful txs and 0 failed txs (0 silently skipped, 0ms wasted) in 0.008472917000006418s {"blockNumber":4,"successfulCount":1,"failedCount":0,"duration":0.008472917000006418,"rate":13835258.860662887,"totalPublicGas":{"daGas":0,"l2Gas":117225},"totalBlockGas":{"daGas":0,"l2Gas":117225},"totalSizeInBytes":128,"silentlySkippedCount":0,"silentlySkippedDurationMs":0}
[04:16:11.715] INFO: txe:top_level_context Created block 1 with timestamp 1789442171
[04:16:11.759] INFO: txe:top_level_context Created block 2 with timestamp 1789442171
[04:16:11.832] INFO: simulator:public-processor Processed 1 successful txs and 0 failed txs (0 silently skipped, 0ms wasted) in 0.03699687499999709s {"blockNumber":3,"successfulCount":1,"failedCount":0,"duration":0.03699687499999709,"rate":87470901.25855912,"totalPublicGas":{"daGas":4000,"l2Gas":3236150},"totalBlockGas":{"daGas":4000,"l2Gas":3236150},"totalSizeInBytes":4128,"silentlySkippedCount":0,"silentlySkippedDurationMs":0}
[04:16:11.865] INFO: simulator:public-processor Processed 1 successful txs and 0 failed txs (0 silently skipped, 0ms wasted) in 0.007054833000001964s {"blockNumber":4,"successfulCount":1,"failedCount":0,"duration":0.007054833000001964,"rate":16616268.592037171,"totalPublicGas":{"daGas":0,"l2Gas":117225},"totalBlockGas":{"daGas":0,"l2Gas":117225},"totalSizeInBytes":128,"silentlySkippedCount":0,"silentlySkippedDurationMs":0}
[billboard_test] Testing test_init_sets_nondefault_policy ... [0m[32mok[0m
[04:16:13.671] INFO: kv-store:lmdb-v2 Starting data store with maxReaders 2
[04:16:13.675] INFO: world-state:database Creating world state data store at directory /var/folders/ym/q1vh2x5n58xbsmpmvs5_6w3r0000gn/T/aztec-world-state-PBQMo4/world_state with map sizes {"archiveTreeMapSizeKb":10485760,"nullifierTreeMapSizeKb":10485760,"noteHashTreeMapSizeKb":10485760,"messageTreeMapSizeKb":10485760,"publicDataTreeMapSizeKb":10485760} and 2 threads (ephemeral=true).
[04:16:13.685] INFO: txe_node Aztec Node version: txe
[04:16:13.685] INFO: txe_node Aztec Node started on chain 0x1
[04:16:13.697] INFO: txe:top_level_context Created block 1 with timestamp 1789442173
[04:16:13.736] INFO: txe:top_level_context Created block 2 with timestamp 1789442173
[04:16:13.802] INFO: simulator:public-processor Processed 1 successful txs and 0 failed txs (0 silently skipped, 0ms wasted) in 0.037152542000010724s {"blockNumber":3,"successfulCount":1,"failedCount":0,"duration":0.037152542000010724,"rate":87104403.24646066,"totalPublicGas":{"daGas":4000,"l2Gas":3236150},"totalBlockGas":{"daGas":4000,"l2Gas":3236150},"totalSizeInBytes":4128,"silentlySkippedCount":0,"silentlySkippedDurationMs":0}
[04:16:13.830] INFO: kv-store:lmdb-v2 Starting data store with maxReaders 2
[04:16:13.831] INFO: world-state:database Creating world state data store at directory /var/folders/ym/q1vh2x5n58xbsmpmvs5_6w3r0000gn/T/aztec-world-state-5iWpjO/world_state with map sizes {"archiveTreeMapSizeKb":10485760,"nullifierTreeMapSizeKb":10485760,"noteHashTreeMapSizeKb":10485760,"messageTreeMapSizeKb":10485760,"publicDataTreeMapSizeKb":10485760} and 2 threads (ephemeral=true).
[04:16:13.845] INFO: txe_node Aztec Node version: txe
[04:16:13.845] INFO: txe_node Aztec Node started on chain 0x1
[04:16:13.859] INFO: txe:top_level_context Created block 1 with timestamp 1789442173
[04:16:13.907] INFO: txe:top_level_context Created block 2 with timestamp 1789442173
[04:16:13.950] INFO: simulator:public-processor Processed 1 successful txs and 0 failed txs (0 silently skipped, 0ms wasted) in 0.01602941699999792s {"blockNumber":4,"successfulCount":1,"failedCount":0,"duration":0.01602941699999792,"rate":71155426.30153973,"totalPublicGas":{"daGas":192,"l2Gas":1140580},"totalBlockGas":{"daGas":320,"l2Gas":1731380},"totalSizeInBytes":320,"silentlySkippedCount":0,"silentlySkippedDurationMs":0}
[04:16:13.979] INFO: txe:top_level_context Created block 5 with timestamp 1789442173
[04:16:13.985] INFO: simulator:public-processor Processed 1 successful txs and 0 failed txs (0 silently skipped, 0ms wasted) in 0.04136508299999696s {"blockNumber":3,"successfulCount":1,"failedCount":0,"duration":0.04136508299999696,"rate":78233857.2849047,"totalPublicGas":{"daGas":4000,"l2Gas":3236150},"totalBlockGas":{"daGas":4000,"l2Gas":3236150},"totalSizeInBytes":4128,"silentlySkippedCount":0,"silentlySkippedDurationMs":0}
[04:16:14.174] INFO: simulator:public-processor Processed 1 successful txs and 0 failed txs (0 silently skipped, 0ms wasted) in 0.003727500000008149s {"blockNumber":6,"successfulCount":1,"failedCount":0,"duration":0.003727500000008149,"rate":0,"totalPublicGas":{"daGas":0,"l2Gas":0},"totalBlockGas":{"daGas":1984,"l2Gas":529900},"totalSizeInBytes":1984,"silentlySkippedCount":0,"silentlySkippedDurationMs":0}
[04:16:14.177] INFO: simulator:public-processor Processed 1 successful txs and 0 failed txs (0 silently skipped, 0ms wasted) in 0.018596707999997308s {"blockNumber":4,"successfulCount":1,"failedCount":0,"duration":0.018596707999997308,"rate":61332360.54468162,"totalPublicGas":{"daGas":192,"l2Gas":1140580},"totalBlockGas":{"daGas":320,"l2Gas":1731380},"totalSizeInBytes":320,"silentlySkippedCount":0,"silentlySkippedDurationMs":0}
[04:16:14.202] INFO: txe:top_level_context Created block 7 with timestamp 1789445774
[04:16:14.205] INFO: txe:top_level_context Created block 5 with timestamp 1789442173
[04:16:14.446] INFO: simulator:public-processor Processed 1 successful txs and 0 failed txs (0 silently skipped, 0ms wasted) in 0.01336250000000291s {"blockNumber":6,"successfulCount":1,"failedCount":0,"duration":0.01336250000000291,"rate":0,"totalPublicGas":{"daGas":0,"l2Gas":0},"totalBlockGas":{"daGas":1984,"l2Gas":529900},"totalSizeInBytes":1984,"silentlySkippedCount":0,"silentlySkippedDurationMs":0}
[04:16:14.489] INFO: txe:top_level_context Created block 7 with timestamp 1789445774
[04:16:15.022] INFO: simulator:public-processor Processed 1 successful txs and 0 failed txs (0 silently skipped, 0ms wasted) in 0.03062737499999639s {"blockNumber":8,"successfulCount":1,"failedCount":0,"duration":0.03062737499999639,"rate":63585828.03783313,"totalPublicGas":{"daGas":2368,"l2Gas":1947467},"totalBlockGas":{"daGas":3744,"l2Gas":2674217},"totalSizeInBytes":3744,"silentlySkippedCount":0,"silentlySkippedDurationMs":0}
[04:16:15.058] INFO: txe:top_level_context Created block 9 with timestamp 1789545774
[04:16:15.452] INFO: simulator:public-processor Processed 1 successful txs and 0 failed txs (0 silently skipped, 0ms wasted) in 0.028032999999995808s {"blockNumber":8,"successfulCount":1,"failedCount":0,"duration":0.028032999999995808,"rate":69470516.89081766,"totalPublicGas":{"daGas":2368,"l2Gas":1947467},"totalBlockGas":{"daGas":3744,"l2Gas":2674217},"totalSizeInBytes":3744,"silentlySkippedCount":0,"silentlySkippedDurationMs":0}
[04:16:15.492] INFO: txe:top_level_context Created block 9 with timestamp 1789545774
[04:16:15.512] INFO: txe:top_level_context Created block 10 with timestamp 1789545774
[04:16:16.043] INFO: simulator:public-processor Processed 1 successful txs and 0 failed txs (0 silently skipped, 0ms wasted) in 0.028030041999998503s {"blockNumber":10,"successfulCount":1,"failedCount":0,"duration":0.028030041999998503,"rate":69477848.08885068,"totalPublicGas":{"daGas":2368,"l2Gas":1947467},"totalBlockGas":{"daGas":3744,"l2Gas":2674217},"totalSizeInBytes":3744,"silentlySkippedCount":0,"silentlySkippedDurationMs":0}
[04:16:16.078] INFO: simulator:public-processor Processed 1 successful txs and 0 failed txs (0 silently skipped, 0ms wasted) in 0.00496837499999674s {"blockNumber":11,"successfulCount":1,"failedCount":0,"duration":0.00496837499999674,"rate":1776435.957431915,"totalPublicGas":{"daGas":0,"l2Gas":8826},"totalBlockGas":{"daGas":0,"l2Gas":8826},"totalSizeInBytes":128,"silentlySkippedCount":0,"silentlySkippedDurationMs":0}
[04:16:16.102] INFO: txe:top_level_context Created block 11 with timestamp 1789545775
[04:16:16.480] INFO: simulator:public-processor Processed 1 successful txs and 0 failed txs (0 silently skipped, 0ms wasted) in 0.030043250000002443s {"blockNumber":11,"successfulCount":1,"failedCount":0,"duration":0.030043250000002443,"rate":64822114.78451371,"totalPublicGas":{"daGas":2368,"l2Gas":1947467},"totalBlockGas":{"daGas":3744,"l2Gas":2674217},"totalSizeInBytes":3744,"silentlySkippedCount":0,"silentlySkippedDurationMs":0}
[04:16:16.523] INFO: txe:top_level_context Created block 12 with timestamp 1789545775
[billboard_test] Testing test_save_up_allows_burst_after_dormancy ... [0m[32mok[0m
[04:16:17.026] INFO: simulator:public-processor Processed 1 successful txs and 0 failed txs (0 silently skipped, 0ms wasted) in 0.027127040999999734s {"blockNumber":12,"successfulCount":1,"failedCount":0,"duration":0.027127040999999734,"rate":71790616.60282148,"totalPublicGas":{"daGas":2368,"l2Gas":1947467},"totalBlockGas":{"daGas":3744,"l2Gas":2674217},"totalSizeInBytes":3744,"silentlySkippedCount":0,"silentlySkippedDurationMs":0}
[04:16:17.060] INFO: simulator:public-processor Processed 1 successful txs and 0 failed txs (0 silently skipped, 0ms wasted) in 0.0049958750000078s {"blockNumber":13,"successfulCount":1,"failedCount":0,"duration":0.0049958750000078,"rate":1766657.4924284976,"totalPublicGas":{"daGas":0,"l2Gas":8826},"totalBlockGas":{"daGas":0,"l2Gas":8826},"totalSizeInBytes":128,"silentlySkippedCount":0,"silentlySkippedDurationMs":0}
[04:16:17.369] INFO: simulator:public-processor Processed 1 successful txs and 0 failed txs (0 silently skipped, 0ms wasted) in 0.02650920900001074s {"blockNumber":13,"successfulCount":1,"failedCount":0,"duration":0.02650920900001074,"rate":73463791.3941231,"totalPublicGas":{"daGas":2368,"l2Gas":1947467},"totalBlockGas":{"daGas":3744,"l2Gas":2674217},"totalSizeInBytes":3744,"silentlySkippedCount":0,"silentlySkippedDurationMs":0}
[04:16:17.397] INFO: txe:top_level_context Created block 14 with timestamp 1789545776
[04:16:17.958] INFO: simulator:public-processor Processed 1 successful txs and 0 failed txs (0 silently skipped, 0ms wasted) in 0.02710391599999275s {"blockNumber":15,"successfulCount":1,"failedCount":0,"duration":0.02710391599999275,"rate":71851868.19500624,"totalPublicGas":{"daGas":2368,"l2Gas":1947467},"totalBlockGas":{"daGas":3744,"l2Gas":2674217},"totalSizeInBytes":3744,"silentlySkippedCount":0,"silentlySkippedDurationMs":0}
[04:16:17.986] INFO: txe:top_level_context Created block 16 with timestamp 1789545777
[04:16:18.534] INFO: simulator:public-processor Processed 1 successful txs and 0 failed txs (0 silently skipped, 0ms wasted) in 0.028068207999996958s {"blockNumber":17,"successfulCount":1,"failedCount":0,"duration":0.028068207999996958,"rate":69383374.95575817,"totalPublicGas":{"daGas":2368,"l2Gas":1947467},"totalBlockGas":{"daGas":3744,"l2Gas":2674217},"totalSizeInBytes":3744,"silentlySkippedCount":0,"silentlySkippedDurationMs":0}
[04:16:18.563] INFO: txe:top_level_context Created block 18 with timestamp 1789545778
[04:16:18.995] INFO: kv-store:lmdb-v2 Starting data store with maxReaders 2
[04:16:18.998] INFO: world-state:database Creating world state data store at directory /var/folders/ym/q1vh2x5n58xbsmpmvs5_6w3r0000gn/T/aztec-world-state-H7rHQU/world_state with map sizes {"archiveTreeMapSizeKb":10485760,"nullifierTreeMapSizeKb":10485760,"noteHashTreeMapSizeKb":10485760,"messageTreeMapSizeKb":10485760,"publicDataTreeMapSizeKb":10485760} and 2 threads (ephemeral=true).
[04:16:19.007] INFO: txe_node Aztec Node version: txe
[04:16:19.007] INFO: txe_node Aztec Node started on chain 0x1
[04:16:19.028] INFO: txe:top_level_context Created block 1 with timestamp 1789442179
[04:16:19.120] INFO: txe:top_level_context Created block 2 with timestamp 1789442179
[04:16:19.137] INFO: simulator:public-processor Processed 1 successful txs and 0 failed txs (0 silently skipped, 0ms wasted) in 0.028023000000001047s {"blockNumber":19,"successfulCount":1,"failedCount":0,"duration":0.028023000000001047,"rate":69495307.42604029,"totalPublicGas":{"daGas":2368,"l2Gas":1947467},"totalBlockGas":{"daGas":3744,"l2Gas":2674217},"totalSizeInBytes":3744,"silentlySkippedCount":0,"silentlySkippedDurationMs":0}
[04:16:19.169] INFO: txe:top_level_context Created block 20 with timestamp 1789545779
[04:16:19.207] INFO: simulator:public-processor Processed 1 successful txs and 0 failed txs (0 silently skipped, 0ms wasted) in 0.05876641599999857s {"blockNumber":3,"successfulCount":1,"failedCount":0,"duration":0.05876641599999857,"rate":55068017.07968848,"totalPublicGas":{"daGas":4000,"l2Gas":3236150},"totalBlockGas":{"daGas":4000,"l2Gas":3236150},"totalSizeInBytes":4128,"silentlySkippedCount":0,"silentlySkippedDurationMs":0}
[04:16:19.282] INFO: simulator:public-processor Processed 1 successful txs and 0 failed txs (0 silently skipped, 0ms wasted) in 0.03593512500000361s {"blockNumber":4,"successfulCount":1,"failedCount":0,"duration":0.03593512500000361,"rate":73719070.12984467,"totalPublicGas":{"daGas":3136,"l2Gas":2649104},"totalBlockGas":{"daGas":3136,"l2Gas":2649104},"totalSizeInBytes":3264,"silentlySkippedCount":0,"silentlySkippedDurationMs":0}
[04:16:19.317] INFO: simulator:public-processor Processed 1 successful txs and 0 failed txs (0 silently skipped, 0ms wasted) in 0.0076614169999957085s {"blockNumber":5,"successfulCount":1,"failedCount":0,"duration":0.0076614169999957085,"rate":15300694.375474622,"totalPublicGas":{"daGas":0,"l2Gas":117225},"totalBlockGas":{"daGas":0,"l2Gas":117225},"totalSizeInBytes":128,"silentlySkippedCount":0,"silentlySkippedDurationMs":0}
[billboard_test] Testing test_set_moderation_policy_by_censor ... [0m[32mok[0m
[04:16:19.740] INFO: simulator:public-processor Processed 1 successful txs and 0 failed txs (0 silently skipped, 0ms wasted) in 0.02761112499999581s {"blockNumber":21,"successfulCount":1,"failedCount":0,"duration":0.02761112499999581,"rate":70531968.54529816,"totalPublicGas":{"daGas":2368,"l2Gas":1947467},"totalBlockGas":{"daGas":3744,"l2Gas":2674217},"totalSizeInBytes":3744,"silentlySkippedCount":0,"silentlySkippedDurationMs":0}
[04:16:19.769] INFO: txe:top_level_context Created block 22 with timestamp 1789545780
[04:16:20.326] INFO: simulator:public-processor Processed 1 successful txs and 0 failed txs (0 silently skipped, 0ms wasted) in 0.027379208999991533s {"blockNumber":23,"successfulCount":1,"failedCount":0,"duration":0.027379208999991533,"rate":71129410.64150546,"totalPublicGas":{"daGas":2368,"l2Gas":1947467},"totalBlockGas":{"daGas":3744,"l2Gas":2674217},"totalSizeInBytes":3744,"silentlySkippedCount":0,"silentlySkippedDurationMs":0}
[04:16:20.355] INFO: txe:top_level_context Created block 24 with timestamp 1789545781
[04:16:20.906] INFO: simulator:public-processor Processed 1 successful txs and 0 failed txs (0 silently skipped, 0ms wasted) in 0.026375s {"blockNumber":25,"successfulCount":1,"failedCount":0,"duration":0.026375,"rate":73837611.37440759,"totalPublicGas":{"daGas":2368,"l2Gas":1947467},"totalBlockGas":{"daGas":3744,"l2Gas":2674217},"totalSizeInBytes":3744,"silentlySkippedCount":0,"silentlySkippedDurationMs":0}
[04:16:20.934] INFO: txe:top_level_context Created block 26 with timestamp 1789545782
[04:16:21.135] INFO: kv-store:lmdb-v2 Starting data store with maxReaders 2
[04:16:21.135] INFO: world-state:database Creating world state data store at directory /var/folders/ym/q1vh2x5n58xbsmpmvs5_6w3r0000gn/T/aztec-world-state-flAn4O/world_state with map sizes {"archiveTreeMapSizeKb":10485760,"nullifierTreeMapSizeKb":10485760,"noteHashTreeMapSizeKb":10485760,"messageTreeMapSizeKb":10485760,"publicDataTreeMapSizeKb":10485760} and 2 threads (ephemeral=true).
[04:16:21.144] INFO: txe_node Aztec Node version: txe
[04:16:21.144] INFO: txe_node Aztec Node started on chain 0x1
[04:16:21.156] INFO: txe:top_level_context Created block 1 with timestamp 1789442181
[04:16:21.196] INFO: txe:top_level_context Created block 2 with timestamp 1789442181
[04:16:21.349] INFO: simulator:public-processor Processed 1 successful txs and 0 failed txs (0 silently skipped, 0ms wasted) in 0.11799858299999323s {"blockNumber":3,"successfulCount":1,"failedCount":0,"duration":0.11799858299999323,"rate":1075818.0036789703,"totalPublicGas":{"daGas":0,"l2Gas":126945},"totalBlockGas":{"daGas":0,"l2Gas":126945},"totalSizeInBytes":128,"silentlySkippedCount":0,"silentlySkippedDurationMs":0}
[04:16:21.407] WARN: txe:top_level_context Could not find function artifact in contract Billboard for function '0x8f3f1c4d' when enriching error callstack
[billboard_test] Testing test_set_moderation_policy_fails_when_no_censor ... [0m[32mok[0m
[04:16:21.523] INFO: simulator:public-processor Processed 1 successful txs and 0 failed txs (0 silently skipped, 0ms wasted) in 0.02815166699999827s {"blockNumber":27,"successfulCount":1,"failedCount":0,"duration":0.02815166699999827,"rate":69177679.60242353,"totalPublicGas":{"daGas":2368,"l2Gas":1947467},"totalBlockGas":{"daGas":3744,"l2Gas":2674217},"totalSizeInBytes":3744,"silentlySkippedCount":0,"silentlySkippedDurationMs":0}
[04:16:21.551] INFO: txe:top_level_context Created block 28 with timestamp 1789545783
[04:16:22.108] INFO: simulator:public-processor Processed 1 successful txs and 0 failed txs (0 silently skipped, 0ms wasted) in 0.027222166000006837s {"blockNumber":29,"successfulCount":1,"failedCount":0,"duration":0.027222166000006837,"rate":71539751.83310214,"totalPublicGas":{"daGas":2368,"l2Gas":1947467},"totalBlockGas":{"daGas":3744,"l2Gas":2674217},"totalSizeInBytes":3744,"silentlySkippedCount":0,"silentlySkippedDurationMs":0}
[04:16:22.137] INFO: txe:top_level_context Created block 30 with timestamp 1789545784
[04:16:22.692] INFO: simulator:public-processor Processed 1 successful txs and 0 failed txs (0 silently skipped, 0ms wasted) in 0.02659304199999315s {"blockNumber":31,"successfulCount":1,"failedCount":0,"duration":0.02659304199999315,"rate":73232201.11488192,"totalPublicGas":{"daGas":2368,"l2Gas":1947467},"totalBlockGas":{"daGas":3744,"l2Gas":2674217},"totalSizeInBytes":3744,"silentlySkippedCount":0,"silentlySkippedDurationMs":0}
[04:16:22.720] INFO: txe:top_level_context Created block 32 with timestamp 1789545785
[04:16:23.237] INFO: kv-store:lmdb-v2 Starting data store with maxReaders 2
[04:16:23.238] INFO: world-state:database Creating world state data store at directory /var/folders/ym/q1vh2x5n58xbsmpmvs5_6w3r0000gn/T/aztec-world-state-8BGpH9/world_state with map sizes {"archiveTreeMapSizeKb":10485760,"nullifierTreeMapSizeKb":10485760,"noteHashTreeMapSizeKb":10485760,"messageTreeMapSizeKb":10485760,"publicDataTreeMapSizeKb":10485760} and 2 threads (ephemeral=true).
[04:16:23.247] INFO: txe_node Aztec Node version: txe
[04:16:23.247] INFO: txe_node Aztec Node started on chain 0x1
[04:16:23.259] INFO: txe:top_level_context Created block 1 with timestamp 1789442183
[04:16:23.284] INFO: simulator:public-processor Processed 1 successful txs and 0 failed txs (0 silently skipped, 0ms wasted) in 0.028983666000000085s {"blockNumber":33,"successfulCount":1,"failedCount":0,"duration":0.028983666000000085,"rate":67191879.72977588,"totalPublicGas":{"daGas":2368,"l2Gas":1947467},"totalBlockGas":{"daGas":3744,"l2Gas":2674217},"totalSizeInBytes":3744,"silentlySkippedCount":0,"silentlySkippedDurationMs":0}
[04:16:23.298] INFO: txe:top_level_context Created block 2 with timestamp 1789442183
[04:16:23.315] INFO: txe:top_level_context Created block 34 with timestamp 1789545786
[04:16:23.399] INFO: simulator:public-processor Processed 1 successful txs and 0 failed txs (0 silently skipped, 0ms wasted) in 0.07037674999999581s {"blockNumber":3,"successfulCount":1,"failedCount":0,"duration":0.07037674999999581,"rate":45983225.994382985,"totalPublicGas":{"daGas":4000,"l2Gas":3236150},"totalBlockGas":{"daGas":4000,"l2Gas":3236150},"totalSizeInBytes":4128,"silentlySkippedCount":0,"silentlySkippedDurationMs":0}
[04:16:23.448] INFO: simulator:public-processor Processed 1 successful txs and 0 failed txs (0 silently skipped, 0ms wasted) in 0.004977166999990004s {"blockNumber":4,"successfulCount":1,"failedCount":0,"duration":0.004977166999990004,"rate":8562702.436965767,"totalPublicGas":{"daGas":0,"l2Gas":42618},"totalBlockGas":{"daGas":0,"l2Gas":42618},"totalSizeInBytes":128,"silentlySkippedCount":0,"silentlySkippedDurationMs":0}
[04:16:23.450] WARN: txe:top_level_context Could not find function artifact in contract Billboard for function '0xca42e93e' when enriching error callstack
[billboard_test] Testing test_set_moderation_policy_rejects_non_censor ... [0m[32mok[0m
[04:16:23.895] INFO: simulator:public-processor Processed 1 successful txs and 0 failed txs (0 silently skipped, 0ms wasted) in 0.02682875000000058s {"blockNumber":35,"successfulCount":1,"failedCount":0,"duration":0.02682875000000058,"rate":72588808.64743821,"totalPublicGas":{"daGas":2368,"l2Gas":1947467},"totalBlockGas":{"daGas":3744,"l2Gas":2674217},"totalSizeInBytes":3744,"silentlySkippedCount":0,"silentlySkippedDurationMs":0}
[04:16:23.923] INFO: txe:top_level_context Created block 36 with timestamp 1789545787
[04:16:24.480] INFO: simulator:public-processor Processed 1 successful txs and 0 failed txs (0 silently skipped, 0ms wasted) in 0.027021917000005488s {"blockNumber":37,"successfulCount":1,"failedCount":0,"duration":0.027021917000005488,"rate":72069905.32905583,"totalPublicGas":{"daGas":2368,"l2Gas":1947467},"totalBlockGas":{"daGas":3744,"l2Gas":2674217},"totalSizeInBytes":3744,"silentlySkippedCount":0,"silentlySkippedDurationMs":0}
[04:16:24.508] INFO: txe:top_level_context Created block 38 with timestamp 1789545788
[04:16:25.065] INFO: simulator:public-processor Processed 1 successful txs and 0 failed txs (0 silently skipped, 0ms wasted) in 0.02851729199998954s {"blockNumber":39,"successfulCount":1,"failedCount":0,"duration":0.02851729199998954,"rate":68290740.93012458,"totalPublicGas":{"daGas":2368,"l2Gas":1947467},"totalBlockGas":{"daGas":3744,"l2Gas":2674217},"totalSizeInBytes":3744,"silentlySkippedCount":0,"silentlySkippedDurationMs":0}
[04:16:25.094] INFO: txe:top_level_context Created block 40 with timestamp 1789545789
[04:16:25.281] INFO: kv-store:lmdb-v2 Starting data store with maxReaders 2
[04:16:25.281] INFO: world-state:database Creating world state data store at directory /var/folders/ym/q1vh2x5n58xbsmpmvs5_6w3r0000gn/T/aztec-world-state-yB6Gv0/world_state with map sizes {"archiveTreeMapSizeKb":10485760,"nullifierTreeMapSizeKb":10485760,"noteHashTreeMapSizeKb":10485760,"messageTreeMapSizeKb":10485760,"publicDataTreeMapSizeKb":10485760} and 2 threads (ephemeral=true).
[04:16:25.290] INFO: txe_node Aztec Node version: txe
[04:16:25.290] INFO: txe_node Aztec Node started on chain 0x1
[04:16:25.302] INFO: txe:top_level_context Created block 1 with timestamp 1789442185
[04:16:25.341] INFO: txe:top_level_context Created block 2 with timestamp 1789442185
[04:16:25.576] INFO: simulator:public-processor Processed 1 successful txs and 0 failed txs (0 silently skipped, 0ms wasted) in 0.2063818329999922s {"blockNumber":3,"successfulCount":1,"failedCount":0,"duration":0.2063818329999922,"rate":15680401.481850015,"totalPublicGas":{"daGas":4000,"l2Gas":3236150},"totalBlockGas":{"daGas":4000,"l2Gas":3236150},"totalSizeInBytes":4128,"silentlySkippedCount":0,"silentlySkippedDurationMs":0}
[billboard_test] Testing test_set_moderation_policy_rejects_too_long ... [0m[32mok[0m
[04:16:25.669] INFO: simulator:public-processor Processed 1 successful txs and 0 failed txs (0 silently skipped, 0ms wasted) in 0.05175337500000023s {"blockNumber":4,"successfulCount":1,"failedCount":0,"duration":0.05175337500000023,"rate":827830.0690534638,"totalPublicGas":{"daGas":0,"l2Gas":42843},"totalBlockGas":{"daGas":0,"l2Gas":42843},"totalSizeInBytes":128,"silentlySkippedCount":0,"silentlySkippedDurationMs":0}
[04:16:25.671] WARN: txe:top_level_context Could not find function artifact in contract Billboard for function '0xca42e93e' when enriching error callstack
[04:16:25.705] INFO: simulator:public-processor Processed 1 successful txs and 0 failed txs (0 silently skipped, 0ms wasted) in 0.026215374999999767s {"blockNumber":41,"successfulCount":1,"failedCount":0,"duration":0.026215374999999767,"rate":74287207.41168179,"totalPublicGas":{"daGas":2368,"l2Gas":1947467},"totalBlockGas":{"daGas":3744,"l2Gas":2674217},"totalSizeInBytes":3744,"silentlySkippedCount":0,"silentlySkippedDurationMs":0}
[04:16:25.734] INFO: txe:top_level_context Created block 42 with timestamp 1789545790
[04:16:26.296] INFO: simulator:public-processor Processed 1 successful txs and 0 failed txs (0 silently skipped, 0ms wasted) in 0.02823962500000198s {"blockNumber":43,"successfulCount":1,"failedCount":0,"duration":0.02823962500000198,"rate":68962211.7857395,"totalPublicGas":{"daGas":2368,"l2Gas":1947467},"totalBlockGas":{"daGas":3744,"l2Gas":2674217},"totalSizeInBytes":3744,"silentlySkippedCount":0,"silentlySkippedDurationMs":0}
[04:16:26.325] INFO: txe:top_level_context Created block 44 with timestamp 1789545791
[billboard_test] Testing test_save_up_prevents_excessive_burst ... [0m[32mok[0m
[billboard_test] Testing test_transfer_censor_fails_when_no_censor ... [0m[32mok[0m
[04:16:27.486] INFO: kv-store:lmdb-v2 Starting data store with maxReaders 2
[04:16:27.487] INFO: world-state:database Creating world state data store at directory /var/folders/ym/q1vh2x5n58xbsmpmvs5_6w3r0000gn/T/aztec-world-state-fzdlAR/world_state with map sizes {"archiveTreeMapSizeKb":10485760,"nullifierTreeMapSizeKb":10485760,"noteHashTreeMapSizeKb":10485760,"messageTreeMapSizeKb":10485760,"publicDataTreeMapSizeKb":10485760} and 2 threads (ephemeral=true).
[04:16:27.496] INFO: txe_node Aztec Node version: txe
[04:16:27.496] INFO: txe_node Aztec Node started on chain 0x1
[04:16:27.507] INFO: txe:top_level_context Created block 1 with timestamp 1789442187
[04:16:27.538] INFO: txe:top_level_context Created block 2 with timestamp 1789442187
[04:16:27.576] INFO: simulator:public-processor Processed 1 successful txs and 0 failed txs (0 silently skipped, 0ms wasted) in 0.00710175000000163s {"blockNumber":3,"successfulCount":1,"failedCount":0,"duration":0.00710175000000163,"rate":17875171.612626586,"totalPublicGas":{"daGas":0,"l2Gas":126945},"totalBlockGas":{"daGas":0,"l2Gas":126945},"totalSizeInBytes":128,"silentlySkippedCount":0,"silentlySkippedDurationMs":0}
[04:16:27.577] WARN: txe:top_level_context Could not find function artifact in contract Billboard for function '0x8f3f1c4d' when enriching error callstack
[04:16:28.617] INFO: kv-store:lmdb-v2 Starting data store with maxReaders 2
[04:16:28.617] INFO: world-state:database Creating world state data store at directory /var/folders/ym/q1vh2x5n58xbsmpmvs5_6w3r0000gn/T/aztec-world-state-01lA4W/world_state with map sizes {"archiveTreeMapSizeKb":10485760,"nullifierTreeMapSizeKb":10485760,"noteHashTreeMapSizeKb":10485760,"messageTreeMapSizeKb":10485760,"publicDataTreeMapSizeKb":10485760} and 2 threads (ephemeral=true).
[04:16:28.626] INFO: txe_node Aztec Node version: txe
[04:16:28.626] INFO: txe_node Aztec Node started on chain 0x1
[04:16:28.638] INFO: txe:top_level_context Created block 1 with timestamp 1789442188
[04:16:28.678] INFO: txe:top_level_context Created block 2 with timestamp 1789442188
[04:16:28.743] INFO: simulator:public-processor Processed 1 successful txs and 0 failed txs (0 silently skipped, 0ms wasted) in 0.03712383399999817s {"blockNumber":3,"successfulCount":1,"failedCount":0,"duration":0.03712383399999817,"rate":87171761.40805283,"totalPublicGas":{"daGas":4000,"l2Gas":3236150},"totalBlockGas":{"daGas":4000,"l2Gas":3236150},"totalSizeInBytes":4128,"silentlySkippedCount":0,"silentlySkippedDurationMs":0}
[04:16:28.779] INFO: simulator:public-processor Processed 1 successful txs and 0 failed txs (0 silently skipped, 0ms wasted) in 0.004511874999996507s {"blockNumber":4,"successfulCount":1,"failedCount":0,"duration":0.004511874999996507,"rate":9188862.723376,"totalPublicGas":{"daGas":64,"l2Gas":41459},"totalBlockGas":{"daGas":64,"l2Gas":41459},"totalSizeInBytes":192,"silentlySkippedCount":0,"silentlySkippedDurationMs":0}
[04:16:28.808] INFO: simulator:public-processor Processed 1 successful txs and 0 failed txs (0 silently skipped, 0ms wasted) in 0.004503208000009181s {"blockNumber":5,"successfulCount":1,"failedCount":0,"duration":0.004503208000009181,"rate":1801382.4811075707,"totalPublicGas":{"daGas":0,"l2Gas":8112},"totalBlockGas":{"daGas":0,"l2Gas":8112},"totalSizeInBytes":128,"silentlySkippedCount":0,"silentlySkippedDurationMs":0}
[04:16:28.811] WARN: txe:top_level_context Could not find function artifact in contract Billboard for function '0xb6932320' when enriching error callstack
[billboard_test] Testing test_transfer_censor_old_censor_loses_rights ... [0m[32mok[0m
[billboard_test] Testing test_transfer_censor_rejects_non_censor ... [0m[32mok[0m
[04:16:29.402] INFO: kv-store:lmdb-v2 Starting data store with maxReaders 2
[04:16:29.403] INFO: world-state:database Creating world state data store at directory /var/folders/ym/q1vh2x5n58xbsmpmvs5_6w3r0000gn/T/aztec-world-state-DPi1vp/world_state with map sizes {"archiveTreeMapSizeKb":10485760,"nullifierTreeMapSizeKb":10485760,"noteHashTreeMapSizeKb":10485760,"messageTreeMapSizeKb":10485760,"publicDataTreeMapSizeKb":10485760} and 2 threads (ephemeral=true).
[04:16:29.411] INFO: txe_node Aztec Node version: txe
[04:16:29.411] INFO: txe_node Aztec Node started on chain 0x1
[04:16:29.423] INFO: txe:top_level_context Created block 1 with timestamp 1789442189
[04:16:29.456] INFO: txe:top_level_context Created block 2 with timestamp 1789442189
[04:16:29.519] INFO: simulator:public-processor Processed 1 successful txs and 0 failed txs (0 silently skipped, 0ms wasted) in 0.0365399999999936s {"blockNumber":3,"successfulCount":1,"failedCount":0,"duration":0.0365399999999936,"rate":88564586.75425744,"totalPublicGas":{"daGas":4000,"l2Gas":3236150},"totalBlockGas":{"daGas":4000,"l2Gas":3236150},"totalSizeInBytes":4128,"silentlySkippedCount":0,"silentlySkippedDurationMs":0}
[04:16:29.555] INFO: simulator:public-processor Processed 1 successful txs and 0 failed txs (0 silently skipped, 0ms wasted) in 0.004260875000007218s {"blockNumber":4,"successfulCount":1,"failedCount":0,"duration":0.004260875000007218,"rate":1903834.3063305677,"totalPublicGas":{"daGas":0,"l2Gas":8112},"totalBlockGas":{"daGas":0,"l2Gas":8112},"totalSizeInBytes":128,"silentlySkippedCount":0,"silentlySkippedDurationMs":0}
[04:16:29.557] WARN: txe:top_level_context Could not find function artifact in contract Billboard for function '0xb6932320' when enriching error callstack
[billboard_test] Testing test_transfer_censor_rejects_zero_address ... [0m[32mok[0m
[04:16:30.635] INFO: kv-store:lmdb-v2 Starting data store with maxReaders 2
[04:16:30.636] INFO: world-state:database Creating world state data store at directory /var/folders/ym/q1vh2x5n58xbsmpmvs5_6w3r0000gn/T/aztec-world-state-cYJJ7n/world_state with map sizes {"archiveTreeMapSizeKb":10485760,"nullifierTreeMapSizeKb":10485760,"noteHashTreeMapSizeKb":10485760,"messageTreeMapSizeKb":10485760,"publicDataTreeMapSizeKb":10485760} and 2 threads (ephemeral=true).
[04:16:30.646] INFO: txe_node Aztec Node version: txe
[04:16:30.646] INFO: txe_node Aztec Node started on chain 0x1
[04:16:30.658] INFO: txe:top_level_context Created block 1 with timestamp 1789442190
[04:16:30.692] INFO: txe:top_level_context Created block 2 with timestamp 1789442190
[04:16:30.759] INFO: simulator:public-processor Processed 1 successful txs and 0 failed txs (0 silently skipped, 0ms wasted) in 0.03684508300000743s {"blockNumber":3,"successfulCount":1,"failedCount":0,"duration":0.03684508300000743,"rate":87831258.24412845,"totalPublicGas":{"daGas":4000,"l2Gas":3236150},"totalBlockGas":{"daGas":4000,"l2Gas":3236150},"totalSizeInBytes":4128,"silentlySkippedCount":0,"silentlySkippedDurationMs":0}
[04:16:30.789] INFO: simulator:public-processor Processed 1 successful txs and 0 failed txs (0 silently skipped, 0ms wasted) in 0.004128624999997555s {"blockNumber":4,"successfulCount":1,"failedCount":0,"duration":0.004128624999997555,"rate":1978624.8448345,"totalPublicGas":{"daGas":0,"l2Gas":8169},"totalBlockGas":{"daGas":0,"l2Gas":8169},"totalSizeInBytes":128,"silentlySkippedCount":0,"silentlySkippedDurationMs":0}
[04:16:30.791] WARN: txe:top_level_context Could not find function artifact in contract Billboard for function '0xb6932320' when enriching error callstack
[04:16:31.390] INFO: kv-store:lmdb-v2 Starting data store with maxReaders 2
[04:16:31.392] INFO: world-state:database Creating world state data store at directory /var/folders/ym/q1vh2x5n58xbsmpmvs5_6w3r0000gn/T/aztec-world-state-syiPjr/world_state with map sizes {"archiveTreeMapSizeKb":10485760,"nullifierTreeMapSizeKb":10485760,"noteHashTreeMapSizeKb":10485760,"messageTreeMapSizeKb":10485760,"publicDataTreeMapSizeKb":10485760} and 2 threads (ephemeral=true).
[04:16:31.401] INFO: txe_node Aztec Node version: txe
[04:16:31.401] INFO: txe_node Aztec Node started on chain 0x1
[04:16:31.413] INFO: txe:top_level_context Created block 1 with timestamp 1789442191
[04:16:31.447] INFO: txe:top_level_context Created block 2 with timestamp 1789442191
[04:16:31.514] INFO: simulator:public-processor Processed 1 successful txs and 0 failed txs (0 silently skipped, 0ms wasted) in 0.03884204200000386s {"blockNumber":3,"successfulCount":1,"failedCount":0,"duration":0.03884204200000386,"rate":83315650.60353105,"totalPublicGas":{"daGas":4000,"l2Gas":3236150},"totalBlockGas":{"daGas":4000,"l2Gas":3236150},"totalSizeInBytes":4128,"silentlySkippedCount":0,"silentlySkippedDurationMs":0}
[04:16:31.547] INFO: simulator:public-processor Processed 1 successful txs and 0 failed txs (0 silently skipped, 0ms wasted) in 0.004399915999994846s {"blockNumber":4,"successfulCount":1,"failedCount":0,"duration":0.004399915999994846,"rate":9422679.887536163,"totalPublicGas":{"daGas":64,"l2Gas":41459},"totalBlockGas":{"daGas":64,"l2Gas":41459},"totalSizeInBytes":192,"silentlySkippedCount":0,"silentlySkippedDurationMs":0}
[04:16:31.575] INFO: simulator:public-processor Processed 1 successful txs and 0 failed txs (0 silently skipped, 0ms wasted) in 0.004066124999997555s {"blockNumber":5,"successfulCount":1,"failedCount":0,"duration":0.004066124999997555,"rate":2332195.8867486124,"totalPublicGas":{"daGas":0,"l2Gas":9483},"totalBlockGas":{"daGas":0,"l2Gas":9483},"totalSizeInBytes":128,"silentlySkippedCount":0,"silentlySkippedDurationMs":0}
[billboard_test] Testing test_transfer_censor_success ... [0m[32mok[0m
[billboard_test] Testing test_withdraw_msg_hash_deterministic ... [0m[32mok[0m
[billboard_test] Testing test_withdraw_msg_hash_differs_from_deposit_hash ... [0m[32mok[0m
[04:16:34.457] INFO: kv-store:lmdb-v2 Starting data store with maxReaders 2
[04:16:34.458] INFO: world-state:database Creating world state data store at directory /var/folders/ym/q1vh2x5n58xbsmpmvs5_6w3r0000gn/T/aztec-world-state-KTymtq/world_state with map sizes {"archiveTreeMapSizeKb":10485760,"nullifierTreeMapSizeKb":10485760,"noteHashTreeMapSizeKb":10485760,"messageTreeMapSizeKb":10485760,"publicDataTreeMapSizeKb":10485760} and 2 threads (ephemeral=true).
[04:16:34.467] INFO: txe_node Aztec Node version: txe
[04:16:34.467] INFO: txe_node Aztec Node started on chain 0x1
[04:16:34.478] INFO: txe:top_level_context Created block 1 with timestamp 1789442194
[04:16:34.515] INFO: txe:top_level_context Created block 2 with timestamp 1789442194
[04:16:34.580] INFO: simulator:public-processor Processed 1 successful txs and 0 failed txs (0 silently skipped, 0ms wasted) in 0.037252416000002994s {"blockNumber":3,"successfulCount":1,"failedCount":0,"duration":0.037252416000002994,"rate":86870875.70373261,"totalPublicGas":{"daGas":4000,"l2Gas":3236150},"totalBlockGas":{"daGas":4000,"l2Gas":3236150},"totalSizeInBytes":4128,"silentlySkippedCount":0,"silentlySkippedDurationMs":0}
[04:16:34.703] INFO: simulator:public-processor Processed 1 successful txs and 0 failed txs (0 silently skipped, 0ms wasted) in 0.013343624999994063s {"blockNumber":4,"successfulCount":1,"failedCount":0,"duration":0.013343624999994063,"rate":85477522.0377152,"totalPublicGas":{"daGas":192,"l2Gas":1140580},"totalBlockGas":{"daGas":320,"l2Gas":1731380},"totalSizeInBytes":320,"silentlySkippedCount":0,"silentlySkippedDurationMs":0}
[04:16:34.730] INFO: txe:top_level_context Created block 5 with timestamp 1789442194
[04:16:34.881] INFO: simulator:public-processor Processed 1 successful txs and 0 failed txs (0 silently skipped, 0ms wasted) in 0.004170832999996492s {"blockNumber":6,"successfulCount":1,"failedCount":0,"duration":0.004170832999996492,"rate":0,"totalPublicGas":{"daGas":0,"l2Gas":0},"totalBlockGas":{"daGas":1984,"l2Gas":529900},"totalSizeInBytes":1984,"silentlySkippedCount":0,"silentlySkippedDurationMs":0}
[04:16:34.909] INFO: txe:top_level_context Created block 7 with timestamp 1789442294
[billboard_test] Testing test_withdraw_no_posts_too_early ... [0m[32mok[0m
[04:16:35.495] INFO: kv-store:lmdb-v2 Starting data store with maxReaders 2
[04:16:35.496] INFO: world-state:database Creating world state data store at directory /var/folders/ym/q1vh2x5n58xbsmpmvs5_6w3r0000gn/T/aztec-world-state-pqjJaz/world_state with map sizes {"archiveTreeMapSizeKb":10485760,"nullifierTreeMapSizeKb":10485760,"noteHashTreeMapSizeKb":10485760,"messageTreeMapSizeKb":10485760,"publicDataTreeMapSizeKb":10485760} and 2 threads (ephemeral=true).
[04:16:35.504] INFO: txe_node Aztec Node version: txe
[04:16:35.504] INFO: txe_node Aztec Node started on chain 0x1
[04:16:35.516] INFO: txe:top_level_context Created block 1 with timestamp 1789442195
[04:16:35.558] INFO: txe:top_level_context Created block 2 with timestamp 1789442195
[04:16:35.637] INFO: simulator:public-processor Processed 1 successful txs and 0 failed txs (0 silently skipped, 0ms wasted) in 0.040012667000002694s {"blockNumber":3,"successfulCount":1,"failedCount":0,"duration":0.040012667000002694,"rate":80878137.91567011,"totalPublicGas":{"daGas":4000,"l2Gas":3236150},"totalBlockGas":{"daGas":4000,"l2Gas":3236150},"totalSizeInBytes":4128,"silentlySkippedCount":0,"silentlySkippedDurationMs":0}
[04:16:35.749] INFO: simulator:public-processor Processed 1 successful txs and 0 failed txs (0 silently skipped, 0ms wasted) in 0.013335790999990422s {"blockNumber":4,"successfulCount":1,"failedCount":0,"duration":0.013335790999990422,"rate":85527735.10028908,"totalPublicGas":{"daGas":192,"l2Gas":1140580},"totalBlockGas":{"daGas":320,"l2Gas":1731380},"totalSizeInBytes":320,"silentlySkippedCount":0,"silentlySkippedDurationMs":0}
[04:16:35.781] INFO: txe:top_level_context Created block 5 with timestamp 1789442195
[04:16:35.935] INFO: simulator:public-processor Processed 1 successful txs and 0 failed txs (0 silently skipped, 0ms wasted) in 0.0055859999999956925s {"blockNumber":6,"successfulCount":1,"failedCount":0,"duration":0.0055859999999956925,"rate":0,"totalPublicGas":{"daGas":0,"l2Gas":0},"totalBlockGas":{"daGas":1984,"l2Gas":529900},"totalSizeInBytes":1984,"silentlySkippedCount":0,"silentlySkippedDurationMs":0}
[04:16:35.967] INFO: txe:top_level_context Created block 7 with timestamp 1789445796
[04:16:36.524] INFO: simulator:public-processor Processed 1 successful txs and 0 failed txs (0 silently skipped, 0ms wasted) in 0.026319875000001047s {"blockNumber":8,"successfulCount":1,"failedCount":0,"duration":0.026319875000001047,"rate":73992258.70183359,"totalPublicGas":{"daGas":2368,"l2Gas":1947467},"totalBlockGas":{"daGas":3744,"l2Gas":2674217},"totalSizeInBytes":3744,"silentlySkippedCount":0,"silentlySkippedDurationMs":0}
[04:16:36.551] INFO: txe:top_level_context Created block 9 with timestamp 1789449397
[04:16:37.089] INFO: simulator:public-processor Processed 1 successful txs and 0 failed txs (0 silently skipped, 0ms wasted) in 0.003723792000004323s {"blockNumber":10,"successfulCount":1,"failedCount":0,"duration":0.003723792000004323,"rate":0,"totalPublicGas":{"daGas":0,"l2Gas":0},"totalBlockGas":{"daGas":1440,"l2Gas":527400},"totalSizeInBytes":1440,"silentlySkippedCount":0,"silentlySkippedDurationMs":0}
[04:16:37.135] INFO: kv-store:lmdb-v2 Starting data store with maxReaders 2
[04:16:37.136] INFO: world-state:database Creating world state data store at directory /var/folders/ym/q1vh2x5n58xbsmpmvs5_6w3r0000gn/T/aztec-world-state-kUWThW/world_state with map sizes {"archiveTreeMapSizeKb":10485760,"nullifierTreeMapSizeKb":10485760,"noteHashTreeMapSizeKb":10485760,"messageTreeMapSizeKb":10485760,"publicDataTreeMapSizeKb":10485760} and 2 threads (ephemeral=true).
[04:16:37.145] INFO: txe_node Aztec Node version: txe
[04:16:37.145] INFO: txe_node Aztec Node started on chain 0x1
[04:16:37.173] INFO: txe:top_level_context Created block 1 with timestamp 1789442197
[04:16:37.256] INFO: txe:top_level_context Created block 2 with timestamp 1789442197
[04:16:37.328] INFO: simulator:public-processor Processed 1 successful txs and 0 failed txs (0 silently skipped, 0ms wasted) in 0.041552415999991356s {"blockNumber":3,"successfulCount":1,"failedCount":0,"duration":0.041552415999991356,"rate":77881151.36315234,"totalPublicGas":{"daGas":4000,"l2Gas":3236150},"totalBlockGas":{"daGas":4000,"l2Gas":3236150},"totalSizeInBytes":4128,"silentlySkippedCount":0,"silentlySkippedDurationMs":0}
[04:16:37.475] INFO: simulator:public-processor Processed 1 successful txs and 0 failed txs (0 silently skipped, 0ms wasted) in 0.018104374999995343s {"blockNumber":4,"successfulCount":1,"failedCount":0,"duration":0.018104374999995343,"rate":63000241.65431248,"totalPublicGas":{"daGas":192,"l2Gas":1140580},"totalBlockGas":{"daGas":320,"l2Gas":1731380},"totalSizeInBytes":320,"silentlySkippedCount":0,"silentlySkippedDurationMs":0}
[04:16:37.497] INFO: txe:top_level_context Created block 11 with timestamp 1789452995
[04:16:37.503] INFO: txe:top_level_context Created block 5 with timestamp 1789442197
[04:16:37.663] INFO: simulator:public-processor Processed 1 successful txs and 0 failed txs (0 silently skipped, 0ms wasted) in 0.005733166999998502s {"blockNumber":12,"successfulCount":1,"failedCount":0,"duration":0.005733166999998502,"rate":0,"totalPublicGas":{"daGas":0,"l2Gas":0},"totalBlockGas":{"daGas":256,"l2Gas":477200},"totalSizeInBytes":256,"silentlySkippedCount":0,"silentlySkippedDurationMs":0}
[04:16:37.817] INFO: simulator:public-processor Processed 1 successful txs and 0 failed txs (0 silently skipped, 0ms wasted) in 0.003776125000003958s {"blockNumber":6,"successfulCount":1,"failedCount":0,"duration":0.003776125000003958,"rate":0,"totalPublicGas":{"daGas":0,"l2Gas":0},"totalBlockGas":{"daGas":1984,"l2Gas":529900},"totalSizeInBytes":1984,"silentlySkippedCount":0,"silentlySkippedDurationMs":0}
[04:16:37.847] INFO: txe:top_level_context Created block 7 with timestamp 1789445798
[billboard_test] Testing test_withdraw_succeeds_after_dummy_post ... [0m[32mok[0m
[billboard_test] Testing test_withdraw_unscreened_real_posts ... [0m[32mok[0m
[04:16:38.478] INFO: simulator:public-processor Processed 1 successful txs and 0 failed txs (0 silently skipped, 0ms wasted) in 0.027914125000010243s {"blockNumber":8,"successfulCount":1,"failedCount":0,"duration":0.027914125000010243,"rate":69766363.80324604,"totalPublicGas":{"daGas":2368,"l2Gas":1947467},"totalBlockGas":{"daGas":3744,"l2Gas":2674217},"totalSizeInBytes":3744,"silentlySkippedCount":0,"silentlySkippedDurationMs":0}
[04:16:39.916] INFO: kv-store:lmdb-v2 Starting data store with maxReaders 2
[04:16:39.917] INFO: world-state:database Creating world state data store at directory /var/folders/ym/q1vh2x5n58xbsmpmvs5_6w3r0000gn/T/aztec-world-state-H264Qw/world_state with map sizes {"archiveTreeMapSizeKb":10485760,"nullifierTreeMapSizeKb":10485760,"noteHashTreeMapSizeKb":10485760,"messageTreeMapSizeKb":10485760,"publicDataTreeMapSizeKb":10485760} and 2 threads (ephemeral=true).
[04:16:39.926] INFO: txe_node Aztec Node version: txe
[04:16:39.926] INFO: txe_node Aztec Node started on chain 0x1
[04:16:39.938] INFO: txe:top_level_context Created block 1 with timestamp 1789442199
[04:16:39.974] INFO: txe:top_level_context Created block 2 with timestamp 1789442199
[04:16:40.040] INFO: simulator:public-processor Processed 1 successful txs and 0 failed txs (0 silently skipped, 0ms wasted) in 0.03851295799999207s {"blockNumber":3,"successfulCount":1,"failedCount":0,"duration":0.03851295799999207,"rate":84027562.87898391,"totalPublicGas":{"daGas":4000,"l2Gas":3236150},"totalBlockGas":{"daGas":4000,"l2Gas":3236150},"totalSizeInBytes":4128,"silentlySkippedCount":0,"silentlySkippedDurationMs":0}
[04:16:40.070] INFO: simulator:public-processor Processed 1 successful txs and 0 failed txs (0 silently skipped, 0ms wasted) in 0.004111458999992465s {"blockNumber":4,"successfulCount":1,"failedCount":0,"duration":0.004111458999992465,"rate":2588862.0073846066,"totalPublicGas":{"daGas":0,"l2Gas":10644},"totalBlockGas":{"daGas":0,"l2Gas":10644},"totalSizeInBytes":128,"silentlySkippedCount":0,"silentlySkippedDurationMs":0}
[04:16:40.083] INFO: simulator:public-processor Processed 1 successful txs and 0 failed txs (0 silently skipped, 0ms wasted) in 0.004013374999994994s {"blockNumber":4,"successfulCount":1,"failedCount":0,"duration":0.004013374999994994,"rate":960538.2003936359,"totalPublicGas":{"daGas":0,"l2Gas":3855},"totalBlockGas":{"daGas":0,"l2Gas":3855},"totalSizeInBytes":128,"silentlySkippedCount":0,"silentlySkippedDurationMs":0}
[04:16:40.085] WARN: txe:top_level_context Could not find function artifact in contract Billboard for function '0x5b6267a4' when enriching error callstack
[billboard_test] Testing c01::c01_binding_rejects_direct_nonself_public_call ... [0m[32mok[0m
[04:16:40.449] INFO: kv-store:lmdb-v2 Starting data store with maxReaders 2
[04:16:40.450] INFO: world-state:database Creating world state data store at directory /var/folders/ym/q1vh2x5n58xbsmpmvs5_6w3r0000gn/T/aztec-world-state-t1TSfk/world_state with map sizes {"archiveTreeMapSizeKb":10485760,"nullifierTreeMapSizeKb":10485760,"noteHashTreeMapSizeKb":10485760,"messageTreeMapSizeKb":10485760,"publicDataTreeMapSizeKb":10485760} and 2 threads (ephemeral=true).
[04:16:40.459] INFO: txe_node Aztec Node version: txe
[04:16:40.459] INFO: txe_node Aztec Node started on chain 0x1
[04:16:40.476] INFO: txe:top_level_context Created block 1 with timestamp 1789442200
[04:16:40.510] INFO: txe:top_level_context Created block 2 with timestamp 1789442200
[04:16:40.575] INFO: simulator:public-processor Processed 1 successful txs and 0 failed txs (0 silently skipped, 0ms wasted) in 0.0370800409999938s {"blockNumber":3,"successfulCount":1,"failedCount":0,"duration":0.0370800409999938,"rate":87274714.71783273,"totalPublicGas":{"daGas":4000,"l2Gas":3236150},"totalBlockGas":{"daGas":4000,"l2Gas":3236150},"totalSizeInBytes":4128,"silentlySkippedCount":0,"silentlySkippedDurationMs":0}
[04:16:40.673] INFO: simulator:public-processor Processed 1 successful txs and 0 failed txs (0 silently skipped, 0ms wasted) in 0.014136833000011393s {"blockNumber":4,"successfulCount":1,"failedCount":0,"duration":0.014136833000011393,"rate":80681436.92431542,"totalPublicGas":{"daGas":192,"l2Gas":1140580},"totalBlockGas":{"daGas":320,"l2Gas":1731380},"totalSizeInBytes":320,"silentlySkippedCount":0,"silentlySkippedDurationMs":0}
[04:16:40.704] INFO: simulator:public-processor Processed 1 successful txs and 0 failed txs (0 silently skipped, 0ms wasted) in 0.004445999999996275s {"blockNumber":5,"successfulCount":1,"failedCount":0,"duration":0.004445999999996275,"rate":2394062.0782746105,"totalPublicGas":{"daGas":0,"l2Gas":10644},"totalBlockGas":{"daGas":0,"l2Gas":10644},"totalSizeInBytes":128,"silentlySkippedCount":0,"silentlySkippedDurationMs":0}
[04:16:40.720] INFO: simulator:public-processor Processed 1 successful txs and 0 failed txs (0 silently skipped, 0ms wasted) in 0.004741457999989507s {"blockNumber":5,"successfulCount":1,"failedCount":0,"duration":0.004741457999989507,"rate":2501129.3994434294,"totalPublicGas":{"daGas":0,"l2Gas":11859},"totalBlockGas":{"daGas":0,"l2Gas":11859},"totalSizeInBytes":128,"silentlySkippedCount":0,"silentlySkippedDurationMs":0}
[04:16:40.793] INFO: simulator:public-processor Processed 1 successful txs and 0 failed txs (0 silently skipped, 0ms wasted) in 0.004224541000003228s {"blockNumber":5,"successfulCount":1,"failedCount":0,"duration":0.004224541000003228,"rate":1392577.3237839339,"totalPublicGas":{"daGas":0,"l2Gas":5883},"totalBlockGas":{"daGas":128,"l2Gas":596683},"totalSizeInBytes":128,"silentlySkippedCount":0,"silentlySkippedDurationMs":0}
[04:16:40.795] WARN: txe:top_level_context Could not find function artifact in contract Billboard for function '0x5b6267a4' when enriching error callstack
[billboard_test] Testing c01::c01_binding_rejects_second_binding ... [0m[32mok[0m
[billboard_test] Testing c01::c01_binding_rejects_unauthorized_private_caller ... [0m[32mok[0m
[04:16:41.922] INFO: kv-store:lmdb-v2 Starting data store with maxReaders 2
[04:16:41.923] INFO: world-state:database Creating world state data store at directory /var/folders/ym/q1vh2x5n58xbsmpmvs5_6w3r0000gn/T/aztec-world-state-NyY4WS/world_state with map sizes {"archiveTreeMapSizeKb":10485760,"nullifierTreeMapSizeKb":10485760,"noteHashTreeMapSizeKb":10485760,"messageTreeMapSizeKb":10485760,"publicDataTreeMapSizeKb":10485760} and 2 threads (ephemeral=true).
[04:16:41.932] INFO: txe_node Aztec Node version: txe
[04:16:41.932] INFO: txe_node Aztec Node started on chain 0x1
[04:16:41.945] INFO: txe:top_level_context Created block 1 with timestamp 1789442201
[04:16:41.979] INFO: txe:top_level_context Created block 2 with timestamp 1789442201
[04:16:42.046] INFO: simulator:public-processor Processed 1 successful txs and 0 failed txs (0 silently skipped, 0ms wasted) in 0.03725449999999546s {"blockNumber":3,"successfulCount":1,"failedCount":0,"duration":0.03725449999999546,"rate":86866016.1859747,"totalPublicGas":{"daGas":4000,"l2Gas":3236150},"totalBlockGas":{"daGas":4000,"l2Gas":3236150},"totalSizeInBytes":4128,"silentlySkippedCount":0,"silentlySkippedDurationMs":0}
[04:16:42.079] INFO: simulator:public-processor Processed 1 successful txs and 0 failed txs (0 silently skipped, 0ms wasted) in 0.003963749999995343s {"blockNumber":4,"successfulCount":1,"failedCount":0,"duration":0.003963749999995343,"rate":2685335.856199938,"totalPublicGas":{"daGas":0,"l2Gas":10644},"totalBlockGas":{"daGas":0,"l2Gas":10644},"totalSizeInBytes":128,"silentlySkippedCount":0,"silentlySkippedDurationMs":0}
[04:16:42.640] INFO: kv-store:lmdb-v2 Starting data store with maxReaders 2
[04:16:42.644] INFO: world-state:database Creating world state data store at directory /var/folders/ym/q1vh2x5n58xbsmpmvs5_6w3r0000gn/T/aztec-world-state-sGb6Ox/world_state with map sizes {"archiveTreeMapSizeKb":10485760,"nullifierTreeMapSizeKb":10485760,"noteHashTreeMapSizeKb":10485760,"messageTreeMapSizeKb":10485760,"publicDataTreeMapSizeKb":10485760} and 2 threads (ephemeral=true).
[04:16:42.654] INFO: txe_node Aztec Node version: txe
[04:16:42.654] INFO: txe_node Aztec Node started on chain 0x1
[04:16:42.665] INFO: txe:top_level_context Created block 1 with timestamp 1789442202
[04:16:42.704] INFO: txe:top_level_context Created block 2 with timestamp 1789442202
[04:16:42.770] INFO: simulator:public-processor Processed 1 successful txs and 0 failed txs (0 silently skipped, 0ms wasted) in 0.03754041599998891s {"blockNumber":3,"successfulCount":1,"failedCount":0,"duration":0.03754041599998891,"rate":86204425.65156859,"totalPublicGas":{"daGas":4000,"l2Gas":3236150},"totalBlockGas":{"daGas":4000,"l2Gas":3236150},"totalSizeInBytes":4128,"silentlySkippedCount":0,"silentlySkippedDurationMs":0}
[04:16:42.799] INFO: simulator:public-processor Processed 1 successful txs and 0 failed txs (0 silently skipped, 0ms wasted) in 0.004027249999999185s {"blockNumber":4,"successfulCount":1,"failedCount":0,"duration":0.004027249999999185,"rate":2642994.5992928557,"totalPublicGas":{"daGas":0,"l2Gas":10644},"totalBlockGas":{"daGas":0,"l2Gas":10644},"totalSizeInBytes":128,"silentlySkippedCount":0,"silentlySkippedDurationMs":0}
[billboard_test] Testing c01::c01_binding_rejects_zero_portal ... [0m[32mok[0m
[billboard_test] Testing c01::c01_claim_delivers_exact_v1_receipt_and_initial_eligibility ... [0m[32mok[0m
[04:16:44.014] INFO: kv-store:lmdb-v2 Starting data store with maxReaders 2
[04:16:44.015] INFO: world-state:database Creating world state data store at directory /var/folders/ym/q1vh2x5n58xbsmpmvs5_6w3r0000gn/T/aztec-world-state-5WFmqx/world_state with map sizes {"archiveTreeMapSizeKb":10485760,"nullifierTreeMapSizeKb":10485760,"noteHashTreeMapSizeKb":10485760,"messageTreeMapSizeKb":10485760,"publicDataTreeMapSizeKb":10485760} and 2 threads (ephemeral=true).
[04:16:44.023] INFO: txe_node Aztec Node version: txe
[04:16:44.023] INFO: txe_node Aztec Node started on chain 0x1
[04:16:44.035] INFO: txe:top_level_context Created block 1 with timestamp 1789442204
[04:16:44.071] INFO: txe:top_level_context Created block 2 with timestamp 1789442204
[04:16:44.135] INFO: simulator:public-processor Processed 1 successful txs and 0 failed txs (0 silently skipped, 0ms wasted) in 0.03659350000000268s {"blockNumber":3,"successfulCount":1,"failedCount":0,"duration":0.03659350000000268,"rate":88435104.59507188,"totalPublicGas":{"daGas":4000,"l2Gas":3236150},"totalBlockGas":{"daGas":4000,"l2Gas":3236150},"totalSizeInBytes":4128,"silentlySkippedCount":0,"silentlySkippedDurationMs":0}
[04:16:44.247] INFO: simulator:public-processor Processed 1 successful txs and 0 failed txs (0 silently skipped, 0ms wasted) in 0.013683082999996259s {"blockNumber":4,"successfulCount":1,"failedCount":0,"duration":0.013683082999996259,"rate":83356945.21478178,"totalPublicGas":{"daGas":192,"l2Gas":1140580},"totalBlockGas":{"daGas":320,"l2Gas":1731380},"totalSizeInBytes":320,"silentlySkippedCount":0,"silentlySkippedDurationMs":0}
[04:16:44.274] INFO: txe:top_level_context Created block 5 with timestamp 1789442204
[04:16:44.421] INFO: simulator:public-processor Processed 1 successful txs and 0 failed txs (0 silently skipped, 0ms wasted) in 0.003591459000002942s {"blockNumber":6,"successfulCount":1,"failedCount":0,"duration":0.003591459000002942,"rate":0,"totalPublicGas":{"daGas":0,"l2Gas":0},"totalBlockGas":{"daGas":1984,"l2Gas":529900},"totalSizeInBytes":1984,"silentlySkippedCount":0,"silentlySkippedDurationMs":0}
[04:16:44.695] INFO: kv-store:lmdb-v2 Starting data store with maxReaders 2
[04:16:44.696] INFO: world-state:database Creating world state data store at directory /var/folders/ym/q1vh2x5n58xbsmpmvs5_6w3r0000gn/T/aztec-world-state-VWwyUK/world_state with map sizes {"archiveTreeMapSizeKb":10485760,"nullifierTreeMapSizeKb":10485760,"noteHashTreeMapSizeKb":10485760,"messageTreeMapSizeKb":10485760,"publicDataTreeMapSizeKb":10485760} and 2 threads (ephemeral=true).
[04:16:44.705] INFO: txe_node Aztec Node version: txe
[04:16:44.705] INFO: txe_node Aztec Node started on chain 0x1
[04:16:44.719] INFO: txe:top_level_context Created block 1 with timestamp 1789442204
[04:16:44.753] INFO: txe:top_level_context Created block 2 with timestamp 1789442204
[04:16:44.819] INFO: simulator:public-processor Processed 1 successful txs and 0 failed txs (0 silently skipped, 0ms wasted) in 0.03710708299999533s {"blockNumber":3,"successfulCount":1,"failedCount":0,"duration":0.03710708299999533,"rate":87211112.76788874,"totalPublicGas":{"daGas":4000,"l2Gas":3236150},"totalBlockGas":{"daGas":4000,"l2Gas":3236150},"totalSizeInBytes":4128,"silentlySkippedCount":0,"silentlySkippedDurationMs":0}
[04:16:44.930] INFO: simulator:public-processor Processed 1 successful txs and 0 failed txs (0 silently skipped, 0ms wasted) in 0.013198790999987978s {"blockNumber":4,"successfulCount":1,"failedCount":0,"duration":0.013198790999987978,"rate":86415490.63100089,"totalPublicGas":{"daGas":192,"l2Gas":1140580},"totalBlockGas":{"daGas":320,"l2Gas":1731380},"totalSizeInBytes":320,"silentlySkippedCount":0,"silentlySkippedDurationMs":0}
[billboard_test] Testing c01::c01_claim_rejects_amount_above_configuration ... [0m[32mok[0m
[04:16:46.591] INFO: kv-store:lmdb-v2 Starting data store with maxReaders 2
[04:16:46.592] INFO: world-state:database Creating world state data store at directory /var/folders/ym/q1vh2x5n58xbsmpmvs5_6w3r0000gn/T/aztec-world-state-WYzQMe/world_state with map sizes {"archiveTreeMapSizeKb":10485760,"nullifierTreeMapSizeKb":10485760,"noteHashTreeMapSizeKb":10485760,"messageTreeMapSizeKb":10485760,"publicDataTreeMapSizeKb":10485760} and 2 threads (ephemeral=true).
[04:16:46.601] INFO: txe_node Aztec Node version: txe
[04:16:46.601] INFO: txe_node Aztec Node started on chain 0x1
[04:16:46.614] INFO: txe:top_level_context Created block 1 with timestamp 1789442206
[04:16:46.650] INFO: txe:top_level_context Created block 2 with timestamp 1789442206
[04:16:46.724] INFO: simulator:public-processor Processed 1 successful txs and 0 failed txs (0 silently skipped, 0ms wasted) in 0.04052583300000697s {"blockNumber":3,"successfulCount":1,"failedCount":0,"duration":0.04052583300000697,"rate":79854003.24774183,"totalPublicGas":{"daGas":4000,"l2Gas":3236150},"totalBlockGas":{"daGas":4000,"l2Gas":3236150},"totalSizeInBytes":4128,"silentlySkippedCount":0,"silentlySkippedDurationMs":0}
[04:16:46.894] INFO: simulator:public-processor Processed 1 successful txs and 0 failed txs (0 silently skipped, 0ms wasted) in 0.018711790999994263s {"blockNumber":4,"successfulCount":1,"failedCount":0,"duration":0.018711790999994263,"rate":60955148.547798,"totalPublicGas":{"daGas":192,"l2Gas":1140580},"totalBlockGas":{"daGas":320,"l2Gas":1731380},"totalSizeInBytes":320,"silentlySkippedCount":0,"silentlySkippedDurationMs":0}
[04:16:46.926] INFO: kv-store:lmdb-v2 Starting data store with maxReaders 2
[04:16:46.927] INFO: world-state:database Creating world state data store at directory /var/folders/ym/q1vh2x5n58xbsmpmvs5_6w3r0000gn/T/aztec-world-state-uFRvWr/world_state with map sizes {"archiveTreeMapSizeKb":10485760,"nullifierTreeMapSizeKb":10485760,"noteHashTreeMapSizeKb":10485760,"messageTreeMapSizeKb":10485760,"publicDataTreeMapSizeKb":10485760} and 2 threads (ephemeral=true).
[04:16:46.937] INFO: txe_node Aztec Node version: txe
[04:16:46.937] INFO: txe_node Aztec Node started on chain 0x1
[04:16:46.937] INFO: txe:top_level_context Created block 5 with timestamp 1789442206
[04:16:46.962] INFO: txe:top_level_context Created block 1 with timestamp 1789442206
[04:16:47.059] INFO: txe:top_level_context Created block 2 with timestamp 1789442206
[04:16:47.194] INFO: simulator:public-processor Processed 1 successful txs and 0 failed txs (0 silently skipped, 0ms wasted) in 0.04213162499999453s {"blockNumber":3,"successfulCount":1,"failedCount":0,"duration":0.04213162499999453,"rate":76810471.94359155,"totalPublicGas":{"daGas":4000,"l2Gas":3236150},"totalBlockGas":{"daGas":4000,"l2Gas":3236150},"totalSizeInBytes":4128,"silentlySkippedCount":0,"silentlySkippedDurationMs":0}
[billboard_test] Testing c01::c01_claim_rejects_changed_in_range_amount ... [0m[32mok[0m
[04:16:47.388] INFO: simulator:public-processor Processed 1 successful txs and 0 failed txs (0 silently skipped, 0ms wasted) in 0.018052708999995958s {"blockNumber":4,"successfulCount":1,"failedCount":0,"duration":0.018052708999995958,"rate":63180545.36857905,"totalPublicGas":{"daGas":192,"l2Gas":1140580},"totalBlockGas":{"daGas":320,"l2Gas":1731380},"totalSizeInBytes":320,"silentlySkippedCount":0,"silentlySkippedDurationMs":0}
[04:16:47.423] INFO: txe:top_level_context Created block 5 with timestamp 1789442206
[billboard_test] Testing c01::c01_claim_rejects_changed_nonzero_depositor ... [0m[32mok[0m
[04:16:49.409] INFO: kv-store:lmdb-v2 Starting data store with maxReaders 2
[04:16:49.411] INFO: world-state:database Creating world state data store at directory /var/folders/ym/q1vh2x5n58xbsmpmvs5_6w3r0000gn/T/aztec-world-state-2KlwgB/world_state with map sizes {"archiveTreeMapSizeKb":10485760,"nullifierTreeMapSizeKb":10485760,"noteHashTreeMapSizeKb":10485760,"messageTreeMapSizeKb":10485760,"publicDataTreeMapSizeKb":10485760} and 2 threads (ephemeral=true).
[04:16:49.422] INFO: txe_node Aztec Node version: txe
[04:16:49.422] INFO: txe_node Aztec Node started on chain 0x1
[04:16:49.435] INFO: txe:top_level_context Created block 1 with timestamp 1789442209
[04:16:49.474] INFO: txe:top_level_context Created block 2 with timestamp 1789442209
[04:16:49.557] INFO: simulator:public-processor Processed 1 successful txs and 0 failed txs (0 silently skipped, 0ms wasted) in 0.04087908300000709s {"blockNumber":3,"successfulCount":1,"failedCount":0,"duration":0.04087908300000709,"rate":79163957.76293316,"totalPublicGas":{"daGas":4000,"l2Gas":3236150},"totalBlockGas":{"daGas":4000,"l2Gas":3236150},"totalSizeInBytes":4128,"silentlySkippedCount":0,"silentlySkippedDurationMs":0}
[04:16:49.692] INFO: simulator:public-processor Processed 1 successful txs and 0 failed txs (0 silently skipped, 0ms wasted) in 0.01351837499999965s {"blockNumber":4,"successfulCount":1,"failedCount":0,"duration":0.01351837499999965,"rate":84372566.96903507,"totalPublicGas":{"daGas":192,"l2Gas":1140580},"totalBlockGas":{"daGas":320,"l2Gas":1731380},"totalSizeInBytes":320,"silentlySkippedCount":0,"silentlySkippedDurationMs":0}
[04:16:49.724] INFO: txe:top_level_context Created block 5 with timestamp 1789442209
[04:16:49.744] INFO: kv-store:lmdb-v2 Starting data store with maxReaders 2
[04:16:49.745] INFO: world-state:database Creating world state data store at directory /var/folders/ym/q1vh2x5n58xbsmpmvs5_6w3r0000gn/T/aztec-world-state-hKIgP4/world_state with map sizes {"archiveTreeMapSizeKb":10485760,"nullifierTreeMapSizeKb":10485760,"noteHashTreeMapSizeKb":10485760,"messageTreeMapSizeKb":10485760,"publicDataTreeMapSizeKb":10485760} and 2 threads (ephemeral=true).
[04:16:49.754] INFO: txe_node Aztec Node version: txe
[04:16:49.754] INFO: txe_node Aztec Node started on chain 0x1
[04:16:49.772] INFO: txe:top_level_context Created block 1 with timestamp 1789442209
[04:16:49.816] INFO: txe:top_level_context Created block 2 with timestamp 1789442209
[04:16:49.896] INFO: simulator:public-processor Processed 1 successful txs and 0 failed txs (0 silently skipped, 0ms wasted) in 0.039658916000000315s {"blockNumber":3,"successfulCount":1,"failedCount":0,"duration":0.039658916000000315,"rate":81599557.58750376,"totalPublicGas":{"daGas":4000,"l2Gas":3236150},"totalBlockGas":{"daGas":4000,"l2Gas":3236150},"totalSizeInBytes":4128,"silentlySkippedCount":0,"silentlySkippedDurationMs":0}
[billboard_test] Testing c01::c01_claim_rejects_changed_receipt_nonce ... [0m[32mok[0m
[04:16:49.924] INFO: txe:top_level_context Created block 4 with timestamp 1789442209
[billboard_test] Testing c01::c01_claim_rejects_unbound_portal ... [0m[32mok[0m
[04:16:51.789] INFO: kv-store:lmdb-v2 Starting data store with maxReaders 2
[04:16:51.791] INFO: world-state:database Creating world state data store at directory /var/folders/ym/q1vh2x5n58xbsmpmvs5_6w3r0000gn/T/aztec-world-state-ttQAUl/world_state with map sizes {"archiveTreeMapSizeKb":10485760,"nullifierTreeMapSizeKb":10485760,"noteHashTreeMapSizeKb":10485760,"messageTreeMapSizeKb":10485760,"publicDataTreeMapSizeKb":10485760} and 2 threads (ephemeral=true).
[04:16:51.802] INFO: txe_node Aztec Node version: txe
[04:16:51.802] INFO: txe_node Aztec Node started on chain 0x1
[04:16:51.814] INFO: txe:top_level_context Created block 1 with timestamp 1789442211
[04:16:51.848] INFO: txe:top_level_context Created block 2 with timestamp 1789442211
[04:16:51.912] INFO: simulator:public-processor Processed 1 successful txs and 0 failed txs (0 silently skipped, 0ms wasted) in 0.03677908300000127s {"blockNumber":3,"successfulCount":1,"failedCount":0,"duration":0.03677908300000127,"rate":87988871.28316626,"totalPublicGas":{"daGas":4000,"l2Gas":3236150},"totalBlockGas":{"daGas":4000,"l2Gas":3236150},"totalSizeInBytes":4128,"silentlySkippedCount":0,"silentlySkippedDurationMs":0}
[04:16:51.914] INFO: kv-store:lmdb-v2 Starting data store with maxReaders 2
[04:16:51.915] INFO: world-state:database Creating world state data store at directory /var/folders/ym/q1vh2x5n58xbsmpmvs5_6w3r0000gn/T/aztec-world-state-wKmonT/world_state with map sizes {"archiveTreeMapSizeKb":10485760,"nullifierTreeMapSizeKb":10485760,"noteHashTreeMapSizeKb":10485760,"messageTreeMapSizeKb":10485760,"publicDataTreeMapSizeKb":10485760} and 2 threads (ephemeral=true).
[04:16:51.923] INFO: txe_node Aztec Node version: txe
[04:16:51.923] INFO: txe_node Aztec Node started on chain 0x1
[04:16:51.935] INFO: txe:top_level_context Created block 1 with timestamp 1789442211
[04:16:51.982] INFO: txe:top_level_context Created block 2 with timestamp 1789442211
[04:16:52.051] INFO: simulator:public-processor Processed 1 successful txs and 0 failed txs (0 silently skipped, 0ms wasted) in 0.014244708000012906s {"blockNumber":4,"successfulCount":1,"failedCount":0,"duration":0.014244708000012906,"rate":80070437.38621856,"totalPublicGas":{"daGas":192,"l2Gas":1140580},"totalBlockGas":{"daGas":320,"l2Gas":1731380},"totalSizeInBytes":320,"silentlySkippedCount":0,"silentlySkippedDurationMs":0}
[04:16:52.059] INFO: simulator:public-processor Processed 1 successful txs and 0 failed txs (0 silently skipped, 0ms wasted) in 0.04170508399998653s {"blockNumber":3,"successfulCount":1,"failedCount":0,"duration":0.04170508399998653,"rate":77596055.19559786,"totalPublicGas":{"daGas":4000,"l2Gas":3236150},"totalBlockGas":{"daGas":4000,"l2Gas":3236150},"totalSizeInBytes":4128,"silentlySkippedCount":0,"silentlySkippedDurationMs":0}
[04:16:52.079] INFO: txe:top_level_context Created block 5 with timestamp 1789442211
[04:16:52.217] INFO: simulator:public-processor Processed 1 successful txs and 0 failed txs (0 silently skipped, 0ms wasted) in 0.026275915999984138s {"blockNumber":4,"successfulCount":1,"failedCount":0,"duration":0.026275915999984138,"rate":43407811.1682458,"totalPublicGas":{"daGas":192,"l2Gas":1140580},"totalBlockGas":{"daGas":320,"l2Gas":1731380},"totalSizeInBytes":320,"silentlySkippedCount":0,"silentlySkippedDurationMs":0}
[billboard_test] Testing c01::c01_claim_rejects_wrong_nonzero_secret ... [0m[32mok[0m
[04:16:52.244] INFO: txe:top_level_context Created block 5 with timestamp 1789442211
[billboard_test] Testing c01::c01_claim_rejects_wrong_portal_origin ... [0m[32mok[0m
[04:16:54.099] INFO: kv-store:lmdb-v2 Starting data store with maxReaders 2
[04:16:54.100] INFO: world-state:database Creating world state data store at directory /var/folders/ym/q1vh2x5n58xbsmpmvs5_6w3r0000gn/T/aztec-world-state-E97v3i/world_state with map sizes {"archiveTreeMapSizeKb":10485760,"nullifierTreeMapSizeKb":10485760,"noteHashTreeMapSizeKb":10485760,"messageTreeMapSizeKb":10485760,"publicDataTreeMapSizeKb":10485760} and 2 threads (ephemeral=true).
[04:16:54.108] INFO: txe_node Aztec Node version: txe
[04:16:54.108] INFO: txe_node Aztec Node started on chain 0x1
[04:16:54.119] INFO: txe:top_level_context Created block 1 with timestamp 1789442214
[04:16:54.152] INFO: txe:top_level_context Created block 2 with timestamp 1789442214
[04:16:54.204] INFO: kv-store:lmdb-v2 Starting data store with maxReaders 2
[04:16:54.205] INFO: world-state:database Creating world state data store at directory /var/folders/ym/q1vh2x5n58xbsmpmvs5_6w3r0000gn/T/aztec-world-state-hRnDPL/world_state with map sizes {"archiveTreeMapSizeKb":10485760,"nullifierTreeMapSizeKb":10485760,"noteHashTreeMapSizeKb":10485760,"messageTreeMapSizeKb":10485760,"publicDataTreeMapSizeKb":10485760} and 2 threads (ephemeral=true).
[04:16:54.213] INFO: txe_node Aztec Node version: txe
[04:16:54.213] INFO: txe_node Aztec Node started on chain 0x1
[04:16:54.217] INFO: simulator:public-processor Processed 1 successful txs and 0 failed txs (0 silently skipped, 0ms wasted) in 0.03702016600000206s {"blockNumber":3,"successfulCount":1,"failedCount":0,"duration":0.03702016600000206,"rate":87415869.50203897,"totalPublicGas":{"daGas":4000,"l2Gas":3236150},"totalBlockGas":{"daGas":4000,"l2Gas":3236150},"totalSizeInBytes":4128,"silentlySkippedCount":0,"silentlySkippedDurationMs":0}
[04:16:54.225] INFO: txe:top_level_context Created block 1 with timestamp 1789442214
[04:16:54.280] INFO: txe:top_level_context Created block 2 with timestamp 1789442214
[04:16:54.351] INFO: simulator:public-processor Processed 1 successful txs and 0 failed txs (0 silently skipped, 0ms wasted) in 0.01455979099997785s {"blockNumber":4,"successfulCount":1,"failedCount":0,"duration":0.01455979099997785,"rate":78337662.95146236,"totalPublicGas":{"daGas":192,"l2Gas":1140580},"totalBlockGas":{"daGas":320,"l2Gas":1731380},"totalSizeInBytes":320,"silentlySkippedCount":0,"silentlySkippedDurationMs":0}
[04:16:54.361] INFO: simulator:public-processor Processed 1 successful txs and 0 failed txs (0 silently skipped, 0ms wasted) in 0.04197745800000848s {"blockNumber":3,"successfulCount":1,"failedCount":0,"duration":0.04197745800000848,"rate":77092567.15829115,"totalPublicGas":{"daGas":4000,"l2Gas":3236150},"totalBlockGas":{"daGas":4000,"l2Gas":3236150},"totalSizeInBytes":4128,"silentlySkippedCount":0,"silentlySkippedDurationMs":0}
[04:16:54.380] INFO: txe:top_level_context Created block 5 with timestamp 1789442214
[billboard_test] Testing c01::c01_claim_rejects_wrong_recipient_envelope ... [0m[32mok[0m
[04:16:54.514] INFO: simulator:public-processor Processed 1 successful txs and 0 failed txs (0 silently skipped, 0ms wasted) in 0.025945584000000962s {"blockNumber":4,"successfulCount":1,"failedCount":0,"duration":0.025945584000000962,"rate":43960467.41518548,"totalPublicGas":{"daGas":192,"l2Gas":1140580},"totalBlockGas":{"daGas":320,"l2Gas":1731380},"totalSizeInBytes":320,"silentlySkippedCount":0,"silentlySkippedDurationMs":0}
[billboard_test] Testing c01::c01_claim_rejects_zero_secret ... [0m[32mok[0m
[billboard_test] Testing c01::c01_cooldown_ceiling_and_maximum_boundaries ... [0m[32mok[0m
[04:16:56.452] INFO: kv-store:lmdb-v2 Starting data store with maxReaders 2
[04:16:56.452] INFO: world-state:database Creating world state data store at directory /var/folders/ym/q1vh2x5n58xbsmpmvs5_6w3r0000gn/T/aztec-world-state-gvyWIh/world_state with map sizes {"archiveTreeMapSizeKb":10485760,"nullifierTreeMapSizeKb":10485760,"noteHashTreeMapSizeKb":10485760,"messageTreeMapSizeKb":10485760,"publicDataTreeMapSizeKb":10485760} and 2 threads (ephemeral=true).
[04:16:56.461] INFO: txe_node Aztec Node version: txe
[04:16:56.461] INFO: txe_node Aztec Node started on chain 0x1
[04:16:56.472] INFO: txe:top_level_context Created block 1 with timestamp 1789442216
[04:16:56.507] INFO: txe:top_level_context Created block 2 with timestamp 1789442216
[04:16:56.576] INFO: simulator:public-processor Processed 1 successful txs and 0 failed txs (0 silently skipped, 0ms wasted) in 0.04025899999999092s {"blockNumber":3,"successfulCount":1,"failedCount":0,"duration":0.04025899999999092,"rate":80383268.33753273,"totalPublicGas":{"daGas":4000,"l2Gas":3236150},"totalBlockGas":{"daGas":4000,"l2Gas":3236150},"totalSizeInBytes":4128,"silentlySkippedCount":0,"silentlySkippedDurationMs":0}
[04:16:56.690] INFO: simulator:public-processor Processed 1 successful txs and 0 failed txs (0 silently skipped, 0ms wasted) in 0.013216916999983369s {"blockNumber":4,"successfulCount":1,"failedCount":0,"duration":0.013216916999983369,"rate":86296978.33476862,"totalPublicGas":{"daGas":192,"l2Gas":1140580},"totalBlockGas":{"daGas":320,"l2Gas":1731380},"totalSizeInBytes":320,"silentlySkippedCount":0,"silentlySkippedDurationMs":0}
[04:16:56.720] INFO: txe:top_level_context Created block 5 with timestamp 1789442216
[04:16:56.882] INFO: simulator:public-processor Processed 1 successful txs and 0 failed txs (0 silently skipped, 0ms wasted) in 0.0036799170000012963s {"blockNumber":6,"successfulCount":1,"failedCount":0,"duration":0.0036799170000012963,"rate":0,"totalPublicGas":{"daGas":0,"l2Gas":0},"totalBlockGas":{"daGas":1984,"l2Gas":529900},"totalSizeInBytes":1984,"silentlySkippedCount":0,"silentlySkippedDurationMs":0}
[billboard_test] Testing c01::c01_claim_replay_cannot_mint_right_for_second_owner ... [0m[32mok[0m
[billboard_test] Testing c01::c01_cooldown_rejects_above_u32 ... [0m[32mok[0m
[billboard_test] Testing c01::c01_cooldown_rejects_above_u96 ... [0m[32mok[0m
[billboard_test] Testing c01::c01_cooldown_rejects_zero_amount ... [0m[32mok[0m
[billboard_test] Testing c01::c01_frozen_claim_boundary_vector ... [0m[32mok[0m
[billboard_test] Testing c01::c01_frozen_claim_vector ... [0m[32mok[0m
[billboard_test] Testing c01::c01_frozen_config_vector ... [0m[32mok[0m
[billboard_test] Testing c01::c01_frozen_exit_vector ... [0m[32mok[0m
[billboard_test] Testing c01::c01_frozen_ready_vector ... [0m[32mok[0m
[billboard_test] Testing c01::c01_init_rejects_wrong_configured_chain ... [0m[32mok[0m
[04:17:05.692] INFO: kv-store:lmdb-v2 Starting data store with maxReaders 2
[04:17:05.694] INFO: world-state:database Creating world state data store at directory /var/folders/ym/q1vh2x5n58xbsmpmvs5_6w3r0000gn/T/aztec-world-state-Uy3Bsu/world_state with map sizes {"archiveTreeMapSizeKb":10485760,"nullifierTreeMapSizeKb":10485760,"noteHashTreeMapSizeKb":10485760,"messageTreeMapSizeKb":10485760,"publicDataTreeMapSizeKb":10485760} and 2 threads (ephemeral=true).
[04:17:05.705] INFO: txe_node Aztec Node version: txe
[04:17:05.705] INFO: txe_node Aztec Node started on chain 0x1
[04:17:05.717] INFO: txe:top_level_context Created block 1 with timestamp 1789442225
[04:17:05.769] INFO: txe:top_level_context Created block 2 with timestamp 1789442225
[04:17:05.804] INFO: simulator:public-processor Processed 1 successful txs and 0 failed txs (0 silently skipped, 0ms wasted) in 0.006159749999991618s {"blockNumber":3,"successfulCount":1,"failedCount":0,"duration":0.006159749999991618,"rate":20508949.226863414,"totalPublicGas":{"daGas":0,"l2Gas":126330},"totalBlockGas":{"daGas":0,"l2Gas":126330},"totalSizeInBytes":128,"silentlySkippedCount":0,"silentlySkippedDurationMs":0}
[04:17:05.807] WARN: txe:top_level_context Could not find function artifact in contract Billboard for function '0x8f3f1c4d' when enriching error callstack
[04:17:06.463] INFO: kv-store:lmdb-v2 Starting data store with maxReaders 2
[04:17:06.463] INFO: world-state:database Creating world state data store at directory /var/folders/ym/q1vh2x5n58xbsmpmvs5_6w3r0000gn/T/aztec-world-state-xZiHmf/world_state with map sizes {"archiveTreeMapSizeKb":10485760,"nullifierTreeMapSizeKb":10485760,"noteHashTreeMapSizeKb":10485760,"messageTreeMapSizeKb":10485760,"publicDataTreeMapSizeKb":10485760} and 2 threads (ephemeral=true).
[04:17:06.472] INFO: txe_node Aztec Node version: txe
[04:17:06.472] INFO: txe_node Aztec Node started on chain 0x1
[04:17:06.486] INFO: txe:top_level_context Created block 1 with timestamp 1789442226
[04:17:06.531] INFO: txe:top_level_context Created block 2 with timestamp 1789442226
[04:17:06.587] INFO: simulator:public-processor Processed 1 successful txs and 0 failed txs (0 silently skipped, 0ms wasted) in 0.00571837499999674s {"blockNumber":3,"successfulCount":1,"failedCount":0,"duration":0.00571837499999674,"rate":22098760.5744765,"totalPublicGas":{"daGas":0,"l2Gas":126369},"totalBlockGas":{"daGas":0,"l2Gas":126369},"totalSizeInBytes":128,"silentlySkippedCount":0,"silentlySkippedDurationMs":0}
[04:17:06.589] WARN: txe:top_level_context Could not find function artifact in contract Billboard for function '0x8f3f1c4d' when enriching error callstack
[billboard_test] Testing c01::c01_init_rejects_wrong_configured_rollup_version ... [0m[32mok[0m
[billboard_test] Testing c01::c01_time_rejects_horizon_crossing ... [0m[32mok[0m
[billboard_test] Testing c01::c01_time_rejects_out_of_range_anchor ... [0m[32mok[0m
[billboard_test] Testing c01::c01_utf8_rejects_hidden_suffix ... [0m[32mok[0m
[billboard_test] Testing c01::c01_utf8_rejects_noncanonical_field ... [0m[32mok[0m
[billboard_test] Testing c01::c01_utf8_rejects_nul ... [0m[32mok[0m
[billboard_test] Testing c01::c01_utf8_rejects_overlong_lead ... [0m[32mok[0m
[billboard_test] Testing c01::c01_utf8_rejects_scalar_above_unicode_maximum ... [0m[32mok[0m
[billboard_test] Testing c01::c01_utf8_rejects_surrogate ... [0m[32mok[0m
[billboard_test] Testing c01::c01_utf8_rejects_truncation ... [0m[32mok[0m
[billboard_test] Testing c01::c01_utf8_valid_scalar_and_field_crossing_controls ... [0m[32mok[0m
[billboard_test] Testing compact_note::c01_compact_asymmetric_sequences_do_not_swap ... [0m[32mok[0m
[billboard_test] Testing compact_note::c01_compact_exact_maximum_fields_and_generated_selectors ... [0m[32mok[0m
[billboard_test] Testing compact_note::c01_compact_metadata_rejects_truncation_above128 ... [0m[32mok[0m
[billboard_test] Testing compact_note::c01_compact_metadata_rejects_unused_bit96 ... [0m[32mok[0m
[04:17:21.762] INFO: kv-store:lmdb-v2 Starting data store with maxReaders 2
[04:17:21.765] INFO: world-state:database Creating world state data store at directory /var/folders/ym/q1vh2x5n58xbsmpmvs5_6w3r0000gn/T/aztec-world-state-E3scyD/world_state with map sizes {"archiveTreeMapSizeKb":10485760,"nullifierTreeMapSizeKb":10485760,"noteHashTreeMapSizeKb":10485760,"messageTreeMapSizeKb":10485760,"publicDataTreeMapSizeKb":10485760} and 2 threads (ephemeral=true).
[04:17:21.776] INFO: txe_node Aztec Node version: txe
[04:17:21.776] INFO: txe_node Aztec Node started on chain 0x1
[04:17:21.789] INFO: txe:top_level_context Created block 1 with timestamp 1789442241
[04:17:21.838] INFO: txe:top_level_context Created block 2 with timestamp 1789442241
[04:17:21.907] INFO: simulator:public-processor Processed 1 successful txs and 0 failed txs (0 silently skipped, 0ms wasted) in 0.03804216699997778s {"blockNumber":3,"successfulCount":1,"failedCount":0,"duration":0.03804216699997778,"rate":85067446.3418945,"totalPublicGas":{"daGas":4000,"l2Gas":3236150},"totalBlockGas":{"daGas":4000,"l2Gas":3236150},"totalSizeInBytes":4128,"silentlySkippedCount":0,"silentlySkippedDurationMs":0}
[04:17:22.044] INFO: simulator:public-processor Processed 1 successful txs and 0 failed txs (0 silently skipped, 0ms wasted) in 0.014037959000008414s {"blockNumber":4,"successfulCount":1,"failedCount":0,"duration":0.014037959000008414,"rate":81249703.03726606,"totalPublicGas":{"daGas":192,"l2Gas":1140580},"totalBlockGas":{"daGas":320,"l2Gas":1731380},"totalSizeInBytes":320,"silentlySkippedCount":0,"silentlySkippedDurationMs":0}
[04:17:22.075] INFO: txe:top_level_context Created block 5 with timestamp 1789442241
[04:17:22.239] INFO: simulator:public-processor Processed 1 successful txs and 0 failed txs (0 silently skipped, 0ms wasted) in 0.0041388329999754205s {"blockNumber":6,"successfulCount":1,"failedCount":0,"duration":0.0041388329999754205,"rate":0,"totalPublicGas":{"daGas":0,"l2Gas":0},"totalBlockGas":{"daGas":1984,"l2Gas":529900},"totalSizeInBytes":1984,"silentlySkippedCount":0,"silentlySkippedDurationMs":0}
[04:17:22.574] INFO: txe:top_level_context Created block 7 with timestamp 1789445842
[04:17:22.705] INFO: simulator:public-processor Processed 1 successful txs and 0 failed txs (0 silently skipped, 0ms wasted) in 0.0036608329999726266s {"blockNumber":8,"successfulCount":1,"failedCount":0,"duration":0.0036608329999726266,"rate":0,"totalPublicGas":{"daGas":0,"l2Gas":0},"totalBlockGas":{"daGas":256,"l2Gas":477200},"totalSizeInBytes":256,"silentlySkippedCount":0,"silentlySkippedDurationMs":0}
[04:17:22.846] INFO: kv-store:lmdb-v2 Starting data store with maxReaders 2
[04:17:22.847] INFO: world-state:database Creating world state data store at directory /var/folders/ym/q1vh2x5n58xbsmpmvs5_6w3r0000gn/T/aztec-world-state-n6u4aB/world_state with map sizes {"archiveTreeMapSizeKb":10485760,"nullifierTreeMapSizeKb":10485760,"noteHashTreeMapSizeKb":10485760,"messageTreeMapSizeKb":10485760,"publicDataTreeMapSizeKb":10485760} and 2 threads (ephemeral=true).
[04:17:22.856] INFO: txe_node Aztec Node version: txe
[04:17:22.856] INFO: txe_node Aztec Node started on chain 0x1
[04:17:22.868] INFO: txe:top_level_context Created block 1 with timestamp 1789442242
[04:17:22.915] INFO: txe:top_level_context Created block 2 with timestamp 1789442242
[04:17:23.003] INFO: simulator:public-processor Processed 1 successful txs and 0 failed txs (0 silently skipped, 0ms wasted) in 0.04048324999999022s {"blockNumber":3,"successfulCount":1,"failedCount":0,"duration":0.04048324999999022,"rate":79937999.04900871,"totalPublicGas":{"daGas":4000,"l2Gas":3236150},"totalBlockGas":{"daGas":4000,"l2Gas":3236150},"totalSizeInBytes":4128,"silentlySkippedCount":0,"silentlySkippedDurationMs":0}
[billboard_test] Testing compact_note::c01_compact_note_lifecycle_claim_deliver_select_burn ... [0m[32mok[0m
[04:17:23.145] INFO: simulator:public-processor Processed 1 successful txs and 0 failed txs (0 silently skipped, 0ms wasted) in 0.014193708999984666s {"blockNumber":4,"successfulCount":1,"failedCount":0,"duration":0.014193708999984666,"rate":80358136.12926912,"totalPublicGas":{"daGas":192,"l2Gas":1140580},"totalBlockGas":{"daGas":320,"l2Gas":1731380},"totalSizeInBytes":320,"silentlySkippedCount":0,"silentlySkippedDurationMs":0}
[04:17:23.178] INFO: txe:top_level_context Created block 5 with timestamp 1789442242
[04:17:23.350] INFO: simulator:public-processor Processed 1 successful txs and 0 failed txs (0 silently skipped, 0ms wasted) in 0.003918917000002693s {"blockNumber":6,"successfulCount":1,"failedCount":0,"duration":0.003918917000002693,"rate":0,"totalPublicGas":{"daGas":0,"l2Gas":0},"totalBlockGas":{"daGas":1984,"l2Gas":529900},"totalSizeInBytes":1984,"silentlySkippedCount":0,"silentlySkippedDurationMs":0}
[04:17:23.378] INFO: txe:top_level_context Created block 7 with timestamp 1789445843
[04:17:23.532] INFO: simulator:public-processor Processed 1 successful txs and 0 failed txs (0 silently skipped, 0ms wasted) in 0.005809582999994746s {"blockNumber":8,"successfulCount":1,"failedCount":0,"duration":0.005809582999994746,"rate":0,"totalPublicGas":{"daGas":0,"l2Gas":0},"totalBlockGas":{"daGas":256,"l2Gas":477200},"totalSizeInBytes":256,"silentlySkippedCount":0,"silentlySkippedDurationMs":0}
[billboard_test] Testing compact_note::c01_compact_second_burn_rejected ... [0m[32mok[0m
[billboard_test] Testing compact_note::c01_compact_sequences_reject_unused_bit192 ... [0m[32mok[0m
[04:17:25.853] INFO: kv-store:lmdb-v2 Starting data store with maxReaders 2
[04:17:25.857] INFO: world-state:database Creating world state data store at directory /var/folders/ym/q1vh2x5n58xbsmpmvs5_6w3r0000gn/T/aztec-world-state-tKWwO9/world_state with map sizes {"archiveTreeMapSizeKb":10485760,"nullifierTreeMapSizeKb":10485760,"noteHashTreeMapSizeKb":10485760,"messageTreeMapSizeKb":10485760,"publicDataTreeMapSizeKb":10485760} and 2 threads (ephemeral=true).
[04:17:25.868] INFO: txe_node Aztec Node version: txe
[04:17:25.868] INFO: txe_node Aztec Node started on chain 0x1
[04:17:25.883] INFO: txe:top_level_context Created block 1 with timestamp 1789442245
[04:17:25.927] INFO: txe:top_level_context Created block 2 with timestamp 1789442245
[04:17:25.998] INFO: simulator:public-processor Processed 1 successful txs and 0 failed txs (0 silently skipped, 0ms wasted) in 0.040056290999986234s {"blockNumber":3,"successfulCount":1,"failedCount":0,"duration":0.040056290999986234,"rate":80790056.17372592,"totalPublicGas":{"daGas":4000,"l2Gas":3236150},"totalBlockGas":{"daGas":4000,"l2Gas":3236150},"totalSizeInBytes":4128,"silentlySkippedCount":0,"silentlySkippedDurationMs":0}
[04:17:26.142] INFO: simulator:public-processor Processed 1 successful txs and 0 failed txs (0 silently skipped, 0ms wasted) in 0.014100749999983236s {"blockNumber":4,"successfulCount":1,"failedCount":0,"duration":0.014100749999983236,"rate":80887896.03399508,"totalPublicGas":{"daGas":192,"l2Gas":1140580},"totalBlockGas":{"daGas":320,"l2Gas":1731380},"totalSizeInBytes":320,"silentlySkippedCount":0,"silentlySkippedDurationMs":0}
[04:17:26.174] INFO: txe:top_level_context Created block 5 with timestamp 1789442245
[04:17:26.347] INFO: simulator:public-processor Processed 1 successful txs and 0 failed txs (0 silently skipped, 0ms wasted) in 0.004675000000017462s {"blockNumber":6,"successfulCount":1,"failedCount":0,"duration":0.004675000000017462,"rate":0,"totalPublicGas":{"daGas":0,"l2Gas":0},"totalBlockGas":{"daGas":1984,"l2Gas":529900},"totalSizeInBytes":1984,"silentlySkippedCount":0,"silentlySkippedDurationMs":0}
[04:17:26.376] INFO: txe:top_level_context Created block 7 with timestamp 1789442245
[04:17:26.527] INFO: simulator:public-processor Processed 1 successful txs and 0 failed txs (0 silently skipped, 0ms wasted) in 0.003586167000001296s {"blockNumber":8,"successfulCount":1,"failedCount":0,"duration":0.003586167000001296,"rate":0,"totalPublicGas":{"daGas":0,"l2Gas":0},"totalBlockGas":{"daGas":832,"l2Gas":499700},"totalSizeInBytes":832,"silentlySkippedCount":0,"silentlySkippedDurationMs":0}
[04:17:26.838] INFO: txe:top_level_context Created block 9 with timestamp 1789445846
[04:17:26.956] INFO: simulator:public-processor Processed 1 successful txs and 0 failed txs (0 silently skipped, 0ms wasted) in 0.0032864579999877606s {"blockNumber":10,"successfulCount":1,"failedCount":0,"duration":0.0032864579999877606,"rate":0,"totalPublicGas":{"daGas":0,"l2Gas":0},"totalBlockGas":{"daGas":256,"l2Gas":477200},"totalSizeInBytes":256,"silentlySkippedCount":0,"silentlySkippedDurationMs":0}
[billboard_test] Testing compact_note::c01_discovery_call_preserves_page_offsets ... [0m[32mok[0m
[04:17:27.261] INFO: simulator:public-processor Processed 1 successful txs and 0 failed txs (0 silently skipped, 0ms wasted) in 0.00334083400000236s {"blockNumber":11,"successfulCount":1,"failedCount":0,"duration":0.00334083400000236,"rate":0,"totalPublicGas":{"daGas":0,"l2Gas":0},"totalBlockGas":{"daGas":256,"l2Gas":477200},"totalSizeInBytes":256,"silentlySkippedCount":0,"silentlySkippedDurationMs":0}
[billboard_test] Testing compact_note::c01_compact_two_receipts_exact_selection_and_independent_burn ... [0m[32mok[0m
[04:17:29.126] INFO: kv-store:lmdb-v2 Starting data store with maxReaders 2
[04:17:29.127] INFO: world-state:database Creating world state data store at directory /var/folders/ym/q1vh2x5n58xbsmpmvs5_6w3r0000gn/T/aztec-world-state-98yUQG/world_state with map sizes {"archiveTreeMapSizeKb":10485760,"nullifierTreeMapSizeKb":10485760,"noteHashTreeMapSizeKb":10485760,"messageTreeMapSizeKb":10485760,"publicDataTreeMapSizeKb":10485760} and 2 threads (ephemeral=true).
[04:17:29.136] INFO: txe_node Aztec Node version: txe
[04:17:29.136] INFO: txe_node Aztec Node started on chain 0x1
[04:17:29.148] INFO: txe:top_level_context Created block 1 with timestamp 1789442249
[04:17:29.184] INFO: txe:top_level_context Created block 2 with timestamp 1789442249
[04:17:29.250] INFO: simulator:public-processor Processed 1 successful txs and 0 failed txs (0 silently skipped, 0ms wasted) in 0.03818345800001407s {"blockNumber":3,"successfulCount":1,"failedCount":0,"duration":0.03818345800001407,"rate":84752669.59841111,"totalPublicGas":{"daGas":4000,"l2Gas":3236150},"totalBlockGas":{"daGas":4000,"l2Gas":3236150},"totalSizeInBytes":4128,"silentlySkippedCount":0,"silentlySkippedDurationMs":0}
[04:17:29.392] INFO: simulator:public-processor Processed 1 successful txs and 0 failed txs (0 silently skipped, 0ms wasted) in 0.013843832999991718s {"blockNumber":4,"successfulCount":1,"failedCount":0,"duration":0.013843832999991718,"rate":82389031.99718477,"totalPublicGas":{"daGas":192,"l2Gas":1140580},"totalBlockGas":{"daGas":320,"l2Gas":1731380},"totalSizeInBytes":320,"silentlySkippedCount":0,"silentlySkippedDurationMs":0}
[04:17:29.420] INFO: txe:top_level_context Created block 5 with timestamp 1789442249
[04:17:29.481] INFO: kv-store:lmdb-v2 Starting data store with maxReaders 2
[04:17:29.482] INFO: world-state:database Creating world state data store at directory /var/folders/ym/q1vh2x5n58xbsmpmvs5_6w3r0000gn/T/aztec-world-state-g3OaiI/world_state with map sizes {"archiveTreeMapSizeKb":10485760,"nullifierTreeMapSizeKb":10485760,"noteHashTreeMapSizeKb":10485760,"messageTreeMapSizeKb":10485760,"publicDataTreeMapSizeKb":10485760} and 2 threads (ephemeral=true).
[04:17:29.491] INFO: txe_node Aztec Node version: txe
[04:17:29.491] INFO: txe_node Aztec Node started on chain 0x1
[04:17:29.503] INFO: txe:top_level_context Created block 1 with timestamp 1789442249
[04:17:29.585] INFO: txe:top_level_context Created block 2 with timestamp 1789442249
[04:17:29.606] INFO: simulator:public-processor Processed 1 successful txs and 0 failed txs (0 silently skipped, 0ms wasted) in 0.014805375000025378s {"blockNumber":6,"successfulCount":1,"failedCount":0,"duration":0.014805375000025378,"rate":0,"totalPublicGas":{"daGas":0,"l2Gas":0},"totalBlockGas":{"daGas":1984,"l2Gas":529900},"totalSizeInBytes":1984,"silentlySkippedCount":0,"silentlySkippedDurationMs":0}
[04:17:29.645] INFO: txe:top_level_context Created block 7 with timestamp 1789445850
[04:17:29.670] INFO: simulator:public-processor Processed 1 successful txs and 0 failed txs (0 silently skipped, 0ms wasted) in 0.04844054199999664s {"blockNumber":3,"successfulCount":1,"failedCount":0,"duration":0.04844054199999664,"rate":66806643.080092385,"totalPublicGas":{"daGas":4000,"l2Gas":3236150},"totalBlockGas":{"daGas":4000,"l2Gas":3236150},"totalSizeInBytes":4128,"silentlySkippedCount":0,"silentlySkippedDurationMs":0}
[04:17:30.134] INFO: simulator:public-processor Processed 1 successful txs and 0 failed txs (0 silently skipped, 0ms wasted) in 0.06343920799999614s {"blockNumber":4,"successfulCount":1,"failedCount":0,"duration":0.06343920799999614,"rate":17979102.135071885,"totalPublicGas":{"daGas":192,"l2Gas":1140580},"totalBlockGas":{"daGas":320,"l2Gas":1731380},"totalSizeInBytes":320,"silentlySkippedCount":0,"silentlySkippedDurationMs":0}
[04:17:30.167] INFO: txe:top_level_context Created block 5 with timestamp 1789442249
[04:17:30.172] INFO: simulator:public-processor Processed 1 successful txs and 0 failed txs (0 silently skipped, 0ms wasted) in 0.02719587500000489s {"blockNumber":8,"successfulCount":1,"failedCount":0,"duration":0.02719587500000489,"rate":71608911.27789232,"totalPublicGas":{"daGas":2368,"l2Gas":1947467},"totalBlockGas":{"daGas":3744,"l2Gas":2674217},"totalSizeInBytes":3744,"silentlySkippedCount":0,"silentlySkippedDurationMs":0}
[04:17:30.424] INFO: simulator:public-processor Processed 1 successful txs and 0 failed txs (0 silently skipped, 0ms wasted) in 0.004145167000009678s {"blockNumber":6,"successfulCount":1,"failedCount":0,"duration":0.004145167000009678,"rate":0,"totalPublicGas":{"daGas":0,"l2Gas":0},"totalBlockGas":{"daGas":1984,"l2Gas":529900},"totalSizeInBytes":1984,"silentlySkippedCount":0,"silentlySkippedDurationMs":0}
[04:17:30.468] INFO: txe:top_level_context Created block 7 with timestamp 1789445850
[04:17:30.882] INFO: simulator:public-processor Processed 1 successful txs and 0 failed txs (0 silently skipped, 0ms wasted) in 0.030812708000012207s {"blockNumber":8,"successfulCount":1,"failedCount":0,"duration":0.030812708000012207,"rate":63203370.505417064,"totalPublicGas":{"daGas":2368,"l2Gas":1947467},"totalBlockGas":{"daGas":3744,"l2Gas":2674217},"totalSizeInBytes":3744,"silentlySkippedCount":0,"silentlySkippedDurationMs":0}
[04:17:30.894] INFO: txe:top_level_context Created block 9 with timestamp 1789445850
[04:17:31.127] INFO: simulator:public-processor Processed 1 successful txs and 0 failed txs (0 silently skipped, 0ms wasted) in 0.003767541999986861s {"blockNumber":10,"successfulCount":1,"failedCount":0,"duration":0.003767541999986861,"rate":0,"totalPublicGas":{"daGas":0,"l2Gas":0},"totalBlockGas":{"daGas":832,"l2Gas":499700},"totalSizeInBytes":832,"silentlySkippedCount":0,"silentlySkippedDurationMs":0}
[04:17:31.435] INFO: txe:top_level_context Created block 10 with timestamp 1789449451
[04:17:31.524] INFO: txe:top_level_context Created block 11 with timestamp 1789449451
[billboard_test] Testing c02::c02_head_cannot_have_duplicate_grandchild ... [0m[32mok[0m
[04:17:32.074] INFO: simulator:public-processor Processed 1 successful txs and 0 failed txs (0 silently skipped, 0ms wasted) in 0.02598812500000349s {"blockNumber":12,"successfulCount":1,"failedCount":0,"duration":0.02598812500000349,"rate":74936802.86668386,"totalPublicGas":{"daGas":2368,"l2Gas":1947467},"totalBlockGas":{"daGas":3744,"l2Gas":2674217},"totalSizeInBytes":3744,"silentlySkippedCount":0,"silentlySkippedDurationMs":0}
[billboard_test] Testing c02::c02_first_receipt_rejects_second_receipt_history ... [0m[32mok[0m
[04:17:33.775] INFO: kv-store:lmdb-v2 Starting data store with maxReaders 2
[04:17:33.776] INFO: world-state:database Creating world state data store at directory /var/folders/ym/q1vh2x5n58xbsmpmvs5_6w3r0000gn/T/aztec-world-state-ByYVFn/world_state with map sizes {"archiveTreeMapSizeKb":10485760,"nullifierTreeMapSizeKb":10485760,"noteHashTreeMapSizeKb":10485760,"messageTreeMapSizeKb":10485760,"publicDataTreeMapSizeKb":10485760} and 2 threads (ephemeral=true).
[04:17:33.785] INFO: txe_node Aztec Node version: txe
[04:17:33.785] INFO: txe_node Aztec Node started on chain 0x1
[04:17:33.797] INFO: txe:top_level_context Created block 1 with timestamp 1789442253
[04:17:33.835] INFO: txe:top_level_context Created block 2 with timestamp 1789442253
[04:17:33.911] INFO: simulator:public-processor Processed 1 successful txs and 0 failed txs (0 silently skipped, 0ms wasted) in 0.04645249999998487s {"blockNumber":3,"successfulCount":1,"failedCount":0,"duration":0.04645249999998487,"rate":69665787.63255055,"totalPublicGas":{"daGas":4000,"l2Gas":3236150},"totalBlockGas":{"daGas":4000,"l2Gas":3236150},"totalSizeInBytes":4128,"silentlySkippedCount":0,"silentlySkippedDurationMs":0}
[04:17:34.035] INFO: simulator:public-processor Processed 1 successful txs and 0 failed txs (0 silently skipped, 0ms wasted) in 0.01344933299999684s {"blockNumber":4,"successfulCount":1,"failedCount":0,"duration":0.01344933299999684,"rate":84805692.59458949,"totalPublicGas":{"daGas":192,"l2Gas":1140580},"totalBlockGas":{"daGas":320,"l2Gas":1731380},"totalSizeInBytes":320,"silentlySkippedCount":0,"silentlySkippedDurationMs":0}
[04:17:34.062] INFO: txe:top_level_context Created block 5 with timestamp 1789442253
[04:17:34.218] INFO: simulator:public-processor Processed 1 successful txs and 0 failed txs (0 silently skipped, 0ms wasted) in 0.0036319170000206212s {"blockNumber":6,"successfulCount":1,"failedCount":0,"duration":0.0036319170000206212,"rate":0,"totalPublicGas":{"daGas":0,"l2Gas":0},"totalBlockGas":{"daGas":1984,"l2Gas":529900},"totalSizeInBytes":1984,"silentlySkippedCount":0,"silentlySkippedDurationMs":0}
[04:17:34.245] INFO: txe:top_level_context Created block 7 with timestamp 1789445854
[04:17:34.634] INFO: simulator:public-processor Processed 1 successful txs and 0 failed txs (0 silently skipped, 0ms wasted) in 0.02884224999998696s {"blockNumber":8,"successfulCount":1,"failedCount":0,"duration":0.02884224999998696,"rate":67521327.21964757,"totalPublicGas":{"daGas":2368,"l2Gas":1947467},"totalBlockGas":{"daGas":3744,"l2Gas":2674217},"totalSizeInBytes":3744,"silentlySkippedCount":0,"silentlySkippedDurationMs":0}
[04:17:34.694] INFO: kv-store:lmdb-v2 Starting data store with maxReaders 2
[04:17:34.699] INFO: world-state:database Creating world state data store at directory /var/folders/ym/q1vh2x5n58xbsmpmvs5_6w3r0000gn/T/aztec-world-state-fajLha/world_state with map sizes {"archiveTreeMapSizeKb":10485760,"nullifierTreeMapSizeKb":10485760,"noteHashTreeMapSizeKb":10485760,"messageTreeMapSizeKb":10485760,"publicDataTreeMapSizeKb":10485760} and 2 threads (ephemeral=true).
[04:17:34.712] INFO: txe_node Aztec Node version: txe
[04:17:34.712] INFO: txe_node Aztec Node started on chain 0x1
[04:17:34.726] INFO: txe:top_level_context Created block 1 with timestamp 1789442254
[04:17:34.781] INFO: txe:top_level_context Created block 2 with timestamp 1789442254
[04:17:34.864] INFO: simulator:public-processor Processed 1 successful txs and 0 failed txs (0 silently skipped, 0ms wasted) in 0.04400420799999847s {"blockNumber":3,"successfulCount":1,"failedCount":0,"duration":0.04400420799999847,"rate":73541830.3631351,"totalPublicGas":{"daGas":4000,"l2Gas":3236150},"totalBlockGas":{"daGas":4000,"l2Gas":3236150},"totalSizeInBytes":4128,"silentlySkippedCount":0,"silentlySkippedDurationMs":0}
[04:17:34.993] INFO: simulator:public-processor Processed 1 successful txs and 0 failed txs (0 silently skipped, 0ms wasted) in 0.016350666000013007s {"blockNumber":4,"successfulCount":1,"failedCount":0,"duration":0.016350666000013007,"rate":69757403.15404233,"totalPublicGas":{"daGas":192,"l2Gas":1140580},"totalBlockGas":{"daGas":320,"l2Gas":1731380},"totalSizeInBytes":320,"silentlySkippedCount":0,"silentlySkippedDurationMs":0}
[04:17:35.025] INFO: txe:top_level_context Created block 5 with timestamp 1789442254
[04:17:35.030] INFO: txe:top_level_context Created block 9 with timestamp 1789445854
[04:17:35.162] INFO: txe:top_level_context Created block 12 with timestamp 1789449455
[04:17:35.232] INFO: simulator:public-processor Processed 1 successful txs and 0 failed txs (0 silently skipped, 0ms wasted) in 0.003833666999998968s {"blockNumber":6,"successfulCount":1,"failedCount":0,"duration":0.003833666999998968,"rate":0,"totalPublicGas":{"daGas":0,"l2Gas":0},"totalBlockGas":{"daGas":1984,"l2Gas":529900},"totalSizeInBytes":1984,"silentlySkippedCount":0,"silentlySkippedDurationMs":0}
[04:17:35.268] INFO: txe:top_level_context Created block 7 with timestamp 1789445855
[billboard_test] Testing c02::c02_included_foreign_contract_rejected ... [0m[32mok[0m
[04:17:35.833] INFO: simulator:public-processor Processed 1 successful txs and 0 failed txs (0 silently skipped, 0ms wasted) in 0.0266284169999999s {"blockNumber":8,"successfulCount":1,"failedCount":0,"duration":0.0266284169999999,"rate":73134914.47876933,"totalPublicGas":{"daGas":2368,"l2Gas":1947467},"totalBlockGas":{"daGas":3744,"l2Gas":2674217},"totalSizeInBytes":3744,"silentlySkippedCount":0,"silentlySkippedDurationMs":0}
[04:17:36.188] INFO: txe:top_level_context Created block 11 with timestamp 1789449456
[billboard_test] Testing c02::c02_included_future_child_timestamp_rejected ... [0m[32mok[0m
[04:17:37.517] INFO: kv-store:lmdb-v2 Starting data store with maxReaders 2
[04:17:37.521] INFO: world-state:database Creating world state data store at directory /var/folders/ym/q1vh2x5n58xbsmpmvs5_6w3r0000gn/T/aztec-world-state-QRog5G/world_state with map sizes {"archiveTreeMapSizeKb":10485760,"nullifierTreeMapSizeKb":10485760,"noteHashTreeMapSizeKb":10485760,"messageTreeMapSizeKb":10485760,"publicDataTreeMapSizeKb":10485760} and 2 threads (ephemeral=true).
[04:17:37.530] INFO: txe_node Aztec Node version: txe
[04:17:37.530] INFO: txe_node Aztec Node started on chain 0x1
[04:17:37.544] INFO: txe:top_level_context Created block 1 with timestamp 1789442257
[04:17:37.585] INFO: txe:top_level_context Created block 2 with timestamp 1789442257
[04:17:37.658] INFO: simulator:public-processor Processed 1 successful txs and 0 failed txs (0 silently skipped, 0ms wasted) in 0.04172279200001503s {"blockNumber":3,"successfulCount":1,"failedCount":0,"duration":0.04172279200001503,"rate":77563121.85432926,"totalPublicGas":{"daGas":4000,"l2Gas":3236150},"totalBlockGas":{"daGas":4000,"l2Gas":3236150},"totalSizeInBytes":4128,"silentlySkippedCount":0,"silentlySkippedDurationMs":0}
[04:17:37.772] INFO: simulator:public-processor Processed 1 successful txs and 0 failed txs (0 silently skipped, 0ms wasted) in 0.013313750000001165s {"blockNumber":4,"successfulCount":1,"failedCount":0,"duration":0.013313750000001165,"rate":85669326.82376492,"totalPublicGas":{"daGas":192,"l2Gas":1140580},"totalBlockGas":{"daGas":320,"l2Gas":1731380},"totalSizeInBytes":320,"silentlySkippedCount":0,"silentlySkippedDurationMs":0}
[04:17:37.799] INFO: txe:top_level_context Created block 5 with timestamp 1789442257
[04:17:37.961] INFO: simulator:public-processor Processed 1 successful txs and 0 failed txs (0 silently skipped, 0ms wasted) in 0.003978709000017261s {"blockNumber":6,"successfulCount":1,"failedCount":0,"duration":0.003978709000017261,"rate":0,"totalPublicGas":{"daGas":0,"l2Gas":0},"totalBlockGas":{"daGas":1984,"l2Gas":529900},"totalSizeInBytes":1984,"silentlySkippedCount":0,"silentlySkippedDurationMs":0}
[04:17:37.989] INFO: txe:top_level_context Created block 7 with timestamp 1789444058
[04:17:38.375] INFO: simulator:public-processor Processed 1 successful txs and 0 failed txs (0 silently skipped, 0ms wasted) in 0.026424041999998735s {"blockNumber":8,"successfulCount":1,"failedCount":0,"duration":0.026424041999998735,"rate":73700571.62337591,"totalPublicGas":{"daGas":2368,"l2Gas":1947467},"totalBlockGas":{"daGas":3744,"l2Gas":2674217},"totalSizeInBytes":3744,"silentlySkippedCount":0,"silentlySkippedDurationMs":0}
[04:17:38.471] INFO: kv-store:lmdb-v2 Starting data store with maxReaders 2
[04:17:38.471] INFO: world-state:database Creating world state data store at directory /var/folders/ym/q1vh2x5n58xbsmpmvs5_6w3r0000gn/T/aztec-world-state-dGCNiS/world_state with map sizes {"archiveTreeMapSizeKb":10485760,"nullifierTreeMapSizeKb":10485760,"noteHashTreeMapSizeKb":10485760,"messageTreeMapSizeKb":10485760,"publicDataTreeMapSizeKb":10485760} and 2 threads (ephemeral=true).
[04:17:38.491] INFO: txe_node Aztec Node version: txe
[04:17:38.491] INFO: txe_node Aztec Node started on chain 0x1
[04:17:38.511] INFO: txe:top_level_context Created block 1 with timestamp 1789442258
[04:17:38.551] INFO: txe:top_level_context Created block 2 with timestamp 1789442258
[04:17:38.629] INFO: simulator:public-processor Processed 1 successful txs and 0 failed txs (0 silently skipped, 0ms wasted) in 0.039334417000005485s {"blockNumber":3,"successfulCount":1,"failedCount":0,"duration":0.039334417000005485,"rate":82272733.31646301,"totalPublicGas":{"daGas":4000,"l2Gas":3236150},"totalBlockGas":{"daGas":4000,"l2Gas":3236150},"totalSizeInBytes":4128,"silentlySkippedCount":0,"silentlySkippedDurationMs":0}
[04:17:38.755] INFO: txe:top_level_context Created block 9 with timestamp 1789445857
[04:17:38.781] INFO: simulator:public-processor Processed 1 successful txs and 0 failed txs (0 silently skipped, 0ms wasted) in 0.01764862500000163s {"blockNumber":4,"successfulCount":1,"failedCount":0,"duration":0.01764862500000163,"rate":64627131.008783676,"totalPublicGas":{"daGas":192,"l2Gas":1140580},"totalBlockGas":{"daGas":320,"l2Gas":1731380},"totalSizeInBytes":320,"silentlySkippedCount":0,"silentlySkippedDurationMs":0}
[04:17:38.813] INFO: txe:top_level_context Created block 5 with timestamp 1789442258
[04:17:39.171] INFO: simulator:public-processor Processed 1 successful txs and 0 failed txs (0 silently skipped, 0ms wasted) in 0.03634679199999664s {"blockNumber":10,"successfulCount":1,"failedCount":0,"duration":0.03634679199999664,"rate":53580161.90260148,"totalPublicGas":{"daGas":2368,"l2Gas":1947467},"totalBlockGas":{"daGas":3744,"l2Gas":2674217},"totalSizeInBytes":3744,"silentlySkippedCount":0,"silentlySkippedDurationMs":0}
[04:17:39.294] INFO: simulator:public-processor Processed 1 successful txs and 0 failed txs (0 silently skipped, 0ms wasted) in 0.003813292000006186s {"blockNumber":6,"successfulCount":1,"failedCount":0,"duration":0.003813292000006186,"rate":0,"totalPublicGas":{"daGas":0,"l2Gas":0},"totalBlockGas":{"daGas":1984,"l2Gas":529900},"totalSizeInBytes":1984,"silentlySkippedCount":0,"silentlySkippedDurationMs":0}
[04:17:39.323] INFO: txe:top_level_context Created block 7 with timestamp 1789444059
[04:17:39.760] INFO: simulator:public-processor Processed 1 successful txs and 0 failed txs (0 silently skipped, 0ms wasted) in 0.03000862499998766s {"blockNumber":8,"successfulCount":1,"failedCount":0,"duration":0.03000862499998766,"rate":64896908.80541181,"totalPublicGas":{"daGas":2368,"l2Gas":1947467},"totalBlockGas":{"daGas":3744,"l2Gas":2674217},"totalSizeInBytes":3744,"silentlySkippedCount":0,"silentlySkippedDurationMs":0}
[04:17:39.967] INFO: txe:top_level_context Created block 14 with timestamp 1789449459
[billboard_test] Testing c02::c02_included_grandchild_cannot_precede_child_time ... [0m[32mok[0m
[04:17:40.338] INFO: txe:top_level_context Created block 9 with timestamp 1789445858
[04:17:40.714] INFO: simulator:public-processor Processed 1 successful txs and 0 failed txs (0 silently skipped, 0ms wasted) in 0.02835283300001174s {"blockNumber":10,"successfulCount":1,"failedCount":0,"duration":0.02835283300001174,"rate":68686857.50024322,"totalPublicGas":{"daGas":2368,"l2Gas":1947467},"totalBlockGas":{"daGas":3744,"l2Gas":2674217},"totalSizeInBytes":3744,"silentlySkippedCount":0,"silentlySkippedDurationMs":0}
[04:17:41.087] INFO: txe:top_level_context Created block 14 with timestamp 1789449460
[billboard_test] Testing c02::c02_included_grandchild_sequence_gap_rejected ... [0m[32mok[0m
[04:17:42.283] INFO: kv-store:lmdb-v2 Starting data store with maxReaders 2
[04:17:42.284] INFO: world-state:database Creating world state data store at directory /var/folders/ym/q1vh2x5n58xbsmpmvs5_6w3r0000gn/T/aztec-world-state-q76aIL/world_state with map sizes {"archiveTreeMapSizeKb":10485760,"nullifierTreeMapSizeKb":10485760,"noteHashTreeMapSizeKb":10485760,"messageTreeMapSizeKb":10485760,"publicDataTreeMapSizeKb":10485760} and 2 threads (ephemeral=true).
[04:17:42.292] INFO: txe_node Aztec Node version: txe
[04:17:42.292] INFO: txe_node Aztec Node started on chain 0x1
[04:17:42.304] INFO: txe:top_level_context Created block 1 with timestamp 1789442262
[04:17:42.340] INFO: txe:top_level_context Created block 2 with timestamp 1789442262
[04:17:42.404] INFO: simulator:public-processor Processed 1 successful txs and 0 failed txs (0 silently skipped, 0ms wasted) in 0.036678542000008744s {"blockNumber":3,"successfulCount":1,"failedCount":0,"duration":0.036678542000008744,"rate":88230061.05311461,"totalPublicGas":{"daGas":4000,"l2Gas":3236150},"totalBlockGas":{"daGas":4000,"l2Gas":3236150},"totalSizeInBytes":4128,"silentlySkippedCount":0,"silentlySkippedDurationMs":0}
[04:17:42.519] INFO: simulator:public-processor Processed 1 successful txs and 0 failed txs (0 silently skipped, 0ms wasted) in 0.013228499999997438s {"blockNumber":4,"successfulCount":1,"failedCount":0,"duration":0.013228499999997438,"rate":86221415.88239187,"totalPublicGas":{"daGas":192,"l2Gas":1140580},"totalBlockGas":{"daGas":320,"l2Gas":1731380},"totalSizeInBytes":320,"silentlySkippedCount":0,"silentlySkippedDurationMs":0}
[04:17:42.546] INFO: txe:top_level_context Created block 5 with timestamp 1789442262
[04:17:42.712] INFO: simulator:public-processor Processed 1 successful txs and 0 failed txs (0 silently skipped, 0ms wasted) in 0.003723082999989856s {"blockNumber":6,"successfulCount":1,"failedCount":0,"duration":0.003723082999989856,"rate":0,"totalPublicGas":{"daGas":0,"l2Gas":0},"totalBlockGas":{"daGas":1984,"l2Gas":529900},"totalSizeInBytes":1984,"silentlySkippedCount":0,"silentlySkippedDurationMs":0}
[04:17:42.742] INFO: txe:top_level_context Created block 7 with timestamp 1789445863
[04:17:43.118] INFO: simulator:public-processor Processed 1 successful txs and 0 failed txs (0 silently skipped, 0ms wasted) in 0.026622082999994745s {"blockNumber":8,"successfulCount":1,"failedCount":0,"duration":0.026622082999994745,"rate":73152314.94096027,"totalPublicGas":{"daGas":2368,"l2Gas":1947467},"totalBlockGas":{"daGas":3744,"l2Gas":2674217},"totalSizeInBytes":3744,"silentlySkippedCount":0,"silentlySkippedDurationMs":0}
[04:17:43.356] INFO: kv-store:lmdb-v2 Starting data store with maxReaders 2
[04:17:43.357] INFO: world-state:database Creating world state data store at directory /var/folders/ym/q1vh2x5n58xbsmpmvs5_6w3r0000gn/T/aztec-world-state-v1xACm/world_state with map sizes {"archiveTreeMapSizeKb":10485760,"nullifierTreeMapSizeKb":10485760,"noteHashTreeMapSizeKb":10485760,"messageTreeMapSizeKb":10485760,"publicDataTreeMapSizeKb":10485760} and 2 threads (ephemeral=true).
[04:17:43.369] INFO: txe_node Aztec Node version: txe
[04:17:43.369] INFO: txe_node Aztec Node started on chain 0x1
[04:17:43.383] INFO: txe:top_level_context Created block 1 with timestamp 1789442263
[04:17:43.438] INFO: txe:top_level_context Created block 2 with timestamp 1789442263
[04:17:43.507] INFO: txe:top_level_context Created block 11 with timestamp 1789449464
[04:17:43.507] INFO: simulator:public-processor Processed 1 successful txs and 0 failed txs (0 silently skipped, 0ms wasted) in 0.03917191699999967s {"blockNumber":3,"successfulCount":1,"failedCount":0,"duration":0.03917191699999967,"rate":82614031.8841181,"totalPublicGas":{"daGas":4000,"l2Gas":3236150},"totalBlockGas":{"daGas":4000,"l2Gas":3236150},"totalSizeInBytes":4128,"silentlySkippedCount":0,"silentlySkippedDurationMs":0}
[billboard_test] Testing c02::c02_included_other_chain_rejected ... [0m[32mok[0m
[04:17:43.841] INFO: simulator:public-processor Processed 1 successful txs and 0 failed txs (0 silently skipped, 0ms wasted) in 0.012877208000019891s {"blockNumber":4,"successfulCount":1,"failedCount":0,"duration":0.012877208000019891,"rate":88573547.93043944,"totalPublicGas":{"daGas":192,"l2Gas":1140580},"totalBlockGas":{"daGas":320,"l2Gas":1731380},"totalSizeInBytes":320,"silentlySkippedCount":0,"silentlySkippedDurationMs":0}
[04:17:43.868] INFO: txe:top_level_context Created block 5 with timestamp 1789442263
[04:17:44.020] INFO: simulator:public-processor Processed 1 successful txs and 0 failed txs (0 silently skipped, 0ms wasted) in 0.0036800419999926818s {"blockNumber":6,"successfulCount":1,"failedCount":0,"duration":0.0036800419999926818,"rate":0,"totalPublicGas":{"daGas":0,"l2Gas":0},"totalBlockGas":{"daGas":1984,"l2Gas":529900},"totalSizeInBytes":1984,"silentlySkippedCount":0,"silentlySkippedDurationMs":0}
[04:17:44.048] INFO: txe:top_level_context Created block 7 with timestamp 1789445864
[04:17:44.423] INFO: simulator:public-processor Processed 1 successful txs and 0 failed txs (0 silently skipped, 0ms wasted) in 0.026260207999992416s {"blockNumber":8,"successfulCount":1,"failedCount":0,"duration":0.026260207999992416,"rate":74160379.8416434,"totalPublicGas":{"daGas":2368,"l2Gas":1947467},"totalBlockGas":{"daGas":3744,"l2Gas":2674217},"totalSizeInBytes":3744,"silentlySkippedCount":0,"silentlySkippedDurationMs":0}
[04:17:44.781] INFO: txe:top_level_context Created block 11 with timestamp 1789449465
[billboard_test] Testing c02::c02_included_same_content_different_head_rejected ... [0m[32mok[0m
[04:17:45.788] INFO: kv-store:lmdb-v2 Starting data store with maxReaders 2
[04:17:45.789] INFO: world-state:database Creating world state data store at directory /var/folders/ym/q1vh2x5n58xbsmpmvs5_6w3r0000gn/T/aztec-world-state-c1MmAw/world_state with map sizes {"archiveTreeMapSizeKb":10485760,"nullifierTreeMapSizeKb":10485760,"noteHashTreeMapSizeKb":10485760,"messageTreeMapSizeKb":10485760,"publicDataTreeMapSizeKb":10485760} and 2 threads (ephemeral=true).
[04:17:45.797] INFO: txe_node Aztec Node version: txe
[04:17:45.797] INFO: txe_node Aztec Node started on chain 0x1
[04:17:45.809] INFO: txe:top_level_context Created block 1 with timestamp 1789442265
[04:17:45.845] INFO: txe:top_level_context Created block 2 with timestamp 1789442265
[04:17:45.908] INFO: simulator:public-processor Processed 1 successful txs and 0 failed txs (0 silently skipped, 0ms wasted) in 0.03643295799999032s {"blockNumber":3,"successfulCount":1,"failedCount":0,"duration":0.03643295799999032,"rate":88824794.2975385,"totalPublicGas":{"daGas":4000,"l2Gas":3236150},"totalBlockGas":{"daGas":4000,"l2Gas":3236150},"totalSizeInBytes":4128,"silentlySkippedCount":0,"silentlySkippedDurationMs":0}
[04:17:46.019] INFO: simulator:public-processor Processed 1 successful txs and 0 failed txs (0 silently skipped, 0ms wasted) in 0.013819916999986163s {"blockNumber":4,"successfulCount":1,"failedCount":0,"duration":0.013819916999986163,"rate":82531609.99455655,"totalPublicGas":{"daGas":192,"l2Gas":1140580},"totalBlockGas":{"daGas":320,"l2Gas":1731380},"totalSizeInBytes":320,"silentlySkippedCount":0,"silentlySkippedDurationMs":0}
[04:17:46.046] INFO: txe:top_level_context Created block 5 with timestamp 1789442265
[04:17:46.191] INFO: simulator:public-processor Processed 1 successful txs and 0 failed txs (0 silently skipped, 0ms wasted) in 0.003633125000022119s {"blockNumber":6,"successfulCount":1,"failedCount":0,"duration":0.003633125000022119,"rate":0,"totalPublicGas":{"daGas":0,"l2Gas":0},"totalBlockGas":{"daGas":1984,"l2Gas":529900},"totalSizeInBytes":1984,"silentlySkippedCount":0,"silentlySkippedDurationMs":0}
[04:17:46.220] INFO: txe:top_level_context Created block 7 with timestamp 1789445866
[04:17:46.604] INFO: simulator:public-processor Processed 1 successful txs and 0 failed txs (0 silently skipped, 0ms wasted) in 0.026521999999997208s {"blockNumber":8,"successfulCount":1,"failedCount":0,"duration":0.026521999999997208,"rate":73428361.36038779,"totalPublicGas":{"daGas":2368,"l2Gas":1947467},"totalBlockGas":{"daGas":3744,"l2Gas":2674217},"totalSizeInBytes":3744,"silentlySkippedCount":0,"silentlySkippedDurationMs":0}
[04:17:46.956] INFO: txe:top_level_context Created block 11 with timestamp 1789449467
[04:17:47.043] INFO: kv-store:lmdb-v2 Starting data store with maxReaders 2
[04:17:47.045] INFO: world-state:database Creating world state data store at directory /var/folders/ym/q1vh2x5n58xbsmpmvs5_6w3r0000gn/T/aztec-world-state-rQt12I/world_state with map sizes {"archiveTreeMapSizeKb":10485760,"nullifierTreeMapSizeKb":10485760,"noteHashTreeMapSizeKb":10485760,"messageTreeMapSizeKb":10485760,"publicDataTreeMapSizeKb":10485760} and 2 threads (ephemeral=true).
[04:17:47.053] INFO: txe_node Aztec Node version: txe
[04:17:47.053] INFO: txe_node Aztec Node started on chain 0x1
[04:17:47.065] INFO: txe:top_level_context Created block 1 with timestamp 1789442267
[billboard_test] Testing c02::c02_included_sequence_gap_rejected ... [0m[32mok[0m
[04:17:47.276] INFO: txe:top_level_context Created block 2 with timestamp 1789442267
[04:17:47.340] INFO: simulator:public-processor Processed 1 successful txs and 0 failed txs (0 silently skipped, 0ms wasted) in 0.03661104200000409s {"blockNumber":3,"successfulCount":1,"failedCount":0,"duration":0.03661104200000409,"rate":88392731.35136767,"totalPublicGas":{"daGas":4000,"l2Gas":3236150},"totalBlockGas":{"daGas":4000,"l2Gas":3236150},"totalSizeInBytes":4128,"silentlySkippedCount":0,"silentlySkippedDurationMs":0}
[04:17:47.446] INFO: simulator:public-processor Processed 1 successful txs and 0 failed txs (0 silently skipped, 0ms wasted) in 0.013548207999992883s {"blockNumber":4,"successfulCount":1,"failedCount":0,"duration":0.013548207999992883,"rate":84186779.53575847,"totalPublicGas":{"daGas":192,"l2Gas":1140580},"totalBlockGas":{"daGas":320,"l2Gas":1731380},"totalSizeInBytes":320,"silentlySkippedCount":0,"silentlySkippedDurationMs":0}
[04:17:47.474] INFO: txe:top_level_context Created block 5 with timestamp 1789442267
[04:17:47.621] INFO: simulator:public-processor Processed 1 successful txs and 0 failed txs (0 silently skipped, 0ms wasted) in 0.003564249999995809s {"blockNumber":6,"successfulCount":1,"failedCount":0,"duration":0.003564249999995809,"rate":0,"totalPublicGas":{"daGas":0,"l2Gas":0},"totalBlockGas":{"daGas":1984,"l2Gas":529900},"totalSizeInBytes":1984,"silentlySkippedCount":0,"silentlySkippedDurationMs":0}
[04:17:47.649] INFO: txe:top_level_context Created block 7 with timestamp 1789445868
[04:17:48.034] INFO: simulator:public-processor Processed 1 successful txs and 0 failed txs (0 silently skipped, 0ms wasted) in 0.027230375000013737s {"blockNumber":8,"successfulCount":1,"failedCount":0,"duration":0.027230375000013737,"rate":71518185.11493205,"totalPublicGas":{"daGas":2368,"l2Gas":1947467},"totalBlockGas":{"daGas":3744,"l2Gas":2674217},"totalSizeInBytes":3744,"silentlySkippedCount":0,"silentlySkippedDurationMs":0}
[04:17:48.387] INFO: txe:top_level_context Created block 11 with timestamp 1789449469
[billboard_test] Testing c02::c02_included_wrong_owner_rejected ... [0m[32mok[0m
[04:17:49.225] INFO: kv-store:lmdb-v2 Starting data store with maxReaders 2
[04:17:49.226] INFO: world-state:database Creating world state data store at directory /var/folders/ym/q1vh2x5n58xbsmpmvs5_6w3r0000gn/T/aztec-world-state-ySPaI1/world_state with map sizes {"archiveTreeMapSizeKb":10485760,"nullifierTreeMapSizeKb":10485760,"noteHashTreeMapSizeKb":10485760,"messageTreeMapSizeKb":10485760,"publicDataTreeMapSizeKb":10485760} and 2 threads (ephemeral=true).
[04:17:49.236] INFO: txe_node Aztec Node version: txe
[04:17:49.236] INFO: txe_node Aztec Node started on chain 0x1
[04:17:49.248] INFO: txe:top_level_context Created block 1 with timestamp 1789442269
[04:17:49.285] INFO: txe:top_level_context Created block 2 with timestamp 1789442269
[04:17:49.351] INFO: simulator:public-processor Processed 1 successful txs and 0 failed txs (0 silently skipped, 0ms wasted) in 0.03723237499999232s {"blockNumber":3,"successfulCount":1,"failedCount":0,"duration":0.03723237499999232,"rate":86917635.52555183,"totalPublicGas":{"daGas":4000,"l2Gas":3236150},"totalBlockGas":{"daGas":4000,"l2Gas":3236150},"totalSizeInBytes":4128,"silentlySkippedCount":0,"silentlySkippedDurationMs":0}
[04:17:49.457] INFO: simulator:public-processor Processed 1 successful txs and 0 failed txs (0 silently skipped, 0ms wasted) in 0.013181624999997438s {"blockNumber":4,"successfulCount":1,"failedCount":0,"duration":0.013181624999997438,"rate":86528026.70385644,"totalPublicGas":{"daGas":192,"l2Gas":1140580},"totalBlockGas":{"daGas":320,"l2Gas":1731380},"totalSizeInBytes":320,"silentlySkippedCount":0,"silentlySkippedDurationMs":0}
[04:17:49.486] INFO: txe:top_level_context Created block 5 with timestamp 1789442269
[04:17:49.633] INFO: simulator:public-processor Processed 1 successful txs and 0 failed txs (0 silently skipped, 0ms wasted) in 0.003598457999993116s {"blockNumber":6,"successfulCount":1,"failedCount":0,"duration":0.003598457999993116,"rate":0,"totalPublicGas":{"daGas":0,"l2Gas":0},"totalBlockGas":{"daGas":1984,"l2Gas":529900},"totalSizeInBytes":1984,"silentlySkippedCount":0,"silentlySkippedDurationMs":0}
[04:17:49.661] INFO: txe:top_level_context Created block 7 with timestamp 1789445870
[04:17:50.047] INFO: simulator:public-processor Processed 1 successful txs and 0 failed txs (0 silently skipped, 0ms wasted) in 0.028512417000019923s {"blockNumber":8,"successfulCount":1,"failedCount":0,"duration":0.028512417000019923,"rate":68302417.15385403,"totalPublicGas":{"daGas":2368,"l2Gas":1947467},"totalBlockGas":{"daGas":3744,"l2Gas":2674217},"totalSizeInBytes":3744,"silentlySkippedCount":0,"silentlySkippedDurationMs":0}
[04:17:50.411] INFO: txe:top_level_context Created block 11 with timestamp 1789449471
[billboard_test] Testing c02::c02_included_wrong_schema_rejected ... [0m[32mok[0m
[04:17:50.690] INFO: kv-store:lmdb-v2 Starting data store with maxReaders 2
[04:17:50.691] INFO: world-state:database Creating world state data store at directory /var/folders/ym/q1vh2x5n58xbsmpmvs5_6w3r0000gn/T/aztec-world-state-LLgHSN/world_state with map sizes {"archiveTreeMapSizeKb":10485760,"nullifierTreeMapSizeKb":10485760,"noteHashTreeMapSizeKb":10485760,"messageTreeMapSizeKb":10485760,"publicDataTreeMapSizeKb":10485760} and 2 threads (ephemeral=true).
[04:17:50.699] INFO: txe_node Aztec Node version: txe
[04:17:50.699] INFO: txe_node Aztec Node started on chain 0x1
[04:17:50.715] INFO: txe:top_level_context Created block 1 with timestamp 1789442270
[04:17:50.753] INFO: txe:top_level_context Created block 2 with timestamp 1789442270
[04:17:50.821] INFO: simulator:public-processor Processed 1 successful txs and 0 failed txs (0 silently skipped, 0ms wasted) in 0.039560792000003855s {"blockNumber":3,"successfulCount":1,"failedCount":0,"duration":0.039560792000003855,"rate":81801951.79104818,"totalPublicGas":{"daGas":4000,"l2Gas":3236150},"totalBlockGas":{"daGas":4000,"l2Gas":3236150},"totalSizeInBytes":4128,"silentlySkippedCount":0,"silentlySkippedDurationMs":0}
[04:17:50.928] INFO: simulator:public-processor Processed 1 successful txs and 0 failed txs (0 silently skipped, 0ms wasted) in 0.013082875000021886s {"blockNumber":4,"successfulCount":1,"failedCount":0,"duration":0.013082875000021886,"rate":87181143.2883133,"totalPublicGas":{"daGas":192,"l2Gas":1140580},"totalBlockGas":{"daGas":320,"l2Gas":1731380},"totalSizeInBytes":320,"silentlySkippedCount":0,"silentlySkippedDurationMs":0}
[04:17:50.956] INFO: txe:top_level_context Created block 5 with timestamp 1789442270
[04:17:51.107] INFO: simulator:public-processor Processed 1 successful txs and 0 failed txs (0 silently skipped, 0ms wasted) in 0.0036057919999875595s {"blockNumber":6,"successfulCount":1,"failedCount":0,"duration":0.0036057919999875595,"rate":0,"totalPublicGas":{"daGas":0,"l2Gas":0},"totalBlockGas":{"daGas":1984,"l2Gas":529900},"totalSizeInBytes":1984,"silentlySkippedCount":0,"silentlySkippedDurationMs":0}
[04:17:51.135] INFO: txe:top_level_context Created block 7 with timestamp 1789445871
[04:17:51.517] INFO: simulator:public-processor Processed 1 successful txs and 0 failed txs (0 silently skipped, 0ms wasted) in 0.028706042000005254s {"blockNumber":8,"successfulCount":1,"failedCount":0,"duration":0.028706042000005254,"rate":67841710.81473522,"totalPublicGas":{"daGas":2368,"l2Gas":1947467},"totalBlockGas":{"daGas":3744,"l2Gas":2674217},"totalSizeInBytes":3744,"silentlySkippedCount":0,"silentlySkippedDurationMs":0}
[04:17:51.890] INFO: txe:top_level_context Created block 11 with timestamp 1789449472
[billboard_test] Testing c02::c02_included_wrong_slot_rejected ... [0m[32mok[0m
[04:17:52.620] INFO: kv-store:lmdb-v2 Starting data store with maxReaders 2
[04:17:52.621] INFO: world-state:database Creating world state data store at directory /var/folders/ym/q1vh2x5n58xbsmpmvs5_6w3r0000gn/T/aztec-world-state-OUeQms/world_state with map sizes {"archiveTreeMapSizeKb":10485760,"nullifierTreeMapSizeKb":10485760,"noteHashTreeMapSizeKb":10485760,"messageTreeMapSizeKb":10485760,"publicDataTreeMapSizeKb":10485760} and 2 threads (ephemeral=true).
[04:17:52.631] INFO: txe_node Aztec Node version: txe
[04:17:52.631] INFO: txe_node Aztec Node started on chain 0x1
[04:17:52.643] INFO: txe:top_level_context Created block 1 with timestamp 1789442272
[04:17:52.680] INFO: txe:top_level_context Created block 2 with timestamp 1789442272
[04:17:52.745] INFO: simulator:public-processor Processed 1 successful txs and 0 failed txs (0 silently skipped, 0ms wasted) in 0.03713558300002478s {"blockNumber":3,"successfulCount":1,"failedCount":0,"duration":0.03713558300002478,"rate":87144181.90224294,"totalPublicGas":{"daGas":4000,"l2Gas":3236150},"totalBlockGas":{"daGas":4000,"l2Gas":3236150},"totalSizeInBytes":4128,"silentlySkippedCount":0,"silentlySkippedDurationMs":0}
[04:17:52.857] INFO: simulator:public-processor Processed 1 successful txs and 0 failed txs (0 silently skipped, 0ms wasted) in 0.013241542000003392s {"blockNumber":4,"successfulCount":1,"failedCount":0,"duration":0.013241542000003392,"rate":86136493.77086957,"totalPublicGas":{"daGas":192,"l2Gas":1140580},"totalBlockGas":{"daGas":320,"l2Gas":1731380},"totalSizeInBytes":320,"silentlySkippedCount":0,"silentlySkippedDurationMs":0}
[04:17:52.885] INFO: txe:top_level_context Created block 5 with timestamp 1789442272
[04:17:53.032] INFO: simulator:public-processor Processed 1 successful txs and 0 failed txs (0 silently skipped, 0ms wasted) in 0.004106874999997671s {"blockNumber":6,"successfulCount":1,"failedCount":0,"duration":0.004106874999997671,"rate":0,"totalPublicGas":{"daGas":0,"l2Gas":0},"totalBlockGas":{"daGas":1984,"l2Gas":529900},"totalSizeInBytes":1984,"silentlySkippedCount":0,"silentlySkippedDurationMs":0}
[04:17:53.061] INFO: txe:top_level_context Created block 7 with timestamp 1789444073
[04:17:53.416] INFO: simulator:public-processor Processed 1 successful txs and 0 failed txs (0 silently skipped, 0ms wasted) in 0.003739917000028072s {"blockNumber":8,"successfulCount":1,"failedCount":0,"duration":0.003739917000028072,"rate":0,"totalPublicGas":{"daGas":0,"l2Gas":0},"totalBlockGas":{"daGas":1440,"l2Gas":527400},"totalSizeInBytes":1440,"silentlySkippedCount":0,"silentlySkippedDurationMs":0}
[04:17:53.733] INFO: simulator:public-processor Processed 1 successful txs and 0 failed txs (0 silently skipped, 0ms wasted) in 0.004082250000006752s {"blockNumber":10,"successfulCount":1,"failedCount":0,"duration":0.004082250000006752,"rate":2530222.3038723534,"totalPublicGas":{"daGas":0,"l2Gas":10329},"totalBlockGas":{"daGas":0,"l2Gas":10329},"totalSizeInBytes":128,"silentlySkippedCount":0,"silentlySkippedDurationMs":0}
[04:17:53.747] INFO: simulator:public-processor Processed 1 successful txs and 0 failed txs (0 silently skipped, 0ms wasted) in 0.00401370899999165s {"blockNumber":10,"successfulCount":1,"failedCount":0,"duration":0.00401370899999165,"rate":2198963.601999637,"totalPublicGas":{"daGas":0,"l2Gas":8826},"totalBlockGas":{"daGas":0,"l2Gas":8826},"totalSizeInBytes":128,"silentlySkippedCount":0,"silentlySkippedDurationMs":0}
[04:17:54.006] INFO: txe:top_level_context Created block 10 with timestamp 1789445872
[04:17:54.207] INFO: kv-store:lmdb-v2 Starting data store with maxReaders 2
[04:17:54.261] INFO: world-state:database Creating world state data store at directory /var/folders/ym/q1vh2x5n58xbsmpmvs5_6w3r0000gn/T/aztec-world-state-qPIqVO/world_state with map sizes {"archiveTreeMapSizeKb":10485760,"nullifierTreeMapSizeKb":10485760,"noteHashTreeMapSizeKb":10485760,"messageTreeMapSizeKb":10485760,"publicDataTreeMapSizeKb":10485760} and 2 threads (ephemeral=true).
[04:17:54.272] INFO: txe_node Aztec Node version: txe
[04:17:54.272] INFO: txe_node Aztec Node started on chain 0x1
[04:17:54.291] INFO: txe:top_level_context Created block 1 with timestamp 1789442274
[04:17:54.388] INFO: txe:top_level_context Created block 2 with timestamp 1789442274
[04:17:54.404] INFO: simulator:public-processor Processed 1 successful txs and 0 failed txs (0 silently skipped, 0ms wasted) in 0.027927041999995707s {"blockNumber":11,"successfulCount":1,"failedCount":0,"duration":0.027927041999995707,"rate":69734095.00369926,"totalPublicGas":{"daGas":2368,"l2Gas":1947467},"totalBlockGas":{"daGas":3744,"l2Gas":2674217},"totalSizeInBytes":3744,"silentlySkippedCount":0,"silentlySkippedDurationMs":0}
[04:17:54.468] INFO: simulator:public-processor Processed 1 successful txs and 0 failed txs (0 silently skipped, 0ms wasted) in 0.051820000000006985s {"blockNumber":3,"successfulCount":1,"failedCount":0,"duration":0.051820000000006985,"rate":62449826.32187502,"totalPublicGas":{"daGas":4000,"l2Gas":3236150},"totalBlockGas":{"daGas":4000,"l2Gas":3236150},"totalSizeInBytes":4128,"silentlySkippedCount":0,"silentlySkippedDurationMs":0}
[04:17:54.666] INFO: simulator:public-processor Processed 1 successful txs and 0 failed txs (0 silently skipped, 0ms wasted) in 0.01832012499999837s {"blockNumber":4,"successfulCount":1,"failedCount":0,"duration":0.01832012499999837,"rate":62258308.82704684,"totalPublicGas":{"daGas":192,"l2Gas":1140580},"totalBlockGas":{"daGas":320,"l2Gas":1731380},"totalSizeInBytes":320,"silentlySkippedCount":0,"silentlySkippedDurationMs":0}
[04:17:54.700] INFO: txe:top_level_context Created block 5 with timestamp 1789442274
[billboard_test] Testing c02::c02_included_young_dummy_advances_without_publication_or_penalty ... [0m[32mok[0m
[04:17:54.892] INFO: simulator:public-processor Processed 1 successful txs and 0 failed txs (0 silently skipped, 0ms wasted) in 0.0037405830000061544s {"blockNumber":6,"successfulCount":1,"failedCount":0,"duration":0.0037405830000061544,"rate":0,"totalPublicGas":{"daGas":0,"l2Gas":0},"totalBlockGas":{"daGas":1984,"l2Gas":529900},"totalSizeInBytes":1984,"silentlySkippedCount":0,"silentlySkippedDurationMs":0}
[04:17:54.921] INFO: txe:top_level_context Created block 7 with timestamp 1789445875
[04:17:55.304] INFO: simulator:public-processor Processed 1 successful txs and 0 failed txs (0 silently skipped, 0ms wasted) in 0.028618333000020358s {"blockNumber":8,"successfulCount":1,"failedCount":0,"duration":0.028618333000020358,"rate":68049630.98300011,"totalPublicGas":{"daGas":2368,"l2Gas":1947467},"totalBlockGas":{"daGas":3744,"l2Gas":2674217},"totalSizeInBytes":3744,"silentlySkippedCount":0,"silentlySkippedDurationMs":0}
[04:17:55.878] INFO: txe:top_level_context Created block 10 with timestamp 1789449476
[04:17:56.272] INFO: simulator:public-processor Processed 1 successful txs and 0 failed txs (0 silently skipped, 0ms wasted) in 0.034887957999977515s {"blockNumber":11,"successfulCount":1,"failedCount":0,"duration":0.034887957999977515,"rate":55820607.213562205,"totalPublicGas":{"daGas":2368,"l2Gas":1947467},"totalBlockGas":{"daGas":3744,"l2Gas":2674217},"totalSizeInBytes":3744,"silentlySkippedCount":0,"silentlySkippedDurationMs":0}
[billboard_test] Testing c02::c02_matching_included_child_advances_exactly_one ... [0m[32mok[0m
[04:17:56.962] INFO: kv-store:lmdb-v2 Starting data store with maxReaders 2
[04:17:56.964] INFO: world-state:database Creating world state data store at directory /var/folders/ym/q1vh2x5n58xbsmpmvs5_6w3r0000gn/T/aztec-world-state-AOYoVQ/world_state with map sizes {"archiveTreeMapSizeKb":10485760,"nullifierTreeMapSizeKb":10485760,"noteHashTreeMapSizeKb":10485760,"messageTreeMapSizeKb":10485760,"publicDataTreeMapSizeKb":10485760} and 2 threads (ephemeral=true).
[04:17:56.972] INFO: txe_node Aztec Node version: txe
[04:17:56.972] INFO: txe_node Aztec Node started on chain 0x1
[04:17:56.984] INFO: txe:top_level_context Created block 1 with timestamp 1789442276
[04:17:57.026] INFO: txe:top_level_context Created block 2 with timestamp 1789442276
[04:17:57.097] INFO: simulator:public-processor Processed 1 successful txs and 0 failed txs (0 silently skipped, 0ms wasted) in 0.03992170799997984s {"blockNumber":3,"successfulCount":1,"failedCount":0,"duration":0.03992170799997984,"rate":81062413.46190985,"totalPublicGas":{"daGas":4000,"l2Gas":3236150},"totalBlockGas":{"daGas":4000,"l2Gas":3236150},"totalSizeInBytes":4128,"silentlySkippedCount":0,"silentlySkippedDurationMs":0}
[04:17:57.208] INFO: simulator:public-processor Processed 1 successful txs and 0 failed txs (0 silently skipped, 0ms wasted) in 0.01342249999998603s {"blockNumber":4,"successfulCount":1,"failedCount":0,"duration":0.01342249999998603,"rate":84975228.16175728,"totalPublicGas":{"daGas":192,"l2Gas":1140580},"totalBlockGas":{"daGas":320,"l2Gas":1731380},"totalSizeInBytes":320,"silentlySkippedCount":0,"silentlySkippedDurationMs":0}
[04:17:57.235] INFO: txe:top_level_context Created block 5 with timestamp 1789442276
[04:17:57.387] INFO: simulator:public-processor Processed 1 successful txs and 0 failed txs (0 silently skipped, 0ms wasted) in 0.0036680410000262784s {"blockNumber":6,"successfulCount":1,"failedCount":0,"duration":0.0036680410000262784,"rate":0,"totalPublicGas":{"daGas":0,"l2Gas":0},"totalBlockGas":{"daGas":1984,"l2Gas":529900},"totalSizeInBytes":1984,"silentlySkippedCount":0,"silentlySkippedDurationMs":0}
[04:17:57.414] INFO: txe:top_level_context Created block 7 with timestamp 1789445877
[04:17:57.791] INFO: simulator:public-processor Processed 1 successful txs and 0 failed txs (0 silently skipped, 0ms wasted) in 0.026576124999992318s {"blockNumber":8,"successfulCount":1,"failedCount":0,"duration":0.026576124999992318,"rate":73278816.98330976,"totalPublicGas":{"daGas":2368,"l2Gas":1947467},"totalBlockGas":{"daGas":3744,"l2Gas":2674217},"totalSizeInBytes":3744,"silentlySkippedCount":0,"silentlySkippedDurationMs":0}
[04:17:58.091] INFO: txe:top_level_context Created block 9 with timestamp 1789449478
[04:17:58.439] INFO: simulator:public-processor Processed 1 successful txs and 0 failed txs (0 silently skipped, 0ms wasted) in 0.003758124999993015s {"blockNumber":10,"successfulCount":1,"failedCount":0,"duration":0.003758124999993015,"rate":0,"totalPublicGas":{"daGas":0,"l2Gas":0},"totalBlockGas":{"daGas":1440,"l2Gas":527400},"totalSizeInBytes":1440,"silentlySkippedCount":0,"silentlySkippedDurationMs":0}
[04:17:58.687] INFO: kv-store:lmdb-v2 Starting data store with maxReaders 2
[04:17:58.689] INFO: world-state:database Creating world state data store at directory /var/folders/ym/q1vh2x5n58xbsmpmvs5_6w3r0000gn/T/aztec-world-state-2uJ3Il/world_state with map sizes {"archiveTreeMapSizeKb":10485760,"nullifierTreeMapSizeKb":10485760,"noteHashTreeMapSizeKb":10485760,"messageTreeMapSizeKb":10485760,"publicDataTreeMapSizeKb":10485760} and 2 threads (ephemeral=true).
[04:17:58.701] INFO: txe_node Aztec Node version: txe
[04:17:58.701] INFO: txe_node Aztec Node started on chain 0x1
[04:17:58.720] INFO: txe:top_level_context Created block 1 with timestamp 1789442278
[04:17:58.768] INFO: txe:top_level_context Created block 2 with timestamp 1789442278
[04:17:58.794] INFO: txe:top_level_context Created block 11 with timestamp 1789453077
[04:17:58.844] INFO: simulator:public-processor Processed 1 successful txs and 0 failed txs (0 silently skipped, 0ms wasted) in 0.04362812499998836s {"blockNumber":3,"successfulCount":1,"failedCount":0,"duration":0.04362812499998836,"rate":74175775.37427665,"totalPublicGas":{"daGas":4000,"l2Gas":3236150},"totalBlockGas":{"daGas":4000,"l2Gas":3236150},"totalSizeInBytes":4128,"silentlySkippedCount":0,"silentlySkippedDurationMs":0}
[04:17:58.965] INFO: simulator:public-processor Processed 1 successful txs and 0 failed txs (0 silently skipped, 0ms wasted) in 0.0065890000000072176s {"blockNumber":12,"successfulCount":1,"failedCount":0,"duration":0.0065890000000072176,"rate":0,"totalPublicGas":{"daGas":0,"l2Gas":0},"totalBlockGas":{"daGas":256,"l2Gas":477200},"totalSizeInBytes":256,"silentlySkippedCount":0,"silentlySkippedDurationMs":0}
[04:17:59.048] INFO: simulator:public-processor Processed 1 successful txs and 0 failed txs (0 silently skipped, 0ms wasted) in 0.023468167000013637s {"blockNumber":4,"successfulCount":1,"failedCount":0,"duration":0.023468167000013637,"rate":48601154.065391526,"totalPublicGas":{"daGas":192,"l2Gas":1140580},"totalBlockGas":{"daGas":320,"l2Gas":1731380},"totalSizeInBytes":320,"silentlySkippedCount":0,"silentlySkippedDurationMs":0}
[04:17:59.090] INFO: txe:top_level_context Created block 5 with timestamp 1789442278
[04:17:59.294] INFO: simulator:public-processor Processed 1 successful txs and 0 failed txs (0 silently skipped, 0ms wasted) in 0.003818790999997873s {"blockNumber":6,"successfulCount":1,"failedCount":0,"duration":0.003818790999997873,"rate":0,"totalPublicGas":{"daGas":0,"l2Gas":0},"totalBlockGas":{"daGas":1984,"l2Gas":529900},"totalSizeInBytes":1984,"silentlySkippedCount":0,"silentlySkippedDurationMs":0}
[04:17:59.385] INFO: txe:top_level_context Created block 9 with timestamp 1789445879
[04:17:59.421] INFO: txe:top_level_context Created block 14 with timestamp 1789453077
[billboard_test] Testing c02::c02_no_history_rejects_included_unused_hint ... [0m[32mok[0m
[04:17:59.806] INFO: simulator:public-processor Processed 1 successful txs and 0 failed txs (0 silently skipped, 0ms wasted) in 0.003519957999989856s {"blockNumber":15,"successfulCount":1,"failedCount":0,"duration":0.003519957999989856,"rate":0,"totalPublicGas":{"daGas":0,"l2Gas":0},"totalBlockGas":{"daGas":832,"l2Gas":499700},"totalSizeInBytes":832,"silentlySkippedCount":0,"silentlySkippedDurationMs":0}
[04:18:00.115] INFO: txe:top_level_context Created block 16 with timestamp 1789456678
[04:18:00.493] INFO: simulator:public-processor Processed 1 successful txs and 0 failed txs (0 silently skipped, 0ms wasted) in 0.0265345410000009s {"blockNumber":17,"successfulCount":1,"failedCount":0,"duration":0.0265345410000009,"rate":73393656.96960554,"totalPublicGas":{"daGas":2368,"l2Gas":1947467},"totalBlockGas":{"daGas":3744,"l2Gas":2674217},"totalSizeInBytes":3744,"silentlySkippedCount":0,"silentlySkippedDurationMs":0}
[04:18:01.102] INFO: txe:top_level_context Created block 20 with timestamp 1789460279
[04:18:01.474] INFO: simulator:public-processor Processed 1 successful txs and 0 failed txs (0 silently skipped, 0ms wasted) in 0.026027916999999432s {"blockNumber":21,"successfulCount":1,"failedCount":0,"duration":0.026027916999999432,"rate":74822237.9839325,"totalPublicGas":{"daGas":2368,"l2Gas":1947467},"totalBlockGas":{"daGas":3744,"l2Gas":2674217},"totalSizeInBytes":3744,"silentlySkippedCount":0,"silentlySkippedDurationMs":0}
[billboard_test] Testing c02::c02_new_cycle_screens_new_history_after_old_right_burn ... [0m[32mok[0m
[04:18:01.758] INFO: kv-store:lmdb-v2 Starting data store with maxReaders 2
[04:18:01.759] INFO: world-state:database Creating world state data store at directory /var/folders/ym/q1vh2x5n58xbsmpmvs5_6w3r0000gn/T/aztec-world-state-oMy2fR/world_state with map sizes {"archiveTreeMapSizeKb":10485760,"nullifierTreeMapSizeKb":10485760,"noteHashTreeMapSizeKb":10485760,"messageTreeMapSizeKb":10485760,"publicDataTreeMapSizeKb":10485760} and 2 threads (ephemeral=true).
[04:18:01.767] INFO: txe_node Aztec Node version: txe
[04:18:01.767] INFO: txe_node Aztec Node started on chain 0x1
[04:18:01.780] INFO: txe:top_level_context Created block 1 with timestamp 1789442281
[04:18:01.821] INFO: txe:top_level_context Created block 2 with timestamp 1789442281
[04:18:01.892] INFO: simulator:public-processor Processed 1 successful txs and 0 failed txs (0 silently skipped, 0ms wasted) in 0.04168141699998523s {"blockNumber":3,"successfulCount":1,"failedCount":0,"duration":0.04168141699998523,"rate":77640114.77827509,"totalPublicGas":{"daGas":4000,"l2Gas":3236150},"totalBlockGas":{"daGas":4000,"l2Gas":3236150},"totalSizeInBytes":4128,"silentlySkippedCount":0,"silentlySkippedDurationMs":0}
[04:18:02.007] INFO: simulator:public-processor Processed 1 successful txs and 0 failed txs (0 silently skipped, 0ms wasted) in 0.01335191699999268s {"blockNumber":4,"successfulCount":1,"failedCount":0,"duration":0.01335191699999268,"rate":85424437.55459423,"totalPublicGas":{"daGas":192,"l2Gas":1140580},"totalBlockGas":{"daGas":320,"l2Gas":1731380},"totalSizeInBytes":320,"silentlySkippedCount":0,"silentlySkippedDurationMs":0}
[04:18:02.034] INFO: txe:top_level_context Created block 5 with timestamp 1789442281
[04:18:02.186] INFO: simulator:public-processor Processed 1 successful txs and 0 failed txs (0 silently skipped, 0ms wasted) in 0.003603000000002794s {"blockNumber":6,"successfulCount":1,"failedCount":0,"duration":0.003603000000002794,"rate":0,"totalPublicGas":{"daGas":0,"l2Gas":0},"totalBlockGas":{"daGas":1984,"l2Gas":529900},"totalSizeInBytes":1984,"silentlySkippedCount":0,"silentlySkippedDurationMs":0}
[04:18:02.213] INFO: txe:top_level_context Created block 7 with timestamp 1789445882
[04:18:02.594] INFO: simulator:public-processor Processed 1 successful txs and 0 failed txs (0 silently skipped, 0ms wasted) in 0.02811120899999514s {"blockNumber":8,"successfulCount":1,"failedCount":0,"duration":0.02811120899999514,"rate":69277240.97531119,"totalPublicGas":{"daGas":2368,"l2Gas":1947467},"totalBlockGas":{"daGas":3744,"l2Gas":2674217},"totalSizeInBytes":3744,"silentlySkippedCount":0,"silentlySkippedDurationMs":0}
[04:18:02.897] INFO: txe:top_level_context Created block 9 with timestamp 1789445882
[04:18:03.036] INFO: simulator:public-processor Processed 1 successful txs and 0 failed txs (0 silently skipped, 0ms wasted) in 0.003746707999991486s {"blockNumber":10,"successfulCount":1,"failedCount":0,"duration":0.003746707999991486,"rate":0,"totalPublicGas":{"daGas":0,"l2Gas":0},"totalBlockGas":{"daGas":832,"l2Gas":499700},"totalSizeInBytes":832,"silentlySkippedCount":0,"silentlySkippedDurationMs":0}
[04:18:03.335] INFO: txe:top_level_context Created block 11 with timestamp 1789449483
[04:18:03.708] INFO: simulator:public-processor Processed 1 successful txs and 0 failed txs (0 silently skipped, 0ms wasted) in 0.02661541699999361s {"blockNumber":12,"successfulCount":1,"failedCount":0,"duration":0.02661541699999361,"rate":73170636.40222009,"totalPublicGas":{"daGas":2368,"l2Gas":1947467},"totalBlockGas":{"daGas":3744,"l2Gas":2674217},"totalSizeInBytes":3744,"silentlySkippedCount":0,"silentlySkippedDurationMs":0}
[04:18:03.782] INFO: kv-store:lmdb-v2 Starting data store with maxReaders 2
[04:18:03.783] INFO: world-state:database Creating world state data store at directory /var/folders/ym/q1vh2x5n58xbsmpmvs5_6w3r0000gn/T/aztec-world-state-rqdInB/world_state with map sizes {"archiveTreeMapSizeKb":10485760,"nullifierTreeMapSizeKb":10485760,"noteHashTreeMapSizeKb":10485760,"messageTreeMapSizeKb":10485760,"publicDataTreeMapSizeKb":10485760} and 2 threads (ephemeral=true).
[04:18:03.797] INFO: txe_node Aztec Node version: txe
[04:18:03.797] INFO: txe_node Aztec Node started on chain 0x1
[04:18:03.823] INFO: txe:top_level_context Created block 1 with timestamp 1789442283
[04:18:03.866] INFO: txe:top_level_context Created block 2 with timestamp 1789442283
[04:18:03.934] INFO: simulator:public-processor Processed 1 successful txs and 0 failed txs (0 silently skipped, 0ms wasted) in 0.03901737499999581s {"blockNumber":3,"successfulCount":1,"failedCount":0,"duration":0.03901737499999581,"rate":82941253.7363251,"totalPublicGas":{"daGas":4000,"l2Gas":3236150},"totalBlockGas":{"daGas":4000,"l2Gas":3236150},"totalSizeInBytes":4128,"silentlySkippedCount":0,"silentlySkippedDurationMs":0}
[04:18:04.066] INFO: simulator:public-processor Processed 1 successful txs and 0 failed txs (0 silently skipped, 0ms wasted) in 0.015690082999994047s {"blockNumber":4,"successfulCount":1,"failedCount":0,"duration":0.015690082999994047,"rate":72694325.45388274,"totalPublicGas":{"daGas":192,"l2Gas":1140580},"totalBlockGas":{"daGas":320,"l2Gas":1731380},"totalSizeInBytes":320,"silentlySkippedCount":0,"silentlySkippedDurationMs":0}
[04:18:04.094] INFO: txe:top_level_context Created block 5 with timestamp 1789442283
[04:18:04.340] INFO: simulator:public-processor Processed 1 successful txs and 0 failed txs (0 silently skipped, 0ms wasted) in 0.004915375000011409s {"blockNumber":6,"successfulCount":1,"failedCount":0,"duration":0.004915375000011409,"rate":0,"totalPublicGas":{"daGas":0,"l2Gas":0},"totalBlockGas":{"daGas":1984,"l2Gas":529900},"totalSizeInBytes":1984,"silentlySkippedCount":0,"silentlySkippedDurationMs":0}
[04:18:04.382] INFO: txe:top_level_context Created block 7 with timestamp 1789445884
[04:18:04.777] INFO: txe:top_level_context Created block 15 with timestamp 1789453084
[04:18:04.794] INFO: simulator:public-processor Processed 1 successful txs and 0 failed txs (0 silently skipped, 0ms wasted) in 0.03525491700001294s {"blockNumber":8,"successfulCount":1,"failedCount":0,"duration":0.03525491700001294,"rate":55239585.44560707,"totalPublicGas":{"daGas":2368,"l2Gas":1947467},"totalBlockGas":{"daGas":3744,"l2Gas":2674217},"totalSizeInBytes":3744,"silentlySkippedCount":0,"silentlySkippedDurationMs":0}
[billboard_test] Testing c02::c02_second_receipt_rejects_first_receipt_history ... [0m[32mok[0m
[04:18:05.310] INFO: txe:top_level_context Created block 9 with timestamp 1789445884
[04:18:05.454] INFO: simulator:public-processor Processed 1 successful txs and 0 failed txs (0 silently skipped, 0ms wasted) in 0.00356212499999674s {"blockNumber":10,"successfulCount":1,"failedCount":0,"duration":0.00356212499999674,"rate":0,"totalPublicGas":{"daGas":0,"l2Gas":0},"totalBlockGas":{"daGas":832,"l2Gas":499700},"totalSizeInBytes":832,"silentlySkippedCount":0,"silentlySkippedDurationMs":0}
[04:18:05.744] INFO: txe:top_level_context Created block 11 with timestamp 1789449485
[04:18:06.112] INFO: simulator:public-processor Processed 1 successful txs and 0 failed txs (0 silently skipped, 0ms wasted) in 0.027614124999992783s {"blockNumber":12,"successfulCount":1,"failedCount":0,"duration":0.027614124999992783,"rate":70524305.948514,"totalPublicGas":{"daGas":2368,"l2Gas":1947467},"totalBlockGas":{"daGas":3744,"l2Gas":2674217},"totalSizeInBytes":3744,"silentlySkippedCount":0,"silentlySkippedDurationMs":0}
[04:18:07.043] INFO: simulator:public-processor Processed 1 successful txs and 0 failed txs (0 silently skipped, 0ms wasted) in 0.026618791999993847s {"blockNumber":15,"successfulCount":1,"failedCount":0,"duration":0.026618791999993847,"rate":73161359.08798754,"totalPublicGas":{"daGas":2368,"l2Gas":1947467},"totalBlockGas":{"daGas":3744,"l2Gas":2674217},"totalSizeInBytes":3744,"silentlySkippedCount":0,"silentlySkippedDurationMs":0}
[04:18:07.137] INFO: kv-store:lmdb-v2 Starting data store with maxReaders 2
[04:18:07.140] INFO: world-state:database Creating world state data store at directory /var/folders/ym/q1vh2x5n58xbsmpmvs5_6w3r0000gn/T/aztec-world-state-GbyJCs/world_state with map sizes {"archiveTreeMapSizeKb":10485760,"nullifierTreeMapSizeKb":10485760,"noteHashTreeMapSizeKb":10485760,"messageTreeMapSizeKb":10485760,"publicDataTreeMapSizeKb":10485760} and 2 threads (ephemeral=true).
[04:18:07.157] INFO: txe_node Aztec Node version: txe
[04:18:07.157] INFO: txe_node Aztec Node started on chain 0x1
[04:18:07.173] INFO: txe:top_level_context Created block 1 with timestamp 1789442287
[04:18:07.222] INFO: txe:top_level_context Created block 2 with timestamp 1789442287
[04:18:07.295] INFO: simulator:public-processor Processed 1 successful txs and 0 failed txs (0 silently skipped, 0ms wasted) in 0.04130208299998776s {"blockNumber":3,"successfulCount":1,"failedCount":0,"duration":0.04130208299998776,"rate":78353191.04852311,"totalPublicGas":{"daGas":4000,"l2Gas":3236150},"totalBlockGas":{"daGas":4000,"l2Gas":3236150},"totalSizeInBytes":4128,"silentlySkippedCount":0,"silentlySkippedDurationMs":0}
[04:18:07.436] INFO: simulator:public-processor Processed 1 successful txs and 0 failed txs (0 silently skipped, 0ms wasted) in 0.018245790999993915s {"blockNumber":4,"successfulCount":1,"failedCount":0,"duration":0.018245790999993915,"rate":62511951.386507735,"totalPublicGas":{"daGas":192,"l2Gas":1140580},"totalBlockGas":{"daGas":320,"l2Gas":1731380},"totalSizeInBytes":320,"silentlySkippedCount":0,"silentlySkippedDurationMs":0}
[04:18:07.460] INFO: txe:top_level_context Created block 16 with timestamp 1789453086
[04:18:07.464] INFO: txe:top_level_context Created block 5 with timestamp 1789442287
[04:18:07.907] INFO: simulator:public-processor Processed 1 successful txs and 0 failed txs (0 silently skipped, 0ms wasted) in 0.004952124999981607s {"blockNumber":6,"successfulCount":1,"failedCount":0,"duration":0.004952124999981607,"rate":0,"totalPublicGas":{"daGas":0,"l2Gas":0},"totalBlockGas":{"daGas":1984,"l2Gas":529900},"totalSizeInBytes":1984,"silentlySkippedCount":0,"silentlySkippedDurationMs":0}
[04:18:07.913] INFO: simulator:public-processor Processed 1 successful txs and 0 failed txs (0 silently skipped, 0ms wasted) in 0.029858833000005688s {"blockNumber":17,"successfulCount":1,"failedCount":0,"duration":0.029858833000005688,"rate":65222475.3726855,"totalPublicGas":{"daGas":2368,"l2Gas":1947467},"totalBlockGas":{"daGas":3744,"l2Gas":2674217},"totalSizeInBytes":3744,"silentlySkippedCount":0,"silentlySkippedDurationMs":0}
[04:18:07.960] INFO: txe:top_level_context Created block 7 with timestamp 1789444088
[04:18:08.455] INFO: simulator:public-processor Processed 1 successful txs and 0 failed txs (0 silently skipped, 0ms wasted) in 0.028127999999996975s {"blockNumber":8,"successfulCount":1,"failedCount":0,"duration":0.028127999999996975,"rate":69235885.94995056,"totalPublicGas":{"daGas":2368,"l2Gas":1947467},"totalBlockGas":{"daGas":3744,"l2Gas":2674217},"totalSizeInBytes":3744,"silentlySkippedCount":0,"silentlySkippedDurationMs":0}
[billboard_test] Testing c02::c02_two_authentic_receipts_screen_only_their_own_history ... [0m[32mok[0m
[04:18:08.778] INFO: txe:top_level_context Created block 9 with timestamp 1789445887
[04:18:09.143] INFO: simulator:public-processor Processed 1 successful txs and 0 failed txs (0 silently skipped, 0ms wasted) in 0.026607041000010212s {"blockNumber":10,"successfulCount":1,"failedCount":0,"duration":0.026607041000010212,"rate":73193670.8031251,"totalPublicGas":{"daGas":2368,"l2Gas":1947467},"totalBlockGas":{"daGas":3744,"l2Gas":2674217},"totalSizeInBytes":3744,"silentlySkippedCount":0,"silentlySkippedDurationMs":0}
[04:18:09.490] INFO: txe:top_level_context Created block 13 with timestamp 1789447687
[04:18:09.864] INFO: simulator:public-processor Processed 1 successful txs and 0 failed txs (0 silently skipped, 0ms wasted) in 0.02665716699999757s {"blockNumber":14,"successfulCount":1,"failedCount":0,"duration":0.02665716699999757,"rate":73056037.80027252,"totalPublicGas":{"daGas":2368,"l2Gas":1947467},"totalBlockGas":{"daGas":3744,"l2Gas":2674217},"totalSizeInBytes":3744,"silentlySkippedCount":0,"silentlySkippedDurationMs":0}
[billboard_test] Testing c02::c02_valid_young_pair_remains_unscreened ... [0m[32mok[0m
[04:18:10.542] INFO: kv-store:lmdb-v2 Starting data store with maxReaders 2
[04:18:10.542] INFO: world-state:database Creating world state data store at directory /var/folders/ym/q1vh2x5n58xbsmpmvs5_6w3r0000gn/T/aztec-world-state-3UFkHs/world_state with map sizes {"archiveTreeMapSizeKb":10485760,"nullifierTreeMapSizeKb":10485760,"noteHashTreeMapSizeKb":10485760,"messageTreeMapSizeKb":10485760,"publicDataTreeMapSizeKb":10485760} and 2 threads (ephemeral=true).
[04:18:10.551] INFO: txe_node Aztec Node version: txe
[04:18:10.551] INFO: txe_node Aztec Node started on chain 0x1
[04:18:10.563] INFO: txe:top_level_context Created block 1 with timestamp 1789442290
[04:18:10.599] INFO: txe:top_level_context Created block 2 with timestamp 1789442290
[04:18:10.667] INFO: simulator:public-processor Processed 1 successful txs and 0 failed txs (0 silently skipped, 0ms wasted) in 0.04051529199999641s {"blockNumber":3,"successfulCount":1,"failedCount":0,"duration":0.04051529199999641,"rate":79874779.1327849,"totalPublicGas":{"daGas":4000,"l2Gas":3236150},"totalBlockGas":{"daGas":4000,"l2Gas":3236150},"totalSizeInBytes":4128,"silentlySkippedCount":0,"silentlySkippedDurationMs":0}
[04:18:10.778] INFO: simulator:public-processor Processed 1 successful txs and 0 failed txs (0 silently skipped, 0ms wasted) in 0.013554624999989755s {"blockNumber":4,"successfulCount":1,"failedCount":0,"duration":0.013554624999989755,"rate":84146924.02046254,"totalPublicGas":{"daGas":192,"l2Gas":1140580},"totalBlockGas":{"daGas":320,"l2Gas":1731380},"totalSizeInBytes":320,"silentlySkippedCount":0,"silentlySkippedDurationMs":0}
[04:18:10.805] INFO: txe:top_level_context Created block 5 with timestamp 1789442290
[04:18:10.954] INFO: simulator:public-processor Processed 1 successful txs and 0 failed txs (0 silently skipped, 0ms wasted) in 0.003735207999998238s {"blockNumber":6,"successfulCount":1,"failedCount":0,"duration":0.003735207999998238,"rate":0,"totalPublicGas":{"daGas":0,"l2Gas":0},"totalBlockGas":{"daGas":1984,"l2Gas":529900},"totalSizeInBytes":1984,"silentlySkippedCount":0,"silentlySkippedDurationMs":0}
[04:18:10.983] INFO: txe:top_level_context Created block 7 with timestamp 1789445891
[04:18:11.368] INFO: simulator:public-processor Processed 1 successful txs and 0 failed txs (0 silently skipped, 0ms wasted) in 0.027914208000001963s {"blockNumber":8,"successfulCount":1,"failedCount":0,"duration":0.027914208000001963,"rate":69766156.36022569,"totalPublicGas":{"daGas":2368,"l2Gas":1947467},"totalBlockGas":{"daGas":3744,"l2Gas":2674217},"totalSizeInBytes":3744,"silentlySkippedCount":0,"silentlySkippedDurationMs":0}
[04:18:11.662] INFO: txe:top_level_context Created block 9 with timestamp 1789449492
[04:18:12.010] INFO: simulator:public-processor Processed 1 successful txs and 0 failed txs (0 silently skipped, 0ms wasted) in 0.003738375000015367s {"blockNumber":10,"successfulCount":1,"failedCount":0,"duration":0.003738375000015367,"rate":0,"totalPublicGas":{"daGas":0,"l2Gas":0},"totalBlockGas":{"daGas":1440,"l2Gas":527400},"totalSizeInBytes":1440,"silentlySkippedCount":0,"silentlySkippedDurationMs":0}
[04:18:12.120] INFO: kv-store:lmdb-v2 Starting data store with maxReaders 2
[04:18:12.121] INFO: world-state:database Creating world state data store at directory /var/folders/ym/q1vh2x5n58xbsmpmvs5_6w3r0000gn/T/aztec-world-state-kNpXK3/world_state with map sizes {"archiveTreeMapSizeKb":10485760,"nullifierTreeMapSizeKb":10485760,"noteHashTreeMapSizeKb":10485760,"messageTreeMapSizeKb":10485760,"publicDataTreeMapSizeKb":10485760} and 2 threads (ephemeral=true).
[04:18:12.134] INFO: txe_node Aztec Node version: txe
[04:18:12.134] INFO: txe_node Aztec Node started on chain 0x1
[04:18:12.146] INFO: txe:top_level_context Created block 1 with timestamp 1789442292
[04:18:12.186] INFO: txe:top_level_context Created block 2 with timestamp 1789442292
[04:18:12.268] INFO: simulator:public-processor Processed 1 successful txs and 0 failed txs (0 silently skipped, 0ms wasted) in 0.04391683399997419s {"blockNumber":3,"successfulCount":1,"failedCount":0,"duration":0.04391683399997419,"rate":73688144.2774746,"totalPublicGas":{"daGas":4000,"l2Gas":3236150},"totalBlockGas":{"daGas":4000,"l2Gas":3236150},"totalSizeInBytes":4128,"silentlySkippedCount":0,"silentlySkippedDurationMs":0}
[04:18:12.397] INFO: txe:top_level_context Created block 11 with timestamp 1789453091
[04:18:12.419] INFO: simulator:public-processor Processed 1 successful txs and 0 failed txs (0 silently skipped, 0ms wasted) in 0.02264208300001337s {"blockNumber":4,"successfulCount":1,"failedCount":0,"duration":0.02264208300001337,"rate":50374340.55865472,"totalPublicGas":{"daGas":192,"l2Gas":1140580},"totalBlockGas":{"daGas":320,"l2Gas":1731380},"totalSizeInBytes":320,"silentlySkippedCount":0,"silentlySkippedDurationMs":0}
[04:18:12.453] INFO: txe:top_level_context Created block 5 with timestamp 1789442292
[04:18:12.550] INFO: simulator:public-processor Processed 1 successful txs and 0 failed txs (0 silently skipped, 0ms wasted) in 0.005819874999986496s {"blockNumber":12,"successfulCount":1,"failedCount":0,"duration":0.005819874999986496,"rate":0,"totalPublicGas":{"daGas":0,"l2Gas":0},"totalBlockGas":{"daGas":256,"l2Gas":477200},"totalSizeInBytes":256,"silentlySkippedCount":0,"silentlySkippedDurationMs":0}
[04:18:12.738] INFO: simulator:public-processor Processed 1 successful txs and 0 failed txs (0 silently skipped, 0ms wasted) in 0.003987332999997307s {"blockNumber":6,"successfulCount":1,"failedCount":0,"duration":0.003987332999997307,"rate":0,"totalPublicGas":{"daGas":0,"l2Gas":0},"totalBlockGas":{"daGas":1984,"l2Gas":529900},"totalSizeInBytes":1984,"silentlySkippedCount":0,"silentlySkippedDurationMs":0}
[04:18:12.768] INFO: txe:top_level_context Created block 7 with timestamp 1789444093
[04:18:13.202] INFO: simulator:public-processor Processed 1 successful txs and 0 failed txs (0 silently skipped, 0ms wasted) in 0.031670083000004526s {"blockNumber":8,"successfulCount":1,"failedCount":0,"duration":0.031670083000004526,"rate":61492323.84391672,"totalPublicGas":{"daGas":2368,"l2Gas":1947467},"totalBlockGas":{"daGas":3744,"l2Gas":2674217},"totalSizeInBytes":3744,"silentlySkippedCount":0,"silentlySkippedDurationMs":0}
[04:18:13.216] INFO: txe:top_level_context Created block 14 with timestamp 1789453091
[04:18:13.445] INFO: simulator:public-processor Processed 1 successful txs and 0 failed txs (0 silently skipped, 0ms wasted) in 0.003990917000017362s {"blockNumber":15,"successfulCount":1,"failedCount":0,"duration":0.003990917000017362,"rate":0,"totalPublicGas":{"daGas":0,"l2Gas":0},"totalBlockGas":{"daGas":832,"l2Gas":499700},"totalSizeInBytes":832,"silentlySkippedCount":0,"silentlySkippedDurationMs":0}
[04:18:13.728] INFO: txe:top_level_context Created block 9 with timestamp 1789445892
[04:18:14.013] INFO: txe:top_level_context Created block 16 with timestamp 1789456692
[04:18:14.151] INFO: simulator:public-processor Processed 1 successful txs and 0 failed txs (0 silently skipped, 0ms wasted) in 0.027103834000008646s {"blockNumber":10,"successfulCount":1,"failedCount":0,"duration":0.027103834000008646,"rate":71852085.57576683,"totalPublicGas":{"daGas":2368,"l2Gas":1947467},"totalBlockGas":{"daGas":3744,"l2Gas":2674217},"totalSizeInBytes":3744,"silentlySkippedCount":0,"silentlySkippedDurationMs":0}
[04:18:14.546] INFO: simulator:public-processor Processed 1 successful txs and 0 failed txs (0 silently skipped, 0ms wasted) in 0.028177665999974125s {"blockNumber":17,"successfulCount":1,"failedCount":0,"duration":0.028177665999974125,"rate":69113850.6646288,"totalPublicGas":{"daGas":2368,"l2Gas":1947467},"totalBlockGas":{"daGas":3744,"l2Gas":2674217},"totalSizeInBytes":3744,"silentlySkippedCount":0,"silentlySkippedDurationMs":0}
[04:18:14.908] INFO: txe:top_level_context Created block 14 with timestamp 1789447692
[billboard_test] Testing c02::c02_young_child_does_not_hide_wrong_owner_second_hint ... [0m[32mok[0m
[billboard_test] Testing c02::c02_withdrawn_cycle_included_history_cannot_screen_new_receipt ... [0m[32mok[0m
[04:18:15.496] INFO: txe:top_level_context Created block 20 with timestamp 1789460293
[04:18:17.325] INFO: kv-store:lmdb-v2 Starting data store with maxReaders 2
[04:18:17.326] INFO: world-state:database Creating world state data store at directory /var/folders/ym/q1vh2x5n58xbsmpmvs5_6w3r0000gn/T/aztec-world-state-NhVtae/world_state with map sizes {"archiveTreeMapSizeKb":10485760,"nullifierTreeMapSizeKb":10485760,"noteHashTreeMapSizeKb":10485760,"messageTreeMapSizeKb":10485760,"publicDataTreeMapSizeKb":10485760} and 2 threads (ephemeral=true).
[04:18:17.334] INFO: txe_node Aztec Node version: txe
[04:18:17.334] INFO: txe_node Aztec Node started on chain 0x1
[04:18:17.346] INFO: txe:top_level_context Created block 1 with timestamp 1789442297
[04:18:17.382] INFO: txe:top_level_context Created block 2 with timestamp 1789442297
[04:18:17.447] INFO: simulator:public-processor Processed 1 successful txs and 0 failed txs (0 silently skipped, 0ms wasted) in 0.03701820900000166s {"blockNumber":3,"successfulCount":1,"failedCount":0,"duration":0.03701820900000166,"rate":87420490.81844707,"totalPublicGas":{"daGas":4000,"l2Gas":3236150},"totalBlockGas":{"daGas":4000,"l2Gas":3236150},"totalSizeInBytes":4128,"silentlySkippedCount":0,"silentlySkippedDurationMs":0}
[04:18:17.559] INFO: simulator:public-processor Processed 1 successful txs and 0 failed txs (0 silently skipped, 0ms wasted) in 0.013190333000005921s {"blockNumber":4,"successfulCount":1,"failedCount":0,"duration":0.013190333000005921,"rate":86470902.59203373,"totalPublicGas":{"daGas":192,"l2Gas":1140580},"totalBlockGas":{"daGas":320,"l2Gas":1731380},"totalSizeInBytes":320,"silentlySkippedCount":0,"silentlySkippedDurationMs":0}
[04:18:17.586] INFO: txe:top_level_context Created block 5 with timestamp 1789442297
[04:18:17.688] INFO: kv-store:lmdb-v2 Starting data store with maxReaders 2
[04:18:17.695] INFO: world-state:database Creating world state data store at directory /var/folders/ym/q1vh2x5n58xbsmpmvs5_6w3r0000gn/T/aztec-world-state-rwEIqC/world_state with map sizes {"archiveTreeMapSizeKb":10485760,"nullifierTreeMapSizeKb":10485760,"noteHashTreeMapSizeKb":10485760,"messageTreeMapSizeKb":10485760,"publicDataTreeMapSizeKb":10485760} and 2 threads (ephemeral=true).
[04:18:17.704] INFO: txe_node Aztec Node version: txe
[04:18:17.704] INFO: txe_node Aztec Node started on chain 0x1
[04:18:17.721] INFO: txe:top_level_context Created block 1 with timestamp 1789442297
[04:18:17.748] INFO: simulator:public-processor Processed 1 successful txs and 0 failed txs (0 silently skipped, 0ms wasted) in 0.00576270900000236s {"blockNumber":6,"successfulCount":1,"failedCount":0,"duration":0.00576270900000236,"rate":0,"totalPublicGas":{"daGas":0,"l2Gas":0},"totalBlockGas":{"daGas":1984,"l2Gas":529900},"totalSizeInBytes":1984,"silentlySkippedCount":0,"silentlySkippedDurationMs":0}
[04:18:17.767] INFO: txe:top_level_context Created block 2 with timestamp 1789442297
[04:18:17.779] INFO: txe:top_level_context Created block 7 with timestamp 1789444098
[04:18:17.851] INFO: simulator:public-processor Processed 1 successful txs and 0 failed txs (0 silently skipped, 0ms wasted) in 0.054766625000018394s {"blockNumber":3,"successfulCount":1,"failedCount":0,"duration":0.054766625000018394,"rate":59089819.75790754,"totalPublicGas":{"daGas":4000,"l2Gas":3236150},"totalBlockGas":{"daGas":4000,"l2Gas":3236150},"totalSizeInBytes":4128,"silentlySkippedCount":0,"silentlySkippedDurationMs":0}
[04:18:18.201] INFO: simulator:public-processor Processed 1 successful txs and 0 failed txs (0 silently skipped, 0ms wasted) in 0.027811833000014302s {"blockNumber":8,"successfulCount":1,"failedCount":0,"duration":0.027811833000014302,"rate":70022964.68553506,"totalPublicGas":{"daGas":2368,"l2Gas":1947467},"totalBlockGas":{"daGas":3744,"l2Gas":2674217},"totalSizeInBytes":3744,"silentlySkippedCount":0,"silentlySkippedDurationMs":0}
[04:18:18.219] INFO: simulator:public-processor Processed 1 successful txs and 0 failed txs (0 silently skipped, 0ms wasted) in 0.014065875000000233s {"blockNumber":4,"successfulCount":1,"failedCount":0,"duration":0.014065875000000233,"rate":81088449.88313782,"totalPublicGas":{"daGas":192,"l2Gas":1140580},"totalBlockGas":{"daGas":320,"l2Gas":1731380},"totalSizeInBytes":320,"silentlySkippedCount":0,"silentlySkippedDurationMs":0}
[04:18:18.283] INFO: txe:top_level_context Created block 5 with timestamp 1789442297
[04:18:18.515] INFO: simulator:public-processor Processed 1 successful txs and 0 failed txs (0 silently skipped, 0ms wasted) in 0.0038106670000124724s {"blockNumber":6,"successfulCount":1,"failedCount":0,"duration":0.0038106670000124724,"rate":0,"totalPublicGas":{"daGas":0,"l2Gas":0},"totalBlockGas":{"daGas":1984,"l2Gas":529900},"totalSizeInBytes":1984,"silentlySkippedCount":0,"silentlySkippedDurationMs":0}
[04:18:18.547] INFO: txe:top_level_context Created block 7 with timestamp 1789445898
[04:18:18.629] INFO: txe:top_level_context Created block 9 with timestamp 1789445897
[04:18:18.975] INFO: simulator:public-processor Processed 1 successful txs and 0 failed txs (0 silently skipped, 0ms wasted) in 0.0042970419999910515s {"blockNumber":8,"successfulCount":1,"failedCount":0,"duration":0.0042970419999910515,"rate":0,"totalPublicGas":{"daGas":0,"l2Gas":0},"totalBlockGas":{"daGas":1440,"l2Gas":527400},"totalSizeInBytes":1440,"silentlySkippedCount":0,"silentlySkippedDurationMs":0}
[04:18:19.179] INFO: simulator:public-processor Processed 1 successful txs and 0 failed txs (0 silently skipped, 0ms wasted) in 0.014482041999988723s {"blockNumber":9,"successfulCount":1,"failedCount":0,"duration":0.014482041999988723,"rate":609444.4416061542,"totalPublicGas":{"daGas":0,"l2Gas":8826},"totalBlockGas":{"daGas":0,"l2Gas":8826},"totalSizeInBytes":128,"silentlySkippedCount":0,"silentlySkippedDurationMs":0}
[04:18:19.248] INFO: simulator:public-processor Processed 1 successful txs and 0 failed txs (0 silently skipped, 0ms wasted) in 0.058333582999999634s {"blockNumber":9,"successfulCount":1,"failedCount":0,"duration":0.058333582999999634,"rate":177067.81357833042,"totalPublicGas":{"daGas":0,"l2Gas":10329},"totalBlockGas":{"daGas":0,"l2Gas":10329},"totalSizeInBytes":128,"silentlySkippedCount":0,"silentlySkippedDurationMs":0}
[04:18:19.297] INFO: simulator:public-processor Processed 1 successful txs and 0 failed txs (0 silently skipped, 0ms wasted) in 0.02833608300000196s {"blockNumber":10,"successfulCount":1,"failedCount":0,"duration":0.02833608300000196,"rate":0,"totalPublicGas":{"daGas":0,"l2Gas":0},"totalBlockGas":{"daGas":1440,"l2Gas":527400},"totalSizeInBytes":1440,"silentlySkippedCount":0,"silentlySkippedDurationMs":0}
[04:18:19.712] INFO: txe:top_level_context Created block 9 with timestamp 1789449498
[04:18:19.990] INFO: txe:top_level_context Created block 13 with timestamp 1789447697
[04:18:20.135] INFO: simulator:public-processor Processed 1 successful txs and 0 failed txs (0 silently skipped, 0ms wasted) in 0.027314125000004425s {"blockNumber":10,"successfulCount":1,"failedCount":0,"duration":0.027314125000004425,"rate":71298897.54841806,"totalPublicGas":{"daGas":2368,"l2Gas":1947467},"totalBlockGas":{"daGas":3744,"l2Gas":2674217},"totalSizeInBytes":3744,"silentlySkippedCount":0,"silentlySkippedDurationMs":0}
[04:18:20.344] INFO: simulator:public-processor Processed 1 successful txs and 0 failed txs (0 silently skipped, 0ms wasted) in 0.01477499999999418s {"blockNumber":11,"successfulCount":1,"failedCount":0,"duration":0.01477499999999418,"rate":597360.4060916059,"totalPublicGas":{"daGas":0,"l2Gas":8826},"totalBlockGas":{"daGas":0,"l2Gas":8826},"totalSizeInBytes":128,"silentlySkippedCount":0,"silentlySkippedDurationMs":0}
[04:18:20.410] INFO: simulator:public-processor Processed 1 successful txs and 0 failed txs (0 silently skipped, 0ms wasted) in 0.05200600000002305s {"blockNumber":11,"successfulCount":1,"failedCount":0,"duration":0.05200600000002305,"rate":222493.55843546652,"totalPublicGas":{"daGas":0,"l2Gas":11571},"totalBlockGas":{"daGas":0,"l2Gas":11571},"totalSizeInBytes":128,"silentlySkippedCount":0,"silentlySkippedDurationMs":0}
[04:18:20.483] INFO: simulator:public-processor Processed 1 successful txs and 0 failed txs (0 silently skipped, 0ms wasted) in 0.04954887500000768s {"blockNumber":14,"successfulCount":1,"failedCount":0,"duration":0.04954887500000768,"rate":39303959.97890362,"totalPublicGas":{"daGas":2368,"l2Gas":1947467},"totalBlockGas":{"daGas":3744,"l2Gas":2674217},"totalSizeInBytes":3744,"silentlySkippedCount":0,"silentlySkippedDurationMs":0}
[billboard_test] Testing c03::c03_dummy_is_private_and_first_real_post_still_gets_order_zero ... [0m[32mok[0m
[billboard_test] Testing c02::c02_young_real_child_blocks_mature_dummy_grandchild ... [0m[32mok[0m
[billboard_test] Testing c03::c03_public_publication_rejects_nonself_caller ... [0m[32mok[0m
[billboard_test] Testing c03::c03_dummy_rejects_hidden_content ... [0m[32mok[0m
[04:18:22.764] INFO: kv-store:lmdb-v2 Starting data store with maxReaders 2
[04:18:22.765] INFO: world-state:database Creating world state data store at directory /var/folders/ym/q1vh2x5n58xbsmpmvs5_6w3r0000gn/T/aztec-world-state-ZnOYAc/world_state with map sizes {"archiveTreeMapSizeKb":10485760,"nullifierTreeMapSizeKb":10485760,"noteHashTreeMapSizeKb":10485760,"messageTreeMapSizeKb":10485760,"publicDataTreeMapSizeKb":10485760} and 2 threads (ephemeral=true).
[04:18:22.774] INFO: txe_node Aztec Node version: txe
[04:18:22.774] INFO: txe_node Aztec Node started on chain 0x1
[04:18:22.786] INFO: txe:top_level_context Created block 1 with timestamp 1789442302
[04:18:22.794] INFO: kv-store:lmdb-v2 Starting data store with maxReaders 2
[04:18:22.795] INFO: world-state:database Creating world state data store at directory /var/folders/ym/q1vh2x5n58xbsmpmvs5_6w3r0000gn/T/aztec-world-state-kiy1Yb/world_state with map sizes {"archiveTreeMapSizeKb":10485760,"nullifierTreeMapSizeKb":10485760,"noteHashTreeMapSizeKb":10485760,"messageTreeMapSizeKb":10485760,"publicDataTreeMapSizeKb":10485760} and 2 threads (ephemeral=true).
[04:18:22.805] INFO: txe_node Aztec Node version: txe
[04:18:22.805] INFO: txe_node Aztec Node started on chain 0x1
[04:18:22.818] INFO: txe:top_level_context Created block 1 with timestamp 1789442302
[04:18:22.832] INFO: txe:top_level_context Created block 2 with timestamp 1789442302
[04:18:22.877] INFO: txe:top_level_context Created block 2 with timestamp 1789442302
[04:18:22.903] INFO: simulator:public-processor Processed 1 successful txs and 0 failed txs (0 silently skipped, 0ms wasted) in 0.038082792000001066s {"blockNumber":3,"successfulCount":1,"failedCount":0,"duration":0.038082792000001066,"rate":84976700.23773229,"totalPublicGas":{"daGas":4000,"l2Gas":3236150},"totalBlockGas":{"daGas":4000,"l2Gas":3236150},"totalSizeInBytes":4128,"silentlySkippedCount":0,"silentlySkippedDurationMs":0}
[04:18:22.935] INFO: simulator:public-processor Processed 1 successful txs and 0 failed txs (0 silently skipped, 0ms wasted) in 0.0047089580000028945s {"blockNumber":4,"successfulCount":1,"failedCount":0,"duration":0.0047089580000028945,"rate":5893660.550801884,"totalPublicGas":{"daGas":0,"l2Gas":27753},"totalBlockGas":{"daGas":0,"l2Gas":27753},"totalSizeInBytes":128,"silentlySkippedCount":0,"silentlySkippedDurationMs":0}
[04:18:22.937] WARN: txe:top_level_context Could not find function artifact in contract Billboard for function '0xdcbccbbf' when enriching error callstack
[04:18:22.945] INFO: simulator:public-processor Processed 1 successful txs and 0 failed txs (0 silently skipped, 0ms wasted) in 0.03921074999999837s {"blockNumber":3,"successfulCount":1,"failedCount":0,"duration":0.03921074999999837,"rate":82532213.74240825,"totalPublicGas":{"daGas":4000,"l2Gas":3236150},"totalBlockGas":{"daGas":4000,"l2Gas":3236150},"totalSizeInBytes":4128,"silentlySkippedCount":0,"silentlySkippedDurationMs":0}
[04:18:23.068] INFO: simulator:public-processor Processed 1 successful txs and 0 failed txs (0 silently skipped, 0ms wasted) in 0.014702292000001761s {"blockNumber":4,"successfulCount":1,"failedCount":0,"duration":0.014702292000001761,"rate":77578380.29606971,"totalPublicGas":{"daGas":192,"l2Gas":1140580},"totalBlockGas":{"daGas":320,"l2Gas":1731380},"totalSizeInBytes":320,"silentlySkippedCount":0,"silentlySkippedDurationMs":0}
[04:18:23.096] INFO: txe:top_level_context Created block 5 with timestamp 1789442302
[04:18:23.248] INFO: simulator:public-processor Processed 1 successful txs and 0 failed txs (0 silently skipped, 0ms wasted) in 0.003650792000000365s {"blockNumber":6,"successfulCount":1,"failedCount":0,"duration":0.003650792000000365,"rate":0,"totalPublicGas":{"daGas":0,"l2Gas":0},"totalBlockGas":{"daGas":1984,"l2Gas":529900},"totalSizeInBytes":1984,"silentlySkippedCount":0,"silentlySkippedDurationMs":0}
[04:18:23.278] INFO: txe:top_level_context Created block 7 with timestamp 1789445903
[billboard_test] Testing c03::c03_public_publication_rejects_zero_id ... [0m[32mok[0m
[04:18:24.784] INFO: kv-store:lmdb-v2 Starting data store with maxReaders 2
[04:18:24.784] INFO: world-state:database Creating world state data store at directory /var/folders/ym/q1vh2x5n58xbsmpmvs5_6w3r0000gn/T/aztec-world-state-KjhZZP/world_state with map sizes {"archiveTreeMapSizeKb":10485760,"nullifierTreeMapSizeKb":10485760,"noteHashTreeMapSizeKb":10485760,"messageTreeMapSizeKb":10485760,"publicDataTreeMapSizeKb":10485760} and 2 threads (ephemeral=true).
[04:18:24.794] INFO: txe_node Aztec Node version: txe
[04:18:24.794] INFO: txe_node Aztec Node started on chain 0x1
[04:18:24.806] INFO: txe:top_level_context Created block 1 with timestamp 1789442304
[04:18:24.841] INFO: txe:top_level_context Created block 2 with timestamp 1789442304
[04:18:24.906] INFO: simulator:public-processor Processed 1 successful txs and 0 failed txs (0 silently skipped, 0ms wasted) in 0.037085415999987166s {"blockNumber":3,"successfulCount":1,"failedCount":0,"duration":0.037085415999987166,"rate":87262065.49769107,"totalPublicGas":{"daGas":4000,"l2Gas":3236150},"totalBlockGas":{"daGas":4000,"l2Gas":3236150},"totalSizeInBytes":4128,"silentlySkippedCount":0,"silentlySkippedDurationMs":0}
[04:18:24.935] INFO: simulator:public-processor Processed 1 successful txs and 0 failed txs (0 silently skipped, 0ms wasted) in 0.004323792000010144s {"blockNumber":4,"successfulCount":1,"failedCount":0,"duration":0.004323792000010144,"rate":6431854.261244472,"totalPublicGas":{"daGas":0,"l2Gas":27810},"totalBlockGas":{"daGas":0,"l2Gas":27810},"totalSizeInBytes":128,"silentlySkippedCount":0,"silentlySkippedDurationMs":0}
[04:18:24.937] WARN: txe:top_level_context Could not find function artifact in contract Billboard for function '0xdcbccbbf' when enriching error callstack
[04:18:25.370] INFO: kv-store:lmdb-v2 Starting data store with maxReaders 2
[04:18:25.371] INFO: world-state:database Creating world state data store at directory /var/folders/ym/q1vh2x5n58xbsmpmvs5_6w3r0000gn/T/aztec-world-state-GbReJ3/world_state with map sizes {"archiveTreeMapSizeKb":10485760,"nullifierTreeMapSizeKb":10485760,"noteHashTreeMapSizeKb":10485760,"messageTreeMapSizeKb":10485760,"publicDataTreeMapSizeKb":10485760} and 2 threads (ephemeral=true).
[04:18:25.380] INFO: txe_node Aztec Node version: txe
[04:18:25.380] INFO: txe_node Aztec Node started on chain 0x1
[04:18:25.391] INFO: txe:top_level_context Created block 1 with timestamp 1789442305
[04:18:25.428] INFO: txe:top_level_context Created block 2 with timestamp 1789442305
[04:18:25.494] INFO: simulator:public-processor Processed 1 successful txs and 0 failed txs (0 silently skipped, 0ms wasted) in 0.03714708400002564s {"blockNumber":3,"successfulCount":1,"failedCount":0,"duration":0.03714708400002564,"rate":87117201.44703057,"totalPublicGas":{"daGas":4000,"l2Gas":3236150},"totalBlockGas":{"daGas":4000,"l2Gas":3236150},"totalSizeInBytes":4128,"silentlySkippedCount":0,"silentlySkippedDurationMs":0}
[04:18:25.609] INFO: simulator:public-processor Processed 1 successful txs and 0 failed txs (0 silently skipped, 0ms wasted) in 0.014049874999996973s {"blockNumber":4,"successfulCount":1,"failedCount":0,"duration":0.014049874999996973,"rate":81180793.42344652,"totalPublicGas":{"daGas":192,"l2Gas":1140580},"totalBlockGas":{"daGas":320,"l2Gas":1731380},"totalSizeInBytes":320,"silentlySkippedCount":0,"silentlySkippedDurationMs":0}
[04:18:25.636] INFO: txe:top_level_context Created block 5 with timestamp 1789442305
[04:18:25.780] INFO: simulator:public-processor Processed 1 successful txs and 0 failed txs (0 silently skipped, 0ms wasted) in 0.003928167000005488s {"blockNumber":6,"successfulCount":1,"failedCount":0,"duration":0.003928167000005488,"rate":0,"totalPublicGas":{"daGas":0,"l2Gas":0},"totalBlockGas":{"daGas":1984,"l2Gas":529900},"totalSizeInBytes":1984,"silentlySkippedCount":0,"silentlySkippedDurationMs":0}
[04:18:25.809] INFO: txe:top_level_context Created block 7 with timestamp 1789445906
[billboard_test] Testing c03::c03_real_post_rejects_hidden_message_suffix ... [0m[32mok[0m
[04:18:26.778] INFO: kv-store:lmdb-v2 Starting data store with maxReaders 2
[04:18:26.779] INFO: world-state:database Creating world state data store at directory /var/folders/ym/q1vh2x5n58xbsmpmvs5_6w3r0000gn/T/aztec-world-state-l2uGPk/world_state with map sizes {"archiveTreeMapSizeKb":10485760,"nullifierTreeMapSizeKb":10485760,"noteHashTreeMapSizeKb":10485760,"messageTreeMapSizeKb":10485760,"publicDataTreeMapSizeKb":10485760} and 2 threads (ephemeral=true).
[04:18:26.788] INFO: txe_node Aztec Node version: txe
[04:18:26.788] INFO: txe_node Aztec Node started on chain 0x1
[04:18:26.800] INFO: txe:top_level_context Created block 1 with timestamp 1789442306
[04:18:26.838] INFO: txe:top_level_context Created block 2 with timestamp 1789442306
[04:18:26.910] INFO: simulator:public-processor Processed 1 successful txs and 0 failed txs (0 silently skipped, 0ms wasted) in 0.03697883400000865s {"blockNumber":3,"successfulCount":1,"failedCount":0,"duration":0.03697883400000865,"rate":87513576.00943403,"totalPublicGas":{"daGas":4000,"l2Gas":3236150},"totalBlockGas":{"daGas":4000,"l2Gas":3236150},"totalSizeInBytes":4128,"silentlySkippedCount":0,"silentlySkippedDurationMs":0}
[04:18:27.017] INFO: simulator:public-processor Processed 1 successful txs and 0 failed txs (0 silently skipped, 0ms wasted) in 0.013169792000000598s {"blockNumber":4,"successfulCount":1,"failedCount":0,"duration":0.013169792000000598,"rate":86605771.75402226,"totalPublicGas":{"daGas":192,"l2Gas":1140580},"totalBlockGas":{"daGas":320,"l2Gas":1731380},"totalSizeInBytes":320,"silentlySkippedCount":0,"silentlySkippedDurationMs":0}
[04:18:27.045] INFO: txe:top_level_context Created block 5 with timestamp 1789442306
[04:18:27.195] INFO: simulator:public-processor Processed 1 successful txs and 0 failed txs (0 silently skipped, 0ms wasted) in 0.004486917000001995s {"blockNumber":6,"successfulCount":1,"failedCount":0,"duration":0.004486917000001995,"rate":0,"totalPublicGas":{"daGas":0,"l2Gas":0},"totalBlockGas":{"daGas":1984,"l2Gas":529900},"totalSizeInBytes":1984,"silentlySkippedCount":0,"silentlySkippedDurationMs":0}
[04:18:27.222] INFO: txe:top_level_context Created block 7 with timestamp 1789445907
[billboard_test] Testing c03::c03_real_post_rejects_zero_nonce ... [0m[32mok[0m
[04:18:27.906] INFO: kv-store:lmdb-v2 Starting data store with maxReaders 2
[04:18:27.906] INFO: world-state:database Creating world state data store at directory /var/folders/ym/q1vh2x5n58xbsmpmvs5_6w3r0000gn/T/aztec-world-state-Au9aiA/world_state with map sizes {"archiveTreeMapSizeKb":10485760,"nullifierTreeMapSizeKb":10485760,"noteHashTreeMapSizeKb":10485760,"messageTreeMapSizeKb":10485760,"publicDataTreeMapSizeKb":10485760} and 2 threads (ephemeral=true).
[04:18:27.915] INFO: txe_node Aztec Node version: txe
[04:18:27.915] INFO: txe_node Aztec Node started on chain 0x1
[04:18:27.926] INFO: txe:top_level_context Created block 1 with timestamp 1789442307
[04:18:27.962] INFO: txe:top_level_context Created block 2 with timestamp 1789442307
[04:18:28.026] INFO: simulator:public-processor Processed 1 successful txs and 0 failed txs (0 silently skipped, 0ms wasted) in 0.03652129100001184s {"blockNumber":3,"successfulCount":1,"failedCount":0,"duration":0.03652129100001184,"rate":88609956.31285188,"totalPublicGas":{"daGas":4000,"l2Gas":3236150},"totalBlockGas":{"daGas":4000,"l2Gas":3236150},"totalSizeInBytes":4128,"silentlySkippedCount":0,"silentlySkippedDurationMs":0}
[04:18:28.139] INFO: simulator:public-processor Processed 1 successful txs and 0 failed txs (0 silently skipped, 0ms wasted) in 0.013391042000002927s {"blockNumber":4,"successfulCount":1,"failedCount":0,"duration":0.013391042000002927,"rate":85174850.47091562,"totalPublicGas":{"daGas":192,"l2Gas":1140580},"totalBlockGas":{"daGas":320,"l2Gas":1731380},"totalSizeInBytes":320,"silentlySkippedCount":0,"silentlySkippedDurationMs":0}
[04:18:28.166] INFO: txe:top_level_context Created block 5 with timestamp 1789442307
[04:18:28.311] INFO: simulator:public-processor Processed 1 successful txs and 0 failed txs (0 silently skipped, 0ms wasted) in 0.003925374999991618s {"blockNumber":6,"successfulCount":1,"failedCount":0,"duration":0.003925374999991618,"rate":0,"totalPublicGas":{"daGas":0,"l2Gas":0},"totalBlockGas":{"daGas":1984,"l2Gas":529900},"totalSizeInBytes":1984,"silentlySkippedCount":0,"silentlySkippedDurationMs":0}
[04:18:28.340] INFO: txe:top_level_context Created block 7 with timestamp 1789445908
[04:18:28.725] INFO: simulator:public-processor Processed 1 successful txs and 0 failed txs (0 silently skipped, 0ms wasted) in 0.026613249999994877s {"blockNumber":8,"successfulCount":1,"failedCount":0,"duration":0.026613249999994877,"rate":73176594.36560266,"totalPublicGas":{"daGas":2368,"l2Gas":1947467},"totalBlockGas":{"daGas":3744,"l2Gas":2674217},"totalSizeInBytes":3744,"silentlySkippedCount":0,"silentlySkippedDurationMs":0}
[04:18:28.754] INFO: simulator:public-processor Processed 1 successful txs and 0 failed txs (0 silently skipped, 0ms wasted) in 0.0041757079999952115s {"blockNumber":9,"successfulCount":1,"failedCount":0,"duration":0.0041757079999952115,"rate":2771027.0928937723,"totalPublicGas":{"daGas":0,"l2Gas":11571},"totalBlockGas":{"daGas":0,"l2Gas":11571},"totalSizeInBytes":128,"silentlySkippedCount":0,"silentlySkippedDurationMs":0}
[04:18:29.034] INFO: txe:top_level_context Created block 9 with timestamp 1789449509
[04:18:29.312] INFO: kv-store:lmdb-v2 Starting data store with maxReaders 2
[04:18:29.312] INFO: world-state:database Creating world state data store at directory /var/folders/ym/q1vh2x5n58xbsmpmvs5_6w3r0000gn/T/aztec-world-state-HciC4f/world_state with map sizes {"archiveTreeMapSizeKb":10485760,"nullifierTreeMapSizeKb":10485760,"noteHashTreeMapSizeKb":10485760,"messageTreeMapSizeKb":10485760,"publicDataTreeMapSizeKb":10485760} and 2 threads (ephemeral=true).
[04:18:29.322] INFO: txe_node Aztec Node version: txe
[04:18:29.322] INFO: txe_node Aztec Node started on chain 0x1
[04:18:29.339] INFO: txe:top_level_context Created block 1 with timestamp 1789442309
[04:18:29.408] INFO: simulator:public-processor Processed 1 successful txs and 0 failed txs (0 silently skipped, 0ms wasted) in 0.00757012499999837s {"blockNumber":10,"successfulCount":1,"failedCount":0,"duration":0.00757012499999837,"rate":3988309.307971335,"totalPublicGas":{"daGas":0,"l2Gas":30192},"totalBlockGas":{"daGas":1376,"l2Gas":756942},"totalSizeInBytes":128,"silentlySkippedCount":0,"silentlySkippedDurationMs":0}
[04:18:29.410] WARN: txe:top_level_context Could not find function artifact in contract Billboard for function '0xdcbccbbf' when enriching error callstack
[04:18:29.423] INFO: txe:top_level_context Created block 2 with timestamp 1789442309
[billboard_test] Testing c03::c03_reused_nonce_rejects_duplicate_public_id ... [0m[32mok[0m
[04:18:29.487] INFO: simulator:public-processor Processed 1 successful txs and 0 failed txs (0 silently skipped, 0ms wasted) in 0.03644691699999385s {"blockNumber":3,"successfulCount":1,"failedCount":0,"duration":0.03644691699999385,"rate":88790774.81369813,"totalPublicGas":{"daGas":4000,"l2Gas":3236150},"totalBlockGas":{"daGas":4000,"l2Gas":3236150},"totalSizeInBytes":4128,"silentlySkippedCount":0,"silentlySkippedDurationMs":0}
[04:18:29.599] INFO: simulator:public-processor Processed 1 successful txs and 0 failed txs (0 silently skipped, 0ms wasted) in 0.01532391700000153s {"blockNumber":4,"successfulCount":1,"failedCount":0,"duration":0.01532391700000153,"rate":74431361.11999863,"totalPublicGas":{"daGas":192,"l2Gas":1140580},"totalBlockGas":{"daGas":320,"l2Gas":1731380},"totalSizeInBytes":320,"silentlySkippedCount":0,"silentlySkippedDurationMs":0}
[04:18:29.636] INFO: txe:top_level_context Created block 5 with timestamp 1789442309
[04:18:29.780] INFO: simulator:public-processor Processed 1 successful txs and 0 failed txs (0 silently skipped, 0ms wasted) in 0.003897709000011673s {"blockNumber":6,"successfulCount":1,"failedCount":0,"duration":0.003897709000011673,"rate":0,"totalPublicGas":{"daGas":0,"l2Gas":0},"totalBlockGas":{"daGas":1984,"l2Gas":529900},"totalSizeInBytes":1984,"silentlySkippedCount":0,"silentlySkippedDurationMs":0}
[04:18:30.068] INFO: txe:top_level_context Created block 7 with timestamp 1789442309
[04:18:30.228] INFO: simulator:public-processor Processed 1 successful txs and 0 failed txs (0 silently skipped, 0ms wasted) in 0.003733624999993481s {"blockNumber":8,"successfulCount":1,"failedCount":0,"duration":0.003733624999993481,"rate":0,"totalPublicGas":{"daGas":0,"l2Gas":0},"totalBlockGas":{"daGas":1984,"l2Gas":529900},"totalSizeInBytes":1984,"silentlySkippedCount":0,"silentlySkippedDurationMs":0}
[04:18:30.647] INFO: txe:top_level_context Created block 9 with timestamp 1789442309
[04:18:30.812] INFO: simulator:public-processor Processed 1 successful txs and 0 failed txs (0 silently skipped, 0ms wasted) in 0.003575790999981109s {"blockNumber":10,"successfulCount":1,"failedCount":0,"duration":0.003575790999981109,"rate":0,"totalPublicGas":{"daGas":0,"l2Gas":0},"totalBlockGas":{"daGas":1984,"l2Gas":529900},"totalSizeInBytes":1984,"silentlySkippedCount":0,"silentlySkippedDurationMs":0}
[04:18:31.317] INFO: kv-store:lmdb-v2 Starting data store with maxReaders 2
[04:18:31.318] INFO: world-state:database Creating world state data store at directory /var/folders/ym/q1vh2x5n58xbsmpmvs5_6w3r0000gn/T/aztec-world-state-fmpx3v/world_state with map sizes {"archiveTreeMapSizeKb":10485760,"nullifierTreeMapSizeKb":10485760,"noteHashTreeMapSizeKb":10485760,"messageTreeMapSizeKb":10485760,"publicDataTreeMapSizeKb":10485760} and 2 threads (ephemeral=true).
[04:18:31.328] INFO: txe_node Aztec Node version: txe
[04:18:31.328] INFO: txe_node Aztec Node started on chain 0x1
[04:18:31.347] INFO: txe:top_level_context Created block 1 with timestamp 1789442311
[04:18:31.382] INFO: txe:top_level_context Created block 2 with timestamp 1789442311
[04:18:31.400] INFO: txe:top_level_context Created block 11 with timestamp 1789442309
[04:18:31.455] INFO: simulator:public-processor Processed 1 successful txs and 0 failed txs (0 silently skipped, 0ms wasted) in 0.044521332999982406s {"blockNumber":3,"successfulCount":1,"failedCount":0,"duration":0.044521332999982406,"rate":72687625.95228851,"totalPublicGas":{"daGas":4000,"l2Gas":3236150},"totalBlockGas":{"daGas":4000,"l2Gas":3236150},"totalSizeInBytes":4128,"silentlySkippedCount":0,"silentlySkippedDurationMs":0}
[04:18:31.634] INFO: simulator:public-processor Processed 1 successful txs and 0 failed txs (0 silently skipped, 0ms wasted) in 0.009249125000002096s {"blockNumber":12,"successfulCount":1,"failedCount":0,"duration":0.009249125000002096,"rate":0,"totalPublicGas":{"daGas":0,"l2Gas":0},"totalBlockGas":{"daGas":1984,"l2Gas":529900},"totalSizeInBytes":1984,"silentlySkippedCount":0,"silentlySkippedDurationMs":0}
[04:18:31.668] INFO: simulator:public-processor Processed 1 successful txs and 0 failed txs (0 silently skipped, 0ms wasted) in 0.016618041999987326s {"blockNumber":4,"successfulCount":1,"failedCount":0,"duration":0.016618041999987326,"rate":0,"totalPublicGas":{"daGas":0,"l2Gas":0},"totalBlockGas":{"daGas":832,"l2Gas":499700},"totalSizeInBytes":832,"silentlySkippedCount":0,"silentlySkippedDurationMs":0}
[04:18:31.881] INFO: simulator:public-processor Processed 1 successful txs and 0 failed txs (0 silently skipped, 0ms wasted) in 0.015195249999989755s {"blockNumber":5,"successfulCount":1,"failedCount":0,"duration":0.015195249999989755,"rate":75061614.64936537,"totalPublicGas":{"daGas":192,"l2Gas":1140580},"totalBlockGas":{"daGas":320,"l2Gas":1731380},"totalSizeInBytes":320,"silentlySkippedCount":0,"silentlySkippedDurationMs":0}
[04:18:31.924] INFO: txe:top_level_context Created block 6 with timestamp 1789442311
[04:18:32.145] INFO: simulator:public-processor Processed 1 successful txs and 0 failed txs (0 silently skipped, 0ms wasted) in 0.003907624999992549s {"blockNumber":7,"successfulCount":1,"failedCount":0,"duration":0.003907624999992549,"rate":0,"totalPublicGas":{"daGas":0,"l2Gas":0},"totalBlockGas":{"daGas":1984,"l2Gas":529900},"totalSizeInBytes":1984,"silentlySkippedCount":0,"silentlySkippedDurationMs":0}
[04:18:32.714] INFO: txe:top_level_context Created block 8 with timestamp 1789445912
[04:18:32.812] INFO: txe:top_level_context Created block 13 with timestamp 1789442309
[04:18:33.209] INFO: simulator:public-processor Processed 1 successful txs and 0 failed txs (0 silently skipped, 0ms wasted) in 0.009002166999998736s {"blockNumber":14,"successfulCount":1,"failedCount":0,"duration":0.009002166999998736,"rate":0,"totalPublicGas":{"daGas":0,"l2Gas":0},"totalBlockGas":{"daGas":1984,"l2Gas":529900},"totalSizeInBytes":1984,"silentlySkippedCount":0,"silentlySkippedDurationMs":0}
[04:18:33.577] INFO: simulator:public-processor Processed 1 successful txs and 0 failed txs (0 silently skipped, 0ms wasted) in 0.029067542000004325s {"blockNumber":9,"successfulCount":1,"failedCount":0,"duration":0.029067542000004325,"rate":66997993.84480842,"totalPublicGas":{"daGas":2368,"l2Gas":1947467},"totalBlockGas":{"daGas":5472,"l2Gas":2762592},"totalSizeInBytes":5472,"silentlySkippedCount":0,"silentlySkippedDurationMs":0}
[04:18:33.645] INFO: simulator:public-processor Processed 1 successful txs and 0 failed txs (0 silently skipped, 0ms wasted) in 0.004715916000015568s {"blockNumber":10,"successfulCount":1,"failedCount":0,"duration":0.004715916000015568,"rate":1871534.6074804692,"totalPublicGas":{"daGas":0,"l2Gas":8826},"totalBlockGas":{"daGas":0,"l2Gas":8826},"totalSizeInBytes":128,"silentlySkippedCount":0,"silentlySkippedDurationMs":0}
[04:18:33.654] ERROR: world-state:database Call BATCH_INSERT failed: Error: Unable to insert values into tree NullifierTree leaf type NullifierLeafValue is not updateable and 0x259ea68f2eac0d338247e29d46443574417ca63ae762cdcf56f6886a2b70bc0b is already present: [Error: Unable to insert values into tree NullifierTree leaf type NullifierLeafValue is not updateable and 0x259ea68f2eac0d338247e29d46443574417ca63ae762cdcf56f6886a2b70bc0b is already present] {"treeId":"NULLIFIER_TREE","forkId":11,"leavesCount":64}
[billboard_test] Testing w01::w01_actual_delegated_authwit_nullifier_cannot_be_reinserted ... [0m[32mok[0m
[04:18:34.326] INFO: txe:top_level_context Created block 15 with timestamp 1789442309
[04:18:34.529] INFO: simulator:public-processor Processed 1 successful txs and 0 failed txs (0 silently skipped, 0ms wasted) in 0.003605375000013737s {"blockNumber":16,"successfulCount":1,"failedCount":0,"duration":0.003605375000013737,"rate":0,"totalPublicGas":{"daGas":0,"l2Gas":0},"totalBlockGas":{"daGas":1984,"l2Gas":529900},"totalSizeInBytes":1984,"silentlySkippedCount":0,"silentlySkippedDurationMs":0}
[04:18:35.550] INFO: kv-store:lmdb-v2 Starting data store with maxReaders 2
[04:18:35.551] INFO: world-state:database Creating world state data store at directory /var/folders/ym/q1vh2x5n58xbsmpmvs5_6w3r0000gn/T/aztec-world-state-zONRFk/world_state with map sizes {"archiveTreeMapSizeKb":10485760,"nullifierTreeMapSizeKb":10485760,"noteHashTreeMapSizeKb":10485760,"messageTreeMapSizeKb":10485760,"publicDataTreeMapSizeKb":10485760} and 2 threads (ephemeral=true).
[04:18:35.564] INFO: txe_node Aztec Node version: txe
[04:18:35.564] INFO: txe_node Aztec Node started on chain 0x1
[04:18:35.591] INFO: txe:top_level_context Created block 1 with timestamp 1789442315
[04:18:35.637] INFO: txe:top_level_context Created block 2 with timestamp 1789442315
[04:18:35.703] INFO: simulator:public-processor Processed 1 successful txs and 0 failed txs (0 silently skipped, 0ms wasted) in 0.03806474999999045s {"blockNumber":3,"successfulCount":1,"failedCount":0,"duration":0.03806474999999045,"rate":85016977.64994678,"totalPublicGas":{"daGas":4000,"l2Gas":3236150},"totalBlockGas":{"daGas":4000,"l2Gas":3236150},"totalSizeInBytes":4128,"silentlySkippedCount":0,"silentlySkippedDurationMs":0}
[04:18:35.707] INFO: txe:top_level_context Created block 17 with timestamp 1789442309
[04:18:35.875] INFO: simulator:public-processor Processed 1 successful txs and 0 failed txs (0 silently skipped, 0ms wasted) in 0.0039804579999763515s {"blockNumber":4,"successfulCount":1,"failedCount":0,"duration":0.0039804579999763515,"rate":0,"totalPublicGas":{"daGas":0,"l2Gas":0},"totalBlockGas":{"daGas":832,"l2Gas":499700},"totalSizeInBytes":832,"silentlySkippedCount":0,"silentlySkippedDurationMs":0}
[04:18:36.005] INFO: simulator:public-processor Processed 1 successful txs and 0 failed txs (0 silently skipped, 0ms wasted) in 0.005577707999997074s {"blockNumber":18,"successfulCount":1,"failedCount":0,"duration":0.005577707999997074,"rate":0,"totalPublicGas":{"daGas":0,"l2Gas":0},"totalBlockGas":{"daGas":1984,"l2Gas":529900},"totalSizeInBytes":1984,"silentlySkippedCount":0,"silentlySkippedDurationMs":0}
[04:18:36.234] INFO: simulator:public-processor Processed 1 successful txs and 0 failed txs (0 silently skipped, 0ms wasted) in 0.01370466600000509s {"blockNumber":5,"successfulCount":1,"failedCount":0,"duration":0.01370466600000509,"rate":83225669.27202578,"totalPublicGas":{"daGas":192,"l2Gas":1140580},"totalBlockGas":{"daGas":320,"l2Gas":1731380},"totalSizeInBytes":320,"silentlySkippedCount":0,"silentlySkippedDurationMs":0}
[04:18:36.268] INFO: txe:top_level_context Created block 6 with timestamp 1789442315
[04:18:36.442] INFO: simulator:public-processor Processed 1 successful txs and 0 failed txs (0 silently skipped, 0ms wasted) in 0.003756874999991851s {"blockNumber":7,"successfulCount":1,"failedCount":0,"duration":0.003756874999991851,"rate":0,"totalPublicGas":{"daGas":0,"l2Gas":0},"totalBlockGas":{"daGas":1984,"l2Gas":529900},"totalSizeInBytes":1984,"silentlySkippedCount":0,"silentlySkippedDurationMs":0}
[04:18:37.051] INFO: txe:top_level_context Created block 8 with timestamp 1789445916
[billboard_test] Testing w01::w01_authorized_delegator_still_rejects_zero_nonce ... [0m[32mok[0m
[04:18:38.026] INFO: txe:top_level_context Created block 19 with timestamp 1789442309
[04:18:38.257] INFO: simulator:public-processor Processed 1 successful txs and 0 failed txs (0 silently skipped, 0ms wasted) in 0.0037173750000074504s {"blockNumber":20,"successfulCount":1,"failedCount":0,"duration":0.0037173750000074504,"rate":0,"totalPublicGas":{"daGas":0,"l2Gas":0},"totalBlockGas":{"daGas":1984,"l2Gas":529900},"totalSizeInBytes":1984,"silentlySkippedCount":0,"silentlySkippedDurationMs":0}
[04:18:39.534] INFO: kv-store:lmdb-v2 Starting data store with maxReaders 2
[04:18:39.535] INFO: world-state:database Creating world state data store at directory /var/folders/ym/q1vh2x5n58xbsmpmvs5_6w3r0000gn/T/aztec-world-state-8KaHzQ/world_state with map sizes {"archiveTreeMapSizeKb":10485760,"nullifierTreeMapSizeKb":10485760,"noteHashTreeMapSizeKb":10485760,"messageTreeMapSizeKb":10485760,"publicDataTreeMapSizeKb":10485760} and 2 threads (ephemeral=true).
[04:18:39.543] INFO: txe_node Aztec Node version: txe
[04:18:39.543] INFO: txe_node Aztec Node started on chain 0x1
[04:18:39.555] INFO: txe:top_level_context Created block 1 with timestamp 1789442319
[04:18:39.618] INFO: txe:top_level_context Created block 2 with timestamp 1789442319
[04:18:39.740] INFO: simulator:public-processor Processed 1 successful txs and 0 failed txs (0 silently skipped, 0ms wasted) in 0.038379165999998806s {"blockNumber":3,"successfulCount":1,"failedCount":0,"duration":0.038379165999998806,"rate":84320487.83968106,"totalPublicGas":{"daGas":4000,"l2Gas":3236150},"totalBlockGas":{"daGas":4000,"l2Gas":3236150},"totalSizeInBytes":4128,"silentlySkippedCount":0,"silentlySkippedDurationMs":0}
[04:18:39.918] INFO: simulator:public-processor Processed 1 successful txs and 0 failed txs (0 silently skipped, 0ms wasted) in 0.004417417000018758s {"blockNumber":4,"successfulCount":1,"failedCount":0,"duration":0.004417417000018758,"rate":0,"totalPublicGas":{"daGas":0,"l2Gas":0},"totalBlockGas":{"daGas":832,"l2Gas":499700},"totalSizeInBytes":832,"silentlySkippedCount":0,"silentlySkippedDurationMs":0}
[04:18:40.063] INFO: simulator:public-processor Processed 1 successful txs and 0 failed txs (0 silently skipped, 0ms wasted) in 0.013812999999994646s {"blockNumber":5,"successfulCount":1,"failedCount":0,"duration":0.013812999999994646,"rate":82572938.5361936,"totalPublicGas":{"daGas":192,"l2Gas":1140580},"totalBlockGas":{"daGas":320,"l2Gas":1731380},"totalSizeInBytes":320,"silentlySkippedCount":0,"silentlySkippedDurationMs":0}
[04:18:40.071] INFO: txe:top_level_context Created block 21 with timestamp 1789442309
[04:18:40.101] INFO: txe:top_level_context Created block 6 with timestamp 1789442319
[04:18:40.316] INFO: simulator:public-processor Processed 1 successful txs and 0 failed txs (0 silently skipped, 0ms wasted) in 0.004104250000003958s {"blockNumber":7,"successfulCount":1,"failedCount":0,"duration":0.004104250000003958,"rate":0,"totalPublicGas":{"daGas":0,"l2Gas":0},"totalBlockGas":{"daGas":1984,"l2Gas":529900},"totalSizeInBytes":1984,"silentlySkippedCount":0,"silentlySkippedDurationMs":0}
[04:18:40.534] INFO: simulator:public-processor Processed 1 successful txs and 0 failed txs (0 silently skipped, 0ms wasted) in 0.0038151669999933802s {"blockNumber":22,"successfulCount":1,"failedCount":0,"duration":0.0038151669999933802,"rate":0,"totalPublicGas":{"daGas":0,"l2Gas":0},"totalBlockGas":{"daGas":1984,"l2Gas":529900},"totalSizeInBytes":1984,"silentlySkippedCount":0,"silentlySkippedDurationMs":0}
[04:18:41.017] INFO: txe:top_level_context Created block 8 with timestamp 1789445920
[04:18:41.206] INFO: simulator:public-processor Processed 1 successful txs and 0 failed txs (0 silently skipped, 0ms wasted) in 0.005233875000005355s {"blockNumber":9,"successfulCount":1,"failedCount":0,"duration":0.005233875000005355,"rate":0,"totalPublicGas":{"daGas":0,"l2Gas":0},"totalBlockGas":{"daGas":832,"l2Gas":499700},"totalSizeInBytes":832,"silentlySkippedCount":0,"silentlySkippedDurationMs":0}
[billboard_test] Testing w01::w01_authorized_withdraw_cannot_select_another_owner_note ... [0m[32mok[0m
[04:18:43.061] INFO: txe:top_level_context Created block 23 with timestamp 1789442309
[04:18:43.307] INFO: simulator:public-processor Processed 1 successful txs and 0 failed txs (0 silently skipped, 0ms wasted) in 0.0037329589999862945s {"blockNumber":24,"successfulCount":1,"failedCount":0,"duration":0.0037329589999862945,"rate":0,"totalPublicGas":{"daGas":0,"l2Gas":0},"totalBlockGas":{"daGas":1984,"l2Gas":529900},"totalSizeInBytes":1984,"silentlySkippedCount":0,"silentlySkippedDurationMs":0}
[04:18:44.198] INFO: kv-store:lmdb-v2 Starting data store with maxReaders 2
[04:18:44.199] INFO: world-state:database Creating world state data store at directory /var/folders/ym/q1vh2x5n58xbsmpmvs5_6w3r0000gn/T/aztec-world-state-UEFJt2/world_state with map sizes {"archiveTreeMapSizeKb":10485760,"nullifierTreeMapSizeKb":10485760,"noteHashTreeMapSizeKb":10485760,"messageTreeMapSizeKb":10485760,"publicDataTreeMapSizeKb":10485760} and 2 threads (ephemeral=true).
[04:18:44.214] INFO: txe_node Aztec Node version: txe
[04:18:44.214] INFO: txe_node Aztec Node started on chain 0x1
[04:18:44.236] INFO: txe:top_level_context Created block 1 with timestamp 1789442324
[04:18:44.295] INFO: txe:top_level_context Created block 2 with timestamp 1789442324
[04:18:44.367] INFO: simulator:public-processor Processed 1 successful txs and 0 failed txs (0 silently skipped, 0ms wasted) in 0.043641499999997904s {"blockNumber":3,"successfulCount":1,"failedCount":0,"duration":0.043641499999997904,"rate":74153042.40230413,"totalPublicGas":{"daGas":4000,"l2Gas":3236150},"totalBlockGas":{"daGas":4000,"l2Gas":3236150},"totalSizeInBytes":4128,"silentlySkippedCount":0,"silentlySkippedDurationMs":0}
[04:18:44.575] INFO: simulator:public-processor Processed 1 successful txs and 0 failed txs (0 silently skipped, 0ms wasted) in 0.0038393749999813737s {"blockNumber":4,"successfulCount":1,"failedCount":0,"duration":0.0038393749999813737,"rate":0,"totalPublicGas":{"daGas":0,"l2Gas":0},"totalBlockGas":{"daGas":832,"l2Gas":499700},"totalSizeInBytes":832,"silentlySkippedCount":0,"silentlySkippedDurationMs":0}
[04:18:44.711] INFO: simulator:public-processor Processed 1 successful txs and 0 failed txs (0 silently skipped, 0ms wasted) in 0.014558124999981374s {"blockNumber":5,"successfulCount":1,"failedCount":0,"duration":0.014558124999981374,"rate":78346627.7423404,"totalPublicGas":{"daGas":192,"l2Gas":1140580},"totalBlockGas":{"daGas":320,"l2Gas":1731380},"totalSizeInBytes":320,"silentlySkippedCount":0,"silentlySkippedDurationMs":0}
[04:18:44.954] INFO: simulator:public-processor Processed 1 successful txs and 0 failed txs (0 silently skipped, 0ms wasted) in 0.0044707909999997355s {"blockNumber":6,"successfulCount":1,"failedCount":0,"duration":0.0044707909999997355,"rate":0,"totalPublicGas":{"daGas":0,"l2Gas":0},"totalBlockGas":{"daGas":832,"l2Gas":499700},"totalSizeInBytes":832,"silentlySkippedCount":0,"silentlySkippedDurationMs":0}
[04:18:44.982] INFO: txe:top_level_context Created block 7 with timestamp 1789442324
[billboard_test] Testing w01::w01_claim_rejects_changed_owner ... [0m[32mok[0m
[04:18:45.861] INFO: txe:top_level_context Created block 25 with timestamp 1789445910
[04:18:45.883] INFO: simulator:public-processor Processed 1 successful txs and 0 failed txs (0 silently skipped, 0ms wasted) in 0.004101041000016266s {"blockNumber":26,"successfulCount":1,"failedCount":0,"duration":0.004101041000016266,"rate":2152136.4941157605,"totalPublicGas":{"daGas":0,"l2Gas":8826},"totalBlockGas":{"daGas":0,"l2Gas":8826},"totalSizeInBytes":128,"silentlySkippedCount":0,"silentlySkippedDurationMs":0}
[04:18:46.350] INFO: simulator:public-processor Processed 1 successful txs and 0 failed txs (0 silently skipped, 0ms wasted) in 0.026547667000006187s {"blockNumber":26,"successfulCount":1,"failedCount":0,"duration":0.026547667000006187,"rate":73357368.84147094,"totalPublicGas":{"daGas":2368,"l2Gas":1947467},"totalBlockGas":{"daGas":3744,"l2Gas":2674217},"totalSizeInBytes":3744,"silentlySkippedCount":0,"silentlySkippedDurationMs":0}
[04:18:46.379] INFO: simulator:public-processor Processed 1 successful txs and 0 failed txs (0 silently skipped, 0ms wasted) in 0.0039771659999969415s {"blockNumber":27,"successfulCount":1,"failedCount":0,"duration":0.0039771659999969415,"rate":2219168.121221691,"totalPublicGas":{"daGas":0,"l2Gas":8826},"totalBlockGas":{"daGas":0,"l2Gas":8826},"totalSizeInBytes":128,"silentlySkippedCount":0,"silentlySkippedDurationMs":0}
[04:18:46.393] INFO: simulator:public-processor Processed 1 successful txs and 0 failed txs (0 silently skipped, 0ms wasted) in 0.004014415999990888s {"blockNumber":27,"successfulCount":1,"failedCount":0,"duration":0.004014415999990888,"rate":2882361.967475783,"totalPublicGas":{"daGas":0,"l2Gas":11571},"totalBlockGas":{"daGas":0,"l2Gas":11571},"totalSizeInBytes":128,"silentlySkippedCount":0,"silentlySkippedDurationMs":0}
[04:18:46.406] INFO: simulator:public-processor Processed 1 successful txs and 0 failed txs (0 silently skipped, 0ms wasted) in 0.003924792000005254s {"blockNumber":27,"successfulCount":1,"failedCount":0,"duration":0.003924792000005254,"rate":2631731.8217083025,"totalPublicGas":{"daGas":0,"l2Gas":10329},"totalBlockGas":{"daGas":0,"l2Gas":10329},"totalSizeInBytes":128,"silentlySkippedCount":0,"silentlySkippedDurationMs":0}
[04:18:46.423] INFO: simulator:public-processor Processed 1 successful txs and 0 failed txs (0 silently skipped, 0ms wasted) in 0.0068209999999962745s {"blockNumber":27,"successfulCount":1,"failedCount":0,"duration":0.0068209999999962745,"rate":22582026.095892705,"totalPublicGas":{"daGas":0,"l2Gas":154032},"totalBlockGas":{"daGas":0,"l2Gas":154032},"totalSizeInBytes":128,"silentlySkippedCount":0,"silentlySkippedDurationMs":0}
[04:18:46.437] INFO: simulator:public-processor Processed 1 successful txs and 0 failed txs (0 silently skipped, 0ms wasted) in 0.004022083000018028s {"blockNumber":27,"successfulCount":1,"failedCount":0,"duration":0.004022083000018028,"rate":3159556.876360592,"totalPublicGas":{"daGas":0,"l2Gas":12708},"totalBlockGas":{"daGas":0,"l2Gas":12708},"totalSizeInBytes":128,"silentlySkippedCount":0,"silentlySkippedDurationMs":0}
[04:18:46.452] INFO: simulator:public-processor Processed 1 successful txs and 0 failed txs (0 silently skipped, 0ms wasted) in 0.00491783300001407s {"blockNumber":27,"successfulCount":1,"failedCount":0,"duration":0.00491783300001407,"rate":2617006.3115122407,"totalPublicGas":{"daGas":0,"l2Gas":12870},"totalBlockGas":{"daGas":0,"l2Gas":12870},"totalSizeInBytes":128,"silentlySkippedCount":0,"silentlySkippedDurationMs":0}
[04:18:47.336] INFO: kv-store:lmdb-v2 Starting data store with maxReaders 2
[04:18:47.336] INFO: world-state:database Creating world state data store at directory /var/folders/ym/q1vh2x5n58xbsmpmvs5_6w3r0000gn/T/aztec-world-state-W0krJ9/world_state with map sizes {"archiveTreeMapSizeKb":10485760,"nullifierTreeMapSizeKb":10485760,"noteHashTreeMapSizeKb":10485760,"messageTreeMapSizeKb":10485760,"publicDataTreeMapSizeKb":10485760} and 2 threads (ephemeral=true).
[04:18:47.355] INFO: txe_node Aztec Node version: txe
[04:18:47.355] INFO: txe_node Aztec Node started on chain 0x1
[04:18:47.376] INFO: txe:top_level_context Created block 1 with timestamp 1789442327
[04:18:47.411] INFO: txe:top_level_context Created block 2 with timestamp 1789442327
[04:18:47.495] INFO: simulator:public-processor Processed 1 successful txs and 0 failed txs (0 silently skipped, 0ms wasted) in 0.04874075000002631s {"blockNumber":3,"successfulCount":1,"failedCount":0,"duration":0.04874075000002631,"rate":66395162.15893791,"totalPublicGas":{"daGas":4000,"l2Gas":3236150},"totalBlockGas":{"daGas":4000,"l2Gas":3236150},"totalSizeInBytes":4128,"silentlySkippedCount":0,"silentlySkippedDurationMs":0}
[04:18:47.713] INFO: simulator:public-processor Processed 1 successful txs and 0 failed txs (0 silently skipped, 0ms wasted) in 0.009130750000011175s {"blockNumber":4,"successfulCount":1,"failedCount":0,"duration":0.009130750000011175,"rate":0,"totalPublicGas":{"daGas":0,"l2Gas":0},"totalBlockGas":{"daGas":832,"l2Gas":499700},"totalSizeInBytes":832,"silentlySkippedCount":0,"silentlySkippedDurationMs":0}
[04:18:47.899] INFO: simulator:public-processor Processed 1 successful txs and 0 failed txs (0 silently skipped, 0ms wasted) in 0.01681541599999764s {"blockNumber":5,"successfulCount":1,"failedCount":0,"duration":0.01681541599999764,"rate":67829425.09422068,"totalPublicGas":{"daGas":192,"l2Gas":1140580},"totalBlockGas":{"daGas":320,"l2Gas":1731380},"totalSizeInBytes":320,"silentlySkippedCount":0,"silentlySkippedDurationMs":0}
[04:18:47.948] INFO: txe:top_level_context Created block 6 with timestamp 1789442327
[04:18:48.529] INFO: simulator:public-processor Processed 1 successful txs and 0 failed txs (0 silently skipped, 0ms wasted) in 0.004248707999999169s {"blockNumber":7,"successfulCount":1,"failedCount":0,"duration":0.004248707999999169,"rate":0,"totalPublicGas":{"daGas":0,"l2Gas":0},"totalBlockGas":{"daGas":2016,"l2Gas":545900},"totalSizeInBytes":2016,"silentlySkippedCount":0,"silentlySkippedDurationMs":0}
[04:18:49.097] INFO: txe:top_level_context Created block 8 with timestamp 1789445928
[04:18:49.541] INFO: simulator:public-processor Processed 1 successful txs and 0 failed txs (0 silently skipped, 0ms wasted) in 0.004181500000006054s {"blockNumber":9,"successfulCount":1,"failedCount":0,"duration":0.004181500000006054,"rate":0,"totalPublicGas":{"daGas":0,"l2Gas":0},"totalBlockGas":{"daGas":288,"l2Gas":493200},"totalSizeInBytes":288,"silentlySkippedCount":0,"silentlySkippedDurationMs":0}
[04:18:49.991] INFO: simulator:public-processor Processed 1 successful txs and 0 failed txs (0 silently skipped, 0ms wasted) in 0.030640708999999332s {"blockNumber":27,"successfulCount":1,"failedCount":0,"duration":0.030640708999999332,"rate":63558157.22149388,"totalPublicGas":{"daGas":2368,"l2Gas":1947467},"totalBlockGas":{"daGas":3744,"l2Gas":2674217},"totalSizeInBytes":3744,"silentlySkippedCount":0,"silentlySkippedDurationMs":0}
[04:18:50.030] INFO: simulator:public-processor Processed 1 successful txs and 0 failed txs (0 silently skipped, 0ms wasted) in 0.006141499999997905s {"blockNumber":28,"successfulCount":1,"failedCount":0,"duration":0.006141499999997905,"rate":1437108.1983233755,"totalPublicGas":{"daGas":0,"l2Gas":8826},"totalBlockGas":{"daGas":0,"l2Gas":8826},"totalSizeInBytes":128,"silentlySkippedCount":0,"silentlySkippedDurationMs":0}
[04:18:50.055] INFO: simulator:public-processor Processed 1 successful txs and 0 failed txs (0 silently skipped, 0ms wasted) in 0.01213454199998523s {"blockNumber":28,"successfulCount":1,"failedCount":0,"duration":0.01213454199998523,"rate":953558.8570227112,"totalPublicGas":{"daGas":0,"l2Gas":11571},"totalBlockGas":{"daGas":0,"l2Gas":11571},"totalSizeInBytes":128,"silentlySkippedCount":0,"silentlySkippedDurationMs":0}
[04:18:50.114] INFO: simulator:public-processor Processed 1 successful txs and 0 failed txs (0 silently skipped, 0ms wasted) in 0.004304750000010245s {"blockNumber":28,"successfulCount":1,"failedCount":0,"duration":0.004304750000010245,"rate":2399442.4763285713,"totalPublicGas":{"daGas":0,"l2Gas":10329},"totalBlockGas":{"daGas":0,"l2Gas":10329},"totalSizeInBytes":128,"silentlySkippedCount":0,"silentlySkippedDurationMs":0}
[04:18:50.132] INFO: simulator:public-processor Processed 1 successful txs and 0 failed txs (0 silently skipped, 0ms wasted) in 0.007444958999985829s {"blockNumber":28,"successfulCount":1,"failedCount":0,"duration":0.007444958999985829,"rate":20689435.630242314,"totalPublicGas":{"daGas":0,"l2Gas":154032},"totalBlockGas":{"daGas":0,"l2Gas":154032},"totalSizeInBytes":128,"silentlySkippedCount":0,"silentlySkippedDurationMs":0}
[04:18:50.147] INFO: simulator:public-processor Processed 1 successful txs and 0 failed txs (0 silently skipped, 0ms wasted) in 0.004377500000002328s {"blockNumber":28,"successfulCount":1,"failedCount":0,"duration":0.004377500000002328,"rate":2903026.841803139,"totalPublicGas":{"daGas":0,"l2Gas":12708},"totalBlockGas":{"daGas":0,"l2Gas":12708},"totalSizeInBytes":128,"silentlySkippedCount":0,"silentlySkippedDurationMs":0}
[04:18:50.162] INFO: simulator:public-processor Processed 1 successful txs and 0 failed txs (0 silently skipped, 0ms wasted) in 0.004304750000010245s {"blockNumber":28,"successfulCount":1,"failedCount":0,"duration":0.004304750000010245,"rate":2989720.657406207,"totalPublicGas":{"daGas":0,"l2Gas":12870},"totalBlockGas":{"daGas":0,"l2Gas":12870},"totalSizeInBytes":128,"silentlySkippedCount":0,"silentlySkippedDurationMs":0}
[billboard_test] Testing w01::w01_delegated_claim_and_no_post_exit_preserve_owner_and_receipt ... [0m[32mok[0m
[04:18:52.368] INFO: kv-store:lmdb-v2 Starting data store with maxReaders 2
[04:18:52.369] INFO: world-state:database Creating world state data store at directory /var/folders/ym/q1vh2x5n58xbsmpmvs5_6w3r0000gn/T/aztec-world-state-43a1tI/world_state with map sizes {"archiveTreeMapSizeKb":10485760,"nullifierTreeMapSizeKb":10485760,"noteHashTreeMapSizeKb":10485760,"messageTreeMapSizeKb":10485760,"publicDataTreeMapSizeKb":10485760} and 2 threads (ephemeral=true).
[04:18:52.378] INFO: txe_node Aztec Node version: txe
[04:18:52.378] INFO: txe_node Aztec Node started on chain 0x1
[04:18:52.390] INFO: txe:top_level_context Created block 1 with timestamp 1789442332
[04:18:52.426] INFO: txe:top_level_context Created block 2 with timestamp 1789442332
[04:18:52.703] INFO: simulator:public-processor Processed 1 successful txs and 0 failed txs (0 silently skipped, 0ms wasted) in 0.06848004200001015s {"blockNumber":3,"successfulCount":1,"failedCount":0,"duration":0.06848004200001015,"rate":47256834.33429437,"totalPublicGas":{"daGas":4000,"l2Gas":3236150},"totalBlockGas":{"daGas":4000,"l2Gas":3236150},"totalSizeInBytes":4128,"silentlySkippedCount":0,"silentlySkippedDurationMs":0}
[04:18:52.738] INFO: simulator:public-processor Processed 1 successful txs and 0 failed txs (0 silently skipped, 0ms wasted) in 0.029048625000024912s {"blockNumber":28,"successfulCount":1,"failedCount":0,"duration":0.029048625000024912,"rate":67041624.173203714,"totalPublicGas":{"daGas":2368,"l2Gas":1947467},"totalBlockGas":{"daGas":3744,"l2Gas":2674217},"totalSizeInBytes":3744,"silentlySkippedCount":0,"silentlySkippedDurationMs":0}
[04:18:52.775] INFO: simulator:public-processor Processed 1 successful txs and 0 failed txs (0 silently skipped, 0ms wasted) in 0.007052750000002561s {"blockNumber":29,"successfulCount":1,"failedCount":0,"duration":0.007052750000002561,"rate":1251426.7484310085,"totalPublicGas":{"daGas":0,"l2Gas":8826},"totalBlockGas":{"daGas":0,"l2Gas":8826},"totalSizeInBytes":128,"silentlySkippedCount":0,"silentlySkippedDurationMs":0}
[04:18:52.796] INFO: simulator:public-processor Processed 1 successful txs and 0 failed txs (0 silently skipped, 0ms wasted) in 0.004577625000005355s {"blockNumber":29,"successfulCount":1,"failedCount":0,"duration":0.004577625000005355,"rate":2527729.9909858196,"totalPublicGas":{"daGas":0,"l2Gas":11571},"totalBlockGas":{"daGas":0,"l2Gas":11571},"totalSizeInBytes":128,"silentlySkippedCount":0,"silentlySkippedDurationMs":0}
[04:18:52.816] INFO: simulator:public-processor Processed 1 successful txs and 0 failed txs (0 silently skipped, 0ms wasted) in 0.0053028750000230504s {"blockNumber":29,"successfulCount":1,"failedCount":0,"duration":0.0053028750000230504,"rate":1947811.3287518756,"totalPublicGas":{"daGas":0,"l2Gas":10329},"totalBlockGas":{"daGas":0,"l2Gas":10329},"totalSizeInBytes":128,"silentlySkippedCount":0,"silentlySkippedDurationMs":0}
[04:18:52.835] INFO: simulator:public-processor Processed 1 successful txs and 0 failed txs (0 silently skipped, 0ms wasted) in 0.0069073330000101124s {"blockNumber":29,"successfulCount":1,"failedCount":0,"duration":0.0069073330000101124,"rate":22299779.089812882,"totalPublicGas":{"daGas":0,"l2Gas":154032},"totalBlockGas":{"daGas":0,"l2Gas":154032},"totalSizeInBytes":128,"silentlySkippedCount":0,"silentlySkippedDurationMs":0}
[04:18:52.837] INFO: simulator:public-processor Processed 1 successful txs and 0 failed txs (0 silently skipped, 0ms wasted) in 0.0036444159999955445s {"blockNumber":4,"successfulCount":1,"failedCount":0,"duration":0.0036444159999955445,"rate":0,"totalPublicGas":{"daGas":0,"l2Gas":0},"totalBlockGas":{"daGas":832,"l2Gas":499700},"totalSizeInBytes":832,"silentlySkippedCount":0,"silentlySkippedDurationMs":0}
[04:18:52.849] INFO: simulator:public-processor Processed 1 successful txs and 0 failed txs (0 silently skipped, 0ms wasted) in 0.00416133400000399s {"blockNumber":29,"successfulCount":1,"failedCount":0,"duration":0.00416133400000399,"rate":3053828.411751572,"totalPublicGas":{"daGas":0,"l2Gas":12708},"totalBlockGas":{"daGas":0,"l2Gas":12708},"totalSizeInBytes":128,"silentlySkippedCount":0,"silentlySkippedDurationMs":0}
[04:18:52.869] INFO: simulator:public-processor Processed 1 successful txs and 0 failed txs (0 silently skipped, 0ms wasted) in 0.0106785830000008s {"blockNumber":29,"successfulCount":1,"failedCount":0,"duration":0.0106785830000008,"rate":1205216.0853175966,"totalPublicGas":{"daGas":0,"l2Gas":12870},"totalBlockGas":{"daGas":0,"l2Gas":12870},"totalSizeInBytes":128,"silentlySkippedCount":0,"silentlySkippedDurationMs":0}
[04:18:53.109] INFO: simulator:public-processor Processed 1 successful txs and 0 failed txs (0 silently skipped, 0ms wasted) in 0.013610083000006852s {"blockNumber":5,"successfulCount":1,"failedCount":0,"duration":0.013610083000006852,"rate":83804044.39851144,"totalPublicGas":{"daGas":192,"l2Gas":1140580},"totalBlockGas":{"daGas":320,"l2Gas":1731380},"totalSizeInBytes":320,"silentlySkippedCount":0,"silentlySkippedDurationMs":0}
[04:18:53.158] INFO: txe:top_level_context Created block 6 with timestamp 1789442332
[04:18:53.388] INFO: simulator:public-processor Processed 1 successful txs and 0 failed txs (0 silently skipped, 0ms wasted) in 0.003779500000004191s {"blockNumber":7,"successfulCount":1,"failedCount":0,"duration":0.003779500000004191,"rate":0,"totalPublicGas":{"daGas":0,"l2Gas":0},"totalBlockGas":{"daGas":1984,"l2Gas":529900},"totalSizeInBytes":1984,"silentlySkippedCount":0,"silentlySkippedDurationMs":0}
[04:18:54.058] INFO: txe:top_level_context Created block 8 with timestamp 1789445933
[04:18:54.808] INFO: simulator:public-processor Processed 1 successful txs and 0 failed txs (0 silently skipped, 0ms wasted) in 0.030590542000019923s {"blockNumber":9,"successfulCount":1,"failedCount":0,"duration":0.030590542000019923,"rate":63662389.50583915,"totalPublicGas":{"daGas":2368,"l2Gas":1947467},"totalBlockGas":{"daGas":5472,"l2Gas":2762592},"totalSizeInBytes":5472,"silentlySkippedCount":0,"silentlySkippedDurationMs":0}
[billboard_test] Testing w01::w01_delegated_post_updates_owner_only ... [0m[32mok[0m
[04:18:55.473] INFO: simulator:public-processor Processed 1 successful txs and 0 failed txs (0 silently skipped, 0ms wasted) in 0.004356666000006953s {"blockNumber":10,"successfulCount":1,"failedCount":0,"duration":0.004356666000006953,"rate":2025861.0598071814,"totalPublicGas":{"daGas":0,"l2Gas":8826},"totalBlockGas":{"daGas":0,"l2Gas":8826},"totalSizeInBytes":128,"silentlySkippedCount":0,"silentlySkippedDurationMs":0}
[04:18:55.488] INFO: simulator:public-processor Processed 1 successful txs and 0 failed txs (0 silently skipped, 0ms wasted) in 0.004267790999991121s {"blockNumber":10,"successfulCount":1,"failedCount":0,"duration":0.004267790999991121,"rate":2711238.671252663,"totalPublicGas":{"daGas":0,"l2Gas":11571},"totalBlockGas":{"daGas":0,"l2Gas":11571},"totalSizeInBytes":128,"silentlySkippedCount":0,"silentlySkippedDurationMs":0}
[04:18:55.505] INFO: simulator:public-processor Processed 1 successful txs and 0 failed txs (0 silently skipped, 0ms wasted) in 0.007356999999989057s {"blockNumber":10,"successfulCount":1,"failedCount":0,"duration":0.007356999999989057,"rate":20936794.88925229,"totalPublicGas":{"daGas":0,"l2Gas":154032},"totalBlockGas":{"daGas":0,"l2Gas":154032},"totalSizeInBytes":128,"silentlySkippedCount":0,"silentlySkippedDurationMs":0}
[04:18:56.397] INFO: simulator:public-processor Processed 1 successful txs and 0 failed txs (0 silently skipped, 0ms wasted) in 0.026510750000015834s {"blockNumber":29,"successfulCount":1,"failedCount":0,"duration":0.026510750000015834,"rate":73459521.13760783,"totalPublicGas":{"daGas":2368,"l2Gas":1947467},"totalBlockGas":{"daGas":3744,"l2Gas":2674217},"totalSizeInBytes":3744,"silentlySkippedCount":0,"silentlySkippedDurationMs":0}
[04:18:56.427] INFO: simulator:public-processor Processed 1 successful txs and 0 failed txs (0 silently skipped, 0ms wasted) in 0.004021291999990353s {"blockNumber":30,"successfulCount":1,"failedCount":0,"duration":0.004021291999990353,"rate":2194816.989171931,"totalPublicGas":{"daGas":0,"l2Gas":8826},"totalBlockGas":{"daGas":0,"l2Gas":8826},"totalSizeInBytes":128,"silentlySkippedCount":0,"silentlySkippedDurationMs":0}
[04:18:56.440] INFO: simulator:public-processor Processed 1 successful txs and 0 failed txs (0 silently skipped, 0ms wasted) in 0.003995874999993248s {"blockNumber":30,"successfulCount":1,"failedCount":0,"duration":0.003995874999993248,"rate":2895736.227990003,"totalPublicGas":{"daGas":0,"l2Gas":11571},"totalBlockGas":{"daGas":0,"l2Gas":11571},"totalSizeInBytes":128,"silentlySkippedCount":0,"silentlySkippedDurationMs":0}
[04:18:56.454] INFO: simulator:public-processor Processed 1 successful txs and 0 failed txs (0 silently skipped, 0ms wasted) in 0.003880749999982072s {"blockNumber":30,"successfulCount":1,"failedCount":0,"duration":0.003880749999982072,"rate":2661598.91774727,"totalPublicGas":{"daGas":0,"l2Gas":10329},"totalBlockGas":{"daGas":0,"l2Gas":10329},"totalSizeInBytes":128,"silentlySkippedCount":0,"silentlySkippedDurationMs":0}
[04:18:56.470] INFO: simulator:public-processor Processed 1 successful txs and 0 failed txs (0 silently skipped, 0ms wasted) in 0.006712541000015335s {"blockNumber":30,"successfulCount":1,"failedCount":0,"duration":0.006712541000015335,"rate":22946898.94626314,"totalPublicGas":{"daGas":0,"l2Gas":154032},"totalBlockGas":{"daGas":0,"l2Gas":154032},"totalSizeInBytes":128,"silentlySkippedCount":0,"silentlySkippedDurationMs":0}
[04:18:56.484] INFO: simulator:public-processor Processed 1 successful txs and 0 failed txs (0 silently skipped, 0ms wasted) in 0.00405791699999827s {"blockNumber":30,"successfulCount":1,"failedCount":0,"duration":0.00405791699999827,"rate":3131655.9702934828,"totalPublicGas":{"daGas":0,"l2Gas":12708},"totalBlockGas":{"daGas":0,"l2Gas":12708},"totalSizeInBytes":128,"silentlySkippedCount":0,"silentlySkippedDurationMs":0}
[04:18:56.498] INFO: simulator:public-processor Processed 1 successful txs and 0 failed txs (0 silently skipped, 0ms wasted) in 0.00415649999998277s {"blockNumber":30,"successfulCount":1,"failedCount":0,"duration":0.00415649999998277,"rate":3096355.106472597,"totalPublicGas":{"daGas":0,"l2Gas":12870},"totalBlockGas":{"daGas":0,"l2Gas":12870},"totalSizeInBytes":128,"silentlySkippedCount":0,"silentlySkippedDurationMs":0}
[04:18:57.430] INFO: kv-store:lmdb-v2 Starting data store with maxReaders 2
[04:18:57.431] INFO: world-state:database Creating world state data store at directory /var/folders/ym/q1vh2x5n58xbsmpmvs5_6w3r0000gn/T/aztec-world-state-xCjvk3/world_state with map sizes {"archiveTreeMapSizeKb":10485760,"nullifierTreeMapSizeKb":10485760,"noteHashTreeMapSizeKb":10485760,"messageTreeMapSizeKb":10485760,"publicDataTreeMapSizeKb":10485760} and 2 threads (ephemeral=true).
[04:18:57.439] INFO: txe_node Aztec Node version: txe
[04:18:57.439] INFO: txe_node Aztec Node started on chain 0x1
[04:18:57.452] INFO: txe:top_level_context Created block 1 with timestamp 1789442337
[04:18:57.489] INFO: txe:top_level_context Created block 2 with timestamp 1789442337
[04:18:57.580] INFO: simulator:public-processor Processed 1 successful txs and 0 failed txs (0 silently skipped, 0ms wasted) in 0.04676324999998906s {"blockNumber":3,"successfulCount":1,"failedCount":0,"duration":0.04676324999998906,"rate":69202846.25214794,"totalPublicGas":{"daGas":4000,"l2Gas":3236150},"totalBlockGas":{"daGas":4000,"l2Gas":3236150},"totalSizeInBytes":4128,"silentlySkippedCount":0,"silentlySkippedDurationMs":0}
[04:18:57.722] INFO: simulator:public-processor Processed 1 successful txs and 0 failed txs (0 silently skipped, 0ms wasted) in 0.003832542000018293s {"blockNumber":4,"successfulCount":1,"failedCount":0,"duration":0.003832542000018293,"rate":0,"totalPublicGas":{"daGas":0,"l2Gas":0},"totalBlockGas":{"daGas":832,"l2Gas":499700},"totalSizeInBytes":832,"silentlySkippedCount":0,"silentlySkippedDurationMs":0}
[04:18:57.955] INFO: simulator:public-processor Processed 1 successful txs and 0 failed txs (0 silently skipped, 0ms wasted) in 0.014815708999987692s {"blockNumber":5,"successfulCount":1,"failedCount":0,"duration":0.014815708999987692,"rate":76984503.40789951,"totalPublicGas":{"daGas":192,"l2Gas":1140580},"totalBlockGas":{"daGas":320,"l2Gas":1731380},"totalSizeInBytes":320,"silentlySkippedCount":0,"silentlySkippedDurationMs":0}
[04:18:57.994] INFO: txe:top_level_context Created block 6 with timestamp 1789442337
[04:18:58.210] INFO: simulator:public-processor Processed 1 successful txs and 0 failed txs (0 silently skipped, 0ms wasted) in 0.0067328339999949095s {"blockNumber":7,"successfulCount":1,"failedCount":0,"duration":0.0067328339999949095,"rate":0,"totalPublicGas":{"daGas":0,"l2Gas":0},"totalBlockGas":{"daGas":1984,"l2Gas":529900},"totalSizeInBytes":1984,"silentlySkippedCount":0,"silentlySkippedDurationMs":0}
[04:18:58.808] INFO: txe:top_level_context Created block 8 with timestamp 1789445938
[billboard_test] Testing w01::w01_post_rejects_changed_authorization_nonce ... [0m[32mok[0m
[04:18:59.740] INFO: simulator:public-processor Processed 1 successful txs and 0 failed txs (0 silently skipped, 0ms wasted) in 0.026957208000007084s {"blockNumber":30,"successfulCount":1,"failedCount":0,"duration":0.026957208000007084,"rate":72242904.38384748,"totalPublicGas":{"daGas":2368,"l2Gas":1947467},"totalBlockGas":{"daGas":3744,"l2Gas":2674217},"totalSizeInBytes":3744,"silentlySkippedCount":0,"silentlySkippedDurationMs":0}
[04:18:59.769] INFO: simulator:public-processor Processed 1 successful txs and 0 failed txs (0 silently skipped, 0ms wasted) in 0.004298999999999068s {"blockNumber":31,"successfulCount":1,"failedCount":0,"duration":0.004298999999999068,"rate":2053035.5896724616,"totalPublicGas":{"daGas":0,"l2Gas":8826},"totalBlockGas":{"daGas":0,"l2Gas":8826},"totalSizeInBytes":128,"silentlySkippedCount":0,"silentlySkippedDurationMs":0}
[04:18:59.784] INFO: simulator:public-processor Processed 1 successful txs and 0 failed txs (0 silently skipped, 0ms wasted) in 0.004178249999997206s {"blockNumber":31,"successfulCount":1,"failedCount":0,"duration":0.004178249999997206,"rate":2769341.2313786247,"totalPublicGas":{"daGas":0,"l2Gas":11571},"totalBlockGas":{"daGas":0,"l2Gas":11571},"totalSizeInBytes":128,"silentlySkippedCount":0,"silentlySkippedDurationMs":0}
[04:18:59.798] INFO: simulator:public-processor Processed 1 successful txs and 0 failed txs (0 silently skipped, 0ms wasted) in 0.004097624999994878s {"blockNumber":31,"successfulCount":1,"failedCount":0,"duration":0.004097624999994878,"rate":2520728.4707636526,"totalPublicGas":{"daGas":0,"l2Gas":10329},"totalBlockGas":{"daGas":0,"l2Gas":10329},"totalSizeInBytes":128,"silentlySkippedCount":0,"silentlySkippedDurationMs":0}
[04:18:59.816] INFO: simulator:public-processor Processed 1 successful txs and 0 failed txs (0 silently skipped, 0ms wasted) in 0.007346290999994381s {"blockNumber":31,"successfulCount":1,"failedCount":0,"duration":0.007346290999994381,"rate":20967315.34322801,"totalPublicGas":{"daGas":0,"l2Gas":154032},"totalBlockGas":{"daGas":0,"l2Gas":154032},"totalSizeInBytes":128,"silentlySkippedCount":0,"silentlySkippedDurationMs":0}
[04:18:59.831] INFO: simulator:public-processor Processed 1 successful txs and 0 failed txs (0 silently skipped, 0ms wasted) in 0.004771165999991354s {"blockNumber":31,"successfulCount":1,"failedCount":0,"duration":0.004771165999991354,"rate":2663499.8656561165,"totalPublicGas":{"daGas":0,"l2Gas":12708},"totalBlockGas":{"daGas":0,"l2Gas":12708},"totalSizeInBytes":128,"silentlySkippedCount":0,"silentlySkippedDurationMs":0}
[04:18:59.846] INFO: simulator:public-processor Processed 1 successful txs and 0 failed txs (0 silently skipped, 0ms wasted) in 0.0043665409999957775s {"blockNumber":31,"successfulCount":1,"failedCount":0,"duration":0.0043665409999957775,"rate":2947413.0667758407,"totalPublicGas":{"daGas":0,"l2Gas":12870},"totalBlockGas":{"daGas":0,"l2Gas":12870},"totalSizeInBytes":128,"silentlySkippedCount":0,"silentlySkippedDurationMs":0}
[04:19:01.229] INFO: kv-store:lmdb-v2 Starting data store with maxReaders 2
[04:19:01.230] INFO: world-state:database Creating world state data store at directory /var/folders/ym/q1vh2x5n58xbsmpmvs5_6w3r0000gn/T/aztec-world-state-Ym0S8n/world_state with map sizes {"archiveTreeMapSizeKb":10485760,"nullifierTreeMapSizeKb":10485760,"noteHashTreeMapSizeKb":10485760,"messageTreeMapSizeKb":10485760,"publicDataTreeMapSizeKb":10485760} and 2 threads (ephemeral=true).
[04:19:01.238] INFO: txe_node Aztec Node version: txe
[04:19:01.238] INFO: txe_node Aztec Node started on chain 0x1
[04:19:01.254] INFO: txe:top_level_context Created block 1 with timestamp 1789442341
[04:19:01.288] INFO: txe:top_level_context Created block 2 with timestamp 1789442341
[04:19:01.363] INFO: simulator:public-processor Processed 1 successful txs and 0 failed txs (0 silently skipped, 0ms wasted) in 0.04598154099998646s {"blockNumber":3,"successfulCount":1,"failedCount":0,"duration":0.04598154099998646,"rate":70379328.95726468,"totalPublicGas":{"daGas":4000,"l2Gas":3236150},"totalBlockGas":{"daGas":4000,"l2Gas":3236150},"totalSizeInBytes":4128,"silentlySkippedCount":0,"silentlySkippedDurationMs":0}
[04:19:01.530] INFO: simulator:public-processor Processed 1 successful txs and 0 failed txs (0 silently skipped, 0ms wasted) in 0.0038452920000418087s {"blockNumber":4,"successfulCount":1,"failedCount":0,"duration":0.0038452920000418087,"rate":0,"totalPublicGas":{"daGas":0,"l2Gas":0},"totalBlockGas":{"daGas":832,"l2Gas":499700},"totalSizeInBytes":832,"silentlySkippedCount":0,"silentlySkippedDurationMs":0}
[04:19:01.774] INFO: simulator:public-processor Processed 1 successful txs and 0 failed txs (0 silently skipped, 0ms wasted) in 0.014830375000019557s {"blockNumber":5,"successfulCount":1,"failedCount":0,"duration":0.014830375000019557,"rate":76908372.17524816,"totalPublicGas":{"daGas":192,"l2Gas":1140580},"totalBlockGas":{"daGas":320,"l2Gas":1731380},"totalSizeInBytes":320,"silentlySkippedCount":0,"silentlySkippedDurationMs":0}
[04:19:01.802] INFO: txe:top_level_context Created block 6 with timestamp 1789442341
[04:19:02.009] INFO: simulator:public-processor Processed 1 successful txs and 0 failed txs (0 silently skipped, 0ms wasted) in 0.0038364999999757855s {"blockNumber":7,"successfulCount":1,"failedCount":0,"duration":0.0038364999999757855,"rate":0,"totalPublicGas":{"daGas":0,"l2Gas":0},"totalBlockGas":{"daGas":1984,"l2Gas":529900},"totalSizeInBytes":1984,"silentlySkippedCount":0,"silentlySkippedDurationMs":0}
[04:19:02.750] INFO: simulator:public-processor Processed 1 successful txs and 0 failed txs (0 silently skipped, 0ms wasted) in 0.02844962500000838s {"blockNumber":31,"successfulCount":1,"failedCount":0,"duration":0.02844962500000838,"rate":68453169.41785441,"totalPublicGas":{"daGas":2368,"l2Gas":1947467},"totalBlockGas":{"daGas":3744,"l2Gas":2674217},"totalSizeInBytes":3744,"silentlySkippedCount":0,"silentlySkippedDurationMs":0}
[04:19:02.782] INFO: txe:top_level_context Created block 8 with timestamp 1789445942
[04:19:02.783] INFO: simulator:public-processor Processed 1 successful txs and 0 failed txs (0 silently skipped, 0ms wasted) in 0.004209541000018362s {"blockNumber":32,"successfulCount":1,"failedCount":0,"duration":0.004209541000018362,"rate":2096665.645960332,"totalPublicGas":{"daGas":0,"l2Gas":8826},"totalBlockGas":{"daGas":0,"l2Gas":8826},"totalSizeInBytes":128,"silentlySkippedCount":0,"silentlySkippedDurationMs":0}
[04:19:02.797] INFO: simulator:public-processor Processed 1 successful txs and 0 failed txs (0 silently skipped, 0ms wasted) in 0.004385791999986395s {"blockNumber":32,"successfulCount":1,"failedCount":0,"duration":0.004385791999986395,"rate":2638292.0120324665,"totalPublicGas":{"daGas":0,"l2Gas":11571},"totalBlockGas":{"daGas":0,"l2Gas":11571},"totalSizeInBytes":128,"silentlySkippedCount":0,"silentlySkippedDurationMs":0}
[04:19:02.835] INFO: simulator:public-processor Processed 1 successful txs and 0 failed txs (0 silently skipped, 0ms wasted) in 0.013374917000008282s {"blockNumber":32,"successfulCount":1,"failedCount":0,"duration":0.013374917000008282,"rate":772266.4746251213,"totalPublicGas":{"daGas":0,"l2Gas":10329},"totalBlockGas":{"daGas":0,"l2Gas":10329},"totalSizeInBytes":128,"silentlySkippedCount":0,"silentlySkippedDurationMs":0}
[04:19:02.858] INFO: simulator:public-processor Processed 1 successful txs and 0 failed txs (0 silently skipped, 0ms wasted) in 0.009750875000027009s {"blockNumber":32,"successfulCount":1,"failedCount":0,"duration":0.009750875000027009,"rate":15796736.190298138,"totalPublicGas":{"daGas":0,"l2Gas":154032},"totalBlockGas":{"daGas":0,"l2Gas":154032},"totalSizeInBytes":128,"silentlySkippedCount":0,"silentlySkippedDurationMs":0}
[04:19:02.885] INFO: simulator:public-processor Processed 1 successful txs and 0 failed txs (0 silently skipped, 0ms wasted) in 0.004576417000032962s {"blockNumber":32,"successfulCount":1,"failedCount":0,"duration":0.004576417000032962,"rate":2776844.85480857,"totalPublicGas":{"daGas":0,"l2Gas":12708},"totalBlockGas":{"daGas":0,"l2Gas":12708},"totalSizeInBytes":128,"silentlySkippedCount":0,"silentlySkippedDurationMs":0}
[04:19:02.900] INFO: simulator:public-processor Processed 1 successful txs and 0 failed txs (0 silently skipped, 0ms wasted) in 0.004638875000004191s {"blockNumber":32,"successfulCount":1,"failedCount":0,"duration":0.004638875000004191,"rate":2774379.564008164,"totalPublicGas":{"daGas":0,"l2Gas":12870},"totalBlockGas":{"daGas":0,"l2Gas":12870},"totalSizeInBytes":128,"silentlySkippedCount":0,"silentlySkippedDurationMs":0}
[billboard_test] Testing w01::w01_post_rejects_changed_message ... [0m[32mok[0m
[04:19:05.408] INFO: kv-store:lmdb-v2 Starting data store with maxReaders 2
[04:19:05.464] INFO: world-state:database Creating world state data store at directory /var/folders/ym/q1vh2x5n58xbsmpmvs5_6w3r0000gn/T/aztec-world-state-AjPhHR/world_state with map sizes {"archiveTreeMapSizeKb":10485760,"nullifierTreeMapSizeKb":10485760,"noteHashTreeMapSizeKb":10485760,"messageTreeMapSizeKb":10485760,"publicDataTreeMapSizeKb":10485760} and 2 threads (ephemeral=true).
[04:19:05.473] INFO: txe_node Aztec Node version: txe
[04:19:05.473] INFO: txe_node Aztec Node started on chain 0x1
[04:19:05.490] INFO: txe:top_level_context Created block 1 with timestamp 1789442345
[04:19:05.579] INFO: txe:top_level_context Created block 2 with timestamp 1789442345
[04:19:05.596] INFO: simulator:public-processor Processed 1 successful txs and 0 failed txs (0 silently skipped, 0ms wasted) in 0.028146125000028405s {"blockNumber":32,"successfulCount":1,"failedCount":0,"duration":0.028146125000028405,"rate":69191300.75625098,"totalPublicGas":{"daGas":2368,"l2Gas":1947467},"totalBlockGas":{"daGas":3744,"l2Gas":2674217},"totalSizeInBytes":3744,"silentlySkippedCount":0,"silentlySkippedDurationMs":0}
[04:19:05.634] INFO: simulator:public-processor Processed 1 successful txs and 0 failed txs (0 silently skipped, 0ms wasted) in 0.004640165999997407s {"blockNumber":33,"successfulCount":1,"failedCount":0,"duration":0.004640165999997407,"rate":1902087.1236082788,"totalPublicGas":{"daGas":0,"l2Gas":8826},"totalBlockGas":{"daGas":0,"l2Gas":8826},"totalSizeInBytes":128,"silentlySkippedCount":0,"silentlySkippedDurationMs":0}
[04:19:05.649] INFO: simulator:public-processor Processed 1 successful txs and 0 failed txs (0 silently skipped, 0ms wasted) in 0.00455941599997459s {"blockNumber":33,"successfulCount":1,"failedCount":0,"duration":0.00455941599997459,"rate":2537825.0197096486,"totalPublicGas":{"daGas":0,"l2Gas":11571},"totalBlockGas":{"daGas":0,"l2Gas":11571},"totalSizeInBytes":128,"silentlySkippedCount":0,"silentlySkippedDurationMs":0}
[04:19:05.654] INFO: simulator:public-processor Processed 1 successful txs and 0 failed txs (0 silently skipped, 0ms wasted) in 0.04491649999999208s {"blockNumber":3,"successfulCount":1,"failedCount":0,"duration":0.04491649999999208,"rate":72048133.75932164,"totalPublicGas":{"daGas":4000,"l2Gas":3236150},"totalBlockGas":{"daGas":4000,"l2Gas":3236150},"totalSizeInBytes":4128,"silentlySkippedCount":0,"silentlySkippedDurationMs":0}
[04:19:05.665] INFO: simulator:public-processor Processed 1 successful txs and 0 failed txs (0 silently skipped, 0ms wasted) in 0.004877832999976818s {"blockNumber":33,"successfulCount":1,"failedCount":0,"duration":0.004877832999976818,"rate":2117538.6693331013,"totalPublicGas":{"daGas":0,"l2Gas":10329},"totalBlockGas":{"daGas":0,"l2Gas":10329},"totalSizeInBytes":128,"silentlySkippedCount":0,"silentlySkippedDurationMs":0}
[04:19:05.687] INFO: simulator:public-processor Processed 1 successful txs and 0 failed txs (0 silently skipped, 0ms wasted) in 0.011439249999995809s {"blockNumber":33,"successfulCount":1,"failedCount":0,"duration":0.011439249999995809,"rate":13465218.436528306,"totalPublicGas":{"daGas":0,"l2Gas":154032},"totalBlockGas":{"daGas":0,"l2Gas":154032},"totalSizeInBytes":128,"silentlySkippedCount":0,"silentlySkippedDurationMs":0}
[04:19:05.707] INFO: simulator:public-processor Processed 1 successful txs and 0 failed txs (0 silently skipped, 0ms wasted) in 0.005987625000008848s {"blockNumber":33,"successfulCount":1,"failedCount":0,"duration":0.005987625000008848,"rate":2122377.403391365,"totalPublicGas":{"daGas":0,"l2Gas":12708},"totalBlockGas":{"daGas":0,"l2Gas":12708},"totalSizeInBytes":128,"silentlySkippedCount":0,"silentlySkippedDurationMs":0}
[04:19:05.726] INFO: simulator:public-processor Processed 1 successful txs and 0 failed txs (0 silently skipped, 0ms wasted) in 0.004404833999986295s {"blockNumber":33,"successfulCount":1,"failedCount":0,"duration":0.004404833999986295,"rate":2921790.0152514363,"totalPublicGas":{"daGas":0,"l2Gas":12870},"totalBlockGas":{"daGas":0,"l2Gas":12870},"totalSizeInBytes":128,"silentlySkippedCount":0,"silentlySkippedDurationMs":0}
[04:19:06.043] INFO: simulator:public-processor Processed 1 successful txs and 0 failed txs (0 silently skipped, 0ms wasted) in 0.00395150000002468s {"blockNumber":4,"successfulCount":1,"failedCount":0,"duration":0.00395150000002468,"rate":0,"totalPublicGas":{"daGas":0,"l2Gas":0},"totalBlockGas":{"daGas":832,"l2Gas":499700},"totalSizeInBytes":832,"silentlySkippedCount":0,"silentlySkippedDurationMs":0}
[04:19:06.179] INFO: simulator:public-processor Processed 1 successful txs and 0 failed txs (0 silently skipped, 0ms wasted) in 0.014123833000019658s {"blockNumber":5,"successfulCount":1,"failedCount":0,"duration":0.014123833000019658,"rate":80755698.54149455,"totalPublicGas":{"daGas":192,"l2Gas":1140580},"totalBlockGas":{"daGas":320,"l2Gas":1731380},"totalSizeInBytes":320,"silentlySkippedCount":0,"silentlySkippedDurationMs":0}
[04:19:06.207] INFO: txe:top_level_context Created block 6 with timestamp 1789442345
[04:19:06.433] INFO: simulator:public-processor Processed 1 successful txs and 0 failed txs (0 silently skipped, 0ms wasted) in 0.0037825830000219867s {"blockNumber":7,"successfulCount":1,"failedCount":0,"duration":0.0037825830000219867,"rate":0,"totalPublicGas":{"daGas":0,"l2Gas":0},"totalBlockGas":{"daGas":1984,"l2Gas":529900},"totalSizeInBytes":1984,"silentlySkippedCount":0,"silentlySkippedDurationMs":0}
[04:19:07.072] INFO: txe:top_level_context Created block 8 with timestamp 1789445946
[billboard_test] Testing w01::w01_post_rejects_missing_authorization ... [0m[32mok[0m
[04:19:08.906] INFO: simulator:public-processor Processed 1 successful txs and 0 failed txs (0 silently skipped, 0ms wasted) in 0.030075917000009212s {"blockNumber":33,"successfulCount":1,"failedCount":0,"duration":0.030075917000009212,"rate":64751708.15238663,"totalPublicGas":{"daGas":2368,"l2Gas":1947467},"totalBlockGas":{"daGas":3744,"l2Gas":2674217},"totalSizeInBytes":3744,"silentlySkippedCount":0,"silentlySkippedDurationMs":0}
[04:19:08.937] INFO: simulator:public-processor Processed 1 successful txs and 0 failed txs (0 silently skipped, 0ms wasted) in 0.004595582999987528s {"blockNumber":34,"successfulCount":1,"failedCount":0,"duration":0.004595582999987528,"rate":1920539.7878841388,"totalPublicGas":{"daGas":0,"l2Gas":8826},"totalBlockGas":{"daGas":0,"l2Gas":8826},"totalSizeInBytes":128,"silentlySkippedCount":0,"silentlySkippedDurationMs":0}
[04:19:08.952] INFO: simulator:public-processor Processed 1 successful txs and 0 failed txs (0 silently skipped, 0ms wasted) in 0.004698042000003625s {"blockNumber":34,"successfulCount":1,"failedCount":0,"duration":0.004698042000003625,"rate":2462940.9443319305,"totalPublicGas":{"daGas":0,"l2Gas":11571},"totalBlockGas":{"daGas":0,"l2Gas":11571},"totalSizeInBytes":128,"silentlySkippedCount":0,"silentlySkippedDurationMs":0}
[04:19:08.966] INFO: simulator:public-processor Processed 1 successful txs and 0 failed txs (0 silently skipped, 0ms wasted) in 0.004195499999972526s {"blockNumber":34,"successfulCount":1,"failedCount":0,"duration":0.004195499999972526,"rate":2461923.4894691072,"totalPublicGas":{"daGas":0,"l2Gas":10329},"totalBlockGas":{"daGas":0,"l2Gas":10329},"totalSizeInBytes":128,"silentlySkippedCount":0,"silentlySkippedDurationMs":0}
[04:19:08.984] INFO: simulator:public-processor Processed 1 successful txs and 0 failed txs (0 silently skipped, 0ms wasted) in 0.006845666999986861s {"blockNumber":34,"successfulCount":1,"failedCount":0,"duration":0.006845666999986861,"rate":22500656.25457616,"totalPublicGas":{"daGas":0,"l2Gas":154032},"totalBlockGas":{"daGas":0,"l2Gas":154032},"totalSizeInBytes":128,"silentlySkippedCount":0,"silentlySkippedDurationMs":0}
[04:19:08.998] INFO: simulator:public-processor Processed 1 successful txs and 0 failed txs (0 silently skipped, 0ms wasted) in 0.004110333000018727s {"blockNumber":34,"successfulCount":1,"failedCount":0,"duration":0.004110333000018727,"rate":3091720.3058589417,"totalPublicGas":{"daGas":0,"l2Gas":12708},"totalBlockGas":{"daGas":0,"l2Gas":12708},"totalSizeInBytes":128,"silentlySkippedCount":0,"silentlySkippedDurationMs":0}
[04:19:09.012] INFO: simulator:public-processor Processed 1 successful txs and 0 failed txs (0 silently skipped, 0ms wasted) in 0.004117582999984734s {"blockNumber":34,"successfulCount":1,"failedCount":0,"duration":0.004117582999984734,"rate":3125620.054300719,"totalPublicGas":{"daGas":0,"l2Gas":12870},"totalBlockGas":{"daGas":0,"l2Gas":12870},"totalSizeInBytes":128,"silentlySkippedCount":0,"silentlySkippedDurationMs":0}
[04:19:09.516] INFO: kv-store:lmdb-v2 Starting data store with maxReaders 2
[04:19:09.518] INFO: world-state:database Creating world state data store at directory /var/folders/ym/q1vh2x5n58xbsmpmvs5_6w3r0000gn/T/aztec-world-state-jX8i8l/world_state with map sizes {"archiveTreeMapSizeKb":10485760,"nullifierTreeMapSizeKb":10485760,"noteHashTreeMapSizeKb":10485760,"messageTreeMapSizeKb":10485760,"publicDataTreeMapSizeKb":10485760} and 2 threads (ephemeral=true).
[04:19:09.526] INFO: txe_node Aztec Node version: txe
[04:19:09.526] INFO: txe_node Aztec Node started on chain 0x1
[04:19:09.538] INFO: txe:top_level_context Created block 1 with timestamp 1789442349
[04:19:09.580] INFO: txe:top_level_context Created block 2 with timestamp 1789442349
[04:19:09.734] INFO: simulator:public-processor Processed 1 successful txs and 0 failed txs (0 silently skipped, 0ms wasted) in 0.03914579199999571s {"blockNumber":3,"successfulCount":1,"failedCount":0,"duration":0.03914579199999571,"rate":82669166.58629246,"totalPublicGas":{"daGas":4000,"l2Gas":3236150},"totalBlockGas":{"daGas":4000,"l2Gas":3236150},"totalSizeInBytes":4128,"silentlySkippedCount":0,"silentlySkippedDurationMs":0}
[04:19:09.922] INFO: simulator:public-processor Processed 1 successful txs and 0 failed txs (0 silently skipped, 0ms wasted) in 0.0037621670000371524s {"blockNumber":4,"successfulCount":1,"failedCount":0,"duration":0.0037621670000371524,"rate":0,"totalPublicGas":{"daGas":0,"l2Gas":0},"totalBlockGas":{"daGas":832,"l2Gas":499700},"totalSizeInBytes":832,"silentlySkippedCount":0,"silentlySkippedDurationMs":0}
[04:19:10.097] INFO: simulator:public-processor Processed 1 successful txs and 0 failed txs (0 silently skipped, 0ms wasted) in 0.014845957999990788s {"blockNumber":5,"successfulCount":1,"failedCount":0,"duration":0.014845957999990788,"rate":76827645.61240897,"totalPublicGas":{"daGas":192,"l2Gas":1140580},"totalBlockGas":{"daGas":320,"l2Gas":1731380},"totalSizeInBytes":320,"silentlySkippedCount":0,"silentlySkippedDurationMs":0}
[04:19:10.132] INFO: txe:top_level_context Created block 6 with timestamp 1789442349
[04:19:10.415] INFO: simulator:public-processor Processed 1 successful txs and 0 failed txs (0 silently skipped, 0ms wasted) in 0.004512167000037153s {"blockNumber":7,"successfulCount":1,"failedCount":0,"duration":0.004512167000037153,"rate":0,"totalPublicGas":{"daGas":0,"l2Gas":0},"totalBlockGas":{"daGas":1984,"l2Gas":529900},"totalSizeInBytes":1984,"silentlySkippedCount":0,"silentlySkippedDurationMs":0}
[04:19:10.984] INFO: txe:top_level_context Created block 8 with timestamp 1789445950
[billboard_test] Testing w01::w01_post_rejects_wrong_caller ... [0m[32mok[0m
[04:19:12.244] INFO: simulator:public-processor Processed 1 successful txs and 0 failed txs (0 silently skipped, 0ms wasted) in 0.02860608300002059s {"blockNumber":34,"successfulCount":1,"failedCount":0,"duration":0.02860608300002059,"rate":68078771.91709884,"totalPublicGas":{"daGas":2368,"l2Gas":1947467},"totalBlockGas":{"daGas":3744,"l2Gas":2674217},"totalSizeInBytes":3744,"silentlySkippedCount":0,"silentlySkippedDurationMs":0}
[04:19:12.274] INFO: simulator:public-processor Processed 1 successful txs and 0 failed txs (0 silently skipped, 0ms wasted) in 0.004159750000049826s {"blockNumber":35,"successfulCount":1,"failedCount":0,"duration":0.004159750000049826,"rate":2121762.1251022974,"totalPublicGas":{"daGas":0,"l2Gas":8826},"totalBlockGas":{"daGas":0,"l2Gas":8826},"totalSizeInBytes":128,"silentlySkippedCount":0,"silentlySkippedDurationMs":0}
[04:19:12.288] INFO: simulator:public-processor Processed 1 successful txs and 0 failed txs (0 silently skipped, 0ms wasted) in 0.004132083000033163s {"blockNumber":35,"successfulCount":1,"failedCount":0,"duration":0.004132083000033163,"rate":2800282.5693257214,"totalPublicGas":{"daGas":0,"l2Gas":11571},"totalBlockGas":{"daGas":0,"l2Gas":11571},"totalSizeInBytes":128,"silentlySkippedCount":0,"silentlySkippedDurationMs":0}
[04:19:12.302] INFO: simulator:public-processor Processed 1 successful txs and 0 failed txs (0 silently skipped, 0ms wasted) in 0.004116957999998704s {"blockNumber":35,"successfulCount":1,"failedCount":0,"duration":0.004116957999998704,"rate":2508891.2736062044,"totalPublicGas":{"daGas":0,"l2Gas":10329},"totalBlockGas":{"daGas":0,"l2Gas":10329},"totalSizeInBytes":128,"silentlySkippedCount":0,"silentlySkippedDurationMs":0}
[04:19:12.318] INFO: simulator:public-processor Processed 1 successful txs and 0 failed txs (0 silently skipped, 0ms wasted) in 0.006794500000018161s {"blockNumber":35,"successfulCount":1,"failedCount":0,"duration":0.006794500000018161,"rate":22670100.81677655,"totalPublicGas":{"daGas":0,"l2Gas":154032},"totalBlockGas":{"daGas":0,"l2Gas":154032},"totalSizeInBytes":128,"silentlySkippedCount":0,"silentlySkippedDurationMs":0}
[04:19:12.332] INFO: simulator:public-processor Processed 1 successful txs and 0 failed txs (0 silently skipped, 0ms wasted) in 0.004042124999978114s {"blockNumber":35,"successfulCount":1,"failedCount":0,"duration":0.004042124999978114,"rate":3143890.898987243,"totalPublicGas":{"daGas":0,"l2Gas":12708},"totalBlockGas":{"daGas":0,"l2Gas":12708},"totalSizeInBytes":128,"silentlySkippedCount":0,"silentlySkippedDurationMs":0}
[04:19:12.346] INFO: simulator:public-processor Processed 1 successful txs and 0 failed txs (0 silently skipped, 0ms wasted) in 0.004137749999994412s {"blockNumber":35,"successfulCount":1,"failedCount":0,"duration":0.004137749999994412,"rate":3110386.0793951736,"totalPublicGas":{"daGas":0,"l2Gas":12870},"totalBlockGas":{"daGas":0,"l2Gas":12870},"totalSizeInBytes":128,"silentlySkippedCount":0,"silentlySkippedDurationMs":0}
[04:19:13.474] INFO: kv-store:lmdb-v2 Starting data store with maxReaders 2
[04:19:13.475] INFO: world-state:database Creating world state data store at directory /var/folders/ym/q1vh2x5n58xbsmpmvs5_6w3r0000gn/T/aztec-world-state-JJAOq8/world_state with map sizes {"archiveTreeMapSizeKb":10485760,"nullifierTreeMapSizeKb":10485760,"noteHashTreeMapSizeKb":10485760,"messageTreeMapSizeKb":10485760,"publicDataTreeMapSizeKb":10485760} and 2 threads (ephemeral=true).
[04:19:13.484] INFO: txe_node Aztec Node version: txe
[04:19:13.484] INFO: txe_node Aztec Node started on chain 0x1
[04:19:13.496] INFO: txe:top_level_context Created block 1 with timestamp 1789442353
[04:19:13.532] INFO: txe:top_level_context Created block 2 with timestamp 1789442353
[04:19:13.601] INFO: simulator:public-processor Processed 1 successful txs and 0 failed txs (0 silently skipped, 0ms wasted) in 0.04014908399997512s {"blockNumber":3,"successfulCount":1,"failedCount":0,"duration":0.04014908399997512,"rate":80603333.31644641,"totalPublicGas":{"daGas":4000,"l2Gas":3236150},"totalBlockGas":{"daGas":4000,"l2Gas":3236150},"totalSizeInBytes":4128,"silentlySkippedCount":0,"silentlySkippedDurationMs":0}
[04:19:13.812] INFO: simulator:public-processor Processed 1 successful txs and 0 failed txs (0 silently skipped, 0ms wasted) in 0.0038463750000228172s {"blockNumber":4,"successfulCount":1,"failedCount":0,"duration":0.0038463750000228172,"rate":0,"totalPublicGas":{"daGas":0,"l2Gas":0},"totalBlockGas":{"daGas":832,"l2Gas":499700},"totalSizeInBytes":832,"silentlySkippedCount":0,"silentlySkippedDurationMs":0}
[04:19:14.055] INFO: simulator:public-processor Processed 1 successful txs and 0 failed txs (0 silently skipped, 0ms wasted) in 0.015035125000053086s {"blockNumber":5,"successfulCount":1,"failedCount":0,"duration":0.015035125000053086,"rate":75861025.43184529,"totalPublicGas":{"daGas":192,"l2Gas":1140580},"totalBlockGas":{"daGas":320,"l2Gas":1731380},"totalSizeInBytes":320,"silentlySkippedCount":0,"silentlySkippedDurationMs":0}
[04:19:14.083] INFO: txe:top_level_context Created block 6 with timestamp 1789442353
[04:19:14.347] INFO: simulator:public-processor Processed 1 successful txs and 0 failed txs (0 silently skipped, 0ms wasted) in 0.0039619589999783785s {"blockNumber":7,"successfulCount":1,"failedCount":0,"duration":0.0039619589999783785,"rate":0,"totalPublicGas":{"daGas":0,"l2Gas":0},"totalBlockGas":{"daGas":1984,"l2Gas":529900},"totalSizeInBytes":1984,"silentlySkippedCount":0,"silentlySkippedDurationMs":0}
[04:19:14.940] INFO: txe:top_level_context Created block 8 with timestamp 1789445954
[04:19:15.384] INFO: simulator:public-processor Processed 1 successful txs and 0 failed txs (0 silently skipped, 0ms wasted) in 0.02917349999997532s {"blockNumber":35,"successfulCount":1,"failedCount":0,"duration":0.02917349999997532,"rate":66754657.48030396,"totalPublicGas":{"daGas":2368,"l2Gas":1947467},"totalBlockGas":{"daGas":3744,"l2Gas":2674217},"totalSizeInBytes":3744,"silentlySkippedCount":0,"silentlySkippedDurationMs":0}
[04:19:15.539] INFO: simulator:public-processor Processed 1 successful txs and 0 failed txs (0 silently skipped, 0ms wasted) in 0.007922957999981009s {"blockNumber":36,"successfulCount":1,"failedCount":0,"duration":0.007922957999981009,"rate":1113977.8855348162,"totalPublicGas":{"daGas":0,"l2Gas":8826},"totalBlockGas":{"daGas":0,"l2Gas":8826},"totalSizeInBytes":128,"silentlySkippedCount":0,"silentlySkippedDurationMs":0}
[04:19:15.568] INFO: simulator:public-processor Processed 1 successful txs and 0 failed txs (0 silently skipped, 0ms wasted) in 0.00454662500001723s {"blockNumber":36,"successfulCount":1,"failedCount":0,"duration":0.00454662500001723,"rate":2544964.6715874197,"totalPublicGas":{"daGas":0,"l2Gas":11571},"totalBlockGas":{"daGas":0,"l2Gas":11571},"totalSizeInBytes":128,"silentlySkippedCount":0,"silentlySkippedDurationMs":0}
[04:19:15.583] INFO: simulator:public-processor Processed 1 successful txs and 0 failed txs (0 silently skipped, 0ms wasted) in 0.004397750000003725s {"blockNumber":36,"successfulCount":1,"failedCount":0,"duration":0.004397750000003725,"rate":2348701.040302712,"totalPublicGas":{"daGas":0,"l2Gas":10329},"totalBlockGas":{"daGas":0,"l2Gas":10329},"totalSizeInBytes":128,"silentlySkippedCount":0,"silentlySkippedDurationMs":0}
[04:19:15.610] INFO: simulator:public-processor Processed 1 successful txs and 0 failed txs (0 silently skipped, 0ms wasted) in 0.007621749999991152s {"blockNumber":36,"successfulCount":1,"failedCount":0,"duration":0.007621749999991152,"rate":20209531.931666456,"totalPublicGas":{"daGas":0,"l2Gas":154032},"totalBlockGas":{"daGas":0,"l2Gas":154032},"totalSizeInBytes":128,"silentlySkippedCount":0,"silentlySkippedDurationMs":0}
[04:19:15.629] INFO: simulator:public-processor Processed 1 successful txs and 0 failed txs (0 silently skipped, 0ms wasted) in 0.007759417000052053s {"blockNumber":36,"successfulCount":1,"failedCount":0,"duration":0.007759417000052053,"rate":1637751.9084120302,"totalPublicGas":{"daGas":0,"l2Gas":12708},"totalBlockGas":{"daGas":0,"l2Gas":12708},"totalSizeInBytes":128,"silentlySkippedCount":0,"silentlySkippedDurationMs":0}
[04:19:15.701] INFO: simulator:public-processor Processed 1 successful txs and 0 failed txs (0 silently skipped, 0ms wasted) in 0.005663792000035755s {"blockNumber":36,"successfulCount":1,"failedCount":0,"duration":0.005663792000035755,"rate":2272329.2098153946,"totalPublicGas":{"daGas":0,"l2Gas":12870},"totalBlockGas":{"daGas":0,"l2Gas":12870},"totalSizeInBytes":128,"silentlySkippedCount":0,"silentlySkippedDurationMs":0}
[04:19:16.082] INFO: simulator:public-processor Processed 1 successful txs and 0 failed txs (0 silently skipped, 0ms wasted) in 0.0042787910000188275s {"blockNumber":9,"successfulCount":1,"failedCount":0,"duration":0.0042787910000188275,"rate":0,"totalPublicGas":{"daGas":0,"l2Gas":0},"totalBlockGas":{"daGas":3168,"l2Gas":576100},"totalSizeInBytes":3168,"silentlySkippedCount":0,"silentlySkippedDurationMs":0}
[04:19:16.890] INFO: txe:top_level_context Created block 10 with timestamp 1789449554
[04:19:18.207] INFO: simulator:public-processor Processed 1 successful txs and 0 failed txs (0 silently skipped, 0ms wasted) in 0.031029041999951004s {"blockNumber":11,"successfulCount":1,"failedCount":0,"duration":0.031029041999951004,"rate":62762717.58577255,"totalPublicGas":{"daGas":2368,"l2Gas":1947467},"totalBlockGas":{"daGas":5472,"l2Gas":2762592},"totalSizeInBytes":5472,"silentlySkippedCount":0,"silentlySkippedDurationMs":0}
[billboard_test] Testing w01::w01_second_explicitly_authorized_caller_succeeds_with_real_hints ... [0m[32mok[0m
[04:19:19.110] INFO: simulator:public-processor Processed 1 successful txs and 0 failed txs (0 silently skipped, 0ms wasted) in 0.0068833340000128375s {"blockNumber":12,"successfulCount":1,"failedCount":0,"duration":0.0068833340000128375,"rate":1681016.7863390648,"totalPublicGas":{"daGas":0,"l2Gas":11571},"totalBlockGas":{"daGas":0,"l2Gas":11571},"totalSizeInBytes":128,"silentlySkippedCount":0,"silentlySkippedDurationMs":0}
[04:19:19.376] INFO: simulator:public-processor Processed 1 successful txs and 0 failed txs (0 silently skipped, 0ms wasted) in 0.01910245899995789s {"blockNumber":36,"successfulCount":1,"failedCount":0,"duration":0.01910245899995789,"rate":64477353.4131242,"totalPublicGas":{"daGas":2176,"l2Gas":1231676},"totalBlockGas":{"daGas":2176,"l2Gas":1231676},"totalSizeInBytes":2304,"silentlySkippedCount":0,"silentlySkippedDurationMs":0}
[04:19:19.405] INFO: simulator:public-processor Processed 1 successful txs and 0 failed txs (0 silently skipped, 0ms wasted) in 0.004303000000014436s {"blockNumber":37,"successfulCount":1,"failedCount":0,"duration":0.004303000000014436,"rate":3024401.580282673,"totalPublicGas":{"daGas":0,"l2Gas":13014},"totalBlockGas":{"daGas":0,"l2Gas":13014},"totalSizeInBytes":128,"silentlySkippedCount":0,"silentlySkippedDurationMs":0}
[04:19:19.420] INFO: simulator:public-processor Processed 1 successful txs and 0 failed txs (0 silently skipped, 0ms wasted) in 0.004186042000015732s {"blockNumber":37,"successfulCount":1,"failedCount":0,"duration":0.004186042000015732,"rate":2764186.312501526,"totalPublicGas":{"daGas":0,"l2Gas":11571},"totalBlockGas":{"daGas":0,"l2Gas":11571},"totalSizeInBytes":128,"silentlySkippedCount":0,"silentlySkippedDurationMs":0}
[04:19:19.433] INFO: simulator:public-processor Processed 1 successful txs and 0 failed txs (0 silently skipped, 0ms wasted) in 0.003999707999988459s {"blockNumber":37,"successfulCount":1,"failedCount":0,"duration":0.003999707999988459,"rate":3253737.522848556,"totalPublicGas":{"daGas":0,"l2Gas":13014},"totalBlockGas":{"daGas":0,"l2Gas":13014},"totalSizeInBytes":128,"silentlySkippedCount":0,"silentlySkippedDurationMs":0}
[04:19:19.447] INFO: simulator:public-processor Processed 1 successful txs and 0 failed txs (0 silently skipped, 0ms wasted) in 0.004155582999985199s {"blockNumber":37,"successfulCount":1,"failedCount":0,"duration":0.004155582999985199,"rate":2784446.851390337,"totalPublicGas":{"daGas":0,"l2Gas":11571},"totalBlockGas":{"daGas":0,"l2Gas":11571},"totalSizeInBytes":128,"silentlySkippedCount":0,"silentlySkippedDurationMs":0}
[04:19:19.461] INFO: simulator:public-processor Processed 1 successful txs and 0 failed txs (0 silently skipped, 0ms wasted) in 0.0040872500000405125s {"blockNumber":37,"successfulCount":1,"failedCount":0,"duration":0.0040872500000405125,"rate":3184047.953971743,"totalPublicGas":{"daGas":0,"l2Gas":13014},"totalBlockGas":{"daGas":0,"l2Gas":13014},"totalSizeInBytes":128,"silentlySkippedCount":0,"silentlySkippedDurationMs":0}
[04:19:19.476] INFO: simulator:public-processor Processed 1 successful txs and 0 failed txs (0 silently skipped, 0ms wasted) in 0.0044201670000329615s {"blockNumber":37,"successfulCount":1,"failedCount":0,"duration":0.0044201670000329615,"rate":2617774.3962872247,"totalPublicGas":{"daGas":0,"l2Gas":11571},"totalBlockGas":{"daGas":0,"l2Gas":11571},"totalSizeInBytes":128,"silentlySkippedCount":0,"silentlySkippedDurationMs":0}
[04:19:19.491] INFO: simulator:public-processor Processed 1 successful txs and 0 failed txs (0 silently skipped, 0ms wasted) in 0.004309457999945153s {"blockNumber":37,"successfulCount":1,"failedCount":0,"duration":0.004309457999945153,"rate":3019869.3200318073,"totalPublicGas":{"daGas":0,"l2Gas":13014},"totalBlockGas":{"daGas":0,"l2Gas":13014},"totalSizeInBytes":128,"silentlySkippedCount":0,"silentlySkippedDurationMs":0}
[04:19:19.506] INFO: simulator:public-processor Processed 1 successful txs and 0 failed txs (0 silently skipped, 0ms wasted) in 0.004220916999969631s {"blockNumber":37,"successfulCount":1,"failedCount":0,"duration":0.004220916999969631,"rate":2741347.437081386,"totalPublicGas":{"daGas":0,"l2Gas":11571},"totalBlockGas":{"daGas":0,"l2Gas":11571},"totalSizeInBytes":128,"silentlySkippedCount":0,"silentlySkippedDurationMs":0}
[04:19:19.520] INFO: simulator:public-processor Processed 1 successful txs and 0 failed txs (0 silently skipped, 0ms wasted) in 0.004399167000025045s {"blockNumber":37,"successfulCount":1,"failedCount":0,"duration":0.004399167000025045,"rate":2958287.3302891003,"totalPublicGas":{"daGas":0,"l2Gas":13014},"totalBlockGas":{"daGas":0,"l2Gas":13014},"totalSizeInBytes":128,"silentlySkippedCount":0,"silentlySkippedDurationMs":0}
[04:19:19.535] INFO: simulator:public-processor Processed 1 successful txs and 0 failed txs (0 silently skipped, 0ms wasted) in 0.004555958000011742s {"blockNumber":37,"successfulCount":1,"failedCount":0,"duration":0.004555958000011742,"rate":2539751.2444079113,"totalPublicGas":{"daGas":0,"l2Gas":11571},"totalBlockGas":{"daGas":0,"l2Gas":11571},"totalSizeInBytes":128,"silentlySkippedCount":0,"silentlySkippedDurationMs":0}
[04:19:19.550] INFO: simulator:public-processor Processed 1 successful txs and 0 failed txs (0 silently skipped, 0ms wasted) in 0.004408833000052254s {"blockNumber":37,"successfulCount":1,"failedCount":0,"duration":0.004408833000052254,"rate":2951801.531118497,"totalPublicGas":{"daGas":0,"l2Gas":13014},"totalBlockGas":{"daGas":0,"l2Gas":13014},"totalSizeInBytes":128,"silentlySkippedCount":0,"silentlySkippedDurationMs":0}
[04:19:19.565] INFO: simulator:public-processor Processed 1 successful txs and 0 failed txs (0 silently skipped, 0ms wasted) in 0.004136499999964144s {"blockNumber":37,"successfulCount":1,"failedCount":0,"duration":0.004136499999964144,"rate":2797292.3969781944,"totalPublicGas":{"daGas":0,"l2Gas":11571},"totalBlockGas":{"daGas":0,"l2Gas":11571},"totalSizeInBytes":128,"silentlySkippedCount":0,"silentlySkippedDurationMs":0}
[04:19:19.579] INFO: simulator:public-processor Processed 1 successful txs and 0 failed txs (0 silently skipped, 0ms wasted) in 0.004460874999989755s {"blockNumber":37,"successfulCount":1,"failedCount":0,"duration":0.004460874999989755,"rate":2917364.866764903,"totalPublicGas":{"daGas":0,"l2Gas":13014},"totalBlockGas":{"daGas":0,"l2Gas":13014},"totalSizeInBytes":128,"silentlySkippedCount":0,"silentlySkippedDurationMs":0}
[04:19:19.594] INFO: simulator:public-processor Processed 1 successful txs and 0 failed txs (0 silently skipped, 0ms wasted) in 0.004267915999982506s {"blockNumber":37,"successfulCount":1,"failedCount":0,"duration":0.004267915999982506,"rate":2711159.263689217,"totalPublicGas":{"daGas":0,"l2Gas":11571},"totalBlockGas":{"daGas":0,"l2Gas":11571},"totalSizeInBytes":128,"silentlySkippedCount":0,"silentlySkippedDurationMs":0}
[04:19:19.608] INFO: simulator:public-processor Processed 1 successful txs and 0 failed txs (0 silently skipped, 0ms wasted) in 0.004242207999981474s {"blockNumber":37,"successfulCount":1,"failedCount":0,"duration":0.004242207999981474,"rate":3067742.081495493,"totalPublicGas":{"daGas":0,"l2Gas":13014},"totalBlockGas":{"daGas":0,"l2Gas":13014},"totalSizeInBytes":128,"silentlySkippedCount":0,"silentlySkippedDurationMs":0}
[04:19:19.622] INFO: simulator:public-processor Processed 1 successful txs and 0 failed txs (0 silently skipped, 0ms wasted) in 0.004375583000015467s {"blockNumber":37,"successfulCount":1,"failedCount":0,"duration":0.004375583000015467,"rate":2644447.608457912,"totalPublicGas":{"daGas":0,"l2Gas":11571},"totalBlockGas":{"daGas":0,"l2Gas":11571},"totalSizeInBytes":128,"silentlySkippedCount":0,"silentlySkippedDurationMs":0}
[04:19:19.636] INFO: simulator:public-processor Processed 1 successful txs and 0 failed txs (0 silently skipped, 0ms wasted) in 0.004085958000039682s {"blockNumber":37,"successfulCount":1,"failedCount":0,"duration":0.004085958000039682,"rate":3185054.7655833988,"totalPublicGas":{"daGas":0,"l2Gas":13014},"totalBlockGas":{"daGas":0,"l2Gas":13014},"totalSizeInBytes":128,"silentlySkippedCount":0,"silentlySkippedDurationMs":0}
[04:19:19.650] INFO: simulator:public-processor Processed 1 successful txs and 0 failed txs (0 silently skipped, 0ms wasted) in 0.003966208999976515s {"blockNumber":37,"successfulCount":1,"failedCount":0,"duration":0.003966208999976515,"rate":2917395.427237575,"totalPublicGas":{"daGas":0,"l2Gas":11571},"totalBlockGas":{"daGas":0,"l2Gas":11571},"totalSizeInBytes":128,"silentlySkippedCount":0,"silentlySkippedDurationMs":0}
[04:19:19.664] INFO: simulator:public-processor Processed 1 successful txs and 0 failed txs (0 silently skipped, 0ms wasted) in 0.003938250000006519s {"blockNumber":37,"successfulCount":1,"failedCount":0,"duration":0.003938250000006519,"rate":3304513.4260086226,"totalPublicGas":{"daGas":0,"l2Gas":13014},"totalBlockGas":{"daGas":0,"l2Gas":13014},"totalSizeInBytes":128,"silentlySkippedCount":0,"silentlySkippedDurationMs":0}
[04:19:19.677] INFO: simulator:public-processor Processed 1 successful txs and 0 failed txs (0 silently skipped, 0ms wasted) in 0.003993084000016097s {"blockNumber":37,"successfulCount":1,"failedCount":0,"duration":0.003993084000016097,"rate":2897760.22742155,"totalPublicGas":{"daGas":0,"l2Gas":11571},"totalBlockGas":{"daGas":0,"l2Gas":11571},"totalSizeInBytes":128,"silentlySkippedCount":0,"silentlySkippedDurationMs":0}
[04:19:19.691] INFO: simulator:public-processor Processed 1 successful txs and 0 failed txs (0 silently skipped, 0ms wasted) in 0.004054541999998037s {"blockNumber":37,"successfulCount":1,"failedCount":0,"duration":0.004054541999998037,"rate":3196415.2794585126,"totalPublicGas":{"daGas":0,"l2Gas":12960},"totalBlockGas":{"daGas":0,"l2Gas":12960},"totalSizeInBytes":128,"silentlySkippedCount":0,"silentlySkippedDurationMs":0}
[04:19:19.708] INFO: simulator:public-processor Processed 1 successful txs and 0 failed txs (0 silently skipped, 0ms wasted) in 0.007164416000014171s {"blockNumber":37,"successfulCount":1,"failedCount":0,"duration":0.007164416000014171,"rate":21544812.584821247,"totalPublicGas":{"daGas":0,"l2Gas":154356},"totalBlockGas":{"daGas":0,"l2Gas":154356},"totalSizeInBytes":128,"silentlySkippedCount":0,"silentlySkippedDurationMs":0}
[billboard_test] Testing c03::c03_ten_distinct_claimed_authors_get_unique_ids_and_live_order_sequentially ... [0m[32mok[0m <52.327s>
[04:19:20.957] INFO: kv-store:lmdb-v2 Starting data store with maxReaders 2
[04:19:20.957] INFO: world-state:database Creating world state data store at directory /var/folders/ym/q1vh2x5n58xbsmpmvs5_6w3r0000gn/T/aztec-world-state-0c6TwN/world_state with map sizes {"archiveTreeMapSizeKb":10485760,"nullifierTreeMapSizeKb":10485760,"noteHashTreeMapSizeKb":10485760,"messageTreeMapSizeKb":10485760,"publicDataTreeMapSizeKb":10485760} and 2 threads (ephemeral=true).
[04:19:20.966] INFO: txe_node Aztec Node version: txe
[04:19:20.966] INFO: txe_node Aztec Node started on chain 0x1
[04:19:20.979] INFO: txe:top_level_context Created block 1 with timestamp 1789442360
[04:19:21.016] INFO: txe:top_level_context Created block 2 with timestamp 1789442360
[04:19:21.083] INFO: simulator:public-processor Processed 1 successful txs and 0 failed txs (0 silently skipped, 0ms wasted) in 0.03769254199997522s {"blockNumber":3,"successfulCount":1,"failedCount":0,"duration":0.03769254199997522,"rate":85856507.10430004,"totalPublicGas":{"daGas":4000,"l2Gas":3236150},"totalBlockGas":{"daGas":4000,"l2Gas":3236150},"totalSizeInBytes":4128,"silentlySkippedCount":0,"silentlySkippedDurationMs":0}
[04:19:21.188] INFO: simulator:public-processor Processed 1 successful txs and 0 failed txs (0 silently skipped, 0ms wasted) in 0.0037299579999526032s {"blockNumber":4,"successfulCount":1,"failedCount":0,"duration":0.0037299579999526032,"rate":0,"totalPublicGas":{"daGas":0,"l2Gas":0},"totalBlockGas":{"daGas":832,"l2Gas":499700},"totalSizeInBytes":832,"silentlySkippedCount":0,"silentlySkippedDurationMs":0}
[04:19:21.314] INFO: simulator:public-processor Processed 1 successful txs and 0 failed txs (0 silently skipped, 0ms wasted) in 0.013512541000032798s {"blockNumber":5,"successfulCount":1,"failedCount":0,"duration":0.013512541000032798,"rate":84408994.5774989,"totalPublicGas":{"daGas":192,"l2Gas":1140580},"totalBlockGas":{"daGas":320,"l2Gas":1731380},"totalSizeInBytes":320,"silentlySkippedCount":0,"silentlySkippedDurationMs":0}
[04:19:21.341] INFO: txe:top_level_context Created block 6 with timestamp 1789442360
[04:19:21.500] INFO: simulator:public-processor Processed 1 successful txs and 0 failed txs (0 silently skipped, 0ms wasted) in 0.003825874999980442s {"blockNumber":7,"successfulCount":1,"failedCount":0,"duration":0.003825874999980442,"rate":0,"totalPublicGas":{"daGas":0,"l2Gas":0},"totalBlockGas":{"daGas":1984,"l2Gas":529900},"totalSizeInBytes":1984,"silentlySkippedCount":0,"silentlySkippedDurationMs":0}
[04:19:21.887] INFO: txe:top_level_context Created block 8 with timestamp 1789445961
[billboard_test] Testing w01::w01_self_caller_zero_nonce_cannot_use_macro_shortcut ... [0m[32mok[0m
[billboard_test] [0m[32m149 tests passed[0m
