{"profile":"C01 consistent-scope TXE","chain":1,"version":1,"originalPublicVersion":2,"realProofs":false,"port":64846}
[17:32:51.657] INFO: kv-store:lmdb-v2 Starting data store with maxReaders 2
[billboard_contract] Running 0 test functions
[billboard_contract] [0m[32m0 tests passed[0m
[billboard_test] Running 137 test functions
[17:32:57.593] INFO: kv-store:lmdb-v2 Starting data store with maxReaders 2
[17:32:57.593] INFO: kv-store:lmdb-v2 Starting data store with maxReaders 2
[17:32:57.594] INFO: kv-store:lmdb-v2 Starting data store with maxReaders 2
[17:32:57.594] INFO: kv-store:lmdb-v2 Starting data store with maxReaders 2
[17:32:57.596] INFO: world-state:database Creating world state data store at directory /var/folders/ym/q1vh2x5n58xbsmpmvs5_6w3r0000gn/T/aztec-world-state-NNEJ5U/world_state with map sizes {"archiveTreeMapSizeKb":10485760,"nullifierTreeMapSizeKb":10485760,"noteHashTreeMapSizeKb":10485760,"messageTreeMapSizeKb":10485760,"publicDataTreeMapSizeKb":10485760} and 2 threads (ephemeral=true).
[17:32:57.608] INFO: world-state:database Creating world state data store at directory /var/folders/ym/q1vh2x5n58xbsmpmvs5_6w3r0000gn/T/aztec-world-state-u2FZY2/world_state with map sizes {"archiveTreeMapSizeKb":10485760,"nullifierTreeMapSizeKb":10485760,"noteHashTreeMapSizeKb":10485760,"messageTreeMapSizeKb":10485760,"publicDataTreeMapSizeKb":10485760} and 2 threads (ephemeral=true).
[17:32:57.617] INFO: txe_node Aztec Node version: txe
[17:32:57.617] INFO: txe_node Aztec Node started on chain 0x1
[17:32:57.617] INFO: txe_node Aztec Node version: txe
[17:32:57.617] INFO: txe_node Aztec Node started on chain 0x1
[17:32:57.631] INFO: txe:top_level_context Created block 1 with timestamp 1789489977
[17:32:57.635] INFO: txe:top_level_context Created block 1 with timestamp 1789489977
[17:32:57.807] INFO: txe:top_level_context Created block 2 with timestamp 1789489977
[17:32:57.809] INFO: txe:top_level_context Created block 2 with timestamp 1789489977
[17:32:57.929] INFO: simulator:public-processor Processed 1 successful txs and 0 failed txs (0 silently skipped, 0ms wasted) in 0.04741783399999986s {"blockNumber":3,"successfulCount":1,"failedCount":0,"duration":0.04741783399999986,"rate":68247528.97823231,"totalPublicGas":{"daGas":4000,"l2Gas":3236150},"totalBlockGas":{"daGas":4000,"l2Gas":3236150},"totalSizeInBytes":4128,"silentlySkippedCount":0,"silentlySkippedDurationMs":0}
[17:32:57.932] INFO: simulator:public-processor Processed 1 successful txs and 0 failed txs (0 silently skipped, 0ms wasted) in 0.04381683300000077s {"blockNumber":3,"successfulCount":1,"failedCount":0,"duration":0.04381683300000077,"rate":73856319.10001217,"totalPublicGas":{"daGas":4000,"l2Gas":3236150},"totalBlockGas":{"daGas":4000,"l2Gas":3236150},"totalSizeInBytes":4128,"silentlySkippedCount":0,"silentlySkippedDurationMs":0}
[17:32:58.136] INFO: simulator:public-processor Processed 1 successful txs and 0 failed txs (0 silently skipped, 0ms wasted) in 0.016934708000000683s {"blockNumber":4,"successfulCount":1,"failedCount":0,"duration":0.016934708000000683,"rate":67351618.93549944,"totalPublicGas":{"daGas":192,"l2Gas":1140580},"totalBlockGas":{"daGas":320,"l2Gas":1731380},"totalSizeInBytes":320,"silentlySkippedCount":0,"silentlySkippedDurationMs":0}
[17:32:58.179] INFO: simulator:public-processor Processed 1 successful txs and 0 failed txs (0 silently skipped, 0ms wasted) in 0.04084587499999907s {"blockNumber":4,"successfulCount":1,"failedCount":0,"duration":0.04084587499999907,"rate":27923994.773034636,"totalPublicGas":{"daGas":192,"l2Gas":1140580},"totalBlockGas":{"daGas":320,"l2Gas":1731380},"totalSizeInBytes":320,"silentlySkippedCount":0,"silentlySkippedDurationMs":0}
[17:32:58.203] INFO: txe:top_level_context Created block 5 with timestamp 1789489977
[17:32:58.225] INFO: txe:top_level_context Created block 5 with timestamp 1789489977
[17:32:58.470] INFO: simulator:public-processor Processed 1 successful txs and 0 failed txs (0 silently skipped, 0ms wasted) in 0.006742167000000336s {"blockNumber":6,"successfulCount":1,"failedCount":0,"duration":0.006742167000000336,"rate":0,"totalPublicGas":{"daGas":0,"l2Gas":0},"totalBlockGas":{"daGas":1984,"l2Gas":529900},"totalSizeInBytes":1984,"silentlySkippedCount":0,"silentlySkippedDurationMs":0}
[17:32:58.490] INFO: simulator:public-processor Processed 1 successful txs and 0 failed txs (0 silently skipped, 0ms wasted) in 0.004290875000000596s {"blockNumber":6,"successfulCount":1,"failedCount":0,"duration":0.004290875000000596,"rate":0,"totalPublicGas":{"daGas":0,"l2Gas":0},"totalBlockGas":{"daGas":1984,"l2Gas":529900},"totalSizeInBytes":1984,"silentlySkippedCount":0,"silentlySkippedDurationMs":0}
[17:32:58.501] INFO: txe:top_level_context Created block 7 with timestamp 1789493578
[17:32:58.541] INFO: txe:top_level_context Created block 7 with timestamp 1789493578
[17:32:59.436] INFO: simulator:public-processor Processed 1 successful txs and 0 failed txs (0 silently skipped, 0ms wasted) in 0.18566241599999922s {"blockNumber":8,"successfulCount":1,"failedCount":0,"duration":0.18566241599999922,"rate":10489290.411905488,"totalPublicGas":{"daGas":2368,"l2Gas":1947467},"totalBlockGas":{"daGas":3744,"l2Gas":2674217},"totalSizeInBytes":3744,"silentlySkippedCount":0,"silentlySkippedDurationMs":0}
[17:32:59.522] INFO: txe:top_level_context Created block 9 with timestamp 1789497177
[17:32:59.579] INFO: simulator:public-processor Processed 1 successful txs and 0 failed txs (0 silently skipped, 0ms wasted) in 0.04826912500000071s {"blockNumber":8,"successfulCount":1,"failedCount":0,"duration":0.04826912500000071,"rate":40346018.288087286,"totalPublicGas":{"daGas":2368,"l2Gas":1947467},"totalBlockGas":{"daGas":3744,"l2Gas":2674217},"totalSizeInBytes":3744,"silentlySkippedCount":0,"silentlySkippedDurationMs":0}
[17:32:59.655] INFO: simulator:public-processor Processed 1 successful txs and 0 failed txs (0 silently skipped, 0ms wasted) in 0.007466374999999971s {"blockNumber":9,"successfulCount":1,"failedCount":0,"duration":0.007466374999999971,"rate":1549748.0370327025,"totalPublicGas":{"daGas":0,"l2Gas":11571},"totalBlockGas":{"daGas":0,"l2Gas":11571},"totalSizeInBytes":128,"silentlySkippedCount":0,"silentlySkippedDurationMs":0}
[17:32:59.684] INFO: simulator:public-processor Processed 1 successful txs and 0 failed txs (0 silently skipped, 0ms wasted) in 0.017683583s {"blockNumber":9,"successfulCount":1,"failedCount":0,"duration":0.017683583,"rate":69650816.80562136,"totalPublicGas":{"daGas":2176,"l2Gas":1231676},"totalBlockGas":{"daGas":2176,"l2Gas":1231676},"totalSizeInBytes":2304,"silentlySkippedCount":0,"silentlySkippedDurationMs":0}
[17:32:59.723] INFO: simulator:public-processor Processed 1 successful txs and 0 failed txs (0 silently skipped, 0ms wasted) in 0.00866870899999958s {"blockNumber":10,"successfulCount":1,"failedCount":0,"duration":0.00866870899999958,"rate":1334800.8336651467,"totalPublicGas":{"daGas":0,"l2Gas":11571},"totalBlockGas":{"daGas":0,"l2Gas":11571},"totalSizeInBytes":128,"silentlySkippedCount":0,"silentlySkippedDurationMs":0}
[17:32:59.760] INFO: simulator:public-processor Processed 1 successful txs and 0 failed txs (0 silently skipped, 0ms wasted) in 0.004138708000000406s {"blockNumber":10,"successfulCount":1,"failedCount":0,"duration":0.004138708000000406,"rate":3144459.5753067676,"totalPublicGas":{"daGas":0,"l2Gas":13014},"totalBlockGas":{"daGas":0,"l2Gas":13014},"totalSizeInBytes":128,"silentlySkippedCount":0,"silentlySkippedDurationMs":0}
[17:32:59.772] INFO: txe:top_level_context Created block 10 with timestamp 1789497177
[17:33:00.240] INFO: simulator:public-processor Processed 1 successful txs and 0 failed txs (0 silently skipped, 0ms wasted) in 0.031938874999999825s {"blockNumber":10,"successfulCount":1,"failedCount":0,"duration":0.031938874999999825,"rate":60974815.174298115,"totalPublicGas":{"daGas":2368,"l2Gas":1947467},"totalBlockGas":{"daGas":3744,"l2Gas":2674217},"totalSizeInBytes":3744,"silentlySkippedCount":0,"silentlySkippedDurationMs":0}
[17:33:00.272] INFO: txe:top_level_context Created block 11 with timestamp 1789500778
[17:33:00.691] INFO: simulator:public-processor Processed 1 successful txs and 0 failed txs (0 silently skipped, 0ms wasted) in 0.028652666999998473s {"blockNumber":11,"successfulCount":1,"failedCount":0,"duration":0.028652666999998473,"rate":67968088.27604438,"totalPublicGas":{"daGas":2368,"l2Gas":1947467},"totalBlockGas":{"daGas":3744,"l2Gas":2674217},"totalSizeInBytes":3744,"silentlySkippedCount":0,"silentlySkippedDurationMs":0}
[17:33:01.277] INFO: simulator:public-processor Processed 1 successful txs and 0 failed txs (0 silently skipped, 0ms wasted) in 0.05027695900000072s {"blockNumber":12,"successfulCount":1,"failedCount":0,"duration":0.05027695900000072,"rate":38734781.07536242,"totalPublicGas":{"daGas":2368,"l2Gas":1947467},"totalBlockGas":{"daGas":3744,"l2Gas":2674217},"totalSizeInBytes":3744,"silentlySkippedCount":0,"silentlySkippedDurationMs":0}
[17:33:01.314] INFO: simulator:public-processor Processed 1 successful txs and 0 failed txs (0 silently skipped, 0ms wasted) in 0.006682457999999314s {"blockNumber":13,"successfulCount":1,"failedCount":0,"duration":0.006682457999999314,"rate":1320771.488575148,"totalPublicGas":{"daGas":0,"l2Gas":8826},"totalBlockGas":{"daGas":0,"l2Gas":8826},"totalSizeInBytes":128,"silentlySkippedCount":0,"silentlySkippedDurationMs":0}
[17:33:01.397] INFO: txe:top_level_context Created block 12 with timestamp 1789500778
[billboard_test] Testing test_censor_window_grandchild_screening ... [0m[32mok[0m
[17:33:02.263] INFO: simulator:public-processor Processed 1 successful txs and 0 failed txs (0 silently skipped, 0ms wasted) in 0.028879125000001296s {"blockNumber":13,"successfulCount":1,"failedCount":0,"duration":0.028879125000001296,"rate":67435111.00145563,"totalPublicGas":{"daGas":2368,"l2Gas":1947467},"totalBlockGas":{"daGas":3744,"l2Gas":2674217},"totalSizeInBytes":3744,"silentlySkippedCount":0,"silentlySkippedDurationMs":0}
[billboard_test] Testing test_censor_window_hard_invariant ... [0m[32mok[0m
[17:33:04.385] INFO: kv-store:lmdb-v2 Starting data store with maxReaders 2
[17:33:04.389] INFO: world-state:database Creating world state data store at directory /var/folders/ym/q1vh2x5n58xbsmpmvs5_6w3r0000gn/T/aztec-world-state-BS4xru/world_state with map sizes {"archiveTreeMapSizeKb":10485760,"nullifierTreeMapSizeKb":10485760,"noteHashTreeMapSizeKb":10485760,"messageTreeMapSizeKb":10485760,"publicDataTreeMapSizeKb":10485760} and 2 threads (ephemeral=true).
[17:33:04.399] INFO: txe_node Aztec Node version: txe
[17:33:04.399] INFO: txe_node Aztec Node started on chain 0x1
[17:33:04.412] INFO: txe:top_level_context Created block 1 with timestamp 1789489984
[17:33:04.464] INFO: txe:top_level_context Created block 2 with timestamp 1789489984
[17:33:04.567] INFO: simulator:public-processor Processed 1 successful txs and 0 failed txs (0 silently skipped, 0ms wasted) in 0.06131304100000125s {"blockNumber":3,"successfulCount":1,"failedCount":0,"duration":0.06131304100000125,"rate":52780777.90987294,"totalPublicGas":{"daGas":4000,"l2Gas":3236150},"totalBlockGas":{"daGas":4000,"l2Gas":3236150},"totalSizeInBytes":4128,"silentlySkippedCount":0,"silentlySkippedDurationMs":0}
[billboard_test] Testing test_cooldown_100x_deposit ... [0m[32mok[0m
[17:33:04.734] INFO: simulator:public-processor Processed 1 successful txs and 0 failed txs (0 silently skipped, 0ms wasted) in 0.015643332999999985s {"blockNumber":4,"successfulCount":1,"failedCount":0,"duration":0.015643332999999985,"rate":72911571.97765982,"totalPublicGas":{"daGas":192,"l2Gas":1140580},"totalBlockGas":{"daGas":320,"l2Gas":1731380},"totalSizeInBytes":320,"silentlySkippedCount":0,"silentlySkippedDurationMs":0}
[17:33:04.806] INFO: txe:top_level_context Created block 5 with timestamp 1789489984
[17:33:04.991] INFO: simulator:public-processor Processed 1 successful txs and 0 failed txs (0 silently skipped, 0ms wasted) in 0.004237624999999753s {"blockNumber":6,"successfulCount":1,"failedCount":0,"duration":0.004237624999999753,"rate":0,"totalPublicGas":{"daGas":0,"l2Gas":0},"totalBlockGas":{"daGas":1984,"l2Gas":529900},"totalSizeInBytes":1984,"silentlySkippedCount":0,"silentlySkippedDurationMs":0}
[17:33:05.022] INFO: txe:top_level_context Created block 7 with timestamp 1789493585
[17:33:05.597] INFO: simulator:public-processor Processed 1 successful txs and 0 failed txs (0 silently skipped, 0ms wasted) in 0.025513875000000553s {"blockNumber":8,"successfulCount":1,"failedCount":0,"duration":0.025513875000000553,"rate":76329722.55292298,"totalPublicGas":{"daGas":2368,"l2Gas":1947467},"totalBlockGas":{"daGas":3744,"l2Gas":2674217},"totalSizeInBytes":3744,"silentlySkippedCount":0,"silentlySkippedDurationMs":0}
[17:33:05.625] INFO: txe:top_level_context Created block 9 with timestamp 1789497184
[billboard_test] Testing test_censor_window_post_too_young_to_screen ... [0m[32mok[0m
[billboard_test] Testing test_cooldown_10x_deposit ... [0m[32mok[0m
[17:33:06.173] INFO: simulator:public-processor Processed 1 successful txs and 0 failed txs (0 silently skipped, 0ms wasted) in 0.026239416000000345s {"blockNumber":10,"successfulCount":1,"failedCount":0,"duration":0.026239416000000345,"rate":74219144.20656216,"totalPublicGas":{"daGas":2368,"l2Gas":1947467},"totalBlockGas":{"daGas":3744,"l2Gas":2674217},"totalSizeInBytes":3744,"silentlySkippedCount":0,"silentlySkippedDurationMs":0}
[17:33:06.202] INFO: simulator:public-processor Processed 1 successful txs and 0 failed txs (0 silently skipped, 0ms wasted) in 0.003986750000000029s {"blockNumber":11,"successfulCount":1,"failedCount":0,"duration":0.003986750000000029,"rate":2213833.3228820306,"totalPublicGas":{"daGas":0,"l2Gas":8826},"totalBlockGas":{"daGas":0,"l2Gas":8826},"totalSizeInBytes":128,"silentlySkippedCount":0,"silentlySkippedDurationMs":0}
[billboard_test] Testing test_cooldown_at_min_deposit ... [0m[32mok[0m
[billboard_test] Testing test_cooldown_halves_when_deposit_doubles ... [0m[32mok[0m
[billboard_test] Testing test_cooldown_minimum_one_second ... [0m[32mok[0m
[billboard_test] Testing test_cooldown_no_overflow_at_large_values ... [0m[32mok[0m
[billboard_test] Testing test_cooldown_truncation ... [0m[32mok[0m
[billboard_test] Testing test_declare_immoral_censor_passes_auth ... [0m[32mok[0m
[17:33:12.053] INFO: kv-store:lmdb-v2 Starting data store with maxReaders 2
[17:33:12.054] INFO: world-state:database Creating world state data store at directory /var/folders/ym/q1vh2x5n58xbsmpmvs5_6w3r0000gn/T/aztec-world-state-8pTj2q/world_state with map sizes {"archiveTreeMapSizeKb":10485760,"nullifierTreeMapSizeKb":10485760,"noteHashTreeMapSizeKb":10485760,"messageTreeMapSizeKb":10485760,"publicDataTreeMapSizeKb":10485760} and 2 threads (ephemeral=true).
[17:33:12.063] INFO: txe_node Aztec Node version: txe
[17:33:12.063] INFO: txe_node Aztec Node started on chain 0x1
[17:33:12.075] INFO: txe:top_level_context Created block 1 with timestamp 1789489992
[17:33:12.107] INFO: txe:top_level_context Created block 2 with timestamp 1789489992
[17:33:12.180] INFO: simulator:public-processor Processed 1 successful txs and 0 failed txs (0 silently skipped, 0ms wasted) in 0.03729804099999819s {"blockNumber":3,"successfulCount":1,"failedCount":0,"duration":0.03729804099999819,"rate":86764610.50595544,"totalPublicGas":{"daGas":4000,"l2Gas":3236150},"totalBlockGas":{"daGas":4000,"l2Gas":3236150},"totalSizeInBytes":4128,"silentlySkippedCount":0,"silentlySkippedDurationMs":0}
[17:33:12.212] INFO: simulator:public-processor Processed 1 successful txs and 0 failed txs (0 silently skipped, 0ms wasted) in 0.0066489589999982855s {"blockNumber":4,"successfulCount":1,"failedCount":0,"duration":0.0066489589999982855,"rate":5068763.395895311,"totalPublicGas":{"daGas":0,"l2Gas":33702},"totalBlockGas":{"daGas":0,"l2Gas":33702},"totalSizeInBytes":128,"silentlySkippedCount":0,"silentlySkippedDurationMs":0}
[17:33:12.216] WARN: txe:top_level_context Could not find function artifact in contract Billboard for function '0x53843f0d' when enriching error callstack
[17:33:13.726] INFO: kv-store:lmdb-v2 Starting data store with maxReaders 2
[17:33:13.727] INFO: world-state:database Creating world state data store at directory /var/folders/ym/q1vh2x5n58xbsmpmvs5_6w3r0000gn/T/aztec-world-state-CYxZUB/world_state with map sizes {"archiveTreeMapSizeKb":10485760,"nullifierTreeMapSizeKb":10485760,"noteHashTreeMapSizeKb":10485760,"messageTreeMapSizeKb":10485760,"publicDataTreeMapSizeKb":10485760} and 2 threads (ephemeral=true).
[17:33:13.735] INFO: txe_node Aztec Node version: txe
[17:33:13.735] INFO: txe_node Aztec Node started on chain 0x1
[17:33:13.747] INFO: txe:top_level_context Created block 1 with timestamp 1789489993
[17:33:13.782] INFO: txe:top_level_context Created block 2 with timestamp 1789489993
[17:33:13.814] INFO: simulator:public-processor Processed 1 successful txs and 0 failed txs (0 silently skipped, 0ms wasted) in 0.005691915999999765s {"blockNumber":3,"successfulCount":1,"failedCount":0,"duration":0.005691915999999765,"rate":22302683.31437169,"totalPublicGas":{"daGas":0,"l2Gas":126945},"totalBlockGas":{"daGas":0,"l2Gas":126945},"totalSizeInBytes":128,"silentlySkippedCount":0,"silentlySkippedDurationMs":0}
[17:33:13.816] WARN: txe:top_level_context Could not find function artifact in contract Billboard for function '0x8f3f1c4d' when enriching error callstack
[billboard_test] Testing test_declare_immoral_fails_when_no_censor ... [0m[32mok[0m
[17:33:14.004] INFO: kv-store:lmdb-v2 Starting data store with maxReaders 2
[17:33:14.005] INFO: world-state:database Creating world state data store at directory /var/folders/ym/q1vh2x5n58xbsmpmvs5_6w3r0000gn/T/aztec-world-state-hLLtRb/world_state with map sizes {"archiveTreeMapSizeKb":10485760,"nullifierTreeMapSizeKb":10485760,"noteHashTreeMapSizeKb":10485760,"messageTreeMapSizeKb":10485760,"publicDataTreeMapSizeKb":10485760} and 2 threads (ephemeral=true).
[17:33:14.014] INFO: txe_node Aztec Node version: txe
[17:33:14.014] INFO: txe_node Aztec Node started on chain 0x1
[17:33:14.025] INFO: txe:top_level_context Created block 1 with timestamp 1789489994
[17:33:14.057] INFO: txe:top_level_context Created block 2 with timestamp 1789489994
[17:33:14.119] INFO: simulator:public-processor Processed 1 successful txs and 0 failed txs (0 silently skipped, 0ms wasted) in 0.03588012499999968s {"blockNumber":3,"successfulCount":1,"failedCount":0,"duration":0.03588012499999968,"rate":90193387.0074318,"totalPublicGas":{"daGas":4000,"l2Gas":3236150},"totalBlockGas":{"daGas":4000,"l2Gas":3236150},"totalSizeInBytes":4128,"silentlySkippedCount":0,"silentlySkippedDurationMs":0}
[17:33:14.152] INFO: simulator:public-processor Processed 1 successful txs and 0 failed txs (0 silently skipped, 0ms wasted) in 0.004501791999999114s {"blockNumber":4,"successfulCount":1,"failedCount":0,"duration":0.004501791999999114,"rate":6961894.285654728,"totalPublicGas":{"daGas":0,"l2Gas":31341},"totalBlockGas":{"daGas":0,"l2Gas":31341},"totalSizeInBytes":128,"silentlySkippedCount":0,"silentlySkippedDurationMs":0}
[17:33:14.153] WARN: txe:top_level_context Could not find function artifact in contract Billboard for function '0x53843f0d' when enriching error callstack
[billboard_test] Testing test_declare_immoral_rejects_non_censor ... [0m[32mok[0m
[billboard_test] Testing test_deposit_msg_hash_deterministic ... [0m[32mok[0m
[billboard_test] Testing test_deposit_msg_hash_differs_by_amount ... [0m[32mok[0m
[billboard_test] Testing test_deposit_msg_hash_differs_by_depositor ... [0m[32mok[0m
[17:33:17.805] INFO: kv-store:lmdb-v2 Starting data store with maxReaders 2
[17:33:17.806] INFO: world-state:database Creating world state data store at directory /var/folders/ym/q1vh2x5n58xbsmpmvs5_6w3r0000gn/T/aztec-world-state-g2XnPv/world_state with map sizes {"archiveTreeMapSizeKb":10485760,"nullifierTreeMapSizeKb":10485760,"noteHashTreeMapSizeKb":10485760,"messageTreeMapSizeKb":10485760,"publicDataTreeMapSizeKb":10485760} and 2 threads (ephemeral=true).
[17:33:17.814] INFO: txe_node Aztec Node version: txe
[17:33:17.814] INFO: txe_node Aztec Node started on chain 0x1
[17:33:17.825] INFO: txe:top_level_context Created block 1 with timestamp 1789489997
[17:33:17.860] INFO: txe:top_level_context Created block 2 with timestamp 1789489997
[17:33:17.921] INFO: simulator:public-processor Processed 1 successful txs and 0 failed txs (0 silently skipped, 0ms wasted) in 0.035526458000000274s {"blockNumber":3,"successfulCount":1,"failedCount":0,"duration":0.035526458000000274,"rate":91091264.9946689,"totalPublicGas":{"daGas":4000,"l2Gas":3236150},"totalBlockGas":{"daGas":4000,"l2Gas":3236150},"totalSizeInBytes":4128,"silentlySkippedCount":0,"silentlySkippedDurationMs":0}
[17:33:18.025] INFO: simulator:public-processor Processed 1 successful txs and 0 failed txs (0 silently skipped, 0ms wasted) in 0.013001625000000785s {"blockNumber":4,"successfulCount":1,"failedCount":0,"duration":0.013001625000000785,"rate":87725957.33225125,"totalPublicGas":{"daGas":192,"l2Gas":1140580},"totalBlockGas":{"daGas":320,"l2Gas":1731380},"totalSizeInBytes":320,"silentlySkippedCount":0,"silentlySkippedDurationMs":0}
[17:33:18.053] INFO: txe:top_level_context Created block 5 with timestamp 1789489997
[17:33:18.195] INFO: simulator:public-processor Processed 1 successful txs and 0 failed txs (0 silently skipped, 0ms wasted) in 0.0035545000000020083s {"blockNumber":6,"successfulCount":1,"failedCount":0,"duration":0.0035545000000020083,"rate":0,"totalPublicGas":{"daGas":0,"l2Gas":0},"totalBlockGas":{"daGas":1984,"l2Gas":529900},"totalSizeInBytes":1984,"silentlySkippedCount":0,"silentlySkippedDurationMs":0}
[17:33:18.222] INFO: txe:top_level_context Created block 7 with timestamp 1789493598
[17:33:18.752] INFO: simulator:public-processor Processed 1 successful txs and 0 failed txs (0 silently skipped, 0ms wasted) in 0.02562145900000178s {"blockNumber":8,"successfulCount":1,"failedCount":0,"duration":0.02562145900000178,"rate":76009215.55637658,"totalPublicGas":{"daGas":2368,"l2Gas":1947467},"totalBlockGas":{"daGas":3744,"l2Gas":2674217},"totalSizeInBytes":3744,"silentlySkippedCount":0,"silentlySkippedDurationMs":0}
[17:33:18.779] INFO: txe:top_level_context Created block 9 with timestamp 1789497199
[17:33:19.214] INFO: kv-store:lmdb-v2 Starting data store with maxReaders 2
[17:33:19.215] INFO: world-state:database Creating world state data store at directory /var/folders/ym/q1vh2x5n58xbsmpmvs5_6w3r0000gn/T/aztec-world-state-X1NS8f/world_state with map sizes {"archiveTreeMapSizeKb":10485760,"nullifierTreeMapSizeKb":10485760,"noteHashTreeMapSizeKb":10485760,"messageTreeMapSizeKb":10485760,"publicDataTreeMapSizeKb":10485760} and 2 threads (ephemeral=true).
[17:33:19.224] INFO: txe_node Aztec Node version: txe
[17:33:19.224] INFO: txe_node Aztec Node started on chain 0x1
[17:33:19.241] INFO: txe:top_level_context Created block 1 with timestamp 1789489999
[17:33:19.318] INFO: simulator:public-processor Processed 1 successful txs and 0 failed txs (0 silently skipped, 0ms wasted) in 0.00426708299999882s {"blockNumber":10,"successfulCount":1,"failedCount":0,"duration":0.00426708299999882,"rate":0,"totalPublicGas":{"daGas":0,"l2Gas":0},"totalBlockGas":{"daGas":1440,"l2Gas":527400},"totalSizeInBytes":1440,"silentlySkippedCount":0,"silentlySkippedDurationMs":0}
[17:33:19.330] INFO: txe:top_level_context Created block 2 with timestamp 1789489999
[17:33:19.440] INFO: simulator:public-processor Processed 1 successful txs and 0 failed txs (0 silently skipped, 0ms wasted) in 0.040004124999999474s {"blockNumber":3,"successfulCount":1,"failedCount":0,"duration":0.040004124999999474,"rate":80895407.66108601,"totalPublicGas":{"daGas":4000,"l2Gas":3236150},"totalBlockGas":{"daGas":4000,"l2Gas":3236150},"totalSizeInBytes":4128,"silentlySkippedCount":0,"silentlySkippedDurationMs":0}
[17:33:19.591] INFO: simulator:public-processor Processed 1 successful txs and 0 failed txs (0 silently skipped, 0ms wasted) in 0.014868916999999784s {"blockNumber":4,"successfulCount":1,"failedCount":0,"duration":0.014868916999999784,"rate":76709016.53429209,"totalPublicGas":{"daGas":192,"l2Gas":1140580},"totalBlockGas":{"daGas":320,"l2Gas":1731380},"totalSizeInBytes":320,"silentlySkippedCount":0,"silentlySkippedDurationMs":0}
[17:33:19.620] INFO: txe:top_level_context Created block 5 with timestamp 1789489999
[billboard_test] Testing test_dummy_post_advances_screening ... [0m[32mok[0m
[17:33:19.783] INFO: simulator:public-processor Processed 1 successful txs and 0 failed txs (0 silently skipped, 0ms wasted) in 0.003561792000000423s {"blockNumber":6,"successfulCount":1,"failedCount":0,"duration":0.003561792000000423,"rate":0,"totalPublicGas":{"daGas":0,"l2Gas":0},"totalBlockGas":{"daGas":1984,"l2Gas":529900},"totalSizeInBytes":1984,"silentlySkippedCount":0,"silentlySkippedDurationMs":0}
[17:33:19.810] INFO: txe:top_level_context Created block 7 with timestamp 1789493600
[17:33:20.323] INFO: simulator:public-processor Processed 1 successful txs and 0 failed txs (0 silently skipped, 0ms wasted) in 0.0036481669999993754s {"blockNumber":8,"successfulCount":1,"failedCount":0,"duration":0.0036481669999993754,"rate":0,"totalPublicGas":{"daGas":0,"l2Gas":0},"totalBlockGas":{"daGas":1440,"l2Gas":527400},"totalSizeInBytes":1440,"silentlySkippedCount":0,"silentlySkippedDurationMs":0}
[17:33:20.352] INFO: simulator:public-processor Processed 1 successful txs and 0 failed txs (0 silently skipped, 0ms wasted) in 0.0041520840000011956s {"blockNumber":9,"successfulCount":1,"failedCount":0,"duration":0.0041520840000011956,"rate":2125679.5382746253,"totalPublicGas":{"daGas":0,"l2Gas":8826},"totalBlockGas":{"daGas":0,"l2Gas":8826},"totalSizeInBytes":128,"silentlySkippedCount":0,"silentlySkippedDurationMs":0}
[17:33:20.365] INFO: simulator:public-processor Processed 1 successful txs and 0 failed txs (0 silently skipped, 0ms wasted) in 0.003905417000001762s {"blockNumber":9,"successfulCount":1,"failedCount":0,"duration":0.003905417000001762,"rate":2644787.9957493246,"totalPublicGas":{"daGas":0,"l2Gas":10329},"totalBlockGas":{"daGas":0,"l2Gas":10329},"totalSizeInBytes":128,"silentlySkippedCount":0,"silentlySkippedDurationMs":0}
[billboard_test] Testing test_dummy_post_does_not_store_content ... [0m[32mok[0m
[17:33:21.503] INFO: kv-store:lmdb-v2 Starting data store with maxReaders 2
[17:33:21.504] INFO: world-state:database Creating world state data store at directory /var/folders/ym/q1vh2x5n58xbsmpmvs5_6w3r0000gn/T/aztec-world-state-JPSJRr/world_state with map sizes {"archiveTreeMapSizeKb":10485760,"nullifierTreeMapSizeKb":10485760,"noteHashTreeMapSizeKb":10485760,"messageTreeMapSizeKb":10485760,"publicDataTreeMapSizeKb":10485760} and 2 threads (ephemeral=true).
[17:33:21.513] INFO: txe_node Aztec Node version: txe
[17:33:21.513] INFO: txe_node Aztec Node started on chain 0x1
[17:33:21.524] INFO: txe:top_level_context Created block 1 with timestamp 1789490001
[17:33:21.558] INFO: txe:top_level_context Created block 2 with timestamp 1789490001
[17:33:21.620] INFO: simulator:public-processor Processed 1 successful txs and 0 failed txs (0 silently skipped, 0ms wasted) in 0.03600262500000099s {"blockNumber":3,"successfulCount":1,"failedCount":0,"duration":0.03600262500000099,"rate":89886501.33149767,"totalPublicGas":{"daGas":4000,"l2Gas":3236150},"totalBlockGas":{"daGas":4000,"l2Gas":3236150},"totalSizeInBytes":4128,"silentlySkippedCount":0,"silentlySkippedDurationMs":0}
[17:33:21.724] INFO: simulator:public-processor Processed 1 successful txs and 0 failed txs (0 silently skipped, 0ms wasted) in 0.01301654100000087s {"blockNumber":4,"successfulCount":1,"failedCount":0,"duration":0.01301654100000087,"rate":87625429.8280875,"totalPublicGas":{"daGas":192,"l2Gas":1140580},"totalBlockGas":{"daGas":320,"l2Gas":1731380},"totalSizeInBytes":320,"silentlySkippedCount":0,"silentlySkippedDurationMs":0}
[17:33:21.751] INFO: txe:top_level_context Created block 5 with timestamp 1789490001
[17:33:21.893] INFO: simulator:public-processor Processed 1 successful txs and 0 failed txs (0 silently skipped, 0ms wasted) in 0.00371508299999914s {"blockNumber":6,"successfulCount":1,"failedCount":0,"duration":0.00371508299999914,"rate":0,"totalPublicGas":{"daGas":0,"l2Gas":0},"totalBlockGas":{"daGas":1984,"l2Gas":529900},"totalSizeInBytes":1984,"silentlySkippedCount":0,"silentlySkippedDurationMs":0}
[17:33:21.921] INFO: txe:top_level_context Created block 7 with timestamp 1789493602
[17:33:22.456] INFO: simulator:public-processor Processed 1 successful txs and 0 failed txs (0 silently skipped, 0ms wasted) in 0.025798000000002503s {"blockNumber":8,"successfulCount":1,"failedCount":0,"duration":0.025798000000002503,"rate":75489068.920064,"totalPublicGas":{"daGas":2368,"l2Gas":1947467},"totalBlockGas":{"daGas":3744,"l2Gas":2674217},"totalSizeInBytes":3744,"silentlySkippedCount":0,"silentlySkippedDurationMs":0}
[17:33:22.469] INFO: kv-store:lmdb-v2 Starting data store with maxReaders 2
[17:33:22.469] INFO: world-state:database Creating world state data store at directory /var/folders/ym/q1vh2x5n58xbsmpmvs5_6w3r0000gn/T/aztec-world-state-ueyZU7/world_state with map sizes {"archiveTreeMapSizeKb":10485760,"nullifierTreeMapSizeKb":10485760,"noteHashTreeMapSizeKb":10485760,"messageTreeMapSizeKb":10485760,"publicDataTreeMapSizeKb":10485760} and 2 threads (ephemeral=true).
[17:33:22.478] INFO: txe_node Aztec Node version: txe
[17:33:22.478] INFO: txe_node Aztec Node started on chain 0x1
[17:33:22.489] INFO: txe:top_level_context Created block 1 with timestamp 1789490002
[17:33:22.493] INFO: simulator:public-processor Processed 1 successful txs and 0 failed txs (0 silently skipped, 0ms wasted) in 0.00444462499999645s {"blockNumber":9,"successfulCount":1,"failedCount":0,"duration":0.00444462499999645,"rate":2603369.238126781,"totalPublicGas":{"daGas":0,"l2Gas":11571},"totalBlockGas":{"daGas":0,"l2Gas":11571},"totalSizeInBytes":128,"silentlySkippedCount":0,"silentlySkippedDurationMs":0}
[17:33:22.521] INFO: simulator:public-processor Processed 1 successful txs and 0 failed txs (0 silently skipped, 0ms wasted) in 0.018143167000001993s {"blockNumber":9,"successfulCount":1,"failedCount":0,"duration":0.018143167000001993,"rate":67886494.12750623,"totalPublicGas":{"daGas":2176,"l2Gas":1231676},"totalBlockGas":{"daGas":2176,"l2Gas":1231676},"totalSizeInBytes":2304,"silentlySkippedCount":0,"silentlySkippedDurationMs":0}
[17:33:22.528] INFO: txe:top_level_context Created block 2 with timestamp 1789490002
[17:33:22.555] INFO: txe:top_level_context Created block 10 with timestamp 1789497202
[17:33:22.602] INFO: simulator:public-processor Processed 1 successful txs and 0 failed txs (0 silently skipped, 0ms wasted) in 0.04707712499999616s {"blockNumber":3,"successfulCount":1,"failedCount":0,"duration":0.04707712499999616,"rate":68741453.51909795,"totalPublicGas":{"daGas":4000,"l2Gas":3236150},"totalBlockGas":{"daGas":4000,"l2Gas":3236150},"totalSizeInBytes":4128,"silentlySkippedCount":0,"silentlySkippedDurationMs":0}
[17:33:22.771] INFO: simulator:public-processor Processed 1 successful txs and 0 failed txs (0 silently skipped, 0ms wasted) in 0.016343332999997073s {"blockNumber":4,"successfulCount":1,"failedCount":0,"duration":0.016343332999997073,"rate":69788702.21883163,"totalPublicGas":{"daGas":192,"l2Gas":1140580},"totalBlockGas":{"daGas":320,"l2Gas":1731380},"totalSizeInBytes":320,"silentlySkippedCount":0,"silentlySkippedDurationMs":0}
[17:33:22.809] INFO: txe:top_level_context Created block 5 with timestamp 1789490002
[17:33:23.250] INFO: simulator:public-processor Processed 1 successful txs and 0 failed txs (0 silently skipped, 0ms wasted) in 0.003722915999998804s {"blockNumber":6,"successfulCount":1,"failedCount":0,"duration":0.003722915999998804,"rate":0,"totalPublicGas":{"daGas":0,"l2Gas":0},"totalBlockGas":{"daGas":1984,"l2Gas":529900},"totalSizeInBytes":1984,"silentlySkippedCount":0,"silentlySkippedDurationMs":0}
[17:33:23.266] INFO: simulator:public-processor Processed 1 successful txs and 0 failed txs (0 silently skipped, 0ms wasted) in 0.02662137499999517s {"blockNumber":11,"successfulCount":1,"failedCount":0,"duration":0.02662137499999517,"rate":73154260.439228,"totalPublicGas":{"daGas":2368,"l2Gas":1947467},"totalBlockGas":{"daGas":3744,"l2Gas":2674217},"totalSizeInBytes":3744,"silentlySkippedCount":0,"silentlySkippedDurationMs":0}
[17:33:23.277] INFO: txe:top_level_context Created block 7 with timestamp 1789493603
[billboard_test] Testing test_flag_penalty_exact_value ... [0m[32mok[0m
[17:33:23.988] INFO: simulator:public-processor Processed 1 successful txs and 0 failed txs (0 silently skipped, 0ms wasted) in 0.02574054099999921s {"blockNumber":8,"successfulCount":1,"failedCount":0,"duration":0.02574054099999921,"rate":75657578.44794558,"totalPublicGas":{"daGas":2368,"l2Gas":1947467},"totalBlockGas":{"daGas":3744,"l2Gas":2674217},"totalSizeInBytes":3744,"silentlySkippedCount":0,"silentlySkippedDurationMs":0}
[17:33:24.015] INFO: txe:top_level_context Created block 9 with timestamp 1789497202
[17:33:24.554] INFO: simulator:public-processor Processed 1 successful txs and 0 failed txs (0 silently skipped, 0ms wasted) in 0.02546062499999971s {"blockNumber":10,"successfulCount":1,"failedCount":0,"duration":0.02546062499999971,"rate":76489363.4779202,"totalPublicGas":{"daGas":2368,"l2Gas":1947467},"totalBlockGas":{"daGas":3744,"l2Gas":2674217},"totalSizeInBytes":3744,"silentlySkippedCount":0,"silentlySkippedDurationMs":0}
[17:33:24.583] INFO: simulator:public-processor Processed 1 successful txs and 0 failed txs (0 silently skipped, 0ms wasted) in 0.0041503750000047145s {"blockNumber":11,"successfulCount":1,"failedCount":0,"duration":0.0041503750000047145,"rate":2787940.8487153226,"totalPublicGas":{"daGas":0,"l2Gas":11571},"totalBlockGas":{"daGas":0,"l2Gas":11571},"totalSizeInBytes":128,"silentlySkippedCount":0,"silentlySkippedDurationMs":0}
[17:33:24.610] INFO: simulator:public-processor Processed 1 successful txs and 0 failed txs (0 silently skipped, 0ms wasted) in 0.01703429199999664s {"blockNumber":11,"successfulCount":1,"failedCount":0,"duration":0.01703429199999664,"rate":72305676.10325353,"totalPublicGas":{"daGas":2176,"l2Gas":1231676},"totalBlockGas":{"daGas":2176,"l2Gas":1231676},"totalSizeInBytes":2304,"silentlySkippedCount":0,"silentlySkippedDurationMs":0}
[17:33:24.638] INFO: simulator:public-processor Processed 1 successful txs and 0 failed txs (0 silently skipped, 0ms wasted) in 0.0039731670000037415s {"blockNumber":12,"successfulCount":1,"failedCount":0,"duration":0.0039731670000037415,"rate":2912286.3448702516,"totalPublicGas":{"daGas":0,"l2Gas":11571},"totalBlockGas":{"daGas":0,"l2Gas":11571},"totalSizeInBytes":128,"silentlySkippedCount":0,"silentlySkippedDurationMs":0}
[17:33:24.665] INFO: simulator:public-processor Processed 1 successful txs and 0 failed txs (0 silently skipped, 0ms wasted) in 0.016904249999999593s {"blockNumber":12,"successfulCount":1,"failedCount":0,"duration":0.016904249999999593,"rate":72861913.42414065,"totalPublicGas":{"daGas":2176,"l2Gas":1231676},"totalBlockGas":{"daGas":2176,"l2Gas":1231676},"totalSizeInBytes":2304,"silentlySkippedCount":0,"silentlySkippedDurationMs":0}
[17:33:24.692] INFO: txe:top_level_context Created block 13 with timestamp 1789500803
[17:33:25.239] INFO: simulator:public-processor Processed 1 successful txs and 0 failed txs (0 silently skipped, 0ms wasted) in 0.025863416000000142s {"blockNumber":14,"successfulCount":1,"failedCount":0,"duration":0.025863416000000142,"rate":75298135.40485097,"totalPublicGas":{"daGas":2368,"l2Gas":1947467},"totalBlockGas":{"daGas":3744,"l2Gas":2674217},"totalSizeInBytes":3744,"silentlySkippedCount":0,"silentlySkippedDurationMs":0}
[17:33:25.619] INFO: kv-store:lmdb-v2 Starting data store with maxReaders 2
[17:33:25.636] INFO: world-state:database Creating world state data store at directory /var/folders/ym/q1vh2x5n58xbsmpmvs5_6w3r0000gn/T/aztec-world-state-rKBOCs/world_state with map sizes {"archiveTreeMapSizeKb":10485760,"nullifierTreeMapSizeKb":10485760,"noteHashTreeMapSizeKb":10485760,"messageTreeMapSizeKb":10485760,"publicDataTreeMapSizeKb":10485760} and 2 threads (ephemeral=true).
[17:33:25.665] INFO: txe_node Aztec Node version: txe
[17:33:25.665] INFO: txe_node Aztec Node started on chain 0x1
[17:33:25.683] INFO: txe:top_level_context Created block 1 with timestamp 1789490005
[17:33:25.746] INFO: txe:top_level_context Created block 2 with timestamp 1789490005
[17:33:25.865] INFO: simulator:public-processor Processed 1 successful txs and 0 failed txs (0 silently skipped, 0ms wasted) in 0.05800154199999815s {"blockNumber":3,"successfulCount":1,"failedCount":0,"duration":0.05800154199999815,"rate":55794206.298861906,"totalPublicGas":{"daGas":4000,"l2Gas":3236150},"totalBlockGas":{"daGas":4000,"l2Gas":3236150},"totalSizeInBytes":4128,"silentlySkippedCount":0,"silentlySkippedDurationMs":0}
[billboard_test] Testing test_flag_penalty_two_flags ... [0m[32mok[0m
[17:33:26.022] INFO: simulator:public-processor Processed 1 successful txs and 0 failed txs (0 silently skipped, 0ms wasted) in 0.017523667000001297s {"blockNumber":4,"successfulCount":1,"failedCount":0,"duration":0.017523667000001297,"rate":65087975.02257465,"totalPublicGas":{"daGas":192,"l2Gas":1140580},"totalBlockGas":{"daGas":320,"l2Gas":1731380},"totalSizeInBytes":320,"silentlySkippedCount":0,"silentlySkippedDurationMs":0}
[17:33:26.053] INFO: txe:top_level_context Created block 5 with timestamp 1789490005
[17:33:26.230] INFO: simulator:public-processor Processed 1 successful txs and 0 failed txs (0 silently skipped, 0ms wasted) in 0.004428583000000799s {"blockNumber":6,"successfulCount":1,"failedCount":0,"duration":0.004428583000000799,"rate":0,"totalPublicGas":{"daGas":0,"l2Gas":0},"totalBlockGas":{"daGas":1984,"l2Gas":529900},"totalSizeInBytes":1984,"silentlySkippedCount":0,"silentlySkippedDurationMs":0}
[17:33:26.258] INFO: txe:top_level_context Created block 7 with timestamp 1789493606
[17:33:27.162] INFO: simulator:public-processor Processed 1 successful txs and 0 failed txs (0 silently skipped, 0ms wasted) in 0.02923537500000384s {"blockNumber":8,"successfulCount":1,"failedCount":0,"duration":0.02923537500000384,"rate":66613375.06359142,"totalPublicGas":{"daGas":2368,"l2Gas":1947467},"totalBlockGas":{"daGas":3744,"l2Gas":2674217},"totalSizeInBytes":3744,"silentlySkippedCount":0,"silentlySkippedDurationMs":0}
[17:33:27.195] INFO: simulator:public-processor Processed 1 successful txs and 0 failed txs (0 silently skipped, 0ms wasted) in 0.005089542000001529s {"blockNumber":9,"successfulCount":1,"failedCount":0,"duration":0.005089542000001529,"rate":2273485.512055215,"totalPublicGas":{"daGas":0,"l2Gas":11571},"totalBlockGas":{"daGas":0,"l2Gas":11571},"totalSizeInBytes":128,"silentlySkippedCount":0,"silentlySkippedDurationMs":0}
[17:33:27.227] INFO: simulator:public-processor Processed 1 successful txs and 0 failed txs (0 silently skipped, 0ms wasted) in 0.02064545899999939s {"blockNumber":9,"successfulCount":1,"failedCount":0,"duration":0.02064545899999939,"rate":59658445.9565678,"totalPublicGas":{"daGas":2176,"l2Gas":1231676},"totalBlockGas":{"daGas":2176,"l2Gas":1231676},"totalSizeInBytes":2304,"silentlySkippedCount":0,"silentlySkippedDurationMs":0}
[17:33:27.259] INFO: txe:top_level_context Created block 10 with timestamp 1789593606
[billboard_test] Testing test_flag_penalty_with_save_up ... [0m[32mok[0m
[17:33:27.846] INFO: simulator:public-processor Processed 1 successful txs and 0 failed txs (0 silently skipped, 0ms wasted) in 0.02678370800000266s {"blockNumber":11,"successfulCount":1,"failedCount":0,"duration":0.02678370800000266,"rate":72710880.80857985,"totalPublicGas":{"daGas":2368,"l2Gas":1947467},"totalBlockGas":{"daGas":3744,"l2Gas":2674217},"totalSizeInBytes":3744,"silentlySkippedCount":0,"silentlySkippedDurationMs":0}
[17:33:28.235] INFO: kv-store:lmdb-v2 Starting data store with maxReaders 2
[17:33:28.237] INFO: world-state:database Creating world state data store at directory /var/folders/ym/q1vh2x5n58xbsmpmvs5_6w3r0000gn/T/aztec-world-state-yNNPAD/world_state with map sizes {"archiveTreeMapSizeKb":10485760,"nullifierTreeMapSizeKb":10485760,"noteHashTreeMapSizeKb":10485760,"messageTreeMapSizeKb":10485760,"publicDataTreeMapSizeKb":10485760} and 2 threads (ephemeral=true).
[17:33:28.245] INFO: txe_node Aztec Node version: txe
[17:33:28.245] INFO: txe_node Aztec Node started on chain 0x1
[17:33:28.257] INFO: txe:top_level_context Created block 1 with timestamp 1789490008
[17:33:28.294] INFO: txe:top_level_context Created block 2 with timestamp 1789490008
[17:33:28.363] INFO: simulator:public-processor Processed 1 successful txs and 0 failed txs (0 silently skipped, 0ms wasted) in 0.03766450000000623s {"blockNumber":3,"successfulCount":1,"failedCount":0,"duration":0.03766450000000623,"rate":85920429.0512144,"totalPublicGas":{"daGas":4000,"l2Gas":3236150},"totalBlockGas":{"daGas":4000,"l2Gas":3236150},"totalSizeInBytes":4128,"silentlySkippedCount":0,"silentlySkippedDurationMs":0}
[17:33:28.472] INFO: simulator:public-processor Processed 1 successful txs and 0 failed txs (0 silently skipped, 0ms wasted) in 0.014249415999998747s {"blockNumber":4,"successfulCount":1,"failedCount":0,"duration":0.014249415999998747,"rate":80043982.1533809,"totalPublicGas":{"daGas":192,"l2Gas":1140580},"totalBlockGas":{"daGas":320,"l2Gas":1731380},"totalSizeInBytes":320,"silentlySkippedCount":0,"silentlySkippedDurationMs":0}
[17:33:28.500] INFO: txe:top_level_context Created block 5 with timestamp 1789490008
[17:33:28.646] INFO: simulator:public-processor Processed 1 successful txs and 0 failed txs (0 silently skipped, 0ms wasted) in 0.003704874999995809s {"blockNumber":6,"successfulCount":1,"failedCount":0,"duration":0.003704874999995809,"rate":0,"totalPublicGas":{"daGas":0,"l2Gas":0},"totalBlockGas":{"daGas":1984,"l2Gas":529900},"totalSizeInBytes":1984,"silentlySkippedCount":0,"silentlySkippedDurationMs":0}
[17:33:28.675] INFO: txe:top_level_context Created block 7 with timestamp 1789493609
[17:33:29.232] INFO: simulator:public-processor Processed 1 successful txs and 0 failed txs (0 silently skipped, 0ms wasted) in 0.026798667000002753s {"blockNumber":8,"successfulCount":1,"failedCount":0,"duration":0.026798667000002753,"rate":72670293.63810521,"totalPublicGas":{"daGas":2368,"l2Gas":1947467},"totalBlockGas":{"daGas":3744,"l2Gas":2674217},"totalSizeInBytes":3744,"silentlySkippedCount":0,"silentlySkippedDurationMs":0}
[17:33:29.262] INFO: simulator:public-processor Processed 1 successful txs and 0 failed txs (0 silently skipped, 0ms wasted) in 0.004328874999999243s {"blockNumber":9,"successfulCount":1,"failedCount":0,"duration":0.004328874999999243,"rate":2672980.8553035194,"totalPublicGas":{"daGas":0,"l2Gas":11571},"totalBlockGas":{"daGas":0,"l2Gas":11571},"totalSizeInBytes":128,"silentlySkippedCount":0,"silentlySkippedDurationMs":0}
[17:33:29.290] INFO: simulator:public-processor Processed 1 successful txs and 0 failed txs (0 silently skipped, 0ms wasted) in 0.01798141599999508s {"blockNumber":9,"successfulCount":1,"failedCount":0,"duration":0.01798141599999508,"rate":68497163.96085475,"totalPublicGas":{"daGas":2176,"l2Gas":1231676},"totalBlockGas":{"daGas":2176,"l2Gas":1231676},"totalSizeInBytes":2304,"silentlySkippedCount":0,"silentlySkippedDurationMs":0}
[17:33:29.320] INFO: simulator:public-processor Processed 1 successful txs and 0 failed txs (0 silently skipped, 0ms wasted) in 0.004322709000000031s {"blockNumber":10,"successfulCount":1,"failedCount":0,"duration":0.004322709000000031,"rate":2676793.649537805,"totalPublicGas":{"daGas":0,"l2Gas":11571},"totalBlockGas":{"daGas":0,"l2Gas":11571},"totalSizeInBytes":128,"silentlySkippedCount":0,"silentlySkippedDurationMs":0}
[17:33:29.334] INFO: simulator:public-processor Processed 1 successful txs and 0 failed txs (0 silently skipped, 0ms wasted) in 0.004201209000006202s {"blockNumber":10,"successfulCount":1,"failedCount":0,"duration":0.004201209000006202,"rate":3097679.7393276053,"totalPublicGas":{"daGas":0,"l2Gas":13014},"totalBlockGas":{"daGas":0,"l2Gas":13014},"totalSizeInBytes":128,"silentlySkippedCount":0,"silentlySkippedDurationMs":0}
[17:33:29.348] INFO: simulator:public-processor Processed 1 successful txs and 0 failed txs (0 silently skipped, 0ms wasted) in 0.004348333000001731s {"blockNumber":10,"successfulCount":1,"failedCount":0,"duration":0.004348333000001731,"rate":2661019.7517060894,"totalPublicGas":{"daGas":0,"l2Gas":11571},"totalBlockGas":{"daGas":0,"l2Gas":11571},"totalSizeInBytes":128,"silentlySkippedCount":0,"silentlySkippedDurationMs":0}
[17:33:29.363] INFO: simulator:public-processor Processed 1 successful txs and 0 failed txs (0 silently skipped, 0ms wasted) in 0.004310125000003609s {"blockNumber":10,"successfulCount":1,"failedCount":0,"duration":0.004310125000003609,"rate":3006873.35053836,"totalPublicGas":{"daGas":0,"l2Gas":12960},"totalBlockGas":{"daGas":0,"l2Gas":12960},"totalSizeInBytes":128,"silentlySkippedCount":0,"silentlySkippedDurationMs":0}
[17:33:29.378] INFO: simulator:public-processor Processed 1 successful txs and 0 failed txs (0 silently skipped, 0ms wasted) in 0.004577208000002429s {"blockNumber":10,"successfulCount":1,"failedCount":0,"duration":0.004577208000002429,"rate":2527960.2762194467,"totalPublicGas":{"daGas":0,"l2Gas":11571},"totalBlockGas":{"daGas":0,"l2Gas":11571},"totalSizeInBytes":128,"silentlySkippedCount":0,"silentlySkippedDurationMs":0}
[17:33:29.395] INFO: simulator:public-processor Processed 1 successful txs and 0 failed txs (0 silently skipped, 0ms wasted) in 0.007260000000002037s {"blockNumber":10,"successfulCount":1,"failedCount":0,"duration":0.007260000000002037,"rate":21261157.024787422,"totalPublicGas":{"daGas":0,"l2Gas":154356},"totalBlockGas":{"daGas":0,"l2Gas":154356},"totalSizeInBytes":128,"silentlySkippedCount":0,"silentlySkippedDurationMs":0}
[billboard_test] Testing test_full_flow_declare_immoral_after_post ... [0m[32mok[0m
[billboard_test] Testing test_full_flow_deposit_below_minimum ... [0m[32mok[0m
[17:33:29.943] INFO: kv-store:lmdb-v2 Starting data store with maxReaders 2
[17:33:29.944] INFO: world-state:database Creating world state data store at directory /var/folders/ym/q1vh2x5n58xbsmpmvs5_6w3r0000gn/T/aztec-world-state-ncm4xt/world_state with map sizes {"archiveTreeMapSizeKb":10485760,"nullifierTreeMapSizeKb":10485760,"noteHashTreeMapSizeKb":10485760,"messageTreeMapSizeKb":10485760,"publicDataTreeMapSizeKb":10485760} and 2 threads (ephemeral=true).
[17:33:29.952] INFO: txe_node Aztec Node version: txe
[17:33:29.952] INFO: txe_node Aztec Node started on chain 0x1
[17:33:29.964] INFO: txe:top_level_context Created block 1 with timestamp 1789490009
[17:33:29.999] INFO: txe:top_level_context Created block 2 with timestamp 1789490009
[17:33:30.062] INFO: simulator:public-processor Processed 1 successful txs and 0 failed txs (0 silently skipped, 0ms wasted) in 0.03651770899999974s {"blockNumber":3,"successfulCount":1,"failedCount":0,"duration":0.03651770899999974,"rate":88618648.00992918,"totalPublicGas":{"daGas":4000,"l2Gas":3236150},"totalBlockGas":{"daGas":4000,"l2Gas":3236150},"totalSizeInBytes":4128,"silentlySkippedCount":0,"silentlySkippedDurationMs":0}
[17:33:30.171] INFO: simulator:public-processor Processed 1 successful txs and 0 failed txs (0 silently skipped, 0ms wasted) in 0.013428749999999127s {"blockNumber":4,"successfulCount":1,"failedCount":0,"duration":0.013428749999999127,"rate":84935679.0468267,"totalPublicGas":{"daGas":192,"l2Gas":1140580},"totalBlockGas":{"daGas":320,"l2Gas":1731380},"totalSizeInBytes":320,"silentlySkippedCount":0,"silentlySkippedDurationMs":0}
[17:33:30.198] INFO: txe:top_level_context Created block 5 with timestamp 1789490009
[17:33:31.289] INFO: kv-store:lmdb-v2 Starting data store with maxReaders 2
[17:33:31.290] INFO: world-state:database Creating world state data store at directory /var/folders/ym/q1vh2x5n58xbsmpmvs5_6w3r0000gn/T/aztec-world-state-NejM7r/world_state with map sizes {"archiveTreeMapSizeKb":10485760,"nullifierTreeMapSizeKb":10485760,"noteHashTreeMapSizeKb":10485760,"messageTreeMapSizeKb":10485760,"publicDataTreeMapSizeKb":10485760} and 2 threads (ephemeral=true).
[17:33:31.299] INFO: txe_node Aztec Node version: txe
[17:33:31.299] INFO: txe_node Aztec Node started on chain 0x1
[17:33:31.311] INFO: txe:top_level_context Created block 1 with timestamp 1789490011
[17:33:31.346] INFO: txe:top_level_context Created block 2 with timestamp 1789490011
[17:33:31.409] INFO: simulator:public-processor Processed 1 successful txs and 0 failed txs (0 silently skipped, 0ms wasted) in 0.0367858750000014s {"blockNumber":3,"successfulCount":1,"failedCount":0,"duration":0.0367858750000014,"rate":87972625.36231303,"totalPublicGas":{"daGas":4000,"l2Gas":3236150},"totalBlockGas":{"daGas":4000,"l2Gas":3236150},"totalSizeInBytes":4128,"silentlySkippedCount":0,"silentlySkippedDurationMs":0}
[17:33:31.518] INFO: simulator:public-processor Processed 1 successful txs and 0 failed txs (0 silently skipped, 0ms wasted) in 0.013596416000000318s {"blockNumber":4,"successfulCount":1,"failedCount":0,"duration":0.013596416000000318,"rate":83888283.50059114,"totalPublicGas":{"daGas":192,"l2Gas":1140580},"totalBlockGas":{"daGas":320,"l2Gas":1731380},"totalSizeInBytes":320,"silentlySkippedCount":0,"silentlySkippedDurationMs":0}
[17:33:31.546] INFO: txe:top_level_context Created block 5 with timestamp 1789490011
[17:33:31.693] INFO: simulator:public-processor Processed 1 successful txs and 0 failed txs (0 silently skipped, 0ms wasted) in 0.003781958999999915s {"blockNumber":6,"successfulCount":1,"failedCount":0,"duration":0.003781958999999915,"rate":0,"totalPublicGas":{"daGas":0,"l2Gas":0},"totalBlockGas":{"daGas":1984,"l2Gas":529900},"totalSizeInBytes":1984,"silentlySkippedCount":0,"silentlySkippedDurationMs":0}
[17:33:31.721] INFO: txe:top_level_context Created block 7 with timestamp 1789493612
[17:33:32.174] INFO: kv-store:lmdb-v2 Starting data store with maxReaders 2
[17:33:32.175] INFO: world-state:database Creating world state data store at directory /var/folders/ym/q1vh2x5n58xbsmpmvs5_6w3r0000gn/T/aztec-world-state-Sde0M8/world_state with map sizes {"archiveTreeMapSizeKb":10485760,"nullifierTreeMapSizeKb":10485760,"noteHashTreeMapSizeKb":10485760,"messageTreeMapSizeKb":10485760,"publicDataTreeMapSizeKb":10485760} and 2 threads (ephemeral=true).
[17:33:32.184] INFO: txe_node Aztec Node version: txe
[17:33:32.184] INFO: txe_node Aztec Node started on chain 0x1
[17:33:32.242] INFO: txe:top_level_context Created block 1 with timestamp 1789490012
[17:33:32.277] INFO: txe:top_level_context Created block 2 with timestamp 1789490012
[17:33:32.280] INFO: simulator:public-processor Processed 1 successful txs and 0 failed txs (0 silently skipped, 0ms wasted) in 0.028264500000004772s {"blockNumber":8,"successfulCount":1,"failedCount":0,"duration":0.028264500000004772,"rate":68901519.57401232,"totalPublicGas":{"daGas":2368,"l2Gas":1947467},"totalBlockGas":{"daGas":3744,"l2Gas":2674217},"totalSizeInBytes":3744,"silentlySkippedCount":0,"silentlySkippedDurationMs":0}
[17:33:32.316] INFO: simulator:public-processor Processed 1 successful txs and 0 failed txs (0 silently skipped, 0ms wasted) in 0.004800209000000904s {"blockNumber":9,"successfulCount":1,"failedCount":0,"duration":0.004800209000000904,"rate":2410520.041939386,"totalPublicGas":{"daGas":0,"l2Gas":11571},"totalBlockGas":{"daGas":0,"l2Gas":11571},"totalSizeInBytes":128,"silentlySkippedCount":0,"silentlySkippedDurationMs":0}
[17:33:32.345] INFO: simulator:public-processor Processed 1 successful txs and 0 failed txs (0 silently skipped, 0ms wasted) in 0.01857408299999952s {"blockNumber":9,"successfulCount":1,"failedCount":0,"duration":0.01857408299999952,"rate":66311537.42556399,"totalPublicGas":{"daGas":2176,"l2Gas":1231676},"totalBlockGas":{"daGas":2176,"l2Gas":1231676},"totalSizeInBytes":2304,"silentlySkippedCount":0,"silentlySkippedDurationMs":0}
[17:33:32.347] INFO: simulator:public-processor Processed 1 successful txs and 0 failed txs (0 silently skipped, 0ms wasted) in 0.04183875000000262s {"blockNumber":3,"successfulCount":1,"failedCount":0,"duration":0.04183875000000262,"rate":77348152.13169126,"totalPublicGas":{"daGas":4000,"l2Gas":3236150},"totalBlockGas":{"daGas":4000,"l2Gas":3236150},"totalSizeInBytes":4128,"silentlySkippedCount":0,"silentlySkippedDurationMs":0}
[17:33:32.383] INFO: simulator:public-processor Processed 1 successful txs and 0 failed txs (0 silently skipped, 0ms wasted) in 0.012581666999998561s {"blockNumber":10,"successfulCount":1,"failedCount":0,"duration":0.012581666999998561,"rate":919671.4553009012,"totalPublicGas":{"daGas":0,"l2Gas":11571},"totalBlockGas":{"daGas":0,"l2Gas":11571},"totalSizeInBytes":128,"silentlySkippedCount":0,"silentlySkippedDurationMs":0}
[17:33:32.401] INFO: simulator:public-processor Processed 1 successful txs and 0 failed txs (0 silently skipped, 0ms wasted) in 0.005937832999996317s {"blockNumber":10,"successfulCount":1,"failedCount":0,"duration":0.005937832999996317,"rate":6076964.441408571,"totalPublicGas":{"daGas":0,"l2Gas":36084},"totalBlockGas":{"daGas":0,"l2Gas":36084},"totalSizeInBytes":128,"silentlySkippedCount":0,"silentlySkippedDurationMs":0}
[17:33:32.405] WARN: txe:top_level_context Could not find function artifact in contract Billboard for function '0x53843f0d' when enriching error callstack
[billboard_test] Testing test_full_flow_double_flag_fails ... [0m[32mok[0m
[17:33:32.473] INFO: simulator:public-processor Processed 1 successful txs and 0 failed txs (0 silently skipped, 0ms wasted) in 0.013571917000001122s {"blockNumber":4,"successfulCount":1,"failedCount":0,"duration":0.013571917000001122,"rate":84039712.29708417,"totalPublicGas":{"daGas":192,"l2Gas":1140580},"totalBlockGas":{"daGas":320,"l2Gas":1731380},"totalSizeInBytes":320,"silentlySkippedCount":0,"silentlySkippedDurationMs":0}
[17:33:32.501] INFO: txe:top_level_context Created block 5 with timestamp 1789490012
[17:33:32.655] INFO: simulator:public-processor Processed 1 successful txs and 0 failed txs (0 silently skipped, 0ms wasted) in 0.003839124999998603s {"blockNumber":6,"successfulCount":1,"failedCount":0,"duration":0.003839124999998603,"rate":0,"totalPublicGas":{"daGas":0,"l2Gas":0},"totalBlockGas":{"daGas":1984,"l2Gas":529900},"totalSizeInBytes":1984,"silentlySkippedCount":0,"silentlySkippedDurationMs":0}
[17:33:32.682] INFO: txe:top_level_context Created block 7 with timestamp 1789493613
[billboard_test] Testing test_full_flow_first_post ... [0m[32mok[0m
[17:33:33.246] INFO: simulator:public-processor Processed 1 successful txs and 0 failed txs (0 silently skipped, 0ms wasted) in 0.026865875000003144s {"blockNumber":8,"successfulCount":1,"failedCount":0,"duration":0.026865875000003144,"rate":72488500.7467567,"totalPublicGas":{"daGas":2368,"l2Gas":1947467},"totalBlockGas":{"daGas":3744,"l2Gas":2674217},"totalSizeInBytes":3744,"silentlySkippedCount":0,"silentlySkippedDurationMs":0}
[17:33:33.275] INFO: simulator:public-processor Processed 1 successful txs and 0 failed txs (0 silently skipped, 0ms wasted) in 0.0042235419999997244s {"blockNumber":9,"successfulCount":1,"failedCount":0,"duration":0.0042235419999997244,"rate":2089715.220068979,"totalPublicGas":{"daGas":0,"l2Gas":8826},"totalBlockGas":{"daGas":0,"l2Gas":8826},"totalSizeInBytes":128,"silentlySkippedCount":0,"silentlySkippedDurationMs":0}
[17:33:33.290] INFO: simulator:public-processor Processed 1 successful txs and 0 failed txs (0 silently skipped, 0ms wasted) in 0.0043897920000017625s {"blockNumber":9,"successfulCount":1,"failedCount":0,"duration":0.0043897920000017625,"rate":2635887.987402445,"totalPublicGas":{"daGas":0,"l2Gas":11571},"totalBlockGas":{"daGas":0,"l2Gas":11571},"totalSizeInBytes":128,"silentlySkippedCount":0,"silentlySkippedDurationMs":0}
[17:33:33.307] INFO: simulator:public-processor Processed 1 successful txs and 0 failed txs (0 silently skipped, 0ms wasted) in 0.007584749999994528s {"blockNumber":9,"successfulCount":1,"failedCount":0,"duration":0.007584749999994528,"rate":20308118.263635732,"totalPublicGas":{"daGas":0,"l2Gas":154032},"totalBlockGas":{"daGas":0,"l2Gas":154032},"totalSizeInBytes":128,"silentlySkippedCount":0,"silentlySkippedDurationMs":0}
[17:33:33.322] INFO: simulator:public-processor Processed 1 successful txs and 0 failed txs (0 silently skipped, 0ms wasted) in 0.004424916999996639s {"blockNumber":9,"successfulCount":1,"failedCount":0,"duration":0.004424916999996639,"rate":2614964.303287223,"totalPublicGas":{"daGas":0,"l2Gas":11571},"totalBlockGas":{"daGas":0,"l2Gas":11571},"totalSizeInBytes":128,"silentlySkippedCount":0,"silentlySkippedDurationMs":0}
[17:33:33.336] INFO: simulator:public-processor Processed 1 successful txs and 0 failed txs (0 silently skipped, 0ms wasted) in 0.004290291999997862s {"blockNumber":9,"successfulCount":1,"failedCount":0,"duration":0.004290291999997862,"rate":2999795.8180949953,"totalPublicGas":{"daGas":0,"l2Gas":12870},"totalBlockGas":{"daGas":0,"l2Gas":12870},"totalSizeInBytes":128,"silentlySkippedCount":0,"silentlySkippedDurationMs":0}
[17:33:34.289] INFO: kv-store:lmdb-v2 Starting data store with maxReaders 2
[17:33:34.291] INFO: world-state:database Creating world state data store at directory /var/folders/ym/q1vh2x5n58xbsmpmvs5_6w3r0000gn/T/aztec-world-state-u1OUEm/world_state with map sizes {"archiveTreeMapSizeKb":10485760,"nullifierTreeMapSizeKb":10485760,"noteHashTreeMapSizeKb":10485760,"messageTreeMapSizeKb":10485760,"publicDataTreeMapSizeKb":10485760} and 2 threads (ephemeral=true).
[17:33:34.299] INFO: txe_node Aztec Node version: txe
[17:33:34.299] INFO: txe_node Aztec Node started on chain 0x1
[17:33:34.311] INFO: txe:top_level_context Created block 1 with timestamp 1789490014
[17:33:34.348] INFO: txe:top_level_context Created block 2 with timestamp 1789490014
[17:33:34.414] INFO: simulator:public-processor Processed 1 successful txs and 0 failed txs (0 silently skipped, 0ms wasted) in 0.03773700000000099s {"blockNumber":3,"successfulCount":1,"failedCount":0,"duration":0.03773700000000099,"rate":85755359.46153417,"totalPublicGas":{"daGas":4000,"l2Gas":3236150},"totalBlockGas":{"daGas":4000,"l2Gas":3236150},"totalSizeInBytes":4128,"silentlySkippedCount":0,"silentlySkippedDurationMs":0}
[17:33:34.523] INFO: simulator:public-processor Processed 1 successful txs and 0 failed txs (0 silently skipped, 0ms wasted) in 0.013444292000000132s {"blockNumber":4,"successfulCount":1,"failedCount":0,"duration":0.013444292000000132,"rate":84837490.88460656,"totalPublicGas":{"daGas":192,"l2Gas":1140580},"totalBlockGas":{"daGas":320,"l2Gas":1731380},"totalSizeInBytes":320,"silentlySkippedCount":0,"silentlySkippedDurationMs":0}
[17:33:34.551] INFO: txe:top_level_context Created block 5 with timestamp 1789490014
[17:33:34.700] INFO: simulator:public-processor Processed 1 successful txs and 0 failed txs (0 silently skipped, 0ms wasted) in 0.004583624999999302s {"blockNumber":6,"successfulCount":1,"failedCount":0,"duration":0.004583624999999302,"rate":0,"totalPublicGas":{"daGas":0,"l2Gas":0},"totalBlockGas":{"daGas":1984,"l2Gas":529900},"totalSizeInBytes":1984,"silentlySkippedCount":0,"silentlySkippedDurationMs":0}
[17:33:34.729] INFO: txe:top_level_context Created block 7 with timestamp 1789493615
[17:33:35.173] INFO: kv-store:lmdb-v2 Starting data store with maxReaders 2
[17:33:35.174] INFO: world-state:database Creating world state data store at directory /var/folders/ym/q1vh2x5n58xbsmpmvs5_6w3r0000gn/T/aztec-world-state-HvwoCh/world_state with map sizes {"archiveTreeMapSizeKb":10485760,"nullifierTreeMapSizeKb":10485760,"noteHashTreeMapSizeKb":10485760,"messageTreeMapSizeKb":10485760,"publicDataTreeMapSizeKb":10485760} and 2 threads (ephemeral=true).
[17:33:35.184] INFO: txe_node Aztec Node version: txe
[17:33:35.184] INFO: txe_node Aztec Node started on chain 0x1
[17:33:35.200] INFO: txe:top_level_context Created block 1 with timestamp 1789490015
[17:33:35.294] INFO: txe:top_level_context Created block 2 with timestamp 1789490015
[17:33:35.310] INFO: simulator:public-processor Processed 1 successful txs and 0 failed txs (0 silently skipped, 0ms wasted) in 0.028402624999995168s {"blockNumber":8,"successfulCount":1,"failedCount":0,"duration":0.028402624999995168,"rate":68566444.12269399,"totalPublicGas":{"daGas":2368,"l2Gas":1947467},"totalBlockGas":{"daGas":3744,"l2Gas":2674217},"totalSizeInBytes":3744,"silentlySkippedCount":0,"silentlySkippedDurationMs":0}
[17:33:35.345] INFO: simulator:public-processor Processed 1 successful txs and 0 failed txs (0 silently skipped, 0ms wasted) in 0.004326542000002519s {"blockNumber":9,"successfulCount":1,"failedCount":0,"duration":0.004326542000002519,"rate":2674422.2060003723,"totalPublicGas":{"daGas":0,"l2Gas":11571},"totalBlockGas":{"daGas":0,"l2Gas":11571},"totalSizeInBytes":128,"silentlySkippedCount":0,"silentlySkippedDurationMs":0}
[17:33:35.361] INFO: simulator:public-processor Processed 1 successful txs and 0 failed txs (0 silently skipped, 0ms wasted) in 0.03972770899999887s {"blockNumber":3,"successfulCount":1,"failedCount":0,"duration":0.03972770899999887,"rate":81458258.76846038,"totalPublicGas":{"daGas":4000,"l2Gas":3236150},"totalBlockGas":{"daGas":4000,"l2Gas":3236150},"totalSizeInBytes":4128,"silentlySkippedCount":0,"silentlySkippedDurationMs":0}
[17:33:35.372] INFO: simulator:public-processor Processed 1 successful txs and 0 failed txs (0 silently skipped, 0ms wasted) in 0.017899833000003126s {"blockNumber":9,"successfulCount":1,"failedCount":0,"duration":0.017899833000003126,"rate":68809357.04817943,"totalPublicGas":{"daGas":2176,"l2Gas":1231676},"totalBlockGas":{"daGas":2176,"l2Gas":1231676},"totalSizeInBytes":2304,"silentlySkippedCount":0,"silentlySkippedDurationMs":0}
[17:33:35.410] INFO: txe:top_level_context Created block 10 with timestamp 1789497215
[17:33:35.545] INFO: simulator:public-processor Processed 1 successful txs and 0 failed txs (0 silently skipped, 0ms wasted) in 0.01539245800000208s {"blockNumber":4,"successfulCount":1,"failedCount":0,"duration":0.01539245800000208,"rate":74099926.08067185,"totalPublicGas":{"daGas":192,"l2Gas":1140580},"totalBlockGas":{"daGas":320,"l2Gas":1731380},"totalSizeInBytes":320,"silentlySkippedCount":0,"silentlySkippedDurationMs":0}
[17:33:35.599] INFO: txe:top_level_context Created block 5 with timestamp 1789490015
[17:33:35.803] INFO: simulator:public-processor Processed 1 successful txs and 0 failed txs (0 silently skipped, 0ms wasted) in 0.003926542000001063s {"blockNumber":6,"successfulCount":1,"failedCount":0,"duration":0.003926542000001063,"rate":0,"totalPublicGas":{"daGas":0,"l2Gas":0},"totalBlockGas":{"daGas":1984,"l2Gas":529900},"totalSizeInBytes":1984,"silentlySkippedCount":0,"silentlySkippedDurationMs":0}
[17:33:36.208] INFO: simulator:public-processor Processed 1 successful txs and 0 failed txs (0 silently skipped, 0ms wasted) in 0.027447124999998778s {"blockNumber":11,"successfulCount":1,"failedCount":0,"duration":0.027447124999998778,"rate":70953405.86673783,"totalPublicGas":{"daGas":2368,"l2Gas":1947467},"totalBlockGas":{"daGas":3744,"l2Gas":2674217},"totalSizeInBytes":3744,"silentlySkippedCount":0,"silentlySkippedDurationMs":0}
[17:33:36.250] INFO: txe:top_level_context Created block 12 with timestamp 1789511613
[billboard_test] Testing test_full_flow_get_deposit_info ... [0m[32mok[0m
[billboard_test] Testing test_full_flow_flag_penalty_post3_too_early ... [0m[32mok[0m
[17:33:38.334] INFO: kv-store:lmdb-v2 Starting data store with maxReaders 2
[17:33:38.335] INFO: world-state:database Creating world state data store at directory /var/folders/ym/q1vh2x5n58xbsmpmvs5_6w3r0000gn/T/aztec-world-state-QRczkF/world_state with map sizes {"archiveTreeMapSizeKb":10485760,"nullifierTreeMapSizeKb":10485760,"noteHashTreeMapSizeKb":10485760,"messageTreeMapSizeKb":10485760,"publicDataTreeMapSizeKb":10485760} and 2 threads (ephemeral=true).
[17:33:38.344] INFO: txe_node Aztec Node version: txe
[17:33:38.344] INFO: txe_node Aztec Node started on chain 0x1
[17:33:38.355] INFO: txe:top_level_context Created block 1 with timestamp 1789490018
[17:33:38.390] INFO: txe:top_level_context Created block 2 with timestamp 1789490018
[17:33:38.453] INFO: simulator:public-processor Processed 1 successful txs and 0 failed txs (0 silently skipped, 0ms wasted) in 0.03683733299999585s {"blockNumber":3,"successfulCount":1,"failedCount":0,"duration":0.03683733299999585,"rate":87849736.57024422,"totalPublicGas":{"daGas":4000,"l2Gas":3236150},"totalBlockGas":{"daGas":4000,"l2Gas":3236150},"totalSizeInBytes":4128,"silentlySkippedCount":0,"silentlySkippedDurationMs":0}
[17:33:38.577] INFO: simulator:public-processor Processed 1 successful txs and 0 failed txs (0 silently skipped, 0ms wasted) in 0.013636916000003111s {"blockNumber":4,"successfulCount":1,"failedCount":0,"duration":0.013636916000003111,"rate":83639145.39033164,"totalPublicGas":{"daGas":192,"l2Gas":1140580},"totalBlockGas":{"daGas":320,"l2Gas":1731380},"totalSizeInBytes":320,"silentlySkippedCount":0,"silentlySkippedDurationMs":0}
[17:33:38.604] INFO: txe:top_level_context Created block 5 with timestamp 1789490018
[17:33:38.656] INFO: kv-store:lmdb-v2 Starting data store with maxReaders 2
[17:33:38.658] INFO: world-state:database Creating world state data store at directory /var/folders/ym/q1vh2x5n58xbsmpmvs5_6w3r0000gn/T/aztec-world-state-p8L7Fp/world_state with map sizes {"archiveTreeMapSizeKb":10485760,"nullifierTreeMapSizeKb":10485760,"noteHashTreeMapSizeKb":10485760,"messageTreeMapSizeKb":10485760,"publicDataTreeMapSizeKb":10485760} and 2 threads (ephemeral=true).
[17:33:38.671] INFO: txe_node Aztec Node version: txe
[17:33:38.671] INFO: txe_node Aztec Node started on chain 0x1
[17:33:38.684] INFO: txe:top_level_context Created block 1 with timestamp 1789490018
[17:33:38.758] INFO: txe:top_level_context Created block 2 with timestamp 1789490018
[17:33:38.785] INFO: simulator:public-processor Processed 1 successful txs and 0 failed txs (0 silently skipped, 0ms wasted) in 0.004365499999999883s {"blockNumber":6,"successfulCount":1,"failedCount":0,"duration":0.004365499999999883,"rate":0,"totalPublicGas":{"daGas":0,"l2Gas":0},"totalBlockGas":{"daGas":1984,"l2Gas":529900},"totalSizeInBytes":1984,"silentlySkippedCount":0,"silentlySkippedDurationMs":0}
[17:33:38.813] INFO: txe:top_level_context Created block 7 with timestamp 1789493619
[17:33:38.860] INFO: simulator:public-processor Processed 1 successful txs and 0 failed txs (0 silently skipped, 0ms wasted) in 0.06941966700000193s {"blockNumber":3,"successfulCount":1,"failedCount":0,"duration":0.06941966700000193,"rate":46617192.79062387,"totalPublicGas":{"daGas":4000,"l2Gas":3236150},"totalBlockGas":{"daGas":4000,"l2Gas":3236150},"totalSizeInBytes":4128,"silentlySkippedCount":0,"silentlySkippedDurationMs":0}
[17:33:39.022] INFO: simulator:public-processor Processed 1 successful txs and 0 failed txs (0 silently skipped, 0ms wasted) in 0.014976583999996365s {"blockNumber":4,"successfulCount":1,"failedCount":0,"duration":0.014976583999996365,"rate":76157553.6851579,"totalPublicGas":{"daGas":192,"l2Gas":1140580},"totalBlockGas":{"daGas":320,"l2Gas":1731380},"totalSizeInBytes":320,"silentlySkippedCount":0,"silentlySkippedDurationMs":0}
[17:33:39.058] INFO: txe:top_level_context Created block 5 with timestamp 1789490018
[17:33:39.493] INFO: simulator:public-processor Processed 1 successful txs and 0 failed txs (0 silently skipped, 0ms wasted) in 0.003881124999999884s {"blockNumber":6,"successfulCount":1,"failedCount":0,"duration":0.003881124999999884,"rate":0,"totalPublicGas":{"daGas":0,"l2Gas":0},"totalBlockGas":{"daGas":1984,"l2Gas":529900},"totalSizeInBytes":1984,"silentlySkippedCount":0,"silentlySkippedDurationMs":0}
[17:33:39.499] INFO: simulator:public-processor Processed 1 successful txs and 0 failed txs (0 silently skipped, 0ms wasted) in 0.02798791699999856s {"blockNumber":8,"successfulCount":1,"failedCount":0,"duration":0.02798791699999856,"rate":69582420.15653041,"totalPublicGas":{"daGas":2368,"l2Gas":1947467},"totalBlockGas":{"daGas":3744,"l2Gas":2674217},"totalSizeInBytes":3744,"silentlySkippedCount":0,"silentlySkippedDurationMs":0}
[17:33:39.525] INFO: txe:top_level_context Created block 7 with timestamp 1789490118
[17:33:39.529] INFO: simulator:public-processor Processed 1 successful txs and 0 failed txs (0 silently skipped, 0ms wasted) in 0.004315375000005588s {"blockNumber":9,"successfulCount":1,"failedCount":0,"duration":0.004315375000005588,"rate":2045245.1988502902,"totalPublicGas":{"daGas":0,"l2Gas":8826},"totalBlockGas":{"daGas":0,"l2Gas":8826},"totalSizeInBytes":128,"silentlySkippedCount":0,"silentlySkippedDurationMs":0}
[17:33:39.563] INFO: txe:top_level_context Created block 9 with timestamp 1789497220
[billboard_test] Testing test_full_flow_post_too_early ... [0m[32mok[0m
[17:33:40.438] INFO: simulator:public-processor Processed 1 successful txs and 0 failed txs (0 silently skipped, 0ms wasted) in 0.026328250000005937s {"blockNumber":10,"successfulCount":1,"failedCount":0,"duration":0.026328250000005937,"rate":73968721.81020617,"totalPublicGas":{"daGas":2368,"l2Gas":1947467},"totalBlockGas":{"daGas":3744,"l2Gas":2674217},"totalSizeInBytes":3744,"silentlySkippedCount":0,"silentlySkippedDurationMs":0}
[17:33:40.468] INFO: simulator:public-processor Processed 1 successful txs and 0 failed txs (0 silently skipped, 0ms wasted) in 0.0049211250000007565s {"blockNumber":11,"successfulCount":1,"failedCount":0,"duration":0.0049211250000007565,"rate":1793492.3416898865,"totalPublicGas":{"daGas":0,"l2Gas":8826},"totalBlockGas":{"daGas":0,"l2Gas":8826},"totalSizeInBytes":128,"silentlySkippedCount":0,"silentlySkippedDurationMs":0}
[17:33:40.481] INFO: txe:top_level_context Created block 11 with timestamp 1789500821
[billboard_test] Testing test_full_flow_multiple_posts ... [0m[32mok[0m
[17:33:41.037] INFO: simulator:public-processor Processed 1 successful txs and 0 failed txs (0 silently skipped, 0ms wasted) in 0.026671207999999752s {"blockNumber":12,"successfulCount":1,"failedCount":0,"duration":0.026671207999999752,"rate":73017577.60653429,"totalPublicGas":{"daGas":2368,"l2Gas":1947467},"totalBlockGas":{"daGas":3744,"l2Gas":2674217},"totalSizeInBytes":3744,"silentlySkippedCount":0,"silentlySkippedDurationMs":0}
[17:33:41.067] INFO: simulator:public-processor Processed 1 successful txs and 0 failed txs (0 silently skipped, 0ms wasted) in 0.0044375s {"blockNumber":13,"successfulCount":1,"failedCount":0,"duration":0.0044375,"rate":1988957.7464788733,"totalPublicGas":{"daGas":0,"l2Gas":8826},"totalBlockGas":{"daGas":0,"l2Gas":8826},"totalSizeInBytes":128,"silentlySkippedCount":0,"silentlySkippedDurationMs":0}
[17:33:41.082] INFO: simulator:public-processor Processed 1 successful txs and 0 failed txs (0 silently skipped, 0ms wasted) in 0.0044051669999971635s {"blockNumber":13,"successfulCount":1,"failedCount":0,"duration":0.0044051669999971635,"rate":2626688.1596106235,"totalPublicGas":{"daGas":0,"l2Gas":11571},"totalBlockGas":{"daGas":0,"l2Gas":11571},"totalSizeInBytes":128,"silentlySkippedCount":0,"silentlySkippedDurationMs":0}
[17:33:41.099] INFO: simulator:public-processor Processed 1 successful txs and 0 failed txs (0 silently skipped, 0ms wasted) in 0.007148583999995026s {"blockNumber":13,"successfulCount":1,"failedCount":0,"duration":0.007148583999995026,"rate":21547204.313484624,"totalPublicGas":{"daGas":0,"l2Gas":154032},"totalBlockGas":{"daGas":0,"l2Gas":154032},"totalSizeInBytes":128,"silentlySkippedCount":0,"silentlySkippedDurationMs":0}
[17:33:41.114] INFO: simulator:public-processor Processed 1 successful txs and 0 failed txs (0 silently skipped, 0ms wasted) in 0.004646332999996957s {"blockNumber":13,"successfulCount":1,"failedCount":0,"duration":0.004646332999996957,"rate":2490350.992924437,"totalPublicGas":{"daGas":0,"l2Gas":11571},"totalBlockGas":{"daGas":0,"l2Gas":11571},"totalSizeInBytes":128,"silentlySkippedCount":0,"silentlySkippedDurationMs":0}
[17:33:41.132] INFO: simulator:public-processor Processed 1 successful txs and 0 failed txs (0 silently skipped, 0ms wasted) in 0.007139290999999503s {"blockNumber":13,"successfulCount":1,"failedCount":0,"duration":0.007139290999999503,"rate":21575251.660145346,"totalPublicGas":{"daGas":0,"l2Gas":154032},"totalBlockGas":{"daGas":0,"l2Gas":154032},"totalSizeInBytes":128,"silentlySkippedCount":0,"silentlySkippedDurationMs":0}
[17:33:41.146] INFO: simulator:public-processor Processed 1 successful txs and 0 failed txs (0 silently skipped, 0ms wasted) in 0.004268040999995719s {"blockNumber":13,"successfulCount":1,"failedCount":0,"duration":0.004268040999995719,"rate":2711079.8607631945,"totalPublicGas":{"daGas":0,"l2Gas":11571},"totalBlockGas":{"daGas":0,"l2Gas":11571},"totalSizeInBytes":128,"silentlySkippedCount":0,"silentlySkippedDurationMs":0}
[17:33:41.163] INFO: simulator:public-processor Processed 1 successful txs and 0 failed txs (0 silently skipped, 0ms wasted) in 0.006902042000001529s {"blockNumber":13,"successfulCount":1,"failedCount":0,"duration":0.006902042000001529,"rate":22316873.759963483,"totalPublicGas":{"daGas":0,"l2Gas":154032},"totalBlockGas":{"daGas":0,"l2Gas":154032},"totalSizeInBytes":128,"silentlySkippedCount":0,"silentlySkippedDurationMs":0}
[17:33:41.972] INFO: kv-store:lmdb-v2 Starting data store with maxReaders 2
[17:33:41.973] INFO: world-state:database Creating world state data store at directory /var/folders/ym/q1vh2x5n58xbsmpmvs5_6w3r0000gn/T/aztec-world-state-xI3wOl/world_state with map sizes {"archiveTreeMapSizeKb":10485760,"nullifierTreeMapSizeKb":10485760,"noteHashTreeMapSizeKb":10485760,"messageTreeMapSizeKb":10485760,"publicDataTreeMapSizeKb":10485760} and 2 threads (ephemeral=true).
[17:33:41.982] INFO: txe_node Aztec Node version: txe
[17:33:41.982] INFO: txe_node Aztec Node started on chain 0x1
[17:33:41.994] INFO: txe:top_level_context Created block 1 with timestamp 1789490021
[17:33:42.029] INFO: txe:top_level_context Created block 2 with timestamp 1789490021
[17:33:42.093] INFO: simulator:public-processor Processed 1 successful txs and 0 failed txs (0 silently skipped, 0ms wasted) in 0.038072832999998356s {"blockNumber":3,"successfulCount":1,"failedCount":0,"duration":0.038072832999998356,"rate":84998928.23841451,"totalPublicGas":{"daGas":4000,"l2Gas":3236150},"totalBlockGas":{"daGas":4000,"l2Gas":3236150},"totalSizeInBytes":4128,"silentlySkippedCount":0,"silentlySkippedDurationMs":0}
[17:33:42.214] INFO: simulator:public-processor Processed 1 successful txs and 0 failed txs (0 silently skipped, 0ms wasted) in 0.013945874999997613s {"blockNumber":4,"successfulCount":1,"failedCount":0,"duration":0.013945874999997613,"rate":81786191.25728542,"totalPublicGas":{"daGas":192,"l2Gas":1140580},"totalBlockGas":{"daGas":320,"l2Gas":1731380},"totalSizeInBytes":320,"silentlySkippedCount":0,"silentlySkippedDurationMs":0}
[17:33:42.241] INFO: txe:top_level_context Created block 5 with timestamp 1789490021
[17:33:42.394] INFO: simulator:public-processor Processed 1 successful txs and 0 failed txs (0 silently skipped, 0ms wasted) in 0.00375908299999719s {"blockNumber":6,"successfulCount":1,"failedCount":0,"duration":0.00375908299999719,"rate":0,"totalPublicGas":{"daGas":0,"l2Gas":0},"totalBlockGas":{"daGas":1984,"l2Gas":529900},"totalSizeInBytes":1984,"silentlySkippedCount":0,"silentlySkippedDurationMs":0}
[17:33:42.423] INFO: txe:top_level_context Created block 7 with timestamp 1789493622
[17:33:42.972] INFO: simulator:public-processor Processed 1 successful txs and 0 failed txs (0 silently skipped, 0ms wasted) in 0.026459666999995534s {"blockNumber":8,"successfulCount":1,"failedCount":0,"duration":0.026459666999995534,"rate":73601341.9972492,"totalPublicGas":{"daGas":2368,"l2Gas":1947467},"totalBlockGas":{"daGas":3744,"l2Gas":2674217},"totalSizeInBytes":3744,"silentlySkippedCount":0,"silentlySkippedDurationMs":0}
[17:33:42.999] INFO: txe:top_level_context Created block 9 with timestamp 1789497223
[17:33:43.038] INFO: kv-store:lmdb-v2 Starting data store with maxReaders 2
[17:33:43.039] INFO: world-state:database Creating world state data store at directory /var/folders/ym/q1vh2x5n58xbsmpmvs5_6w3r0000gn/T/aztec-world-state-vGKy0x/world_state with map sizes {"archiveTreeMapSizeKb":10485760,"nullifierTreeMapSizeKb":10485760,"noteHashTreeMapSizeKb":10485760,"messageTreeMapSizeKb":10485760,"publicDataTreeMapSizeKb":10485760} and 2 threads (ephemeral=true).
[17:33:43.052] INFO: txe_node Aztec Node version: txe
[17:33:43.052] INFO: txe_node Aztec Node started on chain 0x1
[17:33:43.076] INFO: txe:top_level_context Created block 1 with timestamp 1789490023
[17:33:43.145] INFO: txe:top_level_context Created block 2 with timestamp 1789490023
[17:33:43.216] INFO: simulator:public-processor Processed 1 successful txs and 0 failed txs (0 silently skipped, 0ms wasted) in 0.043121124999997845s {"blockNumber":3,"successfulCount":1,"failedCount":0,"duration":0.043121124999997845,"rate":75047902.8550429,"totalPublicGas":{"daGas":4000,"l2Gas":3236150},"totalBlockGas":{"daGas":4000,"l2Gas":3236150},"totalSizeInBytes":4128,"silentlySkippedCount":0,"silentlySkippedDurationMs":0}
[17:33:43.343] INFO: simulator:public-processor Processed 1 successful txs and 0 failed txs (0 silently skipped, 0ms wasted) in 0.015607625000004191s {"blockNumber":4,"successfulCount":1,"failedCount":0,"duration":0.015607625000004191,"rate":73078383.16205661,"totalPublicGas":{"daGas":192,"l2Gas":1140580},"totalBlockGas":{"daGas":320,"l2Gas":1731380},"totalSizeInBytes":320,"silentlySkippedCount":0,"silentlySkippedDurationMs":0}
[17:33:43.541] INFO: txe:top_level_context Created block 5 with timestamp 1789490023
[17:33:43.659] INFO: simulator:public-processor Processed 1 successful txs and 0 failed txs (0 silently skipped, 0ms wasted) in 0.028135209000000033s {"blockNumber":10,"successfulCount":1,"failedCount":0,"duration":0.028135209000000033,"rate":69218145.84707715,"totalPublicGas":{"daGas":2368,"l2Gas":1947467},"totalBlockGas":{"daGas":3744,"l2Gas":2674217},"totalSizeInBytes":3744,"silentlySkippedCount":0,"silentlySkippedDurationMs":0}
[17:33:43.702] INFO: simulator:public-processor Processed 1 successful txs and 0 failed txs (0 silently skipped, 0ms wasted) in 0.017217166999995242s {"blockNumber":11,"successfulCount":1,"failedCount":0,"duration":0.017217166999995242,"rate":512627.8905235942,"totalPublicGas":{"daGas":0,"l2Gas":8826},"totalBlockGas":{"daGas":0,"l2Gas":8826},"totalSizeInBytes":128,"silentlySkippedCount":0,"silentlySkippedDurationMs":0}
[17:33:43.738] INFO: simulator:public-processor Processed 1 successful txs and 0 failed txs (0 silently skipped, 0ms wasted) in 0.014706582999999227s {"blockNumber":11,"successfulCount":1,"failedCount":0,"duration":0.014706582999999227,"rate":786790.5141527851,"totalPublicGas":{"daGas":0,"l2Gas":11571},"totalBlockGas":{"daGas":0,"l2Gas":11571},"totalSizeInBytes":128,"silentlySkippedCount":0,"silentlySkippedDurationMs":0}
[17:33:43.762] INFO: simulator:public-processor Processed 1 successful txs and 0 failed txs (0 silently skipped, 0ms wasted) in 0.01112566599999991s {"blockNumber":11,"successfulCount":1,"failedCount":0,"duration":0.01112566599999991,"rate":13844744.215762116,"totalPublicGas":{"daGas":0,"l2Gas":154032},"totalBlockGas":{"daGas":0,"l2Gas":154032},"totalSizeInBytes":128,"silentlySkippedCount":0,"silentlySkippedDurationMs":0}
[17:33:43.772] INFO: simulator:public-processor Processed 1 successful txs and 0 failed txs (0 silently skipped, 0ms wasted) in 0.0035876659999994447s {"blockNumber":6,"successfulCount":1,"failedCount":0,"duration":0.0035876659999994447,"rate":0,"totalPublicGas":{"daGas":0,"l2Gas":0},"totalBlockGas":{"daGas":1984,"l2Gas":529900},"totalSizeInBytes":1984,"silentlySkippedCount":0,"silentlySkippedDurationMs":0}
[billboard_test] Testing test_full_flow_second_post_screens_first ... [0m[32mok[0m
[17:33:43.800] INFO: txe:top_level_context Created block 7 with timestamp 1789493624
[17:33:44.352] INFO: simulator:public-processor Processed 1 successful txs and 0 failed txs (0 silently skipped, 0ms wasted) in 0.02687762500000099s {"blockNumber":8,"successfulCount":1,"failedCount":0,"duration":0.02687762500000099,"rate":72456811.19518292,"totalPublicGas":{"daGas":2368,"l2Gas":1947467},"totalBlockGas":{"daGas":3744,"l2Gas":2674217},"totalSizeInBytes":3744,"silentlySkippedCount":0,"silentlySkippedDurationMs":0}
[17:33:44.382] INFO: simulator:public-processor Processed 1 successful txs and 0 failed txs (0 silently skipped, 0ms wasted) in 0.004307332999997015s {"blockNumber":9,"successfulCount":1,"failedCount":0,"duration":0.004307332999997015,"rate":2686349.0702966354,"totalPublicGas":{"daGas":0,"l2Gas":11571},"totalBlockGas":{"daGas":0,"l2Gas":11571},"totalSizeInBytes":128,"silentlySkippedCount":0,"silentlySkippedDurationMs":0}
[17:33:44.410] INFO: simulator:public-processor Processed 1 successful txs and 0 failed txs (0 silently skipped, 0ms wasted) in 0.018187958000002256s {"blockNumber":9,"successfulCount":1,"failedCount":0,"duration":0.018187958000002256,"rate":67719311.86556771,"totalPublicGas":{"daGas":2176,"l2Gas":1231676},"totalBlockGas":{"daGas":2176,"l2Gas":1231676},"totalSizeInBytes":2304,"silentlySkippedCount":0,"silentlySkippedDurationMs":0}
[17:33:44.438] INFO: txe:top_level_context Created block 10 with timestamp 1789497224
[billboard_test] Testing test_full_flow_second_post_with_flag ... [0m[32mok[0m
[17:33:45.005] INFO: simulator:public-processor Processed 1 successful txs and 0 failed txs (0 silently skipped, 0ms wasted) in 0.0270078330000033s {"blockNumber":11,"successfulCount":1,"failedCount":0,"duration":0.0270078330000033,"rate":72107488.22387053,"totalPublicGas":{"daGas":2368,"l2Gas":1947467},"totalBlockGas":{"daGas":3744,"l2Gas":2674217},"totalSizeInBytes":3744,"silentlySkippedCount":0,"silentlySkippedDurationMs":0}
[17:33:45.034] INFO: simulator:public-processor Processed 1 successful txs and 0 failed txs (0 silently skipped, 0ms wasted) in 0.004145416999999724s {"blockNumber":12,"successfulCount":1,"failedCount":0,"duration":0.004145416999999724,"rate":2129098.2306485903,"totalPublicGas":{"daGas":0,"l2Gas":8826},"totalBlockGas":{"daGas":0,"l2Gas":8826},"totalSizeInBytes":128,"silentlySkippedCount":0,"silentlySkippedDurationMs":0}
[17:33:45.620] INFO: kv-store:lmdb-v2 Starting data store with maxReaders 2
[17:33:45.622] INFO: world-state:database Creating world state data store at directory /var/folders/ym/q1vh2x5n58xbsmpmvs5_6w3r0000gn/T/aztec-world-state-4RPBdf/world_state with map sizes {"archiveTreeMapSizeKb":10485760,"nullifierTreeMapSizeKb":10485760,"noteHashTreeMapSizeKb":10485760,"messageTreeMapSizeKb":10485760,"publicDataTreeMapSizeKb":10485760} and 2 threads (ephemeral=true).
[17:33:45.631] INFO: txe_node Aztec Node version: txe
[17:33:45.631] INFO: txe_node Aztec Node started on chain 0x1
[17:33:45.642] INFO: txe:top_level_context Created block 1 with timestamp 1789490025
[17:33:45.677] INFO: txe:top_level_context Created block 2 with timestamp 1789490025
[17:33:45.741] INFO: simulator:public-processor Processed 1 successful txs and 0 failed txs (0 silently skipped, 0ms wasted) in 0.03764966599999752s {"blockNumber":3,"successfulCount":1,"failedCount":0,"duration":0.03764966599999752,"rate":85954281.77238579,"totalPublicGas":{"daGas":4000,"l2Gas":3236150},"totalBlockGas":{"daGas":4000,"l2Gas":3236150},"totalSizeInBytes":4128,"silentlySkippedCount":0,"silentlySkippedDurationMs":0}
[17:33:45.850] INFO: simulator:public-processor Processed 1 successful txs and 0 failed txs (0 silently skipped, 0ms wasted) in 0.013433875000002444s {"blockNumber":4,"successfulCount":1,"failedCount":0,"duration":0.013433875000002444,"rate":84903276.23264267,"totalPublicGas":{"daGas":192,"l2Gas":1140580},"totalBlockGas":{"daGas":320,"l2Gas":1731380},"totalSizeInBytes":320,"silentlySkippedCount":0,"silentlySkippedDurationMs":0}
[17:33:45.878] INFO: txe:top_level_context Created block 5 with timestamp 1789490025
[17:33:46.026] INFO: simulator:public-processor Processed 1 successful txs and 0 failed txs (0 silently skipped, 0ms wasted) in 0.003690875000000233s {"blockNumber":6,"successfulCount":1,"failedCount":0,"duration":0.003690875000000233,"rate":0,"totalPublicGas":{"daGas":0,"l2Gas":0},"totalBlockGas":{"daGas":1984,"l2Gas":529900},"totalSizeInBytes":1984,"silentlySkippedCount":0,"silentlySkippedDurationMs":0}
[17:33:46.054] INFO: txe:top_level_context Created block 7 with timestamp 1789493626
[17:33:46.601] INFO: simulator:public-processor Processed 1 successful txs and 0 failed txs (0 silently skipped, 0ms wasted) in 0.02699854200000118s {"blockNumber":8,"successfulCount":1,"failedCount":0,"duration":0.02699854200000118,"rate":72132302.55174205,"totalPublicGas":{"daGas":2368,"l2Gas":1947467},"totalBlockGas":{"daGas":3744,"l2Gas":2674217},"totalSizeInBytes":3744,"silentlySkippedCount":0,"silentlySkippedDurationMs":0}
[17:33:46.629] INFO: txe:top_level_context Created block 9 with timestamp 1789497227
[17:33:46.817] INFO: kv-store:lmdb-v2 Starting data store with maxReaders 2
[17:33:46.818] INFO: world-state:database Creating world state data store at directory /var/folders/ym/q1vh2x5n58xbsmpmvs5_6w3r0000gn/T/aztec-world-state-9MzhKN/world_state with map sizes {"archiveTreeMapSizeKb":10485760,"nullifierTreeMapSizeKb":10485760,"noteHashTreeMapSizeKb":10485760,"messageTreeMapSizeKb":10485760,"publicDataTreeMapSizeKb":10485760} and 2 threads (ephemeral=true).
[17:33:46.826] INFO: txe_node Aztec Node version: txe
[17:33:46.826] INFO: txe_node Aztec Node started on chain 0x1
[17:33:46.838] INFO: txe:top_level_context Created block 1 with timestamp 1789490026
[17:33:46.872] INFO: txe:top_level_context Created block 2 with timestamp 1789490026
[17:33:47.102] INFO: simulator:public-processor Processed 1 successful txs and 0 failed txs (0 silently skipped, 0ms wasted) in 0.1937937499999971s {"blockNumber":3,"successfulCount":1,"failedCount":0,"duration":0.1937937499999971,"rate":16698938.94926977,"totalPublicGas":{"daGas":4000,"l2Gas":3236150},"totalBlockGas":{"daGas":4000,"l2Gas":3236150},"totalSizeInBytes":4128,"silentlySkippedCount":0,"silentlySkippedDurationMs":0}
[17:33:47.193] INFO: simulator:public-processor Processed 1 successful txs and 0 failed txs (0 silently skipped, 0ms wasted) in 0.049539667000004554s {"blockNumber":4,"successfulCount":1,"failedCount":0,"duration":0.049539667000004554,"rate":202746.61918900418,"totalPublicGas":{"daGas":0,"l2Gas":10044},"totalBlockGas":{"daGas":0,"l2Gas":10044},"totalSizeInBytes":128,"silentlySkippedCount":0,"silentlySkippedDurationMs":0}
[17:33:47.195] WARN: txe:top_level_context Could not find function artifact in contract Billboard for function '0x3468ad20' when enriching error callstack
[billboard_test] Testing test_get_post_rejects_invalid_id ... [0m[32mok[0m
[17:33:47.230] INFO: simulator:public-processor Processed 1 successful txs and 0 failed txs (0 silently skipped, 0ms wasted) in 0.026312582999998994s {"blockNumber":10,"successfulCount":1,"failedCount":0,"duration":0.026312582999998994,"rate":74012764.15926458,"totalPublicGas":{"daGas":2368,"l2Gas":1947467},"totalBlockGas":{"daGas":3744,"l2Gas":2674217},"totalSizeInBytes":3744,"silentlySkippedCount":0,"silentlySkippedDurationMs":0}
[17:33:47.259] INFO: simulator:public-processor Processed 1 successful txs and 0 failed txs (0 silently skipped, 0ms wasted) in 0.004258750000000873s {"blockNumber":11,"successfulCount":1,"failedCount":0,"duration":0.004258750000000873,"rate":2072439.0959784423,"totalPublicGas":{"daGas":0,"l2Gas":8826},"totalBlockGas":{"daGas":0,"l2Gas":8826},"totalSizeInBytes":128,"silentlySkippedCount":0,"silentlySkippedDurationMs":0}
[billboard_test] Testing test_full_flow_second_post_without_flag ... [0m[32mok[0m
[17:33:49.164] INFO: kv-store:lmdb-v2 Starting data store with maxReaders 2
[17:33:49.165] INFO: world-state:database Creating world state data store at directory /var/folders/ym/q1vh2x5n58xbsmpmvs5_6w3r0000gn/T/aztec-world-state-3CmaOo/world_state with map sizes {"archiveTreeMapSizeKb":10485760,"nullifierTreeMapSizeKb":10485760,"noteHashTreeMapSizeKb":10485760,"messageTreeMapSizeKb":10485760,"publicDataTreeMapSizeKb":10485760} and 2 threads (ephemeral=true).
[17:33:49.174] INFO: txe_node Aztec Node version: txe
[17:33:49.174] INFO: txe_node Aztec Node started on chain 0x1
[17:33:49.186] INFO: txe:top_level_context Created block 1 with timestamp 1789490029
[17:33:49.221] INFO: txe:top_level_context Created block 2 with timestamp 1789490029
[17:33:49.246] INFO: kv-store:lmdb-v2 Starting data store with maxReaders 2
[17:33:49.246] INFO: world-state:database Creating world state data store at directory /var/folders/ym/q1vh2x5n58xbsmpmvs5_6w3r0000gn/T/aztec-world-state-i2TatG/world_state with map sizes {"archiveTreeMapSizeKb":10485760,"nullifierTreeMapSizeKb":10485760,"noteHashTreeMapSizeKb":10485760,"messageTreeMapSizeKb":10485760,"publicDataTreeMapSizeKb":10485760} and 2 threads (ephemeral=true).
[17:33:49.255] INFO: txe_node Aztec Node version: txe
[17:33:49.255] INFO: txe_node Aztec Node started on chain 0x1
[17:33:49.267] INFO: txe:top_level_context Created block 1 with timestamp 1789490029
[17:33:49.292] INFO: simulator:public-processor Processed 1 successful txs and 0 failed txs (0 silently skipped, 0ms wasted) in 0.0375289580000026s {"blockNumber":3,"successfulCount":1,"failedCount":0,"duration":0.0375289580000026,"rate":86230744.80244763,"totalPublicGas":{"daGas":4000,"l2Gas":3236150},"totalBlockGas":{"daGas":4000,"l2Gas":3236150},"totalSizeInBytes":4128,"silentlySkippedCount":0,"silentlySkippedDurationMs":0}
[17:33:49.302] INFO: txe:top_level_context Created block 2 with timestamp 1789490029
[17:33:49.391] INFO: simulator:public-processor Processed 1 successful txs and 0 failed txs (0 silently skipped, 0ms wasted) in 0.03938204199999745s {"blockNumber":3,"successfulCount":1,"failedCount":0,"duration":0.03938204199999745,"rate":82173240.28043567,"totalPublicGas":{"daGas":4000,"l2Gas":3236150},"totalBlockGas":{"daGas":4000,"l2Gas":3236150},"totalSizeInBytes":4128,"silentlySkippedCount":0,"silentlySkippedDurationMs":0}
[17:33:49.443] INFO: simulator:public-processor Processed 1 successful txs and 0 failed txs (0 silently skipped, 0ms wasted) in 0.018503333000000566s {"blockNumber":4,"successfulCount":1,"failedCount":0,"duration":0.018503333000000566,"rate":61641867.44085323,"totalPublicGas":{"daGas":192,"l2Gas":1140580},"totalBlockGas":{"daGas":320,"l2Gas":1731380},"totalSizeInBytes":320,"silentlySkippedCount":0,"silentlySkippedDurationMs":0}
[17:33:49.474] INFO: txe:top_level_context Created block 5 with timestamp 1789490029
[17:33:49.524] INFO: simulator:public-processor Processed 1 successful txs and 0 failed txs (0 silently skipped, 0ms wasted) in 0.013816583000007085s {"blockNumber":4,"successfulCount":1,"failedCount":0,"duration":0.013816583000007085,"rate":82551525.22149761,"totalPublicGas":{"daGas":192,"l2Gas":1140580},"totalBlockGas":{"daGas":320,"l2Gas":1731380},"totalSizeInBytes":320,"silentlySkippedCount":0,"silentlySkippedDurationMs":0}
[17:33:49.555] INFO: txe:top_level_context Created block 5 with timestamp 1789490029
[17:33:49.689] INFO: simulator:public-processor Processed 1 successful txs and 0 failed txs (0 silently skipped, 0ms wasted) in 0.0051744580000013226s {"blockNumber":6,"successfulCount":1,"failedCount":0,"duration":0.0051744580000013226,"rate":0,"totalPublicGas":{"daGas":0,"l2Gas":0},"totalBlockGas":{"daGas":1984,"l2Gas":529900},"totalSizeInBytes":1984,"silentlySkippedCount":0,"silentlySkippedDurationMs":0}
[17:33:49.725] INFO: txe:top_level_context Created block 7 with timestamp 1789497230
[17:33:49.872] INFO: simulator:public-processor Processed 1 successful txs and 0 failed txs (0 silently skipped, 0ms wasted) in 0.003698959000001196s {"blockNumber":6,"successfulCount":1,"failedCount":0,"duration":0.003698959000001196,"rate":0,"totalPublicGas":{"daGas":0,"l2Gas":0},"totalBlockGas":{"daGas":1984,"l2Gas":529900},"totalSizeInBytes":1984,"silentlySkippedCount":0,"silentlySkippedDurationMs":0}
[17:33:49.903] INFO: txe:top_level_context Created block 7 with timestamp 1789497230
[17:33:50.601] INFO: simulator:public-processor Processed 1 successful txs and 0 failed txs (0 silently skipped, 0ms wasted) in 0.13666083300000173s {"blockNumber":8,"successfulCount":1,"failedCount":0,"duration":0.13666083300000173,"rate":14250366.818706391,"totalPublicGas":{"daGas":2368,"l2Gas":1947467},"totalBlockGas":{"daGas":3744,"l2Gas":2674217},"totalSizeInBytes":3744,"silentlySkippedCount":0,"silentlySkippedDurationMs":0}
[17:33:50.691] INFO: txe:top_level_context Created block 9 with timestamp 1789504431
[17:33:50.816] INFO: simulator:public-processor Processed 1 successful txs and 0 failed txs (0 silently skipped, 0ms wasted) in 0.05180512500000623s {"blockNumber":8,"successfulCount":1,"failedCount":0,"duration":0.05180512500000623,"rate":37592168.728475526,"totalPublicGas":{"daGas":2368,"l2Gas":1947467},"totalBlockGas":{"daGas":3744,"l2Gas":2674217},"totalSizeInBytes":3744,"silentlySkippedCount":0,"silentlySkippedDurationMs":0}
[17:33:50.858] INFO: txe:top_level_context Created block 9 with timestamp 1789504431
[17:33:51.439] INFO: simulator:public-processor Processed 1 successful txs and 0 failed txs (0 silently skipped, 0ms wasted) in 0.029860375000003842s {"blockNumber":10,"successfulCount":1,"failedCount":0,"duration":0.029860375000003842,"rate":65219107.2617055,"totalPublicGas":{"daGas":2368,"l2Gas":1947467},"totalBlockGas":{"daGas":3744,"l2Gas":2674217},"totalSizeInBytes":3744,"silentlySkippedCount":0,"silentlySkippedDurationMs":0}
[17:33:51.644] INFO: txe:top_level_context Created block 11 with timestamp 1789511632
[17:33:51.768] INFO: simulator:public-processor Processed 1 successful txs and 0 failed txs (0 silently skipped, 0ms wasted) in 0.05156949999999779s {"blockNumber":10,"successfulCount":1,"failedCount":0,"duration":0.05156949999999779,"rate":37763930.23007947,"totalPublicGas":{"daGas":2368,"l2Gas":1947467},"totalBlockGas":{"daGas":3744,"l2Gas":2674217},"totalSizeInBytes":3744,"silentlySkippedCount":0,"silentlySkippedDurationMs":0}
[17:33:51.809] INFO: txe:top_level_context Created block 11 with timestamp 1789511632
[17:33:52.412] INFO: simulator:public-processor Processed 1 successful txs and 0 failed txs (0 silently skipped, 0ms wasted) in 0.02825141699999949s {"blockNumber":12,"successfulCount":1,"failedCount":0,"duration":0.02825141699999949,"rate":68933427.30384232,"totalPublicGas":{"daGas":2368,"l2Gas":1947467},"totalBlockGas":{"daGas":3744,"l2Gas":2674217},"totalSizeInBytes":3744,"silentlySkippedCount":0,"silentlySkippedDurationMs":0}
[17:33:52.616] INFO: txe:top_level_context Created block 13 with timestamp 1789518833
[17:33:52.741] INFO: simulator:public-processor Processed 1 successful txs and 0 failed txs (0 silently skipped, 0ms wasted) in 0.051720124999999825s {"blockNumber":12,"successfulCount":1,"failedCount":0,"duration":0.051720124999999825,"rate":37653949.98561984,"totalPublicGas":{"daGas":2368,"l2Gas":1947467},"totalBlockGas":{"daGas":3744,"l2Gas":2674217},"totalSizeInBytes":3744,"silentlySkippedCount":0,"silentlySkippedDurationMs":0}
[17:33:52.783] INFO: txe:top_level_context Created block 13 with timestamp 1789518833
[17:33:53.375] INFO: simulator:public-processor Processed 1 successful txs and 0 failed txs (0 silently skipped, 0ms wasted) in 0.027893292000000656s {"blockNumber":14,"successfulCount":1,"failedCount":0,"duration":0.027893292000000656,"rate":69818471.05031396,"totalPublicGas":{"daGas":2368,"l2Gas":1947467},"totalBlockGas":{"daGas":3744,"l2Gas":2674217},"totalSizeInBytes":3744,"silentlySkippedCount":0,"silentlySkippedDurationMs":0}
[17:33:53.571] INFO: txe:top_level_context Created block 15 with timestamp 1789526034
[17:33:53.820] INFO: simulator:public-processor Processed 1 successful txs and 0 failed txs (0 silently skipped, 0ms wasted) in 0.047482124999995s {"blockNumber":14,"successfulCount":1,"failedCount":0,"duration":0.047482124999995,"rate":41014739.75733405,"totalPublicGas":{"daGas":2368,"l2Gas":1947467},"totalBlockGas":{"daGas":3744,"l2Gas":2674217},"totalSizeInBytes":3744,"silentlySkippedCount":0,"silentlySkippedDurationMs":0}
[17:33:53.861] INFO: txe:top_level_context Created block 15 with timestamp 1789526034
[17:33:54.461] INFO: simulator:public-processor Processed 1 successful txs and 0 failed txs (0 silently skipped, 0ms wasted) in 0.029820666999999957s {"blockNumber":16,"successfulCount":1,"failedCount":0,"duration":0.029820666999999957,"rate":65305950.40010349,"totalPublicGas":{"daGas":2368,"l2Gas":1947467},"totalBlockGas":{"daGas":3744,"l2Gas":2674217},"totalSizeInBytes":3744,"silentlySkippedCount":0,"silentlySkippedDurationMs":0}
[17:33:54.494] INFO: txe:top_level_context Created block 17 with timestamp 1789533235
[17:33:55.053] INFO: simulator:public-processor Processed 1 successful txs and 0 failed txs (0 silently skipped, 0ms wasted) in 0.029614750000007916s {"blockNumber":16,"successfulCount":1,"failedCount":0,"duration":0.029614750000007916,"rate":65760035.11761806,"totalPublicGas":{"daGas":2368,"l2Gas":1947467},"totalBlockGas":{"daGas":3744,"l2Gas":2674217},"totalSizeInBytes":3744,"silentlySkippedCount":0,"silentlySkippedDurationMs":0}
[17:33:55.090] INFO: txe:top_level_context Created block 17 with timestamp 1789533235
[17:33:55.632] INFO: simulator:public-processor Processed 1 successful txs and 0 failed txs (0 silently skipped, 0ms wasted) in 0.029914291999986745s {"blockNumber":18,"successfulCount":1,"failedCount":0,"duration":0.029914291999986745,"rate":65101557.476301394,"totalPublicGas":{"daGas":2368,"l2Gas":1947467},"totalBlockGas":{"daGas":3744,"l2Gas":2674217},"totalSizeInBytes":3744,"silentlySkippedCount":0,"silentlySkippedDurationMs":0}
[17:33:55.663] INFO: txe:top_level_context Created block 19 with timestamp 1789540436
[17:33:56.062] INFO: simulator:public-processor Processed 1 successful txs and 0 failed txs (0 silently skipped, 0ms wasted) in 0.027065291999999318s {"blockNumber":18,"successfulCount":1,"failedCount":0,"duration":0.027065291999999318,"rate":71954405.6646442,"totalPublicGas":{"daGas":2368,"l2Gas":1947467},"totalBlockGas":{"daGas":3744,"l2Gas":2674217},"totalSizeInBytes":3744,"silentlySkippedCount":0,"silentlySkippedDurationMs":0}
[17:33:56.107] INFO: txe:top_level_context Created block 19 with timestamp 1789540436
[17:33:56.620] INFO: simulator:public-processor Processed 1 successful txs and 0 failed txs (0 silently skipped, 0ms wasted) in 0.027105666000003113s {"blockNumber":20,"successfulCount":1,"failedCount":0,"duration":0.027105666000003113,"rate":71847229.28408313,"totalPublicGas":{"daGas":2368,"l2Gas":1947467},"totalBlockGas":{"daGas":3744,"l2Gas":2674217},"totalSizeInBytes":3744,"silentlySkippedCount":0,"silentlySkippedDurationMs":0}
[17:33:56.651] INFO: txe:top_level_context Created block 21 with timestamp 1789547637
[17:33:57.036] INFO: simulator:public-processor Processed 1 successful txs and 0 failed txs (0 silently skipped, 0ms wasted) in 0.026758792000007817s {"blockNumber":20,"successfulCount":1,"failedCount":0,"duration":0.026758792000007817,"rate":72778584.32471208,"totalPublicGas":{"daGas":2368,"l2Gas":1947467},"totalBlockGas":{"daGas":3744,"l2Gas":2674217},"totalSizeInBytes":3744,"silentlySkippedCount":0,"silentlySkippedDurationMs":0}
[17:33:57.078] INFO: txe:top_level_context Created block 21 with timestamp 1789547637
[17:33:57.574] INFO: simulator:public-processor Processed 1 successful txs and 0 failed txs (0 silently skipped, 0ms wasted) in 0.027192791000008584s {"blockNumber":22,"successfulCount":1,"failedCount":0,"duration":0.027192791000008584,"rate":71617032.61718833,"totalPublicGas":{"daGas":2368,"l2Gas":1947467},"totalBlockGas":{"daGas":3744,"l2Gas":2674217},"totalSizeInBytes":3744,"silentlySkippedCount":0,"silentlySkippedDurationMs":0}
[17:33:57.609] INFO: txe:top_level_context Created block 23 with timestamp 1789554838
[17:33:58.010] INFO: simulator:public-processor Processed 1 successful txs and 0 failed txs (0 silently skipped, 0ms wasted) in 0.027129667000001065s {"blockNumber":22,"successfulCount":1,"failedCount":0,"duration":0.027129667000001065,"rate":71783667.67273346,"totalPublicGas":{"daGas":2368,"l2Gas":1947467},"totalBlockGas":{"daGas":3744,"l2Gas":2674217},"totalSizeInBytes":3744,"silentlySkippedCount":0,"silentlySkippedDurationMs":0}
[17:33:58.048] INFO: txe:top_level_context Created block 23 with timestamp 1789554838
[17:33:58.577] INFO: simulator:public-processor Processed 1 successful txs and 0 failed txs (0 silently skipped, 0ms wasted) in 0.026811041000008116s {"blockNumber":24,"successfulCount":1,"failedCount":0,"duration":0.026811041000008116,"rate":72636754.38784382,"totalPublicGas":{"daGas":2368,"l2Gas":1947467},"totalBlockGas":{"daGas":3744,"l2Gas":2674217},"totalSizeInBytes":3744,"silentlySkippedCount":0,"silentlySkippedDurationMs":0}
[17:33:58.609] INFO: txe:top_level_context Created block 25 with timestamp 1789562039
[17:33:59.004] INFO: simulator:public-processor Processed 1 successful txs and 0 failed txs (0 silently skipped, 0ms wasted) in 0.03046812499999942s {"blockNumber":24,"successfulCount":1,"failedCount":0,"duration":0.03046812499999942,"rate":63918176.78311472,"totalPublicGas":{"daGas":2368,"l2Gas":1947467},"totalBlockGas":{"daGas":3744,"l2Gas":2674217},"totalSizeInBytes":3744,"silentlySkippedCount":0,"silentlySkippedDurationMs":0}
[17:33:59.041] INFO: txe:top_level_context Created block 25 with timestamp 1789562039
[17:33:59.536] INFO: simulator:public-processor Processed 1 successful txs and 0 failed txs (0 silently skipped, 0ms wasted) in 0.02843962499999907s {"blockNumber":26,"successfulCount":1,"failedCount":0,"duration":0.02843962499999907,"rate":68477239.06345683,"totalPublicGas":{"daGas":2368,"l2Gas":1947467},"totalBlockGas":{"daGas":3744,"l2Gas":2674217},"totalSizeInBytes":3744,"silentlySkippedCount":0,"silentlySkippedDurationMs":0}
[17:33:59.571] INFO: txe:top_level_context Created block 27 with timestamp 1789569240
[17:33:59.959] INFO: simulator:public-processor Processed 1 successful txs and 0 failed txs (0 silently skipped, 0ms wasted) in 0.03179699999999139s {"blockNumber":26,"successfulCount":1,"failedCount":0,"duration":0.03179699999999139,"rate":61246878.63636593,"totalPublicGas":{"daGas":2368,"l2Gas":1947467},"totalBlockGas":{"daGas":3744,"l2Gas":2674217},"totalSizeInBytes":3744,"silentlySkippedCount":0,"silentlySkippedDurationMs":0}
[17:33:59.997] INFO: txe:top_level_context Created block 27 with timestamp 1789569240
[17:34:00.526] INFO: simulator:public-processor Processed 1 successful txs and 0 failed txs (0 silently skipped, 0ms wasted) in 0.028436750000008032s {"blockNumber":28,"successfulCount":1,"failedCount":0,"duration":0.028436750000008032,"rate":68484162.2196436,"totalPublicGas":{"daGas":2368,"l2Gas":1947467},"totalBlockGas":{"daGas":3744,"l2Gas":2674217},"totalSizeInBytes":3744,"silentlySkippedCount":0,"silentlySkippedDurationMs":0}
[17:34:00.559] INFO: txe:top_level_context Created block 29 with timestamp 1789576441
[17:34:00.957] INFO: simulator:public-processor Processed 1 successful txs and 0 failed txs (0 silently skipped, 0ms wasted) in 0.02726229099999182s {"blockNumber":28,"successfulCount":1,"failedCount":0,"duration":0.02726229099999182,"rate":71434458.68142866,"totalPublicGas":{"daGas":2368,"l2Gas":1947467},"totalBlockGas":{"daGas":3744,"l2Gas":2674217},"totalSizeInBytes":3744,"silentlySkippedCount":0,"silentlySkippedDurationMs":0}
[17:34:00.994] INFO: txe:top_level_context Created block 29 with timestamp 1789576441
[17:34:01.493] INFO: simulator:public-processor Processed 1 successful txs and 0 failed txs (0 silently skipped, 0ms wasted) in 0.0269551669999928s {"blockNumber":30,"successfulCount":1,"failedCount":0,"duration":0.0269551669999928,"rate":72248374.49534333,"totalPublicGas":{"daGas":2368,"l2Gas":1947467},"totalBlockGas":{"daGas":3744,"l2Gas":2674217},"totalSizeInBytes":3744,"silentlySkippedCount":0,"silentlySkippedDurationMs":0}
[17:34:01.530] INFO: txe:top_level_context Created block 31 with timestamp 1789583642
[17:34:01.919] INFO: simulator:public-processor Processed 1 successful txs and 0 failed txs (0 silently skipped, 0ms wasted) in 0.02708733399999619s {"blockNumber":30,"successfulCount":1,"failedCount":0,"duration":0.02708733399999619,"rate":71895853.61188641,"totalPublicGas":{"daGas":2368,"l2Gas":1947467},"totalBlockGas":{"daGas":3744,"l2Gas":2674217},"totalSizeInBytes":3744,"silentlySkippedCount":0,"silentlySkippedDurationMs":0}
[17:34:01.956] INFO: txe:top_level_context Created block 31 with timestamp 1789583642
[17:34:02.396] INFO: simulator:public-processor Processed 1 successful txs and 0 failed txs (0 silently skipped, 0ms wasted) in 0.02780199999999604s {"blockNumber":32,"successfulCount":1,"failedCount":0,"duration":0.02780199999999604,"rate":70047730.3791194,"totalPublicGas":{"daGas":2368,"l2Gas":1947467},"totalBlockGas":{"daGas":3744,"l2Gas":2674217},"totalSizeInBytes":3744,"silentlySkippedCount":0,"silentlySkippedDurationMs":0}
[17:34:02.428] INFO: txe:top_level_context Created block 33 with timestamp 1789590843
[17:34:02.879] INFO: simulator:public-processor Processed 1 successful txs and 0 failed txs (0 silently skipped, 0ms wasted) in 0.02816599999999744s {"blockNumber":32,"successfulCount":1,"failedCount":0,"duration":0.02816599999999744,"rate":69142476.745018,"totalPublicGas":{"daGas":2368,"l2Gas":1947467},"totalBlockGas":{"daGas":3744,"l2Gas":2674217},"totalSizeInBytes":3744,"silentlySkippedCount":0,"silentlySkippedDurationMs":0}
[17:34:02.912] INFO: txe:top_level_context Created block 33 with timestamp 1789590843
[17:34:03.354] INFO: simulator:public-processor Processed 1 successful txs and 0 failed txs (0 silently skipped, 0ms wasted) in 0.029262833999993746s {"blockNumber":34,"successfulCount":1,"failedCount":0,"duration":0.029262833999993746,"rate":66550867.9029658,"totalPublicGas":{"daGas":2368,"l2Gas":1947467},"totalBlockGas":{"daGas":3744,"l2Gas":2674217},"totalSizeInBytes":3744,"silentlySkippedCount":0,"silentlySkippedDurationMs":0}
[17:34:03.391] INFO: txe:top_level_context Created block 35 with timestamp 1789598044
[17:34:03.832] INFO: simulator:public-processor Processed 1 successful txs and 0 failed txs (0 silently skipped, 0ms wasted) in 0.026925208000000565s {"blockNumber":34,"successfulCount":1,"failedCount":0,"duration":0.026925208000000565,"rate":72328763.43982038,"totalPublicGas":{"daGas":2368,"l2Gas":1947467},"totalBlockGas":{"daGas":3744,"l2Gas":2674217},"totalSizeInBytes":3744,"silentlySkippedCount":0,"silentlySkippedDurationMs":0}
[17:34:03.865] INFO: txe:top_level_context Created block 35 with timestamp 1789598044
[17:34:04.283] INFO: simulator:public-processor Processed 1 successful txs and 0 failed txs (0 silently skipped, 0ms wasted) in 0.02781037500000093s {"blockNumber":36,"successfulCount":1,"failedCount":0,"duration":0.02781037500000093,"rate":70026635.7429533,"totalPublicGas":{"daGas":2368,"l2Gas":1947467},"totalBlockGas":{"daGas":3744,"l2Gas":2674217},"totalSizeInBytes":3744,"silentlySkippedCount":0,"silentlySkippedDurationMs":0}
[17:34:04.321] INFO: txe:top_level_context Created block 37 with timestamp 1789605245
[17:34:04.762] INFO: simulator:public-processor Processed 1 successful txs and 0 failed txs (0 silently skipped, 0ms wasted) in 0.027446917000008397s {"blockNumber":36,"successfulCount":1,"failedCount":0,"duration":0.027446917000008397,"rate":70953943.57039824,"totalPublicGas":{"daGas":2368,"l2Gas":1947467},"totalBlockGas":{"daGas":3744,"l2Gas":2674217},"totalSizeInBytes":3744,"silentlySkippedCount":0,"silentlySkippedDurationMs":0}
[17:34:04.797] INFO: txe:top_level_context Created block 37 with timestamp 1789605245
[17:34:05.227] INFO: simulator:public-processor Processed 1 successful txs and 0 failed txs (0 silently skipped, 0ms wasted) in 0.027319582999989506s {"blockNumber":38,"successfulCount":1,"failedCount":0,"duration":0.027319582999989506,"rate":71284653.21014409,"totalPublicGas":{"daGas":2368,"l2Gas":1947467},"totalBlockGas":{"daGas":3744,"l2Gas":2674217},"totalSizeInBytes":3744,"silentlySkippedCount":0,"silentlySkippedDurationMs":0}
[17:34:05.273] INFO: simulator:public-processor Processed 1 successful txs and 0 failed txs (0 silently skipped, 0ms wasted) in 0.004424083000005339s {"blockNumber":39,"successfulCount":1,"failedCount":0,"duration":0.004424083000005339,"rate":1994989.6961673975,"totalPublicGas":{"daGas":0,"l2Gas":8826},"totalBlockGas":{"daGas":0,"l2Gas":8826},"totalSizeInBytes":128,"silentlySkippedCount":0,"silentlySkippedDurationMs":0}
[17:34:05.729] INFO: simulator:public-processor Processed 1 successful txs and 0 failed txs (0 silently skipped, 0ms wasted) in 0.02804716700001154s {"blockNumber":38,"successfulCount":1,"failedCount":0,"duration":0.02804716700001154,"rate":69435426.40150425,"totalPublicGas":{"daGas":2368,"l2Gas":1947467},"totalBlockGas":{"daGas":3744,"l2Gas":2674217},"totalSizeInBytes":3744,"silentlySkippedCount":0,"silentlySkippedDurationMs":0}
[17:34:05.762] INFO: txe:top_level_context Created block 39 with timestamp 1789612446
[billboard_test] Testing test_history_first_page_control ... [0m[32mok[0m
[17:34:05.940] INFO: simulator:public-processor Processed 1 successful txs and 0 failed txs (0 silently skipped, 0ms wasted) in 0.004894832999998471s {"blockNumber":39,"successfulCount":1,"failedCount":0,"duration":0.004894832999998471,"rate":2363921.3023209604,"totalPublicGas":{"daGas":0,"l2Gas":11571},"totalBlockGas":{"daGas":0,"l2Gas":11571},"totalSizeInBytes":128,"silentlySkippedCount":0,"silentlySkippedDurationMs":0}
[17:34:06.375] INFO: simulator:public-processor Processed 1 successful txs and 0 failed txs (0 silently skipped, 0ms wasted) in 0.025905584000007364s {"blockNumber":40,"successfulCount":1,"failedCount":0,"duration":0.025905584000007364,"rate":75175568.32532501,"totalPublicGas":{"daGas":2368,"l2Gas":1947467},"totalBlockGas":{"daGas":3744,"l2Gas":2674217},"totalSizeInBytes":3744,"silentlySkippedCount":0,"silentlySkippedDurationMs":0}
[17:34:06.405] INFO: simulator:public-processor Processed 1 successful txs and 0 failed txs (0 silently skipped, 0ms wasted) in 0.004413207999998121s {"blockNumber":41,"successfulCount":1,"failedCount":0,"duration":0.004413207999998121,"rate":1999905.7375051794,"totalPublicGas":{"daGas":0,"l2Gas":8826},"totalBlockGas":{"daGas":0,"l2Gas":8826},"totalSizeInBytes":128,"silentlySkippedCount":0,"silentlySkippedDurationMs":0}
[17:34:06.662] INFO: simulator:public-processor Processed 1 successful txs and 0 failed txs (0 silently skipped, 0ms wasted) in 0.004364625000001979s {"blockNumber":41,"successfulCount":1,"failedCount":0,"duration":0.004364625000001979,"rate":2651086.8631313695,"totalPublicGas":{"daGas":0,"l2Gas":11571},"totalBlockGas":{"daGas":0,"l2Gas":11571},"totalSizeInBytes":128,"silentlySkippedCount":0,"silentlySkippedDurationMs":0}
[17:34:06.677] INFO: simulator:public-processor Processed 1 successful txs and 0 failed txs (0 silently skipped, 0ms wasted) in 0.004353834000008647s {"blockNumber":41,"successfulCount":1,"failedCount":0,"duration":0.004353834000008647,"rate":2657657.5955759957,"totalPublicGas":{"daGas":0,"l2Gas":11571},"totalBlockGas":{"daGas":0,"l2Gas":11571},"totalSizeInBytes":128,"silentlySkippedCount":0,"silentlySkippedDurationMs":0}
[17:34:06.691] INFO: simulator:public-processor Processed 1 successful txs and 0 failed txs (0 silently skipped, 0ms wasted) in 0.004492499999993015s {"blockNumber":41,"successfulCount":1,"failedCount":0,"duration":0.004492499999993015,"rate":2575626.0434096805,"totalPublicGas":{"daGas":0,"l2Gas":11571},"totalBlockGas":{"daGas":0,"l2Gas":11571},"totalSizeInBytes":128,"silentlySkippedCount":0,"silentlySkippedDurationMs":0}
[17:34:06.705] INFO: simulator:public-processor Processed 1 successful txs and 0 failed txs (0 silently skipped, 0ms wasted) in 0.004049750000005588s {"blockNumber":41,"successfulCount":1,"failedCount":0,"duration":0.004049750000005588,"rate":2857213.4082311336,"totalPublicGas":{"daGas":0,"l2Gas":11571},"totalBlockGas":{"daGas":0,"l2Gas":11571},"totalSizeInBytes":128,"silentlySkippedCount":0,"silentlySkippedDurationMs":0}
[17:34:06.719] INFO: simulator:public-processor Processed 1 successful txs and 0 failed txs (0 silently skipped, 0ms wasted) in 0.004236082999996143s {"blockNumber":41,"successfulCount":1,"failedCount":0,"duration":0.004236082999996143,"rate":2731532.8807321615,"totalPublicGas":{"daGas":0,"l2Gas":11571},"totalBlockGas":{"daGas":0,"l2Gas":11571},"totalSizeInBytes":128,"silentlySkippedCount":0,"silentlySkippedDurationMs":0}
[17:34:06.733] INFO: simulator:public-processor Processed 1 successful txs and 0 failed txs (0 silently skipped, 0ms wasted) in 0.003949457999988226s {"blockNumber":41,"successfulCount":1,"failedCount":0,"duration":0.003949457999988226,"rate":2929769.0974393184,"totalPublicGas":{"daGas":0,"l2Gas":11571},"totalBlockGas":{"daGas":0,"l2Gas":11571},"totalSizeInBytes":128,"silentlySkippedCount":0,"silentlySkippedDurationMs":0}
[17:34:06.747] INFO: simulator:public-processor Processed 1 successful txs and 0 failed txs (0 silently skipped, 0ms wasted) in 0.0041202920000068845s {"blockNumber":41,"successfulCount":1,"failedCount":0,"duration":0.0041202920000068845,"rate":2808296.111047631,"totalPublicGas":{"daGas":0,"l2Gas":11571},"totalBlockGas":{"daGas":0,"l2Gas":11571},"totalSizeInBytes":128,"silentlySkippedCount":0,"silentlySkippedDurationMs":0}
[17:34:06.760] INFO: simulator:public-processor Processed 1 successful txs and 0 failed txs (0 silently skipped, 0ms wasted) in 0.003952958000008948s {"blockNumber":41,"successfulCount":1,"failedCount":0,"duration":0.003952958000008948,"rate":2927175.042075784,"totalPublicGas":{"daGas":0,"l2Gas":11571},"totalBlockGas":{"daGas":0,"l2Gas":11571},"totalSizeInBytes":128,"silentlySkippedCount":0,"silentlySkippedDurationMs":0}
[17:34:06.775] INFO: simulator:public-processor Processed 1 successful txs and 0 failed txs (0 silently skipped, 0ms wasted) in 0.00431058399999165s {"blockNumber":41,"successfulCount":1,"failedCount":0,"duration":0.00431058399999165,"rate":2684323.0522876745,"totalPublicGas":{"daGas":0,"l2Gas":11571},"totalBlockGas":{"daGas":0,"l2Gas":11571},"totalSizeInBytes":128,"silentlySkippedCount":0,"silentlySkippedDurationMs":0}
[17:34:06.790] INFO: simulator:public-processor Processed 1 successful txs and 0 failed txs (0 silently skipped, 0ms wasted) in 0.004369542000000365s {"blockNumber":41,"successfulCount":1,"failedCount":0,"duration":0.004369542000000365,"rate":2648103.622759327,"totalPublicGas":{"daGas":0,"l2Gas":11571},"totalBlockGas":{"daGas":0,"l2Gas":11571},"totalSizeInBytes":128,"silentlySkippedCount":0,"silentlySkippedDurationMs":0}
[17:34:06.804] INFO: simulator:public-processor Processed 1 successful txs and 0 failed txs (0 silently skipped, 0ms wasted) in 0.004168999999994412s {"blockNumber":41,"successfulCount":1,"failedCount":0,"duration":0.004168999999994412,"rate":2775485.7279960443,"totalPublicGas":{"daGas":0,"l2Gas":11571},"totalBlockGas":{"daGas":0,"l2Gas":11571},"totalSizeInBytes":128,"silentlySkippedCount":0,"silentlySkippedDurationMs":0}
[17:34:06.818] INFO: simulator:public-processor Processed 1 successful txs and 0 failed txs (0 silently skipped, 0ms wasted) in 0.004258499999996275s {"blockNumber":41,"successfulCount":1,"failedCount":0,"duration":0.004258499999996275,"rate":2717153.927441616,"totalPublicGas":{"daGas":0,"l2Gas":11571},"totalBlockGas":{"daGas":0,"l2Gas":11571},"totalSizeInBytes":128,"silentlySkippedCount":0,"silentlySkippedDurationMs":0}
[17:34:06.832] INFO: simulator:public-processor Processed 1 successful txs and 0 failed txs (0 silently skipped, 0ms wasted) in 0.0043313749999942955s {"blockNumber":41,"successfulCount":1,"failedCount":0,"duration":0.0043313749999942955,"rate":2671438.0537393414,"totalPublicGas":{"daGas":0,"l2Gas":11571},"totalBlockGas":{"daGas":0,"l2Gas":11571},"totalSizeInBytes":128,"silentlySkippedCount":0,"silentlySkippedDurationMs":0}
[17:34:06.846] INFO: simulator:public-processor Processed 1 successful txs and 0 failed txs (0 silently skipped, 0ms wasted) in 0.0040903330000001s {"blockNumber":41,"successfulCount":1,"failedCount":0,"duration":0.0040903330000001,"rate":2828865.0337270135,"totalPublicGas":{"daGas":0,"l2Gas":11571},"totalBlockGas":{"daGas":0,"l2Gas":11571},"totalSizeInBytes":128,"silentlySkippedCount":0,"silentlySkippedDurationMs":0}
[17:34:06.860] INFO: simulator:public-processor Processed 1 successful txs and 0 failed txs (0 silently skipped, 0ms wasted) in 0.004050166999993963s {"blockNumber":41,"successfulCount":1,"failedCount":0,"duration":0.004050166999993963,"rate":2856919.233211186,"totalPublicGas":{"daGas":0,"l2Gas":11571},"totalBlockGas":{"daGas":0,"l2Gas":11571},"totalSizeInBytes":128,"silentlySkippedCount":0,"silentlySkippedDurationMs":0}
[17:34:06.874] INFO: simulator:public-processor Processed 1 successful txs and 0 failed txs (0 silently skipped, 0ms wasted) in 0.004218084000007366s {"blockNumber":41,"successfulCount":1,"failedCount":0,"duration":0.004218084000007366,"rate":2743188.613593232,"totalPublicGas":{"daGas":0,"l2Gas":11571},"totalBlockGas":{"daGas":0,"l2Gas":11571},"totalSizeInBytes":128,"silentlySkippedCount":0,"silentlySkippedDurationMs":0}
[billboard_test] Testing test_history_known_bad_missing_child_after_first_page ... [0m[32mok[0m
[17:34:07.907] INFO: kv-store:lmdb-v2 Starting data store with maxReaders 2
[17:34:07.908] INFO: world-state:database Creating world state data store at directory /var/folders/ym/q1vh2x5n58xbsmpmvs5_6w3r0000gn/T/aztec-world-state-b6r08x/world_state with map sizes {"archiveTreeMapSizeKb":10485760,"nullifierTreeMapSizeKb":10485760,"noteHashTreeMapSizeKb":10485760,"messageTreeMapSizeKb":10485760,"publicDataTreeMapSizeKb":10485760} and 2 threads (ephemeral=true).
[17:34:07.916] INFO: txe_node Aztec Node version: txe
[17:34:07.916] INFO: txe_node Aztec Node started on chain 0x1
[17:34:07.927] INFO: txe:top_level_context Created block 1 with timestamp 1789490047
[17:34:07.963] INFO: txe:top_level_context Created block 2 with timestamp 1789490047
[17:34:08.025] INFO: simulator:public-processor Processed 1 successful txs and 0 failed txs (0 silently skipped, 0ms wasted) in 0.036692624999996044s {"blockNumber":3,"successfulCount":1,"failedCount":0,"duration":0.036692624999996044,"rate":88196197.4647589,"totalPublicGas":{"daGas":4000,"l2Gas":3236150},"totalBlockGas":{"daGas":4000,"l2Gas":3236150},"totalSizeInBytes":4128,"silentlySkippedCount":0,"silentlySkippedDurationMs":0}
[17:34:08.129] INFO: simulator:public-processor Processed 1 successful txs and 0 failed txs (0 silently skipped, 0ms wasted) in 0.013016291000007186s {"blockNumber":4,"successfulCount":1,"failedCount":0,"duration":0.013016291000007186,"rate":87627112.82341263,"totalPublicGas":{"daGas":192,"l2Gas":1140580},"totalBlockGas":{"daGas":320,"l2Gas":1731380},"totalSizeInBytes":320,"silentlySkippedCount":0,"silentlySkippedDurationMs":0}
[17:34:08.156] INFO: txe:top_level_context Created block 5 with timestamp 1789490047
[17:34:08.296] INFO: simulator:public-processor Processed 1 successful txs and 0 failed txs (0 silently skipped, 0ms wasted) in 0.0037157920000026935s {"blockNumber":6,"successfulCount":1,"failedCount":0,"duration":0.0037157920000026935,"rate":0,"totalPublicGas":{"daGas":0,"l2Gas":0},"totalBlockGas":{"daGas":1984,"l2Gas":529900},"totalSizeInBytes":1984,"silentlySkippedCount":0,"silentlySkippedDurationMs":0}
[17:34:08.323] INFO: txe:top_level_context Created block 7 with timestamp 1789497248
[17:34:08.758] INFO: kv-store:lmdb-v2 Starting data store with maxReaders 2
[17:34:08.760] INFO: world-state:database Creating world state data store at directory /var/folders/ym/q1vh2x5n58xbsmpmvs5_6w3r0000gn/T/aztec-world-state-bMTTAT/world_state with map sizes {"archiveTreeMapSizeKb":10485760,"nullifierTreeMapSizeKb":10485760,"noteHashTreeMapSizeKb":10485760,"messageTreeMapSizeKb":10485760,"publicDataTreeMapSizeKb":10485760} and 2 threads (ephemeral=true).
[17:34:08.768] INFO: txe_node Aztec Node version: txe
[17:34:08.768] INFO: txe_node Aztec Node started on chain 0x1
[17:34:08.785] INFO: txe:top_level_context Created block 1 with timestamp 1789490048
[17:34:08.874] INFO: txe:top_level_context Created block 2 with timestamp 1789490048
[17:34:08.890] INFO: simulator:public-processor Processed 1 successful txs and 0 failed txs (0 silently skipped, 0ms wasted) in 0.028199416999996174s {"blockNumber":8,"successfulCount":1,"failedCount":0,"duration":0.028199416999996174,"rate":69060541.21616288,"totalPublicGas":{"daGas":2368,"l2Gas":1947467},"totalBlockGas":{"daGas":3744,"l2Gas":2674217},"totalSizeInBytes":3744,"silentlySkippedCount":0,"silentlySkippedDurationMs":0}
[17:34:08.922] INFO: txe:top_level_context Created block 9 with timestamp 1789504449
[17:34:08.959] INFO: simulator:public-processor Processed 1 successful txs and 0 failed txs (0 silently skipped, 0ms wasted) in 0.058518874999994294s {"blockNumber":3,"successfulCount":1,"failedCount":0,"duration":0.058518874999994294,"rate":55300960.58750814,"totalPublicGas":{"daGas":4000,"l2Gas":3236150},"totalBlockGas":{"daGas":4000,"l2Gas":3236150},"totalSizeInBytes":4128,"silentlySkippedCount":0,"silentlySkippedDurationMs":0}
[17:34:09.003] INFO: simulator:public-processor Processed 1 successful txs and 0 failed txs (0 silently skipped, 0ms wasted) in 0.00452941699999792s {"blockNumber":4,"successfulCount":1,"failedCount":0,"duration":0.00452941699999792,"rate":2280425.9356126282,"totalPublicGas":{"daGas":0,"l2Gas":10329},"totalBlockGas":{"daGas":0,"l2Gas":10329},"totalSizeInBytes":128,"silentlySkippedCount":0,"silentlySkippedDurationMs":0}
[billboard_test] Testing test_init_default_flag_state ... [0m[32mok[0m
[17:34:09.501] INFO: simulator:public-processor Processed 1 successful txs and 0 failed txs (0 silently skipped, 0ms wasted) in 0.025858749999999417s {"blockNumber":10,"successfulCount":1,"failedCount":0,"duration":0.025858749999999417,"rate":75311722.33770171,"totalPublicGas":{"daGas":2368,"l2Gas":1947467},"totalBlockGas":{"daGas":3744,"l2Gas":2674217},"totalSizeInBytes":3744,"silentlySkippedCount":0,"silentlySkippedDurationMs":0}
[17:34:09.528] INFO: txe:top_level_context Created block 11 with timestamp 1789511650
[17:34:10.073] INFO: simulator:public-processor Processed 1 successful txs and 0 failed txs (0 silently skipped, 0ms wasted) in 0.02701258300000336s {"blockNumber":12,"successfulCount":1,"failedCount":0,"duration":0.02701258300000336,"rate":72094808.55643304,"totalPublicGas":{"daGas":2368,"l2Gas":1947467},"totalBlockGas":{"daGas":3744,"l2Gas":2674217},"totalSizeInBytes":3744,"silentlySkippedCount":0,"silentlySkippedDurationMs":0}
[17:34:10.102] INFO: txe:top_level_context Created block 13 with timestamp 1789518851
[17:34:10.671] INFO: simulator:public-processor Processed 1 successful txs and 0 failed txs (0 silently skipped, 0ms wasted) in 0.026676500000001397s {"blockNumber":14,"successfulCount":1,"failedCount":0,"duration":0.026676500000001397,"rate":73003092.60959639,"totalPublicGas":{"daGas":2368,"l2Gas":1947467},"totalBlockGas":{"daGas":3744,"l2Gas":2674217},"totalSizeInBytes":3744,"silentlySkippedCount":0,"silentlySkippedDurationMs":0}
[17:34:10.699] INFO: txe:top_level_context Created block 15 with timestamp 1789526052
[17:34:10.765] INFO: kv-store:lmdb-v2 Starting data store with maxReaders 2
[17:34:10.766] INFO: world-state:database Creating world state data store at directory /var/folders/ym/q1vh2x5n58xbsmpmvs5_6w3r0000gn/T/aztec-world-state-axws4I/world_state with map sizes {"archiveTreeMapSizeKb":10485760,"nullifierTreeMapSizeKb":10485760,"noteHashTreeMapSizeKb":10485760,"messageTreeMapSizeKb":10485760,"publicDataTreeMapSizeKb":10485760} and 2 threads (ephemeral=true).
[17:34:10.780] INFO: txe_node Aztec Node version: txe
[17:34:10.780] INFO: txe_node Aztec Node started on chain 0x1
[17:34:10.815] INFO: txe:top_level_context Created block 1 with timestamp 1789490050
[17:34:10.854] INFO: txe:top_level_context Created block 2 with timestamp 1789490050
[17:34:10.900] INFO: simulator:public-processor Processed 1 successful txs and 0 failed txs (0 silently skipped, 0ms wasted) in 0.009642665999999736s {"blockNumber":3,"successfulCount":1,"failedCount":0,"duration":0.009642665999999736,"rate":13188261.420648966,"totalPublicGas":{"daGas":0,"l2Gas":127170},"totalBlockGas":{"daGas":0,"l2Gas":127170},"totalSizeInBytes":128,"silentlySkippedCount":0,"silentlySkippedDurationMs":0}
[17:34:10.902] WARN: txe:top_level_context Could not find function artifact in contract Billboard for function '0x8f3f1c4d' when enriching error callstack
[billboard_test] Testing test_init_rejects_policy_too_long ... [0m[32mok[0m
[17:34:11.334] INFO: simulator:public-processor Processed 1 successful txs and 0 failed txs (0 silently skipped, 0ms wasted) in 0.02704508299998997s {"blockNumber":16,"successfulCount":1,"failedCount":0,"duration":0.02704508299998997,"rate":72008172.4282644,"totalPublicGas":{"daGas":2368,"l2Gas":1947467},"totalBlockGas":{"daGas":3744,"l2Gas":2674217},"totalSizeInBytes":3744,"silentlySkippedCount":0,"silentlySkippedDurationMs":0}
[17:34:11.362] INFO: txe:top_level_context Created block 17 with timestamp 1789533253
[17:34:11.930] INFO: simulator:public-processor Processed 1 successful txs and 0 failed txs (0 silently skipped, 0ms wasted) in 0.026800749999994877s {"blockNumber":18,"successfulCount":1,"failedCount":0,"duration":0.026800749999994877,"rate":72664645.57896224,"totalPublicGas":{"daGas":2368,"l2Gas":1947467},"totalBlockGas":{"daGas":3744,"l2Gas":2674217},"totalSizeInBytes":3744,"silentlySkippedCount":0,"silentlySkippedDurationMs":0}
[17:34:11.958] INFO: txe:top_level_context Created block 19 with timestamp 1789540454
[billboard_test] Testing test_init_rejects_zero_base_cooldown ... [0m[32mok[0m
[17:34:12.528] INFO: simulator:public-processor Processed 1 successful txs and 0 failed txs (0 silently skipped, 0ms wasted) in 0.026700083999996422s {"blockNumber":20,"successfulCount":1,"failedCount":0,"duration":0.026700083999996422,"rate":72938609.481538,"totalPublicGas":{"daGas":2368,"l2Gas":1947467},"totalBlockGas":{"daGas":3744,"l2Gas":2674217},"totalSizeInBytes":3744,"silentlySkippedCount":0,"silentlySkippedDurationMs":0}
[17:34:12.556] INFO: txe:top_level_context Created block 21 with timestamp 1789547655
[17:34:12.715] INFO: kv-store:lmdb-v2 Starting data store with maxReaders 2
[17:34:12.716] INFO: world-state:database Creating world state data store at directory /var/folders/ym/q1vh2x5n58xbsmpmvs5_6w3r0000gn/T/aztec-world-state-L4YFbj/world_state with map sizes {"archiveTreeMapSizeKb":10485760,"nullifierTreeMapSizeKb":10485760,"noteHashTreeMapSizeKb":10485760,"messageTreeMapSizeKb":10485760,"publicDataTreeMapSizeKb":10485760} and 2 threads (ephemeral=true).
[17:34:12.725] INFO: txe_node Aztec Node version: txe
[17:34:12.725] INFO: txe_node Aztec Node started on chain 0x1
[17:34:12.737] INFO: txe:top_level_context Created block 1 with timestamp 1789490052
[17:34:12.810] INFO: txe:top_level_context Created block 2 with timestamp 1789490052
[17:34:12.845] INFO: simulator:public-processor Processed 1 successful txs and 0 failed txs (0 silently skipped, 0ms wasted) in 0.008393083000002662s {"blockNumber":3,"successfulCount":1,"failedCount":0,"duration":0.008393083000002662,"rate":15093857.644438857,"totalPublicGas":{"daGas":0,"l2Gas":126684},"totalBlockGas":{"daGas":0,"l2Gas":126684},"totalSizeInBytes":128,"silentlySkippedCount":0,"silentlySkippedDurationMs":0}
[17:34:12.851] WARN: txe:top_level_context Could not find function artifact in contract Billboard for function '0x8f3f1c4d' when enriching error callstack
[17:34:13.172] INFO: simulator:public-processor Processed 1 successful txs and 0 failed txs (0 silently skipped, 0ms wasted) in 0.02590587499999674s {"blockNumber":22,"successfulCount":1,"failedCount":0,"duration":0.02590587499999674,"rate":75174723.88021038,"totalPublicGas":{"daGas":2368,"l2Gas":1947467},"totalBlockGas":{"daGas":3744,"l2Gas":2674217},"totalSizeInBytes":3744,"silentlySkippedCount":0,"silentlySkippedDurationMs":0}
[17:34:13.200] INFO: txe:top_level_context Created block 23 with timestamp 1789554856
[17:34:13.796] INFO: simulator:public-processor Processed 1 successful txs and 0 failed txs (0 silently skipped, 0ms wasted) in 0.03718345800001407s {"blockNumber":24,"successfulCount":1,"failedCount":0,"duration":0.03718345800001407,"rate":52374553.222007036,"totalPublicGas":{"daGas":2368,"l2Gas":1947467},"totalBlockGas":{"daGas":3744,"l2Gas":2674217},"totalSizeInBytes":3744,"silentlySkippedCount":0,"silentlySkippedDurationMs":0}
[17:34:13.826] INFO: txe:top_level_context Created block 25 with timestamp 1789562057
[17:34:14.382] INFO: simulator:public-processor Processed 1 successful txs and 0 failed txs (0 silently skipped, 0ms wasted) in 0.027781583000003593s {"blockNumber":26,"successfulCount":1,"failedCount":0,"duration":0.027781583000003593,"rate":70099209.24951427,"totalPublicGas":{"daGas":2368,"l2Gas":1947467},"totalBlockGas":{"daGas":3744,"l2Gas":2674217},"totalSizeInBytes":3744,"silentlySkippedCount":0,"silentlySkippedDurationMs":0}
[17:34:14.410] INFO: txe:top_level_context Created block 27 with timestamp 1789569258
[17:34:14.632] INFO: kv-store:lmdb-v2 Starting data store with maxReaders 2
[17:34:14.632] INFO: world-state:database Creating world state data store at directory /var/folders/ym/q1vh2x5n58xbsmpmvs5_6w3r0000gn/T/aztec-world-state-2YReM7/world_state with map sizes {"archiveTreeMapSizeKb":10485760,"nullifierTreeMapSizeKb":10485760,"noteHashTreeMapSizeKb":10485760,"messageTreeMapSizeKb":10485760,"publicDataTreeMapSizeKb":10485760} and 2 threads (ephemeral=true).
[17:34:14.641] INFO: txe_node Aztec Node version: txe
[17:34:14.641] INFO: txe_node Aztec Node started on chain 0x1
[17:34:14.654] INFO: txe:top_level_context Created block 1 with timestamp 1789490054
[17:34:14.696] INFO: txe:top_level_context Created block 2 with timestamp 1789490054
[billboard_test] Testing test_init_rejects_zero_censor_window ... [0m[32mok[0m
[17:34:14.854] INFO: simulator:public-processor Processed 1 successful txs and 0 failed txs (0 silently skipped, 0ms wasted) in 0.11648441699999966s {"blockNumber":3,"successfulCount":1,"failedCount":0,"duration":0.11648441699999966,"rate":1088720.7342077384,"totalPublicGas":{"daGas":0,"l2Gas":126819},"totalBlockGas":{"daGas":0,"l2Gas":126819},"totalSizeInBytes":128,"silentlySkippedCount":0,"silentlySkippedDurationMs":0}
[17:34:14.911] WARN: txe:top_level_context Could not find function artifact in contract Billboard for function '0x8f3f1c4d' when enriching error callstack
[17:34:15.026] INFO: simulator:public-processor Processed 1 successful txs and 0 failed txs (0 silently skipped, 0ms wasted) in 0.026703332999997657s {"blockNumber":28,"successfulCount":1,"failedCount":0,"duration":0.026703332999997657,"rate":72929735.02596739,"totalPublicGas":{"daGas":2368,"l2Gas":1947467},"totalBlockGas":{"daGas":3744,"l2Gas":2674217},"totalSizeInBytes":3744,"silentlySkippedCount":0,"silentlySkippedDurationMs":0}
[17:34:15.053] INFO: txe:top_level_context Created block 29 with timestamp 1789576459
[17:34:15.606] INFO: simulator:public-processor Processed 1 successful txs and 0 failed txs (0 silently skipped, 0ms wasted) in 0.032189750000005006s {"blockNumber":30,"successfulCount":1,"failedCount":0,"duration":0.032189750000005006,"rate":60499600.0279498,"totalPublicGas":{"daGas":2368,"l2Gas":1947467},"totalBlockGas":{"daGas":3744,"l2Gas":2674217},"totalSizeInBytes":3744,"silentlySkippedCount":0,"silentlySkippedDurationMs":0}
[17:34:15.634] INFO: txe:top_level_context Created block 31 with timestamp 1789583660
[17:34:16.167] INFO: simulator:public-processor Processed 1 successful txs and 0 failed txs (0 silently skipped, 0ms wasted) in 0.025786833999998635s {"blockNumber":32,"successfulCount":1,"failedCount":0,"duration":0.025786833999998635,"rate":75521756.56771603,"totalPublicGas":{"daGas":2368,"l2Gas":1947467},"totalBlockGas":{"daGas":3744,"l2Gas":2674217},"totalSizeInBytes":3744,"silentlySkippedCount":0,"silentlySkippedDurationMs":0}
[17:34:16.195] INFO: txe:top_level_context Created block 33 with timestamp 1789590861
[17:34:16.655] INFO: kv-store:lmdb-v2 Starting data store with maxReaders 2
[17:34:16.656] INFO: world-state:database Creating world state data store at directory /var/folders/ym/q1vh2x5n58xbsmpmvs5_6w3r0000gn/T/aztec-world-state-o6NPvS/world_state with map sizes {"archiveTreeMapSizeKb":10485760,"nullifierTreeMapSizeKb":10485760,"noteHashTreeMapSizeKb":10485760,"messageTreeMapSizeKb":10485760,"publicDataTreeMapSizeKb":10485760} and 2 threads (ephemeral=true).
[17:34:16.665] INFO: txe_node Aztec Node version: txe
[17:34:16.665] INFO: txe_node Aztec Node started on chain 0x1
[17:34:16.719] INFO: txe:top_level_context Created block 1 with timestamp 1789490056
[17:34:16.746] INFO: simulator:public-processor Processed 1 successful txs and 0 failed txs (0 silently skipped, 0ms wasted) in 0.026644292000011775s {"blockNumber":34,"successfulCount":1,"failedCount":0,"duration":0.026644292000011775,"rate":73091339.78861736,"totalPublicGas":{"daGas":2368,"l2Gas":1947467},"totalBlockGas":{"daGas":3744,"l2Gas":2674217},"totalSizeInBytes":3744,"silentlySkippedCount":0,"silentlySkippedDurationMs":0}
[17:34:16.757] INFO: txe:top_level_context Created block 2 with timestamp 1789490056
[17:34:16.773] INFO: txe:top_level_context Created block 35 with timestamp 1789598062
[17:34:16.825] INFO: simulator:public-processor Processed 1 successful txs and 0 failed txs (0 silently skipped, 0ms wasted) in 0.042028833999997s {"blockNumber":3,"successfulCount":1,"failedCount":0,"duration":0.042028833999997,"rate":3015858.113028047,"totalPublicGas":{"daGas":0,"l2Gas":126753},"totalBlockGas":{"daGas":0,"l2Gas":126753},"totalSizeInBytes":128,"silentlySkippedCount":0,"silentlySkippedDurationMs":0}
[17:34:16.831] WARN: txe:top_level_context Could not find function artifact in contract Billboard for function '0x8f3f1c4d' when enriching error callstack
[billboard_test] Testing test_init_rejects_zero_k ... [0m[32mok[0m
[17:34:17.327] INFO: simulator:public-processor Processed 1 successful txs and 0 failed txs (0 silently skipped, 0ms wasted) in 0.027099915999991935s {"blockNumber":36,"successfulCount":1,"failedCount":0,"duration":0.027099915999991935,"rate":71862473.66968147,"totalPublicGas":{"daGas":2368,"l2Gas":1947467},"totalBlockGas":{"daGas":3744,"l2Gas":2674217},"totalSizeInBytes":3744,"silentlySkippedCount":0,"silentlySkippedDurationMs":0}
[17:34:17.356] INFO: txe:top_level_context Created block 37 with timestamp 1789605263
[17:34:17.912] INFO: simulator:public-processor Processed 1 successful txs and 0 failed txs (0 silently skipped, 0ms wasted) in 0.027422458000000916s {"blockNumber":38,"successfulCount":1,"failedCount":0,"duration":0.027422458000000916,"rate":71017229.74650685,"totalPublicGas":{"daGas":2368,"l2Gas":1947467},"totalBlockGas":{"daGas":3744,"l2Gas":2674217},"totalSizeInBytes":3744,"silentlySkippedCount":0,"silentlySkippedDurationMs":0}
[17:34:17.941] INFO: txe:top_level_context Created block 39 with timestamp 1789612464
[17:34:18.472] INFO: simulator:public-processor Processed 1 successful txs and 0 failed txs (0 silently skipped, 0ms wasted) in 0.025703249999991386s {"blockNumber":40,"successfulCount":1,"failedCount":0,"duration":0.025703249999991386,"rate":75767344.59652583,"totalPublicGas":{"daGas":2368,"l2Gas":1947467},"totalBlockGas":{"daGas":3744,"l2Gas":2674217},"totalSizeInBytes":3744,"silentlySkippedCount":0,"silentlySkippedDurationMs":0}
[17:34:18.501] INFO: simulator:public-processor Processed 1 successful txs and 0 failed txs (0 silently skipped, 0ms wasted) in 0.003939625000013621s {"blockNumber":41,"successfulCount":1,"failedCount":0,"duration":0.003939625000013621,"rate":2240314.7507616803,"totalPublicGas":{"daGas":0,"l2Gas":8826},"totalBlockGas":{"daGas":0,"l2Gas":8826},"totalSizeInBytes":128,"silentlySkippedCount":0,"silentlySkippedDurationMs":0}
[17:34:18.514] INFO: txe:top_level_context Created block 41 with timestamp 1789619665
[17:34:18.621] INFO: kv-store:lmdb-v2 Starting data store with maxReaders 2
[17:34:18.622] INFO: world-state:database Creating world state data store at directory /var/folders/ym/q1vh2x5n58xbsmpmvs5_6w3r0000gn/T/aztec-world-state-HVKCYq/world_state with map sizes {"archiveTreeMapSizeKb":10485760,"nullifierTreeMapSizeKb":10485760,"noteHashTreeMapSizeKb":10485760,"messageTreeMapSizeKb":10485760,"publicDataTreeMapSizeKb":10485760} and 2 threads (ephemeral=true).
[17:34:18.631] INFO: txe_node Aztec Node version: txe
[17:34:18.631] INFO: txe_node Aztec Node started on chain 0x1
[17:34:18.643] INFO: txe:top_level_context Created block 1 with timestamp 1789490058
[17:34:18.682] INFO: txe:top_level_context Created block 2 with timestamp 1789490058
[17:34:18.743] INFO: simulator:public-processor Processed 1 successful txs and 0 failed txs (0 silently skipped, 0ms wasted) in 0.00586616600000707s {"blockNumber":3,"successfulCount":1,"failedCount":0,"duration":0.00586616600000707,"rate":21630482.328636296,"totalPublicGas":{"daGas":0,"l2Gas":126888},"totalBlockGas":{"daGas":0,"l2Gas":126888},"totalSizeInBytes":128,"silentlySkippedCount":0,"silentlySkippedDurationMs":0}
[17:34:18.745] WARN: txe:top_level_context Could not find function artifact in contract Billboard for function '0x8f3f1c4d' when enriching error callstack
[billboard_test] Testing test_init_rejects_zero_max_save_up ... [0m[32mok[0m
[billboard_test] Testing test_history_known_bad_next_post_cannot_progress ... [0m[32mok[0m
[billboard_test] Testing test_init_rejects_zero_min_deposit ... [0m[32mok[0m
[17:34:20.577] INFO: kv-store:lmdb-v2 Starting data store with maxReaders 2
[17:34:20.578] INFO: world-state:database Creating world state data store at directory /var/folders/ym/q1vh2x5n58xbsmpmvs5_6w3r0000gn/T/aztec-world-state-6rRQRD/world_state with map sizes {"archiveTreeMapSizeKb":10485760,"nullifierTreeMapSizeKb":10485760,"noteHashTreeMapSizeKb":10485760,"messageTreeMapSizeKb":10485760,"publicDataTreeMapSizeKb":10485760} and 2 threads (ephemeral=true).
[17:34:20.587] INFO: txe_node Aztec Node version: txe
[17:34:20.587] INFO: txe_node Aztec Node started on chain 0x1
[17:34:20.598] INFO: txe:top_level_context Created block 1 with timestamp 1789490060
[17:34:20.636] INFO: txe:top_level_context Created block 2 with timestamp 1789490060
[17:34:20.667] INFO: simulator:public-processor Processed 1 successful txs and 0 failed txs (0 silently skipped, 0ms wasted) in 0.005439916000002995s {"blockNumber":3,"successfulCount":1,"failedCount":0,"duration":0.005439916000002995,"rate":23242638.305431623,"totalPublicGas":{"daGas":0,"l2Gas":126438},"totalBlockGas":{"daGas":0,"l2Gas":126438},"totalSizeInBytes":128,"silentlySkippedCount":0,"silentlySkippedDurationMs":0}
[17:34:20.669] WARN: txe:top_level_context Could not find function artifact in contract Billboard for function '0x8f3f1c4d' when enriching error callstack
[17:34:20.830] INFO: kv-store:lmdb-v2 Starting data store with maxReaders 2
[17:34:20.831] INFO: world-state:database Creating world state data store at directory /var/folders/ym/q1vh2x5n58xbsmpmvs5_6w3r0000gn/T/aztec-world-state-1UjuPY/world_state with map sizes {"archiveTreeMapSizeKb":10485760,"nullifierTreeMapSizeKb":10485760,"noteHashTreeMapSizeKb":10485760,"messageTreeMapSizeKb":10485760,"publicDataTreeMapSizeKb":10485760} and 2 threads (ephemeral=true).
[17:34:20.840] INFO: txe_node Aztec Node version: txe
[17:34:20.840] INFO: txe_node Aztec Node started on chain 0x1
[17:34:20.851] INFO: txe:top_level_context Created block 1 with timestamp 1789490060
[17:34:20.892] INFO: txe:top_level_context Created block 2 with timestamp 1789490060
[17:34:20.957] INFO: simulator:public-processor Processed 1 successful txs and 0 failed txs (0 silently skipped, 0ms wasted) in 0.03804541600000812s {"blockNumber":3,"successfulCount":1,"failedCount":0,"duration":0.03804541600000812,"rate":85060181.75748977,"totalPublicGas":{"daGas":4000,"l2Gas":3236150},"totalBlockGas":{"daGas":4000,"l2Gas":3236150},"totalSizeInBytes":4128,"silentlySkippedCount":0,"silentlySkippedDurationMs":0}
[17:34:20.987] INFO: simulator:public-processor Processed 1 successful txs and 0 failed txs (0 silently skipped, 0ms wasted) in 0.004570040999999037s {"blockNumber":4,"successfulCount":1,"failedCount":0,"duration":0.004570040999999037,"rate":5384196.771977579,"totalPublicGas":{"daGas":0,"l2Gas":24606},"totalBlockGas":{"daGas":0,"l2Gas":24606},"totalSizeInBytes":128,"silentlySkippedCount":0,"silentlySkippedDurationMs":0}
[17:34:21.001] INFO: simulator:public-processor Processed 1 successful txs and 0 failed txs (0 silently skipped, 0ms wasted) in 0.004465583999990486s {"blockNumber":4,"successfulCount":1,"failedCount":0,"duration":0.004465583999990486,"rate":5528280.287651648,"totalPublicGas":{"daGas":0,"l2Gas":24687},"totalBlockGas":{"daGas":0,"l2Gas":24687},"totalSizeInBytes":128,"silentlySkippedCount":0,"silentlySkippedDurationMs":0}
[17:34:21.015] INFO: simulator:public-processor Processed 1 successful txs and 0 failed txs (0 silently skipped, 0ms wasted) in 0.004387916000006953s {"blockNumber":4,"successfulCount":1,"failedCount":0,"duration":0.004387916000006953,"rate":5534517.980736531,"totalPublicGas":{"daGas":0,"l2Gas":24285},"totalBlockGas":{"daGas":0,"l2Gas":24285},"totalSizeInBytes":128,"silentlySkippedCount":0,"silentlySkippedDurationMs":0}
[17:34:21.029] INFO: simulator:public-processor Processed 1 successful txs and 0 failed txs (0 silently skipped, 0ms wasted) in 0.004397375000000466s {"blockNumber":4,"successfulCount":1,"failedCount":0,"duration":0.004397375000000466,"rate":5540350.77745187,"totalPublicGas":{"daGas":0,"l2Gas":24363},"totalBlockGas":{"daGas":0,"l2Gas":24363},"totalSizeInBytes":128,"silentlySkippedCount":0,"silentlySkippedDurationMs":0}
[17:34:21.043] INFO: simulator:public-processor Processed 1 successful txs and 0 failed txs (0 silently skipped, 0ms wasted) in 0.004339749999999185s {"blockNumber":4,"successfulCount":1,"failedCount":0,"duration":0.004339749999999185,"rate":5633273.806095879,"totalPublicGas":{"daGas":0,"l2Gas":24447},"totalBlockGas":{"daGas":0,"l2Gas":24447},"totalSizeInBytes":128,"silentlySkippedCount":0,"silentlySkippedDurationMs":0}
[17:34:21.056] INFO: simulator:public-processor Processed 1 successful txs and 0 failed txs (0 silently skipped, 0ms wasted) in 0.003890625s {"blockNumber":4,"successfulCount":1,"failedCount":0,"duration":0.003890625,"rate":2437397.5903614457,"totalPublicGas":{"daGas":0,"l2Gas":9483},"totalBlockGas":{"daGas":0,"l2Gas":9483},"totalSizeInBytes":128,"silentlySkippedCount":0,"silentlySkippedDurationMs":0}
[17:34:21.070] INFO: simulator:public-processor Processed 1 successful txs and 0 failed txs (0 silently skipped, 0ms wasted) in 0.004319625000003725s {"blockNumber":4,"successfulCount":1,"failedCount":0,"duration":0.004319625000003725,"rate":5661602.569662624,"totalPublicGas":{"daGas":0,"l2Gas":24456},"totalBlockGas":{"daGas":0,"l2Gas":24456},"totalSizeInBytes":128,"silentlySkippedCount":0,"silentlySkippedDurationMs":0}
[17:34:21.084] INFO: simulator:public-processor Processed 1 successful txs and 0 failed txs (0 silently skipped, 0ms wasted) in 0.0038578340000094613s {"blockNumber":4,"successfulCount":1,"failedCount":0,"duration":0.0038578340000094613,"rate":2287812.2801495227,"totalPublicGas":{"daGas":0,"l2Gas":8826},"totalBlockGas":{"daGas":0,"l2Gas":8826},"totalSizeInBytes":128,"silentlySkippedCount":0,"silentlySkippedDurationMs":0}
[17:34:21.098] INFO: simulator:public-processor Processed 1 successful txs and 0 failed txs (0 silently skipped, 0ms wasted) in 0.003972000000008848s {"blockNumber":4,"successfulCount":1,"failedCount":0,"duration":0.003972000000008848,"rate":2679758.3081511306,"totalPublicGas":{"daGas":0,"l2Gas":10644},"totalBlockGas":{"daGas":0,"l2Gas":10644},"totalSizeInBytes":128,"silentlySkippedCount":0,"silentlySkippedDurationMs":0}
[billboard_test] Testing test_init_sets_all_parameters ... [0m[32mok[0m
[billboard_test] Testing test_init_sets_default_policy ... [0m[32mok[0m
[billboard_test] Testing test_init_sets_nondefault_policy ... [0m[32mok[0m
[17:34:22.466] INFO: kv-store:lmdb-v2 Starting data store with maxReaders 2
[17:34:22.468] INFO: world-state:database Creating world state data store at directory /var/folders/ym/q1vh2x5n58xbsmpmvs5_6w3r0000gn/T/aztec-world-state-Oawnk3/world_state with map sizes {"archiveTreeMapSizeKb":10485760,"nullifierTreeMapSizeKb":10485760,"noteHashTreeMapSizeKb":10485760,"messageTreeMapSizeKb":10485760,"publicDataTreeMapSizeKb":10485760} and 2 threads (ephemeral=true).
[17:34:22.476] INFO: txe_node Aztec Node version: txe
[17:34:22.476] INFO: txe_node Aztec Node started on chain 0x1
[17:34:22.487] INFO: txe:top_level_context Created block 1 with timestamp 1789490062
[17:34:22.518] INFO: txe:top_level_context Created block 2 with timestamp 1789490062
[17:34:22.581] INFO: simulator:public-processor Processed 1 successful txs and 0 failed txs (0 silently skipped, 0ms wasted) in 0.03633183299998927s {"blockNumber":3,"successfulCount":1,"failedCount":0,"duration":0.03633183299998927,"rate":89072026.72656113,"totalPublicGas":{"daGas":4000,"l2Gas":3236150},"totalBlockGas":{"daGas":4000,"l2Gas":3236150},"totalSizeInBytes":4128,"silentlySkippedCount":0,"silentlySkippedDurationMs":0}
[17:34:22.613] INFO: simulator:public-processor Processed 1 successful txs and 0 failed txs (0 silently skipped, 0ms wasted) in 0.006568583000000217s {"blockNumber":4,"successfulCount":1,"failedCount":0,"duration":0.006568583000000217,"rate":17846314.798792392,"totalPublicGas":{"daGas":0,"l2Gas":117225},"totalBlockGas":{"daGas":0,"l2Gas":117225},"totalSizeInBytes":128,"silentlySkippedCount":0,"silentlySkippedDurationMs":0}
[17:34:22.883] INFO: kv-store:lmdb-v2 Starting data store with maxReaders 2
[17:34:22.883] INFO: world-state:database Creating world state data store at directory /var/folders/ym/q1vh2x5n58xbsmpmvs5_6w3r0000gn/T/aztec-world-state-71Yssd/world_state with map sizes {"archiveTreeMapSizeKb":10485760,"nullifierTreeMapSizeKb":10485760,"noteHashTreeMapSizeKb":10485760,"messageTreeMapSizeKb":10485760,"publicDataTreeMapSizeKb":10485760} and 2 threads (ephemeral=true).
[17:34:22.892] INFO: txe_node Aztec Node version: txe
[17:34:22.892] INFO: txe_node Aztec Node started on chain 0x1
[17:34:22.903] INFO: txe:top_level_context Created block 1 with timestamp 1789490062
[17:34:22.934] INFO: txe:top_level_context Created block 2 with timestamp 1789490062
[17:34:22.996] INFO: simulator:public-processor Processed 1 successful txs and 0 failed txs (0 silently skipped, 0ms wasted) in 0.03638816699999734s {"blockNumber":3,"successfulCount":1,"failedCount":0,"duration":0.03638816699999734,"rate":88934130.70244062,"totalPublicGas":{"daGas":4000,"l2Gas":3236150},"totalBlockGas":{"daGas":4000,"l2Gas":3236150},"totalSizeInBytes":4128,"silentlySkippedCount":0,"silentlySkippedDurationMs":0}
[17:34:23.028] INFO: simulator:public-processor Processed 1 successful txs and 0 failed txs (0 silently skipped, 0ms wasted) in 0.006613083000003826s {"blockNumber":4,"successfulCount":1,"failedCount":0,"duration":0.006613083000003826,"rate":17726225.423139583,"totalPublicGas":{"daGas":0,"l2Gas":117225},"totalBlockGas":{"daGas":0,"l2Gas":117225},"totalSizeInBytes":128,"silentlySkippedCount":0,"silentlySkippedDurationMs":0}
[17:34:24.491] INFO: kv-store:lmdb-v2 Starting data store with maxReaders 2
[17:34:24.492] INFO: world-state:database Creating world state data store at directory /var/folders/ym/q1vh2x5n58xbsmpmvs5_6w3r0000gn/T/aztec-world-state-BUtSOe/world_state with map sizes {"archiveTreeMapSizeKb":10485760,"nullifierTreeMapSizeKb":10485760,"noteHashTreeMapSizeKb":10485760,"messageTreeMapSizeKb":10485760,"publicDataTreeMapSizeKb":10485760} and 2 threads (ephemeral=true).
[17:34:24.500] INFO: txe_node Aztec Node version: txe
[17:34:24.500] INFO: txe_node Aztec Node started on chain 0x1
[17:34:24.512] INFO: txe:top_level_context Created block 1 with timestamp 1789490064
[17:34:24.546] INFO: txe:top_level_context Created block 2 with timestamp 1789490064
[17:34:24.609] INFO: simulator:public-processor Processed 1 successful txs and 0 failed txs (0 silently skipped, 0ms wasted) in 0.03610841699999583s {"blockNumber":3,"successfulCount":1,"failedCount":0,"duration":0.03610841699999583,"rate":89623147.97683804,"totalPublicGas":{"daGas":4000,"l2Gas":3236150},"totalBlockGas":{"daGas":4000,"l2Gas":3236150},"totalSizeInBytes":4128,"silentlySkippedCount":0,"silentlySkippedDurationMs":0}
[17:34:24.718] INFO: simulator:public-processor Processed 1 successful txs and 0 failed txs (0 silently skipped, 0ms wasted) in 0.012943874999997206s {"blockNumber":4,"successfulCount":1,"failedCount":0,"duration":0.012943874999997206,"rate":88117352.80201997,"totalPublicGas":{"daGas":192,"l2Gas":1140580},"totalBlockGas":{"daGas":320,"l2Gas":1731380},"totalSizeInBytes":320,"silentlySkippedCount":0,"silentlySkippedDurationMs":0}
[17:34:24.744] INFO: txe:top_level_context Created block 5 with timestamp 1789490064
[17:34:24.900] INFO: kv-store:lmdb-v2 Starting data store with maxReaders 2
[17:34:24.901] INFO: world-state:database Creating world state data store at directory /var/folders/ym/q1vh2x5n58xbsmpmvs5_6w3r0000gn/T/aztec-world-state-l3dySh/world_state with map sizes {"archiveTreeMapSizeKb":10485760,"nullifierTreeMapSizeKb":10485760,"noteHashTreeMapSizeKb":10485760,"messageTreeMapSizeKb":10485760,"publicDataTreeMapSizeKb":10485760} and 2 threads (ephemeral=true).
[17:34:24.913] INFO: txe_node Aztec Node version: txe
[17:34:24.913] INFO: txe_node Aztec Node started on chain 0x1
[17:34:24.923] INFO: simulator:public-processor Processed 1 successful txs and 0 failed txs (0 silently skipped, 0ms wasted) in 0.003666333000001032s {"blockNumber":6,"successfulCount":1,"failedCount":0,"duration":0.003666333000001032,"rate":0,"totalPublicGas":{"daGas":0,"l2Gas":0},"totalBlockGas":{"daGas":1984,"l2Gas":529900},"totalSizeInBytes":1984,"silentlySkippedCount":0,"silentlySkippedDurationMs":0}
[17:34:24.925] INFO: txe:top_level_context Created block 1 with timestamp 1789490064
[17:34:24.954] INFO: txe:top_level_context Created block 7 with timestamp 1789493665
[17:34:24.961] INFO: txe:top_level_context Created block 2 with timestamp 1789490064
[17:34:25.083] INFO: simulator:public-processor Processed 1 successful txs and 0 failed txs (0 silently skipped, 0ms wasted) in 0.04957825000000594s {"blockNumber":3,"successfulCount":1,"failedCount":0,"duration":0.04957825000000594,"rate":65273582.66981211,"totalPublicGas":{"daGas":4000,"l2Gas":3236150},"totalBlockGas":{"daGas":4000,"l2Gas":3236150},"totalSizeInBytes":4128,"silentlySkippedCount":0,"silentlySkippedDurationMs":0}
[17:34:25.243] INFO: simulator:public-processor Processed 1 successful txs and 0 failed txs (0 silently skipped, 0ms wasted) in 0.013557958999997937s {"blockNumber":4,"successfulCount":1,"failedCount":0,"duration":0.013557958999997937,"rate":84126231.68429507,"totalPublicGas":{"daGas":192,"l2Gas":1140580},"totalBlockGas":{"daGas":320,"l2Gas":1731380},"totalSizeInBytes":320,"silentlySkippedCount":0,"silentlySkippedDurationMs":0}
[17:34:25.278] INFO: txe:top_level_context Created block 5 with timestamp 1789490064
[17:34:25.640] INFO: simulator:public-processor Processed 1 successful txs and 0 failed txs (0 silently skipped, 0ms wasted) in 0.03173554100000183s {"blockNumber":8,"successfulCount":1,"failedCount":0,"duration":0.03173554100000183,"rate":61365489.24752496,"totalPublicGas":{"daGas":2368,"l2Gas":1947467},"totalBlockGas":{"daGas":3744,"l2Gas":2674217},"totalSizeInBytes":3744,"silentlySkippedCount":0,"silentlySkippedDurationMs":0}
[17:34:25.683] INFO: txe:top_level_context Created block 9 with timestamp 1789593665
[17:34:25.744] INFO: simulator:public-processor Processed 1 successful txs and 0 failed txs (0 silently skipped, 0ms wasted) in 0.028833416000008584s {"blockNumber":6,"successfulCount":1,"failedCount":0,"duration":0.028833416000008584,"rate":0,"totalPublicGas":{"daGas":0,"l2Gas":0},"totalBlockGas":{"daGas":1984,"l2Gas":529900},"totalSizeInBytes":1984,"silentlySkippedCount":0,"silentlySkippedDurationMs":0}
[17:34:25.790] INFO: txe:top_level_context Created block 7 with timestamp 1789493665
[17:34:26.569] INFO: simulator:public-processor Processed 1 successful txs and 0 failed txs (0 silently skipped, 0ms wasted) in 0.17976091699999233s {"blockNumber":10,"successfulCount":1,"failedCount":0,"duration":0.17976091699999233,"rate":10833650.787396034,"totalPublicGas":{"daGas":2368,"l2Gas":1947467},"totalBlockGas":{"daGas":3744,"l2Gas":2674217},"totalSizeInBytes":3744,"silentlySkippedCount":0,"silentlySkippedDurationMs":0}
[17:34:26.659] INFO: simulator:public-processor Processed 1 successful txs and 0 failed txs (0 silently skipped, 0ms wasted) in 0.005629874999998719s {"blockNumber":11,"successfulCount":1,"failedCount":0,"duration":0.005629874999998719,"rate":1567707.986412133,"totalPublicGas":{"daGas":0,"l2Gas":8826},"totalBlockGas":{"daGas":0,"l2Gas":8826},"totalSizeInBytes":128,"silentlySkippedCount":0,"silentlySkippedDurationMs":0}
[17:34:26.671] INFO: txe:top_level_context Created block 11 with timestamp 1789593666
[17:34:26.707] INFO: simulator:public-processor Processed 1 successful txs and 0 failed txs (0 silently skipped, 0ms wasted) in 0.04313104199999361s {"blockNumber":8,"successfulCount":1,"failedCount":0,"duration":0.04313104199999361,"rate":45152329.0348582,"totalPublicGas":{"daGas":2368,"l2Gas":1947467},"totalBlockGas":{"daGas":3744,"l2Gas":2674217},"totalSizeInBytes":3744,"silentlySkippedCount":0,"silentlySkippedDurationMs":0}
[17:34:26.756] INFO: txe:top_level_context Created block 9 with timestamp 1789593665
[17:34:26.776] INFO: txe:top_level_context Created block 10 with timestamp 1789593665
[billboard_test] Testing test_save_up_allows_burst_after_dormancy ... [0m[32mok[0m
[17:34:27.516] INFO: simulator:public-processor Processed 1 successful txs and 0 failed txs (0 silently skipped, 0ms wasted) in 0.18759000000001105s {"blockNumber":12,"successfulCount":1,"failedCount":0,"duration":0.18759000000001105,"rate":10381507.543045392,"totalPublicGas":{"daGas":2368,"l2Gas":1947467},"totalBlockGas":{"daGas":3744,"l2Gas":2674217},"totalSizeInBytes":3744,"silentlySkippedCount":0,"silentlySkippedDurationMs":0}
[17:34:27.597] INFO: simulator:public-processor Processed 1 successful txs and 0 failed txs (0 silently skipped, 0ms wasted) in 0.050318499999993944s {"blockNumber":13,"successfulCount":1,"failedCount":0,"duration":0.050318499999993944,"rate":175402.6848972259,"totalPublicGas":{"daGas":0,"l2Gas":8826},"totalBlockGas":{"daGas":0,"l2Gas":8826},"totalSizeInBytes":128,"silentlySkippedCount":0,"silentlySkippedDurationMs":0}
[17:34:27.633] INFO: simulator:public-processor Processed 1 successful txs and 0 failed txs (0 silently skipped, 0ms wasted) in 0.02609195799998997s {"blockNumber":11,"successfulCount":1,"failedCount":0,"duration":0.02609195799998997,"rate":74638591.70709796,"totalPublicGas":{"daGas":2368,"l2Gas":1947467},"totalBlockGas":{"daGas":3744,"l2Gas":2674217},"totalSizeInBytes":3744,"silentlySkippedCount":0,"silentlySkippedDurationMs":0}
[17:34:27.660] INFO: txe:top_level_context Created block 12 with timestamp 1789593666
[17:34:28.195] INFO: simulator:public-processor Processed 1 successful txs and 0 failed txs (0 silently skipped, 0ms wasted) in 0.02624366700000246s {"blockNumber":13,"successfulCount":1,"failedCount":0,"duration":0.02624366700000246,"rate":74207122.04585652,"totalPublicGas":{"daGas":2368,"l2Gas":1947467},"totalBlockGas":{"daGas":3744,"l2Gas":2674217},"totalSizeInBytes":3744,"silentlySkippedCount":0,"silentlySkippedDurationMs":0}
[17:34:28.224] INFO: txe:top_level_context Created block 14 with timestamp 1789593667
[17:34:28.772] INFO: simulator:public-processor Processed 1 successful txs and 0 failed txs (0 silently skipped, 0ms wasted) in 0.027184290999997758s {"blockNumber":15,"successfulCount":1,"failedCount":0,"duration":0.027184290999997758,"rate":71639425.87283812,"totalPublicGas":{"daGas":2368,"l2Gas":1947467},"totalBlockGas":{"daGas":3744,"l2Gas":2674217},"totalSizeInBytes":3744,"silentlySkippedCount":0,"silentlySkippedDurationMs":0}
[17:34:28.800] INFO: txe:top_level_context Created block 16 with timestamp 1789593668
[17:34:29.367] INFO: simulator:public-processor Processed 1 successful txs and 0 failed txs (0 silently skipped, 0ms wasted) in 0.027014083000001847s {"blockNumber":17,"successfulCount":1,"failedCount":0,"duration":0.027014083000001847,"rate":72090805.37732363,"totalPublicGas":{"daGas":2368,"l2Gas":1947467},"totalBlockGas":{"daGas":3744,"l2Gas":2674217},"totalSizeInBytes":3744,"silentlySkippedCount":0,"silentlySkippedDurationMs":0}
[17:34:29.383] INFO: kv-store:lmdb-v2 Starting data store with maxReaders 2
[17:34:29.384] INFO: world-state:database Creating world state data store at directory /var/folders/ym/q1vh2x5n58xbsmpmvs5_6w3r0000gn/T/aztec-world-state-rbJJaP/world_state with map sizes {"archiveTreeMapSizeKb":10485760,"nullifierTreeMapSizeKb":10485760,"noteHashTreeMapSizeKb":10485760,"messageTreeMapSizeKb":10485760,"publicDataTreeMapSizeKb":10485760} and 2 threads (ephemeral=true).
[17:34:29.394] INFO: txe_node Aztec Node version: txe
[17:34:29.394] INFO: txe_node Aztec Node started on chain 0x1
[17:34:29.406] INFO: txe:top_level_context Created block 18 with timestamp 1789593669
[17:34:29.408] INFO: txe:top_level_context Created block 1 with timestamp 1789490069
[17:34:29.502] INFO: txe:top_level_context Created block 2 with timestamp 1789490069
[17:34:29.587] INFO: simulator:public-processor Processed 1 successful txs and 0 failed txs (0 silently skipped, 0ms wasted) in 0.04226200000000244s {"blockNumber":3,"successfulCount":1,"failedCount":0,"duration":0.04226200000000244,"rate":76573517.58080103,"totalPublicGas":{"daGas":4000,"l2Gas":3236150},"totalBlockGas":{"daGas":4000,"l2Gas":3236150},"totalSizeInBytes":4128,"silentlySkippedCount":0,"silentlySkippedDurationMs":0}
[17:34:29.658] INFO: simulator:public-processor Processed 1 successful txs and 0 failed txs (0 silently skipped, 0ms wasted) in 0.031868791999993845s {"blockNumber":4,"successfulCount":1,"failedCount":0,"duration":0.031868791999993845,"rate":83125334.6534287,"totalPublicGas":{"daGas":3136,"l2Gas":2649104},"totalBlockGas":{"daGas":3136,"l2Gas":2649104},"totalSizeInBytes":3264,"silentlySkippedCount":0,"silentlySkippedDurationMs":0}
[17:34:29.693] INFO: simulator:public-processor Processed 1 successful txs and 0 failed txs (0 silently skipped, 0ms wasted) in 0.009413417000003392s {"blockNumber":5,"successfulCount":1,"failedCount":0,"duration":0.009413417000003392,"rate":12452970.053271597,"totalPublicGas":{"daGas":0,"l2Gas":117225},"totalBlockGas":{"daGas":0,"l2Gas":117225},"totalSizeInBytes":128,"silentlySkippedCount":0,"silentlySkippedDurationMs":0}
[billboard_test] Testing test_set_moderation_policy_by_censor ... [0m[32mok[0m
[17:34:30.000] INFO: simulator:public-processor Processed 1 successful txs and 0 failed txs (0 silently skipped, 0ms wasted) in 0.026629291999997803s {"blockNumber":19,"successfulCount":1,"failedCount":0,"duration":0.026629291999997803,"rate":73132511.3713185,"totalPublicGas":{"daGas":2368,"l2Gas":1947467},"totalBlockGas":{"daGas":3744,"l2Gas":2674217},"totalSizeInBytes":3744,"silentlySkippedCount":0,"silentlySkippedDurationMs":0}
[17:34:30.028] INFO: txe:top_level_context Created block 20 with timestamp 1789593670
[17:34:30.578] INFO: simulator:public-processor Processed 1 successful txs and 0 failed txs (0 silently skipped, 0ms wasted) in 0.026390083999998752s {"blockNumber":21,"successfulCount":1,"failedCount":0,"duration":0.026390083999998752,"rate":73795407.39620578,"totalPublicGas":{"daGas":2368,"l2Gas":1947467},"totalBlockGas":{"daGas":3744,"l2Gas":2674217},"totalSizeInBytes":3744,"silentlySkippedCount":0,"silentlySkippedDurationMs":0}
[17:34:30.606] INFO: txe:top_level_context Created block 22 with timestamp 1789593671
[17:34:31.182] INFO: simulator:public-processor Processed 1 successful txs and 0 failed txs (0 silently skipped, 0ms wasted) in 0.027162874999994528s {"blockNumber":23,"successfulCount":1,"failedCount":0,"duration":0.027162874999994528,"rate":71695908.47803822,"totalPublicGas":{"daGas":2368,"l2Gas":1947467},"totalBlockGas":{"daGas":3744,"l2Gas":2674217},"totalSizeInBytes":3744,"silentlySkippedCount":0,"silentlySkippedDurationMs":0}
[17:34:31.210] INFO: txe:top_level_context Created block 24 with timestamp 1789593672
[17:34:31.636] INFO: kv-store:lmdb-v2 Starting data store with maxReaders 2
[17:34:31.639] INFO: world-state:database Creating world state data store at directory /var/folders/ym/q1vh2x5n58xbsmpmvs5_6w3r0000gn/T/aztec-world-state-Pb4um9/world_state with map sizes {"archiveTreeMapSizeKb":10485760,"nullifierTreeMapSizeKb":10485760,"noteHashTreeMapSizeKb":10485760,"messageTreeMapSizeKb":10485760,"publicDataTreeMapSizeKb":10485760} and 2 threads (ephemeral=true).
[17:34:31.648] INFO: txe_node Aztec Node version: txe
[17:34:31.648] INFO: txe_node Aztec Node started on chain 0x1
[17:34:31.666] INFO: txe:top_level_context Created block 1 with timestamp 1789490071
[17:34:31.753] INFO: txe:top_level_context Created block 2 with timestamp 1789490071
[17:34:31.776] INFO: simulator:public-processor Processed 1 successful txs and 0 failed txs (0 silently skipped, 0ms wasted) in 0.027805082999999287s {"blockNumber":25,"successfulCount":1,"failedCount":0,"duration":0.027805082999999287,"rate":70039963.55630551,"totalPublicGas":{"daGas":2368,"l2Gas":1947467},"totalBlockGas":{"daGas":3744,"l2Gas":2674217},"totalSizeInBytes":3744,"silentlySkippedCount":0,"silentlySkippedDurationMs":0}
[17:34:31.786] INFO: simulator:public-processor Processed 1 successful txs and 0 failed txs (0 silently skipped, 0ms wasted) in 0.0058838749999995344s {"blockNumber":3,"successfulCount":1,"failedCount":0,"duration":0.0058838749999995344,"rate":21575067.451298684,"totalPublicGas":{"daGas":0,"l2Gas":126945},"totalBlockGas":{"daGas":0,"l2Gas":126945},"totalSizeInBytes":128,"silentlySkippedCount":0,"silentlySkippedDurationMs":0}
[17:34:31.788] WARN: txe:top_level_context Could not find function artifact in contract Billboard for function '0x8f3f1c4d' when enriching error callstack
[17:34:31.804] INFO: txe:top_level_context Created block 26 with timestamp 1789593673
[billboard_test] Testing test_set_moderation_policy_fails_when_no_censor ... [0m[32mok[0m
[17:34:32.337] INFO: simulator:public-processor Processed 1 successful txs and 0 failed txs (0 silently skipped, 0ms wasted) in 0.02564129200000025s {"blockNumber":27,"successfulCount":1,"failedCount":0,"duration":0.02564129200000025,"rate":75950424.02699447,"totalPublicGas":{"daGas":2368,"l2Gas":1947467},"totalBlockGas":{"daGas":3744,"l2Gas":2674217},"totalSizeInBytes":3744,"silentlySkippedCount":0,"silentlySkippedDurationMs":0}
[17:34:32.364] INFO: txe:top_level_context Created block 28 with timestamp 1789593674
[17:34:32.888] INFO: simulator:public-processor Processed 1 successful txs and 0 failed txs (0 silently skipped, 0ms wasted) in 0.025531541000003925s {"blockNumber":29,"successfulCount":1,"failedCount":0,"duration":0.025531541000003925,"rate":76276907.84507291,"totalPublicGas":{"daGas":2368,"l2Gas":1947467},"totalBlockGas":{"daGas":3744,"l2Gas":2674217},"totalSizeInBytes":3744,"silentlySkippedCount":0,"silentlySkippedDurationMs":0}
[17:34:32.916] INFO: txe:top_level_context Created block 30 with timestamp 1789593675
[billboard_test] Testing test_set_moderation_policy_rejects_non_censor ... [0m[32mok[0m
[17:34:33.442] INFO: simulator:public-processor Processed 1 successful txs and 0 failed txs (0 silently skipped, 0ms wasted) in 0.025487958999990953s {"blockNumber":31,"successfulCount":1,"failedCount":0,"duration":0.025487958999990953,"rate":76407334.14553481,"totalPublicGas":{"daGas":2368,"l2Gas":1947467},"totalBlockGas":{"daGas":3744,"l2Gas":2674217},"totalSizeInBytes":3744,"silentlySkippedCount":0,"silentlySkippedDurationMs":0}
[17:34:33.469] INFO: txe:top_level_context Created block 32 with timestamp 1789593676
[17:34:33.529] INFO: kv-store:lmdb-v2 Starting data store with maxReaders 2
[17:34:33.530] INFO: world-state:database Creating world state data store at directory /var/folders/ym/q1vh2x5n58xbsmpmvs5_6w3r0000gn/T/aztec-world-state-6XXPNV/world_state with map sizes {"archiveTreeMapSizeKb":10485760,"nullifierTreeMapSizeKb":10485760,"noteHashTreeMapSizeKb":10485760,"messageTreeMapSizeKb":10485760,"publicDataTreeMapSizeKb":10485760} and 2 threads (ephemeral=true).
[17:34:33.539] INFO: txe_node Aztec Node version: txe
[17:34:33.539] INFO: txe_node Aztec Node started on chain 0x1
[17:34:33.566] INFO: txe:top_level_context Created block 1 with timestamp 1789490073
[17:34:33.609] INFO: txe:top_level_context Created block 2 with timestamp 1789490073
[17:34:33.674] INFO: simulator:public-processor Processed 1 successful txs and 0 failed txs (0 silently skipped, 0ms wasted) in 0.0378916659999959s {"blockNumber":3,"successfulCount":1,"failedCount":0,"duration":0.0378916659999959,"rate":85405323.6930873,"totalPublicGas":{"daGas":4000,"l2Gas":3236150},"totalBlockGas":{"daGas":4000,"l2Gas":3236150},"totalSizeInBytes":4128,"silentlySkippedCount":0,"silentlySkippedDurationMs":0}
[17:34:33.714] INFO: simulator:public-processor Processed 1 successful txs and 0 failed txs (0 silently skipped, 0ms wasted) in 0.004831417000008514s {"blockNumber":4,"successfulCount":1,"failedCount":0,"duration":0.004831417000008514,"rate":8821014.621574767,"totalPublicGas":{"daGas":0,"l2Gas":42618},"totalBlockGas":{"daGas":0,"l2Gas":42618},"totalSizeInBytes":128,"silentlySkippedCount":0,"silentlySkippedDurationMs":0}
[17:34:33.716] WARN: txe:top_level_context Could not find function artifact in contract Billboard for function '0xca42e93e' when enriching error callstack
[17:34:34.053] INFO: simulator:public-processor Processed 1 successful txs and 0 failed txs (0 silently skipped, 0ms wasted) in 0.026558542000013403s {"blockNumber":33,"successfulCount":1,"failedCount":0,"duration":0.026558542000013403,"rate":73327330.99576841,"totalPublicGas":{"daGas":2368,"l2Gas":1947467},"totalBlockGas":{"daGas":3744,"l2Gas":2674217},"totalSizeInBytes":3744,"silentlySkippedCount":0,"silentlySkippedDurationMs":0}
[17:34:34.082] INFO: txe:top_level_context Created block 34 with timestamp 1789593677
[17:34:34.616] INFO: simulator:public-processor Processed 1 successful txs and 0 failed txs (0 silently skipped, 0ms wasted) in 0.02574749999999767s {"blockNumber":35,"successfulCount":1,"failedCount":0,"duration":0.02574749999999767,"rate":75637129.81843582,"totalPublicGas":{"daGas":2368,"l2Gas":1947467},"totalBlockGas":{"daGas":3744,"l2Gas":2674217},"totalSizeInBytes":3744,"silentlySkippedCount":0,"silentlySkippedDurationMs":0}
[17:34:34.644] INFO: txe:top_level_context Created block 36 with timestamp 1789593678
[17:34:35.178] INFO: simulator:public-processor Processed 1 successful txs and 0 failed txs (0 silently skipped, 0ms wasted) in 0.025747208999993745s {"blockNumber":37,"successfulCount":1,"failedCount":0,"duration":0.025747208999993745,"rate":75637984.68410589,"totalPublicGas":{"daGas":2368,"l2Gas":1947467},"totalBlockGas":{"daGas":3744,"l2Gas":2674217},"totalSizeInBytes":3744,"silentlySkippedCount":0,"silentlySkippedDurationMs":0}
[17:34:35.206] INFO: txe:top_level_context Created block 38 with timestamp 1789593679
[17:34:35.572] INFO: kv-store:lmdb-v2 Starting data store with maxReaders 2
[17:34:35.627] INFO: world-state:database Creating world state data store at directory /var/folders/ym/q1vh2x5n58xbsmpmvs5_6w3r0000gn/T/aztec-world-state-wOZesf/world_state with map sizes {"archiveTreeMapSizeKb":10485760,"nullifierTreeMapSizeKb":10485760,"noteHashTreeMapSizeKb":10485760,"messageTreeMapSizeKb":10485760,"publicDataTreeMapSizeKb":10485760} and 2 threads (ephemeral=true).
[17:34:35.637] INFO: txe_node Aztec Node version: txe
[17:34:35.637] INFO: txe_node Aztec Node started on chain 0x1
[17:34:35.655] INFO: txe:top_level_context Created block 1 with timestamp 1789490075
[17:34:35.741] INFO: txe:top_level_context Created block 2 with timestamp 1789490075
[17:34:35.757] INFO: simulator:public-processor Processed 1 successful txs and 0 failed txs (0 silently skipped, 0ms wasted) in 0.02739229200000409s {"blockNumber":39,"successfulCount":1,"failedCount":0,"duration":0.02739229200000409,"rate":71095438.0889233,"totalPublicGas":{"daGas":2368,"l2Gas":1947467},"totalBlockGas":{"daGas":3744,"l2Gas":2674217},"totalSizeInBytes":3744,"silentlySkippedCount":0,"silentlySkippedDurationMs":0}
[17:34:35.789] INFO: txe:top_level_context Created block 40 with timestamp 1789593680
[17:34:35.826] INFO: simulator:public-processor Processed 1 successful txs and 0 failed txs (0 silently skipped, 0ms wasted) in 0.058526583999992s {"blockNumber":3,"successfulCount":1,"failedCount":0,"duration":0.058526583999992,"rate":55293676.45992191,"totalPublicGas":{"daGas":4000,"l2Gas":3236150},"totalBlockGas":{"daGas":4000,"l2Gas":3236150},"totalSizeInBytes":4128,"silentlySkippedCount":0,"silentlySkippedDurationMs":0}
[17:34:35.874] INFO: simulator:public-processor Processed 1 successful txs and 0 failed txs (0 silently skipped, 0ms wasted) in 0.006222500000003493s {"blockNumber":4,"successfulCount":1,"failedCount":0,"duration":0.006222500000003493,"rate":6885174.768979663,"totalPublicGas":{"daGas":0,"l2Gas":42843},"totalBlockGas":{"daGas":0,"l2Gas":42843},"totalSizeInBytes":128,"silentlySkippedCount":0,"silentlySkippedDurationMs":0}
[17:34:35.890] WARN: txe:top_level_context Could not find function artifact in contract Billboard for function '0xca42e93e' when enriching error callstack
[billboard_test] Testing test_set_moderation_policy_rejects_too_long ... [0m[32mok[0m
[17:34:36.588] INFO: simulator:public-processor Processed 1 successful txs and 0 failed txs (0 silently skipped, 0ms wasted) in 0.04562345900000946s {"blockNumber":41,"successfulCount":1,"failedCount":0,"duration":0.04562345900000946,"rate":42685649.94161438,"totalPublicGas":{"daGas":2368,"l2Gas":1947467},"totalBlockGas":{"daGas":3744,"l2Gas":2674217},"totalSizeInBytes":3744,"silentlySkippedCount":0,"silentlySkippedDurationMs":0}
[17:34:36.623] INFO: txe:top_level_context Created block 42 with timestamp 1789593681
[17:34:37.656] INFO: simulator:public-processor Processed 1 successful txs and 0 failed txs (0 silently skipped, 0ms wasted) in 0.03202804200000537s {"blockNumber":43,"successfulCount":1,"failedCount":0,"duration":0.03202804200000537,"rate":60805059.51627244,"totalPublicGas":{"daGas":2368,"l2Gas":1947467},"totalBlockGas":{"daGas":3744,"l2Gas":2674217},"totalSizeInBytes":3744,"silentlySkippedCount":0,"silentlySkippedDurationMs":0}
[17:34:37.693] INFO: txe:top_level_context Created block 44 with timestamp 1789593682
[billboard_test] Testing test_save_up_prevents_excessive_burst ... [0m[32mok[0m
[billboard_test] Testing test_transfer_censor_fails_when_no_censor ... [0m[32mok[0m
[17:34:38.341] INFO: kv-store:lmdb-v2 Starting data store with maxReaders 2
[17:34:38.342] INFO: world-state:database Creating world state data store at directory /var/folders/ym/q1vh2x5n58xbsmpmvs5_6w3r0000gn/T/aztec-world-state-gRBL8H/world_state with map sizes {"archiveTreeMapSizeKb":10485760,"nullifierTreeMapSizeKb":10485760,"noteHashTreeMapSizeKb":10485760,"messageTreeMapSizeKb":10485760,"publicDataTreeMapSizeKb":10485760} and 2 threads (ephemeral=true).
[17:34:38.350] INFO: txe_node Aztec Node version: txe
[17:34:38.350] INFO: txe_node Aztec Node started on chain 0x1
[17:34:38.362] INFO: txe:top_level_context Created block 1 with timestamp 1789490078
[17:34:38.392] INFO: txe:top_level_context Created block 2 with timestamp 1789490078
[17:34:38.424] INFO: simulator:public-processor Processed 1 successful txs and 0 failed txs (0 silently skipped, 0ms wasted) in 0.005715791999988141s {"blockNumber":3,"successfulCount":1,"failedCount":0,"duration":0.005715791999988141,"rate":22209520.570423726,"totalPublicGas":{"daGas":0,"l2Gas":126945},"totalBlockGas":{"daGas":0,"l2Gas":126945},"totalSizeInBytes":128,"silentlySkippedCount":0,"silentlySkippedDurationMs":0}
[17:34:38.426] WARN: txe:top_level_context Could not find function artifact in contract Billboard for function '0x8f3f1c4d' when enriching error callstack
[billboard_test] Testing test_transfer_censor_old_censor_loses_rights ... [0m[32mok[0m
[billboard_test] Testing test_transfer_censor_rejects_non_censor ... [0m[32mok[0m
[17:34:40.121] INFO: kv-store:lmdb-v2 Starting data store with maxReaders 2
[17:34:40.122] INFO: world-state:database Creating world state data store at directory /var/folders/ym/q1vh2x5n58xbsmpmvs5_6w3r0000gn/T/aztec-world-state-126f8T/world_state with map sizes {"archiveTreeMapSizeKb":10485760,"nullifierTreeMapSizeKb":10485760,"noteHashTreeMapSizeKb":10485760,"messageTreeMapSizeKb":10485760,"publicDataTreeMapSizeKb":10485760} and 2 threads (ephemeral=true).
[17:34:40.131] INFO: txe_node Aztec Node version: txe
[17:34:40.131] INFO: txe_node Aztec Node started on chain 0x1
[17:34:40.143] INFO: txe:top_level_context Created block 1 with timestamp 1789490080
[17:34:40.176] INFO: txe:top_level_context Created block 2 with timestamp 1789490080
[17:34:40.242] INFO: simulator:public-processor Processed 1 successful txs and 0 failed txs (0 silently skipped, 0ms wasted) in 0.03863070799999696s {"blockNumber":3,"successfulCount":1,"failedCount":0,"duration":0.03863070799999696,"rate":83771439.03239502,"totalPublicGas":{"daGas":4000,"l2Gas":3236150},"totalBlockGas":{"daGas":4000,"l2Gas":3236150},"totalSizeInBytes":4128,"silentlySkippedCount":0,"silentlySkippedDurationMs":0}
[17:34:40.280] INFO: simulator:public-processor Processed 1 successful txs and 0 failed txs (0 silently skipped, 0ms wasted) in 0.0049110420000070005s {"blockNumber":4,"successfulCount":1,"failedCount":0,"duration":0.0049110420000070005,"rate":8441996.627180321,"totalPublicGas":{"daGas":64,"l2Gas":41459},"totalBlockGas":{"daGas":64,"l2Gas":41459},"totalSizeInBytes":192,"silentlySkippedCount":0,"silentlySkippedDurationMs":0}
[17:34:40.306] INFO: kv-store:lmdb-v2 Starting data store with maxReaders 2
[17:34:40.307] INFO: world-state:database Creating world state data store at directory /var/folders/ym/q1vh2x5n58xbsmpmvs5_6w3r0000gn/T/aztec-world-state-ZEBorw/world_state with map sizes {"archiveTreeMapSizeKb":10485760,"nullifierTreeMapSizeKb":10485760,"noteHashTreeMapSizeKb":10485760,"messageTreeMapSizeKb":10485760,"publicDataTreeMapSizeKb":10485760} and 2 threads (ephemeral=true).
[17:34:40.315] INFO: txe_node Aztec Node version: txe
[17:34:40.315] INFO: txe_node Aztec Node started on chain 0x1
[17:34:40.319] INFO: simulator:public-processor Processed 1 successful txs and 0 failed txs (0 silently skipped, 0ms wasted) in 0.013378749999988941s {"blockNumber":5,"successfulCount":1,"failedCount":0,"duration":0.013378749999988941,"rate":606334.672522224,"totalPublicGas":{"daGas":0,"l2Gas":8112},"totalBlockGas":{"daGas":0,"l2Gas":8112},"totalSizeInBytes":128,"silentlySkippedCount":0,"silentlySkippedDurationMs":0}
[17:34:40.322] WARN: txe:top_level_context Could not find function artifact in contract Billboard for function '0xb6932320' when enriching error callstack
[17:34:40.329] INFO: txe:top_level_context Created block 1 with timestamp 1789490080
[17:34:40.362] INFO: txe:top_level_context Created block 2 with timestamp 1789490080
[17:34:40.427] INFO: simulator:public-processor Processed 1 successful txs and 0 failed txs (0 silently skipped, 0ms wasted) in 0.038256999999997786s {"blockNumber":3,"successfulCount":1,"failedCount":0,"duration":0.038256999999997786,"rate":84589748.28136517,"totalPublicGas":{"daGas":4000,"l2Gas":3236150},"totalBlockGas":{"daGas":4000,"l2Gas":3236150},"totalSizeInBytes":4128,"silentlySkippedCount":0,"silentlySkippedDurationMs":0}
[17:34:40.465] INFO: simulator:public-processor Processed 1 successful txs and 0 failed txs (0 silently skipped, 0ms wasted) in 0.004674915999989026s {"blockNumber":4,"successfulCount":1,"failedCount":0,"duration":0.004674915999989026,"rate":1735218.3440342122,"totalPublicGas":{"daGas":0,"l2Gas":8112},"totalBlockGas":{"daGas":0,"l2Gas":8112},"totalSizeInBytes":128,"silentlySkippedCount":0,"silentlySkippedDurationMs":0}
[17:34:40.467] WARN: txe:top_level_context Could not find function artifact in contract Billboard for function '0xb6932320' when enriching error callstack
[billboard_test] Testing test_transfer_censor_rejects_zero_address ... [0m[32mok[0m
[billboard_test] Testing test_transfer_censor_success ... [0m[32mok[0m
[17:34:42.204] INFO: kv-store:lmdb-v2 Starting data store with maxReaders 2
[17:34:42.204] INFO: world-state:database Creating world state data store at directory /var/folders/ym/q1vh2x5n58xbsmpmvs5_6w3r0000gn/T/aztec-world-state-TylGW9/world_state with map sizes {"archiveTreeMapSizeKb":10485760,"nullifierTreeMapSizeKb":10485760,"noteHashTreeMapSizeKb":10485760,"messageTreeMapSizeKb":10485760,"publicDataTreeMapSizeKb":10485760} and 2 threads (ephemeral=true).
[17:34:42.213] INFO: txe_node Aztec Node version: txe
[17:34:42.213] INFO: txe_node Aztec Node started on chain 0x1
[17:34:42.225] INFO: txe:top_level_context Created block 1 with timestamp 1789490082
[17:34:42.257] INFO: txe:top_level_context Created block 2 with timestamp 1789490082
[17:34:42.321] INFO: simulator:public-processor Processed 1 successful txs and 0 failed txs (0 silently skipped, 0ms wasted) in 0.037277625000002444s {"blockNumber":3,"successfulCount":1,"failedCount":0,"duration":0.037277625000002444,"rate":86812129.25983852,"totalPublicGas":{"daGas":4000,"l2Gas":3236150},"totalBlockGas":{"daGas":4000,"l2Gas":3236150},"totalSizeInBytes":4128,"silentlySkippedCount":0,"silentlySkippedDurationMs":0}
[17:34:42.347] INFO: kv-store:lmdb-v2 Starting data store with maxReaders 2
[17:34:42.347] INFO: world-state:database Creating world state data store at directory /var/folders/ym/q1vh2x5n58xbsmpmvs5_6w3r0000gn/T/aztec-world-state-Ds0iO5/world_state with map sizes {"archiveTreeMapSizeKb":10485760,"nullifierTreeMapSizeKb":10485760,"noteHashTreeMapSizeKb":10485760,"messageTreeMapSizeKb":10485760,"publicDataTreeMapSizeKb":10485760} and 2 threads (ephemeral=true).
[17:34:42.356] INFO: txe_node Aztec Node version: txe
[17:34:42.356] INFO: txe_node Aztec Node started on chain 0x1
[17:34:42.359] INFO: simulator:public-processor Processed 1 successful txs and 0 failed txs (0 silently skipped, 0ms wasted) in 0.013109499999991385s {"blockNumber":4,"successfulCount":1,"failedCount":0,"duration":0.013109499999991385,"rate":623135.8938178701,"totalPublicGas":{"daGas":0,"l2Gas":8169},"totalBlockGas":{"daGas":0,"l2Gas":8169},"totalSizeInBytes":128,"silentlySkippedCount":0,"silentlySkippedDurationMs":0}
[17:34:42.362] WARN: txe:top_level_context Could not find function artifact in contract Billboard for function '0xb6932320' when enriching error callstack
[17:34:42.369] INFO: txe:top_level_context Created block 1 with timestamp 1789490082
[17:34:42.401] INFO: txe:top_level_context Created block 2 with timestamp 1789490082
[17:34:42.464] INFO: simulator:public-processor Processed 1 successful txs and 0 failed txs (0 silently skipped, 0ms wasted) in 0.03712674999999581s {"blockNumber":3,"successfulCount":1,"failedCount":0,"duration":0.03712674999999581,"rate":87164914.78517148,"totalPublicGas":{"daGas":4000,"l2Gas":3236150},"totalBlockGas":{"daGas":4000,"l2Gas":3236150},"totalSizeInBytes":4128,"silentlySkippedCount":0,"silentlySkippedDurationMs":0}
[17:34:42.498] INFO: simulator:public-processor Processed 1 successful txs and 0 failed txs (0 silently skipped, 0ms wasted) in 0.004732999999992898s {"blockNumber":4,"successfulCount":1,"failedCount":0,"duration":0.004732999999992898,"rate":8759560.532445004,"totalPublicGas":{"daGas":64,"l2Gas":41459},"totalBlockGas":{"daGas":64,"l2Gas":41459},"totalSizeInBytes":192,"silentlySkippedCount":0,"silentlySkippedDurationMs":0}
[17:34:42.527] INFO: simulator:public-processor Processed 1 successful txs and 0 failed txs (0 silently skipped, 0ms wasted) in 0.004239749999993364s {"blockNumber":5,"successfulCount":1,"failedCount":0,"duration":0.004239749999993364,"rate":2236688.483994302,"totalPublicGas":{"daGas":0,"l2Gas":9483},"totalBlockGas":{"daGas":0,"l2Gas":9483},"totalSizeInBytes":128,"silentlySkippedCount":0,"silentlySkippedDurationMs":0}
[billboard_test] Testing test_withdraw_msg_hash_deterministic ... [0m[32mok[0m
[billboard_test] Testing test_withdraw_msg_hash_differs_from_deposit_hash ... [0m[32mok[0m
[17:34:46.090] INFO: kv-store:lmdb-v2 Starting data store with maxReaders 2
[17:34:46.090] INFO: world-state:database Creating world state data store at directory /var/folders/ym/q1vh2x5n58xbsmpmvs5_6w3r0000gn/T/aztec-world-state-g6Sf26/world_state with map sizes {"archiveTreeMapSizeKb":10485760,"nullifierTreeMapSizeKb":10485760,"noteHashTreeMapSizeKb":10485760,"messageTreeMapSizeKb":10485760,"publicDataTreeMapSizeKb":10485760} and 2 threads (ephemeral=true).
[17:34:46.099] INFO: txe_node Aztec Node version: txe
[17:34:46.099] INFO: txe_node Aztec Node started on chain 0x1
[17:34:46.111] INFO: txe:top_level_context Created block 1 with timestamp 1789490086
[17:34:46.147] INFO: txe:top_level_context Created block 2 with timestamp 1789490086
[17:34:46.211] INFO: simulator:public-processor Processed 1 successful txs and 0 failed txs (0 silently skipped, 0ms wasted) in 0.037400957999998354s {"blockNumber":3,"successfulCount":1,"failedCount":0,"duration":0.037400957999998354,"rate":86525858.5087618,"totalPublicGas":{"daGas":4000,"l2Gas":3236150},"totalBlockGas":{"daGas":4000,"l2Gas":3236150},"totalSizeInBytes":4128,"silentlySkippedCount":0,"silentlySkippedDurationMs":0}
[17:34:46.306] INFO: kv-store:lmdb-v2 Starting data store with maxReaders 2
[17:34:46.306] INFO: world-state:database Creating world state data store at directory /var/folders/ym/q1vh2x5n58xbsmpmvs5_6w3r0000gn/T/aztec-world-state-cddkKp/world_state with map sizes {"archiveTreeMapSizeKb":10485760,"nullifierTreeMapSizeKb":10485760,"noteHashTreeMapSizeKb":10485760,"messageTreeMapSizeKb":10485760,"publicDataTreeMapSizeKb":10485760} and 2 threads (ephemeral=true).
[17:34:46.316] INFO: txe_node Aztec Node version: txe
[17:34:46.316] INFO: txe_node Aztec Node started on chain 0x1
[17:34:46.327] INFO: txe:top_level_context Created block 1 with timestamp 1789490086
[17:34:46.329] INFO: simulator:public-processor Processed 1 successful txs and 0 failed txs (0 silently skipped, 0ms wasted) in 0.01388208300000406s {"blockNumber":4,"successfulCount":1,"failedCount":0,"duration":0.01388208300000406,"rate":82162021.36233205,"totalPublicGas":{"daGas":192,"l2Gas":1140580},"totalBlockGas":{"daGas":320,"l2Gas":1731380},"totalSizeInBytes":320,"silentlySkippedCount":0,"silentlySkippedDurationMs":0}
[17:34:46.361] INFO: txe:top_level_context Created block 5 with timestamp 1789490086
[17:34:46.365] INFO: txe:top_level_context Created block 2 with timestamp 1789490086
[17:34:46.445] INFO: simulator:public-processor Processed 1 successful txs and 0 failed txs (0 silently skipped, 0ms wasted) in 0.03934762500000943s {"blockNumber":3,"successfulCount":1,"failedCount":0,"duration":0.03934762500000943,"rate":82245116.44601738,"totalPublicGas":{"daGas":4000,"l2Gas":3236150},"totalBlockGas":{"daGas":4000,"l2Gas":3236150},"totalSizeInBytes":4128,"silentlySkippedCount":0,"silentlySkippedDurationMs":0}
[17:34:46.550] INFO: simulator:public-processor Processed 1 successful txs and 0 failed txs (0 silently skipped, 0ms wasted) in 0.003924874999996973s {"blockNumber":6,"successfulCount":1,"failedCount":0,"duration":0.003924874999996973,"rate":0,"totalPublicGas":{"daGas":0,"l2Gas":0},"totalBlockGas":{"daGas":1984,"l2Gas":529900},"totalSizeInBytes":1984,"silentlySkippedCount":0,"silentlySkippedDurationMs":0}
[17:34:46.602] INFO: txe:top_level_context Created block 7 with timestamp 1789490186
[17:34:46.646] INFO: simulator:public-processor Processed 1 successful txs and 0 failed txs (0 silently skipped, 0ms wasted) in 0.018037083000002896s {"blockNumber":4,"successfulCount":1,"failedCount":0,"duration":0.018037083000002896,"rate":63235280.338833995,"totalPublicGas":{"daGas":192,"l2Gas":1140580},"totalBlockGas":{"daGas":320,"l2Gas":1731380},"totalSizeInBytes":320,"silentlySkippedCount":0,"silentlySkippedDurationMs":0}
[17:34:46.675] INFO: txe:top_level_context Created block 5 with timestamp 1789490086
[billboard_test] Testing test_withdraw_no_posts_too_early ... [0m[32mok[0m
[17:34:46.863] INFO: simulator:public-processor Processed 1 successful txs and 0 failed txs (0 silently skipped, 0ms wasted) in 0.0038107080000045245s {"blockNumber":6,"successfulCount":1,"failedCount":0,"duration":0.0038107080000045245,"rate":0,"totalPublicGas":{"daGas":0,"l2Gas":0},"totalBlockGas":{"daGas":1984,"l2Gas":529900},"totalSizeInBytes":1984,"silentlySkippedCount":0,"silentlySkippedDurationMs":0}
[17:34:46.891] INFO: txe:top_level_context Created block 7 with timestamp 1789493687
[17:34:47.443] INFO: simulator:public-processor Processed 1 successful txs and 0 failed txs (0 silently skipped, 0ms wasted) in 0.026121125000005123s {"blockNumber":8,"successfulCount":1,"failedCount":0,"duration":0.026121125000005123,"rate":74555249.82172927,"totalPublicGas":{"daGas":2368,"l2Gas":1947467},"totalBlockGas":{"daGas":3744,"l2Gas":2674217},"totalSizeInBytes":3744,"silentlySkippedCount":0,"silentlySkippedDurationMs":0}
[17:34:47.471] INFO: txe:top_level_context Created block 9 with timestamp 1789497288
[17:34:48.005] INFO: simulator:public-processor Processed 1 successful txs and 0 failed txs (0 silently skipped, 0ms wasted) in 0.005812791999996989s {"blockNumber":10,"successfulCount":1,"failedCount":0,"duration":0.005812791999996989,"rate":0,"totalPublicGas":{"daGas":0,"l2Gas":0},"totalBlockGas":{"daGas":1440,"l2Gas":527400},"totalSizeInBytes":1440,"silentlySkippedCount":0,"silentlySkippedDurationMs":0}
[17:34:48.298] INFO: txe:top_level_context Created block 11 with timestamp 1789500886
[17:34:48.417] INFO: simulator:public-processor Processed 1 successful txs and 0 failed txs (0 silently skipped, 0ms wasted) in 0.003420332999987295s {"blockNumber":12,"successfulCount":1,"failedCount":0,"duration":0.003420332999987295,"rate":0,"totalPublicGas":{"daGas":0,"l2Gas":0},"totalBlockGas":{"daGas":256,"l2Gas":477200},"totalSizeInBytes":256,"silentlySkippedCount":0,"silentlySkippedDurationMs":0}
[17:34:48.607] INFO: kv-store:lmdb-v2 Starting data store with maxReaders 2
[17:34:48.608] INFO: world-state:database Creating world state data store at directory /var/folders/ym/q1vh2x5n58xbsmpmvs5_6w3r0000gn/T/aztec-world-state-nFJH0K/world_state with map sizes {"archiveTreeMapSizeKb":10485760,"nullifierTreeMapSizeKb":10485760,"noteHashTreeMapSizeKb":10485760,"messageTreeMapSizeKb":10485760,"publicDataTreeMapSizeKb":10485760} and 2 threads (ephemeral=true).
[17:34:48.617] INFO: txe_node Aztec Node version: txe
[17:34:48.617] INFO: txe_node Aztec Node started on chain 0x1
[17:34:48.629] INFO: txe:top_level_context Created block 1 with timestamp 1789490088
[17:34:48.666] INFO: txe:top_level_context Created block 2 with timestamp 1789490088
[billboard_test] Testing test_withdraw_succeeds_after_dummy_post ... [0m[32mok[0m
[17:34:48.740] INFO: simulator:public-processor Processed 1 successful txs and 0 failed txs (0 silently skipped, 0ms wasted) in 0.03888833300000988s {"blockNumber":3,"successfulCount":1,"failedCount":0,"duration":0.03888833300000988,"rate":83216475.23433772,"totalPublicGas":{"daGas":4000,"l2Gas":3236150},"totalBlockGas":{"daGas":4000,"l2Gas":3236150},"totalSizeInBytes":4128,"silentlySkippedCount":0,"silentlySkippedDurationMs":0}
[17:34:48.846] INFO: simulator:public-processor Processed 1 successful txs and 0 failed txs (0 silently skipped, 0ms wasted) in 0.013526124999989406s {"blockNumber":4,"successfulCount":1,"failedCount":0,"duration":0.013526124999989406,"rate":84324224.41762835,"totalPublicGas":{"daGas":192,"l2Gas":1140580},"totalBlockGas":{"daGas":320,"l2Gas":1731380},"totalSizeInBytes":320,"silentlySkippedCount":0,"silentlySkippedDurationMs":0}
[17:34:48.874] INFO: txe:top_level_context Created block 5 with timestamp 1789490088
[17:34:49.019] INFO: simulator:public-processor Processed 1 successful txs and 0 failed txs (0 silently skipped, 0ms wasted) in 0.003970957999990787s {"blockNumber":6,"successfulCount":1,"failedCount":0,"duration":0.003970957999990787,"rate":0,"totalPublicGas":{"daGas":0,"l2Gas":0},"totalBlockGas":{"daGas":1984,"l2Gas":529900},"totalSizeInBytes":1984,"silentlySkippedCount":0,"silentlySkippedDurationMs":0}
[17:34:49.047] INFO: txe:top_level_context Created block 7 with timestamp 1789493689
[17:34:49.593] INFO: simulator:public-processor Processed 1 successful txs and 0 failed txs (0 silently skipped, 0ms wasted) in 0.02670754200000374s {"blockNumber":8,"successfulCount":1,"failedCount":0,"duration":0.02670754200000374,"rate":72918241.59631489,"totalPublicGas":{"daGas":2368,"l2Gas":1947467},"totalBlockGas":{"daGas":3744,"l2Gas":2674217},"totalSizeInBytes":3744,"silentlySkippedCount":0,"silentlySkippedDurationMs":0}
[billboard_test] Testing test_withdraw_unscreened_real_posts ... [0m[32mok[0m
[17:34:50.499] INFO: kv-store:lmdb-v2 Starting data store with maxReaders 2
[17:34:50.499] INFO: world-state:database Creating world state data store at directory /var/folders/ym/q1vh2x5n58xbsmpmvs5_6w3r0000gn/T/aztec-world-state-eerkLq/world_state with map sizes {"archiveTreeMapSizeKb":10485760,"nullifierTreeMapSizeKb":10485760,"noteHashTreeMapSizeKb":10485760,"messageTreeMapSizeKb":10485760,"publicDataTreeMapSizeKb":10485760} and 2 threads (ephemeral=true).
[17:34:50.508] INFO: txe_node Aztec Node version: txe
[17:34:50.508] INFO: txe_node Aztec Node started on chain 0x1
[17:34:50.520] INFO: txe:top_level_context Created block 1 with timestamp 1789490090
[17:34:50.553] INFO: txe:top_level_context Created block 2 with timestamp 1789490090
[17:34:50.616] INFO: simulator:public-processor Processed 1 successful txs and 0 failed txs (0 silently skipped, 0ms wasted) in 0.037283792000001995s {"blockNumber":3,"successfulCount":1,"failedCount":0,"duration":0.037283792000001995,"rate":86797769.92640199,"totalPublicGas":{"daGas":4000,"l2Gas":3236150},"totalBlockGas":{"daGas":4000,"l2Gas":3236150},"totalSizeInBytes":4128,"silentlySkippedCount":0,"silentlySkippedDurationMs":0}
[17:34:50.646] INFO: simulator:public-processor Processed 1 successful txs and 0 failed txs (0 silently skipped, 0ms wasted) in 0.004173583000010694s {"blockNumber":4,"successfulCount":1,"failedCount":0,"duration":0.004173583000010694,"rate":2550326.6617610636,"totalPublicGas":{"daGas":0,"l2Gas":10644},"totalBlockGas":{"daGas":0,"l2Gas":10644},"totalSizeInBytes":128,"silentlySkippedCount":0,"silentlySkippedDurationMs":0}
[17:34:50.660] INFO: simulator:public-processor Processed 1 successful txs and 0 failed txs (0 silently skipped, 0ms wasted) in 0.004096124999996391s {"blockNumber":4,"successfulCount":1,"failedCount":0,"duration":0.004096124999996391,"rate":941133.3882641268,"totalPublicGas":{"daGas":0,"l2Gas":3855},"totalBlockGas":{"daGas":0,"l2Gas":3855},"totalSizeInBytes":128,"silentlySkippedCount":0,"silentlySkippedDurationMs":0}
[17:34:50.662] WARN: txe:top_level_context Could not find function artifact in contract Billboard for function '0x5b6267a4' when enriching error callstack
[billboard_test] Testing c01::c01_binding_rejects_direct_nonself_public_call ... [0m[32mok[0m
[17:34:51.534] INFO: kv-store:lmdb-v2 Starting data store with maxReaders 2
[17:34:51.535] INFO: world-state:database Creating world state data store at directory /var/folders/ym/q1vh2x5n58xbsmpmvs5_6w3r0000gn/T/aztec-world-state-xoicsn/world_state with map sizes {"archiveTreeMapSizeKb":10485760,"nullifierTreeMapSizeKb":10485760,"noteHashTreeMapSizeKb":10485760,"messageTreeMapSizeKb":10485760,"publicDataTreeMapSizeKb":10485760} and 2 threads (ephemeral=true).
[17:34:51.544] INFO: txe_node Aztec Node version: txe
[17:34:51.544] INFO: txe_node Aztec Node started on chain 0x1
[17:34:51.566] INFO: txe:top_level_context Created block 1 with timestamp 1789490091
[17:34:51.602] INFO: txe:top_level_context Created block 2 with timestamp 1789490091
[17:34:51.668] INFO: simulator:public-processor Processed 1 successful txs and 0 failed txs (0 silently skipped, 0ms wasted) in 0.03792708299998776s {"blockNumber":3,"successfulCount":1,"failedCount":0,"duration":0.03792708299998776,"rate":85325570.648316,"totalPublicGas":{"daGas":4000,"l2Gas":3236150},"totalBlockGas":{"daGas":4000,"l2Gas":3236150},"totalSizeInBytes":4128,"silentlySkippedCount":0,"silentlySkippedDurationMs":0}
[17:34:51.772] INFO: simulator:public-processor Processed 1 successful txs and 0 failed txs (0 silently skipped, 0ms wasted) in 0.014104417000009561s {"blockNumber":4,"successfulCount":1,"failedCount":0,"duration":0.014104417000009561,"rate":80866866.03205413,"totalPublicGas":{"daGas":192,"l2Gas":1140580},"totalBlockGas":{"daGas":320,"l2Gas":1731380},"totalSizeInBytes":320,"silentlySkippedCount":0,"silentlySkippedDurationMs":0}
[17:34:51.802] INFO: simulator:public-processor Processed 1 successful txs and 0 failed txs (0 silently skipped, 0ms wasted) in 0.004410375000006752s {"blockNumber":5,"successfulCount":1,"failedCount":0,"duration":0.004410375000006752,"rate":2413400.221065942,"totalPublicGas":{"daGas":0,"l2Gas":10644},"totalBlockGas":{"daGas":0,"l2Gas":10644},"totalSizeInBytes":128,"silentlySkippedCount":0,"silentlySkippedDurationMs":0}
[17:34:51.817] INFO: simulator:public-processor Processed 1 successful txs and 0 failed txs (0 silently skipped, 0ms wasted) in 0.004541958999994677s {"blockNumber":5,"successfulCount":1,"failedCount":0,"duration":0.004541958999994677,"rate":2610987.901919392,"totalPublicGas":{"daGas":0,"l2Gas":11859},"totalBlockGas":{"daGas":0,"l2Gas":11859},"totalSizeInBytes":128,"silentlySkippedCount":0,"silentlySkippedDurationMs":0}
[billboard_test] Testing c01::c01_binding_rejects_second_binding ... [0m[32mok[0m
[17:34:51.895] INFO: simulator:public-processor Processed 1 successful txs and 0 failed txs (0 silently skipped, 0ms wasted) in 0.004704208000010112s {"blockNumber":5,"successfulCount":1,"failedCount":0,"duration":0.004704208000010112,"rate":1250582.457235597,"totalPublicGas":{"daGas":0,"l2Gas":5883},"totalBlockGas":{"daGas":128,"l2Gas":596683},"totalSizeInBytes":128,"silentlySkippedCount":0,"silentlySkippedDurationMs":0}
[17:34:51.897] WARN: txe:top_level_context Could not find function artifact in contract Billboard for function '0x5b6267a4' when enriching error callstack
[billboard_test] Testing c01::c01_binding_rejects_unauthorized_private_caller ... [0m[32mok[0m
[17:34:52.495] INFO: kv-store:lmdb-v2 Starting data store with maxReaders 2
[17:34:52.496] INFO: world-state:database Creating world state data store at directory /var/folders/ym/q1vh2x5n58xbsmpmvs5_6w3r0000gn/T/aztec-world-state-uGw2f3/world_state with map sizes {"archiveTreeMapSizeKb":10485760,"nullifierTreeMapSizeKb":10485760,"noteHashTreeMapSizeKb":10485760,"messageTreeMapSizeKb":10485760,"publicDataTreeMapSizeKb":10485760} and 2 threads (ephemeral=true).
[17:34:52.506] INFO: txe_node Aztec Node version: txe
[17:34:52.506] INFO: txe_node Aztec Node started on chain 0x1
[17:34:52.517] INFO: txe:top_level_context Created block 1 with timestamp 1789490092
[17:34:52.550] INFO: txe:top_level_context Created block 2 with timestamp 1789490092
[17:34:52.616] INFO: simulator:public-processor Processed 1 successful txs and 0 failed txs (0 silently skipped, 0ms wasted) in 0.03857437500001106s {"blockNumber":3,"successfulCount":1,"failedCount":0,"duration":0.03857437500001106,"rate":83893776.63277945,"totalPublicGas":{"daGas":4000,"l2Gas":3236150},"totalBlockGas":{"daGas":4000,"l2Gas":3236150},"totalSizeInBytes":4128,"silentlySkippedCount":0,"silentlySkippedDurationMs":0}
[17:34:52.650] INFO: simulator:public-processor Processed 1 successful txs and 0 failed txs (0 silently skipped, 0ms wasted) in 0.004137000000002445s {"blockNumber":4,"successfulCount":1,"failedCount":0,"duration":0.004137000000002445,"rate":2572878.8977504736,"totalPublicGas":{"daGas":0,"l2Gas":10644},"totalBlockGas":{"daGas":0,"l2Gas":10644},"totalSizeInBytes":128,"silentlySkippedCount":0,"silentlySkippedDurationMs":0}
[billboard_test] Testing c01::c01_binding_rejects_zero_portal ... [0m[32mok[0m
[17:34:53.732] INFO: kv-store:lmdb-v2 Starting data store with maxReaders 2
[17:34:53.732] INFO: world-state:database Creating world state data store at directory /var/folders/ym/q1vh2x5n58xbsmpmvs5_6w3r0000gn/T/aztec-world-state-GXBzDg/world_state with map sizes {"archiveTreeMapSizeKb":10485760,"nullifierTreeMapSizeKb":10485760,"noteHashTreeMapSizeKb":10485760,"messageTreeMapSizeKb":10485760,"publicDataTreeMapSizeKb":10485760} and 2 threads (ephemeral=true).
[17:34:53.741] INFO: txe_node Aztec Node version: txe
[17:34:53.742] INFO: txe_node Aztec Node started on chain 0x1
[17:34:53.753] INFO: txe:top_level_context Created block 1 with timestamp 1789490093
[17:34:53.785] INFO: txe:top_level_context Created block 2 with timestamp 1789490093
[17:34:53.851] INFO: simulator:public-processor Processed 1 successful txs and 0 failed txs (0 silently skipped, 0ms wasted) in 0.03882050000000163s {"blockNumber":3,"successfulCount":1,"failedCount":0,"duration":0.03882050000000163,"rate":83361883.54090916,"totalPublicGas":{"daGas":4000,"l2Gas":3236150},"totalBlockGas":{"daGas":4000,"l2Gas":3236150},"totalSizeInBytes":4128,"silentlySkippedCount":0,"silentlySkippedDurationMs":0}
[17:34:53.883] INFO: simulator:public-processor Processed 1 successful txs and 0 failed txs (0 silently skipped, 0ms wasted) in 0.004617374999987078s {"blockNumber":4,"successfulCount":1,"failedCount":0,"duration":0.004617374999987078,"rate":2305205.879970717,"totalPublicGas":{"daGas":0,"l2Gas":10644},"totalBlockGas":{"daGas":0,"l2Gas":10644},"totalSizeInBytes":128,"silentlySkippedCount":0,"silentlySkippedDurationMs":0}
[17:34:54.554] INFO: kv-store:lmdb-v2 Starting data store with maxReaders 2
[17:34:54.554] INFO: world-state:database Creating world state data store at directory /var/folders/ym/q1vh2x5n58xbsmpmvs5_6w3r0000gn/T/aztec-world-state-w05NXu/world_state with map sizes {"archiveTreeMapSizeKb":10485760,"nullifierTreeMapSizeKb":10485760,"noteHashTreeMapSizeKb":10485760,"messageTreeMapSizeKb":10485760,"publicDataTreeMapSizeKb":10485760} and 2 threads (ephemeral=true).
[17:34:54.563] INFO: txe_node Aztec Node version: txe
[17:34:54.563] INFO: txe_node Aztec Node started on chain 0x1
[17:34:54.575] INFO: txe:top_level_context Created block 1 with timestamp 1789490094
[17:34:54.611] INFO: txe:top_level_context Created block 2 with timestamp 1789490094
[17:34:54.680] INFO: simulator:public-processor Processed 1 successful txs and 0 failed txs (0 silently skipped, 0ms wasted) in 0.037261750000005124s {"blockNumber":3,"successfulCount":1,"failedCount":0,"duration":0.037261750000005124,"rate":86849114.7087712,"totalPublicGas":{"daGas":4000,"l2Gas":3236150},"totalBlockGas":{"daGas":4000,"l2Gas":3236150},"totalSizeInBytes":4128,"silentlySkippedCount":0,"silentlySkippedDurationMs":0}
[17:34:54.788] INFO: simulator:public-processor Processed 1 successful txs and 0 failed txs (0 silently skipped, 0ms wasted) in 0.013532999999995809s {"blockNumber":4,"successfulCount":1,"failedCount":0,"duration":0.013532999999995809,"rate":84281386.24106652,"totalPublicGas":{"daGas":192,"l2Gas":1140580},"totalBlockGas":{"daGas":320,"l2Gas":1731380},"totalSizeInBytes":320,"silentlySkippedCount":0,"silentlySkippedDurationMs":0}
[17:34:54.816] INFO: txe:top_level_context Created block 5 with timestamp 1789490094
[17:34:54.971] INFO: simulator:public-processor Processed 1 successful txs and 0 failed txs (0 silently skipped, 0ms wasted) in 0.005819791000001714s {"blockNumber":6,"successfulCount":1,"failedCount":0,"duration":0.005819791000001714,"rate":0,"totalPublicGas":{"daGas":0,"l2Gas":0},"totalBlockGas":{"daGas":1984,"l2Gas":529900},"totalSizeInBytes":1984,"silentlySkippedCount":0,"silentlySkippedDurationMs":0}
[billboard_test] Testing c01::c01_claim_delivers_exact_v1_receipt_and_initial_eligibility ... [0m[32mok[0m
[17:34:55.760] INFO: kv-store:lmdb-v2 Starting data store with maxReaders 2
[17:34:55.761] INFO: world-state:database Creating world state data store at directory /var/folders/ym/q1vh2x5n58xbsmpmvs5_6w3r0000gn/T/aztec-world-state-61yWE0/world_state with map sizes {"archiveTreeMapSizeKb":10485760,"nullifierTreeMapSizeKb":10485760,"noteHashTreeMapSizeKb":10485760,"messageTreeMapSizeKb":10485760,"publicDataTreeMapSizeKb":10485760} and 2 threads (ephemeral=true).
[17:34:55.770] INFO: txe_node Aztec Node version: txe
[17:34:55.770] INFO: txe_node Aztec Node started on chain 0x1
[17:34:55.781] INFO: txe:top_level_context Created block 1 with timestamp 1789490095
[17:34:55.813] INFO: txe:top_level_context Created block 2 with timestamp 1789490095
[17:34:55.877] INFO: simulator:public-processor Processed 1 successful txs and 0 failed txs (0 silently skipped, 0ms wasted) in 0.03721333300000697s {"blockNumber":3,"successfulCount":1,"failedCount":0,"duration":0.03721333300000697,"rate":86962111.13364649,"totalPublicGas":{"daGas":4000,"l2Gas":3236150},"totalBlockGas":{"daGas":4000,"l2Gas":3236150},"totalSizeInBytes":4128,"silentlySkippedCount":0,"silentlySkippedDurationMs":0}
[17:34:55.989] INFO: simulator:public-processor Processed 1 successful txs and 0 failed txs (0 silently skipped, 0ms wasted) in 0.013548165999993216s {"blockNumber":4,"successfulCount":1,"failedCount":0,"duration":0.013548165999993216,"rate":84187040.51903196,"totalPublicGas":{"daGas":192,"l2Gas":1140580},"totalBlockGas":{"daGas":320,"l2Gas":1731380},"totalSizeInBytes":320,"silentlySkippedCount":0,"silentlySkippedDurationMs":0}
[billboard_test] Testing c01::c01_claim_rejects_amount_above_configuration ... [0m[32mok[0m
[17:34:57.098] INFO: kv-store:lmdb-v2 Starting data store with maxReaders 2
[17:34:57.099] INFO: world-state:database Creating world state data store at directory /var/folders/ym/q1vh2x5n58xbsmpmvs5_6w3r0000gn/T/aztec-world-state-kpx5UZ/world_state with map sizes {"archiveTreeMapSizeKb":10485760,"nullifierTreeMapSizeKb":10485760,"noteHashTreeMapSizeKb":10485760,"messageTreeMapSizeKb":10485760,"publicDataTreeMapSizeKb":10485760} and 2 threads (ephemeral=true).
[17:34:57.108] INFO: txe_node Aztec Node version: txe
[17:34:57.108] INFO: txe_node Aztec Node started on chain 0x1
[17:34:57.119] INFO: txe:top_level_context Created block 1 with timestamp 1789490097
[17:34:57.152] INFO: txe:top_level_context Created block 2 with timestamp 1789490097
[17:34:57.215] INFO: simulator:public-processor Processed 1 successful txs and 0 failed txs (0 silently skipped, 0ms wasted) in 0.03699262499999895s {"blockNumber":3,"successfulCount":1,"failedCount":0,"duration":0.03699262499999895,"rate":87480950.59488456,"totalPublicGas":{"daGas":4000,"l2Gas":3236150},"totalBlockGas":{"daGas":4000,"l2Gas":3236150},"totalSizeInBytes":4128,"silentlySkippedCount":0,"silentlySkippedDurationMs":0}
[17:34:57.331] INFO: simulator:public-processor Processed 1 successful txs and 0 failed txs (0 silently skipped, 0ms wasted) in 0.015067332999999053s {"blockNumber":4,"successfulCount":1,"failedCount":0,"duration":0.015067332999999053,"rate":75698864.55685765,"totalPublicGas":{"daGas":192,"l2Gas":1140580},"totalBlockGas":{"daGas":320,"l2Gas":1731380},"totalSizeInBytes":320,"silentlySkippedCount":0,"silentlySkippedDurationMs":0}
[17:34:57.358] INFO: txe:top_level_context Created block 5 with timestamp 1789490097
[billboard_test] Testing c01::c01_claim_rejects_changed_in_range_amount ... [0m[32mok[0m
[billboard_test] Testing c01::c01_claim_rejects_changed_nonzero_depositor ... [0m[32mok[0m
[17:34:57.919] INFO: kv-store:lmdb-v2 Starting data store with maxReaders 2
[17:34:57.920] INFO: world-state:database Creating world state data store at directory /var/folders/ym/q1vh2x5n58xbsmpmvs5_6w3r0000gn/T/aztec-world-state-jEMGBf/world_state with map sizes {"archiveTreeMapSizeKb":10485760,"nullifierTreeMapSizeKb":10485760,"noteHashTreeMapSizeKb":10485760,"messageTreeMapSizeKb":10485760,"publicDataTreeMapSizeKb":10485760} and 2 threads (ephemeral=true).
[17:34:57.929] INFO: txe_node Aztec Node version: txe
[17:34:57.929] INFO: txe_node Aztec Node started on chain 0x1
[17:34:57.941] INFO: txe:top_level_context Created block 1 with timestamp 1789490097
[17:34:57.972] INFO: txe:top_level_context Created block 2 with timestamp 1789490097
[17:34:58.036] INFO: simulator:public-processor Processed 1 successful txs and 0 failed txs (0 silently skipped, 0ms wasted) in 0.037435167000003274s {"blockNumber":3,"successfulCount":1,"failedCount":0,"duration":0.037435167000003274,"rate":86446789.45868511,"totalPublicGas":{"daGas":4000,"l2Gas":3236150},"totalBlockGas":{"daGas":4000,"l2Gas":3236150},"totalSizeInBytes":4128,"silentlySkippedCount":0,"silentlySkippedDurationMs":0}
[17:34:58.164] INFO: simulator:public-processor Processed 1 successful txs and 0 failed txs (0 silently skipped, 0ms wasted) in 0.014450499999991734s {"blockNumber":4,"successfulCount":1,"failedCount":0,"duration":0.014450499999991734,"rate":78930140.82562213,"totalPublicGas":{"daGas":192,"l2Gas":1140580},"totalBlockGas":{"daGas":320,"l2Gas":1731380},"totalSizeInBytes":320,"silentlySkippedCount":0,"silentlySkippedDurationMs":0}
[17:34:58.192] INFO: txe:top_level_context Created block 5 with timestamp 1789490097
[17:34:59.304] INFO: kv-store:lmdb-v2 Starting data store with maxReaders 2
[17:34:59.305] INFO: world-state:database Creating world state data store at directory /var/folders/ym/q1vh2x5n58xbsmpmvs5_6w3r0000gn/T/aztec-world-state-YAhFDy/world_state with map sizes {"archiveTreeMapSizeKb":10485760,"nullifierTreeMapSizeKb":10485760,"noteHashTreeMapSizeKb":10485760,"messageTreeMapSizeKb":10485760,"publicDataTreeMapSizeKb":10485760} and 2 threads (ephemeral=true).
[17:34:59.314] INFO: txe_node Aztec Node version: txe
[17:34:59.314] INFO: txe_node Aztec Node started on chain 0x1
[17:34:59.326] INFO: txe:top_level_context Created block 1 with timestamp 1789490099
[17:34:59.360] INFO: txe:top_level_context Created block 2 with timestamp 1789490099
[17:34:59.426] INFO: simulator:public-processor Processed 1 successful txs and 0 failed txs (0 silently skipped, 0ms wasted) in 0.03804891700000735s {"blockNumber":3,"successfulCount":1,"failedCount":0,"duration":0.03804891700000735,"rate":85052355.10380952,"totalPublicGas":{"daGas":4000,"l2Gas":3236150},"totalBlockGas":{"daGas":4000,"l2Gas":3236150},"totalSizeInBytes":4128,"silentlySkippedCount":0,"silentlySkippedDurationMs":0}
[17:34:59.540] INFO: simulator:public-processor Processed 1 successful txs and 0 failed txs (0 silently skipped, 0ms wasted) in 0.013547749999997905s {"blockNumber":4,"successfulCount":1,"failedCount":0,"duration":0.013547749999997905,"rate":84189625.583597,"totalPublicGas":{"daGas":192,"l2Gas":1140580},"totalBlockGas":{"daGas":320,"l2Gas":1731380},"totalSizeInBytes":320,"silentlySkippedCount":0,"silentlySkippedDurationMs":0}
[17:34:59.568] INFO: txe:top_level_context Created block 5 with timestamp 1789490099
[billboard_test] Testing c01::c01_claim_rejects_changed_receipt_nonce ... [0m[32mok[0m
[billboard_test] Testing c01::c01_claim_rejects_unbound_portal ... [0m[32mok[0m
[17:35:00.179] INFO: kv-store:lmdb-v2 Starting data store with maxReaders 2
[17:35:00.179] INFO: world-state:database Creating world state data store at directory /var/folders/ym/q1vh2x5n58xbsmpmvs5_6w3r0000gn/T/aztec-world-state-81ZlPa/world_state with map sizes {"archiveTreeMapSizeKb":10485760,"nullifierTreeMapSizeKb":10485760,"noteHashTreeMapSizeKb":10485760,"messageTreeMapSizeKb":10485760,"publicDataTreeMapSizeKb":10485760} and 2 threads (ephemeral=true).
[17:35:00.188] INFO: txe_node Aztec Node version: txe
[17:35:00.188] INFO: txe_node Aztec Node started on chain 0x1
[17:35:00.200] INFO: txe:top_level_context Created block 1 with timestamp 1789490100
[17:35:00.231] INFO: txe:top_level_context Created block 2 with timestamp 1789490100
[17:35:00.296] INFO: simulator:public-processor Processed 1 successful txs and 0 failed txs (0 silently skipped, 0ms wasted) in 0.03792812499999127s {"blockNumber":3,"successfulCount":1,"failedCount":0,"duration":0.03792812499999127,"rate":85323226.49750666,"totalPublicGas":{"daGas":4000,"l2Gas":3236150},"totalBlockGas":{"daGas":4000,"l2Gas":3236150},"totalSizeInBytes":4128,"silentlySkippedCount":0,"silentlySkippedDurationMs":0}
[17:35:00.325] INFO: txe:top_level_context Created block 4 with timestamp 1789490100
[17:35:01.550] INFO: kv-store:lmdb-v2 Starting data store with maxReaders 2
[17:35:01.551] INFO: world-state:database Creating world state data store at directory /var/folders/ym/q1vh2x5n58xbsmpmvs5_6w3r0000gn/T/aztec-world-state-ScE0wD/world_state with map sizes {"archiveTreeMapSizeKb":10485760,"nullifierTreeMapSizeKb":10485760,"noteHashTreeMapSizeKb":10485760,"messageTreeMapSizeKb":10485760,"publicDataTreeMapSizeKb":10485760} and 2 threads (ephemeral=true).
[17:35:01.561] INFO: txe_node Aztec Node version: txe
[17:35:01.561] INFO: txe_node Aztec Node started on chain 0x1
[17:35:01.572] INFO: txe:top_level_context Created block 1 with timestamp 1789490101
[17:35:01.605] INFO: txe:top_level_context Created block 2 with timestamp 1789490101
[17:35:01.668] INFO: simulator:public-processor Processed 1 successful txs and 0 failed txs (0 silently skipped, 0ms wasted) in 0.036871833000011976s {"blockNumber":3,"successfulCount":1,"failedCount":0,"duration":0.036871833000011976,"rate":87767537.89264962,"totalPublicGas":{"daGas":4000,"l2Gas":3236150},"totalBlockGas":{"daGas":4000,"l2Gas":3236150},"totalSizeInBytes":4128,"silentlySkippedCount":0,"silentlySkippedDurationMs":0}
[17:35:01.782] INFO: simulator:public-processor Processed 1 successful txs and 0 failed txs (0 silently skipped, 0ms wasted) in 0.013608416999981273s {"blockNumber":4,"successfulCount":1,"failedCount":0,"duration":0.013608416999981273,"rate":83814304.0444432,"totalPublicGas":{"daGas":192,"l2Gas":1140580},"totalBlockGas":{"daGas":320,"l2Gas":1731380},"totalSizeInBytes":320,"silentlySkippedCount":0,"silentlySkippedDurationMs":0}
[17:35:01.810] INFO: txe:top_level_context Created block 5 with timestamp 1789490101
[billboard_test] Testing c01::c01_claim_rejects_wrong_nonzero_secret ... [0m[32mok[0m
[17:35:02.253] INFO: kv-store:lmdb-v2 Starting data store with maxReaders 2
[17:35:02.254] INFO: world-state:database Creating world state data store at directory /var/folders/ym/q1vh2x5n58xbsmpmvs5_6w3r0000gn/T/aztec-world-state-KTIzFg/world_state with map sizes {"archiveTreeMapSizeKb":10485760,"nullifierTreeMapSizeKb":10485760,"noteHashTreeMapSizeKb":10485760,"messageTreeMapSizeKb":10485760,"publicDataTreeMapSizeKb":10485760} and 2 threads (ephemeral=true).
[17:35:02.263] INFO: txe_node Aztec Node version: txe
[17:35:02.263] INFO: txe_node Aztec Node started on chain 0x1
[17:35:02.275] INFO: txe:top_level_context Created block 1 with timestamp 1789490102
[17:35:02.307] INFO: txe:top_level_context Created block 2 with timestamp 1789490102
[17:35:02.372] INFO: simulator:public-processor Processed 1 successful txs and 0 failed txs (0 silently skipped, 0ms wasted) in 0.0377273330000171s {"blockNumber":3,"successfulCount":1,"failedCount":0,"duration":0.0377273330000171,"rate":85777332.84243901,"totalPublicGas":{"daGas":4000,"l2Gas":3236150},"totalBlockGas":{"daGas":4000,"l2Gas":3236150},"totalSizeInBytes":4128,"silentlySkippedCount":0,"silentlySkippedDurationMs":0}
[17:35:02.487] INFO: simulator:public-processor Processed 1 successful txs and 0 failed txs (0 silently skipped, 0ms wasted) in 0.013642416999995476s {"blockNumber":4,"successfulCount":1,"failedCount":0,"duration":0.013642416999995476,"rate":83605419.772785,"totalPublicGas":{"daGas":192,"l2Gas":1140580},"totalBlockGas":{"daGas":320,"l2Gas":1731380},"totalSizeInBytes":320,"silentlySkippedCount":0,"silentlySkippedDurationMs":0}
[17:35:02.515] INFO: txe:top_level_context Created block 5 with timestamp 1789490102
[billboard_test] Testing c01::c01_claim_rejects_wrong_portal_origin ... [0m[32mok[0m
[billboard_test] Testing c01::c01_claim_rejects_wrong_recipient_envelope ... [0m[32mok[0m
[17:35:03.745] INFO: kv-store:lmdb-v2 Starting data store with maxReaders 2
[17:35:03.745] INFO: world-state:database Creating world state data store at directory /var/folders/ym/q1vh2x5n58xbsmpmvs5_6w3r0000gn/T/aztec-world-state-Uf3Y37/world_state with map sizes {"archiveTreeMapSizeKb":10485760,"nullifierTreeMapSizeKb":10485760,"noteHashTreeMapSizeKb":10485760,"messageTreeMapSizeKb":10485760,"publicDataTreeMapSizeKb":10485760} and 2 threads (ephemeral=true).
[17:35:03.754] INFO: txe_node Aztec Node version: txe
[17:35:03.754] INFO: txe_node Aztec Node started on chain 0x1
[17:35:03.766] INFO: txe:top_level_context Created block 1 with timestamp 1789490103
[17:35:03.800] INFO: txe:top_level_context Created block 2 with timestamp 1789490103
[17:35:03.866] INFO: simulator:public-processor Processed 1 successful txs and 0 failed txs (0 silently skipped, 0ms wasted) in 0.03882554200000595s {"blockNumber":3,"successfulCount":1,"failedCount":0,"duration":0.03882554200000595,"rate":83351057.91953926,"totalPublicGas":{"daGas":4000,"l2Gas":3236150},"totalBlockGas":{"daGas":4000,"l2Gas":3236150},"totalSizeInBytes":4128,"silentlySkippedCount":0,"silentlySkippedDurationMs":0}
[17:35:04.006] INFO: simulator:public-processor Processed 1 successful txs and 0 failed txs (0 silently skipped, 0ms wasted) in 0.025164667000004557s {"blockNumber":4,"successfulCount":1,"failedCount":0,"duration":0.025164667000004557,"rate":45324660.962125726,"totalPublicGas":{"daGas":192,"l2Gas":1140580},"totalBlockGas":{"daGas":320,"l2Gas":1731380},"totalSizeInBytes":320,"silentlySkippedCount":0,"silentlySkippedDurationMs":0}
[17:35:04.038] INFO: txe:top_level_context Created block 5 with timestamp 1789490103
[17:35:04.477] INFO: kv-store:lmdb-v2 Starting data store with maxReaders 2
[17:35:04.479] INFO: world-state:database Creating world state data store at directory /var/folders/ym/q1vh2x5n58xbsmpmvs5_6w3r0000gn/T/aztec-world-state-leQZlp/world_state with map sizes {"archiveTreeMapSizeKb":10485760,"nullifierTreeMapSizeKb":10485760,"noteHashTreeMapSizeKb":10485760,"messageTreeMapSizeKb":10485760,"publicDataTreeMapSizeKb":10485760} and 2 threads (ephemeral=true).
[17:35:04.488] INFO: txe_node Aztec Node version: txe
[17:35:04.488] INFO: txe_node Aztec Node started on chain 0x1
[17:35:04.500] INFO: txe:top_level_context Created block 1 with timestamp 1789490104
[17:35:04.532] INFO: txe:top_level_context Created block 2 with timestamp 1789490104
[17:35:04.598] INFO: simulator:public-processor Processed 1 successful txs and 0 failed txs (0 silently skipped, 0ms wasted) in 0.0380180419999815s {"blockNumber":3,"successfulCount":1,"failedCount":0,"duration":0.0380180419999815,"rate":85121427.34761497,"totalPublicGas":{"daGas":4000,"l2Gas":3236150},"totalBlockGas":{"daGas":4000,"l2Gas":3236150},"totalSizeInBytes":4128,"silentlySkippedCount":0,"silentlySkippedDurationMs":0}
[17:35:04.714] INFO: simulator:public-processor Processed 1 successful txs and 0 failed txs (0 silently skipped, 0ms wasted) in 0.013530666999984533s {"blockNumber":4,"successfulCount":1,"failedCount":0,"duration":0.013530666999984533,"rate":84295918.3018327,"totalPublicGas":{"daGas":192,"l2Gas":1140580},"totalBlockGas":{"daGas":320,"l2Gas":1731380},"totalSizeInBytes":320,"silentlySkippedCount":0,"silentlySkippedDurationMs":0}
[billboard_test] Testing c01::c01_claim_rejects_zero_secret ... [0m[32mok[0m
[billboard_test] Testing c01::c01_cooldown_ceiling_and_maximum_boundaries ... [0m[32mok[0m
[17:35:05.999] INFO: kv-store:lmdb-v2 Starting data store with maxReaders 2
[17:35:06.000] INFO: world-state:database Creating world state data store at directory /var/folders/ym/q1vh2x5n58xbsmpmvs5_6w3r0000gn/T/aztec-world-state-zCXDq2/world_state with map sizes {"archiveTreeMapSizeKb":10485760,"nullifierTreeMapSizeKb":10485760,"noteHashTreeMapSizeKb":10485760,"messageTreeMapSizeKb":10485760,"publicDataTreeMapSizeKb":10485760} and 2 threads (ephemeral=true).
[17:35:06.009] INFO: txe_node Aztec Node version: txe
[17:35:06.009] INFO: txe_node Aztec Node started on chain 0x1
[17:35:06.020] INFO: txe:top_level_context Created block 1 with timestamp 1789490106
[17:35:06.053] INFO: txe:top_level_context Created block 2 with timestamp 1789490106
[17:35:06.118] INFO: simulator:public-processor Processed 1 successful txs and 0 failed txs (0 silently skipped, 0ms wasted) in 0.03843412499999977s {"blockNumber":3,"successfulCount":1,"failedCount":0,"duration":0.03843412499999977,"rate":84199913.48833932,"totalPublicGas":{"daGas":4000,"l2Gas":3236150},"totalBlockGas":{"daGas":4000,"l2Gas":3236150},"totalSizeInBytes":4128,"silentlySkippedCount":0,"silentlySkippedDurationMs":0}
[17:35:06.236] INFO: simulator:public-processor Processed 1 successful txs and 0 failed txs (0 silently skipped, 0ms wasted) in 0.014150167000014336s {"blockNumber":4,"successfulCount":1,"failedCount":0,"duration":0.014150167000014336,"rate":80605409.10922426,"totalPublicGas":{"daGas":192,"l2Gas":1140580},"totalBlockGas":{"daGas":320,"l2Gas":1731380},"totalSizeInBytes":320,"silentlySkippedCount":0,"silentlySkippedDurationMs":0}
[17:35:06.268] INFO: txe:top_level_context Created block 5 with timestamp 1789490106
[17:35:06.434] INFO: simulator:public-processor Processed 1 successful txs and 0 failed txs (0 silently skipped, 0ms wasted) in 0.003882332999986829s {"blockNumber":6,"successfulCount":1,"failedCount":0,"duration":0.003882332999986829,"rate":0,"totalPublicGas":{"daGas":0,"l2Gas":0},"totalBlockGas":{"daGas":1984,"l2Gas":529900},"totalSizeInBytes":1984,"silentlySkippedCount":0,"silentlySkippedDurationMs":0}
[billboard_test] Testing c01::c01_claim_replay_cannot_mint_right_for_second_owner ... [0m[32mok[0m
[billboard_test] Testing c01::c01_cooldown_rejects_above_u32 ... [0m[32mok[0m
[billboard_test] Testing c01::c01_cooldown_rejects_above_u96 ... [0m[32mok[0m
[billboard_test] Testing c01::c01_cooldown_rejects_zero_amount ... [0m[32mok[0m
[billboard_test] Testing c01::c01_frozen_claim_boundary_vector ... [0m[32mok[0m
[billboard_test] Testing c01::c01_frozen_claim_vector ... [0m[32mok[0m
[billboard_test] Testing c01::c01_frozen_config_vector ... [0m[32mok[0m
[billboard_test] Testing c01::c01_frozen_exit_vector ... [0m[32mok[0m
[billboard_test] Testing c01::c01_frozen_ready_vector ... [0m[32mok[0m
[billboard_test] Testing c01::c01_init_rejects_wrong_configured_chain ... [0m[32mok[0m
[billboard_test] Testing c01::c01_init_rejects_wrong_configured_rollup_version ... [0m[32mok[0m
[17:35:15.967] INFO: kv-store:lmdb-v2 Starting data store with maxReaders 2
[17:35:15.969] INFO: world-state:database Creating world state data store at directory /var/folders/ym/q1vh2x5n58xbsmpmvs5_6w3r0000gn/T/aztec-world-state-9RyoNr/world_state with map sizes {"archiveTreeMapSizeKb":10485760,"nullifierTreeMapSizeKb":10485760,"noteHashTreeMapSizeKb":10485760,"messageTreeMapSizeKb":10485760,"publicDataTreeMapSizeKb":10485760} and 2 threads (ephemeral=true).
[17:35:15.978] INFO: txe_node Aztec Node version: txe
[17:35:15.978] INFO: txe_node Aztec Node started on chain 0x1
[17:35:15.990] INFO: txe:top_level_context Created block 1 with timestamp 1789490115
[17:35:16.030] INFO: txe:top_level_context Created block 2 with timestamp 1789490115
[17:35:16.064] INFO: simulator:public-processor Processed 1 successful txs and 0 failed txs (0 silently skipped, 0ms wasted) in 0.006232082999980776s {"blockNumber":3,"successfulCount":1,"failedCount":0,"duration":0.006232082999980776,"rate":20270911.026119146,"totalPublicGas":{"daGas":0,"l2Gas":126330},"totalBlockGas":{"daGas":0,"l2Gas":126330},"totalSizeInBytes":128,"silentlySkippedCount":0,"silentlySkippedDurationMs":0}
[17:35:16.066] WARN: txe:top_level_context Could not find function artifact in contract Billboard for function '0x8f3f1c4d' when enriching error callstack
[17:35:16.237] INFO: kv-store:lmdb-v2 Starting data store with maxReaders 2
[17:35:16.237] INFO: world-state:database Creating world state data store at directory /var/folders/ym/q1vh2x5n58xbsmpmvs5_6w3r0000gn/T/aztec-world-state-v8CKYj/world_state with map sizes {"archiveTreeMapSizeKb":10485760,"nullifierTreeMapSizeKb":10485760,"noteHashTreeMapSizeKb":10485760,"messageTreeMapSizeKb":10485760,"publicDataTreeMapSizeKb":10485760} and 2 threads (ephemeral=true).
[17:35:16.246] INFO: txe_node Aztec Node version: txe
[17:35:16.246] INFO: txe_node Aztec Node started on chain 0x1
[17:35:16.257] INFO: txe:top_level_context Created block 1 with timestamp 1789490116
[17:35:16.296] INFO: txe:top_level_context Created block 2 with timestamp 1789490116
[17:35:16.328] INFO: simulator:public-processor Processed 1 successful txs and 0 failed txs (0 silently skipped, 0ms wasted) in 0.005520416000013938s {"blockNumber":3,"successfulCount":1,"failedCount":0,"duration":0.005520416000013938,"rate":22891209.647910763,"totalPublicGas":{"daGas":0,"l2Gas":126369},"totalBlockGas":{"daGas":0,"l2Gas":126369},"totalSizeInBytes":128,"silentlySkippedCount":0,"silentlySkippedDurationMs":0}
[17:35:16.329] WARN: txe:top_level_context Could not find function artifact in contract Billboard for function '0x8f3f1c4d' when enriching error callstack
[billboard_test] Testing c01::c01_time_rejects_horizon_crossing ... [0m[32mok[0m
[billboard_test] Testing c01::c01_time_rejects_out_of_range_anchor ... [0m[32mok[0m
[billboard_test] Testing c01::c01_utf8_rejects_hidden_suffix ... [0m[32mok[0m
[billboard_test] Testing c01::c01_utf8_rejects_noncanonical_field ... [0m[32mok[0m
[billboard_test] Testing c01::c01_utf8_rejects_nul ... [0m[32mok[0m
[billboard_test] Testing c01::c01_utf8_rejects_overlong_lead ... [0m[32mok[0m
[billboard_test] Testing c01::c01_utf8_rejects_scalar_above_unicode_maximum ... [0m[32mok[0m
[billboard_test] Testing c01::c01_utf8_rejects_surrogate ... [0m[32mok[0m
[billboard_test] Testing c01::c01_utf8_rejects_truncation ... [0m[32mok[0m
[billboard_test] Testing c01::c01_utf8_valid_scalar_and_field_crossing_controls ... [0m[32mok[0m
[billboard_test] Testing compact_note::c01_compact_asymmetric_sequences_do_not_swap ... [0m[32mok[0m
[billboard_test] Testing compact_note::c01_compact_exact_maximum_fields_and_generated_selectors ... [0m[32mok[0m
[billboard_test] Testing compact_note::c01_compact_metadata_rejects_truncation_above128 ... [0m[32mok[0m
[billboard_test] Testing compact_note::c01_compact_metadata_rejects_unused_bit96 ... [0m[32mok[0m
[17:35:32.913] INFO: kv-store:lmdb-v2 Starting data store with maxReaders 2
[17:35:32.916] INFO: world-state:database Creating world state data store at directory /var/folders/ym/q1vh2x5n58xbsmpmvs5_6w3r0000gn/T/aztec-world-state-YbpqTZ/world_state with map sizes {"archiveTreeMapSizeKb":10485760,"nullifierTreeMapSizeKb":10485760,"noteHashTreeMapSizeKb":10485760,"messageTreeMapSizeKb":10485760,"publicDataTreeMapSizeKb":10485760} and 2 threads (ephemeral=true).
[17:35:32.925] INFO: txe_node Aztec Node version: txe
[17:35:32.925] INFO: txe_node Aztec Node started on chain 0x1
[17:35:32.938] INFO: txe:top_level_context Created block 1 with timestamp 1789490132
[17:35:32.983] INFO: txe:top_level_context Created block 2 with timestamp 1789490132
[17:35:33.048] INFO: simulator:public-processor Processed 1 successful txs and 0 failed txs (0 silently skipped, 0ms wasted) in 0.03751758299997891s {"blockNumber":3,"successfulCount":1,"failedCount":0,"duration":0.03751758299997891,"rate":86256889.20317225,"totalPublicGas":{"daGas":4000,"l2Gas":3236150},"totalBlockGas":{"daGas":4000,"l2Gas":3236150},"totalSizeInBytes":4128,"silentlySkippedCount":0,"silentlySkippedDurationMs":0}
[17:35:33.161] INFO: simulator:public-processor Processed 1 successful txs and 0 failed txs (0 silently skipped, 0ms wasted) in 0.013842334000015399s {"blockNumber":4,"successfulCount":1,"failedCount":0,"duration":0.013842334000015399,"rate":82397953.98656984,"totalPublicGas":{"daGas":192,"l2Gas":1140580},"totalBlockGas":{"daGas":320,"l2Gas":1731380},"totalSizeInBytes":320,"silentlySkippedCount":0,"silentlySkippedDurationMs":0}
[17:35:33.189] INFO: txe:top_level_context Created block 5 with timestamp 1789490132
[17:35:33.348] INFO: simulator:public-processor Processed 1 successful txs and 0 failed txs (0 silently skipped, 0ms wasted) in 0.0037197079999896233s {"blockNumber":6,"successfulCount":1,"failedCount":0,"duration":0.0037197079999896233,"rate":0,"totalPublicGas":{"daGas":0,"l2Gas":0},"totalBlockGas":{"daGas":1984,"l2Gas":529900},"totalSizeInBytes":1984,"silentlySkippedCount":0,"silentlySkippedDurationMs":0}
[17:35:33.441] INFO: kv-store:lmdb-v2 Starting data store with maxReaders 2
[17:35:33.442] INFO: world-state:database Creating world state data store at directory /var/folders/ym/q1vh2x5n58xbsmpmvs5_6w3r0000gn/T/aztec-world-state-WBHh5e/world_state with map sizes {"archiveTreeMapSizeKb":10485760,"nullifierTreeMapSizeKb":10485760,"noteHashTreeMapSizeKb":10485760,"messageTreeMapSizeKb":10485760,"publicDataTreeMapSizeKb":10485760} and 2 threads (ephemeral=true).
[17:35:33.458] INFO: txe_node Aztec Node version: txe
[17:35:33.458] INFO: txe_node Aztec Node started on chain 0x1
[17:35:33.477] INFO: txe:top_level_context Created block 1 with timestamp 1789490133
[17:35:33.517] INFO: txe:top_level_context Created block 2 with timestamp 1789490133
[17:35:33.584] INFO: simulator:public-processor Processed 1 successful txs and 0 failed txs (0 silently skipped, 0ms wasted) in 0.03975395799998659s {"blockNumber":3,"successfulCount":1,"failedCount":0,"duration":0.03975395799998659,"rate":81404472.98357289,"totalPublicGas":{"daGas":4000,"l2Gas":3236150},"totalBlockGas":{"daGas":4000,"l2Gas":3236150},"totalSizeInBytes":4128,"silentlySkippedCount":0,"silentlySkippedDurationMs":0}
[17:35:33.711] INFO: txe:top_level_context Created block 7 with timestamp 1789493733
[17:35:33.734] INFO: simulator:public-processor Processed 1 successful txs and 0 failed txs (0 silently skipped, 0ms wasted) in 0.015846667000005255s {"blockNumber":4,"successfulCount":1,"failedCount":0,"duration":0.015846667000005255,"rate":71976018.67948774,"totalPublicGas":{"daGas":192,"l2Gas":1140580},"totalBlockGas":{"daGas":320,"l2Gas":1731380},"totalSizeInBytes":320,"silentlySkippedCount":0,"silentlySkippedDurationMs":0}
[17:35:33.765] INFO: txe:top_level_context Created block 5 with timestamp 1789490133
[17:35:33.852] INFO: simulator:public-processor Processed 1 successful txs and 0 failed txs (0 silently skipped, 0ms wasted) in 0.005686958000005689s {"blockNumber":8,"successfulCount":1,"failedCount":0,"duration":0.005686958000005689,"rate":0,"totalPublicGas":{"daGas":0,"l2Gas":0},"totalBlockGas":{"daGas":256,"l2Gas":477200},"totalSizeInBytes":256,"silentlySkippedCount":0,"silentlySkippedDurationMs":0}
[17:35:34.047] INFO: simulator:public-processor Processed 1 successful txs and 0 failed txs (0 silently skipped, 0ms wasted) in 0.0038843329999945124s {"blockNumber":6,"successfulCount":1,"failedCount":0,"duration":0.0038843329999945124,"rate":0,"totalPublicGas":{"daGas":0,"l2Gas":0},"totalBlockGas":{"daGas":1984,"l2Gas":529900},"totalSizeInBytes":1984,"silentlySkippedCount":0,"silentlySkippedDurationMs":0}
[17:35:34.079] INFO: txe:top_level_context Created block 7 with timestamp 1789493734
[billboard_test] Testing compact_note::c01_compact_note_lifecycle_claim_deliver_select_burn ... [0m[32mok[0m
[17:35:34.249] INFO: simulator:public-processor Processed 1 successful txs and 0 failed txs (0 silently skipped, 0ms wasted) in 0.0035372079999942798s {"blockNumber":8,"successfulCount":1,"failedCount":0,"duration":0.0035372079999942798,"rate":0,"totalPublicGas":{"daGas":0,"l2Gas":0},"totalBlockGas":{"daGas":256,"l2Gas":477200},"totalSizeInBytes":256,"silentlySkippedCount":0,"silentlySkippedDurationMs":0}
[billboard_test] Testing compact_note::c01_compact_second_burn_rejected ... [0m[32mok[0m
[billboard_test] Testing compact_note::c01_compact_sequences_reject_unused_bit192 ... [0m[32mok[0m
[17:35:36.258] INFO: kv-store:lmdb-v2 Starting data store with maxReaders 2
[17:35:36.259] INFO: world-state:database Creating world state data store at directory /var/folders/ym/q1vh2x5n58xbsmpmvs5_6w3r0000gn/T/aztec-world-state-xlFPYy/world_state with map sizes {"archiveTreeMapSizeKb":10485760,"nullifierTreeMapSizeKb":10485760,"noteHashTreeMapSizeKb":10485760,"messageTreeMapSizeKb":10485760,"publicDataTreeMapSizeKb":10485760} and 2 threads (ephemeral=true).
[17:35:36.268] INFO: txe_node Aztec Node version: txe
[17:35:36.268] INFO: txe_node Aztec Node started on chain 0x1
[17:35:36.279] INFO: txe:top_level_context Created block 1 with timestamp 1789490136
[17:35:36.320] INFO: txe:top_level_context Created block 2 with timestamp 1789490136
[17:35:36.383] INFO: simulator:public-processor Processed 1 successful txs and 0 failed txs (0 silently skipped, 0ms wasted) in 0.03773295799997868s {"blockNumber":3,"successfulCount":1,"failedCount":0,"duration":0.03773295799997868,"rate":85764545.67918657,"totalPublicGas":{"daGas":4000,"l2Gas":3236150},"totalBlockGas":{"daGas":4000,"l2Gas":3236150},"totalSizeInBytes":4128,"silentlySkippedCount":0,"silentlySkippedDurationMs":0}
[17:35:36.499] INFO: simulator:public-processor Processed 1 successful txs and 0 failed txs (0 silently skipped, 0ms wasted) in 0.013727333000017097s {"blockNumber":4,"successfulCount":1,"failedCount":0,"duration":0.013727333000017097,"rate":83088244.45349868,"totalPublicGas":{"daGas":192,"l2Gas":1140580},"totalBlockGas":{"daGas":320,"l2Gas":1731380},"totalSizeInBytes":320,"silentlySkippedCount":0,"silentlySkippedDurationMs":0}
[17:35:36.527] INFO: txe:top_level_context Created block 5 with timestamp 1789490136
[17:35:36.673] INFO: simulator:public-processor Processed 1 successful txs and 0 failed txs (0 silently skipped, 0ms wasted) in 0.003681249999994179s {"blockNumber":6,"successfulCount":1,"failedCount":0,"duration":0.003681249999994179,"rate":0,"totalPublicGas":{"daGas":0,"l2Gas":0},"totalBlockGas":{"daGas":1984,"l2Gas":529900},"totalSizeInBytes":1984,"silentlySkippedCount":0,"silentlySkippedDurationMs":0}
[17:35:36.701] INFO: txe:top_level_context Created block 7 with timestamp 1789490136
[17:35:36.848] INFO: simulator:public-processor Processed 1 successful txs and 0 failed txs (0 silently skipped, 0ms wasted) in 0.0035972919999912845s {"blockNumber":8,"successfulCount":1,"failedCount":0,"duration":0.0035972919999912845,"rate":0,"totalPublicGas":{"daGas":0,"l2Gas":0},"totalBlockGas":{"daGas":832,"l2Gas":499700},"totalSizeInBytes":832,"silentlySkippedCount":0,"silentlySkippedDurationMs":0}
[17:35:37.134] INFO: txe:top_level_context Created block 9 with timestamp 1789493737
[17:35:37.252] INFO: simulator:public-processor Processed 1 successful txs and 0 failed txs (0 silently skipped, 0ms wasted) in 0.003266208999993978s {"blockNumber":10,"successfulCount":1,"failedCount":0,"duration":0.003266208999993978,"rate":0,"totalPublicGas":{"daGas":0,"l2Gas":0},"totalBlockGas":{"daGas":256,"l2Gas":477200},"totalSizeInBytes":256,"silentlySkippedCount":0,"silentlySkippedDurationMs":0}
[17:35:37.561] INFO: simulator:public-processor Processed 1 successful txs and 0 failed txs (0 silently skipped, 0ms wasted) in 0.00324404200000572s {"blockNumber":11,"successfulCount":1,"failedCount":0,"duration":0.00324404200000572,"rate":0,"totalPublicGas":{"daGas":0,"l2Gas":0},"totalBlockGas":{"daGas":256,"l2Gas":477200},"totalSizeInBytes":256,"silentlySkippedCount":0,"silentlySkippedDurationMs":0}
[billboard_test] Testing compact_note::c01_compact_two_receipts_exact_selection_and_independent_burn ... [0m[32mok[0m
[billboard_test] Testing compact_note::c01_discovery_call_preserves_page_offsets ... [0m[32mok[0m
[17:35:39.838] INFO: kv-store:lmdb-v2 Starting data store with maxReaders 2
[17:35:39.839] INFO: kv-store:lmdb-v2 Starting data store with maxReaders 2
[17:35:39.839] INFO: world-state:database Creating world state data store at directory /var/folders/ym/q1vh2x5n58xbsmpmvs5_6w3r0000gn/T/aztec-world-state-lNy3wG/world_state with map sizes {"archiveTreeMapSizeKb":10485760,"nullifierTreeMapSizeKb":10485760,"noteHashTreeMapSizeKb":10485760,"messageTreeMapSizeKb":10485760,"publicDataTreeMapSizeKb":10485760} and 2 threads (ephemeral=true).
[17:35:39.848] INFO: txe_node Aztec Node version: txe
[17:35:39.848] INFO: txe_node Aztec Node started on chain 0x1
[17:35:39.848] INFO: world-state:database Creating world state data store at directory /var/folders/ym/q1vh2x5n58xbsmpmvs5_6w3r0000gn/T/aztec-world-state-HISmHV/world_state with map sizes {"archiveTreeMapSizeKb":10485760,"nullifierTreeMapSizeKb":10485760,"noteHashTreeMapSizeKb":10485760,"messageTreeMapSizeKb":10485760,"publicDataTreeMapSizeKb":10485760} and 2 threads (ephemeral=true).
[17:35:39.857] INFO: txe_node Aztec Node version: txe
[17:35:39.857] INFO: txe_node Aztec Node started on chain 0x1
[17:35:39.868] INFO: txe:top_level_context Created block 1 with timestamp 1789490139
[17:35:39.869] INFO: txe:top_level_context Created block 1 with timestamp 1789490139
[17:35:39.914] INFO: txe:top_level_context Created block 2 with timestamp 1789490139
[17:35:39.916] INFO: txe:top_level_context Created block 2 with timestamp 1789490139
[17:35:39.996] INFO: simulator:public-processor Processed 1 successful txs and 0 failed txs (0 silently skipped, 0ms wasted) in 0.04054745899999398s {"blockNumber":3,"successfulCount":1,"failedCount":0,"duration":0.04054745899999398,"rate":79811413.0900405,"totalPublicGas":{"daGas":4000,"l2Gas":3236150},"totalBlockGas":{"daGas":4000,"l2Gas":3236150},"totalSizeInBytes":4128,"silentlySkippedCount":0,"silentlySkippedDurationMs":0}
[17:35:40.001] INFO: simulator:public-processor Processed 1 successful txs and 0 failed txs (0 silently skipped, 0ms wasted) in 0.03923679200001061s {"blockNumber":3,"successfulCount":1,"failedCount":0,"duration":0.03923679200001061,"rate":82477435.9738463,"totalPublicGas":{"daGas":4000,"l2Gas":3236150},"totalBlockGas":{"daGas":4000,"l2Gas":3236150},"totalSizeInBytes":4128,"silentlySkippedCount":0,"silentlySkippedDurationMs":0}
[17:35:40.140] INFO: simulator:public-processor Processed 1 successful txs and 0 failed txs (0 silently skipped, 0ms wasted) in 0.015422334000002593s {"blockNumber":4,"successfulCount":1,"failedCount":0,"duration":0.015422334000002593,"rate":73956380.4025907,"totalPublicGas":{"daGas":192,"l2Gas":1140580},"totalBlockGas":{"daGas":320,"l2Gas":1731380},"totalSizeInBytes":320,"silentlySkippedCount":0,"silentlySkippedDurationMs":0}
[17:35:40.155] INFO: simulator:public-processor Processed 1 successful txs and 0 failed txs (0 silently skipped, 0ms wasted) in 0.013958624999999301s {"blockNumber":4,"successfulCount":1,"failedCount":0,"duration":0.013958624999999301,"rate":81711486.6256567,"totalPublicGas":{"daGas":192,"l2Gas":1140580},"totalBlockGas":{"daGas":320,"l2Gas":1731380},"totalSizeInBytes":320,"silentlySkippedCount":0,"silentlySkippedDurationMs":0}
[17:35:40.168] INFO: txe:top_level_context Created block 5 with timestamp 1789490139
[17:35:40.186] INFO: txe:top_level_context Created block 5 with timestamp 1789490139
[17:35:40.399] INFO: simulator:public-processor Processed 1 successful txs and 0 failed txs (0 silently skipped, 0ms wasted) in 0.005174457999994047s {"blockNumber":6,"successfulCount":1,"failedCount":0,"duration":0.005174457999994047,"rate":0,"totalPublicGas":{"daGas":0,"l2Gas":0},"totalBlockGas":{"daGas":1984,"l2Gas":529900},"totalSizeInBytes":1984,"silentlySkippedCount":0,"silentlySkippedDurationMs":0}
[17:35:40.418] INFO: simulator:public-processor Processed 1 successful txs and 0 failed txs (0 silently skipped, 0ms wasted) in 0.004623499999986962s {"blockNumber":6,"successfulCount":1,"failedCount":0,"duration":0.004623499999986962,"rate":0,"totalPublicGas":{"daGas":0,"l2Gas":0},"totalBlockGas":{"daGas":1984,"l2Gas":529900},"totalSizeInBytes":1984,"silentlySkippedCount":0,"silentlySkippedDurationMs":0}
[17:35:40.428] INFO: txe:top_level_context Created block 7 with timestamp 1789493740
[17:35:40.452] INFO: txe:top_level_context Created block 7 with timestamp 1789493740
[17:35:41.029] INFO: simulator:public-processor Processed 1 successful txs and 0 failed txs (0 silently skipped, 0ms wasted) in 0.1961043340000033s {"blockNumber":8,"successfulCount":1,"failedCount":0,"duration":0.1961043340000033,"rate":9930769.81154311,"totalPublicGas":{"daGas":2368,"l2Gas":1947467},"totalBlockGas":{"daGas":3744,"l2Gas":2674217},"totalSizeInBytes":3744,"silentlySkippedCount":0,"silentlySkippedDurationMs":0}
[17:35:41.167] INFO: simulator:public-processor Processed 1 successful txs and 0 failed txs (0 silently skipped, 0ms wasted) in 0.05607308299999568s {"blockNumber":8,"successfulCount":1,"failedCount":0,"duration":0.05607308299999568,"rate":34730870.78162173,"totalPublicGas":{"daGas":2368,"l2Gas":1947467},"totalBlockGas":{"daGas":3744,"l2Gas":2674217},"totalSizeInBytes":3744,"silentlySkippedCount":0,"silentlySkippedDurationMs":0}
[17:35:41.551] INFO: txe:top_level_context Created block 10 with timestamp 1789497341
[17:35:41.569] INFO: txe:top_level_context Created block 9 with timestamp 1789493740
[billboard_test] Testing c02::c02_head_cannot_have_duplicate_grandchild ... [0m[32mok[0m
[17:35:41.922] INFO: simulator:public-processor Processed 1 successful txs and 0 failed txs (0 silently skipped, 0ms wasted) in 0.003957583999988855s {"blockNumber":10,"successfulCount":1,"failedCount":0,"duration":0.003957583999988855,"rate":0,"totalPublicGas":{"daGas":0,"l2Gas":0},"totalBlockGas":{"daGas":832,"l2Gas":499700},"totalSizeInBytes":832,"silentlySkippedCount":0,"silentlySkippedDurationMs":0}
[17:35:42.214] INFO: txe:top_level_context Created block 11 with timestamp 1789497341
[17:35:42.579] INFO: simulator:public-processor Processed 1 successful txs and 0 failed txs (0 silently skipped, 0ms wasted) in 0.026219375000015133s {"blockNumber":12,"successfulCount":1,"failedCount":0,"duration":0.026219375000015133,"rate":74275874.23418278,"totalPublicGas":{"daGas":2368,"l2Gas":1947467},"totalBlockGas":{"daGas":3744,"l2Gas":2674217},"totalSizeInBytes":3744,"silentlySkippedCount":0,"silentlySkippedDurationMs":0}
[billboard_test] Testing c02::c02_first_receipt_rejects_second_receipt_history ... [0m[32mok[0m
[17:35:43.790] INFO: kv-store:lmdb-v2 Starting data store with maxReaders 2
[17:35:43.791] INFO: world-state:database Creating world state data store at directory /var/folders/ym/q1vh2x5n58xbsmpmvs5_6w3r0000gn/T/aztec-world-state-w8N4Nd/world_state with map sizes {"archiveTreeMapSizeKb":10485760,"nullifierTreeMapSizeKb":10485760,"noteHashTreeMapSizeKb":10485760,"messageTreeMapSizeKb":10485760,"publicDataTreeMapSizeKb":10485760} and 2 threads (ephemeral=true).
[17:35:43.799] INFO: txe_node Aztec Node version: txe
[17:35:43.799] INFO: txe_node Aztec Node started on chain 0x1
[17:35:43.810] INFO: txe:top_level_context Created block 1 with timestamp 1789490143
[17:35:43.845] INFO: txe:top_level_context Created block 2 with timestamp 1789490143
[17:35:43.989] INFO: simulator:public-processor Processed 1 successful txs and 0 failed txs (0 silently skipped, 0ms wasted) in 0.11417904199997429s {"blockNumber":3,"successfulCount":1,"failedCount":0,"duration":0.11417904199997429,"rate":28342767.142859094,"totalPublicGas":{"daGas":4000,"l2Gas":3236150},"totalBlockGas":{"daGas":4000,"l2Gas":3236150},"totalSizeInBytes":4128,"silentlySkippedCount":0,"silentlySkippedDurationMs":0}
[17:35:44.139] INFO: simulator:public-processor Processed 1 successful txs and 0 failed txs (0 silently skipped, 0ms wasted) in 0.014871000000013738s {"blockNumber":4,"successfulCount":1,"failedCount":0,"duration":0.014871000000013738,"rate":76698271.80411178,"totalPublicGas":{"daGas":192,"l2Gas":1140580},"totalBlockGas":{"daGas":320,"l2Gas":1731380},"totalSizeInBytes":320,"silentlySkippedCount":0,"silentlySkippedDurationMs":0}
[17:35:44.168] INFO: txe:top_level_context Created block 5 with timestamp 1789490143
[17:35:44.337] INFO: simulator:public-processor Processed 1 successful txs and 0 failed txs (0 silently skipped, 0ms wasted) in 0.003820917000004556s {"blockNumber":6,"successfulCount":1,"failedCount":0,"duration":0.003820917000004556,"rate":0,"totalPublicGas":{"daGas":0,"l2Gas":0},"totalBlockGas":{"daGas":1984,"l2Gas":529900},"totalSizeInBytes":1984,"silentlySkippedCount":0,"silentlySkippedDurationMs":0}
[17:35:44.365] INFO: txe:top_level_context Created block 7 with timestamp 1789493744
[17:35:44.764] INFO: simulator:public-processor Processed 1 successful txs and 0 failed txs (0 silently skipped, 0ms wasted) in 0.027091874999983702s {"blockNumber":8,"successfulCount":1,"failedCount":0,"duration":0.027091874999983702,"rate":71883802.80069843,"totalPublicGas":{"daGas":2368,"l2Gas":1947467},"totalBlockGas":{"daGas":3744,"l2Gas":2674217},"totalSizeInBytes":3744,"silentlySkippedCount":0,"silentlySkippedDurationMs":0}
[17:35:45.084] INFO: txe:top_level_context Created block 9 with timestamp 1789493744
[17:35:45.179] INFO: txe:top_level_context Created block 12 with timestamp 1789497345
[17:35:45.272] INFO: kv-store:lmdb-v2 Starting data store with maxReaders 2
[17:35:45.273] INFO: world-state:database Creating world state data store at directory /var/folders/ym/q1vh2x5n58xbsmpmvs5_6w3r0000gn/T/aztec-world-state-cIWfmn/world_state with map sizes {"archiveTreeMapSizeKb":10485760,"nullifierTreeMapSizeKb":10485760,"noteHashTreeMapSizeKb":10485760,"messageTreeMapSizeKb":10485760,"publicDataTreeMapSizeKb":10485760} and 2 threads (ephemeral=true).
[17:35:45.286] INFO: txe_node Aztec Node version: txe
[17:35:45.286] INFO: txe_node Aztec Node started on chain 0x1
[17:35:45.308] INFO: txe:top_level_context Created block 1 with timestamp 1789490145
[17:35:45.352] INFO: txe:top_level_context Created block 2 with timestamp 1789490145
[17:35:45.615] INFO: simulator:public-processor Processed 1 successful txs and 0 failed txs (0 silently skipped, 0ms wasted) in 0.2325638340000005s {"blockNumber":3,"successfulCount":1,"failedCount":0,"duration":0.2325638340000005,"rate":13915104.271973746,"totalPublicGas":{"daGas":4000,"l2Gas":3236150},"totalBlockGas":{"daGas":4000,"l2Gas":3236150},"totalSizeInBytes":4128,"silentlySkippedCount":0,"silentlySkippedDurationMs":0}
[billboard_test] Testing c02::c02_included_foreign_contract_rejected ... [0m[32mok[0m
[17:35:45.999] INFO: simulator:public-processor Processed 1 successful txs and 0 failed txs (0 silently skipped, 0ms wasted) in 0.03978150000001188s {"blockNumber":4,"successfulCount":1,"failedCount":0,"duration":0.03978150000001188,"rate":28671115.97098298,"totalPublicGas":{"daGas":192,"l2Gas":1140580},"totalBlockGas":{"daGas":320,"l2Gas":1731380},"totalSizeInBytes":320,"silentlySkippedCount":0,"silentlySkippedDurationMs":0}
[17:35:46.032] INFO: txe:top_level_context Created block 5 with timestamp 1789490145
[17:35:46.197] INFO: simulator:public-processor Processed 1 successful txs and 0 failed txs (0 silently skipped, 0ms wasted) in 0.005477874999982305s {"blockNumber":6,"successfulCount":1,"failedCount":0,"duration":0.005477874999982305,"rate":0,"totalPublicGas":{"daGas":0,"l2Gas":0},"totalBlockGas":{"daGas":1984,"l2Gas":529900},"totalSizeInBytes":1984,"silentlySkippedCount":0,"silentlySkippedDurationMs":0}
[17:35:46.225] INFO: txe:top_level_context Created block 7 with timestamp 1789493746
[17:35:46.615] INFO: simulator:public-processor Processed 1 successful txs and 0 failed txs (0 silently skipped, 0ms wasted) in 0.026989208000013604s {"blockNumber":8,"successfulCount":1,"failedCount":0,"duration":0.026989208000013604,"rate":72157248.92701624,"totalPublicGas":{"daGas":2368,"l2Gas":1947467},"totalBlockGas":{"daGas":3744,"l2Gas":2674217},"totalSizeInBytes":3744,"silentlySkippedCount":0,"silentlySkippedDurationMs":0}
[17:35:46.972] INFO: txe:top_level_context Created block 11 with timestamp 1789497347
[billboard_test] Testing c02::c02_included_future_child_timestamp_rejected ... [0m[32mok[0m
[17:35:47.850] INFO: kv-store:lmdb-v2 Starting data store with maxReaders 2
[17:35:47.851] INFO: world-state:database Creating world state data store at directory /var/folders/ym/q1vh2x5n58xbsmpmvs5_6w3r0000gn/T/aztec-world-state-W6MN0X/world_state with map sizes {"archiveTreeMapSizeKb":10485760,"nullifierTreeMapSizeKb":10485760,"noteHashTreeMapSizeKb":10485760,"messageTreeMapSizeKb":10485760,"publicDataTreeMapSizeKb":10485760} and 2 threads (ephemeral=true).
[17:35:47.860] INFO: txe_node Aztec Node version: txe
[17:35:47.860] INFO: txe_node Aztec Node started on chain 0x1
[17:35:47.872] INFO: txe:top_level_context Created block 1 with timestamp 1789490147
[17:35:47.907] INFO: txe:top_level_context Created block 2 with timestamp 1789490147
[17:35:47.972] INFO: simulator:public-processor Processed 1 successful txs and 0 failed txs (0 silently skipped, 0ms wasted) in 0.03799929100001464s {"blockNumber":3,"successfulCount":1,"failedCount":0,"duration":0.03799929100001464,"rate":85163431.07556279,"totalPublicGas":{"daGas":4000,"l2Gas":3236150},"totalBlockGas":{"daGas":4000,"l2Gas":3236150},"totalSizeInBytes":4128,"silentlySkippedCount":0,"silentlySkippedDurationMs":0}
[17:35:48.082] INFO: simulator:public-processor Processed 1 successful txs and 0 failed txs (0 silently skipped, 0ms wasted) in 0.013805332999996608s {"blockNumber":4,"successfulCount":1,"failedCount":0,"duration":0.013805332999996608,"rate":82618796.6635995,"totalPublicGas":{"daGas":192,"l2Gas":1140580},"totalBlockGas":{"daGas":320,"l2Gas":1731380},"totalSizeInBytes":320,"silentlySkippedCount":0,"silentlySkippedDurationMs":0}
[17:35:48.110] INFO: txe:top_level_context Created block 5 with timestamp 1789490147
[17:35:48.260] INFO: simulator:public-processor Processed 1 successful txs and 0 failed txs (0 silently skipped, 0ms wasted) in 0.0036553750000020953s {"blockNumber":6,"successfulCount":1,"failedCount":0,"duration":0.0036553750000020953,"rate":0,"totalPublicGas":{"daGas":0,"l2Gas":0},"totalBlockGas":{"daGas":1984,"l2Gas":529900},"totalSizeInBytes":1984,"silentlySkippedCount":0,"silentlySkippedDurationMs":0}
[17:35:48.288] INFO: txe:top_level_context Created block 7 with timestamp 1789491948
[17:35:48.673] INFO: simulator:public-processor Processed 1 successful txs and 0 failed txs (0 silently skipped, 0ms wasted) in 0.026568083999998635s {"blockNumber":8,"successfulCount":1,"failedCount":0,"duration":0.026568083999998635,"rate":73300995.28442097,"totalPublicGas":{"daGas":2368,"l2Gas":1947467},"totalBlockGas":{"daGas":3744,"l2Gas":2674217},"totalSizeInBytes":3744,"silentlySkippedCount":0,"silentlySkippedDurationMs":0}
[17:35:48.968] INFO: txe:top_level_context Created block 9 with timestamp 1789493747
[17:35:49.226] INFO: kv-store:lmdb-v2 Starting data store with maxReaders 2
[17:35:49.227] INFO: world-state:database Creating world state data store at directory /var/folders/ym/q1vh2x5n58xbsmpmvs5_6w3r0000gn/T/aztec-world-state-39vbLi/world_state with map sizes {"archiveTreeMapSizeKb":10485760,"nullifierTreeMapSizeKb":10485760,"noteHashTreeMapSizeKb":10485760,"messageTreeMapSizeKb":10485760,"publicDataTreeMapSizeKb":10485760} and 2 threads (ephemeral=true).
[17:35:49.236] INFO: txe_node Aztec Node version: txe
[17:35:49.236] INFO: txe_node Aztec Node started on chain 0x1
[17:35:49.253] INFO: txe:top_level_context Created block 1 with timestamp 1789490149
[17:35:49.347] INFO: txe:top_level_context Created block 2 with timestamp 1789490149
[17:35:49.363] INFO: simulator:public-processor Processed 1 successful txs and 0 failed txs (0 silently skipped, 0ms wasted) in 0.02765933299998869s {"blockNumber":10,"successfulCount":1,"failedCount":0,"duration":0.02765933299998869,"rate":70409036.97861391,"totalPublicGas":{"daGas":2368,"l2Gas":1947467},"totalBlockGas":{"daGas":3744,"l2Gas":2674217},"totalSizeInBytes":3744,"silentlySkippedCount":0,"silentlySkippedDurationMs":0}
[17:35:49.427] INFO: simulator:public-processor Processed 1 successful txs and 0 failed txs (0 silently skipped, 0ms wasted) in 0.05253216600001906s {"blockNumber":3,"successfulCount":1,"failedCount":0,"duration":0.05253216600001906,"rate":61603208.974836975,"totalPublicGas":{"daGas":4000,"l2Gas":3236150},"totalBlockGas":{"daGas":4000,"l2Gas":3236150},"totalSizeInBytes":4128,"silentlySkippedCount":0,"silentlySkippedDurationMs":0}
[17:35:49.592] INFO: simulator:public-processor Processed 1 successful txs and 0 failed txs (0 silently skipped, 0ms wasted) in 0.015286416999995708s {"blockNumber":4,"successfulCount":1,"failedCount":0,"duration":0.015286416999995708,"rate":74613953.02773176,"totalPublicGas":{"daGas":192,"l2Gas":1140580},"totalBlockGas":{"daGas":320,"l2Gas":1731380},"totalSizeInBytes":320,"silentlySkippedCount":0,"silentlySkippedDurationMs":0}
[17:35:49.628] INFO: txe:top_level_context Created block 5 with timestamp 1789490149
[17:35:49.826] INFO: simulator:public-processor Processed 1 successful txs and 0 failed txs (0 silently skipped, 0ms wasted) in 0.004090792000002693s {"blockNumber":6,"successfulCount":1,"failedCount":0,"duration":0.004090792000002693,"rate":0,"totalPublicGas":{"daGas":0,"l2Gas":0},"totalBlockGas":{"daGas":1984,"l2Gas":529900},"totalSizeInBytes":1984,"silentlySkippedCount":0,"silentlySkippedDurationMs":0}
[17:35:49.855] INFO: txe:top_level_context Created block 7 with timestamp 1789491950
[17:35:49.889] INFO: txe:top_level_context Created block 14 with timestamp 1789497349
[17:35:50.464] INFO: simulator:public-processor Processed 1 successful txs and 0 failed txs (0 silently skipped, 0ms wasted) in 0.08122487500001443s {"blockNumber":8,"successfulCount":1,"failedCount":0,"duration":0.08122487500001443,"rate":23976238.806149643,"totalPublicGas":{"daGas":2368,"l2Gas":1947467},"totalBlockGas":{"daGas":3744,"l2Gas":2674217},"totalSizeInBytes":3744,"silentlySkippedCount":0,"silentlySkippedDurationMs":0}
[billboard_test] Testing c02::c02_included_grandchild_cannot_precede_child_time ... [0m[32mok[0m
[17:35:50.760] INFO: txe:top_level_context Created block 9 with timestamp 1789493749
[17:35:51.131] INFO: simulator:public-processor Processed 1 successful txs and 0 failed txs (0 silently skipped, 0ms wasted) in 0.026816000000020723s {"blockNumber":10,"successfulCount":1,"failedCount":0,"duration":0.026816000000020723,"rate":72623321.89731859,"totalPublicGas":{"daGas":2368,"l2Gas":1947467},"totalBlockGas":{"daGas":3744,"l2Gas":2674217},"totalSizeInBytes":3744,"silentlySkippedCount":0,"silentlySkippedDurationMs":0}
[17:35:51.509] INFO: txe:top_level_context Created block 14 with timestamp 1789497351
[billboard_test] Testing c02::c02_included_grandchild_sequence_gap_rejected ... [0m[32mok[0m
[17:35:52.468] INFO: kv-store:lmdb-v2 Starting data store with maxReaders 2
[17:35:52.468] INFO: world-state:database Creating world state data store at directory /var/folders/ym/q1vh2x5n58xbsmpmvs5_6w3r0000gn/T/aztec-world-state-sPHKXY/world_state with map sizes {"archiveTreeMapSizeKb":10485760,"nullifierTreeMapSizeKb":10485760,"noteHashTreeMapSizeKb":10485760,"messageTreeMapSizeKb":10485760,"publicDataTreeMapSizeKb":10485760} and 2 threads (ephemeral=true).
[17:35:52.477] INFO: txe_node Aztec Node version: txe
[17:35:52.477] INFO: txe_node Aztec Node started on chain 0x1
[17:35:52.489] INFO: txe:top_level_context Created block 1 with timestamp 1789490152
[17:35:52.525] INFO: txe:top_level_context Created block 2 with timestamp 1789490152
[17:35:52.588] INFO: simulator:public-processor Processed 1 successful txs and 0 failed txs (0 silently skipped, 0ms wasted) in 0.037115583000006155s {"blockNumber":3,"successfulCount":1,"failedCount":0,"duration":0.037115583000006155,"rate":87191140.17418137,"totalPublicGas":{"daGas":4000,"l2Gas":3236150},"totalBlockGas":{"daGas":4000,"l2Gas":3236150},"totalSizeInBytes":4128,"silentlySkippedCount":0,"silentlySkippedDurationMs":0}
[17:35:52.701] INFO: simulator:public-processor Processed 1 successful txs and 0 failed txs (0 silently skipped, 0ms wasted) in 0.013937874999974155s {"blockNumber":4,"successfulCount":1,"failedCount":0,"duration":0.013937874999974155,"rate":81833134.53464857,"totalPublicGas":{"daGas":192,"l2Gas":1140580},"totalBlockGas":{"daGas":320,"l2Gas":1731380},"totalSizeInBytes":320,"silentlySkippedCount":0,"silentlySkippedDurationMs":0}
[17:35:52.729] INFO: txe:top_level_context Created block 5 with timestamp 1789490152
[17:35:52.906] INFO: simulator:public-processor Processed 1 successful txs and 0 failed txs (0 silently skipped, 0ms wasted) in 0.0036929159999999684s {"blockNumber":6,"successfulCount":1,"failedCount":0,"duration":0.0036929159999999684,"rate":0,"totalPublicGas":{"daGas":0,"l2Gas":0},"totalBlockGas":{"daGas":1984,"l2Gas":529900},"totalSizeInBytes":1984,"silentlySkippedCount":0,"silentlySkippedDurationMs":0}
[17:35:52.934] INFO: txe:top_level_context Created block 7 with timestamp 1789493753
[17:35:53.327] INFO: simulator:public-processor Processed 1 successful txs and 0 failed txs (0 silently skipped, 0ms wasted) in 0.027056875000009313s {"blockNumber":8,"successfulCount":1,"failedCount":0,"duration":0.027056875000009313,"rate":71976789.63292433,"totalPublicGas":{"daGas":2368,"l2Gas":1947467},"totalBlockGas":{"daGas":3744,"l2Gas":2674217},"totalSizeInBytes":3744,"silentlySkippedCount":0,"silentlySkippedDurationMs":0}
[17:35:53.684] INFO: txe:top_level_context Created block 11 with timestamp 1789497354
[17:35:53.897] INFO: kv-store:lmdb-v2 Starting data store with maxReaders 2
[17:35:53.953] INFO: world-state:database Creating world state data store at directory /var/folders/ym/q1vh2x5n58xbsmpmvs5_6w3r0000gn/T/aztec-world-state-RxdsJa/world_state with map sizes {"archiveTreeMapSizeKb":10485760,"nullifierTreeMapSizeKb":10485760,"noteHashTreeMapSizeKb":10485760,"messageTreeMapSizeKb":10485760,"publicDataTreeMapSizeKb":10485760} and 2 threads (ephemeral=true).
[17:35:53.962] INFO: txe_node Aztec Node version: txe
[17:35:53.962] INFO: txe_node Aztec Node started on chain 0x1
[17:35:53.974] INFO: txe:top_level_context Created block 1 with timestamp 1789490153
[billboard_test] Testing c02::c02_included_other_chain_rejected ... [0m[32mok[0m
[17:35:54.010] INFO: txe:top_level_context Created block 2 with timestamp 1789490153
[17:35:54.074] INFO: simulator:public-processor Processed 1 successful txs and 0 failed txs (0 silently skipped, 0ms wasted) in 0.03775499999997555s {"blockNumber":3,"successfulCount":1,"failedCount":0,"duration":0.03775499999997555,"rate":85714474.90404174,"totalPublicGas":{"daGas":4000,"l2Gas":3236150},"totalBlockGas":{"daGas":4000,"l2Gas":3236150},"totalSizeInBytes":4128,"silentlySkippedCount":0,"silentlySkippedDurationMs":0}
[17:35:54.185] INFO: simulator:public-processor Processed 1 successful txs and 0 failed txs (0 silently skipped, 0ms wasted) in 0.014008874999999534s {"blockNumber":4,"successfulCount":1,"failedCount":0,"duration":0.014008874999999534,"rate":81418386.55852364,"totalPublicGas":{"daGas":192,"l2Gas":1140580},"totalBlockGas":{"daGas":320,"l2Gas":1731380},"totalSizeInBytes":320,"silentlySkippedCount":0,"silentlySkippedDurationMs":0}
[17:35:54.213] INFO: txe:top_level_context Created block 5 with timestamp 1789490153
[17:35:54.384] INFO: simulator:public-processor Processed 1 successful txs and 0 failed txs (0 silently skipped, 0ms wasted) in 0.003941374999994878s {"blockNumber":6,"successfulCount":1,"failedCount":0,"duration":0.003941374999994878,"rate":0,"totalPublicGas":{"daGas":0,"l2Gas":0},"totalBlockGas":{"daGas":1984,"l2Gas":529900},"totalSizeInBytes":1984,"silentlySkippedCount":0,"silentlySkippedDurationMs":0}
[17:35:54.413] INFO: txe:top_level_context Created block 7 with timestamp 1789493754
[17:35:54.798] INFO: simulator:public-processor Processed 1 successful txs and 0 failed txs (0 silently skipped, 0ms wasted) in 0.02690195900000981s {"blockNumber":8,"successfulCount":1,"failedCount":0,"duration":0.02690195900000981,"rate":72391270.83642086,"totalPublicGas":{"daGas":2368,"l2Gas":1947467},"totalBlockGas":{"daGas":3744,"l2Gas":2674217},"totalSizeInBytes":3744,"silentlySkippedCount":0,"silentlySkippedDurationMs":0}
[17:35:55.162] INFO: txe:top_level_context Created block 11 with timestamp 1789497355
[billboard_test] Testing c02::c02_included_same_content_different_head_rejected ... [0m[32mok[0m
[17:35:55.935] INFO: kv-store:lmdb-v2 Starting data store with maxReaders 2
[17:35:55.936] INFO: world-state:database Creating world state data store at directory /var/folders/ym/q1vh2x5n58xbsmpmvs5_6w3r0000gn/T/aztec-world-state-Kco26k/world_state with map sizes {"archiveTreeMapSizeKb":10485760,"nullifierTreeMapSizeKb":10485760,"noteHashTreeMapSizeKb":10485760,"messageTreeMapSizeKb":10485760,"publicDataTreeMapSizeKb":10485760} and 2 threads (ephemeral=true).
[17:35:55.945] INFO: txe_node Aztec Node version: txe
[17:35:55.945] INFO: txe_node Aztec Node started on chain 0x1
[17:35:55.957] INFO: txe:top_level_context Created block 1 with timestamp 1789490155
[17:35:55.992] INFO: txe:top_level_context Created block 2 with timestamp 1789490155
[17:35:56.056] INFO: simulator:public-processor Processed 1 successful txs and 0 failed txs (0 silently skipped, 0ms wasted) in 0.03747087499999907s {"blockNumber":3,"successfulCount":1,"failedCount":0,"duration":0.03747087499999907,"rate":86364409.69152923,"totalPublicGas":{"daGas":4000,"l2Gas":3236150},"totalBlockGas":{"daGas":4000,"l2Gas":3236150},"totalSizeInBytes":4128,"silentlySkippedCount":0,"silentlySkippedDurationMs":0}
[17:35:56.176] INFO: simulator:public-processor Processed 1 successful txs and 0 failed txs (0 silently skipped, 0ms wasted) in 0.0139347500000149s {"blockNumber":4,"successfulCount":1,"failedCount":0,"duration":0.0139347500000149,"rate":81851486.39184631,"totalPublicGas":{"daGas":192,"l2Gas":1140580},"totalBlockGas":{"daGas":320,"l2Gas":1731380},"totalSizeInBytes":320,"silentlySkippedCount":0,"silentlySkippedDurationMs":0}
[17:35:56.204] INFO: txe:top_level_context Created block 5 with timestamp 1789490155
[17:35:56.428] INFO: simulator:public-processor Processed 1 successful txs and 0 failed txs (0 silently skipped, 0ms wasted) in 0.0038317499999830033s {"blockNumber":6,"successfulCount":1,"failedCount":0,"duration":0.0038317499999830033,"rate":0,"totalPublicGas":{"daGas":0,"l2Gas":0},"totalBlockGas":{"daGas":1984,"l2Gas":529900},"totalSizeInBytes":1984,"silentlySkippedCount":0,"silentlySkippedDurationMs":0}
[17:35:56.457] INFO: txe:top_level_context Created block 7 with timestamp 1789493756
[17:35:56.845] INFO: simulator:public-processor Processed 1 successful txs and 0 failed txs (0 silently skipped, 0ms wasted) in 0.026984541999991053s {"blockNumber":8,"successfulCount":1,"failedCount":0,"duration":0.026984541999991053,"rate":72169725.91199234,"totalPublicGas":{"daGas":2368,"l2Gas":1947467},"totalBlockGas":{"daGas":3744,"l2Gas":2674217},"totalSizeInBytes":3744,"silentlySkippedCount":0,"silentlySkippedDurationMs":0}
[17:35:57.213] INFO: txe:top_level_context Created block 11 with timestamp 1789497357
[billboard_test] Testing c02::c02_included_sequence_gap_rejected ... [0m[32mok[0m
[17:35:57.479] INFO: kv-store:lmdb-v2 Starting data store with maxReaders 2
[17:35:57.480] INFO: world-state:database Creating world state data store at directory /var/folders/ym/q1vh2x5n58xbsmpmvs5_6w3r0000gn/T/aztec-world-state-4EENL6/world_state with map sizes {"archiveTreeMapSizeKb":10485760,"nullifierTreeMapSizeKb":10485760,"noteHashTreeMapSizeKb":10485760,"messageTreeMapSizeKb":10485760,"publicDataTreeMapSizeKb":10485760} and 2 threads (ephemeral=true).
[17:35:57.490] INFO: txe_node Aztec Node version: txe
[17:35:57.490] INFO: txe_node Aztec Node started on chain 0x1
[17:35:57.503] INFO: txe:top_level_context Created block 1 with timestamp 1789490157
[17:35:57.539] INFO: txe:top_level_context Created block 2 with timestamp 1789490157
[17:35:57.602] INFO: simulator:public-processor Processed 1 successful txs and 0 failed txs (0 silently skipped, 0ms wasted) in 0.037256541999988256s {"blockNumber":3,"successfulCount":1,"failedCount":0,"duration":0.037256541999988256,"rate":86861255.1320791,"totalPublicGas":{"daGas":4000,"l2Gas":3236150},"totalBlockGas":{"daGas":4000,"l2Gas":3236150},"totalSizeInBytes":4128,"silentlySkippedCount":0,"silentlySkippedDurationMs":0}
[17:35:57.713] INFO: simulator:public-processor Processed 1 successful txs and 0 failed txs (0 silently skipped, 0ms wasted) in 0.01396037499999511s {"blockNumber":4,"successfulCount":1,"failedCount":0,"duration":0.01396037499999511,"rate":81701243.6987115,"totalPublicGas":{"daGas":192,"l2Gas":1140580},"totalBlockGas":{"daGas":320,"l2Gas":1731380},"totalSizeInBytes":320,"silentlySkippedCount":0,"silentlySkippedDurationMs":0}
[17:35:57.740] INFO: txe:top_level_context Created block 5 with timestamp 1789490157
[17:35:57.889] INFO: simulator:public-processor Processed 1 successful txs and 0 failed txs (0 silently skipped, 0ms wasted) in 0.0037182080000056883s {"blockNumber":6,"successfulCount":1,"failedCount":0,"duration":0.0037182080000056883,"rate":0,"totalPublicGas":{"daGas":0,"l2Gas":0},"totalBlockGas":{"daGas":1984,"l2Gas":529900},"totalSizeInBytes":1984,"silentlySkippedCount":0,"silentlySkippedDurationMs":0}
[17:35:57.917] INFO: txe:top_level_context Created block 7 with timestamp 1789493758
[17:35:58.298] INFO: simulator:public-processor Processed 1 successful txs and 0 failed txs (0 silently skipped, 0ms wasted) in 0.026542207999998936s {"blockNumber":8,"successfulCount":1,"failedCount":0,"duration":0.026542207999998936,"rate":73372456.42864671,"totalPublicGas":{"daGas":2368,"l2Gas":1947467},"totalBlockGas":{"daGas":3744,"l2Gas":2674217},"totalSizeInBytes":3744,"silentlySkippedCount":0,"silentlySkippedDurationMs":0}
[17:35:58.652] INFO: txe:top_level_context Created block 11 with timestamp 1789497359
[billboard_test] Testing c02::c02_included_wrong_owner_rejected ... [0m[32mok[0m
[17:35:59.454] INFO: kv-store:lmdb-v2 Starting data store with maxReaders 2
[17:35:59.455] INFO: world-state:database Creating world state data store at directory /var/folders/ym/q1vh2x5n58xbsmpmvs5_6w3r0000gn/T/aztec-world-state-CsOe9A/world_state with map sizes {"archiveTreeMapSizeKb":10485760,"nullifierTreeMapSizeKb":10485760,"noteHashTreeMapSizeKb":10485760,"messageTreeMapSizeKb":10485760,"publicDataTreeMapSizeKb":10485760} and 2 threads (ephemeral=true).
[17:35:59.464] INFO: txe_node Aztec Node version: txe
[17:35:59.464] INFO: txe_node Aztec Node started on chain 0x1
[17:35:59.475] INFO: txe:top_level_context Created block 1 with timestamp 1789490159
[17:35:59.511] INFO: txe:top_level_context Created block 2 with timestamp 1789490159
[17:35:59.574] INFO: simulator:public-processor Processed 1 successful txs and 0 failed txs (0 silently skipped, 0ms wasted) in 0.03690258299998823s {"blockNumber":3,"successfulCount":1,"failedCount":0,"duration":0.03690258299998823,"rate":87694403.39721023,"totalPublicGas":{"daGas":4000,"l2Gas":3236150},"totalBlockGas":{"daGas":4000,"l2Gas":3236150},"totalSizeInBytes":4128,"silentlySkippedCount":0,"silentlySkippedDurationMs":0}
[17:35:59.683] INFO: simulator:public-processor Processed 1 successful txs and 0 failed txs (0 silently skipped, 0ms wasted) in 0.014075041000003693s {"blockNumber":4,"successfulCount":1,"failedCount":0,"duration":0.014075041000003693,"rate":81035643.16435744,"totalPublicGas":{"daGas":192,"l2Gas":1140580},"totalBlockGas":{"daGas":320,"l2Gas":1731380},"totalSizeInBytes":320,"silentlySkippedCount":0,"silentlySkippedDurationMs":0}
[17:35:59.711] INFO: txe:top_level_context Created block 5 with timestamp 1789490159
[17:35:59.858] INFO: simulator:public-processor Processed 1 successful txs and 0 failed txs (0 silently skipped, 0ms wasted) in 0.0036971659999981057s {"blockNumber":6,"successfulCount":1,"failedCount":0,"duration":0.0036971659999981057,"rate":0,"totalPublicGas":{"daGas":0,"l2Gas":0},"totalBlockGas":{"daGas":1984,"l2Gas":529900},"totalSizeInBytes":1984,"silentlySkippedCount":0,"silentlySkippedDurationMs":0}
[17:35:59.886] INFO: txe:top_level_context Created block 7 with timestamp 1789493760
[17:36:00.276] INFO: simulator:public-processor Processed 1 successful txs and 0 failed txs (0 silently skipped, 0ms wasted) in 0.02704458399998839s {"blockNumber":8,"successfulCount":1,"failedCount":0,"duration":0.02704458399998839,"rate":72009501.0520715,"totalPublicGas":{"daGas":2368,"l2Gas":1947467},"totalBlockGas":{"daGas":3744,"l2Gas":2674217},"totalSizeInBytes":3744,"silentlySkippedCount":0,"silentlySkippedDurationMs":0}
[17:36:00.634] INFO: txe:top_level_context Created block 11 with timestamp 1789497361
[billboard_test] Testing c02::c02_included_wrong_schema_rejected ... [0m[32mok[0m
[17:36:00.900] INFO: kv-store:lmdb-v2 Starting data store with maxReaders 2
[17:36:00.901] INFO: world-state:database Creating world state data store at directory /var/folders/ym/q1vh2x5n58xbsmpmvs5_6w3r0000gn/T/aztec-world-state-9qsYJ0/world_state with map sizes {"archiveTreeMapSizeKb":10485760,"nullifierTreeMapSizeKb":10485760,"noteHashTreeMapSizeKb":10485760,"messageTreeMapSizeKb":10485760,"publicDataTreeMapSizeKb":10485760} and 2 threads (ephemeral=true).
[17:36:00.911] INFO: txe_node Aztec Node version: txe
[17:36:00.911] INFO: txe_node Aztec Node started on chain 0x1
[17:36:00.922] INFO: txe:top_level_context Created block 1 with timestamp 1789490160
[17:36:00.959] INFO: txe:top_level_context Created block 2 with timestamp 1789490160
[17:36:01.023] INFO: simulator:public-processor Processed 1 successful txs and 0 failed txs (0 silently skipped, 0ms wasted) in 0.03746833400000469s {"blockNumber":3,"successfulCount":1,"failedCount":0,"duration":0.03746833400000469,"rate":86370266.68972245,"totalPublicGas":{"daGas":4000,"l2Gas":3236150},"totalBlockGas":{"daGas":4000,"l2Gas":3236150},"totalSizeInBytes":4128,"silentlySkippedCount":0,"silentlySkippedDurationMs":0}
[17:36:01.132] INFO: simulator:public-processor Processed 1 successful txs and 0 failed txs (0 silently skipped, 0ms wasted) in 0.013814916000002996s {"blockNumber":4,"successfulCount":1,"failedCount":0,"duration":0.013814916000002996,"rate":82561486.43971144,"totalPublicGas":{"daGas":192,"l2Gas":1140580},"totalBlockGas":{"daGas":320,"l2Gas":1731380},"totalSizeInBytes":320,"silentlySkippedCount":0,"silentlySkippedDurationMs":0}
[17:36:01.160] INFO: txe:top_level_context Created block 5 with timestamp 1789490160
[17:36:01.311] INFO: simulator:public-processor Processed 1 successful txs and 0 failed txs (0 silently skipped, 0ms wasted) in 0.003853999999992084s {"blockNumber":6,"successfulCount":1,"failedCount":0,"duration":0.003853999999992084,"rate":0,"totalPublicGas":{"daGas":0,"l2Gas":0},"totalBlockGas":{"daGas":1984,"l2Gas":529900},"totalSizeInBytes":1984,"silentlySkippedCount":0,"silentlySkippedDurationMs":0}
[17:36:01.340] INFO: txe:top_level_context Created block 7 with timestamp 1789493761
[17:36:01.728] INFO: simulator:public-processor Processed 1 successful txs and 0 failed txs (0 silently skipped, 0ms wasted) in 0.026807207999983804s {"blockNumber":8,"successfulCount":1,"failedCount":0,"duration":0.026807207999983804,"rate":72647140.27664413,"totalPublicGas":{"daGas":2368,"l2Gas":1947467},"totalBlockGas":{"daGas":3744,"l2Gas":2674217},"totalSizeInBytes":3744,"silentlySkippedCount":0,"silentlySkippedDurationMs":0}
[17:36:02.081] INFO: txe:top_level_context Created block 11 with timestamp 1789497362
[billboard_test] Testing c02::c02_included_wrong_slot_rejected ... [0m[32mok[0m
[17:36:02.816] INFO: kv-store:lmdb-v2 Starting data store with maxReaders 2
[17:36:02.817] INFO: world-state:database Creating world state data store at directory /var/folders/ym/q1vh2x5n58xbsmpmvs5_6w3r0000gn/T/aztec-world-state-iOnpgc/world_state with map sizes {"archiveTreeMapSizeKb":10485760,"nullifierTreeMapSizeKb":10485760,"noteHashTreeMapSizeKb":10485760,"messageTreeMapSizeKb":10485760,"publicDataTreeMapSizeKb":10485760} and 2 threads (ephemeral=true).
[17:36:02.826] INFO: txe_node Aztec Node version: txe
[17:36:02.826] INFO: txe_node Aztec Node started on chain 0x1
[17:36:02.837] INFO: txe:top_level_context Created block 1 with timestamp 1789490162
[17:36:02.873] INFO: txe:top_level_context Created block 2 with timestamp 1789490162
[17:36:02.937] INFO: simulator:public-processor Processed 1 successful txs and 0 failed txs (0 silently skipped, 0ms wasted) in 0.03763404199999058s {"blockNumber":3,"successfulCount":1,"failedCount":0,"duration":0.03763404199999058,"rate":85989966.21199524,"totalPublicGas":{"daGas":4000,"l2Gas":3236150},"totalBlockGas":{"daGas":4000,"l2Gas":3236150},"totalSizeInBytes":4128,"silentlySkippedCount":0,"silentlySkippedDurationMs":0}
[17:36:03.047] INFO: simulator:public-processor Processed 1 successful txs and 0 failed txs (0 silently skipped, 0ms wasted) in 0.01380895900001633s {"blockNumber":4,"successfulCount":1,"failedCount":0,"duration":0.01380895900001633,"rate":82597102.35931987,"totalPublicGas":{"daGas":192,"l2Gas":1140580},"totalBlockGas":{"daGas":320,"l2Gas":1731380},"totalSizeInBytes":320,"silentlySkippedCount":0,"silentlySkippedDurationMs":0}
[17:36:03.075] INFO: txe:top_level_context Created block 5 with timestamp 1789490162
[17:36:03.221] INFO: simulator:public-processor Processed 1 successful txs and 0 failed txs (0 silently skipped, 0ms wasted) in 0.0036994589999958406s {"blockNumber":6,"successfulCount":1,"failedCount":0,"duration":0.0036994589999958406,"rate":0,"totalPublicGas":{"daGas":0,"l2Gas":0},"totalBlockGas":{"daGas":1984,"l2Gas":529900},"totalSizeInBytes":1984,"silentlySkippedCount":0,"silentlySkippedDurationMs":0}
[17:36:03.249] INFO: txe:top_level_context Created block 7 with timestamp 1789491963
[17:36:03.607] INFO: simulator:public-processor Processed 1 successful txs and 0 failed txs (0 silently skipped, 0ms wasted) in 0.003912374999985332s {"blockNumber":8,"successfulCount":1,"failedCount":0,"duration":0.003912374999985332,"rate":0,"totalPublicGas":{"daGas":0,"l2Gas":0},"totalBlockGas":{"daGas":1440,"l2Gas":527400},"totalSizeInBytes":1440,"silentlySkippedCount":0,"silentlySkippedDurationMs":0}
[17:36:03.925] INFO: simulator:public-processor Processed 1 successful txs and 0 failed txs (0 silently skipped, 0ms wasted) in 0.004202958000008948s {"blockNumber":10,"successfulCount":1,"failedCount":0,"duration":0.004202958000008948,"rate":2457554.8934769295,"totalPublicGas":{"daGas":0,"l2Gas":10329},"totalBlockGas":{"daGas":0,"l2Gas":10329},"totalSizeInBytes":128,"silentlySkippedCount":0,"silentlySkippedDurationMs":0}
[17:36:03.940] INFO: simulator:public-processor Processed 1 successful txs and 0 failed txs (0 silently skipped, 0ms wasted) in 0.00435341700000572s {"blockNumber":10,"successfulCount":1,"failedCount":0,"duration":0.00435341700000572,"rate":2027372.9808075824,"totalPublicGas":{"daGas":0,"l2Gas":8826},"totalBlockGas":{"daGas":0,"l2Gas":8826},"totalSizeInBytes":128,"silentlySkippedCount":0,"silentlySkippedDurationMs":0}
[17:36:04.200] INFO: txe:top_level_context Created block 10 with timestamp 1789493762
[17:36:04.262] INFO: kv-store:lmdb-v2 Starting data store with maxReaders 2
[17:36:04.262] INFO: world-state:database Creating world state data store at directory /var/folders/ym/q1vh2x5n58xbsmpmvs5_6w3r0000gn/T/aztec-world-state-UpLmIW/world_state with map sizes {"archiveTreeMapSizeKb":10485760,"nullifierTreeMapSizeKb":10485760,"noteHashTreeMapSizeKb":10485760,"messageTreeMapSizeKb":10485760,"publicDataTreeMapSizeKb":10485760} and 2 threads (ephemeral=true).
[17:36:04.275] INFO: txe_node Aztec Node version: txe
[17:36:04.275] INFO: txe_node Aztec Node started on chain 0x1
[17:36:04.290] INFO: txe:top_level_context Created block 1 with timestamp 1789490164
[17:36:04.556] INFO: txe:top_level_context Created block 2 with timestamp 1789490164
[17:36:04.595] INFO: simulator:public-processor Processed 1 successful txs and 0 failed txs (0 silently skipped, 0ms wasted) in 0.027316625000006752s {"blockNumber":11,"successfulCount":1,"failedCount":0,"duration":0.027316625000006752,"rate":71292372.31903717,"totalPublicGas":{"daGas":2368,"l2Gas":1947467},"totalBlockGas":{"daGas":3744,"l2Gas":2674217},"totalSizeInBytes":3744,"silentlySkippedCount":0,"silentlySkippedDurationMs":0}
[17:36:04.650] INFO: simulator:public-processor Processed 1 successful txs and 0 failed txs (0 silently skipped, 0ms wasted) in 0.06339041599998017s {"blockNumber":3,"successfulCount":1,"failedCount":0,"duration":0.06339041599998017,"rate":51051092.644683264,"totalPublicGas":{"daGas":4000,"l2Gas":3236150},"totalBlockGas":{"daGas":4000,"l2Gas":3236150},"totalSizeInBytes":4128,"silentlySkippedCount":0,"silentlySkippedDurationMs":0}
[17:36:04.816] INFO: simulator:public-processor Processed 1 successful txs and 0 failed txs (0 silently skipped, 0ms wasted) in 0.015465666999982204s {"blockNumber":4,"successfulCount":1,"failedCount":0,"duration":0.015465666999982204,"rate":73749163.2272512,"totalPublicGas":{"daGas":192,"l2Gas":1140580},"totalBlockGas":{"daGas":320,"l2Gas":1731380},"totalSizeInBytes":320,"silentlySkippedCount":0,"silentlySkippedDurationMs":0}
[17:36:04.849] INFO: txe:top_level_context Created block 5 with timestamp 1789490164
[billboard_test] Testing c02::c02_included_young_dummy_advances_without_publication_or_penalty ... [0m[32mok[0m
[17:36:05.029] INFO: simulator:public-processor Processed 1 successful txs and 0 failed txs (0 silently skipped, 0ms wasted) in 0.008675499999983004s {"blockNumber":6,"successfulCount":1,"failedCount":0,"duration":0.008675499999983004,"rate":0,"totalPublicGas":{"daGas":0,"l2Gas":0},"totalBlockGas":{"daGas":1984,"l2Gas":529900},"totalSizeInBytes":1984,"silentlySkippedCount":0,"silentlySkippedDurationMs":0}
[17:36:05.057] INFO: txe:top_level_context Created block 7 with timestamp 1789493765
[17:36:05.442] INFO: simulator:public-processor Processed 1 successful txs and 0 failed txs (0 silently skipped, 0ms wasted) in 0.026638459000008878s {"blockNumber":8,"successfulCount":1,"failedCount":0,"duration":0.026638459000008878,"rate":73107344.53518318,"totalPublicGas":{"daGas":2368,"l2Gas":1947467},"totalBlockGas":{"daGas":3744,"l2Gas":2674217},"totalSizeInBytes":3744,"silentlySkippedCount":0,"silentlySkippedDurationMs":0}
[17:36:06.008] INFO: txe:top_level_context Created block 10 with timestamp 1789497366
[17:36:06.378] INFO: simulator:public-processor Processed 1 successful txs and 0 failed txs (0 silently skipped, 0ms wasted) in 0.026797999999980674s {"blockNumber":11,"successfulCount":1,"failedCount":0,"duration":0.026797999999980674,"rate":72672102.39575358,"totalPublicGas":{"daGas":2368,"l2Gas":1947467},"totalBlockGas":{"daGas":3744,"l2Gas":2674217},"totalSizeInBytes":3744,"silentlySkippedCount":0,"silentlySkippedDurationMs":0}
[billboard_test] Testing c02::c02_matching_included_child_advances_exactly_one ... [0m[32mok[0m
[17:36:06.957] INFO: kv-store:lmdb-v2 Starting data store with maxReaders 2
[17:36:06.958] INFO: world-state:database Creating world state data store at directory /var/folders/ym/q1vh2x5n58xbsmpmvs5_6w3r0000gn/T/aztec-world-state-goa7Fu/world_state with map sizes {"archiveTreeMapSizeKb":10485760,"nullifierTreeMapSizeKb":10485760,"noteHashTreeMapSizeKb":10485760,"messageTreeMapSizeKb":10485760,"publicDataTreeMapSizeKb":10485760} and 2 threads (ephemeral=true).
[17:36:06.967] INFO: txe_node Aztec Node version: txe
[17:36:06.967] INFO: txe_node Aztec Node started on chain 0x1
[17:36:06.978] INFO: txe:top_level_context Created block 1 with timestamp 1789490166
[17:36:07.014] INFO: txe:top_level_context Created block 2 with timestamp 1789490166
[17:36:07.078] INFO: simulator:public-processor Processed 1 successful txs and 0 failed txs (0 silently skipped, 0ms wasted) in 0.037556333000015s {"blockNumber":3,"successfulCount":1,"failedCount":0,"duration":0.037556333000015,"rate":86167890.77886565,"totalPublicGas":{"daGas":4000,"l2Gas":3236150},"totalBlockGas":{"daGas":4000,"l2Gas":3236150},"totalSizeInBytes":4128,"silentlySkippedCount":0,"silentlySkippedDurationMs":0}
[17:36:07.187] INFO: simulator:public-processor Processed 1 successful txs and 0 failed txs (0 silently skipped, 0ms wasted) in 0.013610833999991882s {"blockNumber":4,"successfulCount":1,"failedCount":0,"duration":0.013610833999991882,"rate":83799420.37355538,"totalPublicGas":{"daGas":192,"l2Gas":1140580},"totalBlockGas":{"daGas":320,"l2Gas":1731380},"totalSizeInBytes":320,"silentlySkippedCount":0,"silentlySkippedDurationMs":0}
[17:36:07.214] INFO: txe:top_level_context Created block 5 with timestamp 1789490166
[17:36:07.361] INFO: simulator:public-processor Processed 1 successful txs and 0 failed txs (0 silently skipped, 0ms wasted) in 0.0036647909999883268s {"blockNumber":6,"successfulCount":1,"failedCount":0,"duration":0.0036647909999883268,"rate":0,"totalPublicGas":{"daGas":0,"l2Gas":0},"totalBlockGas":{"daGas":1984,"l2Gas":529900},"totalSizeInBytes":1984,"silentlySkippedCount":0,"silentlySkippedDurationMs":0}
[17:36:07.389] INFO: txe:top_level_context Created block 7 with timestamp 1789493767
[17:36:07.784] INFO: simulator:public-processor Processed 1 successful txs and 0 failed txs (0 silently skipped, 0ms wasted) in 0.02640579200000502s {"blockNumber":8,"successfulCount":1,"failedCount":0,"duration":0.02640579200000502,"rate":73751508.75988229,"totalPublicGas":{"daGas":2368,"l2Gas":1947467},"totalBlockGas":{"daGas":3744,"l2Gas":2674217},"totalSizeInBytes":3744,"silentlySkippedCount":0,"silentlySkippedDurationMs":0}
[17:36:08.076] INFO: txe:top_level_context Created block 9 with timestamp 1789497368
[17:36:08.418] INFO: simulator:public-processor Processed 1 successful txs and 0 failed txs (0 silently skipped, 0ms wasted) in 0.0037802500000107104s {"blockNumber":10,"successfulCount":1,"failedCount":0,"duration":0.0037802500000107104,"rate":0,"totalPublicGas":{"daGas":0,"l2Gas":0},"totalBlockGas":{"daGas":1440,"l2Gas":527400},"totalSizeInBytes":1440,"silentlySkippedCount":0,"silentlySkippedDurationMs":0}
[17:36:08.575] INFO: kv-store:lmdb-v2 Starting data store with maxReaders 2
[17:36:08.577] INFO: world-state:database Creating world state data store at directory /var/folders/ym/q1vh2x5n58xbsmpmvs5_6w3r0000gn/T/aztec-world-state-C60eYd/world_state with map sizes {"archiveTreeMapSizeKb":10485760,"nullifierTreeMapSizeKb":10485760,"noteHashTreeMapSizeKb":10485760,"messageTreeMapSizeKb":10485760,"publicDataTreeMapSizeKb":10485760} and 2 threads (ephemeral=true).
[17:36:08.589] INFO: txe_node Aztec Node version: txe
[17:36:08.589] INFO: txe_node Aztec Node started on chain 0x1
[17:36:08.611] INFO: txe:top_level_context Created block 1 with timestamp 1789490168
[17:36:08.653] INFO: txe:top_level_context Created block 2 with timestamp 1789490168
[17:36:08.723] INFO: simulator:public-processor Processed 1 successful txs and 0 failed txs (0 silently skipped, 0ms wasted) in 0.04316612499998882s {"blockNumber":3,"successfulCount":1,"failedCount":0,"duration":0.04316612499998882,"rate":74969666.60780503,"totalPublicGas":{"daGas":4000,"l2Gas":3236150},"totalBlockGas":{"daGas":4000,"l2Gas":3236150},"totalSizeInBytes":4128,"silentlySkippedCount":0,"silentlySkippedDurationMs":0}
[17:36:08.751] INFO: txe:top_level_context Created block 11 with timestamp 1789500967
[17:36:08.880] INFO: simulator:public-processor Processed 1 successful txs and 0 failed txs (0 silently skipped, 0ms wasted) in 0.016795624999998836s {"blockNumber":4,"successfulCount":1,"failedCount":0,"duration":0.016795624999998836,"rate":67909351.39359678,"totalPublicGas":{"daGas":192,"l2Gas":1140580},"totalBlockGas":{"daGas":320,"l2Gas":1731380},"totalSizeInBytes":320,"silentlySkippedCount":0,"silentlySkippedDurationMs":0}
[17:36:08.905] INFO: simulator:public-processor Processed 1 successful txs and 0 failed txs (0 silently skipped, 0ms wasted) in 0.003432957999990322s {"blockNumber":12,"successfulCount":1,"failedCount":0,"duration":0.003432957999990322,"rate":0,"totalPublicGas":{"daGas":0,"l2Gas":0},"totalBlockGas":{"daGas":256,"l2Gas":477200},"totalSizeInBytes":256,"silentlySkippedCount":0,"silentlySkippedDurationMs":0}
[17:36:08.908] INFO: txe:top_level_context Created block 5 with timestamp 1789490168
[17:36:09.150] INFO: simulator:public-processor Processed 1 successful txs and 0 failed txs (0 silently skipped, 0ms wasted) in 0.003935832999995909s {"blockNumber":6,"successfulCount":1,"failedCount":0,"duration":0.003935832999995909,"rate":0,"totalPublicGas":{"daGas":0,"l2Gas":0},"totalBlockGas":{"daGas":1984,"l2Gas":529900},"totalSizeInBytes":1984,"silentlySkippedCount":0,"silentlySkippedDurationMs":0}
[17:36:09.263] INFO: txe:top_level_context Created block 9 with timestamp 1789493769
[17:36:09.346] INFO: txe:top_level_context Created block 14 with timestamp 1789500967
[billboard_test] Testing c02::c02_no_history_rejects_included_unused_hint ... [0m[32mok[0m
[17:36:09.678] INFO: simulator:public-processor Processed 1 successful txs and 0 failed txs (0 silently skipped, 0ms wasted) in 0.00372929099999601s {"blockNumber":15,"successfulCount":1,"failedCount":0,"duration":0.00372929099999601,"rate":0,"totalPublicGas":{"daGas":0,"l2Gas":0},"totalBlockGas":{"daGas":832,"l2Gas":499700},"totalSizeInBytes":832,"silentlySkippedCount":0,"silentlySkippedDurationMs":0}
[17:36:09.971] INFO: txe:top_level_context Created block 16 with timestamp 1789504568
[17:36:10.345] INFO: simulator:public-processor Processed 1 successful txs and 0 failed txs (0 silently skipped, 0ms wasted) in 0.027049499999993714s {"blockNumber":17,"successfulCount":1,"failedCount":0,"duration":0.027049499999993714,"rate":71996413.98179089,"totalPublicGas":{"daGas":2368,"l2Gas":1947467},"totalBlockGas":{"daGas":3744,"l2Gas":2674217},"totalSizeInBytes":3744,"silentlySkippedCount":0,"silentlySkippedDurationMs":0}
[17:36:10.945] INFO: txe:top_level_context Created block 20 with timestamp 1789508169
[17:36:11.318] INFO: simulator:public-processor Processed 1 successful txs and 0 failed txs (0 silently skipped, 0ms wasted) in 0.02690341699999408s {"blockNumber":21,"successfulCount":1,"failedCount":0,"duration":0.02690341699999408,"rate":72387347.67410506,"totalPublicGas":{"daGas":2368,"l2Gas":1947467},"totalBlockGas":{"daGas":3744,"l2Gas":2674217},"totalSizeInBytes":3744,"silentlySkippedCount":0,"silentlySkippedDurationMs":0}
[17:36:11.497] INFO: kv-store:lmdb-v2 Starting data store with maxReaders 2
[17:36:11.497] INFO: world-state:database Creating world state data store at directory /var/folders/ym/q1vh2x5n58xbsmpmvs5_6w3r0000gn/T/aztec-world-state-YunjvX/world_state with map sizes {"archiveTreeMapSizeKb":10485760,"nullifierTreeMapSizeKb":10485760,"noteHashTreeMapSizeKb":10485760,"messageTreeMapSizeKb":10485760,"publicDataTreeMapSizeKb":10485760} and 2 threads (ephemeral=true).
[17:36:11.515] INFO: txe_node Aztec Node version: txe
[17:36:11.515] INFO: txe_node Aztec Node started on chain 0x1
[17:36:11.536] INFO: txe:top_level_context Created block 1 with timestamp 1789490171
[17:36:11.579] INFO: txe:top_level_context Created block 2 with timestamp 1789490171
[17:36:11.650] INFO: simulator:public-processor Processed 1 successful txs and 0 failed txs (0 silently skipped, 0ms wasted) in 0.0433587079999852s {"blockNumber":3,"successfulCount":1,"failedCount":0,"duration":0.0433587079999852,"rate":74636679.67230722,"totalPublicGas":{"daGas":4000,"l2Gas":3236150},"totalBlockGas":{"daGas":4000,"l2Gas":3236150},"totalSizeInBytes":4128,"silentlySkippedCount":0,"silentlySkippedDurationMs":0}
[billboard_test] Testing c02::c02_new_cycle_screens_new_history_after_old_right_burn ... [0m[32mok[0m
[17:36:11.763] INFO: simulator:public-processor Processed 1 successful txs and 0 failed txs (0 silently skipped, 0ms wasted) in 0.013652665999979946s {"blockNumber":4,"successfulCount":1,"failedCount":0,"duration":0.013652665999979946,"rate":83542657.52942872,"totalPublicGas":{"daGas":192,"l2Gas":1140580},"totalBlockGas":{"daGas":320,"l2Gas":1731380},"totalSizeInBytes":320,"silentlySkippedCount":0,"silentlySkippedDurationMs":0}
[17:36:11.791] INFO: txe:top_level_context Created block 5 with timestamp 1789490171
[17:36:11.939] INFO: simulator:public-processor Processed 1 successful txs and 0 failed txs (0 silently skipped, 0ms wasted) in 0.00375495800000499s {"blockNumber":6,"successfulCount":1,"failedCount":0,"duration":0.00375495800000499,"rate":0,"totalPublicGas":{"daGas":0,"l2Gas":0},"totalBlockGas":{"daGas":1984,"l2Gas":529900},"totalSizeInBytes":1984,"silentlySkippedCount":0,"silentlySkippedDurationMs":0}
[17:36:11.967] INFO: txe:top_level_context Created block 7 with timestamp 1789493772
[17:36:12.356] INFO: simulator:public-processor Processed 1 successful txs and 0 failed txs (0 silently skipped, 0ms wasted) in 0.027035375000006752s {"blockNumber":8,"successfulCount":1,"failedCount":0,"duration":0.027035375000006752,"rate":72034029.48912355,"totalPublicGas":{"daGas":2368,"l2Gas":1947467},"totalBlockGas":{"daGas":3744,"l2Gas":2674217},"totalSizeInBytes":3744,"silentlySkippedCount":0,"silentlySkippedDurationMs":0}
[17:36:12.673] INFO: txe:top_level_context Created block 9 with timestamp 1789493772
[17:36:12.828] INFO: simulator:public-processor Processed 1 successful txs and 0 failed txs (0 silently skipped, 0ms wasted) in 0.003836458000005223s {"blockNumber":10,"successfulCount":1,"failedCount":0,"duration":0.003836458000005223,"rate":0,"totalPublicGas":{"daGas":0,"l2Gas":0},"totalBlockGas":{"daGas":832,"l2Gas":499700},"totalSizeInBytes":832,"silentlySkippedCount":0,"silentlySkippedDurationMs":0}
[17:36:13.119] INFO: txe:top_level_context Created block 11 with timestamp 1789497373
[17:36:13.497] INFO: simulator:public-processor Processed 1 successful txs and 0 failed txs (0 silently skipped, 0ms wasted) in 0.027319749999995112s {"blockNumber":12,"successfulCount":1,"failedCount":0,"duration":0.027319749999995112,"rate":71284217.46173917,"totalPublicGas":{"daGas":2368,"l2Gas":1947467},"totalBlockGas":{"daGas":3744,"l2Gas":2674217},"totalSizeInBytes":3744,"silentlySkippedCount":0,"silentlySkippedDurationMs":0}
[17:36:13.596] INFO: kv-store:lmdb-v2 Starting data store with maxReaders 2
[17:36:13.597] INFO: world-state:database Creating world state data store at directory /var/folders/ym/q1vh2x5n58xbsmpmvs5_6w3r0000gn/T/aztec-world-state-BSmVFB/world_state with map sizes {"archiveTreeMapSizeKb":10485760,"nullifierTreeMapSizeKb":10485760,"noteHashTreeMapSizeKb":10485760,"messageTreeMapSizeKb":10485760,"publicDataTreeMapSizeKb":10485760} and 2 threads (ephemeral=true).
[17:36:13.618] INFO: txe_node Aztec Node version: txe
[17:36:13.618] INFO: txe_node Aztec Node started on chain 0x1
[17:36:13.637] INFO: txe:top_level_context Created block 1 with timestamp 1789490173
[17:36:13.674] INFO: txe:top_level_context Created block 2 with timestamp 1789490173
[17:36:13.752] INFO: simulator:public-processor Processed 1 successful txs and 0 failed txs (0 silently skipped, 0ms wasted) in 0.04099120799999218s {"blockNumber":3,"successfulCount":1,"failedCount":0,"duration":0.04099120799999218,"rate":78947417.21201818,"totalPublicGas":{"daGas":4000,"l2Gas":3236150},"totalBlockGas":{"daGas":4000,"l2Gas":3236150},"totalSizeInBytes":4128,"silentlySkippedCount":0,"silentlySkippedDurationMs":0}
[17:36:13.900] INFO: simulator:public-processor Processed 1 successful txs and 0 failed txs (0 silently skipped, 0ms wasted) in 0.013898125000006985s {"blockNumber":4,"successfulCount":1,"failedCount":0,"duration":0.013898125000006985,"rate":82067185.32171978,"totalPublicGas":{"daGas":192,"l2Gas":1140580},"totalBlockGas":{"daGas":320,"l2Gas":1731380},"totalSizeInBytes":320,"silentlySkippedCount":0,"silentlySkippedDurationMs":0}
[17:36:13.951] INFO: txe:top_level_context Created block 5 with timestamp 1789490173
[17:36:14.158] INFO: simulator:public-processor Processed 1 successful txs and 0 failed txs (0 silently skipped, 0ms wasted) in 0.00393229200001224s {"blockNumber":6,"successfulCount":1,"failedCount":0,"duration":0.00393229200001224,"rate":0,"totalPublicGas":{"daGas":0,"l2Gas":0},"totalBlockGas":{"daGas":1984,"l2Gas":529900},"totalSizeInBytes":1984,"silentlySkippedCount":0,"silentlySkippedDurationMs":0}
[17:36:14.202] INFO: txe:top_level_context Created block 7 with timestamp 1789493774
[17:36:14.607] INFO: txe:top_level_context Created block 15 with timestamp 1789500974
[17:36:14.625] INFO: simulator:public-processor Processed 1 successful txs and 0 failed txs (0 silently skipped, 0ms wasted) in 0.03508216699998593s {"blockNumber":8,"successfulCount":1,"failedCount":0,"duration":0.03508216699998593,"rate":55511593.68236235,"totalPublicGas":{"daGas":2368,"l2Gas":1947467},"totalBlockGas":{"daGas":3744,"l2Gas":2674217},"totalSizeInBytes":3744,"silentlySkippedCount":0,"silentlySkippedDurationMs":0}
[billboard_test] Testing c02::c02_second_receipt_rejects_first_receipt_history ... [0m[32mok[0m
[17:36:15.138] INFO: txe:top_level_context Created block 9 with timestamp 1789493774
[17:36:15.281] INFO: simulator:public-processor Processed 1 successful txs and 0 failed txs (0 silently skipped, 0ms wasted) in 0.00372433299999102s {"blockNumber":10,"successfulCount":1,"failedCount":0,"duration":0.00372433299999102,"rate":0,"totalPublicGas":{"daGas":0,"l2Gas":0},"totalBlockGas":{"daGas":832,"l2Gas":499700},"totalSizeInBytes":832,"silentlySkippedCount":0,"silentlySkippedDurationMs":0}
[17:36:15.579] INFO: txe:top_level_context Created block 11 with timestamp 1789497375
[17:36:15.957] INFO: simulator:public-processor Processed 1 successful txs and 0 failed txs (0 silently skipped, 0ms wasted) in 0.028801915999996708s {"blockNumber":12,"successfulCount":1,"failedCount":0,"duration":0.028801915999996708,"rate":67615883.60997312,"totalPublicGas":{"daGas":2368,"l2Gas":1947467},"totalBlockGas":{"daGas":3744,"l2Gas":2674217},"totalSizeInBytes":3744,"silentlySkippedCount":0,"silentlySkippedDurationMs":0}
[17:36:16.821] INFO: simulator:public-processor Processed 1 successful txs and 0 failed txs (0 silently skipped, 0ms wasted) in 0.026860791999992216s {"blockNumber":15,"successfulCount":1,"failedCount":0,"duration":0.026860791999992216,"rate":72502218.1028975,"totalPublicGas":{"daGas":2368,"l2Gas":1947467},"totalBlockGas":{"daGas":3744,"l2Gas":2674217},"totalSizeInBytes":3744,"silentlySkippedCount":0,"silentlySkippedDurationMs":0}
[17:36:16.925] INFO: kv-store:lmdb-v2 Starting data store with maxReaders 2
[17:36:16.926] INFO: world-state:database Creating world state data store at directory /var/folders/ym/q1vh2x5n58xbsmpmvs5_6w3r0000gn/T/aztec-world-state-VVeehv/world_state with map sizes {"archiveTreeMapSizeKb":10485760,"nullifierTreeMapSizeKb":10485760,"noteHashTreeMapSizeKb":10485760,"messageTreeMapSizeKb":10485760,"publicDataTreeMapSizeKb":10485760} and 2 threads (ephemeral=true).
[17:36:16.944] INFO: txe_node Aztec Node version: txe
[17:36:16.944] INFO: txe_node Aztec Node started on chain 0x1
[17:36:16.957] INFO: txe:top_level_context Created block 1 with timestamp 1789490176
[17:36:16.998] INFO: txe:top_level_context Created block 2 with timestamp 1789490176
[17:36:17.078] INFO: simulator:public-processor Processed 1 successful txs and 0 failed txs (0 silently skipped, 0ms wasted) in 0.0429714999999851s {"blockNumber":3,"successfulCount":1,"failedCount":0,"duration":0.0429714999999851,"rate":75309216.57380176,"totalPublicGas":{"daGas":4000,"l2Gas":3236150},"totalBlockGas":{"daGas":4000,"l2Gas":3236150},"totalSizeInBytes":4128,"silentlySkippedCount":0,"silentlySkippedDurationMs":0}
[17:36:17.216] INFO: txe:top_level_context Created block 16 with timestamp 1789500976
[17:36:17.224] INFO: simulator:public-processor Processed 1 successful txs and 0 failed txs (0 silently skipped, 0ms wasted) in 0.013530458000022918s {"blockNumber":4,"successfulCount":1,"failedCount":0,"duration":0.013530458000022918,"rate":84297220.3895883,"totalPublicGas":{"daGas":192,"l2Gas":1140580},"totalBlockGas":{"daGas":320,"l2Gas":1731380},"totalSizeInBytes":320,"silentlySkippedCount":0,"silentlySkippedDurationMs":0}
[17:36:17.256] INFO: txe:top_level_context Created block 5 with timestamp 1789490176
[17:36:17.669] INFO: simulator:public-processor Processed 1 successful txs and 0 failed txs (0 silently skipped, 0ms wasted) in 0.0315793330000015s {"blockNumber":17,"successfulCount":1,"failedCount":0,"duration":0.0315793330000015,"rate":61669035.25162826,"totalPublicGas":{"daGas":2368,"l2Gas":1947467},"totalBlockGas":{"daGas":3744,"l2Gas":2674217},"totalSizeInBytes":3744,"silentlySkippedCount":0,"silentlySkippedDurationMs":0}
[17:36:17.676] INFO: simulator:public-processor Processed 1 successful txs and 0 failed txs (0 silently skipped, 0ms wasted) in 0.0037212080000026617s {"blockNumber":6,"successfulCount":1,"failedCount":0,"duration":0.0037212080000026617,"rate":0,"totalPublicGas":{"daGas":0,"l2Gas":0},"totalBlockGas":{"daGas":1984,"l2Gas":529900},"totalSizeInBytes":1984,"silentlySkippedCount":0,"silentlySkippedDurationMs":0}
[17:36:17.738] INFO: txe:top_level_context Created block 7 with timestamp 1789491977
[17:36:18.224] INFO: simulator:public-processor Processed 1 successful txs and 0 failed txs (0 silently skipped, 0ms wasted) in 0.028431417000014336s {"blockNumber":8,"successfulCount":1,"failedCount":0,"duration":0.028431417000014336,"rate":68497008.08085006,"totalPublicGas":{"daGas":2368,"l2Gas":1947467},"totalBlockGas":{"daGas":3744,"l2Gas":2674217},"totalSizeInBytes":3744,"silentlySkippedCount":0,"silentlySkippedDurationMs":0}
[billboard_test] Testing c02::c02_two_authentic_receipts_screen_only_their_own_history ... [0m[32mok[0m
[17:36:18.546] INFO: txe:top_level_context Created block 9 with timestamp 1789493776
[17:36:18.922] INFO: simulator:public-processor Processed 1 successful txs and 0 failed txs (0 silently skipped, 0ms wasted) in 0.026915082999999868s {"blockNumber":10,"successfulCount":1,"failedCount":0,"duration":0.026915082999999868,"rate":72355972.29999289,"totalPublicGas":{"daGas":2368,"l2Gas":1947467},"totalBlockGas":{"daGas":3744,"l2Gas":2674217},"totalSizeInBytes":3744,"silentlySkippedCount":0,"silentlySkippedDurationMs":0}
[17:36:19.266] INFO: txe:top_level_context Created block 13 with timestamp 1789495576
[17:36:19.639] INFO: simulator:public-processor Processed 1 successful txs and 0 failed txs (0 silently skipped, 0ms wasted) in 0.026560333999979775s {"blockNumber":14,"successfulCount":1,"failedCount":0,"duration":0.026560333999979775,"rate":73322383.67188767,"totalPublicGas":{"daGas":2368,"l2Gas":1947467},"totalBlockGas":{"daGas":3744,"l2Gas":2674217},"totalSizeInBytes":3744,"silentlySkippedCount":0,"silentlySkippedDurationMs":0}
[billboard_test] Testing c02::c02_valid_young_pair_remains_unscreened ... [0m[32mok[0m
[17:36:20.290] INFO: kv-store:lmdb-v2 Starting data store with maxReaders 2
[17:36:20.291] INFO: world-state:database Creating world state data store at directory /var/folders/ym/q1vh2x5n58xbsmpmvs5_6w3r0000gn/T/aztec-world-state-GHAdi3/world_state with map sizes {"archiveTreeMapSizeKb":10485760,"nullifierTreeMapSizeKb":10485760,"noteHashTreeMapSizeKb":10485760,"messageTreeMapSizeKb":10485760,"publicDataTreeMapSizeKb":10485760} and 2 threads (ephemeral=true).
[17:36:20.301] INFO: txe_node Aztec Node version: txe
[17:36:20.301] INFO: txe_node Aztec Node started on chain 0x1
[17:36:20.312] INFO: txe:top_level_context Created block 1 with timestamp 1789490180
[17:36:20.348] INFO: txe:top_level_context Created block 2 with timestamp 1789490180
[17:36:20.412] INFO: simulator:public-processor Processed 1 successful txs and 0 failed txs (0 silently skipped, 0ms wasted) in 0.03723795800001244s {"blockNumber":3,"successfulCount":1,"failedCount":0,"duration":0.03723795800001244,"rate":86904604.16757865,"totalPublicGas":{"daGas":4000,"l2Gas":3236150},"totalBlockGas":{"daGas":4000,"l2Gas":3236150},"totalSizeInBytes":4128,"silentlySkippedCount":0,"silentlySkippedDurationMs":0}
[17:36:20.522] INFO: simulator:public-processor Processed 1 successful txs and 0 failed txs (0 silently skipped, 0ms wasted) in 0.0139802909999853s {"blockNumber":4,"successfulCount":1,"failedCount":0,"duration":0.0139802909999853,"rate":81584853.99203774,"totalPublicGas":{"daGas":192,"l2Gas":1140580},"totalBlockGas":{"daGas":320,"l2Gas":1731380},"totalSizeInBytes":320,"silentlySkippedCount":0,"silentlySkippedDurationMs":0}
[17:36:20.550] INFO: txe:top_level_context Created block 5 with timestamp 1789490180
[17:36:20.697] INFO: simulator:public-processor Processed 1 successful txs and 0 failed txs (0 silently skipped, 0ms wasted) in 0.0037045829999842682s {"blockNumber":6,"successfulCount":1,"failedCount":0,"duration":0.0037045829999842682,"rate":0,"totalPublicGas":{"daGas":0,"l2Gas":0},"totalBlockGas":{"daGas":1984,"l2Gas":529900},"totalSizeInBytes":1984,"silentlySkippedCount":0,"silentlySkippedDurationMs":0}
[17:36:20.725] INFO: txe:top_level_context Created block 7 with timestamp 1789493781
[17:36:21.111] INFO: simulator:public-processor Processed 1 successful txs and 0 failed txs (0 silently skipped, 0ms wasted) in 0.02658337500001653s {"blockNumber":8,"successfulCount":1,"failedCount":0,"duration":0.02658337500001653,"rate":73258831.88266309,"totalPublicGas":{"daGas":2368,"l2Gas":1947467},"totalBlockGas":{"daGas":3744,"l2Gas":2674217},"totalSizeInBytes":3744,"silentlySkippedCount":0,"silentlySkippedDurationMs":0}
[17:36:21.406] INFO: txe:top_level_context Created block 9 with timestamp 1789497382
[17:36:21.750] INFO: simulator:public-processor Processed 1 successful txs and 0 failed txs (0 silently skipped, 0ms wasted) in 0.00386141700000735s {"blockNumber":10,"successfulCount":1,"failedCount":0,"duration":0.00386141700000735,"rate":0,"totalPublicGas":{"daGas":0,"l2Gas":0},"totalBlockGas":{"daGas":1440,"l2Gas":527400},"totalSizeInBytes":1440,"silentlySkippedCount":0,"silentlySkippedDurationMs":0}
[17:36:21.874] INFO: kv-store:lmdb-v2 Starting data store with maxReaders 2
[17:36:21.874] INFO: world-state:database Creating world state data store at directory /var/folders/ym/q1vh2x5n58xbsmpmvs5_6w3r0000gn/T/aztec-world-state-f4kVIp/world_state with map sizes {"archiveTreeMapSizeKb":10485760,"nullifierTreeMapSizeKb":10485760,"noteHashTreeMapSizeKb":10485760,"messageTreeMapSizeKb":10485760,"publicDataTreeMapSizeKb":10485760} and 2 threads (ephemeral=true).
[17:36:21.883] INFO: txe_node Aztec Node version: txe
[17:36:21.883] INFO: txe_node Aztec Node started on chain 0x1
[17:36:21.895] INFO: txe:top_level_context Created block 1 with timestamp 1789490181
[17:36:21.933] INFO: txe:top_level_context Created block 2 with timestamp 1789490181
[17:36:22.015] INFO: simulator:public-processor Processed 1 successful txs and 0 failed txs (0 silently skipped, 0ms wasted) in 0.03830608400001074s {"blockNumber":3,"successfulCount":1,"failedCount":0,"duration":0.03830608400001074,"rate":84481358.10486639,"totalPublicGas":{"daGas":4000,"l2Gas":3236150},"totalBlockGas":{"daGas":4000,"l2Gas":3236150},"totalSizeInBytes":4128,"silentlySkippedCount":0,"silentlySkippedDurationMs":0}
[17:36:22.116] INFO: txe:top_level_context Created block 11 with timestamp 1789500981
[17:36:22.182] INFO: simulator:public-processor Processed 1 successful txs and 0 failed txs (0 silently skipped, 0ms wasted) in 0.013946500000020023s {"blockNumber":4,"successfulCount":1,"failedCount":0,"duration":0.013946500000020023,"rate":81782526.08169523,"totalPublicGas":{"daGas":192,"l2Gas":1140580},"totalBlockGas":{"daGas":320,"l2Gas":1731380},"totalSizeInBytes":320,"silentlySkippedCount":0,"silentlySkippedDurationMs":0}
[17:36:22.214] INFO: txe:top_level_context Created block 5 with timestamp 1789490181
[17:36:22.262] INFO: simulator:public-processor Processed 1 successful txs and 0 failed txs (0 silently skipped, 0ms wasted) in 0.005915707999985898s {"blockNumber":12,"successfulCount":1,"failedCount":0,"duration":0.005915707999985898,"rate":0,"totalPublicGas":{"daGas":0,"l2Gas":0},"totalBlockGas":{"daGas":256,"l2Gas":477200},"totalSizeInBytes":256,"silentlySkippedCount":0,"silentlySkippedDurationMs":0}
[17:36:22.464] INFO: simulator:public-processor Processed 1 successful txs and 0 failed txs (0 silently skipped, 0ms wasted) in 0.0038073330000042917s {"blockNumber":6,"successfulCount":1,"failedCount":0,"duration":0.0038073330000042917,"rate":0,"totalPublicGas":{"daGas":0,"l2Gas":0},"totalBlockGas":{"daGas":1984,"l2Gas":529900},"totalSizeInBytes":1984,"silentlySkippedCount":0,"silentlySkippedDurationMs":0}
[17:36:22.497] INFO: txe:top_level_context Created block 7 with timestamp 1789491982
[17:36:22.936] INFO: simulator:public-processor Processed 1 successful txs and 0 failed txs (0 silently skipped, 0ms wasted) in 0.028879209000006085s {"blockNumber":8,"successfulCount":1,"failedCount":0,"duration":0.028879209000006085,"rate":67434914.8551676,"totalPublicGas":{"daGas":2368,"l2Gas":1947467},"totalBlockGas":{"daGas":3744,"l2Gas":2674217},"totalSizeInBytes":3744,"silentlySkippedCount":0,"silentlySkippedDurationMs":0}
[17:36:22.953] INFO: txe:top_level_context Created block 14 with timestamp 1789500981
[17:36:23.177] INFO: simulator:public-processor Processed 1 successful txs and 0 failed txs (0 silently skipped, 0ms wasted) in 0.003957083999994211s {"blockNumber":15,"successfulCount":1,"failedCount":0,"duration":0.003957083999994211,"rate":0,"totalPublicGas":{"daGas":0,"l2Gas":0},"totalBlockGas":{"daGas":832,"l2Gas":499700},"totalSizeInBytes":832,"silentlySkippedCount":0,"silentlySkippedDurationMs":0}
[17:36:23.459] INFO: txe:top_level_context Created block 9 with timestamp 1789493781
[17:36:23.747] INFO: txe:top_level_context Created block 16 with timestamp 1789504582
[17:36:23.893] INFO: simulator:public-processor Processed 1 successful txs and 0 failed txs (0 silently skipped, 0ms wasted) in 0.02917629100001068s {"blockNumber":10,"successfulCount":1,"failedCount":0,"duration":0.02917629100001068,"rate":66748271.73883367,"totalPublicGas":{"daGas":2368,"l2Gas":1947467},"totalBlockGas":{"daGas":3744,"l2Gas":2674217},"totalSizeInBytes":3744,"silentlySkippedCount":0,"silentlySkippedDurationMs":0}
[17:36:24.292] INFO: simulator:public-processor Processed 1 successful txs and 0 failed txs (0 silently skipped, 0ms wasted) in 0.0275542500000156s {"blockNumber":17,"successfulCount":1,"failedCount":0,"duration":0.0275542500000156,"rate":70677554.27924539,"totalPublicGas":{"daGas":2368,"l2Gas":1947467},"totalBlockGas":{"daGas":3744,"l2Gas":2674217},"totalSizeInBytes":3744,"silentlySkippedCount":0,"silentlySkippedDurationMs":0}
[17:36:24.653] INFO: txe:top_level_context Created block 14 with timestamp 1789495581
[billboard_test] Testing c02::c02_young_child_does_not_hide_wrong_owner_second_hint ... [0m[32mok[0m
[17:36:25.208] INFO: txe:top_level_context Created block 20 with timestamp 1789508183
[billboard_test] Testing c02::c02_withdrawn_cycle_included_history_cannot_screen_new_receipt ... [0m[32mok[0m
[17:36:27.034] INFO: kv-store:lmdb-v2 Starting data store with maxReaders 2
[17:36:27.035] INFO: world-state:database Creating world state data store at directory /var/folders/ym/q1vh2x5n58xbsmpmvs5_6w3r0000gn/T/aztec-world-state-0Y3moK/world_state with map sizes {"archiveTreeMapSizeKb":10485760,"nullifierTreeMapSizeKb":10485760,"noteHashTreeMapSizeKb":10485760,"messageTreeMapSizeKb":10485760,"publicDataTreeMapSizeKb":10485760} and 2 threads (ephemeral=true).
[17:36:27.044] INFO: txe_node Aztec Node version: txe
[17:36:27.044] INFO: txe_node Aztec Node started on chain 0x1
[17:36:27.056] INFO: txe:top_level_context Created block 1 with timestamp 1789490187
[17:36:27.092] INFO: txe:top_level_context Created block 2 with timestamp 1789490187
[17:36:27.165] INFO: simulator:public-processor Processed 1 successful txs and 0 failed txs (0 silently skipped, 0ms wasted) in 0.03767054200000712s {"blockNumber":3,"successfulCount":1,"failedCount":0,"duration":0.03767054200000712,"rate":85906648.22394614,"totalPublicGas":{"daGas":4000,"l2Gas":3236150},"totalBlockGas":{"daGas":4000,"l2Gas":3236150},"totalSizeInBytes":4128,"silentlySkippedCount":0,"silentlySkippedDurationMs":0}
[17:36:27.275] INFO: simulator:public-processor Processed 1 successful txs and 0 failed txs (0 silently skipped, 0ms wasted) in 0.013682666000007884s {"blockNumber":4,"successfulCount":1,"failedCount":0,"duration":0.013682666000007884,"rate":83359485.64405087,"totalPublicGas":{"daGas":192,"l2Gas":1140580},"totalBlockGas":{"daGas":320,"l2Gas":1731380},"totalSizeInBytes":320,"silentlySkippedCount":0,"silentlySkippedDurationMs":0}
[17:36:27.303] INFO: txe:top_level_context Created block 5 with timestamp 1789490187
[17:36:27.392] INFO: kv-store:lmdb-v2 Starting data store with maxReaders 2
[17:36:27.394] INFO: world-state:database Creating world state data store at directory /var/folders/ym/q1vh2x5n58xbsmpmvs5_6w3r0000gn/T/aztec-world-state-iMC7mO/world_state with map sizes {"archiveTreeMapSizeKb":10485760,"nullifierTreeMapSizeKb":10485760,"noteHashTreeMapSizeKb":10485760,"messageTreeMapSizeKb":10485760,"publicDataTreeMapSizeKb":10485760} and 2 threads (ephemeral=true).
[17:36:27.403] INFO: txe_node Aztec Node version: txe
[17:36:27.403] INFO: txe_node Aztec Node started on chain 0x1
[17:36:27.428] INFO: txe:top_level_context Created block 1 with timestamp 1789490187
[17:36:27.478] INFO: txe:top_level_context Created block 2 with timestamp 1789490187
[17:36:27.484] INFO: simulator:public-processor Processed 1 successful txs and 0 failed txs (0 silently skipped, 0ms wasted) in 0.007239207999984501s {"blockNumber":6,"successfulCount":1,"failedCount":0,"duration":0.007239207999984501,"rate":0,"totalPublicGas":{"daGas":0,"l2Gas":0},"totalBlockGas":{"daGas":1984,"l2Gas":529900},"totalSizeInBytes":1984,"silentlySkippedCount":0,"silentlySkippedDurationMs":0}
[17:36:27.514] INFO: txe:top_level_context Created block 7 with timestamp 1789491988
[17:36:27.545] INFO: simulator:public-processor Processed 1 successful txs and 0 failed txs (0 silently skipped, 0ms wasted) in 0.03973037500001374s {"blockNumber":3,"successfulCount":1,"failedCount":0,"duration":0.03973037500001374,"rate":81452792.73097426,"totalPublicGas":{"daGas":4000,"l2Gas":3236150},"totalBlockGas":{"daGas":4000,"l2Gas":3236150},"totalSizeInBytes":4128,"silentlySkippedCount":0,"silentlySkippedDurationMs":0}
[17:36:27.920] INFO: simulator:public-processor Processed 1 successful txs and 0 failed txs (0 silently skipped, 0ms wasted) in 0.05101591700001154s {"blockNumber":4,"successfulCount":1,"failedCount":0,"duration":0.05101591700001154,"rate":22357336.044743486,"totalPublicGas":{"daGas":192,"l2Gas":1140580},"totalBlockGas":{"daGas":320,"l2Gas":1731380},"totalSizeInBytes":320,"silentlySkippedCount":0,"silentlySkippedDurationMs":0}
[17:36:27.949] INFO: txe:top_level_context Created block 5 with timestamp 1789490187
[17:36:27.956] INFO: simulator:public-processor Processed 1 successful txs and 0 failed txs (0 silently skipped, 0ms wasted) in 0.028561000000016067s {"blockNumber":8,"successfulCount":1,"failedCount":0,"duration":0.028561000000016067,"rate":68186232.97499754,"totalPublicGas":{"daGas":2368,"l2Gas":1947467},"totalBlockGas":{"daGas":3744,"l2Gas":2674217},"totalSizeInBytes":3744,"silentlySkippedCount":0,"silentlySkippedDurationMs":0}
[17:36:28.195] INFO: simulator:public-processor Processed 1 successful txs and 0 failed txs (0 silently skipped, 0ms wasted) in 0.0038860419999982698s {"blockNumber":6,"successfulCount":1,"failedCount":0,"duration":0.0038860419999982698,"rate":0,"totalPublicGas":{"daGas":0,"l2Gas":0},"totalBlockGas":{"daGas":1984,"l2Gas":529900},"totalSizeInBytes":1984,"silentlySkippedCount":0,"silentlySkippedDurationMs":0}
[17:36:28.240] INFO: txe:top_level_context Created block 7 with timestamp 1789493788
[17:36:28.622] INFO: simulator:public-processor Processed 1 successful txs and 0 failed txs (0 silently skipped, 0ms wasted) in 0.0037869580000115094s {"blockNumber":8,"successfulCount":1,"failedCount":0,"duration":0.0037869580000115094,"rate":0,"totalPublicGas":{"daGas":0,"l2Gas":0},"totalBlockGas":{"daGas":1440,"l2Gas":527400},"totalSizeInBytes":1440,"silentlySkippedCount":0,"silentlySkippedDurationMs":0}
[17:36:28.656] INFO: simulator:public-processor Processed 1 successful txs and 0 failed txs (0 silently skipped, 0ms wasted) in 0.005675124999979744s {"blockNumber":9,"successfulCount":1,"failedCount":0,"duration":0.005675124999979744,"rate":1555208.0350708577,"totalPublicGas":{"daGas":0,"l2Gas":8826},"totalBlockGas":{"daGas":0,"l2Gas":8826},"totalSizeInBytes":128,"silentlySkippedCount":0,"silentlySkippedDurationMs":0}
[17:36:28.667] INFO: txe:top_level_context Created block 9 with timestamp 1789493787
[17:36:28.671] INFO: simulator:public-processor Processed 1 successful txs and 0 failed txs (0 silently skipped, 0ms wasted) in 0.004448375000007217s {"blockNumber":9,"successfulCount":1,"failedCount":0,"duration":0.004448375000007217,"rate":2321971.506445217,"totalPublicGas":{"daGas":0,"l2Gas":10329},"totalBlockGas":{"daGas":0,"l2Gas":10329},"totalSizeInBytes":128,"silentlySkippedCount":0,"silentlySkippedDurationMs":0}
[17:36:29.107] INFO: simulator:public-processor Processed 1 successful txs and 0 failed txs (0 silently skipped, 0ms wasted) in 0.003826207999984035s {"blockNumber":10,"successfulCount":1,"failedCount":0,"duration":0.003826207999984035,"rate":0,"totalPublicGas":{"daGas":0,"l2Gas":0},"totalBlockGas":{"daGas":1440,"l2Gas":527400},"totalSizeInBytes":1440,"silentlySkippedCount":0,"silentlySkippedDurationMs":0}
[17:36:29.396] INFO: txe:top_level_context Created block 9 with timestamp 1789497388
[17:36:29.801] INFO: txe:top_level_context Created block 13 with timestamp 1789495587
[17:36:29.824] INFO: simulator:public-processor Processed 1 successful txs and 0 failed txs (0 silently skipped, 0ms wasted) in 0.03438995900002192s {"blockNumber":10,"successfulCount":1,"failedCount":0,"duration":0.03438995900002192,"rate":56628942.186257295,"totalPublicGas":{"daGas":2368,"l2Gas":1947467},"totalBlockGas":{"daGas":3744,"l2Gas":2674217},"totalSizeInBytes":3744,"silentlySkippedCount":0,"silentlySkippedDurationMs":0}
[17:36:29.858] INFO: simulator:public-processor Processed 1 successful txs and 0 failed txs (0 silently skipped, 0ms wasted) in 0.005183457999984966s {"blockNumber":11,"successfulCount":1,"failedCount":0,"duration":0.005183457999984966,"rate":1702724.3203331826,"totalPublicGas":{"daGas":0,"l2Gas":8826},"totalBlockGas":{"daGas":0,"l2Gas":8826},"totalSizeInBytes":128,"silentlySkippedCount":0,"silentlySkippedDurationMs":0}
[17:36:29.876] INFO: simulator:public-processor Processed 1 successful txs and 0 failed txs (0 silently skipped, 0ms wasted) in 0.0049378340000112075s {"blockNumber":11,"successfulCount":1,"failedCount":0,"duration":0.0049378340000112075,"rate":2343335.1546394103,"totalPublicGas":{"daGas":0,"l2Gas":11571},"totalBlockGas":{"daGas":0,"l2Gas":11571},"totalSizeInBytes":128,"silentlySkippedCount":0,"silentlySkippedDurationMs":0}
[17:36:30.274] INFO: simulator:public-processor Processed 1 successful txs and 0 failed txs (0 silently skipped, 0ms wasted) in 0.028514832999993814s {"blockNumber":14,"successfulCount":1,"failedCount":0,"duration":0.028514832999993814,"rate":68296630.0381427,"totalPublicGas":{"daGas":2368,"l2Gas":1947467},"totalBlockGas":{"daGas":3744,"l2Gas":2674217},"totalSizeInBytes":3744,"silentlySkippedCount":0,"silentlySkippedDurationMs":0}
[billboard_test] Testing c03::c03_dummy_is_private_and_first_real_post_still_gets_order_zero ... [0m[32mok[0m
[billboard_test] Testing c02::c02_young_real_child_blocks_mature_dummy_grandchild ... [0m[32mok[0m
[17:36:32.431] INFO: kv-store:lmdb-v2 Starting data store with maxReaders 2
[17:36:32.432] INFO: world-state:database Creating world state data store at directory /var/folders/ym/q1vh2x5n58xbsmpmvs5_6w3r0000gn/T/aztec-world-state-Bpik6R/world_state with map sizes {"archiveTreeMapSizeKb":10485760,"nullifierTreeMapSizeKb":10485760,"noteHashTreeMapSizeKb":10485760,"messageTreeMapSizeKb":10485760,"publicDataTreeMapSizeKb":10485760} and 2 threads (ephemeral=true).
[17:36:32.441] INFO: txe_node Aztec Node version: txe
[17:36:32.441] INFO: txe_node Aztec Node started on chain 0x1
[17:36:32.453] INFO: txe:top_level_context Created block 1 with timestamp 1789490192
[17:36:32.488] INFO: txe:top_level_context Created block 2 with timestamp 1789490192
[17:36:32.521] INFO: kv-store:lmdb-v2 Starting data store with maxReaders 2
[17:36:32.522] INFO: world-state:database Creating world state data store at directory /var/folders/ym/q1vh2x5n58xbsmpmvs5_6w3r0000gn/T/aztec-world-state-fJmza4/world_state with map sizes {"archiveTreeMapSizeKb":10485760,"nullifierTreeMapSizeKb":10485760,"noteHashTreeMapSizeKb":10485760,"messageTreeMapSizeKb":10485760,"publicDataTreeMapSizeKb":10485760} and 2 threads (ephemeral=true).
[17:36:32.531] INFO: txe_node Aztec Node version: txe
[17:36:32.531] INFO: txe_node Aztec Node started on chain 0x1
[17:36:32.543] INFO: txe:top_level_context Created block 1 with timestamp 1789490192
[17:36:32.553] INFO: simulator:public-processor Processed 1 successful txs and 0 failed txs (0 silently skipped, 0ms wasted) in 0.03823441699999967s {"blockNumber":3,"successfulCount":1,"failedCount":0,"duration":0.03823441699999967,"rate":84639710.86573723,"totalPublicGas":{"daGas":4000,"l2Gas":3236150},"totalBlockGas":{"daGas":4000,"l2Gas":3236150},"totalSizeInBytes":4128,"silentlySkippedCount":0,"silentlySkippedDurationMs":0}
[17:36:32.579] INFO: txe:top_level_context Created block 2 with timestamp 1789490192
[17:36:32.661] INFO: simulator:public-processor Processed 1 successful txs and 0 failed txs (0 silently skipped, 0ms wasted) in 0.038319250000000464s {"blockNumber":3,"successfulCount":1,"failedCount":0,"duration":0.038319250000000464,"rate":84452331.40001333,"totalPublicGas":{"daGas":4000,"l2Gas":3236150},"totalBlockGas":{"daGas":4000,"l2Gas":3236150},"totalSizeInBytes":4128,"silentlySkippedCount":0,"silentlySkippedDurationMs":0}
[17:36:32.681] INFO: simulator:public-processor Processed 1 successful txs and 0 failed txs (0 silently skipped, 0ms wasted) in 0.014433417000022018s {"blockNumber":4,"successfulCount":1,"failedCount":0,"duration":0.014433417000022018,"rate":79023560.39448316,"totalPublicGas":{"daGas":192,"l2Gas":1140580},"totalBlockGas":{"daGas":320,"l2Gas":1731380},"totalSizeInBytes":320,"silentlySkippedCount":0,"silentlySkippedDurationMs":0}
[17:36:32.692] INFO: simulator:public-processor Processed 1 successful txs and 0 failed txs (0 silently skipped, 0ms wasted) in 0.004720000000001164s {"blockNumber":4,"successfulCount":1,"failedCount":0,"duration":0.004720000000001164,"rate":5879872.881354482,"totalPublicGas":{"daGas":0,"l2Gas":27753},"totalBlockGas":{"daGas":0,"l2Gas":27753},"totalSizeInBytes":128,"silentlySkippedCount":0,"silentlySkippedDurationMs":0}
[17:36:32.693] WARN: txe:top_level_context Could not find function artifact in contract Billboard for function '0xdcbccbbf' when enriching error callstack
[17:36:32.709] INFO: txe:top_level_context Created block 5 with timestamp 1789490192
[billboard_test] Testing c03::c03_public_publication_rejects_nonself_caller ... [0m[32mok[0m
[17:36:32.858] INFO: simulator:public-processor Processed 1 successful txs and 0 failed txs (0 silently skipped, 0ms wasted) in 0.0037142919999896547s {"blockNumber":6,"successfulCount":1,"failedCount":0,"duration":0.0037142919999896547,"rate":0,"totalPublicGas":{"daGas":0,"l2Gas":0},"totalBlockGas":{"daGas":1984,"l2Gas":529900},"totalSizeInBytes":1984,"silentlySkippedCount":0,"silentlySkippedDurationMs":0}
[17:36:32.886] INFO: txe:top_level_context Created block 7 with timestamp 1789493793
[billboard_test] Testing c03::c03_dummy_rejects_hidden_content ... [0m[32mok[0m
[billboard_test] Testing c03::c03_public_publication_rejects_zero_id ... [0m[32mok[0m
[17:36:34.521] INFO: kv-store:lmdb-v2 Starting data store with maxReaders 2
[17:36:34.522] INFO: world-state:database Creating world state data store at directory /var/folders/ym/q1vh2x5n58xbsmpmvs5_6w3r0000gn/T/aztec-world-state-3YE91T/world_state with map sizes {"archiveTreeMapSizeKb":10485760,"nullifierTreeMapSizeKb":10485760,"noteHashTreeMapSizeKb":10485760,"messageTreeMapSizeKb":10485760,"publicDataTreeMapSizeKb":10485760} and 2 threads (ephemeral=true).
[17:36:34.531] INFO: txe_node Aztec Node version: txe
[17:36:34.531] INFO: txe_node Aztec Node started on chain 0x1
[17:36:34.542] INFO: txe:top_level_context Created block 1 with timestamp 1789490194
[17:36:34.576] INFO: txe:top_level_context Created block 2 with timestamp 1789490194
[17:36:34.641] INFO: simulator:public-processor Processed 1 successful txs and 0 failed txs (0 silently skipped, 0ms wasted) in 0.037722375000012104s {"blockNumber":3,"successfulCount":1,"failedCount":0,"duration":0.037722375000012104,"rate":85788606.89442173,"totalPublicGas":{"daGas":4000,"l2Gas":3236150},"totalBlockGas":{"daGas":4000,"l2Gas":3236150},"totalSizeInBytes":4128,"silentlySkippedCount":0,"silentlySkippedDurationMs":0}
[17:36:34.671] INFO: simulator:public-processor Processed 1 successful txs and 0 failed txs (0 silently skipped, 0ms wasted) in 0.004603540999989491s {"blockNumber":4,"successfulCount":1,"failedCount":0,"duration":0.004603540999989491,"rate":6041001.915713032,"totalPublicGas":{"daGas":0,"l2Gas":27810},"totalBlockGas":{"daGas":0,"l2Gas":27810},"totalSizeInBytes":128,"silentlySkippedCount":0,"silentlySkippedDurationMs":0}
[17:36:34.673] WARN: txe:top_level_context Could not find function artifact in contract Billboard for function '0xdcbccbbf' when enriching error callstack
[17:36:34.964] INFO: kv-store:lmdb-v2 Starting data store with maxReaders 2
[17:36:34.965] INFO: world-state:database Creating world state data store at directory /var/folders/ym/q1vh2x5n58xbsmpmvs5_6w3r0000gn/T/aztec-world-state-LhfJMz/world_state with map sizes {"archiveTreeMapSizeKb":10485760,"nullifierTreeMapSizeKb":10485760,"noteHashTreeMapSizeKb":10485760,"messageTreeMapSizeKb":10485760,"publicDataTreeMapSizeKb":10485760} and 2 threads (ephemeral=true).
[17:36:34.974] INFO: txe_node Aztec Node version: txe
[17:36:34.974] INFO: txe_node Aztec Node started on chain 0x1
[17:36:34.986] INFO: txe:top_level_context Created block 1 with timestamp 1789490194
[17:36:35.021] INFO: txe:top_level_context Created block 2 with timestamp 1789490194
[17:36:35.086] INFO: simulator:public-processor Processed 1 successful txs and 0 failed txs (0 silently skipped, 0ms wasted) in 0.03807420800000545s {"blockNumber":3,"successfulCount":1,"failedCount":0,"duration":0.03807420800000545,"rate":84995858.61377698,"totalPublicGas":{"daGas":4000,"l2Gas":3236150},"totalBlockGas":{"daGas":4000,"l2Gas":3236150},"totalSizeInBytes":4128,"silentlySkippedCount":0,"silentlySkippedDurationMs":0}
[17:36:35.197] INFO: simulator:public-processor Processed 1 successful txs and 0 failed txs (0 silently skipped, 0ms wasted) in 0.013709583000018028s {"blockNumber":4,"successfulCount":1,"failedCount":0,"duration":0.013709583000018028,"rate":83195820.03322057,"totalPublicGas":{"daGas":192,"l2Gas":1140580},"totalBlockGas":{"daGas":320,"l2Gas":1731380},"totalSizeInBytes":320,"silentlySkippedCount":0,"silentlySkippedDurationMs":0}
[17:36:35.224] INFO: txe:top_level_context Created block 5 with timestamp 1789490194
[17:36:35.375] INFO: simulator:public-processor Processed 1 successful txs and 0 failed txs (0 silently skipped, 0ms wasted) in 0.0037907920000143347s {"blockNumber":6,"successfulCount":1,"failedCount":0,"duration":0.0037907920000143347,"rate":0,"totalPublicGas":{"daGas":0,"l2Gas":0},"totalBlockGas":{"daGas":1984,"l2Gas":529900},"totalSizeInBytes":1984,"silentlySkippedCount":0,"silentlySkippedDurationMs":0}
[17:36:35.403] INFO: txe:top_level_context Created block 7 with timestamp 1789493795
[billboard_test] Testing c03::c03_real_post_rejects_hidden_message_suffix ... [0m[32mok[0m
[17:36:36.508] INFO: kv-store:lmdb-v2 Starting data store with maxReaders 2
[17:36:36.508] INFO: world-state:database Creating world state data store at directory /var/folders/ym/q1vh2x5n58xbsmpmvs5_6w3r0000gn/T/aztec-world-state-Dogvty/world_state with map sizes {"archiveTreeMapSizeKb":10485760,"nullifierTreeMapSizeKb":10485760,"noteHashTreeMapSizeKb":10485760,"messageTreeMapSizeKb":10485760,"publicDataTreeMapSizeKb":10485760} and 2 threads (ephemeral=true).
[17:36:36.518] INFO: txe_node Aztec Node version: txe
[17:36:36.518] INFO: txe_node Aztec Node started on chain 0x1
[17:36:36.530] INFO: txe:top_level_context Created block 1 with timestamp 1789490196
[17:36:36.568] INFO: txe:top_level_context Created block 2 with timestamp 1789490196
[17:36:36.635] INFO: simulator:public-processor Processed 1 successful txs and 0 failed txs (0 silently skipped, 0ms wasted) in 0.039779582999995906s {"blockNumber":3,"successfulCount":1,"failedCount":0,"duration":0.039779582999995906,"rate":81352034.28352512,"totalPublicGas":{"daGas":4000,"l2Gas":3236150},"totalBlockGas":{"daGas":4000,"l2Gas":3236150},"totalSizeInBytes":4128,"silentlySkippedCount":0,"silentlySkippedDurationMs":0}
[17:36:36.767] INFO: simulator:public-processor Processed 1 successful txs and 0 failed txs (0 silently skipped, 0ms wasted) in 0.013789333000022452s {"blockNumber":4,"successfulCount":1,"failedCount":0,"duration":0.013789333000022452,"rate":82714660.67272021,"totalPublicGas":{"daGas":192,"l2Gas":1140580},"totalBlockGas":{"daGas":320,"l2Gas":1731380},"totalSizeInBytes":320,"silentlySkippedCount":0,"silentlySkippedDurationMs":0}
[17:36:36.795] INFO: txe:top_level_context Created block 5 with timestamp 1789490196
[17:36:36.957] INFO: simulator:public-processor Processed 1 successful txs and 0 failed txs (0 silently skipped, 0ms wasted) in 0.0036890410000050907s {"blockNumber":6,"successfulCount":1,"failedCount":0,"duration":0.0036890410000050907,"rate":0,"totalPublicGas":{"daGas":0,"l2Gas":0},"totalBlockGas":{"daGas":1984,"l2Gas":529900},"totalSizeInBytes":1984,"silentlySkippedCount":0,"silentlySkippedDurationMs":0}
[17:36:36.986] INFO: txe:top_level_context Created block 7 with timestamp 1789493797
[billboard_test] Testing c03::c03_real_post_rejects_zero_nonce ... [0m[32mok[0m
[17:36:37.525] INFO: kv-store:lmdb-v2 Starting data store with maxReaders 2
[17:36:37.526] INFO: world-state:database Creating world state data store at directory /var/folders/ym/q1vh2x5n58xbsmpmvs5_6w3r0000gn/T/aztec-world-state-qaFTnf/world_state with map sizes {"archiveTreeMapSizeKb":10485760,"nullifierTreeMapSizeKb":10485760,"noteHashTreeMapSizeKb":10485760,"messageTreeMapSizeKb":10485760,"publicDataTreeMapSizeKb":10485760} and 2 threads (ephemeral=true).
[17:36:37.535] INFO: txe_node Aztec Node version: txe
[17:36:37.535] INFO: txe_node Aztec Node started on chain 0x1
[17:36:37.547] INFO: txe:top_level_context Created block 1 with timestamp 1789490197
[17:36:37.588] INFO: txe:top_level_context Created block 2 with timestamp 1789490197
[17:36:37.661] INFO: simulator:public-processor Processed 1 successful txs and 0 failed txs (0 silently skipped, 0ms wasted) in 0.040111999999993715s {"blockNumber":3,"successfulCount":1,"failedCount":0,"duration":0.040111999999993715,"rate":80677852.01437244,"totalPublicGas":{"daGas":4000,"l2Gas":3236150},"totalBlockGas":{"daGas":4000,"l2Gas":3236150},"totalSizeInBytes":4128,"silentlySkippedCount":0,"silentlySkippedDurationMs":0}
[17:36:37.774] INFO: simulator:public-processor Processed 1 successful txs and 0 failed txs (0 silently skipped, 0ms wasted) in 0.013814083000004758s {"blockNumber":4,"successfulCount":1,"failedCount":0,"duration":0.013814083000004758,"rate":82566464.9618514,"totalPublicGas":{"daGas":192,"l2Gas":1140580},"totalBlockGas":{"daGas":320,"l2Gas":1731380},"totalSizeInBytes":320,"silentlySkippedCount":0,"silentlySkippedDurationMs":0}
[17:36:37.802] INFO: txe:top_level_context Created block 5 with timestamp 1789490197
[17:36:37.955] INFO: simulator:public-processor Processed 1 successful txs and 0 failed txs (0 silently skipped, 0ms wasted) in 0.003811583000002429s {"blockNumber":6,"successfulCount":1,"failedCount":0,"duration":0.003811583000002429,"rate":0,"totalPublicGas":{"daGas":0,"l2Gas":0},"totalBlockGas":{"daGas":1984,"l2Gas":529900},"totalSizeInBytes":1984,"silentlySkippedCount":0,"silentlySkippedDurationMs":0}
[17:36:37.983] INFO: txe:top_level_context Created block 7 with timestamp 1789493798
[17:36:38.374] INFO: simulator:public-processor Processed 1 successful txs and 0 failed txs (0 silently skipped, 0ms wasted) in 0.02708749999999418s {"blockNumber":8,"successfulCount":1,"failedCount":0,"duration":0.02708749999999418,"rate":71895413.013398,"totalPublicGas":{"daGas":2368,"l2Gas":1947467},"totalBlockGas":{"daGas":3744,"l2Gas":2674217},"totalSizeInBytes":3744,"silentlySkippedCount":0,"silentlySkippedDurationMs":0}
[17:36:38.404] INFO: simulator:public-processor Processed 1 successful txs and 0 failed txs (0 silently skipped, 0ms wasted) in 0.004367666999984067s {"blockNumber":9,"successfulCount":1,"failedCount":0,"duration":0.004367666999984067,"rate":2649240.4297402278,"totalPublicGas":{"daGas":0,"l2Gas":11571},"totalBlockGas":{"daGas":0,"l2Gas":11571},"totalSizeInBytes":128,"silentlySkippedCount":0,"silentlySkippedDurationMs":0}
[17:36:38.686] INFO: txe:top_level_context Created block 9 with timestamp 1789497399
[billboard_test] Testing c03::c03_reused_nonce_rejects_duplicate_public_id ... [0m[32mok[0m
[17:36:39.040] INFO: simulator:public-processor Processed 1 successful txs and 0 failed txs (0 silently skipped, 0ms wasted) in 0.0065026669999933805s {"blockNumber":10,"successfulCount":1,"failedCount":0,"duration":0.0065026669999933805,"rate":4643018.0109224,"totalPublicGas":{"daGas":0,"l2Gas":30192},"totalBlockGas":{"daGas":1376,"l2Gas":756942},"totalSizeInBytes":128,"silentlySkippedCount":0,"silentlySkippedDurationMs":0}
[17:36:39.044] INFO: kv-store:lmdb-v2 Starting data store with maxReaders 2
[17:36:39.044] WARN: txe:top_level_context Could not find function artifact in contract Billboard for function '0xdcbccbbf' when enriching error callstack
[17:36:39.045] INFO: world-state:database Creating world state data store at directory /var/folders/ym/q1vh2x5n58xbsmpmvs5_6w3r0000gn/T/aztec-world-state-epHtBm/world_state with map sizes {"archiveTreeMapSizeKb":10485760,"nullifierTreeMapSizeKb":10485760,"noteHashTreeMapSizeKb":10485760,"messageTreeMapSizeKb":10485760,"publicDataTreeMapSizeKb":10485760} and 2 threads (ephemeral=true).
[17:36:39.054] INFO: txe_node Aztec Node version: txe
[17:36:39.054] INFO: txe_node Aztec Node started on chain 0x1
[17:36:39.065] INFO: txe:top_level_context Created block 1 with timestamp 1789490199
[17:36:39.097] INFO: txe:top_level_context Created block 2 with timestamp 1789490199
[17:36:39.161] INFO: simulator:public-processor Processed 1 successful txs and 0 failed txs (0 silently skipped, 0ms wasted) in 0.03735591699997894s {"blockNumber":3,"successfulCount":1,"failedCount":0,"duration":0.03735591699997894,"rate":86630184.98520125,"totalPublicGas":{"daGas":4000,"l2Gas":3236150},"totalBlockGas":{"daGas":4000,"l2Gas":3236150},"totalSizeInBytes":4128,"silentlySkippedCount":0,"silentlySkippedDurationMs":0}
[17:36:39.262] INFO: simulator:public-processor Processed 1 successful txs and 0 failed txs (0 silently skipped, 0ms wasted) in 0.013500292000011542s {"blockNumber":4,"successfulCount":1,"failedCount":0,"duration":0.013500292000011542,"rate":84485580.01553039,"totalPublicGas":{"daGas":192,"l2Gas":1140580},"totalBlockGas":{"daGas":320,"l2Gas":1731380},"totalSizeInBytes":320,"silentlySkippedCount":0,"silentlySkippedDurationMs":0}
[17:36:39.294] INFO: txe:top_level_context Created block 5 with timestamp 1789490199
[17:36:39.445] INFO: simulator:public-processor Processed 1 successful txs and 0 failed txs (0 silently skipped, 0ms wasted) in 0.003722708999994211s {"blockNumber":6,"successfulCount":1,"failedCount":0,"duration":0.003722708999994211,"rate":0,"totalPublicGas":{"daGas":0,"l2Gas":0},"totalBlockGas":{"daGas":1984,"l2Gas":529900},"totalSizeInBytes":1984,"silentlySkippedCount":0,"silentlySkippedDurationMs":0}
[17:36:39.740] INFO: txe:top_level_context Created block 7 with timestamp 1789490199
[17:36:39.895] INFO: simulator:public-processor Processed 1 successful txs and 0 failed txs (0 silently skipped, 0ms wasted) in 0.0036867919999931473s {"blockNumber":8,"successfulCount":1,"failedCount":0,"duration":0.0036867919999931473,"rate":0,"totalPublicGas":{"daGas":0,"l2Gas":0},"totalBlockGas":{"daGas":1984,"l2Gas":529900},"totalSizeInBytes":1984,"silentlySkippedCount":0,"silentlySkippedDurationMs":0}
[17:36:40.344] INFO: txe:top_level_context Created block 9 with timestamp 1789490199
[17:36:40.515] INFO: kv-store:lmdb-v2 Starting data store with maxReaders 2
[17:36:40.518] INFO: simulator:public-processor Processed 1 successful txs and 0 failed txs (0 silently skipped, 0ms wasted) in 0.006116542000003392s {"blockNumber":10,"successfulCount":1,"failedCount":0,"duration":0.006116542000003392,"rate":0,"totalPublicGas":{"daGas":0,"l2Gas":0},"totalBlockGas":{"daGas":1984,"l2Gas":529900},"totalSizeInBytes":1984,"silentlySkippedCount":0,"silentlySkippedDurationMs":0}
[17:36:40.519] INFO: world-state:database Creating world state data store at directory /var/folders/ym/q1vh2x5n58xbsmpmvs5_6w3r0000gn/T/aztec-world-state-nZnZss/world_state with map sizes {"archiveTreeMapSizeKb":10485760,"nullifierTreeMapSizeKb":10485760,"noteHashTreeMapSizeKb":10485760,"messageTreeMapSizeKb":10485760,"publicDataTreeMapSizeKb":10485760} and 2 threads (ephemeral=true).
[17:36:40.528] INFO: txe_node Aztec Node version: txe
[17:36:40.528] INFO: txe_node Aztec Node started on chain 0x1
[17:36:40.567] INFO: txe:top_level_context Created block 1 with timestamp 1789490200
[17:36:40.669] INFO: txe:top_level_context Created block 2 with timestamp 1789490200
[17:36:40.856] INFO: simulator:public-processor Processed 1 successful txs and 0 failed txs (0 silently skipped, 0ms wasted) in 0.0034562499999883584s {"blockNumber":4,"successfulCount":1,"failedCount":0,"duration":0.0034562499999883584,"rate":0,"totalPublicGas":{"daGas":0,"l2Gas":0},"totalBlockGas":{"daGas":800,"l2Gas":483700},"totalSizeInBytes":800,"silentlySkippedCount":0,"silentlySkippedDurationMs":0}
[17:36:41.169] ERROR: world-state:database Call BATCH_INSERT failed: Error: Unable to insert values into tree NullifierTree leaf type NullifierLeafValue is not updateable and 0x10d498cdab733e5d313a0e8e7f6d2c5b3fa741654a0c24f918d1346e29d4c52e is already present: [Error: Unable to insert values into tree NullifierTree leaf type NullifierLeafValue is not updateable and 0x10d498cdab733e5d313a0e8e7f6d2c5b3fa741654a0c24f918d1346e29d4c52e is already present] {"treeId":"NULLIFIER_TREE","forkId":5,"leavesCount":64}
[17:36:41.169] WARN: simulator:public-processor Failed to process tx 0x04f9654563449afc00d1ea56429adaac5dd49c79fe4e086a0f7c9f731e3d8133: Transaction 0x04f9654563449afc00d1ea56429adaac5dd49c79fe4e086a0f7c9f731e3d8133 failed with duplicate nullifiers Error: Transaction 0x04f9654563449afc00d1ea56429adaac5dd49c79fe4e086a0f7c9f731e3d8133 failed with duplicate nullifiers
    at PublicProcessor.doTreeInsertionsForPrivateOnlyTx (file:///Users/zac/Documents/ChatGPT/Anonymous%20Message%20Board/aztec_experiments/node_modules/@aztec/simulator/dest/public/public_processor/public_processor.js:765:19)
    at async PublicProcessor.processPrivateOnlyTx (file:///Users/zac/Documents/ChatGPT/Anonymous%20Message%20Board/aztec_experiments/node_modules/@aztec/simulator/dest/public/public_processor/public_processor.js:834:9)
    at async file:///Users/zac/Documents/ChatGPT/Anonymous%20Message%20Board/aztec_experiments/node_modules/@aztec/telemetry-client/dest/telemetry.js:35:33
    at async PublicProcessor.processTxWithinDeadline (file:///Users/zac/Documents/ChatGPT/Anonymous%20Message%20Board/aztec_experiments/node_modules/@aztec/simulator/dest/public/public_processor/public_processor.js:784:20)
    at async elapsed (file:///Users/zac/Documents/ChatGPT/Anonymous%20Message%20Board/aztec_experiments/node_modules/@aztec/foundation/dest/timer/elapsed.js:8:20)
    at async PublicProcessor.processTx (file:///Users/zac/Documents/ChatGPT/Anonymous%20Message%20Board/aztec_experiments/node_modules/@aztec/simulator/dest/public/public_processor/public_processor.js:731:64)
    at async file:///Users/zac/Documents/ChatGPT/Anonymous%20Message%20Board/aztec_experiments/node_modules/@aztec/telemetry-client/dest/telemetry.js:35:33
    at async elapsed (file:///Users/zac/Documents/ChatGPT/Anonymous%20Message%20Board/aztec_experiments/node_modules/@aztec/foundation/dest/timer/elapsed.js:8:20)
    at async PublicProcessor.process (file:///Users/zac/Documents/ChatGPT/Anonymous%20Message%20Board/aztec_experiments/node_modules/@aztec/simulator/dest/public/public_processor/public_processor.js:580:88)
    at async TXEOracleTopLevelContext.privateCallNewFlow (file:///Users/zac/Documents/ChatGPT/Anonymous%20Message%20Board/aztec_experiments/node_modules/@aztec/txe/dest/oracle/txe_oracle_top_level_context.js:434:25)
[17:36:41.170] INFO: simulator:public-processor Processed 0 successful txs and 1 failed txs (0 silently skipped, 0ms wasted) in 0.006023042000015267s {"blockNumber":5,"successfulCount":0,"failedCount":1,"duration":0.006023042000015267,"rate":0,"totalPublicGas":{"daGas":0,"l2Gas":0},"totalBlockGas":{"daGas":0,"l2Gas":0},"totalSizeInBytes":0,"silentlySkippedCount":0,"silentlySkippedDurationMs":0}
[17:36:41.335] INFO: txe:top_level_context Created block 11 with timestamp 1789490199
[17:36:41.523] INFO: simulator:public-processor Processed 1 successful txs and 0 failed txs (0 silently skipped, 0ms wasted) in 0.003819832999986829s {"blockNumber":12,"successfulCount":1,"failedCount":0,"duration":0.003819832999986829,"rate":0,"totalPublicGas":{"daGas":0,"l2Gas":0},"totalBlockGas":{"daGas":1984,"l2Gas":529900},"totalSizeInBytes":1984,"silentlySkippedCount":0,"silentlySkippedDurationMs":0}
[17:36:42.286] INFO: txe:top_level_context Created block 13 with timestamp 1789490199
[17:36:42.480] INFO: simulator:public-processor Processed 1 successful txs and 0 failed txs (0 silently skipped, 0ms wasted) in 0.00379891700000735s {"blockNumber":14,"successfulCount":1,"failedCount":0,"duration":0.00379891700000735,"rate":0,"totalPublicGas":{"daGas":0,"l2Gas":0},"totalBlockGas":{"daGas":1984,"l2Gas":529900},"totalSizeInBytes":1984,"silentlySkippedCount":0,"silentlySkippedDurationMs":0}
[17:36:42.640] INFO: kv-store:lmdb-v2 Starting data store with maxReaders 2
[17:36:42.641] INFO: world-state:database Creating world state data store at directory /var/folders/ym/q1vh2x5n58xbsmpmvs5_6w3r0000gn/T/aztec-world-state-6KtSka/world_state with map sizes {"archiveTreeMapSizeKb":10485760,"nullifierTreeMapSizeKb":10485760,"noteHashTreeMapSizeKb":10485760,"messageTreeMapSizeKb":10485760,"publicDataTreeMapSizeKb":10485760} and 2 threads (ephemeral=true).
[17:36:42.677] INFO: txe_node Aztec Node version: txe
[17:36:42.677] INFO: txe_node Aztec Node started on chain 0x1
[17:36:42.705] INFO: txe:top_level_context Created block 1 with timestamp 1789490202
[17:36:42.736] INFO: txe:top_level_context Created block 2 with timestamp 1789490202
[17:36:43.494] INFO: txe:top_level_context Created block 15 with timestamp 1789490199
[17:36:43.698] INFO: simulator:public-processor Processed 1 successful txs and 0 failed txs (0 silently skipped, 0ms wasted) in 0.003924166999990121s {"blockNumber":16,"successfulCount":1,"failedCount":0,"duration":0.003924166999990121,"rate":0,"totalPublicGas":{"daGas":0,"l2Gas":0},"totalBlockGas":{"daGas":1984,"l2Gas":529900},"totalSizeInBytes":1984,"silentlySkippedCount":0,"silentlySkippedDurationMs":0}
[17:36:44.306] INFO: kv-store:lmdb-v2 Starting data store with maxReaders 2
[17:36:44.307] INFO: world-state:database Creating world state data store at directory /var/folders/ym/q1vh2x5n58xbsmpmvs5_6w3r0000gn/T/aztec-world-state-YkPFG0/world_state with map sizes {"archiveTreeMapSizeKb":10485760,"nullifierTreeMapSizeKb":10485760,"noteHashTreeMapSizeKb":10485760,"messageTreeMapSizeKb":10485760,"publicDataTreeMapSizeKb":10485760} and 2 threads (ephemeral=true).
[17:36:44.315] INFO: txe_node Aztec Node version: txe
[17:36:44.315] INFO: txe_node Aztec Node started on chain 0x1
[17:36:44.328] INFO: txe:top_level_context Created block 1 with timestamp 1789490204
[17:36:44.409] INFO: txe:top_level_context Created block 2 with timestamp 1789490204
[17:36:44.673] INFO: simulator:public-processor Processed 1 successful txs and 0 failed txs (0 silently skipped, 0ms wasted) in 0.003572875000012573s {"blockNumber":4,"successfulCount":1,"failedCount":0,"duration":0.003572875000012573,"rate":0,"totalPublicGas":{"daGas":0,"l2Gas":0},"totalBlockGas":{"daGas":800,"l2Gas":483700},"totalSizeInBytes":800,"silentlySkippedCount":0,"silentlySkippedDurationMs":0}
[17:36:45.057] INFO: txe:top_level_context Created block 17 with timestamp 1789490199
[17:36:45.277] INFO: simulator:public-processor Processed 1 successful txs and 0 failed txs (0 silently skipped, 0ms wasted) in 0.003948457999998937s {"blockNumber":18,"successfulCount":1,"failedCount":0,"duration":0.003948457999998937,"rate":0,"totalPublicGas":{"daGas":0,"l2Gas":0},"totalBlockGas":{"daGas":1984,"l2Gas":529900},"totalSizeInBytes":1984,"silentlySkippedCount":0,"silentlySkippedDurationMs":0}
[17:36:46.367] INFO: kv-store:lmdb-v2 Starting data store with maxReaders 2
[17:36:46.368] INFO: world-state:database Creating world state data store at directory /var/folders/ym/q1vh2x5n58xbsmpmvs5_6w3r0000gn/T/aztec-world-state-W3dz2Z/world_state with map sizes {"archiveTreeMapSizeKb":10485760,"nullifierTreeMapSizeKb":10485760,"noteHashTreeMapSizeKb":10485760,"messageTreeMapSizeKb":10485760,"publicDataTreeMapSizeKb":10485760} and 2 threads (ephemeral=true).
[17:36:46.377] INFO: txe_node Aztec Node version: txe
[17:36:46.377] INFO: txe_node Aztec Node started on chain 0x1
[17:36:46.390] INFO: txe:top_level_context Created block 1 with timestamp 1789490206
[17:36:46.457] INFO: txe:top_level_context Created block 2 with timestamp 1789490206
[17:36:46.626] INFO: simulator:public-processor Processed 1 successful txs and 0 failed txs (0 silently skipped, 0ms wasted) in 0.011829041999997571s {"blockNumber":4,"successfulCount":1,"failedCount":0,"duration":0.011829041999997571,"rate":0,"totalPublicGas":{"daGas":0,"l2Gas":0},"totalBlockGas":{"daGas":800,"l2Gas":483700},"totalSizeInBytes":800,"silentlySkippedCount":0,"silentlySkippedDurationMs":0}
[17:36:46.798] INFO: txe:top_level_context Created block 19 with timestamp 1789490199
[17:36:47.026] INFO: simulator:public-processor Processed 1 successful txs and 0 failed txs (0 silently skipped, 0ms wasted) in 0.003804708000010578s {"blockNumber":20,"successfulCount":1,"failedCount":0,"duration":0.003804708000010578,"rate":0,"totalPublicGas":{"daGas":0,"l2Gas":0},"totalBlockGas":{"daGas":1984,"l2Gas":529900},"totalSizeInBytes":1984,"silentlySkippedCount":0,"silentlySkippedDurationMs":0}
[17:36:48.186] INFO: kv-store:lmdb-v2 Starting data store with maxReaders 2
[17:36:48.187] INFO: world-state:database Creating world state data store at directory /var/folders/ym/q1vh2x5n58xbsmpmvs5_6w3r0000gn/T/aztec-world-state-XlhB3e/world_state with map sizes {"archiveTreeMapSizeKb":10485760,"nullifierTreeMapSizeKb":10485760,"noteHashTreeMapSizeKb":10485760,"messageTreeMapSizeKb":10485760,"publicDataTreeMapSizeKb":10485760} and 2 threads (ephemeral=true).
[17:36:48.216] INFO: txe_node Aztec Node version: txe
[17:36:48.216] INFO: txe_node Aztec Node started on chain 0x1
[17:36:48.228] INFO: txe:top_level_context Created block 1 with timestamp 1789490208
[17:36:48.258] INFO: txe:top_level_context Created block 2 with timestamp 1789490208
[17:36:48.777] INFO: txe:top_level_context Created block 21 with timestamp 1789490199
[17:36:49.017] INFO: simulator:public-processor Processed 1 successful txs and 0 failed txs (0 silently skipped, 0ms wasted) in 0.004022375000000466s {"blockNumber":22,"successfulCount":1,"failedCount":0,"duration":0.004022375000000466,"rate":0,"totalPublicGas":{"daGas":0,"l2Gas":0},"totalBlockGas":{"daGas":1984,"l2Gas":529900},"totalSizeInBytes":1984,"silentlySkippedCount":0,"silentlySkippedDurationMs":0}
[17:36:49.834] INFO: kv-store:lmdb-v2 Starting data store with maxReaders 2
[17:36:49.834] INFO: world-state:database Creating world state data store at directory /var/folders/ym/q1vh2x5n58xbsmpmvs5_6w3r0000gn/T/aztec-world-state-dyVIcP/world_state with map sizes {"archiveTreeMapSizeKb":10485760,"nullifierTreeMapSizeKb":10485760,"noteHashTreeMapSizeKb":10485760,"messageTreeMapSizeKb":10485760,"publicDataTreeMapSizeKb":10485760} and 2 threads (ephemeral=true).
[17:36:49.843] INFO: txe_node Aztec Node version: txe
[17:36:49.843] INFO: txe_node Aztec Node started on chain 0x1
[17:36:49.855] INFO: txe:top_level_context Created block 1 with timestamp 1789490209
[17:36:49.906] INFO: txe:top_level_context Created block 2 with timestamp 1789490209
[17:36:51.032] INFO: txe:top_level_context Created block 23 with timestamp 1789490199
[17:36:51.283] INFO: simulator:public-processor Processed 1 successful txs and 0 failed txs (0 silently skipped, 0ms wasted) in 0.0039859160000050905s {"blockNumber":24,"successfulCount":1,"failedCount":0,"duration":0.0039859160000050905,"rate":0,"totalPublicGas":{"daGas":0,"l2Gas":0},"totalBlockGas":{"daGas":1984,"l2Gas":529900},"totalSizeInBytes":1984,"silentlySkippedCount":0,"silentlySkippedDurationMs":0}
[17:36:51.478] INFO: kv-store:lmdb-v2 Starting data store with maxReaders 2
[17:36:51.479] INFO: world-state:database Creating world state data store at directory /var/folders/ym/q1vh2x5n58xbsmpmvs5_6w3r0000gn/T/aztec-world-state-jsPS03/world_state with map sizes {"archiveTreeMapSizeKb":10485760,"nullifierTreeMapSizeKb":10485760,"noteHashTreeMapSizeKb":10485760,"messageTreeMapSizeKb":10485760,"publicDataTreeMapSizeKb":10485760} and 2 threads (ephemeral=true).
[17:36:51.536] INFO: txe_node Aztec Node version: txe
[17:36:51.536] INFO: txe_node Aztec Node started on chain 0x1
[17:36:51.578] INFO: txe:top_level_context Created block 1 with timestamp 1789490211
[17:36:51.609] INFO: txe:top_level_context Created block 2 with timestamp 1789490211
[17:36:53.191] INFO: kv-store:lmdb-v2 Starting data store with maxReaders 2
[17:36:53.191] INFO: world-state:database Creating world state data store at directory /var/folders/ym/q1vh2x5n58xbsmpmvs5_6w3r0000gn/T/aztec-world-state-00H7L5/world_state with map sizes {"archiveTreeMapSizeKb":10485760,"nullifierTreeMapSizeKb":10485760,"noteHashTreeMapSizeKb":10485760,"messageTreeMapSizeKb":10485760,"publicDataTreeMapSizeKb":10485760} and 2 threads (ephemeral=true).
[17:36:53.200] INFO: txe_node Aztec Node version: txe
[17:36:53.200] INFO: txe_node Aztec Node started on chain 0x1
[17:36:53.212] INFO: txe:top_level_context Created block 1 with timestamp 1789490213
[17:36:53.293] INFO: txe:top_level_context Created block 2 with timestamp 1789490213
[17:36:53.694] INFO: txe:top_level_context Created block 25 with timestamp 1789493800
[17:36:53.716] INFO: simulator:public-processor Processed 1 successful txs and 0 failed txs (0 silently skipped, 0ms wasted) in 0.004472833000007085s {"blockNumber":26,"successfulCount":1,"failedCount":0,"duration":0.004472833000007085,"rate":1973246.0389167266,"totalPublicGas":{"daGas":0,"l2Gas":8826},"totalBlockGas":{"daGas":0,"l2Gas":8826},"totalSizeInBytes":128,"silentlySkippedCount":0,"silentlySkippedDurationMs":0}
[17:36:54.192] INFO: simulator:public-processor Processed 1 successful txs and 0 failed txs (0 silently skipped, 0ms wasted) in 0.02754437499999767s {"blockNumber":26,"successfulCount":1,"failedCount":0,"duration":0.02754437499999767,"rate":70702893.05893362,"totalPublicGas":{"daGas":2368,"l2Gas":1947467},"totalBlockGas":{"daGas":3744,"l2Gas":2674217},"totalSizeInBytes":3744,"silentlySkippedCount":0,"silentlySkippedDurationMs":0}
[17:36:54.223] INFO: simulator:public-processor Processed 1 successful txs and 0 failed txs (0 silently skipped, 0ms wasted) in 0.004572332999989158s {"blockNumber":27,"successfulCount":1,"failedCount":0,"duration":0.004572332999989158,"rate":1930305.6011058094,"totalPublicGas":{"daGas":0,"l2Gas":8826},"totalBlockGas":{"daGas":0,"l2Gas":8826},"totalSizeInBytes":128,"silentlySkippedCount":0,"silentlySkippedDurationMs":0}
[17:36:54.238] INFO: simulator:public-processor Processed 1 successful txs and 0 failed txs (0 silently skipped, 0ms wasted) in 0.004500333000003593s {"blockNumber":27,"successfulCount":1,"failedCount":0,"duration":0.004500333000003593,"rate":2571143.0687441933,"totalPublicGas":{"daGas":0,"l2Gas":11571},"totalBlockGas":{"daGas":0,"l2Gas":11571},"totalSizeInBytes":128,"silentlySkippedCount":0,"silentlySkippedDurationMs":0}
[17:36:54.253] INFO: simulator:public-processor Processed 1 successful txs and 0 failed txs (0 silently skipped, 0ms wasted) in 0.004504042000015034s {"blockNumber":27,"successfulCount":1,"failedCount":0,"duration":0.004504042000015034,"rate":2293273.46413855,"totalPublicGas":{"daGas":0,"l2Gas":10329},"totalBlockGas":{"daGas":0,"l2Gas":10329},"totalSizeInBytes":128,"silentlySkippedCount":0,"silentlySkippedDurationMs":0}
[17:36:54.271] INFO: simulator:public-processor Processed 1 successful txs and 0 failed txs (0 silently skipped, 0ms wasted) in 0.007655916999996407s {"blockNumber":27,"successfulCount":1,"failedCount":0,"duration":0.007655916999996407,"rate":20119340.374258537,"totalPublicGas":{"daGas":0,"l2Gas":154032},"totalBlockGas":{"daGas":0,"l2Gas":154032},"totalSizeInBytes":128,"silentlySkippedCount":0,"silentlySkippedDurationMs":0}
[17:36:54.289] INFO: simulator:public-processor Processed 1 successful txs and 0 failed txs (0 silently skipped, 0ms wasted) in 0.006449083999992581s {"blockNumber":27,"successfulCount":1,"failedCount":0,"duration":0.006449083999992581,"rate":1970512.4014533875,"totalPublicGas":{"daGas":0,"l2Gas":12708},"totalBlockGas":{"daGas":0,"l2Gas":12708},"totalSizeInBytes":128,"silentlySkippedCount":0,"silentlySkippedDurationMs":0}
[17:36:54.305] INFO: simulator:public-processor Processed 1 successful txs and 0 failed txs (0 silently skipped, 0ms wasted) in 0.004558333000022685s {"blockNumber":27,"successfulCount":1,"failedCount":0,"duration":0.004558333000022685,"rate":2823400.5720810546,"totalPublicGas":{"daGas":0,"l2Gas":12870},"totalBlockGas":{"daGas":0,"l2Gas":12870},"totalSizeInBytes":128,"silentlySkippedCount":0,"silentlySkippedDurationMs":0}
[17:36:56.983] INFO: simulator:public-processor Processed 1 successful txs and 0 failed txs (0 silently skipped, 0ms wasted) in 0.026918375000008384s {"blockNumber":27,"successfulCount":1,"failedCount":0,"duration":0.026918375000008384,"rate":72347123.47975661,"totalPublicGas":{"daGas":2368,"l2Gas":1947467},"totalBlockGas":{"daGas":3744,"l2Gas":2674217},"totalSizeInBytes":3744,"silentlySkippedCount":0,"silentlySkippedDurationMs":0}
[17:36:57.013] INFO: simulator:public-processor Processed 1 successful txs and 0 failed txs (0 silently skipped, 0ms wasted) in 0.00417554199998267s {"blockNumber":28,"successfulCount":1,"failedCount":0,"duration":0.00417554199998267,"rate":2113737.5698859286,"totalPublicGas":{"daGas":0,"l2Gas":8826},"totalBlockGas":{"daGas":0,"l2Gas":8826},"totalSizeInBytes":128,"silentlySkippedCount":0,"silentlySkippedDurationMs":0}
[17:36:57.028] INFO: simulator:public-processor Processed 1 successful txs and 0 failed txs (0 silently skipped, 0ms wasted) in 0.004294499999989057s {"blockNumber":28,"successfulCount":1,"failedCount":0,"duration":0.004294499999989057,"rate":2694376.528124225,"totalPublicGas":{"daGas":0,"l2Gas":11571},"totalBlockGas":{"daGas":0,"l2Gas":11571},"totalSizeInBytes":128,"silentlySkippedCount":0,"silentlySkippedDurationMs":0}
[17:36:57.042] INFO: simulator:public-processor Processed 1 successful txs and 0 failed txs (0 silently skipped, 0ms wasted) in 0.004157792000012705s {"blockNumber":28,"successfulCount":1,"failedCount":0,"duration":0.004157792000012705,"rate":2484251.2564285174,"totalPublicGas":{"daGas":0,"l2Gas":10329},"totalBlockGas":{"daGas":0,"l2Gas":10329},"totalSizeInBytes":128,"silentlySkippedCount":0,"silentlySkippedDurationMs":0}
[17:36:57.059] INFO: simulator:public-processor Processed 1 successful txs and 0 failed txs (0 silently skipped, 0ms wasted) in 0.00734375s {"blockNumber":28,"successfulCount":1,"failedCount":0,"duration":0.00734375,"rate":20974570.21276596,"totalPublicGas":{"daGas":0,"l2Gas":154032},"totalBlockGas":{"daGas":0,"l2Gas":154032},"totalSizeInBytes":128,"silentlySkippedCount":0,"silentlySkippedDurationMs":0}
[17:36:57.074] INFO: simulator:public-processor Processed 1 successful txs and 0 failed txs (0 silently skipped, 0ms wasted) in 0.004321874999994179s {"blockNumber":28,"successfulCount":1,"failedCount":0,"duration":0.004321874999994179,"rate":2940390.455535413,"totalPublicGas":{"daGas":0,"l2Gas":12708},"totalBlockGas":{"daGas":0,"l2Gas":12708},"totalSizeInBytes":128,"silentlySkippedCount":0,"silentlySkippedDurationMs":0}
[17:36:57.088] INFO: simulator:public-processor Processed 1 successful txs and 0 failed txs (0 silently skipped, 0ms wasted) in 0.0042862090000126045s {"blockNumber":28,"successfulCount":1,"failedCount":0,"duration":0.0042862090000126045,"rate":3002653.3937010895,"totalPublicGas":{"daGas":0,"l2Gas":12870},"totalBlockGas":{"daGas":0,"l2Gas":12870},"totalSizeInBytes":128,"silentlySkippedCount":0,"silentlySkippedDurationMs":0}
[17:36:59.579] INFO: simulator:public-processor Processed 1 successful txs and 0 failed txs (0 silently skipped, 0ms wasted) in 0.027182832999998935s {"blockNumber":28,"successfulCount":1,"failedCount":0,"duration":0.027182832999998935,"rate":71643268.38192606,"totalPublicGas":{"daGas":2368,"l2Gas":1947467},"totalBlockGas":{"daGas":3744,"l2Gas":2674217},"totalSizeInBytes":3744,"silentlySkippedCount":0,"silentlySkippedDurationMs":0}
[17:36:59.609] INFO: simulator:public-processor Processed 1 successful txs and 0 failed txs (0 silently skipped, 0ms wasted) in 0.004437208999996074s {"blockNumber":29,"successfulCount":1,"failedCount":0,"duration":0.004437208999996074,"rate":1989088.185841102,"totalPublicGas":{"daGas":0,"l2Gas":8826},"totalBlockGas":{"daGas":0,"l2Gas":8826},"totalSizeInBytes":128,"silentlySkippedCount":0,"silentlySkippedDurationMs":0}
[17:36:59.623] INFO: simulator:public-processor Processed 1 successful txs and 0 failed txs (0 silently skipped, 0ms wasted) in 0.004385958000028041s {"blockNumber":29,"successfulCount":1,"failedCount":0,"duration":0.004385958000028041,"rate":2638192.157773974,"totalPublicGas":{"daGas":0,"l2Gas":11571},"totalBlockGas":{"daGas":0,"l2Gas":11571},"totalSizeInBytes":128,"silentlySkippedCount":0,"silentlySkippedDurationMs":0}
[17:36:59.638] INFO: simulator:public-processor Processed 1 successful txs and 0 failed txs (0 silently skipped, 0ms wasted) in 0.004237708000000566s {"blockNumber":29,"successfulCount":1,"failedCount":0,"duration":0.004237708000000566,"rate":2437402.4826624724,"totalPublicGas":{"daGas":0,"l2Gas":10329},"totalBlockGas":{"daGas":0,"l2Gas":10329},"totalSizeInBytes":128,"silentlySkippedCount":0,"silentlySkippedDurationMs":0}
[17:36:59.655] INFO: simulator:public-processor Processed 1 successful txs and 0 failed txs (0 silently skipped, 0ms wasted) in 0.007167417000018759s {"blockNumber":29,"successfulCount":1,"failedCount":0,"duration":0.007167417000018759,"rate":21490587.194744892,"totalPublicGas":{"daGas":0,"l2Gas":154032},"totalBlockGas":{"daGas":0,"l2Gas":154032},"totalSizeInBytes":128,"silentlySkippedCount":0,"silentlySkippedDurationMs":0}
[17:36:59.669] INFO: simulator:public-processor Processed 1 successful txs and 0 failed txs (0 silently skipped, 0ms wasted) in 0.004257457999978215s {"blockNumber":29,"successfulCount":1,"failedCount":0,"duration":0.004257457999978215,"rate":2984879.7099266807,"totalPublicGas":{"daGas":0,"l2Gas":12708},"totalBlockGas":{"daGas":0,"l2Gas":12708},"totalSizeInBytes":128,"silentlySkippedCount":0,"silentlySkippedDurationMs":0}
[17:36:59.684] INFO: simulator:public-processor Processed 1 successful txs and 0 failed txs (0 silently skipped, 0ms wasted) in 0.004378249999979744s {"blockNumber":29,"successfulCount":1,"failedCount":0,"duration":0.004378249999979744,"rate":2939530.634399485,"totalPublicGas":{"daGas":0,"l2Gas":12870},"totalBlockGas":{"daGas":0,"l2Gas":12870},"totalSizeInBytes":128,"silentlySkippedCount":0,"silentlySkippedDurationMs":0}
[17:37:02.140] INFO: simulator:public-processor Processed 1 successful txs and 0 failed txs (0 silently skipped, 0ms wasted) in 0.02686074999999255s {"blockNumber":29,"successfulCount":1,"failedCount":0,"duration":0.02686074999999255,"rate":72502331.4687989,"totalPublicGas":{"daGas":2368,"l2Gas":1947467},"totalBlockGas":{"daGas":3744,"l2Gas":2674217},"totalSizeInBytes":3744,"silentlySkippedCount":0,"silentlySkippedDurationMs":0}
[17:37:02.170] INFO: simulator:public-processor Processed 1 successful txs and 0 failed txs (0 silently skipped, 0ms wasted) in 0.004350457999971695s {"blockNumber":30,"successfulCount":1,"failedCount":0,"duration":0.004350457999971695,"rate":2028751.9153287823,"totalPublicGas":{"daGas":0,"l2Gas":8826},"totalBlockGas":{"daGas":0,"l2Gas":8826},"totalSizeInBytes":128,"silentlySkippedCount":0,"silentlySkippedDurationMs":0}
[17:37:02.184] INFO: simulator:public-processor Processed 1 successful txs and 0 failed txs (0 silently skipped, 0ms wasted) in 0.004271249999990687s {"blockNumber":30,"successfulCount":1,"failedCount":0,"duration":0.004271249999990687,"rate":2709043.0201990586,"totalPublicGas":{"daGas":0,"l2Gas":11571},"totalBlockGas":{"daGas":0,"l2Gas":11571},"totalSizeInBytes":128,"silentlySkippedCount":0,"silentlySkippedDurationMs":0}
[17:37:02.198] INFO: simulator:public-processor Processed 1 successful txs and 0 failed txs (0 silently skipped, 0ms wasted) in 0.004268500000005588s {"blockNumber":30,"successfulCount":1,"failedCount":0,"duration":0.004268500000005588,"rate":2419819.608758692,"totalPublicGas":{"daGas":0,"l2Gas":10329},"totalBlockGas":{"daGas":0,"l2Gas":10329},"totalSizeInBytes":128,"silentlySkippedCount":0,"silentlySkippedDurationMs":0}
[17:37:02.215] INFO: simulator:public-processor Processed 1 successful txs and 0 failed txs (0 silently skipped, 0ms wasted) in 0.006984915999986697s {"blockNumber":30,"successfulCount":1,"failedCount":0,"duration":0.006984915999986697,"rate":22052090.533414196,"totalPublicGas":{"daGas":0,"l2Gas":154032},"totalBlockGas":{"daGas":0,"l2Gas":154032},"totalSizeInBytes":128,"silentlySkippedCount":0,"silentlySkippedDurationMs":0}
[17:37:02.229] INFO: simulator:public-processor Processed 1 successful txs and 0 failed txs (0 silently skipped, 0ms wasted) in 0.004230999999999767s {"blockNumber":30,"successfulCount":1,"failedCount":0,"duration":0.004230999999999767,"rate":3003545.261167738,"totalPublicGas":{"daGas":0,"l2Gas":12708},"totalBlockGas":{"daGas":0,"l2Gas":12708},"totalSizeInBytes":128,"silentlySkippedCount":0,"silentlySkippedDurationMs":0}
[17:37:02.244] INFO: simulator:public-processor Processed 1 successful txs and 0 failed txs (0 silently skipped, 0ms wasted) in 0.004173500000004424s {"blockNumber":30,"successfulCount":1,"failedCount":0,"duration":0.004173500000004424,"rate":3083742.6620309954,"totalPublicGas":{"daGas":0,"l2Gas":12870},"totalBlockGas":{"daGas":0,"l2Gas":12870},"totalSizeInBytes":128,"silentlySkippedCount":0,"silentlySkippedDurationMs":0}
[17:37:04.709] INFO: simulator:public-processor Processed 1 successful txs and 0 failed txs (0 silently skipped, 0ms wasted) in 0.026799124999990456s {"blockNumber":30,"successfulCount":1,"failedCount":0,"duration":0.026799124999990456,"rate":72669051.69481069,"totalPublicGas":{"daGas":2368,"l2Gas":1947467},"totalBlockGas":{"daGas":3744,"l2Gas":2674217},"totalSizeInBytes":3744,"silentlySkippedCount":0,"silentlySkippedDurationMs":0}
[17:37:04.739] INFO: simulator:public-processor Processed 1 successful txs and 0 failed txs (0 silently skipped, 0ms wasted) in 0.004349291999998968s {"blockNumber":31,"successfulCount":1,"failedCount":0,"duration":0.004349291999998968,"rate":2029295.8026276678,"totalPublicGas":{"daGas":0,"l2Gas":8826},"totalBlockGas":{"daGas":0,"l2Gas":8826},"totalSizeInBytes":128,"silentlySkippedCount":0,"silentlySkippedDurationMs":0}
[17:37:04.753] INFO: simulator:public-processor Processed 1 successful txs and 0 failed txs (0 silently skipped, 0ms wasted) in 0.004178249999997206s {"blockNumber":31,"successfulCount":1,"failedCount":0,"duration":0.004178249999997206,"rate":2769341.2313786247,"totalPublicGas":{"daGas":0,"l2Gas":11571},"totalBlockGas":{"daGas":0,"l2Gas":11571},"totalSizeInBytes":128,"silentlySkippedCount":0,"silentlySkippedDurationMs":0}
[17:37:04.768] INFO: simulator:public-processor Processed 1 successful txs and 0 failed txs (0 silently skipped, 0ms wasted) in 0.004325249999994412s {"blockNumber":31,"successfulCount":1,"failedCount":0,"duration":0.004325249999994412,"rate":2388070.0537572037,"totalPublicGas":{"daGas":0,"l2Gas":10329},"totalBlockGas":{"daGas":0,"l2Gas":10329},"totalSizeInBytes":128,"silentlySkippedCount":0,"silentlySkippedDurationMs":0}
[17:37:04.785] INFO: simulator:public-processor Processed 1 successful txs and 0 failed txs (0 silently skipped, 0ms wasted) in 0.007092082999995909s {"blockNumber":31,"successfulCount":1,"failedCount":0,"duration":0.007092082999995909,"rate":21718865.952370953,"totalPublicGas":{"daGas":0,"l2Gas":154032},"totalBlockGas":{"daGas":0,"l2Gas":154032},"totalSizeInBytes":128,"silentlySkippedCount":0,"silentlySkippedDurationMs":0}
[17:37:04.799] INFO: simulator:public-processor Processed 1 successful txs and 0 failed txs (0 silently skipped, 0ms wasted) in 0.004299625000014203s {"blockNumber":31,"successfulCount":1,"failedCount":0,"duration":0.004299625000014203,"rate":2955606.5935885157,"totalPublicGas":{"daGas":0,"l2Gas":12708},"totalBlockGas":{"daGas":0,"l2Gas":12708},"totalSizeInBytes":128,"silentlySkippedCount":0,"silentlySkippedDurationMs":0}
[17:37:04.813] INFO: simulator:public-processor Processed 1 successful txs and 0 failed txs (0 silently skipped, 0ms wasted) in 0.004253624999983004s {"blockNumber":31,"successfulCount":1,"failedCount":0,"duration":0.004253624999983004,"rate":3025654.588745229,"totalPublicGas":{"daGas":0,"l2Gas":12870},"totalBlockGas":{"daGas":0,"l2Gas":12870},"totalSizeInBytes":128,"silentlySkippedCount":0,"silentlySkippedDurationMs":0}
[17:37:07.274] INFO: simulator:public-processor Processed 1 successful txs and 0 failed txs (0 silently skipped, 0ms wasted) in 0.026448207999987063s {"blockNumber":31,"successfulCount":1,"failedCount":0,"duration":0.026448207999987063,"rate":73633230.65218455,"totalPublicGas":{"daGas":2368,"l2Gas":1947467},"totalBlockGas":{"daGas":3744,"l2Gas":2674217},"totalSizeInBytes":3744,"silentlySkippedCount":0,"silentlySkippedDurationMs":0}
[17:37:07.304] INFO: simulator:public-processor Processed 1 successful txs and 0 failed txs (0 silently skipped, 0ms wasted) in 0.0042459580000140705s {"blockNumber":32,"successfulCount":1,"failedCount":0,"duration":0.0042459580000140705,"rate":2078682.831994747,"totalPublicGas":{"daGas":0,"l2Gas":8826},"totalBlockGas":{"daGas":0,"l2Gas":8826},"totalSizeInBytes":128,"silentlySkippedCount":0,"silentlySkippedDurationMs":0}
[17:37:07.318] INFO: simulator:public-processor Processed 1 successful txs and 0 failed txs (0 silently skipped, 0ms wasted) in 0.004355749999987893s {"blockNumber":32,"successfulCount":1,"failedCount":0,"duration":0.004355749999987893,"rate":2656488.5496257045,"totalPublicGas":{"daGas":0,"l2Gas":11571},"totalBlockGas":{"daGas":0,"l2Gas":11571},"totalSizeInBytes":128,"silentlySkippedCount":0,"silentlySkippedDurationMs":0}
[17:37:07.333] INFO: simulator:public-processor Processed 1 successful txs and 0 failed txs (0 silently skipped, 0ms wasted) in 0.004324000000022352s {"blockNumber":32,"successfulCount":1,"failedCount":0,"duration":0.004324000000022352,"rate":2388760.407018179,"totalPublicGas":{"daGas":0,"l2Gas":10329},"totalBlockGas":{"daGas":0,"l2Gas":10329},"totalSizeInBytes":128,"silentlySkippedCount":0,"silentlySkippedDurationMs":0}
[17:37:07.350] INFO: simulator:public-processor Processed 1 successful txs and 0 failed txs (0 silently skipped, 0ms wasted) in 0.007064916000002995s {"blockNumber":32,"successfulCount":1,"failedCount":0,"duration":0.007064916000002995,"rate":21802382.36377258,"totalPublicGas":{"daGas":0,"l2Gas":154032},"totalBlockGas":{"daGas":0,"l2Gas":154032},"totalSizeInBytes":128,"silentlySkippedCount":0,"silentlySkippedDurationMs":0}
[17:37:07.364] INFO: simulator:public-processor Processed 1 successful txs and 0 failed txs (0 silently skipped, 0ms wasted) in 0.004424208000011276s {"blockNumber":32,"successfulCount":1,"failedCount":0,"duration":0.004424208000011276,"rate":2872378.5138419373,"totalPublicGas":{"daGas":0,"l2Gas":12708},"totalBlockGas":{"daGas":0,"l2Gas":12708},"totalSizeInBytes":128,"silentlySkippedCount":0,"silentlySkippedDurationMs":0}
[17:37:07.379] INFO: simulator:public-processor Processed 1 successful txs and 0 failed txs (0 silently skipped, 0ms wasted) in 0.0045087500000081495s {"blockNumber":32,"successfulCount":1,"failedCount":0,"duration":0.0045087500000081495,"rate":2854449.6811703327,"totalPublicGas":{"daGas":0,"l2Gas":12870},"totalBlockGas":{"daGas":0,"l2Gas":12870},"totalSizeInBytes":128,"silentlySkippedCount":0,"silentlySkippedDurationMs":0}
[17:37:09.907] INFO: simulator:public-processor Processed 1 successful txs and 0 failed txs (0 silently skipped, 0ms wasted) in 0.02783612500000163s {"blockNumber":32,"successfulCount":1,"failedCount":0,"duration":0.02783612500000163,"rate":69961857.11911719,"totalPublicGas":{"daGas":2368,"l2Gas":1947467},"totalBlockGas":{"daGas":3744,"l2Gas":2674217},"totalSizeInBytes":3744,"silentlySkippedCount":0,"silentlySkippedDurationMs":0}
[17:37:09.938] INFO: simulator:public-processor Processed 1 successful txs and 0 failed txs (0 silently skipped, 0ms wasted) in 0.004358500000002095s {"blockNumber":33,"successfulCount":1,"failedCount":0,"duration":0.004358500000002095,"rate":2025008.6038765074,"totalPublicGas":{"daGas":0,"l2Gas":8826},"totalBlockGas":{"daGas":0,"l2Gas":8826},"totalSizeInBytes":128,"silentlySkippedCount":0,"silentlySkippedDurationMs":0}
[17:37:09.952] INFO: simulator:public-processor Processed 1 successful txs and 0 failed txs (0 silently skipped, 0ms wasted) in 0.004298791999986861s {"blockNumber":33,"successfulCount":1,"failedCount":0,"duration":0.004298791999986861,"rate":2691686.408655121,"totalPublicGas":{"daGas":0,"l2Gas":11571},"totalBlockGas":{"daGas":0,"l2Gas":11571},"totalSizeInBytes":128,"silentlySkippedCount":0,"silentlySkippedDurationMs":0}
[17:37:09.967] INFO: simulator:public-processor Processed 1 successful txs and 0 failed txs (0 silently skipped, 0ms wasted) in 0.004596959000016796s {"blockNumber":33,"successfulCount":1,"failedCount":0,"duration":0.004596959000016796,"rate":2246920.1922319215,"totalPublicGas":{"daGas":0,"l2Gas":10329},"totalBlockGas":{"daGas":0,"l2Gas":10329},"totalSizeInBytes":128,"silentlySkippedCount":0,"silentlySkippedDurationMs":0}
[17:37:09.985] INFO: simulator:public-processor Processed 1 successful txs and 0 failed txs (0 silently skipped, 0ms wasted) in 0.00717329200002132s {"blockNumber":33,"successfulCount":1,"failedCount":0,"duration":0.00717329200002132,"rate":21472986.182570316,"totalPublicGas":{"daGas":0,"l2Gas":154032},"totalBlockGas":{"daGas":0,"l2Gas":154032},"totalSizeInBytes":128,"silentlySkippedCount":0,"silentlySkippedDurationMs":0}
[17:37:10.000] INFO: simulator:public-processor Processed 1 successful txs and 0 failed txs (0 silently skipped, 0ms wasted) in 0.004642874999990454s {"blockNumber":33,"successfulCount":1,"failedCount":0,"duration":0.004642874999990454,"rate":2737097.1650165315,"totalPublicGas":{"daGas":0,"l2Gas":12708},"totalBlockGas":{"daGas":0,"l2Gas":12708},"totalSizeInBytes":128,"silentlySkippedCount":0,"silentlySkippedDurationMs":0}
[17:37:10.015] INFO: simulator:public-processor Processed 1 successful txs and 0 failed txs (0 silently skipped, 0ms wasted) in 0.004368249999999534s {"blockNumber":33,"successfulCount":1,"failedCount":0,"duration":0.004368249999999534,"rate":2946259.9439137806,"totalPublicGas":{"daGas":0,"l2Gas":12870},"totalBlockGas":{"daGas":0,"l2Gas":12870},"totalSizeInBytes":128,"silentlySkippedCount":0,"silentlySkippedDurationMs":0}
[17:37:12.516] INFO: simulator:public-processor Processed 1 successful txs and 0 failed txs (0 silently skipped, 0ms wasted) in 0.026783167000045068s {"blockNumber":33,"successfulCount":1,"failedCount":0,"duration":0.026783167000045068,"rate":72712349.5140333,"totalPublicGas":{"daGas":2368,"l2Gas":1947467},"totalBlockGas":{"daGas":3744,"l2Gas":2674217},"totalSizeInBytes":3744,"silentlySkippedCount":0,"silentlySkippedDurationMs":0}
[17:37:12.547] INFO: simulator:public-processor Processed 1 successful txs and 0 failed txs (0 silently skipped, 0ms wasted) in 0.004386249999981374s {"blockNumber":34,"successfulCount":1,"failedCount":0,"duration":0.004386249999981374,"rate":2012197.207190078,"totalPublicGas":{"daGas":0,"l2Gas":8826},"totalBlockGas":{"daGas":0,"l2Gas":8826},"totalSizeInBytes":128,"silentlySkippedCount":0,"silentlySkippedDurationMs":0}
[17:37:12.561] INFO: simulator:public-processor Processed 1 successful txs and 0 failed txs (0 silently skipped, 0ms wasted) in 0.004246624999970664s {"blockNumber":34,"successfulCount":1,"failedCount":0,"duration":0.004246624999970664,"rate":2724752.0089671053,"totalPublicGas":{"daGas":0,"l2Gas":11571},"totalBlockGas":{"daGas":0,"l2Gas":11571},"totalSizeInBytes":128,"silentlySkippedCount":0,"silentlySkippedDurationMs":0}
[17:37:12.576] INFO: simulator:public-processor Processed 1 successful txs and 0 failed txs (0 silently skipped, 0ms wasted) in 0.004298707999987527s {"blockNumber":34,"successfulCount":1,"failedCount":0,"duration":0.004298707999987527,"rate":2402814.9853467527,"totalPublicGas":{"daGas":0,"l2Gas":10329},"totalBlockGas":{"daGas":0,"l2Gas":10329},"totalSizeInBytes":128,"silentlySkippedCount":0,"silentlySkippedDurationMs":0}
[17:37:12.596] INFO: simulator:public-processor Processed 1 successful txs and 0 failed txs (0 silently skipped, 0ms wasted) in 0.009256958000012673s {"blockNumber":34,"successfulCount":1,"failedCount":0,"duration":0.009256958000012673,"rate":16639591.53749959,"totalPublicGas":{"daGas":0,"l2Gas":154032},"totalBlockGas":{"daGas":0,"l2Gas":154032},"totalSizeInBytes":128,"silentlySkippedCount":0,"silentlySkippedDurationMs":0}
[17:37:12.611] INFO: simulator:public-processor Processed 1 successful txs and 0 failed txs (0 silently skipped, 0ms wasted) in 0.004757166000024881s {"blockNumber":34,"successfulCount":1,"failedCount":0,"duration":0.004757166000024881,"rate":2671338.355637271,"totalPublicGas":{"daGas":0,"l2Gas":12708},"totalBlockGas":{"daGas":0,"l2Gas":12708},"totalSizeInBytes":128,"silentlySkippedCount":0,"silentlySkippedDurationMs":0}
[17:37:12.626] INFO: simulator:public-processor Processed 1 successful txs and 0 failed txs (0 silently skipped, 0ms wasted) in 0.004732583000033628s {"blockNumber":34,"successfulCount":1,"failedCount":0,"duration":0.004732583000033628,"rate":2719445.174000868,"totalPublicGas":{"daGas":0,"l2Gas":12870},"totalBlockGas":{"daGas":0,"l2Gas":12870},"totalSizeInBytes":128,"silentlySkippedCount":0,"silentlySkippedDurationMs":0}
[17:37:15.182] INFO: simulator:public-processor Processed 1 successful txs and 0 failed txs (0 silently skipped, 0ms wasted) in 0.026833082999975885s {"blockNumber":34,"successfulCount":1,"failedCount":0,"duration":0.026833082999975885,"rate":72577087.02357274,"totalPublicGas":{"daGas":2368,"l2Gas":1947467},"totalBlockGas":{"daGas":3744,"l2Gas":2674217},"totalSizeInBytes":3744,"silentlySkippedCount":0,"silentlySkippedDurationMs":0}
[17:37:15.212] INFO: simulator:public-processor Processed 1 successful txs and 0 failed txs (0 silently skipped, 0ms wasted) in 0.004322000000043772s {"blockNumber":35,"successfulCount":1,"failedCount":0,"duration":0.004322000000043772,"rate":2042110.1341764492,"totalPublicGas":{"daGas":0,"l2Gas":8826},"totalBlockGas":{"daGas":0,"l2Gas":8826},"totalSizeInBytes":128,"silentlySkippedCount":0,"silentlySkippedDurationMs":0}
[17:37:15.226] INFO: simulator:public-processor Processed 1 successful txs and 0 failed txs (0 silently skipped, 0ms wasted) in 0.004208249999966938s {"blockNumber":35,"successfulCount":1,"failedCount":0,"duration":0.004208249999966938,"rate":2749599.001982037,"totalPublicGas":{"daGas":0,"l2Gas":11571},"totalBlockGas":{"daGas":0,"l2Gas":11571},"totalSizeInBytes":128,"silentlySkippedCount":0,"silentlySkippedDurationMs":0}
[17:37:15.240] INFO: simulator:public-processor Processed 1 successful txs and 0 failed txs (0 silently skipped, 0ms wasted) in 0.0041523750000051225s {"blockNumber":35,"successfulCount":1,"failedCount":0,"duration":0.0041523750000051225,"rate":2487492.0978927137,"totalPublicGas":{"daGas":0,"l2Gas":10329},"totalBlockGas":{"daGas":0,"l2Gas":10329},"totalSizeInBytes":128,"silentlySkippedCount":0,"silentlySkippedDurationMs":0}
[17:37:15.257] INFO: simulator:public-processor Processed 1 successful txs and 0 failed txs (0 silently skipped, 0ms wasted) in 0.007169874999963213s {"blockNumber":35,"successfulCount":1,"failedCount":0,"duration":0.007169874999963213,"rate":21483219.721514016,"totalPublicGas":{"daGas":0,"l2Gas":154032},"totalBlockGas":{"daGas":0,"l2Gas":154032},"totalSizeInBytes":128,"silentlySkippedCount":0,"silentlySkippedDurationMs":0}
[17:37:15.271] INFO: simulator:public-processor Processed 1 successful txs and 0 failed txs (0 silently skipped, 0ms wasted) in 0.004322374999988824s {"blockNumber":35,"successfulCount":1,"failedCount":0,"duration":0.004322374999988824,"rate":2940050.3195657153,"totalPublicGas":{"daGas":0,"l2Gas":12708},"totalBlockGas":{"daGas":0,"l2Gas":12708},"totalSizeInBytes":128,"silentlySkippedCount":0,"silentlySkippedDurationMs":0}
[17:37:15.286] INFO: simulator:public-processor Processed 1 successful txs and 0 failed txs (0 silently skipped, 0ms wasted) in 0.0042172499999869615s {"blockNumber":35,"successfulCount":1,"failedCount":0,"duration":0.0042172499999869615,"rate":3051751.733959284,"totalPublicGas":{"daGas":0,"l2Gas":12870},"totalBlockGas":{"daGas":0,"l2Gas":12870},"totalSizeInBytes":128,"silentlySkippedCount":0,"silentlySkippedDurationMs":0}
[17:37:17.790] INFO: simulator:public-processor Processed 1 successful txs and 0 failed txs (0 silently skipped, 0ms wasted) in 0.027087792000034826s {"blockNumber":35,"successfulCount":1,"failedCount":0,"duration":0.027087792000034826,"rate":71894637.99771854,"totalPublicGas":{"daGas":2368,"l2Gas":1947467},"totalBlockGas":{"daGas":3744,"l2Gas":2674217},"totalSizeInBytes":3744,"silentlySkippedCount":0,"silentlySkippedDurationMs":0}
[17:37:17.819] INFO: simulator:public-processor Processed 1 successful txs and 0 failed txs (0 silently skipped, 0ms wasted) in 0.004203666999994311s {"blockNumber":36,"successfulCount":1,"failedCount":0,"duration":0.004203666999994311,"rate":2099595.4246642143,"totalPublicGas":{"daGas":0,"l2Gas":8826},"totalBlockGas":{"daGas":0,"l2Gas":8826},"totalSizeInBytes":128,"silentlySkippedCount":0,"silentlySkippedDurationMs":0}
[17:37:17.835] INFO: simulator:public-processor Processed 1 successful txs and 0 failed txs (0 silently skipped, 0ms wasted) in 0.0046130830000038255s {"blockNumber":36,"successfulCount":1,"failedCount":0,"duration":0.0046130830000038255,"rate":2508300.8478257176,"totalPublicGas":{"daGas":0,"l2Gas":11571},"totalBlockGas":{"daGas":0,"l2Gas":11571},"totalSizeInBytes":128,"silentlySkippedCount":0,"silentlySkippedDurationMs":0}
[17:37:17.849] INFO: simulator:public-processor Processed 1 successful txs and 0 failed txs (0 silently skipped, 0ms wasted) in 0.004257666999998037s {"blockNumber":36,"successfulCount":1,"failedCount":0,"duration":0.004257666999998037,"rate":2425976.4796083774,"totalPublicGas":{"daGas":0,"l2Gas":10329},"totalBlockGas":{"daGas":0,"l2Gas":10329},"totalSizeInBytes":128,"silentlySkippedCount":0,"silentlySkippedDurationMs":0}
[17:37:17.866] INFO: simulator:public-processor Processed 1 successful txs and 0 failed txs (0 silently skipped, 0ms wasted) in 0.007274916999973357s {"blockNumber":36,"successfulCount":1,"failedCount":0,"duration":0.007274916999973357,"rate":21173025.06689274,"totalPublicGas":{"daGas":0,"l2Gas":154032},"totalBlockGas":{"daGas":0,"l2Gas":154032},"totalSizeInBytes":128,"silentlySkippedCount":0,"silentlySkippedDurationMs":0}
[17:37:17.881] INFO: simulator:public-processor Processed 1 successful txs and 0 failed txs (0 silently skipped, 0ms wasted) in 0.004547416999994312s {"blockNumber":36,"successfulCount":1,"failedCount":0,"duration":0.004547416999994312,"rate":2794553.4794842647,"totalPublicGas":{"daGas":0,"l2Gas":12708},"totalBlockGas":{"daGas":0,"l2Gas":12708},"totalSizeInBytes":128,"silentlySkippedCount":0,"silentlySkippedDurationMs":0}
[17:37:17.895] INFO: simulator:public-processor Processed 1 successful txs and 0 failed txs (0 silently skipped, 0ms wasted) in 0.004253207999980077s {"blockNumber":36,"successfulCount":1,"failedCount":0,"duration":0.004253207999980077,"rate":3025951.234940846,"totalPublicGas":{"daGas":0,"l2Gas":12870},"totalBlockGas":{"daGas":0,"l2Gas":12870},"totalSizeInBytes":128,"silentlySkippedCount":0,"silentlySkippedDurationMs":0}
[billboard_test] Testing c03::c03_ten_distinct_claimed_authors_get_unique_ids_and_live_order_sequentially ... [0m[32mok[0m <43.347s>
[billboard_test] [0m[32m137 tests passed[0m
[private_fee_contract] Running 0 test functions
[private_fee_contract] [0m[32m0 tests passed[0m
[private_fee_test] Running 8 test functions
[private_fee_test] Testing private_fee_claim_cannot_mint_twice ... [0m[32mok[0m
[private_fee_test] Testing private_fee_cold_start_rejects_insufficient_bridge ... [0m[32mok[0m
[private_fee_test] Testing private_fee_mint_credits_only_bound_owner ... [0m[32mok[0m
[private_fee_test] Testing private_fee_outsider_cannot_call_balance_recursion ... [0m[32mok[0m
[private_fee_test] Testing private_fee_unclaimed_bridge_cannot_mint ... [0m[32mok[0m
[private_fee_test] Testing private_fee_unfunded_owner_cannot_pay ... [0m[32mok[0m
[private_fee_test] Testing private_fee_wrong_amount_cannot_inflate_credit ... [0m[32mok[0m
[private_fee_test] Testing private_fee_wrong_owner_cannot_mint_known_salt ... [0m[32mok[0m
[private_fee_test] [0m[32m8 tests passed[0m
[17:37:20.154] INFO: simulator:public-processor Processed 1 successful txs and 0 failed txs (0 silently skipped, 0ms wasted) in 0.018300250000029338s {"blockNumber":36,"successfulCount":1,"failedCount":0,"duration":0.018300250000029338,"rate":67303780.00289753,"totalPublicGas":{"daGas":2176,"l2Gas":1231676},"totalBlockGas":{"daGas":2176,"l2Gas":1231676},"totalSizeInBytes":2304,"silentlySkippedCount":0,"silentlySkippedDurationMs":0}
[17:37:20.184] INFO: simulator:public-processor Processed 1 successful txs and 0 failed txs (0 silently skipped, 0ms wasted) in 0.004349749999993946s {"blockNumber":37,"successfulCount":1,"failedCount":0,"duration":0.004349749999993946,"rate":2991896.085986117,"totalPublicGas":{"daGas":0,"l2Gas":13014},"totalBlockGas":{"daGas":0,"l2Gas":13014},"totalSizeInBytes":128,"silentlySkippedCount":0,"silentlySkippedDurationMs":0}
[17:37:20.199] INFO: simulator:public-processor Processed 1 successful txs and 0 failed txs (0 silently skipped, 0ms wasted) in 0.004397499999962747s {"blockNumber":37,"successfulCount":1,"failedCount":0,"duration":0.004397499999962747,"rate":2631267.7657982996,"totalPublicGas":{"daGas":0,"l2Gas":11571},"totalBlockGas":{"daGas":0,"l2Gas":11571},"totalSizeInBytes":128,"silentlySkippedCount":0,"silentlySkippedDurationMs":0}
[17:37:20.213] INFO: simulator:public-processor Processed 1 successful txs and 0 failed txs (0 silently skipped, 0ms wasted) in 0.004265209000033792s {"blockNumber":37,"successfulCount":1,"failedCount":0,"duration":0.004265209000033792,"rate":3051198.6633941955,"totalPublicGas":{"daGas":0,"l2Gas":13014},"totalBlockGas":{"daGas":0,"l2Gas":13014},"totalSizeInBytes":128,"silentlySkippedCount":0,"silentlySkippedDurationMs":0}
[17:37:20.227] INFO: simulator:public-processor Processed 1 successful txs and 0 failed txs (0 silently skipped, 0ms wasted) in 0.00413491600000998s {"blockNumber":37,"successfulCount":1,"failedCount":0,"duration":0.00413491600000998,"rate":2798363.9812688027,"totalPublicGas":{"daGas":0,"l2Gas":11571},"totalBlockGas":{"daGas":0,"l2Gas":11571},"totalSizeInBytes":128,"silentlySkippedCount":0,"silentlySkippedDurationMs":0}
[17:37:20.242] INFO: simulator:public-processor Processed 1 successful txs and 0 failed txs (0 silently skipped, 0ms wasted) in 0.004527916999999434s {"blockNumber":37,"successfulCount":1,"failedCount":0,"duration":0.004527916999999434,"rate":2874169.292414509,"totalPublicGas":{"daGas":0,"l2Gas":13014},"totalBlockGas":{"daGas":0,"l2Gas":13014},"totalSizeInBytes":128,"silentlySkippedCount":0,"silentlySkippedDurationMs":0}
[17:37:20.256] INFO: simulator:public-processor Processed 1 successful txs and 0 failed txs (0 silently skipped, 0ms wasted) in 0.004355833999987226s {"blockNumber":37,"successfulCount":1,"failedCount":0,"duration":0.004355833999987226,"rate":2656437.320621937,"totalPublicGas":{"daGas":0,"l2Gas":11571},"totalBlockGas":{"daGas":0,"l2Gas":11571},"totalSizeInBytes":128,"silentlySkippedCount":0,"silentlySkippedDurationMs":0}
[17:37:20.270] INFO: simulator:public-processor Processed 1 successful txs and 0 failed txs (0 silently skipped, 0ms wasted) in 0.004195292000018526s {"blockNumber":37,"successfulCount":1,"failedCount":0,"duration":0.004195292000018526,"rate":3102048.677408517,"totalPublicGas":{"daGas":0,"l2Gas":13014},"totalBlockGas":{"daGas":0,"l2Gas":13014},"totalSizeInBytes":128,"silentlySkippedCount":0,"silentlySkippedDurationMs":0}
[17:37:20.284] INFO: simulator:public-processor Processed 1 successful txs and 0 failed txs (0 silently skipped, 0ms wasted) in 0.0042344169999705625s {"blockNumber":37,"successfulCount":1,"failedCount":0,"duration":0.0042344169999705625,"rate":2732607.582125341,"totalPublicGas":{"daGas":0,"l2Gas":11571},"totalBlockGas":{"daGas":0,"l2Gas":11571},"totalSizeInBytes":128,"silentlySkippedCount":0,"silentlySkippedDurationMs":0}
[17:37:20.298] INFO: simulator:public-processor Processed 1 successful txs and 0 failed txs (0 silently skipped, 0ms wasted) in 0.004321999999985565s {"blockNumber":37,"successfulCount":1,"failedCount":0,"duration":0.004321999999985565,"rate":3011105.969468641,"totalPublicGas":{"daGas":0,"l2Gas":13014},"totalBlockGas":{"daGas":0,"l2Gas":13014},"totalSizeInBytes":128,"silentlySkippedCount":0,"silentlySkippedDurationMs":0}
[17:37:20.312] INFO: simulator:public-processor Processed 1 successful txs and 0 failed txs (0 silently skipped, 0ms wasted) in 0.00433320900000399s {"blockNumber":37,"successfulCount":1,"failedCount":0,"duration":0.00433320900000399,"rate":2670307.386509477,"totalPublicGas":{"daGas":0,"l2Gas":11571},"totalBlockGas":{"daGas":0,"l2Gas":11571},"totalSizeInBytes":128,"silentlySkippedCount":0,"silentlySkippedDurationMs":0}
[17:37:20.327] INFO: simulator:public-processor Processed 1 successful txs and 0 failed txs (0 silently skipped, 0ms wasted) in 0.004083957999944687s {"blockNumber":37,"successfulCount":1,"failedCount":0,"duration":0.004083957999944687,"rate":3186614.553865701,"totalPublicGas":{"daGas":0,"l2Gas":13014},"totalBlockGas":{"daGas":0,"l2Gas":13014},"totalSizeInBytes":128,"silentlySkippedCount":0,"silentlySkippedDurationMs":0}
[17:37:20.341] INFO: simulator:public-processor Processed 1 successful txs and 0 failed txs (0 silently skipped, 0ms wasted) in 0.004271624999993946s {"blockNumber":37,"successfulCount":1,"failedCount":0,"duration":0.004271624999993946,"rate":2708805.197089257,"totalPublicGas":{"daGas":0,"l2Gas":11571},"totalBlockGas":{"daGas":0,"l2Gas":11571},"totalSizeInBytes":128,"silentlySkippedCount":0,"silentlySkippedDurationMs":0}
[17:37:20.355] INFO: simulator:public-processor Processed 1 successful txs and 0 failed txs (0 silently skipped, 0ms wasted) in 0.004253415999992285s {"blockNumber":37,"successfulCount":1,"failedCount":0,"duration":0.004253415999992285,"rate":3059658.4016290917,"totalPublicGas":{"daGas":0,"l2Gas":13014},"totalBlockGas":{"daGas":0,"l2Gas":13014},"totalSizeInBytes":128,"silentlySkippedCount":0,"silentlySkippedDurationMs":0}
[17:37:20.369] INFO: simulator:public-processor Processed 1 successful txs and 0 failed txs (0 silently skipped, 0ms wasted) in 0.004249667000025511s {"blockNumber":37,"successfulCount":1,"failedCount":0,"duration":0.004249667000025511,"rate":2722801.5747893983,"totalPublicGas":{"daGas":0,"l2Gas":11571},"totalBlockGas":{"daGas":0,"l2Gas":11571},"totalSizeInBytes":128,"silentlySkippedCount":0,"silentlySkippedDurationMs":0}
[17:37:20.384] INFO: simulator:public-processor Processed 1 successful txs and 0 failed txs (0 silently skipped, 0ms wasted) in 0.0043750829999917185s {"blockNumber":37,"successfulCount":1,"failedCount":0,"duration":0.0043750829999917185,"rate":2974572.139551326,"totalPublicGas":{"daGas":0,"l2Gas":13014},"totalBlockGas":{"daGas":0,"l2Gas":13014},"totalSizeInBytes":128,"silentlySkippedCount":0,"silentlySkippedDurationMs":0}
[17:37:20.398] INFO: simulator:public-processor Processed 1 successful txs and 0 failed txs (0 silently skipped, 0ms wasted) in 0.004403125000011642s {"blockNumber":37,"successfulCount":1,"failedCount":0,"duration":0.004403125000011642,"rate":2627906.3165296027,"totalPublicGas":{"daGas":0,"l2Gas":11571},"totalBlockGas":{"daGas":0,"l2Gas":11571},"totalSizeInBytes":128,"silentlySkippedCount":0,"silentlySkippedDurationMs":0}
[17:37:20.412] INFO: simulator:public-processor Processed 1 successful txs and 0 failed txs (0 silently skipped, 0ms wasted) in 0.004186958000005688s {"blockNumber":37,"successfulCount":1,"failedCount":0,"duration":0.004186958000005688,"rate":3108223.201661521,"totalPublicGas":{"daGas":0,"l2Gas":13014},"totalBlockGas":{"daGas":0,"l2Gas":13014},"totalSizeInBytes":128,"silentlySkippedCount":0,"silentlySkippedDurationMs":0}
[17:37:20.427] INFO: simulator:public-processor Processed 1 successful txs and 0 failed txs (0 silently skipped, 0ms wasted) in 0.004286208000034094s {"blockNumber":37,"successfulCount":1,"failedCount":0,"duration":0.004286208000034094,"rate":2699589.0073248805,"totalPublicGas":{"daGas":0,"l2Gas":11571},"totalBlockGas":{"daGas":0,"l2Gas":11571},"totalSizeInBytes":128,"silentlySkippedCount":0,"silentlySkippedDurationMs":0}
[17:37:20.441] INFO: simulator:public-processor Processed 1 successful txs and 0 failed txs (0 silently skipped, 0ms wasted) in 0.004343042000022251s {"blockNumber":37,"successfulCount":1,"failedCount":0,"duration":0.004343042000022251,"rate":2996517.187706986,"totalPublicGas":{"daGas":0,"l2Gas":13014},"totalBlockGas":{"daGas":0,"l2Gas":13014},"totalSizeInBytes":128,"silentlySkippedCount":0,"silentlySkippedDurationMs":0}
[17:37:20.455] INFO: simulator:public-processor Processed 1 successful txs and 0 failed txs (0 silently skipped, 0ms wasted) in 0.004239415999967605s {"blockNumber":37,"successfulCount":1,"failedCount":0,"duration":0.004239415999967605,"rate":2729385.3681942085,"totalPublicGas":{"daGas":0,"l2Gas":11571},"totalBlockGas":{"daGas":0,"l2Gas":11571},"totalSizeInBytes":128,"silentlySkippedCount":0,"silentlySkippedDurationMs":0}
[17:37:20.469] INFO: simulator:public-processor Processed 1 successful txs and 0 failed txs (0 silently skipped, 0ms wasted) in 0.004232208000030368s {"blockNumber":37,"successfulCount":1,"failedCount":0,"duration":0.004232208000030368,"rate":3062231.3458854114,"totalPublicGas":{"daGas":0,"l2Gas":12960},"totalBlockGas":{"daGas":0,"l2Gas":12960},"totalSizeInBytes":128,"silentlySkippedCount":0,"silentlySkippedDurationMs":0}
[17:37:20.486] INFO: simulator:public-processor Processed 1 successful txs and 0 failed txs (0 silently skipped, 0ms wasted) in 0.007076041999971494s {"blockNumber":37,"successfulCount":1,"failedCount":0,"duration":0.007076041999971494,"rate":21813889.742404275,"totalPublicGas":{"daGas":0,"l2Gas":154356},"totalBlockGas":{"daGas":0,"l2Gas":154356},"totalSizeInBytes":128,"silentlySkippedCount":0,"silentlySkippedDurationMs":0}
